checkfit_json,common_aperture_arcsec,contained,frame_status,galaxy_id,logMstar,logMstar_method_sd,n_intersecting_bricks,n_retained,pair_to_next_abs_delta_background_over_mean_RMS,pair_to_next_abs_delta_common_aperture_arcsec,pair_to_next_abs_delta_log10_Mstar_dex,pair_to_next_abs_delta_stage1_R50_arcsec,pair_to_next_pass,r_background,r_background_rms,reason,safe_radius_arcsec,size_pix,stage1_R50_arcsec,stage1_Rd_arcsec
"{""g"": {}, ""r"": {""FFT coefficients"": true, ""Light symmetry"": true, ""initial fit compare"": true, ""isophote variability"": true}, ""z"": {}}",116.79739093457917,True,success,WALLABY J124747+042017,8.992144540038803,0.18537928544333673,2,65,0.6557306416297498,38.65993639934575,0.04769242403842533,3.7746262941446105,False,0.00164093,0.00137102,,125.61852000000002,1024,42.8795602656511,25.54868601112422
"{""g"": {}, ""r"": {""FFT coefficients"": true, ""Light symmetry"": true, ""initial fit compare"": true, ""isophote variability"": true}, ""z"": {}}",155.45732733392492,True,success,WALLABY J124747+042017,9.039836964077228,0.1615612953713138,2,68,0.29645919718646196,15.545732733392498,0.028390480226200054,1.8742151358277965,False,0.00080388,0.00118201,,159.15452000000002,1280,46.65418655979571,27.797700259427632
"{""g"": {}, ""r"": {""FFT coefficients"": true, ""Light symmetry"": true, ""initial fit compare"": true, ""isophote variability"": true}, ""z"": {}}",171.00306006731742,True,success,WALLABY J124747+042017,9.068227444303428,0.14850347663440439,2,69,0.168112369290784,56.60201288228214,0.04769613487664692,1.777637735966195,False,0.000462485,0.00112114,,192.69052000000002,1536,48.52840169562351,28.914403269577633
"{""g"": {}, ""r"": {""FFT coefficients"": true, ""Light symmetry"": true, ""initial fit compare"": true, ""isophote variability"": true}, ""z"": {}}",227.60507294959956,False,success,WALLABY J124747+042017,9.115923579180075,0.13911797731544273,2,72,0.08487273789207589,22.76050729495995,0.0014637213648622804,1.13980106622936,False,0.000276314,0.0010937,,226.22652000000002,1792,50.3060394315897,29.97356311348366
"{""g"": {}, ""r"": {""FFT coefficients"": true, ""Light symmetry"": true, ""initial fit compare"": true, ""isophote variability"": true}, ""z"": {}}",250.3655802445595,True,success,WALLABY J124747+042017,9.117387300544937,0.13994694705872618,3,73,0.04980305381359434,25.036558024455985,0.018487564217092967,0.24686971938496782,False,0.000183313,0.00109784,,259.76252,2048,51.44584049781906,30.65268433991017
"{""g"": {}, ""r"": {""FFT coefficients"": true, ""Light symmetry"": true, ""initial fit compare"": true, ""isophote variability"": true}, ""z"": {}}",275.4021382690155,True,success,WALLABY J124747+042017,9.13587486476203,0.13716076188642062,3,74,0.02515115888478334,0.0,0.0009281078797425124,0.8241411493198569,False,0.000129071,0.00108042,,293.29852,2304,51.69271021720403,30.799775329350034
"{""g"": {}, ""r"": {""FFT coefficients"": true, ""Light symmetry"": true, ""initial fit compare"": true, ""isophote variability"": true}, ""z"": {}}",275.4021382690155,True,success,WALLABY J124747+042017,9.134946756882288,0.13911271520743074,4,74,0.020478921286815877,0.0,0.005776827381911431,1.3690769912509708,False,0.000102116,0.00106302,,326.83452,2560,52.51685136652389,31.290818691790644
"{""g"": {}, ""r"": {""FFT coefficients"": true, ""Light symmetry"": true, ""initial fit compare"": true, ""isophote variability"": true}, ""z"": {}}",275.4021382690155,True,success,WALLABY J124747+042017,9.1407235842642,0.14067059973735818,4,74,0.004468093362565727,0.0,0.0005835215315173059,0.28110036808040917,True,8.05647e-05,0.00104171,,360.37052,2816,51.14777437527292,30.475089286968714
"{""g"": {}, ""r"": {""FFT coefficients"": true, ""Light symmetry"": true, ""initial fit compare"": true, ""isophote variability"": true}, ""z"": {}}",275.4021382690155,True,success,WALLABY J124747+042017,9.141307105795716,0.14197038779583174,4,74,,,,,,7.59589e-05,0.00101993,,393.90652,3072,51.428874743353326,30.642575730327852
"{""g"": {}, ""r"": {""FFT coefficients"": true, ""Light symmetry"": true, ""initial fit compare"": true, ""isophote variability"": true}, ""z"": {}}",116.79739093457917,True,success,WALLABY J124911+032310,9.001604473697409,0.1483612541813435,4,65,0.21762815310197056,24.52745209626167,0.0019409825900496003,0.3965414776008771,False,0.00040566,0.00125646,,124.04128000000001,1024,18.32041109366817,10.91574698357597
"{""g"": {}, ""r"": {""FFT coefficients"": true, ""Light symmetry"": true, ""initial fit compare"": true, ""isophote variability"": true}, ""z"": {}}",141.32484303084084,True,success,WALLABY J124911+032310,8.99966349110736,0.14905485345621072,4,67,0.06896506479984424,0.0,0.004244311031094128,0.1851753628662003,False,0.000137516,0.00120778,,157.57728000000003,1280,18.716952571269047,11.1520160506757
"{""g"": {}, ""r"": {""FFT coefficients"": true, ""Light symmetry"": true, ""initial fit compare"": true, ""isophote variability"": true}, ""z"": {}}",141.32484303084084,True,success,WALLABY J124911+032310,9.003907802138453,0.14523883481087624,4,67,0.007939735819871629,65.58885965061327,0.006737450002276546,0.09295385372384501,False,5.60455e-05,0.00115488,,191.11328000000003,1536,18.902127934135248,11.262348040405882
"{""g"": {}, ""r"": {""FFT coefficients"": true, ""Light symmetry"": true, ""initial fit compare"": true, ""isophote variability"": true}, ""z"": {}}",206.9137026814541,True,success,WALLABY J124911+032310,9.01064525214073,0.14316743429595166,4,71,0.014865323086644445,65.58885965061327,0.008321508509157027,0.18860291904125148,False,6.51309e-05,0.00113371,,224.64928000000003,1792,18.995081787859093,11.317732209637134
"{""g"": {}, ""r"": {""FFT coefficients"": true, ""Light symmetry"": true, ""initial fit compare"": true, ""isophote variability"": true}, ""z"": {}}",141.32484303084084,True,success,WALLABY J124911+032310,9.002323743631573,0.1461958255760336,4,67,0.004437363182956832,0.0,9.058304621412105e-05,0.03632856393191375,True,8.18338e-05,0.00111352,,258.18528000000003,2048,18.80647886881784,11.205357998485852
"{""g"": {}, ""r"": {""FFT coefficients"": true, ""Light symmetry"": true, ""initial fit compare"": true, ""isophote variability"": true}, ""z"": {}}",141.32484303084084,True,success,WALLABY J124911+032310,9.002414326677787,0.14593802599195463,4,67,,,,,,8.67494e-05,0.00110203,,291.72128000000004,2304,18.842807432749755,11.227003441381752
"{""g"": {}, ""r"": {""FFT coefficients"": true, ""Light symmetry"": true, ""initial fit compare"": true, ""isophote variability"": true}, ""z"": {}}",27.960366776800253,True,success,WALLABY J124935+033620,9.869262316739158,0.17105323077658727,2,50,0.0248136308646009,0.0,0.001075699610808556,0.0067597759083115605,False,8.23673e-05,0.0011355,,128.71012,1024,5.735501084127233,3.417351190334186
"{""g"": {}, ""r"": {""FFT coefficients"": true, ""Light symmetry"": true, ""initial fit compare"": true, ""isophote variability"": true}, ""z"": {}}",27.960366776800253,True,success,WALLABY J124935+033620,9.86818661712835,0.1703332875492552,2,50,0.003582624667744008,0.0,0.0048642089247064035,0.0006974733804598898,True,0.000110467,0.00112936,,162.24612,1280,5.728741308218922,3.413323551265197
"{""g"": {}, ""r"": {""FFT coefficients"": true, ""Light symmetry"": true, ""initial fit compare"": true, ""isophote variability"": true}, ""z"": {}}",27.960366776800253,True,success,WALLABY J124935+033620,9.863322408203643,0.1721237095102817,2,50,,,,,,0.00010641,0.00113546,,195.78212,1536,5.729438781599382,3.413739122886923
"{""g"": {}, ""r"": {""FFT coefficients"": true, ""Light symmetry"": true, ""initial fit compare"": true, ""isophote variability"": true}, ""z"": {}}",27.960366776800253,True,success,WALLABY J124937+074725,9.845389916991493,0.13026820087796445,1,50,0.01386660183159089,0.0,0.015619345857274425,0.365889726172834,False,-1.34955e-05,0.00584422,,129.06382000000002,1024,6.132041525669539,3.6536196401249947
"{""g"": {}, ""r"": {""FFT coefficients"": true, ""Light symmetry"": true, ""initial fit compare"": true, ""isophote variability"": true}, ""z"": {}}",27.960366776800253,True,success,WALLABY J124937+074725,9.829770571134219,0.12104004632953441,1,50,0.0017980880472508072,0.0,0.0028983645910365397,0.15591799696663688,True,6.52105e-05,0.00550766,,162.59982000000002,1280,5.766151799496705,3.435613632815861
"{""g"": {}, ""r"": {""FFT coefficients"": true, ""Light symmetry"": true, ""initial fit compare"": true, ""isophote variability"": true}, ""z"": {}}",27.960366776800253,True,success,WALLABY J124937+074725,9.832668935725255,0.11400380122887598,2,50,,,,,,5.54656e-05,0.00533152,,196.13582000000002,1536,5.610233802530068,3.342713894028777
"{""g"": {}, ""r"": {""FFT coefficients"": false, ""Light symmetry"": false, ""initial fit compare"": true, ""isophote variability"": true}, ""z"": {}}",54.48684486022256,True,success,WALLABY J124947+035042,7.32121797064736,0.1507585249254134,2,57,0.021985429764675563,0.0,0.025183057223317817,0.139636532351874,False,0.000131089,0.00125664,,122.616,1024,14.88432657295282,8.868444166486137
"{""g"": {}, ""r"": {""FFT coefficients"": false, ""Light symmetry"": false, ""initial fit compare"": true, ""isophote variability"": true}, ""z"": {}}",54.48684486022256,True,success,WALLABY J124947+035042,7.3464010278706775,0.1473275763713549,2,57,0.0019708202965583034,0.0,0.01570220172590453,0.09235379190094228,True,0.000157963,0.00118807,,156.15200000000002,1280,15.023963105304693,8.951643012244777
"{""g"": {}, ""r"": {""FFT coefficients"": false, ""Light symmetry"": false, ""initial fit compare"": true, ""isophote variability"": true}, ""z"": {}}",54.48684486022256,True,success,WALLABY J124947+035042,7.362103229596582,0.14559910770508078,2,57,,,,,,0.000155645,0.00116425,,189.68800000000002,1536,14.93160931340375,8.896616374457542
"{""g"": {}, ""r"": {""FFT coefficients"": false, ""Light symmetry"": false, ""initial fit compare"": true, ""isophote variability"": false}, ""z"": {}}",13.043717454748347,True,success,WALLABY J124957+040438,8.759073067487385,0.13282084257147228,2,42,0.0014572582758714163,3.2437794722176605,0.07484409912097512,0.16092413588153498,False,4.62873e-05,0.0011165,,128.29092,1024,6.5398910076383805,3.8966262915474115
"{""g"": {}, ""r"": {""FFT coefficients"": false, ""Light symmetry"": false, ""initial fit compare"": true, ""isophote variability"": false}, ""z"": {}}",9.799937982530686,True,success,WALLABY J124957+040438,8.68422896836641,0.1441766041193873,2,39,0.032306102877474534,5.982960137714814,0.17545052118979676,0.8838568348412732,False,4.78998e-05,0.00109656,,161.82692,1280,6.3789668717568455,3.800743773308476
"{""g"": {}, ""r"": {""FFT coefficients"": false, ""Light symmetry"": false, ""initial fit compare"": true, ""isophote variability"": false}, ""z"": {}}",15.7828981202455,True,success,WALLABY J124957+040438,8.859679489556207,0.11993022703985633,4,44,0.005549901439321635,2.7391806654971536,0.16906719566282646,0.7872398859574483,False,8.2766e-05,0.00106193,,195.36292,1536,7.262823706598119,4.327367195103095
"{""g"": {}, ""r"": {""FFT coefficients"": false, ""Light symmetry"": false, ""initial fit compare"": true, ""isophote variability"": false}, ""z"": {}}",13.043717454748347,True,success,WALLABY J124957+040438,8.69061229389338,0.13063392302987648,4,42,0.005632463620217643,10.064023683103098,0.3052896516922097,1.9018869654133663,False,7.69802e-05,0.00102308,,228.89892,1792,6.47558382064067,3.858310503822805
"{""g"": {}, ""r"": {""FFT coefficients"": false, ""Light symmetry"": false, ""initial fit compare"": true, ""isophote variability"": false}, ""z"": {}}",23.107741137851445,True,success,WALLABY J124957+040438,8.99590194558559,0.12361495487504173,4,48,0.001791968568297268,0.0,0.017785675619819585,0.398520443116098,True,8.27203e-05,0.00101514,,262.43492000000003,2048,8.377470786054037,4.991501063776374
"{""g"": {}, ""r"": {""FFT coefficients"": false, ""Light symmetry"": false, ""initial fit compare"": true, ""isophote variability"": false}, ""z"": {}}",23.107741137851445,True,success,WALLABY J124957+040438,8.97811626996577,0.16115514471356243,4,48,,,,,,8.0916e-05,0.000998623,,295.97092000000004,2304,7.978950342937939,4.754052880840054
"{""g"": {}, ""r"": {""FFT coefficients"": false, ""Light symmetry"": false, ""initial fit compare"": true, ""isophote variability"": true}, ""z"": {}}",59.93552934624482,True,success,WALLABY J125012+073442,10.799762284145391,0.13606030620583145,2,58,0.00194130753519194,5.993552934624489,0.0016862195557436621,0.279518647287226,False,0.000191008,0.00531611,,120.07722000000001,1024,5.422231300809297,3.230697426135624
"{""g"": {}, ""r"": {""FFT coefficients"": false, ""Light symmetry"": false, ""initial fit compare"": true, ""isophote variability"": true}, ""z"": {}}",65.92908228086931,True,success,WALLABY J125012+073442,10.798076064589647,0.1465970262216271,3,59,0.004951832139701114,5.993552934624489,0.017553665830796206,0.00925893518958354,False,0.000200945,0.00492132,,153.61321999999998,1280,5.701749948096523,3.397241441735432
"{""g"": {}, ""r"": {""FFT coefficients"": false, ""Light symmetry"": false, ""initial fit compare"": true, ""isophote variability"": true}, ""z"": {}}",59.93552934624482,True,success,WALLABY J125012+073442,10.780522398758851,0.14605804561068153,4,58,0.017791483452904416,5.993552934624489,0.01669398247296705,0.08917515028146106,False,0.000224284,0.00450509,,187.14921999999999,1536,5.711008883286106,3.402758140752178
"{""g"": {}, ""r"": {""FFT coefficients"": false, ""Light symmetry"": false, ""initial fit compare"": true, ""isophote variability"": true}, ""z"": {}}",65.92908228086931,True,success,WALLABY J125012+073442,10.797216381231818,0.14340810704109444,4,59,0.004372283367228939,5.993552934624489,0.012223009726554324,0.04499986198396755,False,0.000147407,0.00413691,,220.68522,1792,5.621833733004645,3.3496254150334184
"{""g"": {}, ""r"": {""FFT coefficients"": false, ""Light symmetry"": false, ""initial fit compare"": true, ""isophote variability"": true}, ""z"": {}}",59.93552934624482,True,success,WALLABY J125012+073442,10.809439390958373,0.14904955310591492,4,58,0.004682582046420878,0.0,0.017492323162253243,0.17604746905623703,True,0.000129864,0.00388773,,254.22122,2048,5.5768338710206775,3.3228134016347344
"{""g"": {}, ""r"": {""FFT coefficients"": false, ""Light symmetry"": false, ""initial fit compare"": true, ""isophote variability"": true}, ""z"": {}}",59.93552934624482,True,success,WALLABY J125012+073442,10.79194706779612,0.1381116066345076,4,58,,,,,,0.000112056,0.00371833,,287.75722,2304,5.7528813400769145,3.427706769992662
"{""g"": {}, ""r"": {""FFT coefficients"": true, ""Light symmetry"": true, ""initial fit compare"": true, ""isophote variability"": true}, ""z"": {}}",65.92908228086931,True,success,WALLABY J125112+045132,10.864633614808776,0.13821533166363478,4,59,0.021998226241756604,0.0,0.002741989784222909,0.014552491145035873,False,9.12425e-05,0.000995979,,131.36418,1024,9.699820533610174,5.779389239119073
"{""g"": {}, ""r"": {""FFT coefficients"": true, ""Light symmetry"": true, ""initial fit compare"": true, ""isophote variability"": true}, ""z"": {}}",65.92908228086931,True,success,WALLABY J125112+045132,10.861891625024553,0.1399210813710773,4,59,0.005772666509992999,0.0,0.0027396818742708717,0.021442203910115865,True,6.93901e-05,0.000990763,,164.90018,1280,9.685268042465138,5.770718510579862
"{""g"": {}, ""r"": {""FFT coefficients"": true, ""Light symmetry"": true, ""initial fit compare"": true, ""isophote variability"": true}, ""z"": {}}",65.92908228086931,True,success,WALLABY J125112+045132,10.859151943150282,0.14177036050299605,4,59,,,,,,7.51011e-05,0.000987872,,198.43618,1536,9.663825838555022,5.757942723428778
"{""g"": {}, ""r"": {""FFT coefficients"": true, ""Light symmetry"": true, ""initial fit compare"": true, ""isophote variability"": true}, ""z"": {}}",23.107741137851445,True,success,WALLABY J125114+052031,9.462666391504662,0.15132699365835772,4,48,0.020335040421211946,0.0,0.0287605764548573,0.2672752146891195,False,0.00016686,0.00388659,,128.89352000000002,1024,5.865098401016561,3.4945684270916706
"{""g"": {}, ""r"": {""FFT coefficients"": true, ""Light symmetry"": true, ""initial fit compare"": true, ""isophote variability"": true}, ""z"": {}}",23.107741137851445,True,success,WALLABY J125114+052031,9.433905815049805,0.15530653956146265,4,48,0.007169224067270046,0.0,0.006298119653727952,0.027035723747947493,True,9.0543e-05,0.00361937,,162.42952000000002,1280,6.1323736157056805,3.653817507454049
"{""g"": {}, ""r"": {""FFT coefficients"": true, ""Light symmetry"": true, ""initial fit compare"": true, ""isophote variability"": true}, ""z"": {}}",23.107741137851445,True,success,WALLABY J125114+052031,9.440203934703533,0.155924686313431,4,48,,,,,,0.000115558,0.00335907,,195.96552000000003,1536,6.159409339453628,3.669926049912054
"{""g"": {}, ""r"": {""FFT coefficients"": true, ""Light symmetry"": false, ""initial fit compare"": true, ""isophote variability"": true}, ""z"": {}}",13.043717454748347,True,success,WALLABY J125121+063829,9.706977670659334,0.16874562806699372,4,42,0.005521604615000363,0.0,0.011337955103082109,0.016744083670578114,True,0.000195912,0.00513705,,127.6726,1024,3.904037261783109,2.3261204536401348
"{""g"": {}, ""r"": {""FFT coefficients"": true, ""Light symmetry"": false, ""initial fit compare"": true, ""isophote variability"": true}, ""z"": {}}",13.043717454748347,True,success,WALLABY J125121+063829,9.695639715556252,0.16518043481727437,4,42,,,,,,0.000168499,0.00479231,,161.2086,1280,3.887293178112531,2.316143920914675
"{""g"": {}, ""r"": {""FFT coefficients"": true, ""Light symmetry"": true, ""initial fit compare"": true, ""isophote variability"": true}, ""z"": {}}",23.107741137851445,True,success,WALLABY J125133+080241,8.770033030599881,0.16298978920721938,2,48,0.0009934207142659344,2.310774113785147,0.003995705434197916,0.00858866034629635,False,0.000168653,0.00521137,,131.93009999999998,1024,4.385977926872808,2.6132724358919783
"{""g"": {}, ""r"": {""FFT coefficients"": true, ""Light symmetry"": true, ""initial fit compare"": true, ""isophote variability"": true}, ""z"": {}}",25.41851525163659,True,success,WALLABY J125133+080241,8.77402873603408,0.16338215167349954,2,49,0.001471538559023358,0.0,0.0003767790858741904,0.030543272125072463,True,0.000163631,0.00489915,,165.46609999999998,1280,4.394566587219105,2.618389768837659
"{""g"": {}, ""r"": {""FFT coefficients"": true, ""Light symmetry"": true, ""initial fit compare"": true, ""isophote variability"": true}, ""z"": {}}",25.41851525163659,True,success,WALLABY J125133+080241,8.773651956948205,0.16410543455733165,2,49,,,,,,0.000170656,0.00464868,,199.00209999999998,1536,4.425109859344177,2.6365881940183598
"{""g"": {}, ""r"": {""FFT coefficients"": true, ""Light symmetry"": true, ""initial fit compare"": true, ""isophote variability"": true}, ""z"": {}}",25.41851525163659,True,success,WALLABY J125134+055147,10.746620742209737,0.1285047262724771,2,49,0.003110256346738075,0.0,0.002915087232798541,0.03190805170515443,True,0.0002112,0.0044612,,131.40872,1024,5.626924404888049,3.3526585612860615
"{""g"": {}, ""r"": {""FFT coefficients"": true, ""Light symmetry"": true, ""initial fit compare"": true, ""isophote variability"": true}, ""z"": {}}",25.41851525163659,True,success,WALLABY J125134+055147,10.749535829442536,0.1276137535155701,2,49,,,,,,0.000197389,0.00441974,,164.94472,1280,5.595016353182895,3.333646967202744
"{""g"": {}, ""r"": {""FFT coefficients"": true, ""Light symmetry"": true, ""initial fit compare"": true, ""isophote variability"": true}, ""z"": {}}",13.043717454748347,True,success,WALLABY J125156+035954,8.76536932781153,0.15421505525749335,2,42,0.022879716746203507,0.0,0.005183638352960429,0.007083523288382132,False,0.000111252,0.00113354,,130.93712,1024,4.806277380791726,2.86369708372642
"{""g"": {}, ""r"": {""FFT coefficients"": true, ""Light symmetry"": true, ""initial fit compare"": true, ""isophote variability"": true}, ""z"": {}}",13.043717454748347,True,success,WALLABY J125156+035954,8.76018568945857,0.1550771966320942,2,42,0.005496315479693929,0.0,0.005731110338373924,0.009373840399526934,True,8.59857e-05,0.00107508,,164.47312,1280,4.813360904080108,2.867917619366855
"{""g"": {}, ""r"": {""FFT coefficients"": true, ""Light symmetry"": true, ""initial fit compare"": true, ""isophote variability"": true}, ""z"": {}}",13.043717454748347,True,success,WALLABY J125156+035954,8.765916799796944,0.15416040411023485,2,42,,,,,,9.18221e-05,0.00104867,,198.00912,1536,4.822734744479635,2.873502781705326
"{""g"": {}, ""r"": {""FFT coefficients"": true, ""Light symmetry"": true, ""initial fit compare"": true, ""isophote variability"": true}, ""z"": {}}",15.7828981202455,True,success,WALLABY J125243+075643,9.91870307890713,0.1465728946413505,1,44,0.007903173924941543,0.0,0.0011042015173536868,0.032814060768388664,True,0.000276613,0.00522196,,131.67334,1024,5.598464859133826,3.335701671010386
"{""g"": {}, ""r"": {""FFT coefficients"": true, ""Light symmetry"": true, ""initial fit compare"": true, ""isophote variability"": true}, ""z"": {}}",15.7828981202455,True,success,WALLABY J125243+075643,9.919807280424484,0.15192626377674084,1,44,,,,,,0.000235459,0.00519259,,165.20934000000003,1280,5.631278919902215,3.3552530873525233
,,,quality_fail,WALLABY J125308+081035,,,,,,,,,,,,r-band AutoProf outputs missing,,1024,,
,,,quality_fail,WALLABY J125308+081035,,,,,,,,,,,,r-band AutoProf outputs missing,,1280,,
,,,quality_fail,WALLABY J125308+081035,,,,,,,,,,,,r-band AutoProf outputs missing,,1536,,
,,,quality_fail,WALLABY J125308+081035,,,,,,,,,,,,r-band AutoProf outputs missing,,1792,,
,,,quality_fail,WALLABY J125308+081035,,,,,,,,,,,,r-band AutoProf outputs missing,,2048,,
,,,quality_fail,WALLABY J125308+081035,,,,,,,,,,,,r-band AutoProf outputs missing,,2304,,
,,,quality_fail,WALLABY J125308+081035,,,,,,,,,,,,r-band AutoProf outputs missing,,2560,,
,,,quality_fail,WALLABY J125308+081035,,,,,,,,,,,,r-band AutoProf outputs missing,,2816,,
"{""g"": {}, ""r"": {""FFT coefficients"": true, ""Light symmetry"": true, ""initial fit compare"": true, ""isophote variability"": true}, ""z"": {}}",1.3242712146681515,True,success,WALLABY J125308+081035,7.8757733374666135,0.27996635299881845,4,18,,,,,,0.000143743,0.004655,,387.77834,3072,0.5507196341307088,0.328132166594014
"{""g"": {}, ""r"": {""FFT coefficients"": true, ""Light symmetry"": true, ""initial fit compare"": true, ""isophote variability"": true}, ""z"": {}}",25.41851525163659,True,success,WALLABY J125339+040434,7.387786572741129,0.16270771377410292,1,49,0.012243747635781918,0.0,0.0031654235356004534,0.004259109313437648,False,8.10144e-05,0.0017325,,129.30748,1024,7.455520874954859,4.44218085968078
"{""g"": {}, ""r"": {""FFT coefficients"": true, ""Light symmetry"": true, ""initial fit compare"": true, ""isophote variability"": true}, ""z"": {}}",25.41851525163659,True,success,WALLABY J125339+040434,7.39095199627673,0.16737217647948582,1,49,0.006442483624121765,0.0,0.015075196007551916,0.01036590674864879,True,0.000102215,0.00173059,,162.84348,1280,7.451261765641421,4.439643178653691
"{""g"": {}, ""r"": {""FFT coefficients"": true, ""Light symmetry"": true, ""initial fit compare"": true, ""isophote variability"": true}, ""z"": {}}",25.41851525163659,True,success,WALLABY J125339+040434,7.375876800269178,0.17672101489104486,2,49,,,,,,0.000113324,0.00171808,,196.37948,1536,7.46162767239007,4.445819438277183
"{""g"": {}, ""r"": {""FFT coefficients"": true, ""Light symmetry"": true, ""initial fit compare"": true, ""isophote variability"": true}, ""z"": {}}",40.93677299791326,True,success,WALLABY J125413+052149,10.53562253660269,0.13876078865262403,4,54,0.0012526470401241546,0.0,9.065288750775835e-05,0.0013260265594041698,True,0.000289986,0.00310469,,127.69094000000001,1024,6.411883104154739,3.8203560659950835
"{""g"": {}, ""r"": {""FFT coefficients"": true, ""Light symmetry"": true, ""initial fit compare"": true, ""isophote variability"": true}, ""z"": {}}",40.93677299791326,True,success,WALLABY J125413+052149,10.535531883715182,0.13538569819295487,4,54,,,,,,0.000286144,0.00302952,,161.22694,1280,6.413209130714143,3.821146144904446
"{""g"": {}, ""r"": {""FFT coefficients"": true, ""Light symmetry"": true, ""initial fit compare"": true, ""isophote variability"": true}, ""z"": {}}",13.043717454748347,True,success,WALLABY J125441+050734,9.222675716534594,0.16830254854215193,2,42,0.010807194031639943,1.185792495886215,0.00953451589945331,0.05400142391940843,False,0.000184138,0.00415023,,130.15636,1024,3.972401781328157,2.3668536988818527
"{""g"": {}, ""r"": {""FFT coefficients"": true, ""Light symmetry"": true, ""initial fit compare"": true, ""isophote variability"": true}, ""z"": {}}",11.857924958862132,True,success,WALLABY J125441+050734,9.21314120063514,0.16942806155680915,2,41,0.012192143675677709,1.0779931780783762,0.0073794855787507885,0.04593658407641721,False,0.000228313,0.00402488,,163.69236,1280,3.9184003574087485,2.3346783357176046
"{""g"": {}, ""r"": {""FFT coefficients"": true, ""Light symmetry"": true, ""initial fit compare"": true, ""isophote variability"": true}, ""z"": {}}",10.779931780783755,True,success,WALLABY J125441+050734,9.20576171505639,0.17246066984355535,2,40,0.006984994337132305,0.0,0.001879819264379634,0.0025200236417619593,True,0.000179638,0.00395977,,197.22836,1536,3.8724637733323313,2.307308200489513
"{""g"": {}, ""r"": {""FFT coefficients"": true, ""Light symmetry"": true, ""initial fit compare"": true, ""isophote variability"": true}, ""z"": {}}",10.779931780783755,True,success,WALLABY J125441+050734,9.20388189579201,0.1719618023975687,2,40,,,,,,0.000151669,0.00404854,,230.76436,1792,3.8749837969740932,2.3088096919312417
"{""g"": {}, ""r"": {""FFT coefficients"": true, ""Light symmetry"": false, ""initial fit compare"": true, ""isophote variability"": true}, ""z"": {}}",128.4771300280371,False,success,WALLABY J125451+023900,8.250213964378242,0.1588332877712943,4,66,0.004923589483595277,0.0,0.029503503670142095,0.2664980959521621,False,0.000142272,0.00140824,,121.5418,1024,26.5159351754168,15.798839771002053
"{""g"": {}, ""r"": {""FFT coefficients"": true, ""Light symmetry"": false, ""initial fit compare"": true, ""isophote variability"": true}, ""z"": {}}",128.4771300280371,True,success,WALLABY J125451+023900,8.279717468048384,0.1611095324014775,4,66,0.002544133112277941,0.0,0.0030150563044859524,0.3157594960862653,True,0.000135474,0.00135316,,155.0778,1280,26.782433271368962,15.957625825100148
"{""g"": {}, ""r"": {""FFT coefficients"": true, ""Light symmetry"": false, ""initial fit compare"": true, ""isophote variability"": true}, ""z"": {}}",128.4771300280371,True,success,WALLABY J125451+023900,8.276702411743898,0.16253298414897244,4,66,,,,,,0.000132075,0.00131887,,188.6138,1536,26.466673775282697,15.769488629416237
"{""g"": {}, ""r"": {""FFT coefficients"": true, ""Light symmetry"": true, ""initial fit compare"": true, ""isophote variability"": true}, ""z"": {}}",11.857924958862132,True,success,WALLABY J125500+051140,9.45187864142097,0.1749422837810182,2,41,0.0010675492717249326,0.0,0.005970733382156368,0.014446005579779708,True,0.000131224,0.00437991,,130.5546,1024,5.144006513452978,3.0649243237847466
"{""g"": {}, ""r"": {""FFT coefficients"": true, ""Light symmetry"": true, ""initial fit compare"": true, ""isophote variability"": true}, ""z"": {}}",11.857924958862132,True,success,WALLABY J125500+051140,9.445907908038814,0.17042096496498318,2,41,,,,,,0.00012656,0.00435786,,164.0906,1280,5.129560507873198,3.0563170419379597
"{""g"": {}, ""r"": {""FFT coefficients"": true, ""Light symmetry"": true, ""initial fit compare"": true, ""isophote variability"": true}, ""z"": {}}",59.93552934624482,True,success,WALLABY J125507+040229,10.894627303504397,0.13836280765719913,2,58,0.038102748382122215,12.58646116271143,0.011864731710849341,0.6196671348038834,False,0.000304327,0.0049585,,129.37560000000002,1024,8.492746043952213,5.0601848690823505
"{""g"": {}, ""r"": {""FFT coefficients"": true, ""Light symmetry"": true, ""initial fit compare"": true, ""isophote variability"": true}, ""z"": {}}",72.52199050895625,True,success,WALLABY J125507+040229,10.906492035215246,0.13951714577629118,2,60,0.009842442545198202,0.0,0.016329337700375035,0.10084098601746305,True,0.00011951,0.00474248,,162.9116,1280,9.112413178756096,5.429397635268282
"{""g"": {}, ""r"": {""FFT coefficients"": true, ""Light symmetry"": true, ""initial fit compare"": true, ""isophote variability"": true}, ""z"": {}}",72.52199050895625,True,success,WALLABY J125507+040229,10.922821372915621,0.1457780545113965,2,60,,,,,,7.32955e-05,0.00464838,,196.4476,1536,9.21325416477356,5.489481149951061
"{""g"": {}, ""r"": {""FFT coefficients"": true, ""Light symmetry"": true, ""initial fit compare"": true, ""isophote variability"": true}, ""z"": {}}",54.48684486022256,True,success,WALLABY J125515+081543,11.086342500890783,0.13655208218151263,1,57,0.000557636139444726,0.0,0.006014276740916813,0.009526600810445984,True,0.000138076,0.00585422,,129.44634000000002,1024,7.619326051154059,4.539779971886757
"{""g"": {}, ""r"": {""FFT coefficients"": true, ""Light symmetry"": true, ""initial fit compare"": true, ""isophote variability"": true}, ""z"": {}}",54.48684486022256,True,success,WALLABY J125515+081543,11.080328224149866,0.14198006027864613,1,57,,,,,,0.000134795,0.00591331,,162.98234000000002,1280,7.609799450343613,4.534103791176145
"{""g"": {}, ""r"": {""FFT coefficients"": false, ""Light symmetry"": true, ""initial fit compare"": true, ""isophote variability"": true}, ""z"": {}}",65.92908228086931,True,success,WALLABY J125523+075436,9.604873137258448,0.1531268721557207,4,59,0.017124736214331592,0.0,0.005980608484684069,0.09508142843978362,False,9.15766e-05,0.0053685,,130.76682,1024,15.724278145495814,9.368907764025437
"{""g"": {}, ""r"": {""FFT coefficients"": false, ""Light symmetry"": true, ""initial fit compare"": true, ""isophote variability"": true}, ""z"": {}}",65.92908228086931,True,success,WALLABY J125523+075436,9.598892528773764,0.15237563553997932,4,59,0.0030108678742957738,0.0,0.00014167680768117918,0.041491391739310046,True,0.000181165,0.00509454,,164.30282,1280,15.62919671705603,9.312255933977564
"{""g"": {}, ""r"": {""FFT coefficients"": false, ""Light symmetry"": true, ""initial fit compare"": true, ""isophote variability"": true}, ""z"": {}}",65.92908228086931,True,success,WALLABY J125523+075436,9.599034205581445,0.1530313819718463,4,59,,,,,,0.000196455,0.005062,,197.83882,1536,15.58770532531672,9.287534352572697
"{""g"": {}, ""r"": {""FFT coefficients"": true, ""Light symmetry"": false, ""initial fit compare"": false, ""isophote variability"": true}, ""z"": {}}",37.21524817992115,True,success,WALLABY J125548+045901,10.405378011534578,0.12978031357878403,1,53,0.018277094714218615,0.0,0.009857960952070144,0.06324032651425604,False,0.000296509,0.00426467,,133.45756,1024,12.035564898918837,7.171082601220242
"{""g"": {}, ""r"": {""FFT coefficients"": true, ""Light symmetry"": false, ""initial fit compare"": false, ""isophote variability"": true}, ""z"": {}}",37.21524817992115,True,success,WALLABY J125548+045901,10.395520050582508,0.13035579478830964,1,53,0.022181281894120324,0.0,0.010468734717818506,0.07592178275200112,False,0.000374916,0.00431514,,166.99356,1280,12.098805225433093,7.208762727493551
"{""g"": {}, ""r"": {""FFT coefficients"": true, ""Light symmetry"": false, ""initial fit compare"": false, ""isophote variability"": true}, ""z"": {}}",37.21524817992115,True,success,WALLABY J125548+045901,10.405988785300327,0.1286870045316202,1,53,0.012969604072071032,12.318247147553905,0.023187642830338362,0.6862502294097439,False,0.000280463,0.00420132,,200.52956,1536,12.022883442681092,7.163526680833589
"{""g"": {}, ""r"": {""FFT coefficients"": false, ""Light symmetry"": false, ""initial fit compare"": true, ""isophote variability"": true}, ""z"": {}}",49.53349532747505,True,success,WALLABY J125548+045901,10.429176428130665,0.12905778661504966,1,56,0.0123271121124233,12.318247147553905,0.021693310562884704,0.44438210908053044,False,0.000226649,0.00409716,,234.06556,1792,12.709133672090836,7.572411275909444
"{""g"": {}, ""r"": {""FFT coefficients"": true, ""Light symmetry"": false, ""initial fit compare"": true, ""isophote variability"": true}, ""z"": {}}",37.21524817992115,True,success,WALLABY J125548+045901,10.40748311756778,0.1303186946334913,1,53,0.02450201622467859,0.0,0.004436554369855017,0.1471977384339418,False,0.000176092,0.00410541,,267.60156,2048,12.264751563010305,7.307637595780212
"{""g"": {}, ""r"": {""FFT coefficients"": true, ""Light symmetry"": false, ""initial fit compare"": false, ""isophote variability"": true}, ""z"": {}}",37.21524817992115,True,success,WALLABY J125548+045901,10.411919671937635,0.1327049104212436,1,53,0.00877432588037882,12.318247147553905,0.00399779205886297,0.27623168261504105,False,7.27964e-05,0.00432619,,301.13756000000006,2304,12.117553824576364,7.219933599342336
"{""g"": {}, ""r"": {""FFT coefficients"": true, ""Light symmetry"": false, ""initial fit compare"": true, ""isophote variability"": true}, ""z"": {}}",49.53349532747505,True,success,WALLABY J125548+045901,10.415917463996498,0.12981187069827158,2,56,0.000458372587303104,4.503045029770462,0.00011584848926204927,0.1610476389012696,False,3.44676e-05,0.00441039,,334.67356000000007,2560,12.393785507191405,7.384519161361486
"{""g"": {}, ""r"": {""FFT coefficients"": true, ""Light symmetry"": false, ""initial fit compare"": false, ""isophote variability"": true}, ""z"": {}}",45.03045029770459,True,success,WALLABY J125548+045901,10.41603331248576,0.13037232588630684,2,55,0.0031160998492209746,4.503045029770462,0.021455806464011573,0.5224874072521235,False,3.64819e-05,0.00437853,,368.20956000000007,2816,12.232737868290135,7.288563057016418
"{""g"": {}, ""r"": {""FFT coefficients"": true, ""Light symmetry"": false, ""initial fit compare"": false, ""isophote variability"": true}, ""z"": {}}",49.53349532747505,True,success,WALLABY J125548+045901,10.437489118949772,0.12944420729992323,4,56,,,,,,5.00599e-05,0.00433621,,401.74556000000007,3072,12.755225275542259,7.59987377545548
"{""g"": {}, ""r"": {""FFT coefficients"": true, ""Light symmetry"": true, ""initial fit compare"": true, ""isophote variability"": true}, ""z"": {}}",0.9949445639880927,True,success,WALLABY J125603+045202,4.555403159840255,0.1389611476799101,4,15,,,,,,9.58252e-06,0.00387732,,130.72490000000002,1024,0.6856129491823392,0.4085048880002658
,,,quality_fail,WALLABY J125603+045202,,,,,,,,,,,,common uncertainty aperture retains only 0 rows,,1280,,
"{""g"": {}, ""r"": {""FFT coefficients"": true, ""Light symmetry"": true, ""initial fit compare"": true, ""isophote variability"": true}, ""z"": {}}",72.52199050895625,True,success,WALLABY J125603+045202,7.579727630004737,0.12992794712498618,4,60,0.022046621698578822,71.69972227425535,3.120071851139647,31.92980169859661,False,5.62539e-05,0.00401273,,199.24314,1536,32.51989728299669,19.376146575431264
"{""g"": {}, ""r"": {""FFT coefficients"": true, ""Light symmetry"": true, ""initial fit compare"": true, ""isophote variability"": true}, ""z"": {}}",0.8222682347009029,True,success,WALLABY J125603+045202,4.45965577886509,0.1329204361460636,4,13,,,,,,0.000143359,0.00388917,,231.33290000000002,1792,0.5900955844000767,0.3515933164656368
,,,quality_fail,WALLABY J125603+045202,,,,,,,,,,,,common uncertainty aperture retains only 0 rows,,2048,,
"{""g"": {}, ""r"": {""FFT coefficients"": true, ""Light symmetry"": true, ""initial fit compare"": true, ""isophote variability"": true}, ""z"": {}}",0.5105638802000004,True,success,WALLABY J125603+045202,4.223698952556771,0.13283821283247843,4,8,,,,,,0.000154842,0.00376624,,298.77432,2304,0.41172975831408887,0.24531861454346918
,,,quality_fail,WALLABY J125603+045202,,,,,,,,,,,,common uncertainty aperture retains only 0 rows,,2560,,
,,,quality_fail,WALLABY J125603+045202,,,,,,,,,,,,common uncertainty aperture retains only 0 rows,,2816,,
"{""g"": {}, ""r"": {""FFT coefficients"": true, ""Light symmetry"": true, ""initial fit compare"": true, ""isophote variability"": true}, ""z"": {}}",0.9044950581709934,True,success,WALLABY J125603+045202,4.924773044208424,0.20241730867257246,4,14,,,,,,0.000199365,0.00370055,,399.42424,3072,0.6824199565346598,0.40660242523978046
"{""g"": {}, ""r"": {""FFT coefficients"": true, ""Light symmetry"": true, ""initial fit compare"": true, ""isophote variability"": true}, ""z"": {}}",106.17944630416288,True,success,WALLABY J125604+034843,7.2463050483924984,0.1834191717963892,2,64,0.01786116401230563,0.0,0.02435152602142221,0.8234072626770725,False,7.00278e-05,0.00335455,,130.41836,1024,29.48162322545254,17.565868917940435
"{""g"": {}, ""r"": {""FFT coefficients"": true, ""Light symmetry"": true, ""initial fit compare"": true, ""isophote variability"": true}, ""z"": {}}",106.17944630416288,True,success,WALLABY J125604+034843,7.270656574413921,0.19592452607918512,2,64,0.002444860778344234,0.0,0.06476297414408805,0.012603630783747377,False,0.00012977,0.00333507,,163.95436,1280,28.65821596277547,17.07526282302981
"{""g"": {}, ""r"": {""FFT coefficients"": true, ""Light symmetry"": true, ""initial fit compare"": true, ""isophote variability"": true}, ""z"": {}}",106.17944630416288,True,success,WALLABY J125604+034843,7.205893600269833,0.16993719591971446,2,64,0.002137821445357083,0.0,8.674060430813313e-06,0.3309697178045745,True,0.000137913,0.00332625,,197.49036,1536,28.670819593559216,17.082772373116125
"{""g"": {}, ""r"": {""FFT coefficients"": true, ""Light symmetry"": true, ""initial fit compare"": true, ""isophote variability"": true}, ""z"": {}}",106.17944630416288,True,success,WALLABY J125604+034843,7.205902274330263,0.16733564003644286,4,64,,,,,,0.000145077,0.0033759,,231.02636,1792,29.00178931136379,17.27997218922882
"{""g"": {}, ""r"": {""FFT coefficients"": true, ""Light symmetry"": true, ""initial fit compare"": true, ""isophote variability"": true}, ""z"": {}}",14.348089200223182,True,success,WALLABY J125604+064914,7.838109275936613,0.19902080251134677,1,43,0.013870368105662223,1.3043717454748354,0.03207167820769197,0.3077687340406978,False,0.000189992,0.0040039,,131.79648,1024,5.984049041697772,3.565442114945712
"{""g"": {}, ""r"": {""FFT coefficients"": true, ""Light symmetry"": true, ""initial fit compare"": true, ""isophote variability"": true}, ""z"": {}}",13.043717454748347,True,success,WALLABY J125604+064914,7.806037597728921,0.19374051178375792,1,42,0.0146037954617074,0.0,0.004848485381224066,0.008771180673777579,False,0.000246701,0.0041731,,165.33248,1280,5.676280307657074,3.382066009842653
"{""g"": {}, ""r"": {""FFT coefficients"": true, ""Light symmetry"": true, ""initial fit compare"": true, ""isophote variability"": true}, ""z"": {}}",13.043717454748347,True,success,WALLABY J125604+064914,7.801189112347697,0.19499146345524665,2,42,0.00883431763395292,0.0,0.016036631493620668,0.022702017518266615,True,0.000185992,0.00414104,,198.86848,1536,5.685051488330852,3.3872920928433383
"{""g"": {}, ""r"": {""FFT coefficients"": true, ""Light symmetry"": true, ""initial fit compare"": true, ""isophote variability"": true}, ""z"": {}}",13.043717454748347,True,success,WALLABY J125604+064914,7.817225743841318,0.18828286563860452,3,42,,,,,,0.000149949,0.00401873,,232.40448,1792,5.7077535058491184,3.4008185076153166
"{""g"": {}, ""r"": {""FFT coefficients"": false, ""Light symmetry"": false, ""initial fit compare"": true, ""isophote variability"": false}, ""z"": {}}",25.41851525163659,True,success,WALLABY J125605+053051,8.991969106226996,0.14695837523874328,2,49,0.011461302162000446,2.310774113785147,0.009940608517801763,0.08910075718264565,False,0.000162274,0.00343448,,128.35642,1024,10.337033527399642,6.159056255284272
"{""g"": {}, ""r"": {""FFT coefficients"": false, ""Light symmetry"": false, ""initial fit compare"": true, ""isophote variability"": false}, ""z"": {}}",23.107741137851445,True,success,WALLABY J125605+053051,8.982028497709194,0.14849629319312543,2,48,0.0022550008429633246,0.0,0.010708923534357595,0.45190797825496176,True,0.000201543,0.00341797,,161.89242,1280,10.426134284582288,6.21214465578348
"{""g"": {}, ""r"": {""FFT coefficients"": false, ""Light symmetry"": false, ""initial fit compare"": true, ""isophote variability"": false}, ""z"": {}}",23.107741137851445,True,success,WALLABY J125605+053051,8.971319574174837,0.14339422664204324,2,48,,,,,,0.000193919,0.00334389,,195.53584,1536,9.974226306327326,5.942886879564943
"{""g"": {}, ""r"": {""FFT coefficients"": true, ""Light symmetry"": true, ""initial fit compare"": true, ""isophote variability"": true}, ""z"": {}}",65.92908228086931,True,success,WALLABY J125627+060352,10.72802776813536,0.12801633344043226,1,59,0.0055119060829736995,5.993552934624489,0.013041951023991416,0.04967333595131773,False,0.000175819,0.00410162,,131.59474,1024,6.838857186374312,4.074757619880752
"{""g"": {}, ""r"": {""FFT coefficients"": true, ""Light symmetry"": true, ""initial fit compare"": true, ""isophote variability"": true}, ""z"": {}}",59.93552934624482,True,success,WALLABY J125627+060352,10.71498581711137,0.13240036753507406,1,58,0.012310813209896626,5.448684486022259,0.0021720435564418494,0.1109344240675032,False,0.000198419,0.00409881,,165.13074,1280,6.88853052232563,4.104354202856019
"{""g"": {}, ""r"": {""FFT coefficients"": true, ""Light symmetry"": true, ""initial fit compare"": true, ""isophote variability"": true}, ""z"": {}}",54.48684486022256,True,success,WALLABY J125627+060352,10.717157860667811,0.12839504539831925,1,57,0.00037492237935115344,0.0,0.002483829444548391,0.09055096786678707,True,0.000248,0.00395606,,198.66674,1536,6.777596098258127,4.038256772034279
"{""g"": {}, ""r"": {""FFT coefficients"": true, ""Light symmetry"": true, ""initial fit compare"": true, ""isophote variability"": true}, ""z"": {}}",54.48684486022256,True,success,WALLABY J125627+060352,10.71964169011236,0.12595270054240346,4,57,,,,,,0.00024944,0.00372553,,232.20274,1792,6.68704513039134,3.9843043007006314
"{""g"": {}, ""r"": {""FFT coefficients"": true, ""Light symmetry"": true, ""initial fit compare"": true, ""isophote variability"": true}, ""z"": {}}",13.043717454748347,True,success,WALLABY J125636+030211,9.833529435945362,0.1640158914969656,1,42,0.015774289124999744,0.0,0.0027925858962003502,0.031778966295211486,False,0.000232936,0.00483007,,128.78348,1024,2.6444418017880476,1.5756228107286663
"{""g"": {}, ""r"": {""FFT coefficients"": true, ""Light symmetry"": true, ""initial fit compare"": true, ""isophote variability"": true}, ""z"": {}}",13.043717454748347,True,success,WALLABY J125636+030211,9.836322021841562,0.16872868164563734,1,42,0.019955256718942518,0.0,0.007545938445373324,0.02617544802216809,False,0.000155898,0.00493747,,162.31948,1280,2.612662835492836,1.5566881288754841
"{""g"": {}, ""r"": {""FFT coefficients"": true, ""Light symmetry"": true, ""initial fit compare"": true, ""isophote variability"": true}, ""z"": {}}",13.043717454748347,True,success,WALLABY J125636+030211,9.828776083396189,0.1648110444870041,1,42,0.004409012308545836,0.0,0.0035978075572771218,0.005996777332801351,True,0.000252991,0.0047936,,195.85548,1536,2.638838283515004,1.5722840981106112
"{""g"": {}, ""r"": {""FFT coefficients"": true, ""Light symmetry"": true, ""initial fit compare"": true, ""isophote variability"": true}, ""z"": {}}",13.043717454748347,True,success,WALLABY J125636+030211,9.832373890953466,0.16518963386454635,1,42,,,,,,0.000232249,0.00461531,,229.39148,1792,2.6448350608478055,1.575857124051297
"{""g"": {}, ""r"": {""FFT coefficients"": true, ""Light symmetry"": true, ""initial fit compare"": true, ""isophote variability"": true}, ""z"": {}}",14.348089200223182,True,success,WALLABY J125646+034002,7.763537662171702,0.16672386193125135,1,43,0.015687685783773667,0.0,0.0155682151612071,0.040790583484533016,False,0.000162942,0.00385493,,127.71452,1024,6.373321587687654,3.7973801756121883
"{""g"": {}, ""r"": {""FFT coefficients"": true, ""Light symmetry"": true, ""initial fit compare"": true, ""isophote variability"": true}, ""z"": {}}",14.348089200223182,True,success,WALLABY J125646+034002,7.747969447010495,0.1619366895263166,2,43,0.03844348973397375,0.0,0.03362183947738728,0.06489923957912236,False,0.000223317,0.00384219,,161.25052000000002,1280,6.332531004203121,3.7730761528283607
"{""g"": {}, ""r"": {""FFT coefficients"": true, ""Light symmetry"": true, ""initial fit compare"": true, ""isophote variability"": true}, ""z"": {}}",14.348089200223182,True,success,WALLABY J125646+034002,7.714347607533107,0.1698486099942594,2,43,0.02588866637461669,1.3043717454748354,0.049446199708331307,0.19730886765873823,False,0.000371187,0.00385066,,194.78652000000002,1536,6.2676317646239985,3.7344076057608215
"{""g"": {}, ""r"": {""FFT coefficients"": true, ""Light symmetry"": true, ""initial fit compare"": true, ""isophote variability"": true}, ""z"": {}}",13.043717454748347,True,success,WALLABY J125646+034002,7.664901407824776,0.18787639925379798,2,42,0.018002425511404577,0.0,0.014769029321181293,0.08816714010503457,False,0.000470469,0.00381926,,228.32252000000003,1792,6.07032289696526,3.616846178456221
"{""g"": {}, ""r"": {""FFT coefficients"": true, ""Light symmetry"": true, ""initial fit compare"": true, ""isophote variability"": true}, ""z"": {}}",13.043717454748347,True,success,WALLABY J125646+034002,7.650132378503595,0.18392588203052823,2,42,0.005465253477434457,0.0,0.007295727236150462,0.07138425628364775,True,0.00053994,0.0038987,,261.85852,2048,5.982155756860226,3.564314049742981
"{""g"": {}, ""r"": {""FFT coefficients"": true, ""Light symmetry"": true, ""initial fit compare"": true, ""isophote variability"": true}, ""z"": {}}",13.043717454748347,True,success,WALLABY J125646+034002,7.642836651267444,0.20365869404719886,4,42,,,,,,0.000518332,0.00400871,,295.39452,2304,6.0535400131438735,3.6068465276562276
"{""g"": {}, ""r"": {""FFT coefficients"": true, ""Light symmetry"": true, ""initial fit compare"": true, ""isophote variability"": true}, ""z"": {}}",21.007037398046766,True,success,WALLABY J125647+055350,9.61859075987441,0.18440757166000848,2,47,0.009943518210738083,5.224139277801266,0.0419169784688318,0.3278308069372837,False,0.000225211,0.00369039,,127.20624,1024,4.810201543792175,2.8660351955851664
"{""g"": {}, ""r"": {""FFT coefficients"": true, ""Light symmetry"": true, ""initial fit compare"": true, ""isophote variability"": true}, ""z"": {}}",15.7828981202455,True,success,WALLABY J125647+055350,9.576673781405578,0.18910587869731288,2,44,0.008921578579022446,5.224139277801266,0.03646194327618524,0.29594893474246575,False,0.000262454,0.00380052,,160.74224,1280,4.482370736854891,2.6707056189914553
"{""g"": {}, ""r"": {""FFT coefficients"": true, ""Light symmetry"": false, ""initial fit compare"": true, ""isophote variability"": true}, ""z"": {}}",21.007037398046766,True,success,WALLABY J125647+055350,9.613135724681763,0.1746067389561304,2,47,0.0022809341462116934,2.100703739804679,0.024368839252572272,0.08812729177551937,False,0.000229055,0.00368672,,194.27824,1536,4.778319671597357,2.8470391998915097
"{""g"": {}, ""r"": {""FFT coefficients"": true, ""Light symmetry"": false, ""initial fit compare"": true, ""isophote variability"": true}, ""z"": {}}",23.107741137851445,True,success,WALLABY J125647+055350,9.637504563934336,0.1772168143144082,2,48,0.0006311900666256176,0.0,0.009854358294889565,0.003818387723516281,True,0.000237415,0.00364361,,227.81424,1792,4.866446963372876,2.8995475859998225
"{""g"": {}, ""r"": {""FFT coefficients"": true, ""Light symmetry"": false, ""initial fit compare"": true, ""isophote variability"": true}, ""z"": {}}",23.107741137851445,True,success,WALLABY J125647+055350,9.647358922229225,0.17428568360106542,2,48,,,,,,0.000235129,0.00359985,,261.35024,2048,4.86262857564936,2.8972724976264237
"{""g"": {}, ""r"": {""FFT coefficients"": true, ""Light symmetry"": true, ""initial fit compare"": true, ""isophote variability"": true}, ""z"": {}}",33.83204379992831,True,success,WALLABY J125647+055512,10.297694906726154,0.15517368623330458,1,52,0.011893961677994004,20.654801060294254,0.008670774733710473,0.0724764390758561,False,0.000258139,0.0039194,,115.78566,1024,2.822351242777489,1.6816255872985313
"{""g"": {}, ""r"": {""FFT coefficients"": true, ""Light symmetry"": true, ""initial fit compare"": true, ""isophote variability"": true}, ""z"": {}}",54.48684486022256,True,success,WALLABY J125647+055512,10.306365681459864,0.1495620273768856,2,57,0.012547296602919407,0.0,0.012855973644025909,0.017217226228837035,False,0.000212043,0.00383176,,149.32165999999998,1280,2.894827681853345,1.7248088143111628
"{""g"": {}, ""r"": {""FFT coefficients"": true, ""Light symmetry"": true, ""initial fit compare"": true, ""isophote variability"": true}, ""z"": {}}",54.48684486022256,True,success,WALLABY J125647+055512,10.31922165510389,0.15160889282781093,2,57,0.00871992479657528,20.654801060294254,0.02246544318460586,0.07950238939761745,False,0.000165037,0.00366085,,182.85765999999998,1536,2.912044908082182,1.7350672568926138
"{""g"": {}, ""r"": {""FFT coefficients"": true, ""Light symmetry"": true, ""initial fit compare"": true, ""isophote variability"": true}, ""z"": {}}",33.83204379992831,True,success,WALLABY J125647+055512,10.296756211919284,0.15905152077245946,2,52,0.001067987027074529,0.0,0.0010282659676565942,0.004823306188959986,True,0.000196854,0.00363669,,216.39365999999998,1792,2.8325425186845647,1.6876977976148106
"{""g"": {}, ""r"": {""FFT coefficients"": true, ""Light symmetry"": true, ""initial fit compare"": true, ""isophote variability"": true}, ""z"": {}}",33.83204379992831,True,success,WALLABY J125647+055512,10.29778447788694,0.15716644954579115,2,52,,,,,,0.000200743,0.00364617,,249.92966000000004,2048,2.8277192124956048,1.684823954352571
"{""g"": {}, ""r"": {""FFT coefficients"": true, ""Light symmetry"": true, ""initial fit compare"": true, ""isophote variability"": true}, ""z"": {}}",17.361187932270052,True,success,WALLABY J125652+045727,8.893475219813903,0.15353162696796868,1,45,0.005491304133674989,0.0,0.00813716547166976,0.01718511853184257,True,0.000163815,0.00416978,,132.07944,1024,5.524024248836708,3.2913481429617084
"{""g"": {}, ""r"": {""FFT coefficients"": true, ""Light symmetry"": true, ""initial fit compare"": true, ""isophote variability"": true}, ""z"": {}}",17.361187932270052,True,success,WALLABY J125652+045727,8.885338054342233,0.16055263743897696,1,45,,,,,,0.00014096,0.00415429,,165.61544,1280,5.541209367368551,3.301587454995552
"{""g"": {}, ""r"": {""FFT coefficients"": true, ""Light symmetry"": true, ""initial fit compare"": true, ""isophote variability"": true}, ""z"": {}}",59.93552934624482,True,success,WALLABY J125700-171910,9.499893341273582,0.154380965513231,1,58,0.004977100081637165,0.0,0.0007233221413134316,0.053543681573732016,True,0.000189246,0.00213136,,130.91092,1024,14.722051641048914,8.771756811088732
"{""g"": {}, ""r"": {""FFT coefficients"": true, ""Light symmetry"": true, ""initial fit compare"": true, ""isophote variability"": true}, ""z"": {}}",59.93552934624482,True,success,WALLABY J125700-171910,9.500616663414895,0.15525499211953583,1,58,,,,,,0.000200037,0.0022049,,164.44692,1280,14.668507959475182,8.739854181958863
"{""g"": {}, ""r"": {""FFT coefficients"": true, ""Light symmetry"": true, ""initial fit compare"": true, ""isophote variability"": true}, ""z"": {}}",19.09730672549706,True,success,WALLABY J125716+060334,10.401460029824223,0.1509010469556398,2,46,0.005241429969908918,0.0,0.003528302223875457,0.01580441661608223,True,0.000174619,0.00336992,,129.71096000000003,1024,6.346135675583301,3.7811821472747447
"{""g"": {}, ""r"": {""FFT coefficients"": true, ""Light symmetry"": true, ""initial fit compare"": true, ""isophote variability"": true}, ""z"": {}}",19.09730672549706,True,success,WALLABY J125716+060334,10.397931727600348,0.1485370388705284,2,46,,,,,,0.000192743,0.00354575,,163.24696000000003,1280,6.3303312589672185,3.771765491058782
"{""g"": {}, ""r"": {""FFT coefficients"": true, ""Light symmetry"": true, ""initial fit compare"": true, ""isophote variability"": true}, ""z"": {}}",6.08499045801062,True,success,WALLABY J125718+045929,5.953414411124624,0.18463829178948135,2,34,0.007084870292760952,0.0,0.030014172844981424,0.005982167132609906,False,0.000146053,0.00402312,,131.3537,1024,3.171560622328052,1.8896930379674162
"{""g"": {}, ""r"": {""FFT coefficients"": true, ""Light symmetry"": true, ""initial fit compare"": true, ""isophote variability"": true}, ""z"": {}}",6.08499045801062,True,success,WALLABY J125718+045929,5.983428583969605,0.17670481345069616,2,34,0.004376116094336917,0.0,0.0002598282104342431,0.010634403762776135,True,0.000174268,0.00394174,,164.8897,1280,3.177542789460662,1.8932573587951078
"{""g"": {}, ""r"": {""FFT coefficients"": true, ""Light symmetry"": true, ""initial fit compare"": true, ""isophote variability"": true}, ""z"": {}}",6.08499045801062,True,success,WALLABY J125718+045929,5.983168755759171,0.17571350266159655,2,34,,,,,,0.000191324,0.0038533,,198.4257,1536,3.188177193223438,1.8995935954768148
,,,quality_fail,WALLABY J125724-153912,,,,,,,,,,,,g-band forced AutoProf outputs missing,,1024,,
,,,quality_fail,WALLABY J125724-153912,,,,,,,,,,,,g-band forced AutoProf outputs missing,,1280,,
,,,quality_fail,WALLABY J125724-153912,,,,,,,,,,,,g-band forced AutoProf outputs missing,,1536,,
,,,quality_fail,WALLABY J125724-153912,,,,,,,,,,,,g-band forced AutoProf outputs missing,,1792,,
,,,quality_fail,WALLABY J125724-153912,,,,,,,,,,,,g-band forced AutoProf outputs missing,,2048,,
,,,quality_fail,WALLABY J125724-153912,,,,,,,,,,,,g-band forced AutoProf outputs missing,,2304,,
,,,quality_fail,WALLABY J125724-153912,,,,,,,,,,,,g-band forced AutoProf outputs missing,,2560,,
,,,quality_fail,WALLABY J125724-153912,,,,,,,,,,,,g-band forced AutoProf outputs missing,,2816,,
,,,quality_fail,WALLABY J125724-153912,,,,,,,,,,,,g-band forced AutoProf outputs missing,,3072,,
"{""g"": {}, ""r"": {""FFT coefficients"": true, ""Light symmetry"": false, ""initial fit compare"": true, ""isophote variability"": true}, ""z"": {}}",15.7828981202455,True,success,WALLABY J125734+035519,8.642022997189747,0.16825256122733007,1,44,0.0028010990837709147,3.3144086052515593,0.08937430614723851,0.5062226749262457,False,7.42183e-05,0.00568,,128.75990000000002,1024,7.727360156953191,4.604149322469058
"{""g"": {}, ""r"": {""FFT coefficients"": true, ""Light symmetry"": false, ""initial fit compare"": true, ""isophote variability"": true}, ""z"": {}}",19.09730672549706,True,success,WALLABY J125734+035519,8.731397303336985,0.17967883142349936,1,46,0.007427865801062333,0.0,0.02416950703095111,0.19554296022599527,False,8.99736e-05,0.00556937,,162.29590000000002,1280,7.221137482026945,4.302529527553335
"{""g"": {}, ""r"": {""FFT coefficients"": true, ""Light symmetry"": false, ""initial fit compare"": true, ""isophote variability"": true}, ""z"": {}}",19.09730672549706,True,success,WALLABY J125734+035519,8.707227796306034,0.17677326182671474,2,46,0.0004164067574554821,0.0,0.028158093147117924,0.6704125408111326,False,0.000130877,0.00544413,,195.83190000000002,1536,7.41668044225294,4.419038784214292
"{""g"": {}, ""r"": {""FFT coefficients"": true, ""Light symmetry"": false, ""initial fit compare"": true, ""isophote variability"": true}, ""z"": {}}",19.09730672549706,True,success,WALLABY J125734+035519,8.679069703158916,0.1665463512097561,2,46,0.005931055743336236,1.736118793227007,0.03561921377022159,0.8285007800760011,False,0.00013314,0.00542505,,229.36790000000002,1792,8.087092983064073,4.818486898816909
"{""g"": {}, ""r"": {""FFT coefficients"": true, ""Light symmetry"": false, ""initial fit compare"": true, ""isophote variability"": true}, ""z"": {}}",17.361187932270052,True,success,WALLABY J125734+035519,8.714688916929138,0.16142750334155975,2,45,0.0025759295990607435,1.736118793227007,0.007637108663162806,0.08188659713709256,False,0.000165462,0.00547419,,262.9039,2048,7.258592202988072,4.324845962226212
"{""g"": {}, ""r"": {""FFT coefficients"": true, ""Light symmetry"": false, ""initial fit compare"": true, ""isophote variability"": true}, ""z"": {}}",19.09730672549706,True,success,WALLABY J125734+035519,8.7223260255923,0.16994624295822217,2,46,0.002302291995046905,1.736118793227007,0.016012787273394835,0.025189959267593487,False,0.000179767,0.00563248,,296.4399,2304,7.340478800125164,4.373635990524401
"{""g"": {}, ""r"": {""FFT coefficients"": true, ""Light symmetry"": false, ""initial fit compare"": true, ""isophote variability"": true}, ""z"": {}}",17.361187932270052,True,success,WALLABY J125734+035519,8.706313238318906,0.17131307900543136,2,45,0.0012728111736989717,1.736118793227007,0.040619729254004255,0.6926642156587235,False,0.000192847,0.00573011,,329.9759,2560,7.315288840857571,4.358627199483316
"{""g"": {}, ""r"": {""FFT coefficients"": true, ""Light symmetry"": false, ""initial fit compare"": true, ""isophote variability"": true}, ""z"": {}}",19.09730672549706,True,success,WALLABY J125734+035519,8.665693509064901,0.17142509992691699,2,46,0.0005927733794734005,1.736118793227007,0.007541176561684182,0.08334566587774361,False,0.000185579,0.00569028,,363.5119,2816,8.007953056516294,4.77133340373006
"{""g"": {}, ""r"": {""FFT coefficients"": true, ""Light symmetry"": false, ""initial fit compare"": true, ""isophote variability"": true}, ""z"": {}}",17.361187932270052,True,success,WALLABY J125734+035519,8.658152332503217,0.16100299660459377,2,45,,,,,,0.000188921,0.00558553,,397.0479,3072,7.924607390638551,4.721674026751694
"{""g"": {}, ""r"": {""FFT coefficients"": true, ""Light symmetry"": true, ""initial fit compare"": true, ""isophote variability"": true}, ""z"": {}}",106.17944630416288,True,success,WALLABY J125757-130339,10.885106685850868,0.14193171684002817,1,64,0.019705502630262547,0.0,0.0038104152867539653,0.07262731502124709,False,0.000215513,0.00590418,,116.80484000000001,1024,22.03626655469048,13.129744138589443
"{""g"": {}, ""r"": {""FFT coefficients"": true, ""Light symmetry"": true, ""initial fit compare"": true, ""isophote variability"": true}, ""z"": {}}",106.17944630416288,True,success,WALLABY J125757-130339,10.881296270564114,0.13828414323788163,1,64,0.009844868714471029,0.0,0.0069930464914769175,0.050212589992870704,True,9.98952e-05,0.00583039,,150.34084000000001,1280,21.963639239669234,13.086471016015112
"{""g"": {}, ""r"": {""FFT coefficients"": true, ""Light symmetry"": true, ""initial fit compare"": true, ""isophote variability"": true}, ""z"": {}}",106.17944630416288,True,success,WALLABY J125757-130339,10.874303224072637,0.13176108080071872,1,64,,,,,,0.00015689,0.00574819,,183.87684000000002,1536,21.913426649676364,13.056553132352468
"{""g"": {}, ""r"": {""FFT coefficients"": false, ""Light symmetry"": true, ""initial fit compare"": true, ""isophote variability"": true}, ""z"": {}}",54.48684486022256,True,success,WALLABY J125814+033205,10.788196086178958,0.13378779329483198,1,57,0.03481972003121618,20.654801060294254,0.002707845265948805,0.23904830030766533,False,0.000344543,0.00453087,,122.56098,1024,6.7254788757935815,4.007204061972202
"{""g"": {}, ""r"": {""FFT coefficients"": false, ""Light symmetry"": true, ""initial fit compare"": true, ""isophote variability"": true}, ""z"": {}}",33.83204379992831,True,success,WALLABY J125814+033205,10.78548824091301,0.14167277872251766,2,52,0.00919083037756632,15.701451527546745,0.014637627928355101,0.3473435932013631,False,0.000184143,0.0046823,,156.09698,1280,6.486430575485916,3.86477326444964
"{""g"": {}, ""r"": {""FFT coefficients"": false, ""Light symmetry"": true, ""initial fit compare"": true, ""isophote variability"": true}, ""z"": {}}",49.53349532747505,True,success,WALLABY J125814+033205,10.800125868841365,0.14273976033477767,2,56,0.0011267460127631964,16.395586953394258,0.03149351737741668,0.38474821706935014,False,0.000141673,0.00455952,,189.63298,1536,6.833774168687279,4.071729034184666
"{""g"": {}, ""r"": {""FFT coefficients"": false, ""Light symmetry"": true, ""initial fit compare"": true, ""isophote variability"": true}, ""z"": {}}",65.92908228086931,True,success,WALLABY J125814+033205,10.831619386218781,0.13930824310626092,2,59,0.004289407386672372,0.0,0.004007871801610108,0.033221844955601654,True,0.00014669,0.00434577,,223.16898,1792,7.218522385756629,4.300971389524745
"{""g"": {}, ""r"": {""FFT coefficients"": false, ""Light symmetry"": true, ""initial fit compare"": true, ""isophote variability"": true}, ""z"": {}}",65.92908228086931,True,success,WALLABY J125814+033205,10.835627258020391,0.13498623727094708,2,59,,,,,,0.000128455,0.00415657,,256.70498,2048,7.251744230712231,4.320765773614099
"{""g"": {}, ""r"": {""FFT coefficients"": true, ""Light symmetry"": true, ""initial fit compare"": true, ""isophote variability"": true}, ""z"": {}}",2.8386929571677584,True,success,WALLABY J125814+061724,7.48318594656239,0.15294902193795276,2,26,0.0196062299791368,0.0,0.004226985472784328,0.004460485187901986,False,8.45614e-05,0.00352584,,125.16788000000001,1024,1.3590842221245283,0.809775469678673
"{""g"": {}, ""r"": {""FFT coefficients"": true, ""Light symmetry"": true, ""initial fit compare"": true, ""isophote variability"": true}, ""z"": {}}",2.8386929571677584,True,success,WALLABY J125814+061724,7.478958961089606,0.15560668053046,2,26,0.002279209520098043,0.2838692957167761,0.008168391075074943,0.036706184905800576,True,0.000154244,0.00358237,,158.70388,1280,1.3546237369366263,0.8071178040026034
"{""g"": {}, ""r"": {""FFT coefficients"": true, ""Light symmetry"": true, ""initial fit compare"": true, ""isophote variability"": true}, ""z"": {}}",3.1225622528845345,True,success,WALLABY J125814+061724,7.487127352164681,0.16599899866062742,2,27,,,,,,0.000146173,0.00349991,,192.23988,1536,1.3913299218424269,0.8289882426688271
"{""g"": {}, ""r"": {""FFT coefficients"": true, ""Light symmetry"": true, ""initial fit compare"": true, ""isophote variability"": true}, ""z"": {}}",23.107741137851445,True,success,WALLABY J125832-161038,8.91312451600624,0.15428285783183424,1,48,0.012110288062189651,0.0,0.00345147775159127,0.010818266337615512,False,0.000282386,0.00678856,,122.747,1024,10.0051690498333,5.961323319520465
"{""g"": {}, ""r"": {""FFT coefficients"": true, ""Light symmetry"": true, ""initial fit compare"": true, ""isophote variability"": true}, ""z"": {}}",23.107741137851445,True,success,WALLABY J125832-161038,8.909673038254649,0.153094004902757,1,48,0.005817877452250005,0.0,0.0018627945099360943,0.004366298369117061,True,0.00036422,0.00672623,,156.28300000000002,1280,9.994350783495685,5.954877533040098
"{""g"": {}, ""r"": {""FFT coefficients"": true, ""Light symmetry"": true, ""initial fit compare"": true, ""isophote variability"": true}, ""z"": {}}",23.107741137851445,True,success,WALLABY J125832-161038,8.911535832764585,0.1539659017160982,2,48,,,,,,0.000325921,0.00643974,,189.81900000000002,1536,9.989984485126568,5.952275986163862
"{""g"": {}, ""r"": {""FFT coefficients"": true, ""Light symmetry"": true, ""initial fit compare"": true, ""isophote variability"": true}, ""z"": {}}",10.779931780783755,True,success,WALLABY J125834+054735,9.249785422656634,0.15015981916435983,1,40,0.022888671377793633,0.0,0.007135448986185011,0.01085039517309383,False,0.000293126,0.00366381,,123.01162000000001,1024,3.3074183975978455,1.9706404082537268
"{""g"": {}, ""r"": {""FFT coefficients"": true, ""Light symmetry"": true, ""initial fit compare"": true, ""isophote variability"": true}, ""z"": {}}",10.779931780783755,True,success,WALLABY J125834+054735,9.24264997367045,0.15215677370746453,1,40,0.005740399547105281,1.8708972512104047,0.01699723924471286,0.0602115571154096,False,0.000209059,0.00368192,,156.54762,1280,3.3182687927709393,1.9771053378765255
"{""g"": {}, ""r"": {""FFT coefficients"": true, ""Light symmetry"": true, ""initial fit compare"": true, ""isophote variability"": true}, ""z"": {}}",8.90903452957335,True,success,WALLABY J125834+054735,9.225652734425736,0.15412869838819024,1,38,0.0003593335795025507,1.8708972512104047,0.017415828906583997,0.06220742623039133,False,0.000188044,0.00363987,,190.08362,1536,3.2580572356555297,1.9412298261536416
"{""g"": {}, ""r"": {""FFT coefficients"": true, ""Light symmetry"": true, ""initial fit compare"": true, ""isophote variability"": true}, ""z"": {}}",10.779931780783755,True,success,WALLABY J125834+054735,9.24306856333232,0.15281236217807054,1,40,0.006902295588451552,0.9799937982530693,0.014492409829896857,0.04868237124947283,False,0.000189348,0.00361801,,223.61962,1792,3.320264661885921,1.9782945252894109
"{""g"": {}, ""r"": {""FFT coefficients"": true, ""Light symmetry"": true, ""initial fit compare"": true, ""isophote variability"": true}, ""z"": {}}",9.799937982530686,True,success,WALLABY J125834+054735,9.228576153502424,0.15517561080289122,1,39,0.00975931366916709,0.0,0.0034619359756664636,0.02643997224453587,True,0.000214459,0.00365812,,257.15562,2048,3.2715822906364482,1.949288383210895
"{""g"": {}, ""r"": {""FFT coefficients"": true, ""Light symmetry"": true, ""initial fit compare"": true, ""isophote variability"": true}, ""z"": {}}",9.799937982530686,True,success,WALLABY J125834+054735,9.23203808947809,0.15738318309086569,2,39,,,,,,0.000178785,0.00365264,,290.69162,2304,3.298022262880984,1.9650419624181799
"{""g"": {}, ""r"": {""FFT coefficients"": true, ""Light symmetry"": true, ""initial fit compare"": true, ""isophote variability"": true}, ""z"": {}}",27.960366776800253,True,success,WALLABY J125836-161333,9.640706569191925,0.15126480341129978,1,50,0.0041202212132228164,0.0,0.006910242992564264,0.08164853073431111,True,0.000132847,0.00622104,,119.18118,1024,9.733649603012125,5.799545422317886
"{""g"": {}, ""r"": {""FFT coefficients"": true, ""Light symmetry"": true, ""initial fit compare"": true, ""isophote variability"": true}, ""z"": {}}",27.960366776800253,True,success,WALLABY J125836-161333,9.633796326199361,0.1538779765743749,1,50,,,,,,0.000158405,0.00618509,,152.71718,1280,9.815298133746436,5.848193604857004
"{""g"": {}, ""r"": {""FFT coefficients"": true, ""Light symmetry"": true, ""initial fit compare"": true, ""isophote variability"": true}, ""z"": {}}",37.21524817992115,True,success,WALLABY J125848-114647,9.26224533638215,0.1696578763257986,1,53,0.0013328500329149546,12.318247147553905,0.014401477273120022,0.21743189875020263,False,0.000191534,0.00542502,,123.66924,1024,7.654054165104454,4.56047182771691
"{""g"": {}, ""r"": {""FFT coefficients"": true, ""Light symmetry"": true, ""initial fit compare"": true, ""isophote variability"": true}, ""z"": {}}",49.53349532747505,True,success,WALLABY J125848-114647,9.27664681365527,0.16519589375056665,1,56,0.0018965585011917153,8.596722329561793,0.020849557659852636,0.2092753457205836,False,0.000184235,0.00552745,,157.20524,1280,7.871486063854657,4.690023046888843
"{""g"": {}, ""r"": {""FFT coefficients"": true, ""Light symmetry"": true, ""initial fit compare"": true, ""isophote variability"": true}, ""z"": {}}",40.93677299791326,True,success,WALLABY J125848-114647,9.255797255995418,0.16248974398174998,1,54,0.02794540984399671,8.596722329561793,0.012637556328011001,0.24283594099367267,False,0.00019485,0.00566651,,190.74124,1536,7.662210718134073,4.565331700602634
"{""g"": {}, ""r"": {""FFT coefficients"": true, ""Light symmetry"": true, ""initial fit compare"": true, ""isophote variability"": true}, ""z"": {}}",49.53349532747505,True,success,WALLABY J125848-114647,9.268434812323429,0.17293363992811894,1,56,0.0005826847109309563,0.0,0.0074754082223922325,0.007397195554678326,True,3.60034e-05,0.00570184,,224.27724,1792,7.905046659127746,4.7100192666650385
"{""g"": {}, ""r"": {""FFT coefficients"": true, ""Light symmetry"": true, ""initial fit compare"": true, ""isophote variability"": true}, ""z"": {}}",49.53349532747505,True,success,WALLABY J125848-114647,9.275910220545821,0.16778596267631452,1,56,,,,,,3.93355e-05,0.00573522,,257.81324,2048,7.897649463573067,4.705611837451247
"{""g"": {}, ""r"": {""FFT coefficients"": true, ""Light symmetry"": true, ""initial fit compare"": true, ""isophote variability"": true}, ""z"": {}}",21.007037398046766,True,success,WALLABY J125851+052229,9.961855235161224,0.14139043935002005,2,47,0.01510450303395905,0.0,0.0016402956724839157,0.008233171783611049,False,4.81516e-05,0.00392905,,127.85338,1024,5.622913328195207,3.350268664133267
"{""g"": {}, ""r"": {""FFT coefficients"": true, ""Light symmetry"": true, ""initial fit compare"": true, ""isophote variability"": true}, ""z"": {}}",21.007037398046766,True,success,WALLABY J125851+052229,9.963495530833708,0.14424930368785782,2,47,0.013812270044494009,0.0,0.010767405534835461,0.03210599569112915,False,0.000107744,0.00396163,,161.38938000000002,1280,5.614680156411596,3.3453631399284482
"{""g"": {}, ""r"": {""FFT coefficients"": true, ""Light symmetry"": true, ""initial fit compare"": true, ""isophote variability"": true}, ""z"": {}}",21.007037398046766,True,success,WALLABY J125851+052229,9.952728125298872,0.14181989399467954,2,47,0.0015301521232842813,0.0,0.006980768658255698,0.016812579806326333,True,0.000162985,0.0040372,,194.92538000000002,1536,5.582574160720466,3.32623360599887
"{""g"": {}, ""r"": {""FFT coefficients"": true, ""Light symmetry"": true, ""initial fit compare"": true, ""isophote variability"": true}, ""z"": {}}",21.007037398046766,True,success,WALLABY J125851+052229,9.959708893957128,0.14138560576661016,2,47,,,,,,0.000156809,0.0040352,,228.46138000000002,1792,5.56576158091414,3.31621626160803
"{""g"": {}, ""r"": {""FFT coefficients"": false, ""Light symmetry"": false, ""initial fit compare"": true, ""isophote variability"": false}, ""z"": {}}",0.6795605245462006,True,success,WALLABY J125855-142319,9.420177497191267,0.20780899928927707,3,11,0.014459981432106504,0.06795605245462011,0.02307044746437903,0.03549796346843237,False,9.99072e-05,0.00725493,,120.90252000000001,1024,0.5267635174610372,0.31385852901360295
"{""g"": {}, ""r"": {""FFT coefficients"": false, ""Light symmetry"": false, ""initial fit compare"": true, ""isophote variability"": false}, ""z"": {}}",0.7475165770008207,True,success,WALLABY J125855-142319,9.443247944655646,0.2116701887916191,3,12,0.02563412749442799,0.0,0.08015184857525526,0.012491827838755465,False,0.000203249,0.00703856,,154.43852,1280,0.5622614809294696,0.335009079930419
"{""g"": {}, ""r"": {""FFT coefficients"": false, ""Light symmetry"": false, ""initial fit compare"": true, ""isophote variability"": false}, ""z"": {}}",0.7475165770008207,True,success,WALLABY J125855-142319,9.36309609608039,0.21265203387246867,4,12,0.002344869545490035,0.06795605245462011,0.04097379371745369,0.04732634916405554,False,2.54389e-05,0.00683436,,187.97452,1536,0.5747533087682251,0.34245201510000006
"{""g"": {}, ""r"": {""FFT coefficients"": false, ""Light symmetry"": false, ""initial fit compare"": true, ""isophote variability"": false}, ""z"": {}}",0.6795605245462006,True,success,WALLABY J125855-142319,9.404069889797844,0.2077848892917803,4,11,0.0006015246580837601,0.06795605245462011,0.03222588740913679,0.03932709722232819,False,9.52148e-06,0.00674202,,221.51052,1792,0.5274269596041695,0.3142538239955576
"{""g"": {}, ""r"": {""FFT coefficients"": false, ""Light symmetry"": false, ""initial fit compare"": true, ""isophote variability"": false}, ""z"": {}}",0.7475165770008207,True,success,WALLABY J125855-142319,9.371844002388707,0.21089242398442345,4,12,0.0005757371030860813,0.0,0.07117236463419196,0.004595556903158715,False,5.61523e-06,0.00624581,,255.04652000000002,2048,0.5667540568264977,0.33768586603231054
"{""g"": {}, ""r"": {""FFT coefficients"": false, ""Light symmetry"": false, ""initial fit compare"": true, ""isophote variability"": false}, ""z"": {}}",0.7475165770008207,True,success,WALLABY J125855-142319,9.4430163670229,0.21155308195576442,4,12,1.6651284173005287e-05,0.0,0.02802097128643588,0.005622192908088075,False,2.22778e-06,0.00552154,,288.58252000000005,2304,0.562158499923339,0.33494772133964895
"{""g"": {}, ""r"": {""FFT coefficients"": false, ""Light symmetry"": false, ""initial fit compare"": true, ""isophote variability"": false}, ""z"": {}}",0.7475165770008207,True,success,WALLABY J125855-142319,9.414995395736463,0.21390171619734485,4,12,4.435784158231295e-05,0.06795605245462011,0.011045089758535909,0.04031848312423325,True,2.31934e-06,0.00547581,,322.11852000000005,2560,0.5677806928314271,0.33829756075994205
"{""g"": {}, ""r"": {""FFT coefficients"": false, ""Light symmetry"": false, ""initial fit compare"": true, ""isophote variability"": false}, ""z"": {}}",0.6795605245462006,True,success,WALLABY J125855-142319,9.403950305977927,0.207780805555021,4,11,,,,,,2.05994e-06,0.00621998,,355.65452000000005,2816,0.5274622097071938,0.31427482686518704
"{""g"": {}, ""r"": {""FFT coefficients"": true, ""Light symmetry"": true, ""initial fit compare"": true, ""isophote variability"": true}, ""z"": {}}",27.960366776800253,True,success,WALLABY J125859-135141,8.67057530556004,0.16031942275722905,2,50,0.0009695585541559888,0.0,0.029304129501554144,0.26420705864904726,False,0.000136081,0.00597765,,124.1225,1024,10.625351835403698,6.330843322987831
"{""g"": {}, ""r"": {""FFT coefficients"": true, ""Light symmetry"": true, ""initial fit compare"": true, ""isophote variability"": true}, ""z"": {}}",27.960366776800253,True,success,WALLABY J125859-135141,8.641271176058487,0.2023448164931283,2,50,0.00429047295109333,2.7960366776800285,0.030248178815575955,0.16968570087388457,False,0.000141914,0.00605463,,157.6585,1280,10.889558894052746,6.48826432127998
"{""g"": {}, ""r"": {""FFT coefficients"": true, ""Light symmetry"": true, ""initial fit compare"": true, ""isophote variability"": true}, ""z"": {}}",30.75640345448028,True,success,WALLABY J125859-135141,8.671519354874063,0.19116252878099943,2,51,0.0035883295103508227,2.7960366776800285,0.028038215125999244,0.5195319077411256,False,0.000116276,0.0058965,,191.1945,1536,11.05924459492663,6.58936719326249
"{""g"": {}, ""r"": {""FFT coefficients"": true, ""Light symmetry"": true, ""initial fit compare"": true, ""isophote variability"": true}, ""z"": {}}",27.960366776800253,True,success,WALLABY J125859-135141,8.643481139748063,0.17261723179846447,2,50,0.0033468329524781585,2.7960366776800285,0.03189707372675521,0.35942449892278283,False,0.000137481,0.00592237,,224.7305,1792,10.539712687185505,6.279817433390743
"{""g"": {}, ""r"": {""FFT coefficients"": true, ""Light symmetry"": true, ""initial fit compare"": true, ""isophote variability"": true}, ""z"": {}}",30.75640345448028,True,success,WALLABY J125859-135141,8.675378213474819,0.17359461676904742,3,51,0.007867704661589675,0.0,0.025074639731371917,0.023841846822207913,False,0.000117511,0.0060113,,258.2665,2048,10.899137186108288,6.493971300892967
"{""g"": {}, ""r"": {""FFT coefficients"": true, ""Light symmetry"": true, ""initial fit compare"": true, ""isophote variability"": true}, ""z"": {}}",30.75640345448028,True,success,WALLABY J125859-135141,8.650303573743447,0.16762468858754193,3,51,0.015048258323429185,3.0756403454480257,0.056103200485335236,0.18986514957177114,False,0.000164864,0.00602601,,291.8025,2304,10.922979032930495,6.508176853716088
"{""g"": {}, ""r"": {""FFT coefficients"": true, ""Light symmetry"": true, ""initial fit compare"": true, ""isophote variability"": true}, ""z"": {}}",33.83204379992831,True,success,WALLABY J125859-135141,8.706406774228782,0.16166660340152983,4,52,0.002997756135735098,3.0756403454480257,0.028152700799019215,0.08177421357298797,False,7.42704e-05,0.0060144,,325.3385,2560,11.112844182502267,6.621303132549457
"{""g"": {}, ""r"": {""FFT coefficients"": true, ""Light symmetry"": true, ""initial fit compare"": true, ""isophote variability"": true}, ""z"": {}}",30.75640345448028,True,success,WALLABY J125859-135141,8.678254073429763,0.17453763220028043,4,51,0.0005662871360765914,2.7960366776800285,0.014146604510225202,0.26315871283540915,False,5.6228e-05,0.00602287,,358.8745,2816,11.031069968929279,6.572580065115007
"{""g"": {}, ""r"": {""FFT coefficients"": true, ""Light symmetry"": true, ""initial fit compare"": true, ""isophote variability"": true}, ""z"": {}}",27.960366776800253,True,success,WALLABY J125859-135141,8.664107468919537,0.17846366501318808,4,50,,,,,,5.95782e-05,0.00580929,,392.4105,3072,10.76791125609387,6.415783696783095
"{""g"": {}, ""r"": {""FFT coefficients"": true, ""Light symmetry"": false, ""initial fit compare"": true, ""isophote variability"": true}, ""z"": {}}",59.93552934624482,True,success,WALLABY J125907-121329,8.017535220868602,0.16456775782588706,1,58,0.00019350253503116278,0.0,0.01218771345070202,1.2302152995847173,False,1.35498e-05,0.00567278,,126.99926,1024,29.39145760933968,17.51214604856408
"{""g"": {}, ""r"": {""FFT coefficients"": true, ""Light symmetry"": true, ""initial fit compare"": true, ""isophote variability"": true}, ""z"": {}}",59.93552934624482,True,success,WALLABY J125907-121329,8.0053475074179,0.16547165358240812,1,58,0.00016089189997999035,0.0,0.0076431429239036675,0.9053829178379971,False,1.46484e-05,0.00568211,,158.8899,1280,28.161242309754964,16.77915382055496
"{""g"": {}, ""r"": {""FFT coefficients"": true, ""Light symmetry"": false, ""initial fit compare"": true, ""isophote variability"": true}, ""z"": {}}",59.93552934624482,True,success,WALLABY J125907-121329,7.9977043644939965,0.16256243453165126,2,58,0.0007298452268055739,0.0,0.029885010823859304,0.6204744374741225,False,1.37398e-05,0.00561243,,194.07126000000002,1536,29.06662522759296,17.3186030067027
"{""g"": {}, ""r"": {""FFT coefficients"": true, ""Light symmetry"": false, ""initial fit compare"": true, ""isophote variability"": true}, ""z"": {}}",59.93552934624482,True,success,WALLABY J125907-121329,7.967819353670137,0.16529937015293436,2,58,4.332005796306075e-05,0.0,0.048600435168726364,1.1318968999937127,False,9.71859e-06,0.00540692,,227.13042000000002,1792,28.44615079011884,16.948909229930134
"{""g"": {}, ""r"": {""FFT coefficients"": true, ""Light symmetry"": true, ""initial fit compare"": true, ""isophote variability"": true}, ""z"": {}}",59.93552934624482,True,success,WALLABY J125907-121329,8.016419788838864,0.1632044117002551,2,58,0.0009431714380113891,0.0,0.02938197980266377,2.0791621204746136,False,9.4881e-06,0.00523434,,261.57032,2048,27.314253890125126,16.27449749819254
"{""g"": {}, ""r"": {""FFT coefficients"": true, ""Light symmetry"": false, ""initial fit compare"": true, ""isophote variability"": true}, ""z"": {}}",59.93552934624482,True,success,WALLABY J125907-121329,7.9870378090362,0.16382311789370765,2,58,0.0004532606278659331,10.402034018769768,0.05806494624663383,5.250916071739532,False,1.4341e-05,0.00505626,,294.20242,2304,29.39341601059974,17.51331291171676
"{""g"": {}, ""r"": {""FFT coefficients"": true, ""Light symmetry"": true, ""initial fit compare"": true, ""isophote variability"": true}, ""z"": {}}",49.53349532747505,True,success,WALLABY J125907-121329,8.045102755282834,0.1703214497112562,2,56,0.00030568802309333695,4.953349532747509,0.02883549942381336,1.6996100531864862,False,1.66036e-05,0.0049274,,329.21086,2560,24.142499938860208,14.384689270137489
"{""g"": {}, ""r"": {""FFT coefficients"": true, ""Light symmetry"": true, ""initial fit compare"": true, ""isophote variability"": true}, ""z"": {}}",54.48684486022256,True,success,WALLABY J125907-121329,8.01626725585902,0.1766733313312655,4,57,0.00012021912206307518,0.0,0.016915504705760753,1.7130270366857054,False,1.80978e-05,0.00484858,,361.61240000000004,2816,25.842109992046694,15.3973583208739
"{""g"": {}, ""r"": {""FFT coefficients"": true, ""Light symmetry"": false, ""initial fit compare"": true, ""isophote variability"": true}, ""z"": {}}",54.48684486022256,True,success,WALLABY J125907-121329,8.033182760564781,0.16231094998400475,4,57,,,,,,1.75169e-05,0.00481544,,393.55544,3072,24.12908295536099,14.376695104700289
"{""g"": {}, ""r"": {""FFT coefficients"": true, ""Light symmetry"": true, ""initial fit compare"": true, ""isophote variability"": true}, ""z"": {}}",6.693489503811683,True,success,WALLABY J125909+063848,8.70579942619485,0.13833821866703513,2,35,0.018385996283790534,2.537359145222366,0.07806749649931533,0.47642120643540786,False,0.000234219,0.00402782,,129.15028,1024,2.298480765925809,1.3694908023179357
"{""g"": {}, ""r"": {""FFT coefficients"": true, ""Light symmetry"": true, ""initial fit compare"": true, ""isophote variability"": true}, ""z"": {}}",4.156130358589317,True,success,WALLABY J125909+063848,8.627731929695535,0.15476020606393565,4,30,0.00985581660964356,2.537359145222366,0.09592929441835096,0.48967743773178873,False,0.0001606,0.00398034,,162.68628,1280,1.8220595594904012,1.0856274479166637
"{""g"": {}, ""r"": {""FFT coefficients"": true, ""Light symmetry"": true, ""initial fit compare"": true, ""isophote variability"": true}, ""z"": {}}",6.693489503811683,True,success,WALLABY J125909+063848,8.723661224113886,0.1371513246748424,4,35,0.0014154811566299435,1.1616799965293012,0.04626659527196253,0.2287119442089387,False,0.000121596,0.00393458,,196.22228,1536,2.31173699722219,1.3773891876787898
"{""g"": {}, ""r"": {""FFT coefficients"": true, ""Light symmetry"": true, ""initial fit compare"": true, ""isophote variability"": true}, ""z"": {}}",5.531809507282381,True,success,WALLABY J125909+063848,8.677394628841924,0.13965176943088878,4,33,0.002110548258394226,1.1616799965293012,0.025196088393395044,0.21844393745654722,False,0.000127154,0.00391858,,229.75828,1792,2.0830250530132512,1.2411170427830145
"{""g"": {}, ""r"": {""FFT coefficients"": true, ""Light symmetry"": true, ""initial fit compare"": true, ""isophote variability"": true}, ""z"": {}}",6.693489503811683,True,success,WALLABY J125909+063848,8.702590717235319,0.14457702675039438,4,35,0.006910958553204571,1.6645717699186093,0.04547937499906851,0.31999690093344557,False,0.000135393,0.00388887,,263.29428,2048,2.3014689904697985,1.3712712592566763
"{""g"": {}, ""r"": {""FFT coefficients"": true, ""Light symmetry"": true, ""initial fit compare"": true, ""isophote variability"": true}, ""z"": {}}",5.028917733893073,True,success,WALLABY J125909+063848,8.65711134223625,0.1432079667226787,4,32,0.004507542010998132,1.6645717699186093,0.05109128600268953,0.31890143587281305,False,0.000162372,0.00391873,,296.83028,2304,1.981472089536353,1.1806093145951204
"{""g"": {}, ""r"": {""FFT coefficients"": true, ""Light symmetry"": true, ""initial fit compare"": true, ""isophote variability"": true}, ""z"": {}}",6.693489503811683,True,success,WALLABY J125909+063848,8.70820262823894,0.14073864406282738,4,35,0.0004954837121270358,1.1616799965293012,0.04215930608448204,0.2130547511414731,False,0.000144765,0.00389351,,330.36628,2560,2.300373525409166,1.3706185545018499
"{""g"": {}, ""r"": {""FFT coefficients"": true, ""Light symmetry"": true, ""initial fit compare"": true, ""isophote variability"": true}, ""z"": {}}",5.531809507282381,True,success,WALLABY J125909+063848,8.666043322154458,0.1451228226630282,4,33,0.002416467360945116,0.5028917733893081,0.006482451209974371,0.10678461578813803,False,0.000142833,0.00390493,,363.90228,2816,2.087318774267693,1.2436753464472639
"{""g"": {}, ""r"": {""FFT coefficients"": true, ""Light symmetry"": true, ""initial fit compare"": true, ""isophote variability"": true}, ""z"": {}}",5.028917733893073,True,success,WALLABY J125909+063848,8.659560870944484,0.14198298760247846,4,32,,,,,,0.000133381,0.00391806,,397.43828,3072,1.9805341584795548,1.1800504724353185
"{""g"": {}, ""r"": {""FFT coefficients"": true, ""Light symmetry"": true, ""initial fit compare"": true, ""isophote variability"": true}, ""z"": {}}",19.09730672549706,True,success,WALLABY J125910-161749,9.989977809149503,0.16600021454508196,2,46,0.014171160396427395,0.0,0.005637545733929272,0.016758602928341304,False,0.000296103,0.00583248,,131.28296,1024,6.67221453120773,3.9754678686208362
"{""g"": {}, ""r"": {""FFT coefficients"": true, ""Light symmetry"": false, ""initial fit compare"": true, ""isophote variability"": true}, ""z"": {}}",19.09730672549706,True,success,WALLABY J125910-161749,9.995615354883432,0.16658027957049823,2,46,0.012057752576946067,0.0,0.018559661857697307,0.03579012838364548,False,0.000215057,0.00560568,,164.81896,1280,6.655455928279388,3.9654826849680953
"{""g"": {}, ""r"": {""FFT coefficients"": true, ""Light symmetry"": true, ""initial fit compare"": true, ""isophote variability"": true}, ""z"": {}}",19.09730672549706,True,success,WALLABY J125910-161749,10.01417501674113,0.16229165294987558,2,46,0.006124605197462047,1.9097306725497063,0.00021125109837072387,0.11318969796863598,False,0.000148497,0.00543452,,198.35496,1536,6.619665799895743,3.944158055081346
"{""g"": {}, ""r"": {""FFT coefficients"": true, ""Light symmetry"": true, ""initial fit compare"": true, ""isophote variability"": true}, ""z"": {}}",21.007037398046766,True,success,WALLABY J125910-161749,10.0143862678395,0.16444902156466207,2,47,0.005726866319944955,1.9097306725497063,0.005604311920496485,0.08818529352607563,False,0.000115745,0.0052607,,231.89096,1792,6.732855497864379,4.011599233003387
"{""g"": {}, ""r"": {""FFT coefficients"": true, ""Light symmetry"": true, ""initial fit compare"": true, ""isophote variability"": true}, ""z"": {}}",19.09730672549706,True,success,WALLABY J125910-161749,10.008781955919003,0.16723765278674213,2,46,0.007173630967180507,0.0,0.00801925253607827,0.1983471510382735,True,0.000145542,0.00514534,,265.42696,2048,6.8210407913904545,4.064142177966872
"{""g"": {}, ""r"": {""FFT coefficients"": true, ""Light symmetry"": true, ""initial fit compare"": true, ""isophote variability"": true}, ""z"": {}}",19.09730672549706,True,success,WALLABY J125910-161749,10.000762703382925,0.1642091495250385,4,46,,,,,,0.000182473,0.00515098,,298.96296,2304,6.622693640352181,3.945962116145267
"{""g"": {}, ""r"": {""FFT coefficients"": true, ""Light symmetry"": true, ""initial fit compare"": true, ""isophote variability"": true}, ""z"": {}}",25.41851525163659,True,success,WALLABY J125912-124101,8.525530488723518,0.17191689606043745,1,49,0.03494490021148315,0.0,0.009529214294776267,0.14131250304482457,False,0.000299532,0.00743876,,129.90746000000001,1024,8.7580189176841,5.218240905950658
"{""g"": {}, ""r"": {""FFT coefficients"": true, ""Light symmetry"": true, ""initial fit compare"": true, ""isophote variability"": true}, ""z"": {}}",25.41851525163659,True,success,WALLABY J125912-124101,8.535059703018295,0.1887861192929724,2,49,0.0010445567446161976,0.0,0.005462223771617758,0.029049931811622187,True,4.24228e-05,0.00727636,,163.44346000000002,1280,8.899331420728924,5.30243833585365
"{""g"": {}, ""r"": {""FFT coefficients"": true, ""Light symmetry"": true, ""initial fit compare"": true, ""isophote variability"": true}, ""z"": {}}",25.41851525163659,True,success,WALLABY J125912-124101,8.540521926789912,0.1856488581771599,2,49,,,,,,3.48328e-05,0.00725612,,196.97946000000002,1536,8.870281488917302,5.285129679190623
"{""g"": {}, ""r"": {""FFT coefficients"": true, ""Light symmetry"": true, ""initial fit compare"": true, ""isophote variability"": true}, ""z"": {}}",19.09730672549706,True,success,WALLABY J125912-182326,9.7538169192235,0.151666950885026,2,46,0.0068904238512359755,0.0,0.009005767960749367,0.011072192796493852,True,0.000104789,0.00260389,,121.36364000000002,1024,3.9278497107120587,2.3403084904826907
"{""g"": {}, ""r"": {""FFT coefficients"": true, ""Light symmetry"": true, ""initial fit compare"": true, ""isophote variability"": true}, ""z"": {}}",19.09730672549706,True,success,WALLABY J125912-182326,9.74481115126275,0.1505674475711553,2,46,,,,,,0.000123129,0.00271944,,154.89964,1280,3.916777517915565,2.33371140843568
"{""g"": {}, ""r"": {""FFT coefficients"": true, ""Light symmetry"": true, ""initial fit compare"": true, ""isophote variability"": true}, ""z"": {}}",13.043717454748347,True,success,WALLABY J125930-135159,9.914407537344555,0.14333586563090067,2,42,0.0014294951816530772,1.185792495886215,0.012658413469367247,0.02851460917775217,False,1.85547e-05,0.00609605,,131.86984,1024,3.9336155153740826,2.3437438972825486
"{""g"": {}, ""r"": {""FFT coefficients"": true, ""Light symmetry"": true, ""initial fit compare"": true, ""isophote variability"": true}, ""z"": {}}",11.857924958862132,True,success,WALLABY J125930-135159,9.901749123875188,0.14972573667078207,3,41,0.0039896103802694325,0.0,0.01745497532341389,0.061297262591305746,True,2.69885e-05,0.00570364,,165.40584,1280,3.9051009061963304,2.326754198878484
"{""g"": {}, ""r"": {""FFT coefficients"": true, ""Light symmetry"": true, ""initial fit compare"": true, ""isophote variability"": true}, ""z"": {}}",11.857924958862132,True,success,WALLABY J125930-135159,9.919204099198602,0.13911859128875778,3,41,,,,,,4.9176e-05,0.005419,,198.94184,1536,3.966398168787636,2.3632766003579886
"{""g"": {}, ""r"": {""FFT coefficients"": true, ""Light symmetry"": true, ""initial fit compare"": true, ""isophote variability"": true}, ""z"": {}}",45.03045029770459,True,success,WALLABY J125931-140755,10.189927829182473,0.14668772111597572,2,55,0.0006770877896310791,4.503045029770462,0.004412954114705769,0.16621437549067686,False,2.00195e-05,0.00907945,,128.249,1024,14.547931255425008,8.668011645959215
"{""g"": {}, ""r"": {""FFT coefficients"": true, ""Light symmetry"": true, ""initial fit compare"": true, ""isophote variability"": true}, ""z"": {}}",49.53349532747505,True,success,WALLABY J125931-140755,10.185514875067767,0.1430279433505648,2,56,0.00012101290817570665,0.0,0.0008335494598590287,0.13076917112665498,True,1.42822e-05,0.00786754,,161.785,1280,14.714145630915684,8.767046217760738
"{""g"": {}, ""r"": {""FFT coefficients"": true, ""Light symmetry"": true, ""initial fit compare"": true, ""isophote variability"": true}, ""z"": {}}",49.53349532747505,True,success,WALLABY J125931-140755,10.186348424527626,0.1374407460372477,4,56,,,,,,1.51978e-05,0.00726473,,195.321,1536,14.84491480204234,8.8449616738044
"{""g"": {}, ""r"": {""FFT coefficients"": true, ""Light symmetry"": true, ""initial fit compare"": true, ""isophote variability"": true}, ""z"": {}}",54.48684486022256,True,success,WALLABY J125932-151419,8.236479421621603,0.22537283698745797,1,57,0.004078729447903851,0.0,0.000889569906934895,0.014370063428607693,True,0.000212938,0.00848217,,131.64190000000002,1024,6.9962457036231855,4.1685335304553055
"{""g"": {}, ""r"": {""FFT coefficients"": true, ""Light symmetry"": true, ""initial fit compare"": true, ""isophote variability"": true}, ""z"": {}}",54.48684486022256,True,success,WALLABY J125932-151419,8.235589851714668,0.22678028810564105,1,57,,,,,,0.000248204,0.00881047,,165.17790000000002,1280,7.010615767051793,4.177095564119432
"{""g"": {}, ""r"": {""FFT coefficients"": true, ""Light symmetry"": false, ""initial fit compare"": true, ""isophote variability"": true}, ""z"": {}}",87.75160851583708,True,success,WALLABY J125937+070246,10.818179743244665,0.10748413343495945,1,62,0.019433804809800972,0.0,0.01876062654922883,0.20576490268026504,False,0.000214384,0.00576172,,121.37412,1024,14.703716904144189,8.760832528438133
"{""g"": {}, ""r"": {""FFT coefficients"": true, ""Light symmetry"": false, ""initial fit compare"": true, ""isophote variability"": true}, ""z"": {}}",87.75160851583708,True,success,WALLABY J125937+070246,10.836940369793894,0.11273976509644966,1,62,0.005066875766097051,0.0,0.004370074303006177,0.16162179797862564,True,0.000104233,0.0055743,,154.91012,1280,14.909481806824454,8.883432267290837
"{""g"": {}, ""r"": {""FFT coefficients"": true, ""Light symmetry"": false, ""initial fit compare"": true, ""isophote variability"": true}, ""z"": {}}",87.75160851583708,True,success,WALLABY J125937+070246,10.8413104440969,0.11161562364975583,2,62,,,,,,0.000132342,0.0055209,,188.44612,1536,14.747860008845828,8.787134064988212
,,,quality_fail,WALLABY J125938+062651,,,,,,,,,,,,invalid retained r cumulative row 0,,1024,,
,,,quality_fail,WALLABY J125938+062651,,,,,,,,,,,,invalid retained r cumulative row 0,,1280,,
,,,quality_fail,WALLABY J125938+062651,,,,,,,,,,,,invalid retained r cumulative row 0,,1536,,
,,,quality_fail,WALLABY J125938+062651,,,,,,,,,,,,invalid retained r cumulative row 0,,1792,,
,,,quality_fail,WALLABY J125938+062651,,,,,,,,,,,,invalid retained r cumulative row 0,,2048,,
,,,quality_fail,WALLABY J125938+062651,,,,,,,,,,,,invalid retained r cumulative row 0,,2304,,
,,,quality_fail,WALLABY J125938+062651,,,,,,,,,,,,invalid retained r cumulative row 0,,2560,,
,,,quality_fail,WALLABY J125938+062651,,,,,,,,,,,,invalid retained r cumulative row 0,,2816,,
,,,quality_fail,WALLABY J125938+062651,,,,,,,,,,,,invalid retained r cumulative row 0,,3072,,
"{""g"": {}, ""r"": {""FFT coefficients"": true, ""Light symmetry"": true, ""initial fit compare"": true, ""isophote variability"": true}, ""z"": {}}",13.043717454748347,True,success,WALLABY J125939+045140,9.457503484285516,0.1544569377087303,2,42,0.007386680944896397,0.0,0.002935572165146283,0.03859401066267587,True,0.000156732,0.00507927,,129.96248,1024,5.02368260561687,2.9932324099243632
"{""g"": {}, ""r"": {""FFT coefficients"": true, ""Light symmetry"": true, ""initial fit compare"": true, ""isophote variability"": true}, ""z"": {}}",13.043717454748347,True,success,WALLABY J125939+045140,9.45456791212037,0.16211395965432873,2,42,,,,,,0.000118242,0.00534219,,163.49848,1280,5.062276616279546,3.01622766114014
"{""g"": {}, ""r"": {""FFT coefficients"": true, ""Light symmetry"": true, ""initial fit compare"": true, ""isophote variability"": true}, ""z"": {}}",54.48684486022256,True,success,WALLABY J125942-164952,7.441048283470902,0.1755544743533325,1,57,0.01737001925464806,9.456394562517971,0.028039480374088654,0.34813408113860334,False,0.000125723,0.00203696,,120.41520000000001,1024,16.59047125314893,9.885006707095915
"{""g"": {}, ""r"": {""FFT coefficients"": true, ""Light symmetry"": true, ""initial fit compare"": true, ""isophote variability"": true}, ""z"": {}}",45.03045029770459,True,success,WALLABY J125942-164952,7.4130088030968135,0.19566148831662114,3,55,0.014201136740770661,0.0,0.015605676041661631,0.10701633547738965,False,0.000162304,0.00217501,,153.9512,1280,16.242337172010327,9.677579945401572
"{""g"": {}, ""r"": {""FFT coefficients"": true, ""Light symmetry"": true, ""initial fit compare"": true, ""isophote variability"": true}, ""z"": {}}",45.03045029770459,True,success,WALLABY J125942-164952,7.397403127055152,0.19080343418298432,3,55,0.006847770224353754,0.0,0.01261381645557158,0.2199563623791292,True,0.000192899,0.0021338,,187.4872,1536,16.349353507487717,9.74134288364614
"{""g"": {}, ""r"": {""FFT coefficients"": true, ""Light symmetry"": true, ""initial fit compare"": true, ""isophote variability"": true}, ""z"": {}}",45.03045029770459,True,success,WALLABY J125942-164952,7.4100169435107235,0.1887567479123653,4,55,,,,,,0.000178842,0.00197177,,221.0232,1792,16.129397145108587,9.610287527580024
"{""g"": {}, ""r"": {""FFT coefficients"": true, ""Light symmetry"": true, ""initial fit compare"": true, ""isophote variability"": true}, ""z"": {}}",13.043717454748347,True,success,WALLABY J125943-150804,9.281203320609148,0.19324750195259638,2,42,0.0001638074619455093,0.0,0.008888079387951109,0.09613565134779645,True,5.49316e-07,0.00472462,,131.88032,1024,5.096013055850465,3.03632865323033
"{""g"": {}, ""r"": {""FFT coefficients"": true, ""Light symmetry"": true, ""initial fit compare"": true, ""isophote variability"": true}, ""z"": {}}",13.043717454748347,True,success,WALLABY J125943-150804,9.272315241221197,0.18833638007847273,2,42,,,,,,1.46484e-06,0.00645343,,165.41632,1280,4.999877404502668,2.979048691506299
,,,quality_fail,WALLABY J125956-192430,,,,,,,,,,,,common uncertainty aperture retains only 1 rows,,1024,,
"{""g"": {}, ""r"": {""FFT coefficients"": true, ""Light symmetry"": true, ""initial fit compare"": true, ""isophote variability"": true}, ""z"": {}}",0.6795605245462006,True,success,WALLABY J125956-192430,3.4918885095439016,0.21211803353958414,2,11,,,,,,6.78344e-05,0.00333143,,148.96009999999998,1280,0.5624337928834343,0.33511174758793544
,,,quality_fail,WALLABY J125956-192430,,,,,,,,,,,,common uncertainty aperture retains only 1 rows,,1536,,
"{""g"": {}, ""r"": {""FFT coefficients"": true, ""Light symmetry"": true, ""initial fit compare"": true, ""isophote variability"": true}, ""z"": {}}",1.0944390203869019,True,success,WALLABY J125956-192430,3.7068941045702046,0.18900103947612826,2,16,,,,,,7.04682e-05,0.00321048,,216.26004,1792,0.914530286794809,0.5448994112866558
,,,quality_fail,WALLABY J125956-192430,,,,,,,,,,,,common uncertainty aperture retains only 0 rows,,2048,,
"{""g"": {}, ""r"": {""FFT coefficients"": true, ""Light symmetry"": true, ""initial fit compare"": true, ""isophote variability"": true}, ""z"": {}}",0.7475165770008207,True,success,WALLABY J125956-192430,3.758839020507096,0.18664086396607887,3,12,,,,,,5.11581e-05,0.00358493,,283.33204,2304,0.590285242519969,0.3517063193911465
,,,quality_fail,WALLABY J125956-192430,,,,,,,,,,,,common uncertainty aperture retains only 1 rows,,2560,,
,,,quality_fail,WALLABY J125956-192430,,,,,,,,,,,,common uncertainty aperture retains only 2 rows,,2816,,
"{""g"": {}, ""r"": {""FFT coefficients"": true, ""Light symmetry"": true, ""initial fit compare"": true, ""isophote variability"": true}, ""z"": {}}",0.6795605245462006,True,success,WALLABY J125956-192430,3.4901993956995203,0.22557005336042227,4,11,,,,,,1.05942e-05,0.00349128,,383.7121,3072,0.574717858727963,0.34243089310289637
"{""g"": {}, ""r"": {""FFT coefficients"": false, ""Light symmetry"": false, ""initial fit compare"": true, ""isophote variability"": true}, ""z"": {}}",11.857924958862132,True,success,WALLABY J130003-183028,9.270009188703437,0.16600285131500903,2,41,0.0007108126557648446,0.0,0.08596147656117559,0.16602035825967842,False,3.05176e-06,0.00273287,,117.12186,1024,5.987847126880816,3.5677051065711844
"{""g"": {}, ""r"": {""FFT coefficients"": false, ""Light symmetry"": false, ""initial fit compare"": true, ""isophote variability"": true}, ""z"": {}}",11.857924958862132,True,success,WALLABY J130003-183028,9.184047712142261,0.15629189484847916,2,41,0.0005347259203270747,0.0,0.07949728384906152,0.29510523312151893,False,5.0354e-06,0.00284846,,151.24998,1280,5.821826768621138,3.4687861349597
"{""g"": {}, ""r"": {""FFT coefficients"": false, ""Light symmetry"": false, ""initial fit compare"": true, ""isophote variability"": true}, ""z"": {}}",11.857924958862132,True,success,WALLABY J130003-183028,9.263544995991323,0.19224227558226098,2,41,4.0320263186579105e-05,0.0,0.053283276157925386,0.29793748432929323,False,3.479e-06,0.00297284,,184.19386,1536,6.116932001742657,3.6446170178920725
"{""g"": {}, ""r"": {""FFT coefficients"": false, ""Light symmetry"": false, ""initial fit compare"": true, ""isophote variability"": true}, ""z"": {}}",11.857924958862132,True,success,WALLABY J130003-183028,9.316828272149248,0.17870288010587757,2,41,0.00013794706712343368,0.0,0.007457981136216318,0.354150891981325,True,3.60107e-06,0.00308218,,217.72986,1792,5.818994517413364,3.467098610732218
"{""g"": {}, ""r"": {""FFT coefficients"": false, ""Light symmetry"": false, ""initial fit compare"": true, ""isophote variability"": true}, ""z"": {}}",11.857924958862132,True,success,WALLABY J130003-183028,9.324286253285464,0.23084009211397666,2,41,,,,,,3.17383e-06,0.00311208,,251.02481999999998,2048,5.464843625432039,3.2560868866442156
"{""g"": {}, ""r"": {""FFT coefficients"": true, ""Light symmetry"": true, ""initial fit compare"": true, ""isophote variability"": true}, ""z"": {}}",128.4771300280371,True,success,WALLABY J130004-152151,9.385443499268764,0.15440734090561745,4,66,0.0,0.0,0.002017461349820948,0.0995061829779118,True,1.36719e-05,0.0070093,,133.22176000000002,1024,26.310379600887945,15.676364754958549
"{""g"": {}, ""r"": {""FFT coefficients"": true, ""Light symmetry"": true, ""initial fit compare"": true, ""isophote variability"": true}, ""z"": {}}",128.4771300280371,True,success,WALLABY J130004-152151,9.383426037918943,0.15690283829687843,4,66,,,,,,1.36719e-05,0.00679232,,166.75776000000002,1280,26.210873417910033,15.61707654842569
"{""g"": {}, ""r"": {""FFT coefficients"": true, ""Light symmetry"": true, ""initial fit compare"": true, ""isophote variability"": true}, ""z"": {}}",54.48684486022256,True,success,WALLABY J130010-130042,10.001442149439251,0.14519474238605573,1,57,0.0004946851389173995,5.448684486022259,0.011145627744374664,0.1195493548176838,False,0.000201862,0.00700552,,121.55490000000002,1024,10.008072877997224,5.963053491041132
"{""g"": {}, ""r"": {""FFT coefficients"": true, ""Light symmetry"": true, ""initial fit compare"": true, ""isophote variability"": true}, ""z"": {}}",59.93552934624482,True,success,WALLABY J130010-130042,10.012587777183626,0.14755201655166947,1,58,0.003087978825619548,5.448684486022259,0.013667508538597772,0.0980443282157264,False,0.000198404,0.00697509,,155.0909,1280,10.127622232814907,6.034283907354803
"{""g"": {}, ""r"": {""FFT coefficients"": true, ""Light symmetry"": true, ""initial fit compare"": true, ""isophote variability"": true}, ""z"": {}}",54.48684486022256,True,success,WALLABY J130010-130042,9.998920268645028,0.14079585125377392,1,57,0.0022119754076450177,5.448684486022259,0.012032234258553487,0.029385203179167263,False,0.000219696,0.00681516,,188.6269,1536,10.029577904599181,5.975866709481584
"{""g"": {}, ""r"": {""FFT coefficients"": true, ""Light symmetry"": true, ""initial fit compare"": true, ""isophote variability"": true}, ""z"": {}}",59.93552934624482,True,success,WALLABY J130010-130042,10.010952502903582,0.13754905049203348,1,58,0.0005930996380126244,5.993552934624489,0.0054349757112603925,0.07123839273176635,False,0.000234922,0.00695172,,222.1629,1792,10.058963107778348,5.993375128988371
"{""g"": {}, ""r"": {""FFT coefficients"": true, ""Light symmetry"": true, ""initial fit compare"": true, ""isophote variability"": true}, ""z"": {}}",65.92908228086931,True,success,WALLABY J130010-130042,10.005517527192321,0.1405198421112053,1,59,0.016872882748119666,0.0,0.014259785939053415,0.1001107761609692,False,0.000230789,0.00698523,,255.6989,2048,10.130201500510115,6.035820697846012
"{""g"": {}, ""r"": {""FFT coefficients"": true, ""Light symmetry"": true, ""initial fit compare"": true, ""isophote variability"": true}, ""z"": {}}",65.92908228086931,True,success,WALLABY J130010-130042,10.019777313131375,0.1473075253416704,2,59,0.009122374550818253,0.0,0.0015258698400035797,0.012385135321290264,True,0.000114214,0.0068328,,289.23490000000004,2304,10.230312276671084,6.095469135717597
"{""g"": {}, ""r"": {""FFT coefficients"": true, ""Light symmetry"": true, ""initial fit compare"": true, ""isophote variability"": true}, ""z"": {}}",65.92908228086931,True,success,WALLABY J130010-130042,10.018251443291371,0.14383194614613004,2,59,,,,,,5.28939e-05,0.00661109,,322.77090000000004,2560,10.217927141349794,6.0880897705476045
,,,quality_fail,WALLABY J130011+065105,,,,,,,,,,,,r-band AutoProf outputs missing,,1024,,
,,,quality_fail,WALLABY J130011+065105,,,,,,,,,,,,r-band AutoProf outputs missing,,1280,,
,,,quality_fail,WALLABY J130011+065105,,,,,,,,,,,,r-band AutoProf outputs missing,,1536,,
,,,quality_fail,WALLABY J130011+065105,,,,,,,,,,,,r-band AutoProf outputs missing,,1792,,
,,,quality_fail,WALLABY J130011+065105,,,,,,,,,,,,r-band AutoProf outputs missing,,2048,,
,,,quality_fail,WALLABY J130011+065105,,,,,,,,,,,,r-band AutoProf outputs missing,,2304,,
,,,quality_fail,WALLABY J130011+065105,,,,,,,,,,,,r-band AutoProf outputs missing,,2560,,
,,,quality_fail,WALLABY J130011+065105,,,,,,,,,,,,r-band AutoProf outputs missing,,2816,,
,,,quality_fail,WALLABY J130011+065105,,,,,,,,,,,,r-band AutoProf outputs missing,,3072,,
"{""g"": {}, ""r"": {""FFT coefficients"": false, ""Light symmetry"": false, ""initial fit compare"": true, ""isophote variability"": false}, ""z"": {}}",2.1327520339352053,True,success,WALLABY J130012+054417,10.301649902156592,0.22406873147974618,2,23,0.008858216166923002,0.0,0.028727692670063476,0.016565888880791135,False,8.83819e-05,0.00374544,,128.03154,1024,1.5570656335956343,0.9277376149613601
"{""g"": {}, ""r"": {""FFT coefficients"": false, ""Light symmetry"": false, ""initial fit compare"": true, ""isophote variability"": false}, ""z"": {}}",2.1327520339352053,True,success,WALLABY J130012+054417,10.272922209486529,0.21808471233152582,2,23,0.018397741953603327,0.0,0.0016890667095683654,0.004305944764858793,False,0.000120923,0.00360166,,161.56754,1280,1.5736315224764255,0.9376079748924889
"{""g"": {}, ""r"": {""FFT coefficients"": false, ""Light symmetry"": false, ""initial fit compare"": true, ""isophote variability"": false}, ""z"": {}}",2.1327520339352053,True,success,WALLABY J130012+054417,10.27123314277696,0.21839221873369324,2,23,0.004121798796004654,0.0,0.01823053601586544,0.028314798646422945,True,0.00018643,0.00351954,,195.10354,1536,1.5779374672412843,0.9401735616218554
"{""g"": {}, ""r"": {""FFT coefficients"": false, ""Light symmetry"": false, ""initial fit compare"": true, ""isophote variability"": false}, ""z"": {}}",2.1327520339352053,True,success,WALLABY J130012+054417,10.289463678792826,0.21721632983980158,2,23,,,,,,0.000200805,0.00345557,,228.63954,1792,1.5496226685948613,0.9233029151972195
"{""g"": {}, ""r"": {""FFT coefficients"": true, ""Light symmetry"": false, ""initial fit compare"": true, ""isophote variability"": true}, ""z"": {}}",106.17944630416288,True,success,WALLABY J130016-170140,9.900540267864201,0.12280920146333339,1,64,0.01433126284216245,40.25036402329357,0.04517043639846818,0.3543492918278961,False,0.000148258,0.00214032,,131.83053999999998,1024,9.887484685405543,5.891204109888737
"{""g"": {}, ""r"": {""FFT coefficients"": true, ""Light symmetry"": false, ""initial fit compare"": false, ""isophote variability"": true}, ""z"": {}}",65.92908228086931,True,success,WALLABY J130016-170140,9.855369831465733,0.12277617696546414,1,59,0.0028394476297222285,20.89863198316472,0.005807591667954526,0.07054572264704717,False,0.000178598,0.00209378,,165.36654,1280,10.241833977233439,6.1023340454358435
"{""g"": {}, ""r"": {""FFT coefficients"": true, ""Light symmetry"": false, ""initial fit compare"": false, ""isophote variability"": true}, ""z"": {}}",45.03045029770459,True,success,WALLABY J130016-170140,9.849562239797779,0.12390554117137174,1,55,0.0076,20.89863198316472,0.03831758092636939,0.42367547943591255,False,0.000184526,0.00208168,,198.90254,1536,10.171288254586392,6.0603011862793785
"{""g"": {}, ""r"": {""FFT coefficients"": true, ""Light symmetry"": false, ""initial fit compare"": true, ""isophote variability"": true}, ""z"": {}}",65.92908228086931,True,success,WALLABY J130016-170140,9.887879820724148,0.12405495049378934,1,59,0.0034440473021787794,0.0,0.0004316966676416456,0.04015003483869606,True,0.00020041,0.00209832,,232.43854,1792,9.747612775150479,5.8078650202445425
"{""g"": {}, ""r"": {""FFT coefficients"": true, ""Light symmetry"": false, ""initial fit compare"": true, ""isophote variability"": true}, ""z"": {}}",65.92908228086931,True,success,WALLABY J130016-170140,9.88831151739179,0.12541514444445861,1,59,,,,,,0.000193164,0.00210952,,265.97454000000005,2048,9.787762809989175,5.8317873885495
"{""g"": {}, ""r"": {""FFT coefficients"": true, ""Light symmetry"": true, ""initial fit compare"": true, ""isophote variability"": true}, ""z"": {}}",37.21524817992115,True,success,WALLABY J130018-115758,11.056195033751825,0.15417400698492678,2,53,0.017573016203725627,0.0,0.008391316452703634,0.1760949959421545,False,0.000316242,0.00859823,,125.2491,1024,8.643485783934906,5.149999276281423
"{""g"": {}, ""r"": {""FFT coefficients"": true, ""Light symmetry"": true, ""initial fit compare"": true, ""isophote variability"": true}, ""z"": {}}",37.21524817992115,True,success,WALLABY J130018-115758,11.064586350204529,0.17044314263079052,2,53,0.004472213490781128,0.0,0.004965732452607341,0.04060915437306001,True,0.000167795,0.00829665,,158.7851,1280,8.819580779877061,5.254920962315135
"{""g"": {}, ""r"": {""FFT coefficients"": true, ""Light symmetry"": true, ""initial fit compare"": true, ""isophote variability"": true}, ""z"": {}}",37.21524817992115,True,success,WALLABY J130018-115758,11.059620617751921,0.17487530151961614,2,53,,,,,,0.000131301,0.00802368,,192.3211,1536,8.860189934250121,5.279116885217024
"{""g"": {}, ""r"": {""FFT coefficients"": true, ""Light symmetry"": true, ""initial fit compare"": true, ""isophote variability"": true}, ""z"": {}}",141.32484303084084,False,success,WALLABY J130026-151708,11.185728431044339,0.12360290692560855,1,67,0.006388924518173311,0.0,0.0015238252291496224,0.028428212896567828,False,0.00021787,0.00821912,,125.72594000000001,1024,21.37882843455634,12.738026499719297
"{""g"": {}, ""r"": {""FFT coefficients"": true, ""Light symmetry"": true, ""initial fit compare"": true, ""isophote variability"": true}, ""z"": {}}",141.32484303084084,True,success,WALLABY J130026-151708,11.187252256273489,0.1227752280090869,1,67,0.005133630360346139,14.132484303084084,0.0036146804458194737,0.05879466990173299,False,0.000164075,0.00862096,,159.26194,1280,21.407256647452908,12.754964721115508
"{""g"": {}, ""r"": {""FFT coefficients"": true, ""Light symmetry"": true, ""initial fit compare"": true, ""isophote variability"": true}, ""z"": {}}",155.45732733392492,True,success,WALLABY J130026-151708,11.190866936719308,0.12279946732842917,1,68,0.0046769538414139665,0.0,0.0006159602897852778,0.02201434064497576,True,0.000119674,0.00867713,,192.79794,1536,21.46605131735464,12.789996016938996
"{""g"": {}, ""r"": {""FFT coefficients"": true, ""Light symmetry"": true, ""initial fit compare"": true, ""isophote variability"": true}, ""z"": {}}",155.45732733392492,True,success,WALLABY J130026-151708,11.191482897009093,0.12184184294691058,1,68,,,,,,0.000159902,0.00852552,,226.33394,1792,21.444036976709665,12.776879336791252
"{""g"": {}, ""r"": {""FFT coefficients"": true, ""Light symmetry"": true, ""initial fit compare"": true, ""isophote variability"": true}, ""z"": {}}",9.799937982530686,True,success,WALLABY J130029-133942,8.134681270064211,0.16375022502376232,3,39,0.01206273377953605,0.0,0.010057101534481916,0.02878359521952234,False,9.45968e-05,0.00673844,,130.96594000000002,1024,4.695935393347234,2.7979526410689477
"{""g"": {}, ""r"": {""FFT coefficients"": true, ""Light symmetry"": true, ""initial fit compare"": true, ""isophote variability"": true}, ""z"": {}}",9.799937982530686,True,success,WALLABY J130029-133942,8.144738371598693,0.15282532290854964,3,39,0.0015377961458984118,0.0,0.007539772439587367,0.035797363721933984,True,0.000174591,0.00652459,,164.50194000000002,1280,4.724718988566757,2.8151026079058035
"{""g"": {}, ""r"": {""FFT coefficients"": true, ""Light symmetry"": true, ""initial fit compare"": true, ""isophote variability"": true}, ""z"": {}}",9.799937982530686,True,success,WALLABY J130029-133942,8.15227814403828,0.15491722664002175,4,39,,,,,,0.000164831,0.0061689,,198.03794000000002,1536,4.760516352288691,2.836431548783267
"{""g"": {}, ""r"": {""FFT coefficients"": true, ""Light symmetry"": false, ""initial fit compare"": true, ""isophote variability"": true}, ""z"": {}}",11.857924958862132,True,success,WALLABY J130031+083118,8.90405827178797,0.1813538471069295,2,41,0.00039948571447457953,0.0,0.00218701670860888,0.038520840149938174,True,0.000104123,0.00450469,,127.15908000000002,1024,4.48379065981733,2.671551643663877
"{""g"": {}, ""r"": {""FFT coefficients"": true, ""Light symmetry"": false, ""initial fit compare"": true, ""isophote variability"": true}, ""z"": {}}",11.857924958862132,True,success,WALLABY J130031+083118,8.901871255079362,0.17952435995631588,2,41,,,,,,0.000105936,0.00457198,,160.69508000000002,1280,4.522311499967268,2.694503298106654
"{""g"": {}, ""r"": {""FFT coefficients"": true, ""Light symmetry"": false, ""initial fit compare"": true, ""isophote variability"": true}, ""z"": {}}",6.693489503811683,True,success,WALLABY J130034+052831,9.370627528163883,0.23332469415656695,1,35,0.016949817563550008,0.0,0.0036258010540990426,0.08128750864497603,False,0.000131929,0.00415416,,122.67888,1024,2.7355678803822943,1.6299179470361722
"{""g"": {}, ""r"": {""FFT coefficients"": true, ""Light symmetry"": false, ""initial fit compare"": true, ""isophote variability"": true}, ""z"": {}}",6.693489503811683,True,success,WALLABY J130034+052831,9.374253329217982,0.2247546234086969,1,35,0.00044753665413189004,0.0,0.006729551295430625,0.022139791568520195,True,0.000201912,0.00410351,,156.21488000000002,1280,2.6542803717373182,1.5814848702478204
"{""g"": {}, ""r"": {""FFT coefficients"": true, ""Light symmetry"": false, ""initial fit compare"": true, ""isophote variability"": true}, ""z"": {}}",6.693489503811683,True,success,WALLABY J130034+052831,9.367523777922552,0.2188204622266412,1,35,,,,,,0.000200081,0.00407906,,189.75088000000002,1536,2.6764201633058384,1.5946762971102122
"{""g"": {}, ""r"": {""FFT coefficients"": true, ""Light symmetry"": true, ""initial fit compare"": true, ""isophote variability"": true}, ""z"": {}}",14.348089200223182,True,success,WALLABY J130043+071159,9.741053313920165,0.1651259480736465,1,43,0.003060235398760421,1.4348089200223182,0.013706898477019891,0.19696161391440636,False,0.000154001,0.00584174,,131.42182,1024,4.839237084521128,2.8833352776907533
"{""g"": {}, ""r"": {""FFT coefficients"": true, ""Light symmetry"": true, ""initial fit compare"": true, ""isophote variability"": true}, ""z"": {}}",15.7828981202455,True,success,WALLABY J130043+071159,9.754760212397185,0.15658235436103568,1,44,0.0017823612226742314,0.0,0.006381678337566754,0.1097714416206319,True,0.000171823,0.00580573,,164.93424,1280,5.036198698435534,3.0006898027597626
"{""g"": {}, ""r"": {""FFT coefficients"": true, ""Light symmetry"": true, ""initial fit compare"": true, ""isophote variability"": true}, ""z"": {}}",15.7828981202455,True,success,WALLABY J130043+071159,9.748378534059619,0.15550712632178165,1,44,,,,,,0.000182141,0.00577217,,198.47024,1536,4.926427256814902,2.9352853051954404
"{""g"": {}, ""r"": {""FFT coefficients"": true, ""Light symmetry"": true, ""initial fit compare"": true, ""isophote variability"": true}, ""z"": {}}",106.17944630416288,True,success,WALLABY J130043-154253,8.85592939968323,0.15432801112401606,1,64,0.006640469090815097,9.652676936742083,0.024241392145672336,4.002692120215173,False,6.33822e-05,0.0078206,,130.94498000000002,1024,42.344090736262096,25.229640228235375
"{""g"": {}, ""r"": {""FFT coefficients"": true, ""Light symmetry"": true, ""initial fit compare"": true, ""isophote variability"": true}, ""z"": {}}",96.5267693674208,True,success,WALLABY J130043-154253,8.880170791828903,0.15701118998136526,1,63,0.004715794854200972,8.77516085158372,0.029266338379356327,0.4829488850619512,False,1.32868e-05,0.00726731,,164.48098,1280,38.341398616046924,22.844738807954318
"{""g"": {}, ""r"": {""FFT coefficients"": true, ""Light symmetry"": true, ""initial fit compare"": true, ""isophote variability"": true}, ""z"": {}}",87.75160851583708,True,success,WALLABY J130043-154253,8.850904453449546,0.17043046178793614,1,62,0.0028081053020325964,0.0,0.0038246769920906587,0.03279719676829984,True,4.7238e-05,0.00713162,,198.01698,1536,37.85844973098497,22.556986103695493
"{""g"": {}, ""r"": {""FFT coefficients"": true, ""Light symmetry"": true, ""initial fit compare"": true, ""isophote variability"": true}, ""z"": {}}",87.75160851583708,True,success,WALLABY J130043-154253,8.847079776457456,0.17975108430302592,1,62,,,,,,2.70883e-05,0.00721948,,231.55298,1792,37.82565253421667,22.537444735335203
"{""g"": {}, ""r"": {""FFT coefficients"": true, ""Light symmetry"": false, ""initial fit compare"": true, ""isophote variability"": true}, ""z"": {}}",19.09730672549706,True,success,WALLABY J130043-185429,9.24151244717102,0.17286005802637508,2,46,0.000712504158114633,0.0,0.019653939937823495,0.22283884208528093,True,0.000185958,0.00366845,,128.9302,1024,8.228720664974357,4.902872119961721
"{""g"": {}, ""r"": {""FFT coefficients"": true, ""Light symmetry"": false, ""initial fit compare"": true, ""isophote variability"": true}, ""z"": {}}",19.09730672549706,True,success,WALLABY J130043-185429,9.261166387108844,0.18245259235786743,2,46,,,,,,0.000188539,0.00357642,,162.46620000000001,1280,8.005881822889076,4.770099312305856
"{""g"": {}, ""r"": {""FFT coefficients"": true, ""Light symmetry"": true, ""initial fit compare"": true, ""isophote variability"": true}, ""z"": {}}",30.75640345448028,True,success,WALLABY J130055+070243,10.896399737234573,0.147507733644038,1,51,0.02331885224397597,0.0,0.006436746996719478,0.014012521512682508,False,2.993e-05,0.00566679,,121.96362,1024,3.919557172197335,2.335367594134051
"{""g"": {}, ""r"": {""FFT coefficients"": true, ""Light symmetry"": true, ""initial fit compare"": true, ""isophote variability"": true}, ""z"": {}}",30.75640345448028,True,success,WALLABY J130055+070243,10.889962990237853,0.14504462846528396,1,51,0.008262233369523147,0.0,0.002623499077403224,0.023293370288202997,True,0.000161035,0.00557776,,155.49962,1280,3.9055446506846523,2.327018592648641
"{""g"": {}, ""r"": {""FFT coefficients"": true, ""Light symmetry"": true, ""initial fit compare"": true, ""isophote variability"": true}, ""z"": {}}",30.75640345448028,True,success,WALLABY J130055+070243,10.892586489315256,0.14023365504778376,1,51,,,,,,0.000207038,0.00555797,,189.03562,1536,3.8822512803964493,2.3131398354984456
"{""g"": {}, ""r"": {""FFT coefficients"": true, ""Light symmetry"": true, ""initial fit compare"": true, ""isophote variability"": true}, ""z"": {}}",21.007037398046766,True,success,WALLABY J130057-172247,8.583822095895174,0.16808995098448848,2,47,0.002457067191171812,1.9097306725497063,0.010545121543005465,0.0969289198864578,False,5.21851e-06,0.00276408,,128.91448,1024,5.16905800681379,3.079850613467289
"{""g"": {}, ""r"": {""FFT coefficients"": true, ""Light symmetry"": true, ""initial fit compare"": true, ""isophote variability"": true}, ""z"": {}}",19.09730672549706,True,success,WALLABY J130057-172247,8.573276974352169,0.1663453846550751,2,46,0.0022659264285728254,0.0,0.00804738210603162,0.032673876446793315,True,1.18893e-05,0.0026658,,162.45048,1280,5.072129086927332,3.022098003033915
"{""g"": {}, ""r"": {""FFT coefficients"": true, ""Light symmetry"": true, ""initial fit compare"": true, ""isophote variability"": true}, ""z"": {}}",19.09730672549706,True,success,WALLABY J130057-172247,8.5813243564582,0.16528531697583324,2,46,,,,,,1.76829e-05,0.00244787,,195.98648,1536,5.039455210480539,3.002630111923705
"{""g"": {}, ""r"": {""FFT coefficients"": true, ""Light symmetry"": true, ""initial fit compare"": true, ""isophote variability"": true}, ""z"": {}}",27.960366776800253,True,success,WALLABY J130100+025004,9.486679611209551,0.1672541227862456,2,50,0.030927022548029943,0.0,0.01729534911130237,0.11847486633388371,False,0.00014032,0.0054705,,126.85254,1024,9.41343296710619,5.608752554209749
"{""g"": {}, ""r"": {""FFT coefficients"": true, ""Light symmetry"": true, ""initial fit compare"": true, ""isophote variability"": true}, ""z"": {}}",27.960366776800253,True,success,WALLABY J130100+025004,9.469384262098249,0.1620881628633008,4,50,0.012498612316803066,0.0,0.001991024246839501,0.027667762890075664,False,0.000312196,0.00564444,,160.38854,1280,9.294958100772305,5.538162344295703
"{""g"": {}, ""r"": {""FFT coefficients"": true, ""Light symmetry"": true, ""initial fit compare"": true, ""isophote variability"": true}, ""z"": {}}",27.960366776800253,True,success,WALLABY J130100+025004,9.46739323785141,0.15271939393834635,4,50,0.009166056761022466,0.0,0.010537749593870771,0.06632135202154998,True,0.000243519,0.0053451,,193.92454,1536,9.26729033788223,5.521677217528323
"{""g"": {}, ""r"": {""FFT coefficients"": true, ""Light symmetry"": true, ""initial fit compare"": true, ""isophote variability"": true}, ""z"": {}}",27.960366776800253,True,success,WALLABY J130100+025004,9.47793098744528,0.15687209468226457,4,50,,,,,,0.000196304,0.00495704,,227.46054,1792,9.33361168990378,5.5611930938137695
"{""g"": {}, ""r"": {""FFT coefficients"": false, ""Light symmetry"": true, ""initial fit compare"": true, ""isophote variability"": true}, ""z"": {}}",87.75160851583708,True,success,WALLABY J130108-181149,10.80901555603303,0.136887488087707,1,62,5.616012955376181e-05,0.0,0.009104914603669911,0.21717205293179376,True,0.0,0.00438152,,129.77646000000001,1024,20.7353196738204,12.354608312321973
"{""g"": {}, ""r"": {""FFT coefficients"": false, ""Light symmetry"": true, ""initial fit compare"": true, ""isophote variability"": true}, ""z"": {}}",87.75160851583708,True,success,WALLABY J130108-181149,10.79991064142936,0.1381763905821003,2,62,,,,,,-2.44141e-07,0.00431294,,163.31246000000002,1280,20.518147620888605,12.225211915615214
"{""g"": {}, ""r"": {""FFT coefficients"": true, ""Light symmetry"": true, ""initial fit compare"": true, ""isophote variability"": true}, ""z"": {}}",17.361187932270052,True,success,WALLABY J130116+045403,9.978784468003957,0.14919322511255562,4,45,0.005371601258048597,1.736118793227007,0.0024716837872773567,0.19811847469832955,False,0.000237458,0.00556297,,132.46196,1024,5.974944117331519,3.560017179327266
"{""g"": {}, ""r"": {""FFT coefficients"": true, ""Light symmetry"": true, ""initial fit compare"": true, ""isophote variability"": true}, ""z"": {}}",19.09730672549706,True,success,WALLABY J130116+045403,9.981256151791234,0.15133403187764424,4,46,0.002316932647763897,0.0,0.007979106027244498,0.04975054106553145,True,0.000208005,0.00540322,,165.99796,1280,6.173062592029849,3.6780609902178636
"{""g"": {}, ""r"": {""FFT coefficients"": true, ""Light symmetry"": true, ""initial fit compare"": true, ""isophote variability"": true}, ""z"": {}}",19.09730672549706,True,success,WALLABY J130116+045403,9.989235257818478,0.15239405111187068,4,46,,,,,,0.000195629,0.00527987,,199.53396,1536,6.1233120509643175,3.648418406555806
"{""g"": {}, ""r"": {""FFT coefficients"": true, ""Light symmetry"": true, ""initial fit compare"": true, ""isophote variability"": true}, ""z"": {}}",23.107741137851445,True,success,WALLABY J130121-133904,9.46844069325586,0.1767398714705574,2,48,0.0004381575425786008,2.100703739804679,0.028889444555566968,0.29302423795596333,False,7.20215e-06,0.00646546,,130.37644,1024,7.461157453862243,4.445539270629715
"{""g"": {}, ""r"": {""FFT coefficients"": true, ""Light symmetry"": true, ""initial fit compare"": true, ""isophote variability"": true}, ""z"": {}}",21.007037398046766,True,success,WALLABY J130121-133904,9.439551248700292,0.18054006138599432,2,47,0.00046188360602496633,2.100703739804679,0.01834852748713267,0.23610397270484462,False,1.00098e-05,0.00635025,,163.91244,1280,7.16813321590628,4.270948295283756
"{""g"": {}, ""r"": {""FFT coefficients"": true, ""Light symmetry"": true, ""initial fit compare"": true, ""isophote variability"": true}, ""z"": {}}",23.107741137851445,True,success,WALLABY J130121-133904,9.457899776187425,0.18436220384747884,2,48,0.0015931705914597636,0.0,0.0014827126753154118,0.06381688496814863,True,1.29395e-05,0.00633563,,197.44844,1536,7.404237188611124,4.411624790733902
"{""g"": {}, ""r"": {""FFT coefficients"": true, ""Light symmetry"": true, ""initial fit compare"": true, ""isophote variability"": true}, ""z"": {}}",23.107741137851445,True,success,WALLABY J130121-133904,9.45641706351211,0.18499455865246897,3,48,,,,,,2.30247e-05,0.00632491,,230.98444,1792,7.468054073579273,4.449648444571727
"{""g"": {}, ""r"": {""FFT coefficients"": true, ""Light symmetry"": true, ""initial fit compare"": true, ""isophote variability"": true}, ""z"": {}}",10.779931780783755,True,success,WALLABY J130121-194538,9.249046885979,0.18275144453297332,2,40,0.028084038685386642,0.9799937982530693,0.009922065367240052,0.13328620942435077,False,0.000122669,0.00353668,,131.81220000000002,1024,4.087502063645168,2.4354332494763744
"{""g"": {}, ""r"": {""FFT coefficients"": true, ""Light symmetry"": true, ""initial fit compare"": true, ""isophote variability"": true}, ""z"": {}}",9.799937982530686,True,success,WALLABY J130121-194538,9.23912482061176,0.1749525789023677,2,39,0.005770305603274086,0.0,0.006798550053776609,0.0037102621679863113,True,2.49548e-05,0.00342202,,165.34820000000002,1280,3.9542158542208172,2.3560180807316637
"{""g"": {}, ""r"": {""FFT coefficients"": true, ""Light symmetry"": true, ""initial fit compare"": true, ""isophote variability"": true}, ""z"": {}}",9.799937982530686,True,success,WALLABY J130121-194538,9.232326270557984,0.17939722049937537,2,39,,,,,,4.75045e-06,0.00358085,,198.88420000000002,1536,3.950505592052831,2.353807416196823
"{""g"": {}, ""r"": {""FFT coefficients"": false, ""Light symmetry"": false, ""initial fit compare"": true, ""isophote variability"": true}, ""z"": {}}",23.107741137851445,True,success,WALLABY J130122+042728,9.866768994718559,0.13216199537831075,1,48,0.004614085385255728,4.852625638948808,0.01337638249288986,0.13858890393230006,False,6.98774e-05,0.00617638,,126.18444000000001,1024,7.721197639158177,4.600477544325641
"{""g"": {}, ""r"": {""FFT coefficients"": false, ""Light symmetry"": false, ""initial fit compare"": true, ""isophote variability"": true}, ""z"": {}}",27.960366776800253,True,success,WALLABY J130122+042728,9.853392612225669,0.11395073214931388,1,50,0.009296849978904127,6.953329378753487,0.03146465571611401,0.28011688775773713,False,9.85891e-05,0.00626886,,159.72044,1280,7.859786543090477,4.683052187564894
"{""g"": {}, ""r"": {""FFT coefficients"": false, ""Light symmetry"": false, ""initial fit compare"": true, ""isophote variability"": true}, ""z"": {}}",21.007037398046766,True,success,WALLABY J130122+042728,9.884857267941783,0.11676244332444768,2,47,0.006847443297184664,2.100703739804679,0.029081801529082796,0.22537418988509472,False,0.00015621,0.00612693,,193.25644,1536,7.57966965533274,4.516151725727168
"{""g"": {}, ""r"": {""FFT coefficients"": false, ""Light symmetry"": false, ""initial fit compare"": true, ""isophote variability"": true}, ""z"": {}}",23.107741137851445,True,success,WALLABY J130122+042728,9.8557754664127,0.12137388152493538,2,48,0.007209677405421471,4.010434412354385,0.016636779958556502,0.2120140286645018,False,0.000197353,0.00589011,,226.79244,1792,7.805043845217835,4.650435155331232
"{""g"": {}, ""r"": {""FFT coefficients"": false, ""Light symmetry"": false, ""initial fit compare"": true, ""isophote variability"": true}, ""z"": {}}",19.09730672549706,True,success,WALLABY J130122+042728,9.839138686454143,0.12375827765224276,2,46,0.003837186658639032,0.0,0.033516793320060856,0.4498126087760843,False,0.000239082,0.00568572,,260.32844,2048,8.017057873882337,4.776758275595175
"{""g"": {}, ""r"": {""FFT coefficients"": false, ""Light symmetry"": false, ""initial fit compare"": true, ""isophote variability"": true}, ""z"": {}}",19.09730672549706,True,success,WALLABY J130122+042728,9.805621893134083,0.1292522383107644,4,46,0.004868817045475528,1.9097306725497063,0.030482013909692185,0.14161596688951317,False,0.00026056,0.00550894,,293.86444,2304,7.567245265106252,4.508748971528905
"{""g"": {}, ""r"": {""FFT coefficients"": false, ""Light symmetry"": false, ""initial fit compare"": true, ""isophote variability"": true}, ""z"": {}}",21.007037398046766,True,success,WALLABY J130122+042728,9.836103907043775,0.1306818087449297,4,47,0.02341592542081137,3.6458494657767133,0.0020950252439604355,0.05385876069386697,False,0.00028693,0.00532326,,327.40044,2560,7.425629298216739,4.424370730478699
"{""g"": {}, ""r"": {""FFT coefficients"": false, ""Light symmetry"": false, ""initial fit compare"": true, ""isophote variability"": true}, ""z"": {}}",17.361187932270052,True,success,WALLABY J130122+042728,9.834008881799814,0.1193788717348374,4,45,0.005202753340333351,1.736118793227007,0.040797174218603516,0.9604465516918896,False,0.000164769,0.00511075,,360.93644,2816,7.371770537522872,4.392280369537705
"{""g"": {}, ""r"": {""FFT coefficients"": false, ""Light symmetry"": false, ""initial fit compare"": true, ""isophote variability"": true}, ""z"": {}}",19.09730672549706,True,success,WALLABY J130122+042728,9.874806056018418,0.11687603721975137,4,46,,,,,,0.000138458,0.00500351,,394.47244,3072,8.332217089214762,4.964537809390685
"{""g"": {}, ""r"": {""FFT coefficients"": true, ""Light symmetry"": true, ""initial fit compare"": true, ""isophote variability"": true}, ""z"": {}}",17.361187932270052,True,success,WALLABY J130125+042810,8.96701977881247,0.20310220416786753,1,45,0.00341028152350208,3.6458494657767133,0.0006678550771948011,0.44243090639692717,False,7.65304e-05,0.00659109,,131.46112,1024,7.461032009013403,4.445464527534523
"{""g"": {}, ""r"": {""FFT coefficients"": true, ""Light symmetry"": true, ""initial fit compare"": true, ""isophote variability"": true}, ""z"": {}}",21.007037398046766,True,success,WALLABY J130125+042810,8.967687633889664,0.15513604897459013,1,47,0.008816917940296006,1.9097306725497063,0.027538443176453598,0.23448115516591628,False,9.82926e-05,0.00617161,,164.99712,1280,7.90346291541033,4.709075633598196
"{""g"": {}, ""r"": {""FFT coefficients"": true, ""Light symmetry"": true, ""initial fit compare"": true, ""isophote variability"": true}, ""z"": {}}",19.09730672549706,True,success,WALLABY J130125+042810,8.94014919071321,0.1626236930598238,1,46,0.0007341794751784763,0.0,0.03565536419727344,0.1746774309637633,False,0.000151926,0.00599441,,198.53312,1536,7.668981760244414,4.569366052349094
"{""g"": {}, ""r"": {""FFT coefficients"": true, ""Light symmetry"": true, ""initial fit compare"": true, ""isophote variability"": true}, ""z"": {}}",19.09730672549706,True,success,WALLABY J130125+042810,8.975804554910484,0.1730768627531501,2,46,0.010147584570910277,0.0,0.02454910649382569,0.13214014595517742,False,0.000147526,0.00599176,,232.06912,1792,7.843659191208177,4.673443118654692
"{""g"": {}, ""r"": {""FFT coefficients"": true, ""Light symmetry"": true, ""initial fit compare"": true, ""isophote variability"": true}, ""z"": {}}",19.09730672549706,True,success,WALLABY J130125+042810,8.951255448416658,0.16191724764789842,2,46,0.0013755531453175946,0.0,0.030796418704603923,0.025138668880816617,False,0.000207885,0.00590447,,265.60512,2048,7.711519045253,4.594710802428555
"{""g"": {}, ""r"": {""FFT coefficients"": true, ""Light symmetry"": true, ""initial fit compare"": true, ""isophote variability"": true}, ""z"": {}}",19.09730672549706,True,success,WALLABY J130125+042810,8.982051867121262,0.17760195245870664,2,46,0.008889668318450242,0.0,0.009732741433387204,0.012536008371258234,True,0.000199876,0.0057403,,299.14112,2304,7.736657714133816,4.6096890334084115
"{""g"": {}, ""r"": {""FFT coefficients"": true, ""Light symmetry"": true, ""initial fit compare"": true, ""isophote variability"": true}, ""z"": {}}",19.09730672549706,True,success,WALLABY J130125+042810,8.972319125687875,0.16893696351208096,2,46,,,,,,0.000250313,0.00560703,,332.67712,2560,7.749193722505074,4.6171582924149375
,,,quality_fail,WALLABY J130130-151321,,,,,,,,,,,,invalid retained r cumulative row 0,,1024,,
,,,quality_fail,WALLABY J130130-151321,,,,,,,,,,,,invalid retained r cumulative row 0,,1280,,
"{""g"": {}, ""r"": {""FFT coefficients"": true, ""Light symmetry"": true, ""initial fit compare"": true, ""isophote variability"": true}, ""z"": {}}",21.007037398046766,True,success,WALLABY J130130-151321,8.494660353707287,0.1938178515053494,1,47,0.04224070815399884,18.168344440879007,0.5534073249837723,5.446389888317061,False,-7.62939e-09,0.0115873,,199.09904,1536,7.1680911046999745,4.2709232044017424
"{""g"": {}, ""r"": {""FFT coefficients"": false, ""Light symmetry"": false, ""initial fit compare"": true, ""isophote variability"": false}, ""z"": {}}",2.8386929571677584,True,success,WALLABY J130130-151321,7.941253028723515,0.18426751430659083,1,26,0.0,0.2838692957167761,0.032605840778533235,0.08865694430031512,False,0.00025,0.000249984,,232.63504,1792,1.7217012163829133,1.0258315036307375
"{""g"": {}, ""r"": {""FFT coefficients"": false, ""Light symmetry"": false, ""initial fit compare"": true, ""isophote variability"": false}, ""z"": {}}",3.1225622528845345,True,success,WALLABY J130130-151321,7.973858869502048,0.2014138249171248,1,27,0.0,0.0,0.0033863412452692643,0.0015241525174185533,True,0.00025,0.000249984,,266.17104,2048,1.8103581606832284,1.0786554696089736
"{""g"": {}, ""r"": {""FFT coefficients"": false, ""Light symmetry"": false, ""initial fit compare"": true, ""isophote variability"": false}, ""z"": {}}",3.1225622528845345,True,success,WALLABY J130130-151321,7.977245210747317,0.1967658361361342,1,27,,,,,,0.00025,0.000249984,,299.70704,2304,1.8088340081658099,1.0777473424299786
"{""g"": {}, ""r"": {""FFT coefficients"": true, ""Light symmetry"": true, ""initial fit compare"": true, ""isophote variability"": true}, ""z"": {}}",33.83204379992831,True,success,WALLABY J130132-190935,10.709873593457184,0.15253241020958586,2,52,0.017354305556801765,3.38320437999284,0.002548496455933247,0.013487943736884667,False,6.35368e-05,0.00401918,,129.0088,1024,6.901717373530362,4.112211249869046
"{""g"": {}, ""r"": {""FFT coefficients"": true, ""Light symmetry"": true, ""initial fit compare"": true, ""isophote variability"": true}, ""z"": {}}",37.21524817992115,True,success,WALLABY J130132-190935,10.712422089913117,0.14808503135239717,2,53,0.009643189515393984,0.0,0.006810078349390736,0.04693742208256246,True,0.000131231,0.00378225,,162.5448,1280,6.888229429793477,4.104174804594549
"{""g"": {}, ""r"": {""FFT coefficients"": true, ""Light symmetry"": true, ""initial fit compare"": true, ""isophote variability"": true}, ""z"": {}}",37.21524817992115,True,success,WALLABY J130132-190935,10.719232168262508,0.1529587273790797,3,53,,,,,,9.60525e-05,0.00351378,,196.0808,1536,6.93516685187604,4.132141263474483
"{""g"": {}, ""r"": {""FFT coefficients"": false, ""Light symmetry"": false, ""initial fit compare"": true, ""isophote variability"": false}, ""z"": {}}",7.36283845419285,True,success,WALLABY J130133-192537,8.721296651646064,0.1545316853181066,2,36,0.024262214555633915,1.2778479961822304,0.5806987030896718,0.4114463176463241,False,9.8536e-05,0.00358494,,121.74092,1024,4.693035398405497,2.796224753475389
"{""g"": {}, ""r"": {""FFT coefficients"": false, ""Light symmetry"": false, ""initial fit compare"": true, ""isophote variability"": true}, ""z"": {}}",6.08499045801062,True,success,WALLABY J130133-192537,8.140597948556392,0.17806142400651,2,34,0.014854087385220326,3.2462975008428616,0.1381478227745223,2.3835960404821948,False,1.40745e-05,0.00337745,,155.60703999999998,1280,4.281589080759173,2.5510750197828105
"{""g"": {}, ""r"": {""FFT coefficients"": false, ""Light symmetry"": false, ""initial fit compare"": true, ""isophote variability"": false}, ""z"": {}}",2.8386929571677584,True,success,WALLABY J130133-192537,8.278745771330914,0.14513131096037823,4,26,0.00648472059305483,0.0,0.006272836899093193,0.02016093853504075,True,6.39393e-05,0.0033365,,188.8889,1536,1.8979930402769782,1.1308704645504428
"{""g"": {}, ""r"": {""FFT coefficients"": false, ""Light symmetry"": false, ""initial fit compare"": true, ""isophote variability"": false}, ""z"": {}}",2.8386929571677584,True,success,WALLABY J130133-192537,8.272472934431821,0.1473887421303249,4,26,,,,,,4.20748e-05,0.00340689,,222.4249,1792,1.918153978812019,1.1428828425956052
"{""g"": {}, ""r"": {""FFT coefficients"": true, ""Light symmetry"": true, ""initial fit compare"": true, ""isophote variability"": true}, ""z"": {}}",14.348089200223182,True,success,WALLABY J130139+072923,10.308955739150447,0.13851629826938017,1,43,0.00871274392202361,0.0,0.0002647524552426006,0.005165819459060472,True,0.000148143,0.00619019,,129.02976,1024,3.418058463807661,2.0365624534970155
"{""g"": {}, ""r"": {""FFT coefficients"": true, ""Light symmetry"": true, ""initial fit compare"": true, ""isophote variability"": true}, ""z"": {}}",14.348089200223182,True,success,WALLABY J130139+072923,10.308690986695204,0.13886833522687256,1,43,,,,,,9.49747e-05,0.00601453,,162.56576,1280,3.4128926443486005,2.0334845324891497
"{""g"": {}, ""r"": {""FFT coefficients"": true, ""Light symmetry"": false, ""initial fit compare"": true, ""isophote variability"": true}, ""z"": {}}",11.857924958862132,True,success,WALLABY J130143+040835,9.433206667014602,0.16277978268918736,2,41,0.00137122038955473,0.0,0.006821156832367947,0.037089562480116633,True,0.000165401,0.00599912,,131.66548,1024,3.8998470907954963,2.3236238477460396
"{""g"": {}, ""r"": {""FFT coefficients"": true, ""Light symmetry"": false, ""initial fit compare"": true, ""isophote variability"": true}, ""z"": {}}",11.857924958862132,True,success,WALLABY J130143+040835,9.426385510182234,0.17248196528011184,2,41,,,,,,0.000157354,0.00573787,,165.20148,1280,3.936936653275613,2.345722712105279
"{""g"": {}, ""r"": {""FFT coefficients"": true, ""Light symmetry"": true, ""initial fit compare"": true, ""isophote variability"": true}, ""z"": {}}",11.857924958862132,True,success,WALLABY J130147+053426,9.572065768539824,0.17209185885217823,1,41,0.011083069737919208,0.0,0.01038322518948398,0.05958310805482725,False,0.000155758,0.00423016,,127.14598,1024,4.675406160461092,2.7857208242823974
"{""g"": {}, ""r"": {""FFT coefficients"": true, ""Light symmetry"": true, ""initial fit compare"": true, ""isophote variability"": true}, ""z"": {}}",11.857924958862132,True,success,WALLABY J130147+053426,9.56168254335034,0.18010022901898476,1,41,0.002024855467133016,1.185792495886215,0.016266094613847315,0.11827436046507511,False,0.000203077,0.00430881,,160.68198,1280,4.734989268515919,2.8212218907538995
"{""g"": {}, ""r"": {""FFT coefficients"": true, ""Light symmetry"": true, ""initial fit compare"": true, ""isophote variability"": true}, ""z"": {}}",13.043717454748347,True,success,WALLABY J130147+053426,9.577948637964187,0.17082219124698458,2,42,0.0006252882151383702,1.185792495886215,0.017034504857925015,0.15772904958684375,False,0.00019437,0.00429131,,194.21798,1536,4.8532636289809945,2.8916926343895177
"{""g"": {}, ""r"": {""FFT coefficients"": true, ""Light symmetry"": true, ""initial fit compare"": true, ""isophote variability"": true}, ""z"": {}}",11.857924958862132,True,success,WALLABY J130147+053426,9.560914133106262,0.17923618109680373,2,41,0.0005947656439750088,1.185792495886215,0.008272584317458254,0.15058460331126522,False,0.000191692,0.00427434,,227.75398,1792,4.695534579394151,2.797713826356932
"{""g"": {}, ""r"": {""FFT coefficients"": true, ""Light symmetry"": true, ""initial fit compare"": true, ""isophote variability"": true}, ""z"": {}}",13.043717454748347,True,success,WALLABY J130147+053426,9.56918671742372,0.17841829633172776,2,42,0.0010836252315970798,1.185792495886215,0.0041600916508777175,0.1595283868689954,False,0.000189133,0.00433073,,261.28998,2048,4.846119182705416,2.887435799349996
"{""g"": {}, ""r"": {""FFT coefficients"": true, ""Light symmetry"": true, ""initial fit compare"": true, ""isophote variability"": true}, ""z"": {}}",11.857924958862132,True,success,WALLABY J130147+053426,9.573346809074598,0.17196547949296329,2,41,0.002307583844370419,0.0,0.009941379895604285,0.07070879333046687,True,0.000184457,0.00429956,,294.82598,2304,4.686590795836421,2.79238490235556
"{""g"": {}, ""r"": {""FFT coefficients"": true, ""Light symmetry"": true, ""initial fit compare"": true, ""isophote variability"": true}, ""z"": {}}",11.857924958862132,True,success,WALLABY J130147+053426,9.563405429178994,0.17633337111028832,2,41,,,,,,0.00019444,0.00435278,,328.36198,2560,4.757299589166887,2.8345149229955497
"{""g"": {}, ""r"": {""FFT coefficients"": true, ""Light symmetry"": true, ""initial fit compare"": true, ""isophote variability"": true}, ""z"": {}}",40.93677299791326,True,success,WALLABY J130148+045931,10.776571026358452,0.1377759598076146,1,54,0.01675572472270714,0.0,0.001860410627791964,7.079026295109259e-05,False,0.000341584,0.00497063,,132.59820000000002,1024,10.182446294858964,6.066949418342798
"{""g"": {}, ""r"": {""FFT coefficients"": true, ""Light symmetry"": true, ""initial fit compare"": true, ""isophote variability"": true}, ""z"": {}}",40.93677299791326,True,success,WALLABY J130148+045931,10.778431436986244,0.13782320193595277,1,54,0.013551613617412212,0.0,0.0048224406651300455,0.10956334075876129,False,0.000259616,0.00481325,,166.13420000000002,1280,10.182375504596013,6.066907239780575
"{""g"": {}, ""r"": {""FFT coefficients"": true, ""Light symmetry"": true, ""initial fit compare"": true, ""isophote variability"": true}, ""z"": {}}",40.93677299791326,True,success,WALLABY J130148+045931,10.773608996321114,0.13769094336873042,1,54,0.011745611851754335,0.0,0.007035631365857498,0.08917395794090588,False,0.000194122,0.00485261,,199.67020000000002,1536,10.291938845354775,6.132187745784684
"{""g"": {}, ""r"": {""FFT coefficients"": true, ""Light symmetry"": true, ""initial fit compare"": true, ""isophote variability"": true}, ""z"": {}}",40.93677299791326,True,success,WALLABY J130148+045931,10.780644627686971,0.13860785276469006,1,54,0.005891652528270029,0.0,0.0014071739389471816,0.019243658603805613,True,0.000137022,0.00487017,,233.20620000000002,1792,10.202764887413869,6.079055730491457
"{""g"": {}, ""r"": {""FFT coefficients"": true, ""Light symmetry"": true, ""initial fit compare"": true, ""isophote variability"": true}, ""z"": {}}",40.93677299791326,True,success,WALLABY J130148+045931,10.779237453748024,0.1375389208659064,1,54,,,,,,0.000166053,0.00498479,,266.7422,2048,10.222008546017674,6.090521570820229
"{""g"": {}, ""r"": {""FFT coefficients"": true, ""Light symmetry"": true, ""initial fit compare"": true, ""isophote variability"": true}, ""z"": {}}",65.92908228086931,True,success,WALLABY J130148-114530,9.889281731458027,0.15602343582948391,1,59,0.0009452472708394557,0.0,0.008187441823356068,0.03782171985375804,True,1.17105e-05,0.00940824,,130.73276,1024,15.438046570584836,9.198364022705213
"{""g"": {}, ""r"": {""FFT coefficients"": true, ""Light symmetry"": true, ""initial fit compare"": true, ""isophote variability"": true}, ""z"": {}}",65.92908228086931,True,success,WALLABY J130148-114530,9.897469173281383,0.16405507849575773,1,59,,,,,,3.23486e-06,0.00852493,,164.26876000000001,1280,15.475868290438594,9.220899124253782
"{""g"": {}, ""r"": {""FFT coefficients"": false, ""Light symmetry"": false, ""initial fit compare"": true, ""isophote variability"": false}, ""z"": {}}",37.21524817992115,True,success,WALLABY J130152-133135,10.3011470792317,0.19413916631475872,1,53,0.000818845445907505,0.0,0.09908706961788027,0.11396186966106825,False,7.8125e-06,0.00773734,,115.24594,1024,12.636498622235642,7.529133544732727
"{""g"": {}, ""r"": {""FFT coefficients"": false, ""Light symmetry"": false, ""initial fit compare"": true, ""isophote variability"": false}, ""z"": {}}",37.21524817992115,True,success,WALLABY J130152-133135,10.20206000961382,0.22125387366442792,1,53,0.00012420601671003583,3.38320437999284,0.058038409223941656,0.35213294953421936,False,2.2583e-06,0.00582859,,148.75836,1280,12.522536752574574,7.461232288115979
"{""g"": {}, ""r"": {""FFT coefficients"": false, ""Light symmetry"": false, ""initial fit compare"": true, ""isophote variability"": false}, ""z"": {}}",33.83204379992831,True,success,WALLABY J130152-133135,10.260098418837762,0.1862436955825991,1,52,0.00012948612200147313,11.198406497776283,0.01713194242834959,1.3356573748804905,False,1.5564e-06,0.0054736,,182.2996,1536,12.170403803040355,7.251422903269569
"{""g"": {}, ""r"": {""FFT coefficients"": false, ""Light symmetry"": false, ""initial fit compare"": true, ""isophote variability"": false}, ""z"": {}}",45.03045029770459,True,success,WALLABY J130152-133135,10.277230361266112,0.18897565155938945,2,55,5.099222865614693e-05,7.815202117783443,0.021374427979099053,0.5294728568251426,False,2.31934e-06,0.00631052,,215.83822,1792,13.506061177920845,8.047240086977945
"{""g"": {}, ""r"": {""FFT coefficients"": false, ""Light symmetry"": false, ""initial fit compare"": true, ""isophote variability"": false}, ""z"": {}}",37.21524817992115,True,success,WALLABY J130152-133135,10.255855933287013,0.1923800334032919,2,53,0.00020907991221966489,6.458844725440866,0.05950120719044527,1.6497753843516687,False,2.65503e-06,0.0068558,,249.36898,2048,12.976588321095702,7.7317672676059
"{""g"": {}, ""r"": {""FFT coefficients"": false, ""Light symmetry"": false, ""initial fit compare"": true, ""isophote variability"": false}, ""z"": {}}",30.75640345448028,True,success,WALLABY J130152-133135,10.196354726096567,0.1516258915775801,2,51,8.59438689665759e-06,0.0,0.011456197926579037,0.042558100596346904,True,4.11987e-06,0.00715645,,282.9076,2304,11.326812936744034,6.7487909259047765
"{""g"": {}, ""r"": {""FFT coefficients"": false, ""Light symmetry"": false, ""initial fit compare"": true, ""isophote variability"": false}, ""z"": {}}",30.75640345448028,True,success,WALLABY J130152-133135,10.184898528169988,0.1595937702515178,2,51,,,,,,4.18091e-06,0.00704817,,316.4436,2560,11.284254836147687,6.723433773391324
"{""g"": {}, ""r"": {""FFT coefficients"": true, ""Light symmetry"": true, ""initial fit compare"": true, ""isophote variability"": true}, ""z"": {}}",17.361187932270052,True,success,WALLABY J130153-191443,9.36642835996212,0.1574162561061864,1,45,0.003633592205422899,0.0,0.005399082368320762,0.007513037152771851,True,0.000140501,0.00379164,,131.48208,1024,6.865308243579574,4.090517803777527
"{""g"": {}, ""r"": {""FFT coefficients"": true, ""Light symmetry"": true, ""initial fit compare"": true, ""isophote variability"": true}, ""z"": {}}",17.361187932270052,True,success,WALLABY J130153-191443,9.361029277593799,0.1648215393246248,1,45,,,,,,0.000126818,0.00373975,,165.01808000000003,1280,6.872821280732346,4.094994254235902
,,,quality_fail,WALLABY J130158+030601,,,,,,,,,,,,invalid retained r cumulative row 0,,1024,,
"{""g"": {}, ""r"": {""FFT coefficients"": false, ""Light symmetry"": false, ""initial fit compare"": true, ""isophote variability"": false}, ""z"": {}}",79.77418955985188,True,success,WALLABY J130158+030601,9.565627300756839,0.12669290628000282,4,61,0.007760587581920653,0.0,0.003762391809656762,0.19459775232686383,True,0.000242095,0.00471797,,165.09668,1280,19.164568458694227,11.418716494676696
"{""g"": {}, ""r"": {""FFT coefficients"": false, ""Light symmetry"": false, ""initial fit compare"": true, ""isophote variability"": false}, ""z"": {}}",79.77418955985188,True,success,WALLABY J130158+030601,9.569389692566496,0.13432388307134654,4,61,,,,,,0.000205309,0.00476224,,198.63268,1536,18.969970706367363,11.302770415895376
"{""g"": {}, ""r"": {""FFT coefficients"": true, ""Light symmetry"": false, ""initial fit compare"": true, ""isophote variability"": true}, ""z"": {}}",15.7828981202455,True,success,WALLABY J130158-164401,9.143671397978496,0.14317303083605018,1,44,0.0065083803335554465,0.0,0.045751504561929224,0.028578700739279483,False,0.000158821,0.00791722,,127.73548000000001,1024,6.805348019220028,4.05479204222988
"{""g"": {}, ""r"": {""FFT coefficients"": true, ""Light symmetry"": false, ""initial fit compare"": true, ""isophote variability"": true}, ""z"": {}}",15.7828981202455,True,success,WALLABY J130158-164401,9.097919893416567,0.16125424752228443,1,44,0.013038877737562758,0.0,0.020865890869485426,0.016681632323835238,False,0.000107787,0.00776533,,161.2086,1280,6.833926719959307,4.071819927946764
"{""g"": {}, ""r"": {""FFT coefficients"": true, ""Light symmetry"": false, ""initial fit compare"": true, ""isophote variability"": true}, ""z"": {}}",15.7828981202455,True,success,WALLABY J130158-164401,9.118785784286052,0.15032148464757739,1,44,0.0005309486123296971,1.5782898120245523,0.02426720360958612,0.15299741083919738,False,8.78906e-06,0.00741971,,194.7446,1536,6.8506083522831425,4.081759250639308
"{""g"": {}, ""r"": {""FFT coefficients"": true, ""Light symmetry"": false, ""initial fit compare"": true, ""isophote variability"": true}, ""z"": {}}",17.361187932270052,True,success,WALLABY J130158-164401,9.143052987895638,0.14959821646394908,1,45,0.00015527952445946457,1.5782898120245523,0.029318530455670455,0.11752304251602919,False,4.88281e-06,0.00729452,,228.2806,1792,7.00360576312234,4.172918833103051
"{""g"": {}, ""r"": {""FFT coefficients"": true, ""Light symmetry"": false, ""initial fit compare"": true, ""isophote variability"": true}, ""z"": {}}",15.7828981202455,True,success,WALLABY J130158-164401,9.113734457439968,0.15635733964582924,1,44,0.0006026210461123774,0.0,0.008544399142586201,0.0682400792924378,True,6.01196e-06,0.00724893,,261.8166,2048,6.886082720606311,4.102895742994096
"{""g"": {}, ""r"": {""FFT coefficients"": true, ""Light symmetry"": false, ""initial fit compare"": true, ""isophote variability"": true}, ""z"": {}}",15.7828981202455,True,success,WALLABY J130158-164401,9.105190058297381,0.16727954906192738,1,44,,,,,,1.0376e-05,0.0072346,,295.3526,2304,6.9543227998987485,4.143554843703515
,,,quality_fail,WALLABY J130201-164147,,,,,,,,,,,,invalid retained r cumulative row 0,,1024,,
,,,quality_fail,WALLABY J130201-164147,,,,,,,,,,,,invalid retained r cumulative row 0,,1280,,
,,,quality_fail,WALLABY J130201-164147,,,,,,,,,,,,invalid retained r cumulative row 0,,1536,,
,,,quality_fail,WALLABY J130201-164147,,,,,,,,,,,,invalid retained r cumulative row 0,,1792,,
,,,quality_fail,WALLABY J130201-164147,,,,,,,,,,,,invalid retained r cumulative row 0,,2048,,
,,,quality_fail,WALLABY J130201-164147,,,,,,,,,,,,invalid retained r cumulative row 0,,2304,,
,,,quality_fail,WALLABY J130201-164147,,,,,,,,,,,,invalid retained r cumulative row 0,,2560,,
,,,quality_fail,WALLABY J130201-164147,,,,,,,,,,,,invalid retained r cumulative row 0,,2816,,
,,,quality_fail,WALLABY J130201-164147,,,,,,,,,,,,invalid retained r cumulative row 0,,3072,,
"{""g"": {}, ""r"": {""FFT coefficients"": true, ""Light symmetry"": false, ""initial fit compare"": true, ""isophote variability"": false}, ""z"": {}}",40.93677299791326,True,success,WALLABY J130209+060100,10.49957623911757,0.1285057425287238,2,54,0.008053859675995829,8.596722329561793,0.03889118348975806,0.2633691642122269,False,6.62184e-05,0.00497752,,121.96362,1024,15.750048336604758,9.384262271324722
"{""g"": {}, ""r"": {""FFT coefficients"": true, ""Light symmetry"": false, ""initial fit compare"": true, ""isophote variability"": true}, ""z"": {}}",49.53349532747505,True,success,WALLABY J130209+060100,10.460685055627811,0.12470867967912981,2,56,0.016389097524019573,44.50457759358198,0.5410946875760327,12.39885523350221,False,0.000104864,0.00461927,,155.49962,1280,16.013417500816985,9.541184031710882
"{""g"": {}, ""r"": {""FFT coefficients"": false, ""Light symmetry"": false, ""initial fit compare"": true, ""isophote variability"": false}, ""z"": {}}",5.028917733893073,True,success,WALLABY J130209+060100,9.919590368051779,0.13092804355220783,2,32,0.001300615341378848,91.49785163352773,0.7664352416588862,15.46296813043205,False,0.000180363,0.00459405,,188.95440000000002,1536,3.6145622673147746,2.153644203978877
"{""g"": {}, ""r"": {""FFT coefficients"": false, ""Light symmetry"": false, ""initial fit compare"": true, ""isophote variability"": true}, ""z"": {}}",96.5267693674208,True,success,WALLABY J130209+060100,10.686025609710665,0.12045403880264868,2,63,0.0032097648202814508,51.49631906971621,0.1263793256732022,5.84702052585838,False,0.000186333,0.00458622,,220.86076000000003,1792,19.077530397746823,11.36685709881569
"{""g"": {}, ""r"": {""FFT coefficients"": false, ""Light symmetry"": false, ""initial fit compare"": true, ""isophote variability"": false}, ""z"": {}}",45.03045029770459,True,success,WALLABY J130209+060100,10.559646284037463,0.11408600215140817,2,55,0.0028781519846946702,61.14899600645829,0.14128822129402252,5.901524639939197,False,0.000171578,0.0046076,,256.03426,2048,13.230509871888444,7.883059909892118
"{""g"": {}, ""r"": {""FFT coefficients"": false, ""Light symmetry"": false, ""initial fit compare"": true, ""isophote variability"": false}, ""z"": {}}",106.17944630416288,True,success,WALLABY J130209+060100,10.700934505331485,0.11666071526937752,2,64,6.627167324217103e-05,9.652676936742083,0.02050024816542262,0.5404350563425702,False,0.000184937,0.00467544,,287.93276000000003,2304,19.13203451182764,11.399331977017292
"{""g"": {}, ""r"": {""FFT coefficients"": false, ""Light symmetry"": false, ""initial fit compare"": true, ""isophote variability"": false}, ""z"": {}}",96.5267693674208,True,success,WALLABY J130209+060100,10.680434257166063,0.11742183863824815,2,63,0.0024370131668871677,89.16393091322794,0.5710269285763587,13.426751591568207,False,0.000185247,0.00467999,,321.46876000000003,2560,18.59159945548507,11.07732761227195
"{""g"": {}, ""r"": {""FFT coefficients"": false, ""Light symmetry"": false, ""initial fit compare"": true, ""isophote variability"": false}, ""z"": {}}",7.36283845419285,True,success,WALLABY J130209+060100,10.109407328589704,0.13795213913641896,2,36,0.0013463536166415937,47.12400640602971,0.4712634411229928,7.857324459084561,False,0.000173854,0.00466998,,356.62654000000003,2816,5.164847863916863,3.0773421078233607
"{""g"": {}, ""r"": {""FFT coefficients"": false, ""Light symmetry"": false, ""initial fit compare"": true, ""isophote variability"": false}, ""z"": {}}",54.48684486022256,True,success,WALLABY J130209+060100,10.580670769712697,0.11678873513688065,4,57,,,,,,0.000180101,0.0046099,,390.16778000000005,3072,13.022172323001424,7.75892732579224
,,,quality_fail,WALLABY J130213-171416,,,,,,,,,,,,r-band AutoProf outputs missing,,1024,,
,,,quality_fail,WALLABY J130213-171416,,,,,,,,,,,,r-band AutoProf outputs missing,,1280,,
,,,quality_fail,WALLABY J130213-171416,,,,,,,,,,,,r-band AutoProf outputs missing,,1536,,
,,,quality_fail,WALLABY J130213-171416,,,,,,,,,,,,r-band AutoProf outputs missing,,1792,,
,,,quality_fail,WALLABY J130213-171416,,,,,,,,,,,,r-band AutoProf outputs missing,,2048,,
,,,quality_fail,WALLABY J130213-171416,,,,,,,,,,,,r-band AutoProf outputs missing,,2304,,
,,,quality_fail,WALLABY J130213-171416,,,,,,,,,,,,r-band AutoProf outputs missing,,2560,,
,,,quality_fail,WALLABY J130213-171416,,,,,,,,,,,,r-band AutoProf outputs missing,,2816,,
,,,quality_fail,WALLABY J130213-171416,,,,,,,,,,,,r-band AutoProf outputs missing,,3072,,
"{""g"": {}, ""r"": {""FFT coefficients"": true, ""Light symmetry"": true, ""initial fit compare"": true, ""isophote variability"": true}, ""z"": {}}",13.043717454748347,True,success,WALLABY J130215-170254,8.303232137846349,0.16245299961282175,1,42,0.0005557538708595978,0.0,0.002438807614261407,0.014074474278700677,True,3.90625e-06,0.00694095,,128.20184,1024,5.2153628023147585,3.1074401380271115
"{""g"": {}, ""r"": {""FFT coefficients"": true, ""Light symmetry"": true, ""initial fit compare"": true, ""isophote variability"": true}, ""z"": {}}",13.043717454748347,True,success,WALLABY J130215-170254,8.300793330232088,0.1676463980595387,1,42,,,,,,5.49316e-07,0.0051397,,161.73784,1280,5.229437276593459,3.1158260524789023
"{""g"": {}, ""r"": {""FFT coefficients"": true, ""Light symmetry"": true, ""initial fit compare"": true, ""isophote variability"": true}, ""z"": {}}",10.779931780783755,True,success,WALLABY J130216+060128,9.97175924172831,0.1464286151494932,2,40,0.008496839828151281,0.0,0.006001309624808826,0.0033376041485979613,True,0.00016694,0.00448436,,131.00786,1024,4.01010825121879,2.389320131696356
"{""g"": {}, ""r"": {""FFT coefficients"": true, ""Light symmetry"": true, ""initial fit compare"": true, ""isophote variability"": true}, ""z"": {}}",10.779931780783755,True,success,WALLABY J130216+060128,9.97776055135312,0.14933161022893437,2,40,,,,,,0.000129076,0.00442813,,164.54386,1280,4.0067706470701925,2.3873315058827127
"{""g"": {}, ""r"": {""FFT coefficients"": false, ""Light symmetry"": false, ""initial fit compare"": true, ""isophote variability"": true}, ""z"": {}}",21.007037398046766,True,success,WALLABY J130216+063321,8.23918161003316,0.13960748342120208,2,47,0.006568944865454632,0.0,0.014060950043287335,0.011565130435108983,True,0.000157794,0.00423283,,123.50942,1024,6.62744748455475,3.948794572264798
"{""g"": {}, ""r"": {""FFT coefficients"": true, ""Light symmetry"": false, ""initial fit compare"": true, ""isophote variability"": true}, ""z"": {}}",21.007037398046766,True,success,WALLABY J130216+063321,8.253242560076448,0.14114728341156985,2,47,,,,,,0.000185489,0.00419927,,157.04542,1280,6.615882354119641,3.941903785970961
"{""g"": {}, ""r"": {""FFT coefficients"": false, ""Light symmetry"": false, ""initial fit compare"": true, ""isophote variability"": true}, ""z"": {}}",155.45732733392492,False,success,WALLABY J130221-154600,10.476038664849849,0.13649224870262996,2,68,0.007884973313305616,14.132484303084084,0.05224033762364044,2.398320063982741,False,0.000140652,0.00779712,,114.82674,1024,25.06799672562805,14.936122789113593
"{""g"": {}, ""r"": {""FFT coefficients"": true, ""Light symmetry"": false, ""initial fit compare"": true, ""isophote variability"": true}, ""z"": {}}",141.32484303084084,True,success,WALLABY J130221-154600,10.52827900247349,0.13040339835405915,2,67,5.8696676807847906e-05,46.77852304320834,0.026713273942254645,0.8054736578384158,False,0.000201466,0.00762817,,148.36274,1280,22.66967666164531,13.50714530218824
"{""g"": {}, ""r"": {""FFT coefficients"": true, ""Light symmetry"": false, ""initial fit compare"": true, ""isophote variability"": true}, ""z"": {}}",188.10336607404918,False,success,WALLABY J130221-154600,10.554992276415744,0.14024256538449015,2,70,0.002499580810765493,46.77852304320834,0.022868895735177475,0.10505069633456188,False,0.000201032,0.00715972,,181.89874,1536,21.864203003806892,13.027224485676738
"{""g"": {}, ""r"": {""FFT coefficients"": true, ""Light symmetry"": false, ""initial fit compare"": true, ""isophote variability"": true}, ""z"": {}}",141.32484303084084,True,success,WALLABY J130221-154600,10.532123380680567,0.13507776266656873,2,67,0.028081020903944508,86.28022991875872,0.05841275949958913,0.9840404814145884,False,0.000183516,0.00685543,,215.43474,1792,21.75915230747233,12.964632723091626
"{""g"": {}, ""r"": {""FFT coefficients"": true, ""Light symmetry"": false, ""initial fit compare"": true, ""isophote variability"": true}, ""z"": {}}",227.60507294959956,True,success,WALLABY J130221-154600,10.590536140180156,0.15896029013154236,2,72,0.0007592824997255863,86.28022991875872,0.06108603455815498,0.7587693218323821,False,6.2561e-06,0.00576946,,248.97074,2048,22.74319278888692,13.550948000723707
"{""g"": {}, ""r"": {""FFT coefficients"": true, ""Light symmetry"": false, ""initial fit compare"": true, ""isophote variability"": true}, ""z"": {}}",141.32484303084084,True,success,WALLABY J130221-154600,10.529450105622,0.14032344497824162,2,67,0.00019813796074341405,86.28022991875872,0.06387007357191266,0.7910024247118557,False,2.10571e-06,0.00516294,,282.50674,2304,21.984423467054537,13.09885476473271
"{""g"": {}, ""r"": {""FFT coefficients"": true, ""Light symmetry"": false, ""initial fit compare"": true, ""isophote variability"": true}, ""z"": {}}",227.60507294959956,True,success,WALLABY J130221-154600,10.593320179193913,0.1518045147060431,2,72,5.845640389453963e-05,47.797065319415935,0.00942037394192674,0.7391229385592482,False,1.14441e-06,0.0045404,,316.04274,2560,22.775425891766393,13.570153268210829
"{""g"": {}, ""r"": {""FFT coefficients"": true, ""Light symmetry"": false, ""initial fit compare"": true, ""isophote variability"": true}, ""z"": {}}",275.4021382690155,True,success,WALLABY J130221-154600,10.60274055313584,0.15680187319195119,2,74,4.105573162542445e-05,47.797065319415935,0.06143083860628806,1.3777755689544549,False,8.8501e-07,0.00433459,,349.57874,2816,23.51454883032564,14.010540710709778
"{""g"": {}, ""r"": {""FFT coefficients"": false, ""Light symmetry"": false, ""initial fit compare"": true, ""isophote variability"": true}, ""z"": {}}",227.60507294959956,True,success,WALLABY J130221-154600,10.541309714529552,0.1548255487010856,4,72,,,,,,1.06812e-06,0.00458548,,383.11474,3072,24.892324399280096,14.831452939915003
"{""g"": {}, ""r"": {""FFT coefficients"": false, ""Light symmetry"": false, ""initial fit compare"": true, ""isophote variability"": false}, ""z"": {}}",45.03045029770459,True,success,WALLABY J130223-122031,10.320936146533368,0.13497625656670065,4,55,0.0,0.0,0.007050945456050783,0.020737170092637314,True,0.00025,0.00024999,,131.93534000000002,1024,12.854905630491828,7.659265757889685
"{""g"": {}, ""r"": {""FFT coefficients"": false, ""Light symmetry"": false, ""initial fit compare"": true, ""isophote variability"": false}, ""z"": {}}",45.03045029770459,True,success,WALLABY J130223-122031,10.327987091989419,0.1387671573941391,4,55,,,,,,0.00025,0.000249985,,165.47134000000003,1280,12.875642800584465,7.67162146872659
"{""g"": {}, ""r"": {""FFT coefficients"": true, ""Light symmetry"": false, ""initial fit compare"": true, ""isophote variability"": true}, ""z"": {}}",19.09730672549706,True,success,WALLABY J130224-155038,9.207685015656173,0.17220578156229477,3,46,0.0007009886649673156,4.010434412354385,0.04509898011731828,0.8308958020126909,False,1.46484e-06,0.00637006,,125.86218,1024,8.949069622517408,5.332073567474014
"{""g"": {}, ""r"": {""FFT coefficients"": true, ""Light symmetry"": false, ""initial fit compare"": true, ""isophote variability"": true}, ""z"": {}}",23.107741137851445,True,success,WALLABY J130224-155038,9.252783995773491,0.15581699588095582,4,48,9.01972922093755e-05,2.100703739804679,0.05601711927710973,0.31714045618589637,False,5.85938e-06,0.00616806,,159.39818,1280,9.779965424530099,5.827141516447094
"{""g"": {}, ""r"": {""FFT coefficients"": true, ""Light symmetry"": false, ""initial fit compare"": true, ""isophote variability"": true}, ""z"": {}}",21.007037398046766,True,success,WALLABY J130224-155038,9.196766876496381,0.16701916631496344,4,47,0.00012280076689700958,0.0,0.005870481310251918,0.04525301982317842,True,5.31006e-06,0.00601235,,192.93418,1536,9.462824968344203,5.638181511113067
"{""g"": {}, ""r"": {""FFT coefficients"": true, ""Light symmetry"": false, ""initial fit compare"": true, ""isophote variability"": true}, ""z"": {}}",21.007037398046766,True,success,WALLABY J130224-155038,9.202637357806633,0.16954436411813803,4,47,,,,,,4.57764e-06,0.00591624,,226.47018,1792,9.417571948521024,5.611218660110052
"{""g"": {}, ""r"": {""FFT coefficients"": true, ""Light symmetry"": true, ""initial fit compare"": true, ""isophote variability"": true}, ""z"": {}}",27.960366776800253,True,success,WALLABY J130228+063639,10.929879303250551,0.14189037277421854,4,50,0.0012227582394064786,0.0,0.0008270309084270622,0.005892455117514572,True,0.00017996,0.00450071,,117.86332,1024,4.283943030162566,2.552477560149847
"{""g"": {}, ""r"": {""FFT coefficients"": true, ""Light symmetry"": true, ""initial fit compare"": true, ""isophote variability"": true}, ""z"": {}}",27.960366776800253,True,success,WALLABY J130228+063639,10.929052272342124,0.14377412677753498,4,50,,,,,,0.000174475,0.00447081,,151.39932000000002,1280,4.28983548528008,2.5559884283746928
"{""g"": {}, ""r"": {""FFT coefficients"": true, ""Light symmetry"": true, ""initial fit compare"": true, ""isophote variability"": true}, ""z"": {}}",72.52199050895625,True,success,WALLABY J130235-113803,9.408938809177865,0.15959120670573673,2,60,0.0024437743152128702,0.0,0.012177606195674429,0.11699598778569431,True,2.01278e-05,0.00883327,,127.74334000000002,1024,12.663557838137171,7.545256084387808
"{""g"": {}, ""r"": {""FFT coefficients"": true, ""Light symmetry"": true, ""initial fit compare"": true, ""isophote variability"": true}, ""z"": {}}",72.52199050895625,True,success,WALLABY J130235-113803,9.42111641537354,0.16641675224849842,2,60,,,,,,-1.46484e-06,0.00883828,,161.27934000000002,1280,12.546561850351477,7.475547026319587
"{""g"": {}, ""r"": {""FFT coefficients"": true, ""Light symmetry"": true, ""initial fit compare"": true, ""isophote variability"": true}, ""z"": {}}",17.361187932270052,True,success,WALLABY J130237+044721,9.866612457062702,0.1358612618118785,1,45,0.006437856501174355,0.0,0.004660232982221402,0.002118110069201151,True,0.000252915,0.00608118,,132.74754,1024,4.705738568305674,2.8037936113907893
"{""g"": {}, ""r"": {""FFT coefficients"": true, ""Light symmetry"": true, ""initial fit compare"": true, ""isophote variability"": true}, ""z"": {}}",17.361187932270052,True,success,WALLABY J130237+044721,9.861952224080481,0.13518040595982947,1,45,,,,,,0.000214253,0.00592965,,166.28354,1280,4.707856678374875,2.8050556329404452
"{""g"": {}, ""r"": {""FFT coefficients"": true, ""Light symmetry"": true, ""initial fit compare"": true, ""isophote variability"": true}, ""z"": {}}",27.960366776800253,True,success,WALLABY J130241+055729,8.38934127453834,0.1654445288101531,1,50,0.000863512337380383,0.0,0.011979631412065928,0.17689264432971186,True,0.000289805,0.00517836,,132.56152,1024,10.211716661358475,6.084389415359874
"{""g"": {}, ""r"": {""FFT coefficients"": true, ""Light symmetry"": true, ""initial fit compare"": true, ""isophote variability"": true}, ""z"": {}}",27.960366776800253,True,success,WALLABY J130241+055729,8.401320905950406,0.16822921937246443,1,50,,,,,,0.000285251,0.00536926,,166.09752,1280,10.388609305688187,6.1897863597235405
"{""g"": {}, ""r"": {""FFT coefficients"": true, ""Light symmetry"": true, ""initial fit compare"": true, ""isophote variability"": true}, ""z"": {}}",30.75640345448028,True,success,WALLABY J130242+032114,10.93650437765645,0.14117477748427382,2,51,0.00027341530302156536,0.0,0.0026737268410119697,0.044807378055926605,True,0.000183902,0.00484886,,117.72446000000002,1024,6.3623228137152745,3.7908268382881403
"{""g"": {}, ""r"": {""FFT coefficients"": true, ""Light symmetry"": true, ""initial fit compare"": true, ""isophote variability"": true}, ""z"": {}}",30.75640345448028,True,success,WALLABY J130242+032114,10.939178104497461,0.1454941121292835,2,51,,,,,,0.00018523,0.0048653,,151.26046000000002,1280,6.317515435659348,3.764129511500262
"{""g"": {}, ""r"": {""FFT coefficients"": true, ""Light symmetry"": false, ""initial fit compare"": true, ""isophote variability"": false}, ""z"": {}}",49.53349532747505,True,success,WALLABY J130244-125326,10.488423888473044,0.13210101623709522,2,56,0.0,0.0,0.007642393894245814,0.22770187549497756,True,2.44141e-07,0.00408471,,127.36868,1024,14.652190724384901,8.730131976010188
"{""g"": {}, ""r"": {""FFT coefficients"": true, ""Light symmetry"": false, ""initial fit compare"": true, ""isophote variability"": false}, ""z"": {}}",49.53349532747505,True,success,WALLABY J130244-125326,10.480781494578798,0.12825641137789137,3,56,,,,,,2.44141e-07,0.00381785,,160.90468,1280,14.879892599879879,8.865802297373662
"{""g"": {}, ""r"": {""FFT coefficients"": true, ""Light symmetry"": true, ""initial fit compare"": true, ""isophote variability"": true}, ""z"": {}}",17.361187932270052,True,success,WALLABY J130252-113001,10.123100775227702,0.15049154598324105,1,45,0.007562991640361747,0.0,0.005567139546599265,6.739751855899812e-05,True,9.52065e-05,0.00701794,,131.94320000000002,1024,6.337386045136951,3.7759689044242517
"{""g"": {}, ""r"": {""FFT coefficients"": true, ""Light symmetry"": true, ""initial fit compare"": true, ""isophote variability"": true}, ""z"": {}}",17.361187932270052,True,success,WALLABY J130252-113001,10.1286679147743,0.14734671650789286,1,45,,,,,,0.000149163,0.00725062,,165.47920000000002,1280,6.33745344265551,3.776009061506762
,,,quality_fail,WALLABY J130254-135530,,,,,,,,,,,,r-band AutoProf outputs missing,,1024,,
,,,quality_fail,WALLABY J130254-135530,,,,,,,,,,,,r-band AutoProf outputs missing,,1280,,
,,,quality_fail,WALLABY J130254-135530,,,,,,,,,,,,r-band AutoProf outputs missing,,1536,,
,,,quality_fail,WALLABY J130254-135530,,,,,,,,,,,,r-band AutoProf outputs missing,,1792,,
,,,quality_fail,WALLABY J130254-135530,,,,,,,,,,,,r-band AutoProf outputs missing,,2048,,
,,,quality_fail,WALLABY J130254-135530,,,,,,,,,,,,r-band AutoProf outputs missing,,2304,,
,,,quality_fail,WALLABY J130254-135530,,,,,,,,,,,,r-band AutoProf outputs missing,,2560,,
,,,quality_fail,WALLABY J130254-135530,,,,,,,,,,,,r-band AutoProf outputs missing,,2816,,
,,,quality_fail,WALLABY J130254-135530,,,,,,,,,,,,r-band AutoProf outputs missing,,3072,,
"{""g"": {}, ""r"": {""FFT coefficients"": true, ""Light symmetry"": true, ""initial fit compare"": true, ""isophote variability"": true}, ""z"": {}}",19.09730672549706,True,success,WALLABY J130254-155621,8.757439083989745,0.16274686957149884,1,46,0.005672368948873562,0.0,0.019596718369124133,0.026626552335649478,True,6.86064e-05,0.00775012,,129.70048,1024,6.327080040792771,3.7698283361118095
"{""g"": {}, ""r"": {""FFT coefficients"": true, ""Light symmetry"": true, ""initial fit compare"": true, ""isophote variability"": true}, ""z"": {}}",19.09730672549706,True,success,WALLABY J130254-155621,8.73784236562062,0.17323376491952938,1,46,,,,,,2.47709e-05,0.00770568,,163.23648,1280,6.353706593128421,3.785693084280116
,,,quality_fail,WALLABY J130305+070136,,,,,,,,,,,,invalid retained r cumulative row 0,,1024,,
"{""g"": {}, ""r"": {""FFT coefficients"": true, ""Light symmetry"": false, ""initial fit compare"": true, ""isophote variability"": true}, ""z"": {}}",19.09730672549706,True,success,WALLABY J130305+070136,9.82126008156963,0.11921378974444095,1,46,,,,,,0.000116964,0.00556719,,161.35532,1280,7.231038740330616,4.308428938320338
,,,quality_fail,WALLABY J130305+070136,,,,,,,,,,,,invalid retained r cumulative row 0,,1536,,
,,,quality_fail,WALLABY J130305+070136,,,,,,,,,,,,invalid retained r cumulative row 0,,1792,,
"{""g"": {}, ""r"": {""FFT coefficients"": true, ""Light symmetry"": false, ""initial fit compare"": true, ""isophote variability"": true}, ""z"": {}}",19.09730672549706,True,success,WALLABY J130305+070136,9.81860285519183,0.1174325385945149,1,46,,,,,,0.000121299,0.00572907,,261.96332,2048,6.950079508380744,4.141026587304067
,,,quality_fail,WALLABY J130305+070136,,,,,,,,,,,,invalid retained r cumulative row 0,,2304,,
,,,quality_fail,WALLABY J130305+070136,,,,,,,,,,,,invalid retained r cumulative row 0,,2560,,
,,,quality_fail,WALLABY J130305+070136,,,,,,,,,,,,invalid retained r cumulative row 0,,2816,,
,,,quality_fail,WALLABY J130305+070136,,,,,,,,,,,,invalid retained r cumulative row 0,,3072,,
"{""g"": {}, ""r"": {""FFT coefficients"": true, ""Light symmetry"": true, ""initial fit compare"": true, ""isophote variability"": true}, ""z"": {}}",116.79739093457917,True,success,WALLABY J130315+074816,10.090689758634708,0.14014885609879288,1,65,0.06756397507143339,24.52745209626167,0.017372140680338433,2.1101207714179466,False,0.000542615,0.00546469,,125.36176,1024,21.189431444055927,12.625179161459089
"{""g"": {}, ""r"": {""FFT coefficients"": true, ""Light symmetry"": true, ""initial fit compare"": true, ""isophote variability"": true}, ""z"": {}}",141.32484303084084,True,success,WALLABY J130315+074816,10.108061899315047,0.1401436780074859,1,67,0.008794488482204607,14.132484303084084,0.0029402686552284507,0.3218697909659909,False,0.000167238,0.00564706,,158.89776,1280,23.299552215473874,13.88244049297731
"{""g"": {}, ""r"": {""FFT coefficients"": true, ""Light symmetry"": true, ""initial fit compare"": true, ""isophote variability"": true}, ""z"": {}}",155.45732733392492,True,success,WALLABY J130315+074816,10.111002167970275,0.13054390392286,1,68,0.013975446529384728,14.132484303084084,0.006569843244143669,0.5191540944790454,False,0.000117645,0.00563114,,192.43376,1536,23.621422006439865,14.074218351120217
"{""g"": {}, ""r"": {""FFT coefficients"": true, ""Light symmetry"": true, ""initial fit compare"": true, ""isophote variability"": true}, ""z"": {}}",141.32484303084084,True,success,WALLABY J130315+074816,10.104432324726131,0.12780777816638494,1,67,1.6127587133770737e-05,0.0,0.003078400117830782,0.10839911928359314,True,0.000196551,0.00566095,,225.96976,1792,23.10226791196082,13.76489370158878
"{""g"": {}, ""r"": {""FFT coefficients"": true, ""Light symmetry"": true, ""initial fit compare"": true, ""isophote variability"": true}, ""z"": {}}",141.32484303084084,True,success,WALLABY J130315+074816,10.107510724843962,0.12997769682086843,4,67,,,,,,0.000196641,0.00550005,,259.50576,2048,22.993868792677226,13.700306867085317
,,,quality_fail,WALLABY J130315-140627,,,,,,,,,,,,r-band AutoProf outputs missing,,1024,,
,,,quality_fail,WALLABY J130315-140627,,,,,,,,,,,,r-band AutoProf outputs missing,,1280,,
,,,quality_fail,WALLABY J130315-140627,,,,,,,,,,,,r-band AutoProf outputs missing,,1536,,
,,,quality_fail,WALLABY J130315-140627,,,,,,,,,,,,r-band AutoProf outputs missing,,1792,,
,,,quality_fail,WALLABY J130315-140627,,,,,,,,,,,,r-band AutoProf outputs missing,,2048,,
,,,quality_fail,WALLABY J130315-140627,,,,,,,,,,,,r-band AutoProf outputs missing,,2304,,
,,,quality_fail,WALLABY J130315-140627,,,,,,,,,,,,r-band AutoProf outputs missing,,2560,,
,,,quality_fail,WALLABY J130315-140627,,,,,,,,,,,,r-band AutoProf outputs missing,,2816,,
,,,quality_fail,WALLABY J130315-140627,,,,,,,,,,,,r-band AutoProf outputs missing,,3072,,
"{""g"": {}, ""r"": {""FFT coefficients"": true, ""Light symmetry"": true, ""initial fit compare"": true, ""isophote variability"": true}, ""z"": {}}",27.960366776800253,True,success,WALLABY J130316+044405,10.294823211551146,0.13966431871584126,2,50,0.003162258023161406,0.0,0.0012760950218027034,0.013632199550546176,True,0.000143328,0.00572388,,131.61046,1024,7.902063857297477,4.708242040711161
"{""g"": {}, ""r"": {""FFT coefficients"": true, ""Light symmetry"": true, ""initial fit compare"": true, ""isophote variability"": true}, ""z"": {}}",27.960366776800253,True,success,WALLABY J130316+044405,10.296099306572948,0.140004667230659,2,50,,,,,,0.000161828,0.00597662,,165.14646000000002,1280,7.8884316577469304,4.700119644310634
"{""g"": {}, ""r"": {""FFT coefficients"": true, ""Light symmetry"": true, ""initial fit compare"": true, ""isophote variability"": true}, ""z"": {}}",23.107741137851445,True,success,WALLABY J130320-112144,10.764138279487648,0.15165899038462058,3,48,0.0020589849692844056,0.0,0.004333174164759868,0.030336083373743605,True,3.56684e-05,0.00804402,,126.05082,1024,6.63747600553369,3.9547698092322383
"{""g"": {}, ""r"": {""FFT coefficients"": true, ""Light symmetry"": true, ""initial fit compare"": true, ""isophote variability"": true}, ""z"": {}}",23.107741137851445,True,success,WALLABY J130320-112144,10.759805105322888,0.15720732469065452,3,48,,,,,,1.92384e-05,0.0079153,,159.58682000000002,1280,6.667812088907434,3.972844786310395
"{""g"": {}, ""r"": {""FFT coefficients"": true, ""Light symmetry"": true, ""initial fit compare"": true, ""isophote variability"": true}, ""z"": {}}",17.361187932270052,True,success,WALLABY J130320-193543,9.51346032290228,0.15618664781721361,2,45,0.01183973657028805,1.736118793227007,0.01548972808492799,0.13181523658928018,False,0.00014882,0.00328055,,129.1267,1024,7.449126111926873,4.438370704172995
"{""g"": {}, ""r"": {""FFT coefficients"": true, ""Light symmetry"": true, ""initial fit compare"": true, ""isophote variability"": true}, ""z"": {}}",19.09730672549706,True,success,WALLABY J130320-193543,9.528950050987207,0.1564268134708649,3,46,0.0009559800521129919,0.0,0.008774473161434315,0.11837557239667618,True,0.000110707,0.0031576,,162.6627,1280,7.580941348516153,4.51690943148824
"{""g"": {}, ""r"": {""FFT coefficients"": true, ""Light symmetry"": true, ""initial fit compare"": true, ""isophote variability"": true}, ""z"": {}}",19.09730672549706,True,success,WALLABY J130320-193543,9.537724524148642,0.1653424662871693,3,46,,,,,,0.000113754,0.00321701,,196.1987,1536,7.462565776119477,4.446378383319529
"{""g"": {}, ""r"": {""FFT coefficients"": false, ""Light symmetry"": true, ""initial fit compare"": true, ""isophote variability"": true}, ""z"": {}}",25.41851525163659,True,success,WALLABY J130321-134144,10.554388294053446,0.20982097048940898,1,49,0.00032956384718969443,0.0,0.011360570253016178,0.0072879293211955964,True,1.95313e-06,0.00627631,,122.68412000000001,1024,1.472662606374262,0.877448236350484
"{""g"": {}, ""r"": {""FFT coefficients"": false, ""Light symmetry"": true, ""initial fit compare"": true, ""isophote variability"": true}, ""z"": {}}",25.41851525163659,True,success,WALLABY J130321-134144,10.565748864306462,0.202150213517281,1,49,,,,,,1.98364e-07,0.00437271,,156.22012,1280,1.4653746770530665,0.8731059106189478
"{""g"": {}, ""r"": {""FFT coefficients"": true, ""Light symmetry"": true, ""initial fit compare"": true, ""isophote variability"": true}, ""z"": {}}",11.857924958862132,True,success,WALLABY J130322+073646,8.214463956894049,0.16123263500927937,3,41,0.008815951384436489,0.0,0.010685695584088606,0.0006355744949764208,True,0.000185971,0.00512714,,121.60468,1024,3.7700061359644357,2.2462614455709256
"{""g"": {}, ""r"": {""FFT coefficients"": true, ""Light symmetry"": true, ""initial fit compare"": true, ""isophote variability"": true}, ""z"": {}}",11.857924958862132,True,success,WALLABY J130322+073646,8.225149652478137,0.1582190499442729,4,41,,,,,,0.000141695,0.00491738,,155.14068,1280,3.770641710459412,2.2466401363296047
,,,quality_fail,WALLABY J130328-120420,,,,,,,,,,,,r-band AutoProf outputs missing,,1024,,
,,,quality_fail,WALLABY J130328-120420,,,,,,,,,,,,r-band AutoProf outputs missing,,1280,,
"{""g"": {}, ""r"": {""FFT coefficients"": true, ""Light symmetry"": true, ""initial fit compare"": true, ""isophote variability"": true}, ""z"": {}}",40.93677299791326,True,success,WALLABY J130330+081941,9.158304779015424,0.14346582877273367,2,54,0.004527873024507281,4.093677299791331,0.03913600715491938,0.14917025374143478,False,0.000211959,0.00511218,,130.79826,1024,16.362066397983554,9.748917533329108
"{""g"": {}, ""r"": {""FFT coefficients"": true, ""Light symmetry"": true, ""initial fit compare"": true, ""isophote variability"": true}, ""z"": {}}",45.03045029770459,True,success,WALLABY J130330+081941,9.197440786170343,0.13712277547140453,2,55,0.013966694544300487,4.093677299791331,0.018727953297661415,0.993816485865624,False,0.000188652,0.00518272,,164.33426,1280,16.51123665172499,9.837796802412763
"{""g"": {}, ""r"": {""FFT coefficients"": true, ""Light symmetry"": true, ""initial fit compare"": true, ""isophote variability"": true}, ""z"": {}}",40.93677299791326,True,success,WALLABY J130330+081941,9.178712832872682,0.14085993782105685,4,54,1.6573617138818884e-05,0.0,0.021255628403357818,0.14836672831294706,False,0.000118679,0.00483726,,197.87026,1536,15.517420165859365,9.24565674330868
"{""g"": {}, ""r"": {""FFT coefficients"": true, ""Light symmetry"": true, ""initial fit compare"": true, ""isophote variability"": true}, ""z"": {}}",40.93677299791326,True,success,WALLABY J130330+081941,9.19996846127604,0.13996138800344782,4,54,0.000660025681241585,4.093677299791331,0.008141831689227885,0.3795896348345362,False,0.000118757,0.00457529,,231.40626,1792,15.665786894172312,9.334057252378306
"{""g"": {}, ""r"": {""FFT coefficients"": true, ""Light symmetry"": true, ""initial fit compare"": true, ""isophote variability"": true}, ""z"": {}}",45.03045029770459,True,success,WALLABY J130330+081941,9.208110292965268,0.14152288588165787,4,55,0.0012493768376929263,0.0,0.017071386155789625,0.14150188025792332,True,0.000121728,0.00442739,,264.94226000000003,2048,16.045376529006848,9.560225998824933
"{""g"": {}, ""r"": {""FFT coefficients"": true, ""Light symmetry"": true, ""initial fit compare"": true, ""isophote variability"": true}, ""z"": {}}",45.03045029770459,True,success,WALLABY J130330+081941,9.225181679121057,0.133157009890944,4,55,,,,,,0.000116202,0.00441862,,298.47826000000003,2304,15.903874648748925,9.475915733367538
"{""g"": {}, ""r"": {""FFT coefficients"": true, ""Light symmetry"": true, ""initial fit compare"": true, ""isophote variability"": true}, ""z"": {}}",27.960366776800253,True,success,WALLABY J130331+075810,10.241808949934727,0.13171340072246074,2,50,0.012332684140364442,0.0,0.0006982259054559847,0.03042115863760486,False,0.000164014,0.0040553,,128.29354,1024,5.390519394955491,3.211802700526177
"{""g"": {}, ""r"": {""FFT coefficients"": true, ""Light symmetry"": true, ""initial fit compare"": true, ""isophote variability"": true}, ""z"": {}}",27.960366776800253,True,success,WALLABY J130331+075810,10.242507175840183,0.13956511930919543,2,50,0.004467787838313172,0.0,0.005346419384718359,0.010106791126952785,True,0.000114242,0.00401626,,161.82954,1280,5.420940553593096,3.229928367517901
"{""g"": {}, ""r"": {""FFT coefficients"": true, ""Light symmetry"": true, ""initial fit compare"": true, ""isophote variability"": true}, ""z"": {}}",27.960366776800253,True,success,WALLABY J130331+075810,10.247853595224901,0.13595056203149844,2,50,,,,,,9.60787e-05,0.00411452,,195.36554,1536,5.4310473447200485,3.2359502397452005
"{""g"": {}, ""r"": {""FFT coefficients"": true, ""Light symmetry"": true, ""initial fit compare"": true, ""isophote variability"": true}, ""z"": {}}",27.960366776800253,True,success,WALLABY J130334-163733,10.12498301662571,0.15658286574780678,4,50,0.0014113721880837002,0.0,0.007796109890298553,0.017103292940324533,True,0.00016418,0.00595137,,132.17376000000002,1024,3.9517499148957658,2.354548814042642
"{""g"": {}, ""r"": {""FFT coefficients"": true, ""Light symmetry"": true, ""initial fit compare"": true, ""isophote variability"": true}, ""z"": {}}",27.960366776800253,True,success,WALLABY J130334-163733,10.13277912651601,0.16244299929806397,4,50,,,,,,0.000155838,0.00586975,,165.70976000000002,1280,3.9688532078360903,2.36473937239682
"{""g"": {}, ""r"": {""FFT coefficients"": true, ""Light symmetry"": true, ""initial fit compare"": true, ""isophote variability"": true}, ""z"": {}}",7.36283845419285,True,success,WALLABY J130337-155652,8.631492248379894,0.15541810159756728,1,36,0.004742339173711821,1.2778479961822304,0.07558570054812819,0.5441036929261363,False,0.000145028,0.00781671,,128.41668,1024,4.271110512348427,2.5448316335980254
"{""g"": {}, ""r"": {""FFT coefficients"": true, ""Light symmetry"": true, ""initial fit compare"": true, ""isophote variability"": true}, ""z"": {}}",6.08499045801062,True,success,WALLABY J130337-155652,8.555906547831766,0.16120451677469752,1,34,0.0019858917949649663,2.0141318416015173,0.11302058963768324,0.8116987476316688,False,0.000106951,0.00824161,,161.95268000000002,1280,3.7270068194222907,2.220641405854515
"{""g"": {}, ""r"": {""FFT coefficients"": true, ""Light symmetry"": true, ""initial fit compare"": true, ""isophote variability"": true}, ""z"": {}}",8.099122299612137,True,success,WALLABY J130337-155652,8.66892713746945,0.13538620480567715,1,37,0.0020715069820799875,0.0,0.017124129102489505,0.1567069913553656,True,9.061e-05,0.00821548,,195.48868000000002,1536,4.5387055670539596,2.7042712824294486
"{""g"": {}, ""r"": {""FFT coefficients"": true, ""Light symmetry"": true, ""initial fit compare"": true, ""isophote variability"": true}, ""z"": {}}",8.099122299612137,True,success,WALLABY J130337-155652,8.686051266571939,0.1522297074317859,2,37,,,,,,0.000107367,0.00796308,,229.02468000000002,1792,4.695412558409325,2.797641123283282
"{""g"": {}, ""r"": {""FFT coefficients"": true, ""Light symmetry"": true, ""initial fit compare"": true, ""isophote variability"": true}, ""z"": {}}",27.960366776800253,True,success,WALLABY J130338+075404,10.653422928420325,0.13015516144436487,4,50,0.006360506403333637,0.0,0.0007209003590524787,0.0004708355494944527,True,0.000146601,0.00590466,,123.29982000000001,1024,7.640101820081818,4.552158680849409
"{""g"": {}, ""r"": {""FFT coefficients"": true, ""Light symmetry"": true, ""initial fit compare"": true, ""isophote variability"": true}, ""z"": {}}",27.960366776800253,True,success,WALLABY J130338+075404,10.654143828779377,0.13011578069289803,4,50,,,,,,0.000110586,0.00541991,,156.83582,1280,7.6405726556313125,4.552439216133409
"{""g"": {}, ""r"": {""FFT coefficients"": true, ""Light symmetry"": true, ""initial fit compare"": true, ""isophote variability"": true}, ""z"": {}}",19.09730672549706,True,success,WALLABY J130339+043644,9.316048969041708,0.16425455428588248,2,46,0.022943457716771178,0.0,0.0012041276430387882,0.018069575072102495,False,0.000169671,0.00505941,,126.79228,1024,7.216694016823022,4.299882002798112
"{""g"": {}, ""r"": {""FFT coefficients"": true, ""Light symmetry"": true, ""initial fit compare"": true, ""isophote variability"": true}, ""z"": {}}",19.09730672549706,True,success,WALLABY J130339+043644,9.317253096684746,0.16189789818740039,2,46,0.009918545583144816,0.0,0.003358795756847499,0.04134190122927883,True,5.23837e-05,0.00516462,,160.32828000000003,1280,7.234763591895124,4.31064829557284
"{""g"": {}, ""r"": {""FFT coefficients"": true, ""Light symmetry"": true, ""initial fit compare"": true, ""isophote variability"": true}, ""z"": {}}",19.09730672549706,True,success,WALLABY J130339+043644,9.320611892441594,0.16236224056863413,2,46,,,,,,0.000103989,0.0052412,,193.86428000000004,1536,7.193421690665845,4.286015784253552
"{""g"": {}, ""r"": {""FFT coefficients"": true, ""Light symmetry"": true, ""initial fit compare"": true, ""isophote variability"": true}, ""z"": {}}",14.348089200223182,True,success,WALLABY J130340-211340,8.509675578163918,0.16092024312345588,1,43,0.0022720613404532074,0.0,0.00866967824169862,0.01631037532846591,True,1.08248e-05,0.00774565,,131.99822,1024,4.944548586002331,2.9460824343321566
"{""g"": {}, ""r"": {""FFT coefficients"": true, ""Light symmetry"": true, ""initial fit compare"": true, ""isophote variability"": true}, ""z"": {}}",14.348089200223182,True,success,WALLABY J130340-211340,8.50100589992222,0.1628934400024696,1,43,,,,,,2.82485e-05,0.0075917,,165.53422,1280,4.960858961330797,2.9558005530677254
"{""g"": {}, ""r"": {""FFT coefficients"": true, ""Light symmetry"": true, ""initial fit compare"": true, ""isophote variability"": true}, ""z"": {}}",14.348089200223182,True,success,WALLABY J130342+055733,10.217145611944531,0.14916552441381137,1,43,0.006043519072357787,0.0,0.0017245165648844818,0.01676895440107362,True,0.000246476,0.00441538,,130.49434000000002,1024,5.066407235930886,3.018688784898165
"{""g"": {}, ""r"": {""FFT coefficients"": true, ""Light symmetry"": true, ""initial fit compare"": true, ""isophote variability"": true}, ""z"": {}}",14.348089200223182,True,success,WALLABY J130342+055733,10.215421095379646,0.15082969042505684,1,43,,,,,,0.000219499,0.0045122,,164.03034000000002,1280,5.049638281529813,3.0086974335859393
"{""g"": {}, ""r"": {""FFT coefficients"": true, ""Light symmetry"": false, ""initial fit compare"": true, ""isophote variability"": true}, ""z"": {}}",25.41851525163659,True,success,WALLABY J130344+061920,9.536068219488856,0.15150553342324144,1,49,0.02222925089088375,4.411477853589826,0.10455402249405132,1.069669588908157,False,0.000331035,0.00529405,,132.76588,1024,9.481214726807119,5.649138576947667
"{""g"": {}, ""r"": {""FFT coefficients"": true, ""Light symmetry"": true, ""initial fit compare"": true, ""isophote variability"": true}, ""z"": {}}",21.007037398046766,True,success,WALLABY J130344+061920,9.640622241982907,0.16266062667959794,1,47,0.001041715748637486,0.0,0.0077856363233248516,0.019247898461609125,True,0.000215071,0.00513941,,163.881,1280,8.411545137898962,5.011803392226695
"{""g"": {}, ""r"": {""FFT coefficients"": true, ""Light symmetry"": true, ""initial fit compare"": true, ""isophote variability"": true}, ""z"": {}}",21.007037398046766,True,success,WALLABY J130344+061920,9.632836605659582,0.15859107252006627,2,47,,,,,,0.000209765,0.00504763,,197.417,1536,8.392297239437353,5.000335025687415
"{""g"": {}, ""r"": {""FFT coefficients"": true, ""Light symmetry"": true, ""initial fit compare"": true, ""isophote variability"": true}, ""z"": {}}",0.9949445639880927,True,success,WALLABY J130347-180311,8.353391083772523,0.2754732443589909,1,15,0.0002247060396115871,0.09949445639880916,2.0971016743587256e-05,0.05161593113510232,True,-6.2561e-07,0.00450193,,126.96520000000001,1024,0.662413904183612,0.39468233215411336
"{""g"": {}, ""r"": {""FFT coefficients"": true, ""Light symmetry"": true, ""initial fit compare"": true, ""isophote variability"": true}, ""z"": {}}",1.0944390203869019,True,success,WALLABY J130347-180311,8.35337011275578,0.30586653242407813,1,16,,,,,,3.66211e-07,0.00432579,,160.51692,1280,0.7140298353187143,0.4254363606369779
"{""g"": {}, ""r"": {""FFT coefficients"": true, ""Light symmetry"": true, ""initial fit compare"": true, ""isophote variability"": true}, ""z"": {}}",17.361187932270052,True,success,WALLABY J130353-192550,9.981146892434992,0.13522598791922005,1,45,0.006794848848502278,1.5782898120245523,0.0048310641488455985,0.03719970441905662,False,0.000184567,0.00339983,,123.8343,1024,5.162339598577559,3.07584762226452
"{""g"": {}, ""r"": {""FFT coefficients"": true, ""Light symmetry"": true, ""initial fit compare"": true, ""isophote variability"": true}, ""z"": {}}",15.7828981202455,True,success,WALLABY J130353-192550,9.985977956583838,0.1352864608520842,1,44,0.005552383306203497,0.0,0.003601178926555093,0.012496212251095429,True,0.000161409,0.00341651,,157.37030000000001,1280,5.125139894158503,3.0536831326563925
"{""g"": {}, ""r"": {""FFT coefficients"": true, ""Light symmetry"": true, ""initial fit compare"": true, ""isophote variability"": true}, ""z"": {}}",15.7828981202455,True,success,WALLABY J130353-192550,9.982376777657283,0.1373105961570917,2,44,,,,,,0.000141864,0.00362371,,190.90630000000002,1536,5.112643681907407,3.0462375851471903
"{""g"": {}, ""r"": {""FFT coefficients"": true, ""Light symmetry"": true, ""initial fit compare"": true, ""isophote variability"": true}, ""z"": {}}",17.361187932270052,True,success,WALLABY J130355-163807,10.433969533318109,0.13533609203598274,2,45,0.0015859032346124406,0.0,0.004312444420033756,0.08729332153307823,True,1.05225e-05,0.00760669,,123.65352000000001,1024,5.851425531101024,3.486421798297466
"{""g"": {}, ""r"": {""FFT coefficients"": true, ""Light symmetry"": true, ""initial fit compare"": true, ""isophote variability"": true}, ""z"": {}}",17.361187932270052,True,success,WALLABY J130355-163807,10.438281977738143,0.14022171556612084,2,45,,,,,,1.52588e-07,0.00547092,,157.18952000000002,1280,5.938718852634103,3.5384332846303437
"{""g"": {}, ""r"": {""FFT coefficients"": true, ""Light symmetry"": true, ""initial fit compare"": true, ""isophote variability"": true}, ""z"": {}}",155.45732733392492,False,success,WALLABY J130357-112956,11.046069276816407,0.15649185759561512,1,68,0.0894511530984254,15.545732733392498,0.0065195613561677135,0.5153251943175512,False,0.000896499,0.0097573,,125.48490000000001,1024,27.67337905876391,16.48847301742365
"{""g"": {}, ""r"": {""FFT coefficients"": true, ""Light symmetry"": true, ""initial fit compare"": true, ""isophote variability"": true}, ""z"": {}}",171.00306006731742,False,success,WALLABY J130357-112956,11.052588838172575,0.1586597337442676,1,69,0.009306416606635188,17.100306006731756,2.4117865891071233e-05,0.19571217983826372,False,2.59568e-05,0.00970678,,159.0209,1280,28.18870425308146,16.795516315015192
"{""g"": {}, ""r"": {""FFT coefficients"": true, ""Light symmetry"": true, ""initial fit compare"": true, ""isophote variability"": true}, ""z"": {}}",188.10336607404918,True,success,WALLABY J130357-112956,11.052612956038466,0.1521555512363066,1,70,0.00625877751454155,0.0,0.0008368703912360331,0.1656472916714158,True,-6.45394e-05,0.00974135,,192.5569,1536,28.384416432919725,16.91212639684119
"{""g"": {}, ""r"": {""FFT coefficients"": true, ""Light symmetry"": true, ""initial fit compare"": true, ""isophote variability"": true}, ""z"": {}}",188.10336607404918,True,success,WALLABY J130357-112956,11.05177608564723,0.15313668602706507,1,70,,,,,,-3.54004e-06,0.00975107,,226.09290000000001,1792,28.21876914124831,16.813429707386188
"{""g"": {}, ""r"": {""FFT coefficients"": true, ""Light symmetry"": false, ""initial fit compare"": true, ""isophote variability"": true}, ""z"": {}}",49.53349532747505,True,success,WALLABY J130358+054204,10.738819375809504,0.1254016516730755,1,56,0.006811019735162313,0.0,0.017719266290500357,0.3367516530744261,True,0.000205448,0.00435305,,118.57334,1024,16.368619393281378,9.752821967475802
"{""g"": {}, ""r"": {""FFT coefficients"": true, ""Light symmetry"": false, ""initial fit compare"": true, ""isophote variability"": false}, ""z"": {}}",49.53349532747505,True,success,WALLABY J130358+054204,10.756538642100004,0.12314952507820114,1,56,,,,,,0.000175438,0.00445914,,152.10934000000003,1280,16.031867740206952,9.552177133554371
"{""g"": {}, ""r"": {""FFT coefficients"": true, ""Light symmetry"": true, ""initial fit compare"": true, ""isophote variability"": true}, ""z"": {}}",13.043717454748347,True,success,WALLABY J130358-164910,9.327355154215434,0.141800358280258,1,42,0.0006752866780747823,2.263785673964591,0.019828187564508326,0.3860110703542494,False,1.43433e-06,0.00536103,,120.91300000000001,1024,5.363168422141237,3.195506324998979
"{""g"": {}, ""r"": {""FFT coefficients"": true, ""Light symmetry"": true, ""initial fit compare"": true, ""isophote variability"": true}, ""z"": {}}",10.779931780783755,True,success,WALLABY J130358-164910,9.307526966650926,0.16769804695601717,1,40,0.0006761861775607622,1.0779931780783762,0.02271230966454496,0.2712582758570683,False,5.5542e-06,0.00684081,,154.449,1280,4.977157351786987,2.9655115309245916
"{""g"": {}, ""r"": {""FFT coefficients"": true, ""Light symmetry"": true, ""initial fit compare"": true, ""isophote variability"": true}, ""z"": {}}",11.857924958862132,True,success,WALLABY J130358-164910,9.33023927631547,0.16622151107084013,2,41,9.766448372781351e-05,1.0779931780783762,0.03705714554298467,0.2325341202310094,False,1.0498e-05,0.00778179,,187.985,1536,5.2484156276440554,3.1271338161079285
"{""g"": {}, ""r"": {""FFT coefficients"": true, ""Light symmetry"": true, ""initial fit compare"": true, ""isophote variability"": true}, ""z"": {}}",10.779931780783755,True,success,WALLABY J130358-164910,9.293182130772486,0.13960989913319913,3,40,0.00033689768323600847,1.0779931780783762,0.04166966416295992,0.20721983472191852,False,9.73511e-06,0.00784088,,221.52100000000002,1792,5.015881507413046,2.9885843256782403
"{""g"": {}, ""r"": {""FFT coefficients"": true, ""Light symmetry"": true, ""initial fit compare"": true, ""isophote variability"": true}, ""z"": {}}",11.857924958862132,True,success,WALLABY J130358-164910,9.334851794935446,0.1546040570203356,3,41,0.0,0.0,0.009734825569015726,0.015562868632870597,True,7.08008e-06,0.00792076,,255.05700000000002,2048,5.223101342134965,3.112050948465142
"{""g"": {}, ""r"": {""FFT coefficients"": true, ""Light symmetry"": true, ""initial fit compare"": true, ""isophote variability"": true}, ""z"": {}}",11.857924958862132,True,success,WALLABY J130358-164910,9.32511696936643,0.1553672821816953,4,41,,,,,,7.08008e-06,0.00790455,,288.593,2304,5.238664210767835,3.1213236845116468
,,,quality_fail,WALLABY J130401-170100,,,,,,,,,,,,r-band AutoProf outputs missing,,1024,,
,,,quality_fail,WALLABY J130401-170100,,,,,,,,,,,,r-band AutoProf outputs missing,,1280,,
,,,quality_fail,WALLABY J130401-170100,,,,,,,,,,,,r-band AutoProf outputs missing,,1536,,
,,,quality_fail,WALLABY J130401-170100,,,,,,,,,,,,r-band AutoProf outputs missing,,1792,,
,,,quality_fail,WALLABY J130401-170100,,,,,,,,,,,,r-band AutoProf outputs missing,,2048,,
,,,quality_fail,WALLABY J130401-170100,,,,,,,,,,,,r-band AutoProf outputs missing,,2304,,
,,,quality_fail,WALLABY J130401-170100,,,,,,,,,,,,r-band AutoProf outputs missing,,2560,,
,,,quality_fail,WALLABY J130401-170100,,,,,,,,,,,,r-band AutoProf outputs missing,,2816,,
,,,quality_fail,WALLABY J130401-170100,,,,,,,,,,,,r-band AutoProf outputs missing,,3072,,
"{""g"": {}, ""r"": {""FFT coefficients"": true, ""Light symmetry"": true, ""initial fit compare"": true, ""isophote variability"": true}, ""z"": {}}",15.7828981202455,True,success,WALLABY J130401-200110,9.922612161335893,0.14201080248520082,1,44,0.0034591267687150156,0.0,0.002035200453066821,0.026746666924295504,True,3.92943e-05,0.0076478,,132.3624,1024,4.488599924053444,2.6744171203887266
"{""g"": {}, ""r"": {""FFT coefficients"": true, ""Light symmetry"": true, ""initial fit compare"": true, ""isophote variability"": true}, ""z"": {}}",15.7828981202455,True,success,WALLABY J130401-200110,9.92464736178896,0.14181427249514317,1,44,,,,,,1.28174e-05,0.00766063,,165.8984,1280,4.461853257129149,2.6584808050240296
"{""g"": {}, ""r"": {""FFT coefficients"": true, ""Light symmetry"": false, ""initial fit compare"": true, ""isophote variability"": true}, ""z"": {}}",23.107741137851445,True,success,WALLABY J130408-142339,8.893078185776975,0.17968169658351596,2,48,0.0006880751421030728,0.0,0.0012415933344360752,0.11115807957361135,True,7.62939e-07,0.00426857,,131.44278,1024,9.622425490691827,5.73327538818198
"{""g"": {}, ""r"": {""FFT coefficients"": true, ""Light symmetry"": false, ""initial fit compare"": true, ""isophote variability"": true}, ""z"": {}}",23.107741137851445,True,success,WALLABY J130408-142339,8.891836592442539,0.16057614263040196,3,48,,,,,,4.02832e-06,0.00522278,,164.97878000000003,1280,9.511267411118215,5.667044697964275
"{""g"": {}, ""r"": {""FFT coefficients"": true, ""Light symmetry"": true, ""initial fit compare"": true, ""isophote variability"": true}, ""z"": {}}",19.09730672549706,True,success,WALLABY J130414-191227,9.730488219993813,0.13049093407820408,1,46,0.023928167368494454,0.0,0.01537753528886121,0.01701798332112414,False,0.000127627,0.00345934,,126.4805,1024,6.391416206177024,3.8081613898646656
"{""g"": {}, ""r"": {""FFT coefficients"": true, ""Light symmetry"": true, ""initial fit compare"": true, ""isophote variability"": true}, ""z"": {}}",19.09730672549706,True,success,WALLABY J130414-191227,9.715110684704952,0.13886014075953398,1,46,0.0038602467874715995,0.0,0.0007205673556462955,0.005496863886442327,True,4.35567e-05,0.00356755,,160.0165,1280,6.3743982228559,3.7980216610586726
"{""g"": {}, ""r"": {""FFT coefficients"": true, ""Light symmetry"": true, ""initial fit compare"": true, ""isophote variability"": true}, ""z"": {}}",19.09730672549706,True,success,WALLABY J130414-191227,9.715831252060598,0.1374741696236981,1,46,,,,,,5.82195e-05,0.00402927,,193.5525,1536,6.368901358969458,3.7947464957209087
"{""g"": {}, ""r"": {""FFT coefficients"": true, ""Light symmetry"": true, ""initial fit compare"": true, ""isophote variability"": true}, ""z"": {}}",206.9137026814541,False,success,WALLABY J130415-102023,10.961856548838359,0.13237077320173063,2,71,0.26709706731419613,43.4518775631054,0.012424213673918771,8.244108617735769,False,0.00235384,0.00603629,,123.20026000000001,1024,49.70412236996012,29.61492627306271
"{""g"": {}, ""r"": {""FFT coefficients"": true, ""Light symmetry"": true, ""initial fit compare"": true, ""isophote variability"": true}, ""z"": {}}",250.3655802445595,False,success,WALLABY J130415-102023,10.974280762512278,0.13306357780752592,2,73,0.06528242396959402,0.0,0.004538882725714899,1.5047740996980252,False,0.000784192,0.0057171,,156.73626000000002,1280,57.94823098769589,34.52696690993598
"{""g"": {}, ""r"": {""FFT coefficients"": true, ""Light symmetry"": true, ""initial fit compare"": true, ""isophote variability"": true}, ""z"": {}}",250.3655802445595,False,success,WALLABY J130415-102023,10.978819645237992,0.13103593573561723,2,73,0.008411885995453474,0.0,0.002035750237935119,1.3659674533493629,False,0.000415848,0.00556753,,190.27226000000002,1536,56.44345688799786,33.63038586403254
"{""g"": {}, ""r"": {""FFT coefficients"": true, ""Light symmetry"": true, ""initial fit compare"": true, ""isophote variability"": true}, ""z"": {}}",250.3655802445595,False,success,WALLABY J130415-102023,10.980855395475928,0.12760954714211586,2,73,0.014152456743321586,25.036558024455985,0.007178206159206724,0.20111584924841708,False,0.000369279,0.00550466,,223.80826000000002,1792,55.0774894346485,32.816509197601476
"{""g"": {}, ""r"": {""FFT coefficients"": true, ""Light symmetry"": true, ""initial fit compare"": true, ""isophote variability"": true}, ""z"": {}}",275.4021382690155,False,success,WALLABY J130415-102023,10.988033601635134,0.12241306939886129,4,74,0.024485934537615373,25.036558024455985,1.3578583963891333e-06,2.1121910808143127,False,0.000292524,0.00534222,,257.34426,2048,55.278605283896916,32.93633891722723
"{""g"": {}, ""r"": {""FFT coefficients"": true, ""Light symmetry"": true, ""initial fit compare"": true, ""isophote variability"": true}, ""z"": {}}",250.3655802445595,True,success,WALLABY J130415-102023,10.988032243776738,0.12422178844311892,4,73,0.004745225981151005,22.76050729495995,0.002469545279387475,0.996187584960893,False,0.000165311,0.00504848,,290.88026,2304,53.1664142030826,31.677844044964047
"{""g"": {}, ""r"": {""FFT coefficients"": true, ""Light symmetry"": true, ""initial fit compare"": true, ""isophote variability"": true}, ""z"": {}}",227.60507294959956,True,success,WALLABY J130415-102023,10.98556269849735,0.12638568027305616,4,72,0.005387108719984357,22.76050729495995,0.004885624592382953,0.910543432299761,False,0.000141785,0.00486717,,324.41626,2560,52.17022661812171,31.084291227288958
"{""g"": {}, ""r"": {""FFT coefficients"": true, ""Light symmetry"": true, ""initial fit compare"": true, ""isophote variability"": true}, ""z"": {}}",250.3655802445595,True,success,WALLABY J130415-102023,10.990448323089733,0.12654881668852264,4,73,0.0011439142736432404,0.0,0.0032678931477754247,0.026499597642548167,True,0.000115891,0.00474615,,357.95226,2816,53.08077005042147,31.62681517359801
"{""g"": {}, ""r"": {""FFT coefficients"": true, ""Light symmetry"": true, ""initial fit compare"": true, ""isophote variability"": true}, ""z"": {}}",250.3655802445595,True,success,WALLABY J130415-102023,10.987180429941958,0.12665308157838126,4,73,,,,,,0.000121252,0.00462693,,391.48826,3072,53.10726964806402,31.642604279069154
"{""g"": {}, ""r"": {""FFT coefficients"": true, ""Light symmetry"": true, ""initial fit compare"": true, ""isophote variability"": true}, ""z"": {}}",8.099122299612137,True,success,WALLABY J130417-202952,7.9834525163557455,0.20162793217107283,1,37,0.008026995110278658,0.0,0.01118844503622185,0.028124376694533826,True,0.000307204,0.0063532,,127.71452000000002,1024,3.6376358021721793,2.1673919778269863
"{""g"": {}, ""r"": {""FFT coefficients"": true, ""Light symmetry"": true, ""initial fit compare"": true, ""isophote variability"": true}, ""z"": {}}",8.099122299612137,True,success,WALLABY J130417-202952,7.994640961391967,0.20213782337214128,1,37,,,,,,0.000255477,0.00653506,,161.25052000000002,1280,3.665760178866713,2.1841491662164114
"{""g"": {}, ""r"": {""FFT coefficients"": false, ""Light symmetry"": true, ""initial fit compare"": true, ""isophote variability"": true}, ""z"": {}}",15.7828981202455,True,success,WALLABY J130419+081330,9.895385998255936,0.15786833672651868,1,44,0.000712010454317285,0.0,0.014971705398046709,0.0013364110470490687,True,0.000156636,0.00491877,,121.94528000000001,1024,5.080051057766816,3.026818106139296
"{""g"": {}, ""r"": {""FFT coefficients"": false, ""Light symmetry"": true, ""initial fit compare"": true, ""isophote variability"": true}, ""z"": {}}",15.7828981202455,True,success,WALLABY J130419+081330,9.910357703653982,0.1565374933913695,1,44,,,,,,0.000153168,0.00482266,,155.48128000000003,1280,5.081387468813865,3.027614372379232
,,,quality_fail,WALLABY J130422-170313,,,,,,,,,,,,r-band AutoProf outputs missing,,1024,,
,,,quality_fail,WALLABY J130422-170313,,,,,,,,,,,,r-band AutoProf outputs missing,,1280,,
,,,quality_fail,WALLABY J130422-170313,,,,,,,,,,,,r-band AutoProf outputs missing,,1536,,
,,,quality_fail,WALLABY J130422-170313,,,,,,,,,,,,r-band AutoProf outputs missing,,1792,,
,,,quality_fail,WALLABY J130422-170313,,,,,,,,,,,,r-band AutoProf outputs missing,,2048,,
,,,quality_fail,WALLABY J130422-170313,,,,,,,,,,,,r-band AutoProf outputs missing,,2304,,
,,,quality_fail,WALLABY J130422-170313,,,,,,,,,,,,r-band AutoProf outputs missing,,2560,,
,,,quality_fail,WALLABY J130422-170313,,,,,,,,,,,,r-band AutoProf outputs missing,,2816,,
,,,quality_fail,WALLABY J130422-170313,,,,,,,,,,,,r-band AutoProf outputs missing,,3072,,
"{""g"": {}, ""r"": {""FFT coefficients"": true, ""Light symmetry"": true, ""initial fit compare"": true, ""isophote variability"": true}, ""z"": {}}",19.09730672549706,True,success,WALLABY J130425-204308,10.455429652036871,0.13407846779604282,1,46,0.013254638085167737,0.0,0.004011974563423948,0.06132961804477155,False,0.000188313,0.00662084,,118.10174,1024,6.215960589445497,3.703620661531852
"{""g"": {}, ""r"": {""FFT coefficients"": true, ""Light symmetry"": true, ""initial fit compare"": true, ""isophote variability"": true}, ""z"": {}}",19.09730672549706,True,success,WALLABY J130425-204308,10.451417677473447,0.1274991752203082,1,46,0.011936358748680778,0.0,0.005340181400073973,0.012870602770095552,False,0.000274493,0.00638291,,151.63774,1280,6.277290207490268,3.7401623411783014
"{""g"": {}, ""r"": {""FFT coefficients"": true, ""Light symmetry"": true, ""initial fit compare"": true, ""isophote variability"": true}, ""z"": {}}",19.09730672549706,True,success,WALLABY J130425-204308,10.446077496073373,0.1278199519064746,1,46,0.009286264983721086,0.0,0.003269111591123419,0.09413369083138434,True,0.000199564,0.00617184,,185.17374,1536,6.290160810260364,3.7478309596741513
"{""g"": {}, ""r"": {""FFT coefficients"": true, ""Light symmetry"": true, ""initial fit compare"": true, ""isophote variability"": true}, ""z"": {}}",19.09730672549706,True,success,WALLABY J130425-204308,10.44280838448225,0.1331457010728472,1,46,,,,,,0.000142833,0.00604642,,218.70974,1792,6.384294501091748,3.803918104580015
"{""g"": {}, ""r"": {""FFT coefficients"": true, ""Light symmetry"": true, ""initial fit compare"": true, ""isophote variability"": true}, ""z"": {}}",33.83204379992831,True,success,WALLABY J130428+043155,9.404193181734566,0.1729873418573489,1,52,0.006344966942522749,3.0756403454480257,0.020172230427304427,0.382956292491226,False,0.000228483,0.00543265,,129.12408000000002,1024,6.000923345473523,3.575496235980352
"{""g"": {}, ""r"": {""FFT coefficients"": true, ""Light symmetry"": true, ""initial fit compare"": true, ""isophote variability"": true}, ""z"": {}}",30.75640345448028,True,success,WALLABY J130428+043155,9.384020951307262,0.17240499737093082,1,51,0.001157763706632772,0.0,0.016465627135618277,0.13341820818139727,True,0.000262835,0.00539546,,162.66008000000002,1280,5.617967052982297,3.3473215529325846
"{""g"": {}, ""r"": {""FFT coefficients"": true, ""Light symmetry"": true, ""initial fit compare"": true, ""isophote variability"": true}, ""z"": {}}",30.75640345448028,True,success,WALLABY J130428+043155,9.40048657844288,0.16443517352530826,1,51,,,,,,0.000256622,0.0053373,,196.19608000000002,1536,5.751385261163694,3.4268153697505674
,,,quality_fail,WALLABY J130430-174819,,,,,,,,,,,,r-band AutoProf outputs missing,,1024,,
,,,quality_fail,WALLABY J130430-174819,,,,,,,,,,,,r-band AutoProf outputs missing,,1280,,
,,,quality_fail,WALLABY J130430-174819,,,,,,,,,,,,r-band AutoProf outputs missing,,1536,,
,,,quality_fail,WALLABY J130430-174819,,,,,,,,,,,,r-band AutoProf outputs missing,,1792,,
,,,quality_fail,WALLABY J130430-174819,,,,,,,,,,,,r-band AutoProf outputs missing,,2048,,
,,,quality_fail,WALLABY J130430-174819,,,,,,,,,,,,r-band AutoProf outputs missing,,2304,,
,,,quality_fail,WALLABY J130430-174819,,,,,,,,,,,,r-band AutoProf outputs missing,,2560,,
,,,quality_fail,WALLABY J130430-174819,,,,,,,,,,,,r-band AutoProf outputs missing,,2816,,
,,,quality_fail,WALLABY J130430-174819,,,,,,,,,,,,r-band AutoProf outputs missing,,3072,,
"{""g"": {}, ""r"": {""FFT coefficients"": true, ""Light symmetry"": true, ""initial fit compare"": true, ""isophote variability"": true}, ""z"": {}}",21.007037398046766,True,success,WALLABY J130430-180121,10.208871201636066,0.15941079996157392,1,47,0.0010887868698505354,1.9097306725497063,0.015483333615343042,0.20629450106073666,False,1.12305e-05,0.00994759,,129.94414,1024,5.675147383169379,3.3813909858491438
"{""g"": {}, ""r"": {""FFT coefficients"": true, ""Light symmetry"": true, ""initial fit compare"": true, ""isophote variability"": true}, ""z"": {}}",19.09730672549706,True,success,WALLABY J130430-180121,10.193387868020723,0.15837642703113436,1,46,0.00033586461962644706,0.0,0.0031425587064592975,0.0296421567734102,True,1.77002e-06,0.00743043,,163.48014,1280,5.468852882108642,3.2584756993870228
"{""g"": {}, ""r"": {""FFT coefficients"": true, ""Light symmetry"": true, ""initial fit compare"": true, ""isophote variability"": true}, ""z"": {}}",19.09730672549706,True,success,WALLABY J130430-180121,10.196530426727183,0.1578296102938144,1,46,,,,,,4.08936e-06,0.00638073,,197.01614,1536,5.498495038882052,3.276137218101407
"{""g"": {}, ""r"": {""FFT coefficients"": true, ""Light symmetry"": false, ""initial fit compare"": true, ""isophote variability"": true}, ""z"": {}}",27.960366776800253,True,success,WALLABY J130440+075733,10.25397739242692,0.1355617466784225,2,50,0.007708541622116658,4.852625638948808,0.013838384244440505,0.12634357118962392,False,0.000178966,0.00439705,,131.19388,1024,9.556425770914005,5.6939511482182485
"{""g"": {}, ""r"": {""FFT coefficients"": true, ""Light symmetry"": false, ""initial fit compare"": true, ""isophote variability"": true}, ""z"": {}}",23.107741137851445,True,success,WALLABY J130440+075733,10.24013900818248,0.13596923909250136,2,48,0.0018183684030105309,4.852625638948808,0.026673586337469857,0.09289948486511257,False,0.000213392,0.00453486,,164.72988,1280,9.430082199724382,5.618672572368823
"{""g"": {}, ""r"": {""FFT coefficients"": true, ""Light symmetry"": false, ""initial fit compare"": true, ""isophote variability"": true}, ""z"": {}}",27.960366776800253,True,success,WALLABY J130440+075733,10.26681259451995,0.13738139123979173,2,50,0.00026592372735341317,0.0,0.01505903353771565,0.16815533134889016,True,0.00022172,0.004625,,198.26588,1536,9.337182714859269,5.563320797427343
"{""g"": {}, ""r"": {""FFT coefficients"": true, ""Light symmetry"": false, ""initial fit compare"": true, ""isophote variability"": true}, ""z"": {}}",27.960366776800253,True,success,WALLABY J130440+075733,10.251753560982234,0.13610579776130333,2,50,,,,,,0.000220493,0.00460321,,231.80188,1792,9.50533804620816,5.663511837986376
"{""g"": {}, ""r"": {""FFT coefficients"": true, ""Light symmetry"": true, ""initial fit compare"": true, ""isophote variability"": true}, ""z"": {}}",21.007037398046766,True,success,WALLABY J130444-160813,10.056326489567507,0.15780201177308675,2,47,0.001021165051063443,2.100703739804679,0.004062515396743294,0.18145558364351633,False,1.50986e-05,0.00897871,,121.59682000000001,1024,6.741561744172946,4.016786626528299
"{""g"": {}, ""r"": {""FFT coefficients"": true, ""Light symmetry"": true, ""initial fit compare"": true, ""isophote variability"": true}, ""z"": {}}",23.107741137851445,True,success,WALLABY J130444-160813,10.06038900496425,0.15200366415419225,2,48,0.000987435941394878,4.010434412354385,0.002612171034625632,0.35140049396597206,False,6.83594e-06,0.0072041,,155.13282,1280,6.923017327816463,4.124902281230736
"{""g"": {}, ""r"": {""FFT coefficients"": true, ""Light symmetry"": true, ""initial fit compare"": true, ""isophote variability"": true}, ""z"": {}}",19.09730672549706,True,success,WALLABY J130444-160813,10.057776833929625,0.18010908752993826,3,46,0.00011574422385752199,1.736118793227007,0.006511245613211258,0.10166268894612784,False,7.01904e-07,0.00522007,,188.66882,1536,6.571616833850491,3.91552931124526
"{""g"": {}, ""r"": {""FFT coefficients"": true, ""Light symmetry"": true, ""initial fit compare"": true, ""isophote variability"": true}, ""z"": {}}",17.361187932270052,True,success,WALLABY J130444-160813,10.051265588316413,0.199255716386522,3,45,2.49560004350482e-05,3.6458494657767133,0.010131200690308262,0.3311861181993381,False,1.2207e-07,0.00479916,,222.20482,1792,6.469954144904363,3.8549562059512716
"{""g"": {}, ""r"": {""FFT coefficients"": true, ""Light symmetry"": true, ""initial fit compare"": true, ""isophote variability"": true}, ""z"": {}}",21.007037398046766,True,success,WALLABY J130444-160813,10.061396789006722,0.1595664600063066,3,47,8.028955699018584e-05,1.9097306725497063,0.015154275189209088,0.26310235802900017,False,-3.05176e-08,0.00742937,,255.74081999999999,2048,6.801140263103701,4.052284958687945
"{""g"": {}, ""r"": {""FFT coefficients"": true, ""Light symmetry"": true, ""initial fit compare"": true, ""isophote variability"": true}, ""z"": {}}",19.09730672549706,True,success,WALLABY J130444-160813,10.046242513817512,0.15449584126539193,4,46,6.953332649793756e-05,1.9097306725497063,0.010693277275127144,0.13121673625893138,False,4.88281e-07,0.00549382,,289.27682,2304,6.538037905074701,3.895522167921783
"{""g"": {}, ""r"": {""FFT coefficients"": true, ""Light symmetry"": true, ""initial fit compare"": true, ""isophote variability"": true}, ""z"": {}}",21.007037398046766,True,success,WALLABY J130444-160813,10.035549236542385,0.13876574323982266,4,47,3.5458220565668335e-05,0.0,0.0006554369897404655,0.008297743465034202,True,8.8501e-07,0.00591737,,322.81282,2560,6.669254641333632,3.973704294168292
"{""g"": {}, ""r"": {""FFT coefficients"": true, ""Light symmetry"": true, ""initial fit compare"": true, ""isophote variability"": true}, ""z"": {}}",21.007037398046766,True,success,WALLABY J130444-160813,10.034893799552645,0.1472100107843828,4,47,,,,,,1.09863e-06,0.00613174,,356.34882,2816,6.677552384798666,3.978648291753054
"{""g"": {}, ""r"": {""FFT coefficients"": true, ""Light symmetry"": true, ""initial fit compare"": true, ""isophote variability"": true}, ""z"": {}}",14.348089200223182,True,success,WALLABY J130445+062514,9.233623863062382,0.17199367518034042,1,43,0.013910357824938702,0.0,0.00384404282923434,0.03231942374636976,False,0.000104394,0.0040023,,125.97484000000001,1024,6.180821484548557,3.682683927289196
"{""g"": {}, ""r"": {""FFT coefficients"": true, ""Light symmetry"": true, ""initial fit compare"": true, ""isophote variability"": true}, ""z"": {}}",14.348089200223182,True,success,WALLABY J130445+062514,9.229779820233148,0.16895088816939113,2,43,0.002101464494086191,0.0,0.013373355729045855,0.040239222485154436,True,0.000159567,0.00393035,,159.51084000000003,1280,6.2131409082949265,3.7019406268505
"{""g"": {}, ""r"": {""FFT coefficients"": true, ""Light symmetry"": true, ""initial fit compare"": true, ""isophote variability"": true}, ""z"": {}}",14.348089200223182,True,success,WALLABY J130445+062514,9.243153175962194,0.1595145774168848,2,43,,,,,,0.000167772,0.00387849,,193.04684000000003,1536,6.172901685809772,3.677965118374297
"{""g"": {}, ""r"": {""FFT coefficients"": true, ""Light symmetry"": true, ""initial fit compare"": true, ""isophote variability"": true}, ""z"": {}}",17.361187932270052,True,success,WALLABY J130445-190601,9.25288648073003,0.1559422691712805,2,45,0.008942053290871771,0.0,0.0032620196137251867,0.04924894826029025,True,0.000145139,0.00333985,,124.23516000000001,1024,7.687565926679539,4.580438951186862
"{""g"": {}, ""r"": {""FFT coefficients"": true, ""Light symmetry"": true, ""initial fit compare"": true, ""isophote variability"": true}, ""z"": {}}",17.361187932270052,True,success,WALLABY J130445-190601,9.249624461116305,0.1595278352737719,2,45,,,,,,0.0001156,0.00326691,,157.77115999999998,1280,7.638316978419248,4.551095228730636
,,,quality_fail,WALLABY J130449-171802,,,,,,,,,,,,r-band AutoProf outputs missing,,1024,,
,,,quality_fail,WALLABY J130449-171802,,,,,,,,,,,,r-band AutoProf outputs missing,,1280,,
,,,quality_fail,WALLABY J130449-171802,,,,,,,,,,,,r-band AutoProf outputs missing,,1536,,
,,,quality_fail,WALLABY J130449-171802,,,,,,,,,,,,r-band AutoProf outputs missing,,1792,,
"{""g"": {}, ""r"": {""FFT coefficients"": true, ""Light symmetry"": true, ""initial fit compare"": true, ""isophote variability"": true}, ""z"": {}}",21.007037398046766,True,success,WALLABY J130502-201243,9.143400478379531,0.15431363583138422,1,47,0.0005426463050659577,0.0,0.019307540620188135,0.13835157568038792,True,2.40787e-05,0.00842524,,124.2535,1024,6.51272154014175,3.880438061307632
"{""g"": {}, ""r"": {""FFT coefficients"": true, ""Light symmetry"": true, ""initial fit compare"": true, ""isophote variability"": true}, ""z"": {}}",21.007037398046766,True,success,WALLABY J130502-201243,9.124092937759343,0.17181491090178086,2,47,,,,,,1.96533e-05,0.0078852,,157.7895,1280,6.651073115822138,3.9628712985960752
,,,quality_fail,WALLABY J130503-171522,,,,,,,,,,,,r-band AutoProf outputs missing,,1024,,
,,,quality_fail,WALLABY J130503-171522,,,,,,,,,,,,r-band AutoProf outputs missing,,1280,,
,,,quality_fail,WALLABY J130503-171522,,,,,,,,,,,,r-band AutoProf outputs missing,,1536,,
,,,quality_fail,WALLABY J130503-171522,,,,,,,,,,,,r-band AutoProf outputs missing,,1792,,
,,,quality_fail,WALLABY J130503-171522,,,,,,,,,,,,r-band AutoProf outputs missing,,2048,,
,,,quality_fail,WALLABY J130503-171522,,,,,,,,,,,,r-band AutoProf outputs missing,,2304,,
,,,quality_fail,WALLABY J130503-171522,,,,,,,,,,,,r-band AutoProf outputs missing,,2560,,
,,,quality_fail,WALLABY J130503-171522,,,,,,,,,,,,r-band AutoProf outputs missing,,2816,,
,,,quality_fail,WALLABY J130503-171522,,,,,,,,,,,,r-band AutoProf outputs missing,,3072,,
"{""g"": {}, ""r"": {""FFT coefficients"": true, ""Light symmetry"": false, ""initial fit compare"": true, ""isophote variability"": true}, ""z"": {}}",13.043717454748347,True,success,WALLABY J130504+071549,9.755402957254606,0.17341278839899557,1,42,0.019415800875454168,1.185792495886215,0.018023317851765697,0.06243159645228902,False,0.00029667,0.00541006,,130.02536,1024,3.829078199233658,2.281458019116564
"{""g"": {}, ""r"": {""FFT coefficients"": true, ""Light symmetry"": false, ""initial fit compare"": true, ""isophote variability"": true}, ""z"": {}}",11.857924958862132,True,success,WALLABY J130504+071549,9.73737963940284,0.1740177904730403,1,41,0.014192647696733693,0.0,0.014486506400368526,0.0926374208766867,False,0.000194363,0.00512847,,163.56136,1280,3.891509795685947,2.318656284328497
"{""g"": {}, ""r"": {""FFT coefficients"": true, ""Light symmetry"": false, ""initial fit compare"": true, ""isophote variability"": true}, ""z"": {}}",11.857924958862132,True,success,WALLABY J130504+071549,9.75186614580321,0.17416492915757362,1,41,0.002200958222055208,0.0,0.003929240765861763,0.02486874975064124,True,0.0001232,0.00489968,,197.09736,1536,3.7988723748092603,2.263460653491892
"{""g"": {}, ""r"": {""FFT coefficients"": true, ""Light symmetry"": false, ""initial fit compare"": true, ""isophote variability"": true}, ""z"": {}}",11.857924958862132,True,success,WALLABY J130504+071549,9.755795386569071,0.17307941574867539,1,41,,,,,,0.00013386,0.00478701,,230.63336,1792,3.8237411245599016,2.278278060082167
"{""g"": {}, ""r"": {""FFT coefficients"": true, ""Light symmetry"": true, ""initial fit compare"": true, ""isophote variability"": true}, ""z"": {}}",8.099122299612137,True,success,WALLABY J130510-161645,9.212906621361187,0.16727255671467975,1,37,0.008754496956166197,0.0,0.010281495433648757,0.03990144205048596,True,-1.24137e-05,0.00964768,,129.81576,1024,3.172226761834718,1.8900899401042381
"{""g"": {}, ""r"": {""FFT coefficients"": true, ""Light symmetry"": true, ""initial fit compare"": true, ""isophote variability"": true}, ""z"": {}}",8.099122299612137,True,success,WALLABY J130510-161645,9.202625125927538,0.1650284177026774,1,37,,,,,,7.18932e-05,0.00961257,,163.35176,1280,3.1323253197842322,1.8663156894350783
,,,quality_fail,WALLABY J130512+034927,,,,,,,,,,,,invalid retained r cumulative row 0,,1024,,
,,,quality_fail,WALLABY J130512+034927,,,,,,,,,,,,invalid retained r cumulative row 0,,1280,,
,,,quality_fail,WALLABY J130512+034927,,,,,,,,,,,,invalid retained r cumulative row 0,,1536,,
,,,quality_fail,WALLABY J130512+034927,,,,,,,,,,,,invalid retained r cumulative row 0,,1792,,
,,,quality_fail,WALLABY J130512+034927,,,,,,,,,,,,invalid retained r cumulative row 0,,2048,,
,,,quality_fail,WALLABY J130512+034927,,,,,,,,,,,,invalid retained r cumulative row 0,,2304,,
,,,quality_fail,WALLABY J130512+034927,,,,,,,,,,,,invalid retained r cumulative row 0,,2560,,
,,,quality_fail,WALLABY J130512+034927,,,,,,,,,,,,invalid retained r cumulative row 0,,2816,,
,,,quality_fail,WALLABY J130512+034927,,,,,,,,,,,,invalid retained r cumulative row 0,,3072,,
,,,quality_fail,WALLABY J130516-171618,,,,,,,,,,,,r-band AutoProf outputs missing,,1024,,
,,,quality_fail,WALLABY J130516-171618,,,,,,,,,,,,r-band AutoProf outputs missing,,1280,,
,,,quality_fail,WALLABY J130516-171618,,,,,,,,,,,,r-band AutoProf outputs missing,,1536,,
,,,quality_fail,WALLABY J130516-171618,,,,,,,,,,,,r-band AutoProf outputs missing,,1792,,
,,,quality_fail,WALLABY J130516-171618,,,,,,,,,,,,r-band AutoProf outputs missing,,2048,,
,,,quality_fail,WALLABY J130516-171618,,,,,,,,,,,,r-band AutoProf outputs missing,,2304,,
,,,quality_fail,WALLABY J130516-171618,,,,,,,,,,,,r-band AutoProf outputs missing,,2560,,
,,,quality_fail,WALLABY J130516-171618,,,,,,,,,,,,r-band AutoProf outputs missing,,2816,,
"{""g"": {}, ""r"": {""FFT coefficients"": true, ""Light symmetry"": true, ""initial fit compare"": true, ""isophote variability"": true}, ""z"": {}}",37.21524817992115,True,success,WALLABY J130522+043840,10.703640263154915,0.15461748452958093,2,53,0.009058901195628256,3.721524817992112,0.006779118764887571,0.0473823211071176,False,0.000144706,0.00496881,,121.45796,1024,5.194195039564846,3.094827869601199
"{""g"": {}, ""r"": {""FFT coefficients"": true, ""Light symmetry"": true, ""initial fit compare"": true, ""isophote variability"": true}, ""z"": {}}",40.93677299791326,True,success,WALLABY J130522+043840,10.710419381919802,0.15255777027152437,2,54,0.0038120148550940015,0.0,0.009101736515107817,0.014477144354355431,True,0.000100246,0.00484695,,154.99396000000002,1280,5.241577360671964,3.123059410152088
"{""g"": {}, ""r"": {""FFT coefficients"": true, ""Light symmetry"": true, ""initial fit compare"": true, ""isophote variability"": true}, ""z"": {}}",40.93677299791326,True,success,WALLABY J130522+043840,10.701317645404695,0.14502079026980647,4,54,,,,,,0.000118522,0.00474168,,188.52996000000002,1536,5.227100216317608,3.114433575065261
"{""g"": {}, ""r"": {""FFT coefficients"": true, ""Light symmetry"": false, ""initial fit compare"": true, ""isophote variability"": true}, ""z"": {}}",37.21524817992115,True,success,WALLABY J130525-161217,10.440556601170227,0.1510476313909184,2,53,0.0004545802932557673,0.0,0.03824112244824285,0.47332490832511454,False,4.69971e-06,0.00682376,,129.4804,1024,9.748083680032911,5.808145596838795
"{""g"": {}, ""r"": {""FFT coefficients"": true, ""Light symmetry"": false, ""initial fit compare"": true, ""isophote variability"": true}, ""z"": {}}",37.21524817992115,True,success,WALLABY J130525-161217,10.402315478721984,0.14519248641167332,2,53,0.00023494752736319326,0.0,0.009161747602146164,0.0896062283784893,True,8.05664e-06,0.0079456,,163.0164,1280,9.274758771707797,5.526127092238375
"{""g"": {}, ""r"": {""FFT coefficients"": true, ""Light symmetry"": false, ""initial fit compare"": true, ""isophote variability"": true}, ""z"": {}}",37.21524817992115,True,success,WALLABY J130525-161217,10.41147722632413,0.1436255594425107,2,53,,,,,,6.16455e-06,0.00816089,,196.5524,1536,9.364365000086286,5.579516664782965
,,,quality_fail,WALLABY J130527-142801,,,,,,,,,,,,r-band AutoProf outputs missing,,1024,,
,,,quality_fail,WALLABY J130527-142801,,,,,,,,,,,,r-band AutoProf outputs missing,,1280,,
,,,quality_fail,WALLABY J130527-142801,,,,,,,,,,,,r-band AutoProf outputs missing,,1536,,
,,,quality_fail,WALLABY J130527-142801,,,,,,,,,,,,r-band AutoProf outputs missing,,1792,,
,,,quality_fail,WALLABY J130527-142801,,,,,,,,,,,,common uncertainty aperture retains only 0 rows,,2048,,
,,,quality_fail,WALLABY J130527-142801,,,,,,,,,,,,common uncertainty aperture retains only 0 rows,,2304,,
,,,quality_fail,WALLABY J130527-142801,,,,,,,,,,,,common uncertainty aperture retains only 0 rows,,2560,,
,,,quality_fail,WALLABY J130527-142801,,,,,,,,,,,,common uncertainty aperture retains only 0 rows,,2816,,
,,,quality_fail,WALLABY J130527-142801,,,,,,,,,,,,common uncertainty aperture retains only 0 rows,,3072,,
,,,quality_fail,WALLABY J130528-111138,,,,,,,,,,,,invalid retained r cumulative row 0,,1024,,
"{""g"": {}, ""r"": {""FFT coefficients"": true, ""Light symmetry"": true, ""initial fit compare"": true, ""isophote variability"": true}, ""z"": {}}",14.348089200223182,True,success,WALLABY J130528-111138,7.554673907449867,0.22040259590839473,1,43,7.074159196879164e-06,0.0,0.002384568251043717,0.16032511075065514,True,0.000163094,0.00638634,,163.82336,1280,8.990396343222596,5.356697033867443
"{""g"": {}, ""r"": {""FFT coefficients"": true, ""Light symmetry"": true, ""initial fit compare"": true, ""isophote variability"": true}, ""z"": {}}",14.348089200223182,True,success,WALLABY J130528-111138,7.557058475700911,0.2126881711673217,1,43,,,,,,0.000163139,0.00633602,,197.35936,1536,8.83007123247194,5.261171429386176
"{""g"": {}, ""r"": {""FFT coefficients"": true, ""Light symmetry"": true, ""initial fit compare"": true, ""isophote variability"": true}, ""z"": {}}",65.92908228086931,True,success,WALLABY J130534-154506,9.032009183208977,0.1634772246516799,1,59,0.007484483433852901,0.0,0.005622316356035384,0.2673719362984919,True,-9.94268e-05,0.00812461,,128.73894,1024,23.665127387724077,14.100259081400777
"{""g"": {}, ""r"": {""FFT coefficients"": false, ""Light symmetry"": true, ""initial fit compare"": true, ""isophote variability"": true}, ""z"": {}}",65.92908228086931,True,success,WALLABY J130534-154506,9.026386866852942,0.16390392478515173,1,59,,,,,,-3.97053e-05,0.00783414,,162.27494000000002,1280,23.397755451425585,13.940952371948617
"{""g"": {}, ""r"": {""FFT coefficients"": false, ""Light symmetry"": false, ""initial fit compare"": true, ""isophote variability"": false}, ""z"": {}}",23.107741137851445,True,success,WALLABY J130535+041627,9.494272596993401,0.1359071893847017,1,48,0.015631635982980747,4.852625638948808,0.12222355654661143,2.1245414429646425,False,0.000168915,0.00478459,,132.4934,1024,7.330831057445832,4.36788763053882
"{""g"": {}, ""r"": {""FFT coefficients"": false, ""Light symmetry"": false, ""initial fit compare"": true, ""isophote variability"": true}, ""z"": {}}",27.960366776800253,True,success,WALLABY J130535+041627,9.37204904044679,0.11237889388342645,1,50,0.005437313106695776,19.051332247226902,0.3432894831099542,2.899152873537604,False,9.26087e-05,0.00497847,,166.0294,1280,9.455372500410475,5.6337411492701
"{""g"": {}, ""r"": {""FFT coefficients"": false, ""Light symmetry"": false, ""initial fit compare"": true, ""isophote variability"": false}, ""z"": {}}",8.90903452957335,True,success,WALLABY J130535+041627,9.028759557336835,0.16176789589679175,1,38,0.0035922817153050362,0.0,0.016293366234233275,0.020148339378501134,True,0.000120229,0.00518107,,199.5654,1536,6.5562196268728705,3.9063552804463804
"{""g"": {}, ""r"": {""FFT coefficients"": false, ""Light symmetry"": false, ""initial fit compare"": true, ""isophote variability"": false}, ""z"": {}}",8.90903452957335,True,success,WALLABY J130535+041627,9.012466191102602,0.15405515626972296,1,38,,,,,,0.000101289,0.00536376,,233.1014,1792,6.576367966251372,3.9183601516073203
"{""g"": {}, ""r"": {""FFT coefficients"": true, ""Light symmetry"": false, ""initial fit compare"": true, ""isophote variability"": true}, ""z"": {}}",15.7828981202455,True,success,WALLABY J130535+051140,9.425672315539813,0.19253958986676933,1,44,0.004169145987064697,0.0,0.001027973414080563,0.026209751165651163,True,0.000179627,0.00471537,,125.60803999999999,1024,3.9454711475444926,2.350807771583233
"{""g"": {}, ""r"": {""FFT coefficients"": true, ""Light symmetry"": false, ""initial fit compare"": true, ""isophote variability"": true}, ""z"": {}}",15.7828981202455,True,success,WALLABY J130535+051140,9.426700288953894,0.18955705885605667,1,44,,,,,,0.000160324,0.00454456,,159.14404,1280,3.9192613963788414,2.335191363700027
"{""g"": {}, ""r"": {""FFT coefficients"": true, ""Light symmetry"": true, ""initial fit compare"": true, ""isophote variability"": true}, ""z"": {}}",19.09730672549706,True,success,WALLABY J130544+073310,10.62294935820752,0.14622033564068257,1,46,0.005998969692631691,0.0,0.00138937161321806,0.07391850722927273,True,0.000237647,0.00493456,,127.60448000000001,1024,6.362491794759208,3.7909275213083613
"{""g"": {}, ""r"": {""FFT coefficients"": true, ""Light symmetry"": true, ""initial fit compare"": true, ""isophote variability"": true}, ""z"": {}}",19.09730672549706,True,success,WALLABY J130544+073310,10.624338729820739,0.14537881208251174,1,46,,,,,,0.000207894,0.00498481,,161.14048,1280,6.288573287529935,3.7468850749793465
"{""g"": {}, ""r"": {""FFT coefficients"": true, ""Light symmetry"": true, ""initial fit compare"": true, ""isophote variability"": true}, ""z"": {}}",33.83204379992831,True,success,WALLABY J130545-193817,10.639545733092831,0.14765983356394807,4,52,0.00036849817885397377,3.38320437999284,0.006001642832190512,0.07421686410590933,False,4.29526e-06,0.00396442,,129.09788,1024,5.016559471308833,2.988988273073993
"{""g"": {}, ""r"": {""FFT coefficients"": true, ""Light symmetry"": true, ""initial fit compare"": true, ""isophote variability"": true}, ""z"": {}}",37.21524817992115,True,success,WALLABY J130545-193817,10.645547375925021,0.14685756908073672,4,53,0.0006265069357145249,3.38320437999284,0.0012030672952114685,0.06527169707886227,False,5.85938e-06,0.00452474,,162.63388,1280,5.090776335414742,3.033208487694316
"{""g"": {}, ""r"": {""FFT coefficients"": true, ""Light symmetry"": true, ""initial fit compare"": true, ""isophote variability"": true}, ""z"": {}}",33.83204379992831,True,success,WALLABY J130545-193817,10.64434430862981,0.14632097473906375,4,52,0.0011707596484908395,0.0,0.0009009779374746785,0.01391578966706053,True,8.75741e-06,0.00472665,,196.16988,1536,5.02550463833588,2.994318021380068
"{""g"": {}, ""r"": {""FFT coefficients"": true, ""Light symmetry"": true, ""initial fit compare"": true, ""isophote variability"": true}, ""z"": {}}",33.83204379992831,True,success,WALLABY J130545-193817,10.645245286567285,0.14507173165050205,4,52,,,,,,1.43476e-05,0.00482303,,229.70588,1792,5.011588848668819,2.9860266550834464
"{""g"": {}, ""r"": {""FFT coefficients"": true, ""Light symmetry"": true, ""initial fit compare"": true, ""isophote variability"": true}, ""z"": {}}",6.693489503811683,True,success,WALLABY J130546-133400,6.064552090900645,0.26219065048319246,2,35,3.2677907675016467e-07,0.0,0.013603319570902883,0.034422192557165054,True,-1.14441e-08,0.00586362,,129.21054,1024,3.979032870436357,2.3708046632221493
"{""g"": {}, ""r"": {""FFT coefficients"": true, ""Light symmetry"": true, ""initial fit compare"": true, ""isophote variability"": true}, ""z"": {}}",6.693489503811683,True,success,WALLABY J130546-133400,6.078155410471548,0.26428381619592645,2,35,,,,,,-1.33514e-08,0.00580971,,162.74653999999998,1280,4.013455062993522,2.3913142436378316
"{""g"": {}, ""r"": {""FFT coefficients"": true, ""Light symmetry"": true, ""initial fit compare"": true, ""isophote variability"": true}, ""z"": {}}",19.09730672549706,True,success,WALLABY J130559-145906,9.016447157330596,0.17532692815879397,1,46,0.0011562245576737865,0.0,0.0014173867492104364,0.08389683139293957,True,8.78906e-06,0.00574186,,131.18864000000002,1024,7.1505875315592275,4.260494149358379
"{""g"": {}, ""r"": {""FFT coefficients"": true, ""Light symmetry"": true, ""initial fit compare"": true, ""isophote variability"": true}, ""z"": {}}",19.09730672549706,True,success,WALLABY J130559-145906,9.015029770581386,0.18388550924615027,1,46,,,,,,1.562e-05,0.00607408,,164.72464000000002,1280,7.234484362952167,4.3104819241701335
"{""g"": {}, ""r"": {""FFT coefficients"": true, ""Light symmetry"": true, ""initial fit compare"": true, ""isophote variability"": true}, ""z"": {}}",14.348089200223182,True,success,WALLABY J130602-155021,8.97071067002482,0.1758729772864129,2,43,0.0036443680177839412,2.4901642413610503,0.03109810001470059,0.1443127270754334,False,9.65787e-05,0.00792926,,127.27698,1024,3.9989450476967017,2.382668823243163
"{""g"": {}, ""r"": {""FFT coefficients"": true, ""Light symmetry"": true, ""initial fit compare"": true, ""isophote variability"": true}, ""z"": {}}",11.857924958862132,True,success,WALLABY J130602-155021,8.93961257001012,0.17702121105743324,2,41,0.01354834137819194,0.0,0.007680604286502302,0.02024477840528016,False,0.000124596,0.00744641,,160.81298,1280,3.8546323206212683,2.2966837868151475
"{""g"": {}, ""r"": {""FFT coefficients"": true, ""Light symmetry"": true, ""initial fit compare"": true, ""isophote variability"": true}, ""z"": {}}",11.857924958862132,True,success,WALLABY J130602-155021,8.947293174296622,0.17859796610453052,2,41,0.0004961412605580917,0.0,0.002189161043910204,0.015308339699295015,True,2.5178e-05,0.00722963,,194.34898,1536,3.834387542215988,2.2846214549340154
"{""g"": {}, ""r"": {""FFT coefficients"": true, ""Light symmetry"": true, ""initial fit compare"": true, ""isophote variability"": true}, ""z"": {}}",11.857924958862132,True,success,WALLABY J130602-155021,8.945104013252712,0.1770661882154971,2,41,,,,,,2.15573e-05,0.00736581,,227.88498,1792,3.849695881915283,2.2937425364447837
"{""g"": {}, ""r"": {""FFT coefficients"": true, ""Light symmetry"": true, ""initial fit compare"": true, ""isophote variability"": true}, ""z"": {}}",19.09730672549706,True,success,WALLABY J130609+040911,9.977177493266197,0.15228419637729645,4,46,0.023723841595200478,0.0,0.018957632506918287,0.05015569465112879,False,2.12815e-05,0.00515467,,129.4673,1024,6.4404305608957415,3.8373653357770845
"{""g"": {}, ""r"": {""FFT coefficients"": true, ""Light symmetry"": true, ""initial fit compare"": true, ""isophote variability"": true}, ""z"": {}}",19.09730672549706,True,success,WALLABY J130609+040911,9.958219860759279,0.14166171234349814,4,46,0.0035577470360517852,0.0,0.0007916260486595661,0.02288001145914187,True,0.000141257,0.00495967,,163.0033,1280,6.390274866244613,3.8074813517443005
"{""g"": {}, ""r"": {""FFT coefficients"": true, ""Light symmetry"": true, ""initial fit compare"": true, ""isophote variability"": true}, ""z"": {}}",19.09730672549706,True,success,WALLABY J130609+040911,9.959011486807938,0.14728326894607757,4,46,,,,,,0.000158884,0.00494941,,196.5393,1536,6.413154877703755,3.821113819639938
"{""g"": {}, ""r"": {""FFT coefficients"": true, ""Light symmetry"": true, ""initial fit compare"": true, ""isophote variability"": true}, ""z"": {}}",19.09730672549706,True,success,WALLABY J130612-201622,10.490655651049284,0.15850292503030247,1,46,0.0030819493742369,0.0,0.002215555461752672,0.021223984584318067,True,0.000181651,0.00390969,,118.91394000000001,1024,5.657549041005913,3.3709054651146673
"{""g"": {}, ""r"": {""FFT coefficients"": true, ""Light symmetry"": true, ""initial fit compare"": true, ""isophote variability"": true}, ""z"": {}}",19.09730672549706,True,success,WALLABY J130612-201622,10.492871206511037,0.16244024371928195,1,46,,,,,,0.000169699,0.00384644,,152.44994,1280,5.678773025590231,3.3835512318783727
"{""g"": {}, ""r"": {""FFT coefficients"": true, ""Light symmetry"": true, ""initial fit compare"": true, ""isophote variability"": true}, ""z"": {}}",25.41851525163659,True,success,WALLABY J130614-202212,10.344794757603667,0.1508494020780921,3,49,0.00020864544128284033,2.310774113785147,0.0017809389330309955,0.017839174784524126,False,4.55889e-06,0.00748687,,124.76178,1024,4.585583350664565,2.7322022072557504
"{""g"": {}, ""r"": {""FFT coefficients"": true, ""Light symmetry"": true, ""initial fit compare"": true, ""isophote variability"": true}, ""z"": {}}",23.107741137851445,True,success,WALLABY J130614-202212,10.343013818670636,0.1522731663367762,3,48,0.0007779755822426353,2.310774113785147,0.011069080469932047,0.1490454689615106,False,5.92041e-06,0.00556417,,158.29778000000002,1280,4.567744175880041,2.7215731925820044
"{""g"": {}, ""r"": {""FFT coefficients"": true, ""Light symmetry"": true, ""initial fit compare"": true, ""isophote variability"": true}, ""z"": {}}",25.41851525163659,True,success,WALLABY J130614-202212,10.331944738200704,0.1478046107494167,3,49,0.00014586764741977447,0.0,0.004193345021370476,0.1205888490838758,True,2.2583e-06,0.00385029,,191.83378000000002,1536,4.716789644841551,2.8103781118555995
"{""g"": {}, ""r"": {""FFT coefficients"": true, ""Light symmetry"": true, ""initial fit compare"": true, ""isophote variability"": true}, ""z"": {}}",25.41851525163659,True,success,WALLABY J130614-202212,10.336138083222075,0.14836938161332325,3,49,,,,,,2.82288e-06,0.0038907,,225.36978000000002,1792,4.596200795757675,2.7385283395491715
"{""g"": {}, ""r"": {""FFT coefficients"": true, ""Light symmetry"": true, ""initial fit compare"": true, ""isophote variability"": true}, ""z"": {}}",87.75160851583708,True,success,WALLABY J130618-173039,8.29496979736826,0.14993910694737225,1,62,0.000841709980679353,8.77516085158372,0.011385591128943773,0.21214272886738428,False,1.95313e-06,0.0035246,,121.54442000000002,1024,33.16511652233234,19.760583907623964
"{""g"": {}, ""r"": {""FFT coefficients"": true, ""Light symmetry"": true, ""initial fit compare"": true, ""isophote variability"": true}, ""z"": {}}",96.5267693674208,True,success,WALLABY J130618-173039,8.306355388497204,0.15110033590524735,1,63,0.0003936229243669479,8.77516085158372,0.020458310191454387,0.18296719127902605,False,5.00488e-06,0.00372671,,155.08042,1280,33.377259251199725,19.886983710602298
"{""g"": {}, ""r"": {""FFT coefficients"": true, ""Light symmetry"": true, ""initial fit compare"": true, ""isophote variability"": true}, ""z"": {}}",87.75160851583708,True,success,WALLABY J130618-173039,8.326813698688659,0.15493617915342098,1,62,4.118199532556402e-05,0.0,0.029279152086157723,0.09163695813117556,False,6.46973e-06,0.0037162,,188.61642,1536,33.1942920599207,19.777967403266942
"{""g"": {}, ""r"": {""FFT coefficients"": true, ""Light symmetry"": true, ""initial fit compare"": true, ""isophote variability"": true}, ""z"": {}}",87.75160851583708,True,success,WALLABY J130618-173039,8.2975345466025,0.15920415558378415,1,62,0.0006140211386919653,0.0,0.02989376135172428,2.3156536431184165,False,6.31714e-06,0.00369432,,222.15242,1792,33.10265510178952,19.723367872492755
"{""g"": {}, ""r"": {""FFT coefficients"": true, ""Light symmetry"": true, ""initial fit compare"": true, ""isophote variability"": true}, ""z"": {}}",87.75160851583708,True,success,WALLABY J130618-173039,8.327428307954225,0.16194854231028852,1,62,0.0005760599250936331,0.0,0.008661809071528026,0.03405996079014173,True,4.10461e-06,0.00351237,,255.68842,2048,30.787001458671106,18.343645051828936
"{""g"": {}, ""r"": {""FFT coefficients"": true, ""Light symmetry"": true, ""initial fit compare"": true, ""isophote variability"": true}, ""z"": {}}",87.75160851583708,True,success,WALLABY J130618-173039,8.318766498882697,0.1599645337331263,1,62,,,,,,2.18201e-06,0.00316263,,289.22442,2304,30.821061419461248,18.363938805738435
"{""g"": {}, ""r"": {""FFT coefficients"": true, ""Light symmetry"": true, ""initial fit compare"": true, ""isophote variability"": true}, ""z"": {}}",11.857924958862132,True,success,WALLABY J130622-161408,9.593400234494275,0.15350434525448653,1,41,0.009516789983231818,0.0,0.012280385579170883,0.023826686364631477,True,9.1562e-05,0.00936484,,130.3581,1024,4.315136912691148,2.5710636348496165
"{""g"": {}, ""r"": {""FFT coefficients"": true, ""Light symmetry"": true, ""initial fit compare"": true, ""isophote variability"": true}, ""z"": {}}",11.857924958862132,True,success,WALLABY J130622-161408,9.605680620073446,0.15479612490096864,1,41,,,,,,3.16601e-06,0.00921201,,163.8941,1280,4.291310226326517,2.556867114996237
"{""g"": {}, ""r"": {""FFT coefficients"": true, ""Light symmetry"": true, ""initial fit compare"": true, ""isophote variability"": true}, ""z"": {}}",14.348089200223182,True,success,WALLABY J130623+052247,9.395631144537141,0.15087467713339345,3,43,0.003096821647464771,0.0,0.0020084476992909828,0.05750587170257049,True,0.000271047,0.00372882,,129.0612,1024,4.995163415668265,2.976239982185495
"{""g"": {}, ""r"": {""FFT coefficients"": true, ""Light symmetry"": true, ""initial fit compare"": true, ""isophote variability"": true}, ""z"": {}}",14.348089200223182,True,success,WALLABY J130623+052247,9.397639592236432,0.14862543647627927,3,43,,,,,,0.000282499,0.00366715,,162.59720000000002,1280,4.9376575439656945,2.9419765837079255
"{""g"": {}, ""r"": {""FFT coefficients"": true, ""Light symmetry"": true, ""initial fit compare"": true, ""isophote variability"": true}, ""z"": {}}",30.75640345448028,True,success,WALLABY J130623-145631,9.429180233934831,0.20135129538569743,1,51,0.011646418162955184,2.7960366776800285,0.043203229115462705,0.26067576811638027,False,7.10003e-05,0.00582097,,130.68822,1024,7.369925066034623,4.391180792692615
"{""g"": {}, ""r"": {""FFT coefficients"": true, ""Light symmetry"": true, ""initial fit compare"": true, ""isophote variability"": true}, ""z"": {}}",27.960366776800253,True,success,WALLABY J130623-145631,9.385977004819368,0.2047270008909341,2,50,1.603658455994048e-05,2.7960366776800285,0.00015877895428495492,0.21822808390220594,False,0.000138636,0.00579388,,164.22422,1280,7.109249297918243,4.235863823277493
"{""g"": {}, ""r"": {""FFT coefficients"": true, ""Light symmetry"": true, ""initial fit compare"": true, ""isophote variability"": true}, ""z"": {}}",30.75640345448028,True,success,WALLABY J130623-145631,9.386135783773653,0.21312416960934877,2,51,0.0014367390250372809,6.458844725440866,0.028071663338788966,0.44192792639793854,False,0.000138545,0.00555517,,197.76022,1536,7.327477381820449,4.36588942894801
"{""g"": {}, ""r"": {""FFT coefficients"": true, ""Light symmetry"": true, ""initial fit compare"": true, ""isophote variability"": true}, ""z"": {}}",37.21524817992115,True,success,WALLABY J130623-145631,9.414207447112442,0.22099178003542944,2,53,0.004214758952137668,6.458844725440866,0.00502321513873305,0.4181764771005243,False,0.000130692,0.00537653,,231.29622,1792,7.769405308218388,4.629200847282041
"{""g"": {}, ""r"": {""FFT coefficients"": true, ""Light symmetry"": true, ""initial fit compare"": true, ""isophote variability"": true}, ""z"": {}}",30.75640345448028,True,success,WALLABY J130623-145631,9.40918423197371,0.20115235477839108,4,51,0.005768905507887677,6.458844725440866,0.011203352370376507,0.4412677430816654,False,0.000107873,0.00545161,,264.83222,2048,7.351228831117863,4.380041120724916
"{""g"": {}, ""r"": {""FFT coefficients"": true, ""Light symmetry"": true, ""initial fit compare"": true, ""isophote variability"": true}, ""z"": {}}",37.21524817992115,True,success,WALLABY J130623-145631,9.420387584344086,0.21373141711875465,4,53,0.0002708993265216524,12.318247147553905,0.03152767452106886,1.125839546430889,False,0.000139423,0.00548634,,298.36822,2304,7.792496574199529,4.6429591857653785
"{""g"": {}, ""r"": {""FFT coefficients"": true, ""Light symmetry"": true, ""initial fit compare"": true, ""isophote variability"": true}, ""z"": {}}",49.53349532747505,True,success,WALLABY J130623-145631,9.451915258865155,0.23183976435708353,4,56,0.011722053117692397,12.318247147553905,0.03938113856701264,1.065901249574261,False,0.000140932,0.00565433,,331.90422,2560,8.918336120630418,5.3137617987695664
"{""g"": {}, ""r"": {""FFT coefficients"": true, ""Light symmetry"": true, ""initial fit compare"": true, ""isophote variability"": true}, ""z"": {}}",37.21524817992115,True,success,WALLABY J130623-145631,9.412534120298142,0.22033008706353036,4,53,0.002333797284286594,6.458844725440866,0.007142756303560205,0.5007860037266729,False,7.36354e-05,0.00582772,,365.44022,2816,7.852434871056157,4.67867188237291
"{""g"": {}, ""r"": {""FFT coefficients"": true, ""Light symmetry"": true, ""initial fit compare"": true, ""isophote variability"": true}, ""z"": {}}",30.75640345448028,True,success,WALLABY J130623-145631,9.405391363994582,0.2010766175882694,4,51,,,,,,6.01459e-05,0.00573241,,398.97622,3072,7.351648867329484,4.3802913885265795
"{""g"": {}, ""r"": {""FFT coefficients"": true, ""Light symmetry"": true, ""initial fit compare"": true, ""isophote variability"": true}, ""z"": {}}",54.48684486022256,True,success,WALLABY J130629-133413,9.105871123146027,0.15665996427118814,1,57,5.222595943699814e-05,4.953349532747509,0.0011755618627731224,0.05927207929505052,False,-9.15527e-08,0.00704382,,129.28128,1024,12.598461835212104,7.506470300928083
"{""g"": {}, ""r"": {""FFT coefficients"": true, ""Light symmetry"": true, ""initial fit compare"": true, ""isophote variability"": true}, ""z"": {}}",49.53349532747505,True,success,WALLABY J130629-133413,9.1070466850088,0.16286124871421348,1,56,9.712982940459122e-05,0.0,0.00015134634829117033,0.03227002518453048,True,-4.57764e-07,0.00698029,,162.81728,1280,12.539189755917054,7.47115455296439
"{""g"": {}, ""r"": {""FFT coefficients"": true, ""Light symmetry"": true, ""initial fit compare"": true, ""isophote variability"": true}, ""z"": {}}",49.53349532747505,True,success,WALLABY J130629-133413,9.10689533866051,0.16183052596287764,2,56,,,,,,1.2207e-07,0.00495907,,196.35328,1536,12.506919730732523,7.451927286268956
"{""g"": {}, ""r"": {""FFT coefficients"": true, ""Light symmetry"": true, ""initial fit compare"": true, ""isophote variability"": true}, ""z"": {}}",15.7828981202455,True,success,WALLABY J130630-112046,9.518893535600986,0.18927845009524846,2,44,0.0010705979418592225,0.0,0.004010071004701743,0.013626490425675541,True,0.000366463,0.00918416,,129.17648,1024,6.840013437687798,4.075446542565015
"{""g"": {}, ""r"": {""FFT coefficients"": true, ""Light symmetry"": true, ""initial fit compare"": true, ""isophote variability"": true}, ""z"": {}}",15.7828981202455,True,success,WALLABY J130630-112046,9.514883464596284,0.1765048661421596,2,44,,,,,,0.000356718,0.00902062,,162.71248,1280,6.8536399281134734,4.083565537329941
"{""g"": {}, ""r"": {""FFT coefficients"": false, ""Light symmetry"": false, ""initial fit compare"": true, ""isophote variability"": false}, ""z"": {}}",7.36283845419285,True,success,WALLABY J130639-135036,7.951328953603223,0.13939245029742792,2,36,3.8954366556749276e-05,11.734468271304209,0.2881466764585934,4.648101004089515,False,4.88281e-07,0.00542253,,125.58970000000001,1024,5.046561515111657,3.0068642212428083
"{""g"": {}, ""r"": {""FFT coefficients"": true, ""Light symmetry"": false, ""initial fit compare"": true, ""isophote variability"": false}, ""z"": {}}",19.09730672549706,True,success,WALLABY J130639-135036,8.239475630061817,0.1651355419144208,2,46,0.00019132600155730232,0.0,0.08289720570599002,0.08278072354287147,False,3.05176e-07,0.00397847,,159.12832,1280,9.694662519201172,5.7763159685500645
"{""g"": {}, ""r"": {""FFT coefficients"": true, ""Light symmetry"": false, ""initial fit compare"": true, ""isophote variability"": false}, ""z"": {}}",19.09730672549706,True,success,WALLABY J130639-135036,8.322372835767807,0.14897698789672337,3,46,0.0001465053311762193,8.317374944713304,0.11642754668991273,3.9245680353560095,False,1.06812e-06,0.00399686,,192.66432,1536,9.6118817956583,5.726993197969679
"{""g"": {}, ""r"": {""FFT coefficients"": false, ""Light symmetry"": false, ""initial fit compare"": true, ""isophote variability"": false}, ""z"": {}}",10.779931780783755,True,success,WALLABY J130639-135036,8.205945289077894,0.14457888128481025,3,40,0.0005301840645827976,3.417093326590905,0.1481463861375616,0.9697859510308158,False,1.67847e-06,0.00433526,,226.20032,1792,5.687313760302291,3.388640009564312
"{""g"": {}, ""r"": {""FFT coefficients"": false, ""Light symmetry"": false, ""initial fit compare"": true, ""isophote variability"": false}, ""z"": {}}",7.36283845419285,True,success,WALLABY J130639-135036,8.057798902940332,0.15822513351667555,4,36,7.338649294150443e-05,0.0,0.03755361752822317,0.10612740683015698,False,4.02832e-06,0.00452902,,259.7337,2048,4.717527809271475,2.8108179281953163
"{""g"": {}, ""r"": {""FFT coefficients"": false, ""Light symmetry"": false, ""initial fit compare"": true, ""isophote variability"": false}, ""z"": {}}",7.36283845419285,True,success,WALLABY J130639-135036,8.095352520468555,0.13393046868682754,4,36,6.591564870328384e-06,0.0,0.05027318258875724,0.25894022035395636,False,4.36401e-06,0.00461953,,293.2697,2304,4.611400402441318,2.747584635281851
"{""g"": {}, ""r"": {""FFT coefficients"": false, ""Light symmetry"": false, ""initial fit compare"": true, ""isophote variability"": false}, ""z"": {}}",7.36283845419285,True,success,WALLABY J130639-135036,8.045079337879798,0.131456541234715,4,36,0.00030114435326181996,0.0,0.08977257531443783,0.44559290649371164,False,4.39453e-06,0.00464079,,326.8057,2560,4.870340622795275,2.901867523084084
"{""g"": {}, ""r"": {""FFT coefficients"": true, ""Light symmetry"": false, ""initial fit compare"": true, ""isophote variability"": false}, ""z"": {}}",7.36283845419285,True,success,WALLABY J130639-135036,7.95530676256536,0.1464334105407761,4,36,0.0002233676137538916,0.7362838454192868,0.10299123156849888,0.18165464877365878,False,5.79834e-06,0.00468238,,360.34432,2816,5.315933529288986,3.167362625791831
"{""g"": {}, ""r"": {""FFT coefficients"": true, ""Light symmetry"": false, ""initial fit compare"": true, ""isophote variability"": false}, ""z"": {}}",8.099122299612137,True,success,WALLABY J130639-135036,8.05829799413386,0.14461042779295885,4,37,,,,,,6.8512e-06,0.00474477,,393.88032,3072,5.497588178062645,3.2755968883455213
"{""g"": {}, ""r"": {""FFT coefficients"": true, ""Light symmetry"": true, ""initial fit compare"": true, ""isophote variability"": true}, ""z"": {}}",6.08499045801062,True,success,WALLABY J130643-155855,8.65522977825768,0.1723882014316989,1,34,0.017515902493684888,0.0,0.0016764268014455297,0.013253007634190794,False,0.000182972,0.00794552,,130.32666,1024,2.252494352027644,1.342090977268821
"{""g"": {}, ""r"": {""FFT coefficients"": true, ""Light symmetry"": true, ""initial fit compare"": true, ""isophote variability"": true}, ""z"": {}}",6.08499045801062,True,success,WALLABY J130643-155855,8.653553351456235,0.17867033723939518,1,34,0.0023566888555111936,0.0,0.007588342697086858,0.0017081129032328057,True,3.79102e-05,0.00861792,,163.86266,1280,2.2657473596618347,1.3499874418932543
"{""g"": {}, ""r"": {""FFT coefficients"": true, ""Light symmetry"": true, ""initial fit compare"": true, ""isophote variability"": true}, ""z"": {}}",6.08499045801062,True,success,WALLABY J130643-155855,8.661141694153322,0.17397010769442836,2,34,,,,,,1.75284e-05,0.00867906,,197.39866,1536,2.2674554725650675,1.3510051771490703
"{""g"": {}, ""r"": {""FFT coefficients"": true, ""Light symmetry"": true, ""initial fit compare"": true, ""isophote variability"": true}, ""z"": {}}",27.960366776800253,True,success,WALLABY J130645-164412,10.614514944671589,0.13290271188439423,2,50,0.010480299976585849,0.0,0.006618502134042359,0.07972055474477102,False,0.000173897,0.00878015,,132.39908000000003,1024,8.505370786974739,5.067706998354558
"{""g"": {}, ""r"": {""FFT coefficients"": true, ""Light symmetry"": true, ""initial fit compare"": true, ""isophote variability"": true}, ""z"": {}}",27.960366776800253,True,success,WALLABY J130645-164412,10.621133446805631,0.1365013339669419,2,50,0.009682493827089021,2.5418515251636613,0.012862787556835897,0.09926716001770686,False,8.25855e-05,0.00864521,,165.93508000000003,1280,8.58509134171951,5.115206445857949
"{""g"": {}, ""r"": {""FFT coefficients"": true, ""Light symmetry"": true, ""initial fit compare"": true, ""isophote variability"": true}, ""z"": {}}",25.41851525163659,True,success,WALLABY J130645-164412,10.608270659248795,0.13627468540182489,2,49,7.708785909477117e-05,2.5418515251636613,0.0042988650526645245,0.1625893473953539,False,-1.0376e-06,0.00862784,,199.47108000000003,1536,8.485824181701803,5.056060655024362
"{""g"": {}, ""r"": {""FFT coefficients"": true, ""Light symmetry"": true, ""initial fit compare"": true, ""isophote variability"": true}, ""z"": {}}",27.960366776800253,True,success,WALLABY J130645-164412,10.61256952430146,0.13944487615772005,2,50,3.4240920583824826e-05,0.0,0.0017557092393367668,0.023952446777125047,True,-3.66211e-07,0.00879096,,233.00708000000003,1792,8.648413529097157,5.152935346826764
"{""g"": {}, ""r"": {""FFT coefficients"": true, ""Light symmetry"": true, ""initial fit compare"": true, ""isophote variability"": true}, ""z"": {}}",27.960366776800253,True,success,WALLABY J130645-164412,10.614325233540796,0.14041601425714703,2,50,,,,,,-6.10352e-08,0.00903425,,266.54308,2048,8.672365975874282,5.167206797795844
"{""g"": {}, ""r"": {""FFT coefficients"": false, ""Light symmetry"": false, ""initial fit compare"": true, ""isophote variability"": true}, ""z"": {}}",23.107741137851445,True,success,WALLABY J130647-162241,9.9005911905279,0.15169259916102065,3,48,4.831922424651848e-05,0.0,0.01535581486241,0.022019377333521106,True,1.00708e-06,0.00482247,,126.15824,1024,5.823425954361006,3.469738968759492
"{""g"": {}, ""r"": {""FFT coefficients"": false, ""Light symmetry"": false, ""initial fit compare"": true, ""isophote variability"": true}, ""z"": {}}",23.107741137851445,True,success,WALLABY J130647-162241,9.91594700539031,0.1372637068767321,3,48,,,,,,1.28174e-06,0.00654609,,159.69424,1280,5.8014065770274845,3.4566192876300836
"{""g"": {}, ""r"": {""FFT coefficients"": true, ""Light symmetry"": false, ""initial fit compare"": true, ""isophote variability"": true}, ""z"": {}}",27.960366776800253,True,success,WALLABY J130654-154854,9.494252201521817,0.17872965392952928,1,50,0.0010636925696301583,0.0,2.1038488881686135e-05,0.020178850782626157,True,4.16762e-05,0.0077489,,131.86984,1024,9.662430394500802,5.7571112838858705
"{""g"": {}, ""r"": {""FFT coefficients"": true, ""Light symmetry"": false, ""initial fit compare"": true, ""isophote variability"": true}, ""z"": {}}",27.960366776800253,True,success,WALLABY J130654-154854,9.494273240010699,0.1848457657076992,1,50,,,,,,3.30172e-05,0.00853212,,165.40584,1280,9.682609245283428,5.76913433448426
,,,quality_fail,WALLABY J130656+074407,,,,,,,,,,,,invalid retained r cumulative row 0,,1024,,
,,,quality_fail,WALLABY J130656+074407,,,,,,,,,,,,invalid retained r cumulative row 0,,1280,,
,,,quality_fail,WALLABY J130656+074407,,,,,,,,,,,,invalid retained r cumulative row 0,,1536,,
,,,quality_fail,WALLABY J130656+074407,,,,,,,,,,,,invalid retained r cumulative row 0,,1792,,
,,,quality_fail,WALLABY J130656+074407,,,,,,,,,,,,invalid retained r cumulative row 0,,2048,,
,,,quality_fail,WALLABY J130656+074407,,,,,,,,,,,,invalid retained r cumulative row 0,,2304,,
,,,quality_fail,WALLABY J130656+074407,,,,,,,,,,,,invalid retained r cumulative row 0,,2560,,
,,,quality_fail,WALLABY J130656+074407,,,,,,,,,,,,invalid retained r cumulative row 0,,2816,,
,,,quality_fail,WALLABY J130656+074407,,,,,,,,,,,,invalid retained r cumulative row 0,,3072,,
"{""g"": {}, ""r"": {""FFT coefficients"": true, ""Light symmetry"": true, ""initial fit compare"": true, ""isophote variability"": true}, ""z"": {}}",17.361187932270052,True,success,WALLABY J130659-151041,8.62381338636981,0.16763803425088408,1,45,0.011302193188070398,0.0,0.01966172396219612,0.07266549372451347,False,0.000129364,0.00660116,,130.75372000000002,1024,6.448707668938324,3.842297038274731
"{""g"": {}, ""r"": {""FFT coefficients"": true, ""Light symmetry"": true, ""initial fit compare"": true, ""isophote variability"": true}, ""z"": {}}",17.361187932270052,True,success,WALLABY J130659-151041,8.643475110332005,0.1678565010897069,1,45,0.007082101558776929,0.0,0.008679532510974752,0.016801477179781088,True,5.71583e-05,0.00617613,,164.28972,1280,6.5213731626628375,3.8855929086500174
"{""g"": {}, ""r"": {""FFT coefficients"": true, ""Light symmetry"": true, ""initial fit compare"": true, ""isophote variability"": true}, ""z"": {}}",17.361187932270052,True,success,WALLABY J130659-151041,8.63479557782103,0.16694439983289103,2,45,,,,,,0.000100627,0.00609952,,197.82572,1536,6.504571685483056,3.8755821794743928
,,,quality_fail,WALLABY J130659-211444,,,,,,,,,,,,r-band AutoProf outputs missing,,1024,,
,,,quality_fail,WALLABY J130659-211444,,,,,,,,,,,,r-band AutoProf outputs missing,,1280,,
,,,quality_fail,WALLABY J130659-211444,,,,,,,,,,,,r-band AutoProf outputs missing,,1536,,
,,,quality_fail,WALLABY J130659-211444,,,,,,,,,,,,r-band AutoProf outputs missing,,1792,,
,,,quality_fail,WALLABY J130659-211444,,,,,,,,,,,,r-band AutoProf outputs missing,,2048,,
,,,quality_fail,WALLABY J130659-211444,,,,,,,,,,,,r-band AutoProf outputs missing,,2304,,
,,,quality_fail,WALLABY J130659-211444,,,,,,,,,,,,r-band AutoProf outputs missing,,2560,,
,,,quality_fail,WALLABY J130659-211444,,,,,,,,,,,,r-band AutoProf outputs missing,,2816,,
,,,quality_fail,WALLABY J130659-211444,,,,,,,,,,,,r-band AutoProf outputs missing,,3072,,
"{""g"": {}, ""r"": {""FFT coefficients"": true, ""Light symmetry"": false, ""initial fit compare"": true, ""isophote variability"": false}, ""z"": {}}",19.09730672549706,True,success,WALLABY J130703-185253,9.51650138557997,0.24681789106674584,2,46,0.023624137982993215,4.7492175252738775,0.04861288230929617,0.21150983785208322,False,0.00012093,0.00384296,,130.92402,1024,6.368474179609283,3.7944919718574193
"{""g"": {}, ""r"": {""FFT coefficients"": true, ""Light symmetry"": false, ""initial fit compare"": true, ""isophote variability"": false}, ""z"": {}}",14.348089200223182,True,success,WALLABY J130703-185253,9.467888503270673,0.2689206448767167,2,43,0.0020956239599473794,3.0130987320468705,0.03125252646324306,0.1906046467693434,False,2.68601e-05,0.00412092,,164.46002000000001,1280,6.1569643417572,3.668469260755239
"{""g"": {}, ""r"": {""FFT coefficients"": true, ""Light symmetry"": false, ""initial fit compare"": true, ""isophote variability"": false}, ""z"": {}}",17.361187932270052,True,success,WALLABY J130703-185253,9.499141029733916,0.2541834146756695,2,45,0.005950443317418148,0.0,0.00965899817709115,0.0282058491918038,True,3.56376e-05,0.00425606,,197.99602000000002,1536,6.347568988526543,3.78203615002374
"{""g"": {}, ""r"": {""FFT coefficients"": true, ""Light symmetry"": false, ""initial fit compare"": true, ""isophote variability"": false}, ""z"": {}}",17.361187932270052,True,success,WALLABY J130703-185253,9.489482031556825,0.2572293254930742,2,45,,,,,,6.0476e-05,0.00409236,,231.53202000000002,1792,6.375774837718347,3.7988418817106804
"{""g"": {}, ""r"": {""FFT coefficients"": true, ""Light symmetry"": true, ""initial fit compare"": true, ""isophote variability"": true}, ""z"": {}}",37.21524817992115,True,success,WALLABY J130718-162004,8.643966422090616,0.1497254710861565,1,53,0.0003103036920337506,0.0,0.0015560098209483897,0.384155529096585,True,3.05176e-06,0.00787021,,131.50042000000002,1024,17.234556043291555,10.268768106838545
"{""g"": {}, ""r"": {""FFT coefficients"": true, ""Light symmetry"": true, ""initial fit compare"": true, ""isophote variability"": true}, ""z"": {}}",37.21524817992115,True,success,WALLABY J130718-162004,8.645522431911564,0.1398757683879935,2,53,,,,,,5.61523e-06,0.00865212,,165.03642,1280,16.85040051419497,10.039878889423038
"{""g"": {}, ""r"": {""FFT coefficients"": true, ""Light symmetry"": false, ""initial fit compare"": true, ""isophote variability"": true}, ""z"": {}}",13.043717454748347,True,success,WALLABY J130721+070242,9.644443099414321,0.17336563296402818,2,42,0.003929564546952709,0.0,0.0195997623617572,0.12066133917944288,True,0.000220555,0.00407392,,127.24816000000001,1024,4.450362738220906,2.651634474094495
"{""g"": {}, ""r"": {""FFT coefficients"": true, ""Light symmetry"": false, ""initial fit compare"": true, ""isophote variability"": true}, ""z"": {}}",13.043717454748347,True,success,WALLABY J130721+070242,9.624843337052564,0.1759627446004258,2,42,,,,,,0.000236686,0.00413615,,160.78415999999999,1280,4.329701399041463,2.579741510424184
"{""g"": {}, ""r"": {""FFT coefficients"": true, ""Light symmetry"": true, ""initial fit compare"": true, ""isophote variability"": true}, ""z"": {}}",59.93552934624482,True,success,WALLABY J130727+044550,10.834708344088623,0.13527718239385525,1,58,0.0031650711648623917,0.0,0.0201831716559564,0.333589591365703,False,0.00015299,0.00500552,,129.82624,1024,9.354666998883419,5.573738359545398
"{""g"": {}, ""r"": {""FFT coefficients"": true, ""Light symmetry"": true, ""initial fit compare"": true, ""isophote variability"": true}, ""z"": {}}",59.93552934624482,True,success,WALLABY J130727+044550,10.85489151574458,0.13500720179821094,1,58,0.0006996548280838628,5.448684486022259,0.005384313151420628,0.028749937565464734,False,0.00013692,0.00514907,,163.36224,1280,9.021077407517716,5.374977558977935
"{""g"": {}, ""r"": {""FFT coefficients"": true, ""Light symmetry"": true, ""initial fit compare"": true, ""isophote variability"": true}, ""z"": {}}",54.48684486022256,True,success,WALLABY J130727+044550,10.84950720259316,0.1363733298400475,1,57,0.008168186692134196,5.448684486022259,0.011442702249954806,0.1423867073251568,False,0.000140602,0.00537612,,196.89824000000002,1536,8.99232746995225,5.357847646190843
"{""g"": {}, ""r"": {""FFT coefficients"": true, ""Light symmetry"": true, ""initial fit compare"": true, ""isophote variability"": true}, ""z"": {}}",59.93552934624482,True,success,WALLABY J130727+044550,10.860949904843114,0.13371849370975683,1,58,0.0018720965616958077,0.0,0.009377465558376485,0.31897233604372843,True,0.000185889,0.00571251,,230.43424000000002,1792,8.849940762627094,5.273010179223572
"{""g"": {}, ""r"": {""FFT coefficients"": true, ""Light symmetry"": true, ""initial fit compare"": true, ""isophote variability"": true}, ""z"": {}}",59.93552934624482,True,success,WALLABY J130727+044550,10.851572439284737,0.1329963459229064,2,58,,,,,,0.000196532,0.00565763,,263.97024,2048,9.168913098670822,5.463061663178366
,,,quality_fail,WALLABY J130730-164622,,,,,,,,,,,,r-band AutoProf outputs missing,,1024,,
,,,quality_fail,WALLABY J130730-164622,,,,,,,,,,,,r-band AutoProf outputs missing,,1280,,
,,,quality_fail,WALLABY J130730-164622,,,,,,,,,,,,r-band AutoProf outputs missing,,1536,,
,,,quality_fail,WALLABY J130730-164622,,,,,,,,,,,,r-band AutoProf outputs missing,,1792,,
"{""g"": {}, ""r"": {""FFT coefficients"": true, ""Light symmetry"": true, ""initial fit compare"": true, ""isophote variability"": true}, ""z"": {}}",10.779931780783755,True,success,WALLABY J130733-140834,9.805800735894287,0.17992070952118228,2,40,0.024056105918295233,0.0,0.0030945570049603077,0.027341375471759743,False,0.000216063,0.00649497,,129.00356,1024,3.148154846915019,1.8757473071070767
"{""g"": {}, ""r"": {""FFT coefficients"": true, ""Light symmetry"": true, ""initial fit compare"": true, ""isophote variability"": true}, ""z"": {}}",10.779931780783755,True,success,WALLABY J130733-140834,9.808895292899248,0.1748376507060602,2,40,0.004504668334559105,0.0,0.003451736869523714,0.0037860093571473463,True,6.25575e-05,0.00626732,,162.53956,1280,3.1754962223867786,1.8920379643039467
"{""g"": {}, ""r"": {""FFT coefficients"": true, ""Light symmetry"": true, ""initial fit compare"": true, ""isophote variability"": true}, ""z"": {}}",10.779931780783755,True,success,WALLABY J130733-140834,9.805443556029724,0.1795341979330273,2,40,,,,,,3.40459e-05,0.00639137,,196.07556,1536,3.1717102130296313,1.8897821677495585
"{""g"": {}, ""r"": {""FFT coefficients"": true, ""Light symmetry"": true, ""initial fit compare"": true, ""isophote variability"": true}, ""z"": {}}",30.75640345448028,True,success,WALLABY J130737-151812,9.849686867112498,0.14683612374915922,1,51,0.004091200399231873,0.0,0.0049065389375329005,0.22360143427574108,True,0.000182733,0.00883505,,128.78086,1024,8.474560951435912,5.049349748201823
"{""g"": {}, ""r"": {""FFT coefficients"": true, ""Light symmetry"": true, ""initial fit compare"": true, ""isophote variability"": true}, ""z"": {}}",30.75640345448028,True,success,WALLABY J130737-151812,9.85459340605003,0.1522504067244507,1,51,,,,,,0.000147399,0.00843812,,162.31686,1280,8.698162385711653,5.182576926851883
"{""g"": {}, ""r"": {""FFT coefficients"": true, ""Light symmetry"": true, ""initial fit compare"": true, ""isophote variability"": true}, ""z"": {}}",30.75640345448028,True,success,WALLABY J130739+075909,9.06931024591784,0.1295254197790159,2,51,0.0025655404302477036,0.0,0.0001437631503495851,0.21385863438566233,True,0.000125301,0.00447873,,129.95462,1024,10.113024707438877,6.0255863463243005
"{""g"": {}, ""r"": {""FFT coefficients"": true, ""Light symmetry"": true, ""initial fit compare"": true, ""isophote variability"": true}, ""z"": {}}",30.75640345448028,True,success,WALLABY J130739+075909,9.069166482767491,0.12927328967317783,2,51,,,,,,0.000113749,0.00452678,,163.49062,1280,9.899166073053214,5.898164165060377
"{""g"": {}, ""r"": {""FFT coefficients"": true, ""Light symmetry"": true, ""initial fit compare"": true, ""isophote variability"": true}, ""z"": {}}",49.53349532747505,True,success,WALLABY J130753-205916,10.598692648672904,0.10971218573080779,1,56,0.0016800527340495998,0.0,0.0028923517406536092,0.06481399292766454,True,7.8125e-06,0.00579399,,129.95986,1024,11.035463622801553,6.575197911066058
"{""g"": {}, ""r"": {""FFT coefficients"": true, ""Light symmetry"": true, ""initial fit compare"": true, ""isophote variability"": true}, ""z"": {}}",49.53349532747505,True,success,WALLABY J130753-205916,10.59580029693225,0.10940413839488139,1,56,,,,,,1.82495e-05,0.00663062,,163.49586,1280,10.970649629873888,6.53658015602899
"{""g"": {}, ""r"": {""FFT coefficients"": true, ""Light symmetry"": false, ""initial fit compare"": true, ""isophote variability"": true}, ""z"": {}}",25.41851525163659,True,success,WALLABY J130757-193648,10.132218334891988,0.18937322778217414,3,49,0.01794776501257668,4.411477853589826,0.015495220951859068,0.041947510167393176,False,0.000142152,0.00187782,,129.77384,1024,7.743662130836378,4.613862435418977
"{""g"": {}, ""r"": {""FFT coefficients"": true, ""Light symmetry"": false, ""initial fit compare"": true, ""isophote variability"": true}, ""z"": {}}",21.007037398046766,True,success,WALLABY J130757-193648,10.116723113940129,0.1913722173907491,4,47,0.002042135980280537,4.411477853589826,0.019120591785434016,0.05248999551510991,False,0.00010883,0.0018354,,163.30984,1280,7.701714620668985,4.58886908754937
"{""g"": {}, ""r"": {""FFT coefficients"": true, ""Light symmetry"": false, ""initial fit compare"": true, ""isophote variability"": true}, ""z"": {}}",25.41851525163659,True,success,WALLABY J130757-193648,10.135843705725563,0.1940569509400395,4,49,0.012461933941627753,4.411477853589826,0.013521454553899304,0.12953417538304635,False,0.000112525,0.00178336,,196.84584,1536,7.7542046161840945,4.620143904871019
"{""g"": {}, ""r"": {""FFT coefficients"": true, ""Light symmetry"": false, ""initial fit compare"": true, ""isophote variability"": false}, ""z"": {}}",21.007037398046766,True,success,WALLABY J130757-193648,10.122322251171664,0.19016325481497298,4,47,0.0039223772268828444,4.411477853589826,0.004993306700235678,0.1268992949333354,False,0.000134316,0.00171385,,230.38184,1792,7.624670440801048,4.542964289360307
"{""g"": {}, ""r"": {""FFT coefficients"": true, ""Light symmetry"": false, ""initial fit compare"": true, ""isophote variability"": true}, ""z"": {}}",25.41851525163659,True,success,WALLABY J130757-193648,10.1273155578719,0.19048015723876804,4,49,0.002052592089749534,4.411477853589826,0.004646623476919132,0.07712380182333689,False,0.000140974,0.00168103,,263.91784,2048,7.751569735734384,4.618573978946651
"{""g"": {}, ""r"": {""FFT coefficients"": true, ""Light symmetry"": false, ""initial fit compare"": true, ""isophote variability"": false}, ""z"": {}}",21.007037398046766,True,success,WALLABY J130757-193648,10.12266893439498,0.18906462078654418,4,47,0.011899861297977685,0.0,0.003351037296626558,0.023233527018489575,False,0.000144421,0.00167765,,297.45384,2304,7.674445933911047,4.572621740057975
"{""g"": {}, ""r"": {""FFT coefficients"": true, ""Light symmetry"": false, ""initial fit compare"": true, ""isophote variability"": true}, ""z"": {}}",21.007037398046766,True,success,WALLABY J130757-193648,10.126019971691607,0.18830495855356313,4,47,0.007727482733702145,0.0,0.0046921331868539085,0.012637442609332972,True,0.000124388,0.00168928,,330.98984,2560,7.651212406892557,4.558778638984901
"{""g"": {}, ""r"": {""FFT coefficients"": true, ""Light symmetry"": false, ""initial fit compare"": true, ""isophote variability"": true}, ""z"": {}}",21.007037398046766,True,success,WALLABY J130757-193648,10.121327838504753,0.1925416502574501,4,47,,,,,,0.000111342,0.00168724,,364.52584,2816,7.66384984950189,4.56630833498013
"{""g"": {}, ""r"": {""FFT coefficients"": true, ""Light symmetry"": true, ""initial fit compare"": true, ""isophote variability"": true}, ""z"": {}}",30.75640345448028,True,success,WALLABY J130759-180456,10.33556296955455,0.13348196082704653,1,51,0.003335885289567289,0.0,0.010418400287115048,0.036594293279319956,True,0.000137118,0.00382116,,129.91008000000002,1024,9.61453073965579,5.728571503298223
"{""g"": {}, ""r"": {""FFT coefficients"": true, ""Light symmetry"": true, ""initial fit compare"": true, ""isophote variability"": true}, ""z"": {}}",30.75640345448028,True,success,WALLABY J130759-180456,10.345981369841665,0.13394118331261493,2,51,,,,,,0.000124569,0.00370248,,163.44608000000002,1280,9.65112503293511,5.750375274209122
"{""g"": {}, ""r"": {""FFT coefficients"": true, ""Light symmetry"": true, ""initial fit compare"": true, ""isophote variability"": true}, ""z"": {}}",54.48684486022256,True,success,WALLABY J130802+062900,10.537563751910204,0.13583462946486888,1,57,0.006303382968931597,5.448684486022259,0.003307378972785102,0.03563224686288713,False,0.000217453,0.0038947,,125.86218,1024,8.117435149418128,4.836565500282839
"{""g"": {}, ""r"": {""FFT coefficients"": true, ""Light symmetry"": true, ""initial fit compare"": true, ""isophote variability"": true}, ""z"": {}}",59.93552934624482,True,success,WALLABY J130802+062900,10.540871130882989,0.13636105794192926,1,58,0.004864109237791453,5.448684486022259,0.00261428615003112,0.03782294563640676,False,0.00019321,0.00379736,,159.39818,1280,8.153067396281015,4.85779606051552
"{""g"": {}, ""r"": {""FFT coefficients"": true, ""Light symmetry"": true, ""initial fit compare"": true, ""isophote variability"": true}, ""z"": {}}",54.48684486022256,True,success,WALLABY J130802+062900,10.538256844732958,0.13564172535466987,1,57,0.004383405590004943,4.953349532747509,0.0013442555278349033,0.012384913548824983,False,0.000212104,0.00397138,,192.93418,1536,8.115244450644608,4.835260228615806
"{""g"": {}, ""r"": {""FFT coefficients"": true, ""Light symmetry"": true, ""initial fit compare"": true, ""isophote variability"": true}, ""z"": {}}",49.53349532747505,True,success,WALLABY J130802+062900,10.539601100260793,0.13747916702341448,1,56,0.0007937926401617199,4.503045029770462,0.004278678821465931,0.03507733446187267,False,0.000194481,0.0040694,,226.47018,1792,8.102859537095783,4.827880995583248
"{""g"": {}, ""r"": {""FFT coefficients"": true, ""Light symmetry"": true, ""initial fit compare"": true, ""isophote variability"": true}, ""z"": {}}",45.03045029770459,True,success,WALLABY J130802+062900,10.535322421439327,0.13718427099545852,1,55,0.0056342701331294305,0.0,0.000323144444177359,0.024879331537089655,True,0.000191261,0.00404355,,260.00618000000003,2048,8.06778220263391,4.806981065669754
"{""g"": {}, ""r"": {""FFT coefficients"": true, ""Light symmetry"": true, ""initial fit compare"": true, ""isophote variability"": true}, ""z"": {}}",45.03045029770459,True,success,WALLABY J130802+062900,10.535645565883504,0.13774558381040322,2,55,,,,,,0.000168676,0.00397346,,293.54218000000003,2304,8.092661534171,4.821804777146034
"{""g"": {}, ""r"": {""FFT coefficients"": true, ""Light symmetry"": true, ""initial fit compare"": true, ""isophote variability"": true}, ""z"": {}}",1.2038829224255923,True,success,WALLABY J130810+044441,8.38612413903895,0.45711229750496374,2,17,0.013256106741566982,0.0,0.00047533124872067845,0.0011923619471974067,False,0.000109411,0.00458286,,125.33818000000001,1024,0.7158175117550727,0.4265015017829936
"{""g"": {}, ""r"": {""FFT coefficients"": true, ""Light symmetry"": true, ""initial fit compare"": true, ""isophote variability"": true}, ""z"": {}}",1.2038829224255923,True,success,WALLABY J130810+044441,8.38659947028767,0.4563291253702197,2,17,0.017202013197725394,0.0,0.0012303800956239286,0.0012995989535949937,False,0.000170954,0.00470237,,158.87418,1280,0.7170098737022701,0.4272119400620205
"{""g"": {}, ""r"": {""FFT coefficients"": true, ""Light symmetry"": true, ""initial fit compare"": true, ""isophote variability"": true}, ""z"": {}}",1.2038829224255923,True,success,WALLABY J130810+044441,8.387829850383294,0.4569678174947546,2,17,0.004086594852649332,0.0,0.017768314409693176,0.000753909614072068,True,9.11985e-05,0.00457044,,192.41018,1536,0.7183094726558651,0.42798627276039897
"{""g"": {}, ""r"": {""FFT coefficients"": true, ""Light symmetry"": true, ""initial fit compare"": true, ""isophote variability"": true}, ""z"": {}}",1.2038829224255923,True,success,WALLABY J130810+044441,8.370061535973601,0.44553649099337556,2,17,,,,,,0.000109577,0.00442409,,225.94618,1792,0.717555563041793,0.4275370750566127
"{""g"": {}, ""r"": {""FFT coefficients"": true, ""Light symmetry"": true, ""initial fit compare"": true, ""isophote variability"": true}, ""z"": {}}",10.779931780783755,True,success,WALLABY J130812-145720,9.142275040787062,0.15865057150034018,2,40,0.01628765031249599,2.263785673964591,0.03927540995180223,0.37999454849896175,False,0.00016039,0.00475734,,129.02190000000002,1024,4.418405099447174,2.6325933348284036
"{""g"": {}, ""r"": {""FFT coefficients"": true, ""Light symmetry"": true, ""initial fit compare"": true, ""isophote variability"": true}, ""z"": {}}",13.043717454748347,True,success,WALLABY J130812-145720,9.181550450738865,0.1615508548525907,2,42,0.0006889122690601757,0.0,0.0037888211992296306,0.04640242129174066,True,8.4241e-05,0.00459318,,162.55790000000002,1280,4.798399647946136,2.8590033386948805
"{""g"": {}, ""r"": {""FFT coefficients"": true, ""Light symmetry"": true, ""initial fit compare"": true, ""isophote variability"": true}, ""z"": {}}",13.043717454748347,True,success,WALLABY J130812-145720,9.177761629539635,0.17392920487057625,2,42,,,,,,8.10849e-05,0.00456938,,196.09390000000002,1536,4.844802069237876,2.886651031077777
"{""g"": {}, ""r"": {""FFT coefficients"": true, ""Light symmetry"": true, ""initial fit compare"": true, ""isophote variability"": true}, ""z"": {}}",8.099122299612137,True,success,WALLABY J130813+034746,7.951308650569029,0.1625314283872626,2,37,0.002130506450662609,0.0,0.0058838833054561945,0.03371945965716883,True,0.000166422,0.00453995,,128.43240000000003,1024,3.8098279294957837,2.2699882397131503
"{""g"": {}, ""r"": {""FFT coefficients"": true, ""Light symmetry"": true, ""initial fit compare"": true, ""isophote variability"": true}, ""z"": {}}",8.099122299612137,True,success,WALLABY J130813+034746,7.945424767263573,0.15945400699476323,2,37,,,,,,0.000175896,0.00435371,,161.96840000000003,1280,3.776108469838615,2.249897364668989
"{""g"": {}, ""r"": {""FFT coefficients"": true, ""Light symmetry"": false, ""initial fit compare"": true, ""isophote variability"": true}, ""z"": {}}",11.857924958862132,True,success,WALLABY J130813+053320,9.778910112537206,0.1816345411182672,2,41,0.008546191526162216,1.185792495886215,0.0005309636869572643,0.012138418803699036,False,0.000101672,0.00379831,,130.28997999999999,1024,2.4098232539713473,1.4358313675930778
"{""g"": {}, ""r"": {""FFT coefficients"": true, ""Light symmetry"": false, ""initial fit compare"": true, ""isophote variability"": true}, ""z"": {}}",13.043717454748347,True,success,WALLABY J130813+053320,9.778379148850249,0.1827437776168375,2,42,0.0016446628085881544,1.185792495886215,0.003356427310905019,0.014969989197289202,False,0.000134036,0.00377559,,163.82598,1280,2.4219616727750464,1.443063733054989
"{""g"": {}, ""r"": {""FFT coefficients"": true, ""Light symmetry"": false, ""initial fit compare"": true, ""isophote variability"": true}, ""z"": {}}",11.857924958862132,True,success,WALLABY J130813+053320,9.775022721539344,0.18322995715494475,2,41,0.002896535896072927,0.0,0.0010044696807050002,0.006275566429006396,True,0.000127788,0.00382232,,197.36198,1536,2.406991683577757,1.4341442490112628
"{""g"": {}, ""r"": {""FFT coefficients"": true, ""Light symmetry"": false, ""initial fit compare"": true, ""isophote variability"": true}, ""z"": {}}",11.857924958862132,True,success,WALLABY J130813+053320,9.774018251858639,0.18268344200336528,2,41,,,,,,0.000138768,0.00375915,,230.89798,1792,2.4007161171487508,1.4304051137392748
"{""g"": {}, ""r"": {""FFT coefficients"": true, ""Light symmetry"": false, ""initial fit compare"": true, ""isophote variability"": true}, ""z"": {}}",8.099122299612137,True,success,WALLABY J130813+064248,8.818019823981052,0.2185041903569694,1,37,0.005059443951371542,0.0,0.00677901403677339,0.008354145256158407,True,0.000150151,0.003855,,121.97148000000001,1024,2.717137534698111,1.6189366983469482
"{""g"": {}, ""r"": {""FFT coefficients"": true, ""Light symmetry"": false, ""initial fit compare"": true, ""isophote variability"": true}, ""z"": {}}",8.099122299612137,True,success,WALLABY J130813+064248,8.811240809944278,0.21731569521811714,2,37,,,,,,0.000169761,0.00389684,,155.50748,1280,2.7087833894419524,1.613959095201799
"{""g"": {}, ""r"": {""FFT coefficients"": true, ""Light symmetry"": true, ""initial fit compare"": true, ""isophote variability"": true}, ""z"": {}}",79.77418955985188,True,success,WALLABY J130815-210002,8.542265660630722,0.14394543199373008,1,61,0.00779880479534117,0.0,0.0027580753118439105,0.3173799917458169,True,8.93946e-05,0.00709411,,131.54758,1024,25.203517909866296,15.0168696102682
"{""g"": {}, ""r"": {""FFT coefficients"": true, ""Light symmetry"": true, ""initial fit compare"": true, ""isophote variability"": true}, ""z"": {}}",79.77418955985188,True,success,WALLABY J130815-210002,8.539507585318878,0.14338603387641347,1,61,,,,,,0.000143096,0.00667759,,165.08358,1280,24.88613791812048,14.82776688381551
,,,quality_fail,WALLABY J130821-185647,,,,,,,,,,,,r-band AutoProf outputs missing,,1024,,
"{""g"": {}, ""r"": {""FFT coefficients"": true, ""Light symmetry"": true, ""initial fit compare"": true, ""isophote variability"": true}, ""z"": {}}",1.0944390203869019,True,success,WALLABY J130821-185647,8.540298084887125,0.1716974278820204,1,16,0.004468488463494698,8.705498962143784,1.1771956783712891,3.274107459955376,False,0.000163476,0.00270912,,148.8946,1280,0.6129168093163789,0.36519075790775224
"{""g"": {}, ""r"": {""FFT coefficients"": true, ""Light symmetry"": true, ""initial fit compare"": true, ""isophote variability"": true}, ""z"": {}}",9.799937982530686,True,success,WALLABY J130821-185647,9.717493763258414,0.13531248152017014,1,39,0.002447920138040324,2.0579869763314456,0.004527848976758619,0.05834344745121456,False,0.000151396,0.00269763,,174.34004,1536,3.887024269271755,2.3159836984801156
"{""g"": {}, ""r"": {""FFT coefficients"": true, ""Light symmetry"": true, ""initial fit compare"": true, ""isophote variability"": true}, ""z"": {}}",11.857924958862132,True,success,WALLABY J130821-185647,9.722021612235173,0.12365033125449283,2,41,0.008628855239798611,1.185792495886215,0.007516185337763659,0.06062654394069922,False,0.000158007,0.00270369,,208.02538,1792,3.9453677167229695,2.3507461449815006
"{""g"": {}, ""r"": {""FFT coefficients"": false, ""Light symmetry"": true, ""initial fit compare"": true, ""isophote variability"": true}, ""z"": {}}",13.043717454748347,True,success,WALLABY J130821-185647,9.729537797572936,0.13762745474832525,4,42,0.0009713271691416907,3.2437794722176605,0.034069283888324975,0.09980628787466328,False,0.000135187,0.00258554,,241.41204,2048,4.005994260663669,2.3868689159587326
"{""g"": {}, ""r"": {""FFT coefficients"": true, ""Light symmetry"": true, ""initial fit compare"": true, ""isophote variability"": true}, ""z"": {}}",9.799937982530686,True,success,WALLABY J130821-185647,9.695468513684611,0.1307587123181138,4,39,0.008908687826781538,0.0,0.0041680408576798555,0.020586452231511565,True,0.000137631,0.00244675,,275.09738,2304,3.9061879727890054,2.327401899621621
"{""g"": {}, ""r"": {""FFT coefficients"": true, ""Light symmetry"": true, ""initial fit compare"": true, ""isophote variability"": true}, ""z"": {}}",9.799937982530686,True,success,WALLABY J130821-185647,9.699636554542291,0.1294474808221219,4,39,,,,,,0.000158989,0.00234812,,308.63338,2560,3.885601520557494,2.3151359901559583
"{""g"": {}, ""r"": {""FFT coefficients"": true, ""Light symmetry"": true, ""initial fit compare"": true, ""isophote variability"": true}, ""z"": {}}",27.960366776800253,True,success,WALLABY J130825-194130,10.07276216250127,0.1300931855966243,1,50,0.004736718615281539,0.0,0.0018147555271390559,7.6394369304289e-05,True,0.000150473,0.00177042,,128.35118,1024,4.990814319502055,2.9736486848005805
"{""g"": {}, ""r"": {""FFT coefficients"": true, ""Light symmetry"": true, ""initial fit compare"": true, ""isophote variability"": true}, ""z"": {}}",27.960366776800253,True,success,WALLABY J130825-194130,10.070947406974131,0.13264445238216194,1,50,,,,,,0.000158851,0.00176705,,161.88718,1280,4.99089071387136,2.9736942024258144
"{""g"": {}, ""r"": {""FFT coefficients"": true, ""Light symmetry"": true, ""initial fit compare"": true, ""isophote variability"": true}, ""z"": {}}",25.41851525163659,True,success,WALLABY J130826+064302,10.662929619308652,0.13113171863072476,2,49,0.0035829888804797057,2.5418515251636613,0.022899567728694947,0.15826616554203454,False,0.000152587,0.00336223,,126.21064000000001,1024,6.24699200880587,3.72210993672045
"{""g"": {}, ""r"": {""FFT coefficients"": true, ""Light symmetry"": true, ""initial fit compare"": true, ""isophote variability"": true}, ""z"": {}}",27.960366776800253,True,success,WALLABY J130826+064302,10.685829187037347,0.1305195299218997,2,50,1.820369939624081e-05,0.0,0.0069765304571909326,0.03344728379282014,True,0.000164896,0.00350857,,159.74664,1280,6.088725843263836,3.627811101924397
"{""g"": {}, ""r"": {""FFT coefficients"": true, ""Light symmetry"": true, ""initial fit compare"": true, ""isophote variability"": true}, ""z"": {}}",27.960366776800253,True,success,WALLABY J130826+064302,10.678852656580156,0.13165325489184243,2,50,,,,,,0.000164833,0.0034131,,193.28264000000001,1536,6.122173127056656,3.6477398079618104
"{""g"": {}, ""r"": {""FFT coefficients"": true, ""Light symmetry"": false, ""initial fit compare"": true, ""isophote variability"": true}, ""z"": {}}",23.107741137851445,True,success,WALLABY J130829-204924,7.7704666344469215,0.1921937446082205,2,48,0.01556914683483712,0.0,0.009453450855010814,0.20026437353390847,False,5.94284e-05,0.00560011,,132.04014,1024,9.434800962497881,5.621484126118774
"{""g"": {}, ""r"": {""FFT coefficients"": true, ""Light symmetry"": false, ""initial fit compare"": true, ""isophote variability"": true}, ""z"": {}}",23.107741137851445,True,success,WALLABY J130829-204924,7.761013183591911,0.18213807584083933,2,48,0.010066916928666552,4.852625638948808,0.021703715342803243,0.28524811004281503,False,0.000140417,0.00480362,,165.57614,1280,9.234536588963973,5.502161736454929
"{""g"": {}, ""r"": {""FFT coefficients"": true, ""Light symmetry"": false, ""initial fit compare"": true, ""isophote variability"": true}, ""z"": {}}",27.960366776800253,True,success,WALLABY J130829-204924,7.782716898934714,0.17465898660288423,4,50,0.00579308656994454,4.852625638948808,0.028287345096467575,0.18735883325201996,False,9.45331e-05,0.00431216,,199.11214,1536,9.519784699006788,5.672119505461911
"{""g"": {}, ""r"": {""FFT coefficients"": true, ""Light symmetry"": false, ""initial fit compare"": true, ""isophote variability"": true}, ""z"": {}}",23.107741137851445,True,success,WALLABY J130829-204924,7.754429553838246,0.17648472530153847,4,48,0.01544040199904428,0.0,0.007263711356861435,0.10488546073963434,False,0.000118914,0.00410508,,232.64814,1792,9.332425865754768,5.56048655091408
"{""g"": {}, ""r"": {""FFT coefficients"": true, ""Light symmetry"": false, ""initial fit compare"": true, ""isophote variability"": true}, ""z"": {}}",23.107741137851445,True,success,WALLABY J130829-204924,7.761693265195108,0.19238309133246667,4,48,0.0017328845688661845,0.0,0.00322571955784845,0.20072577378229894,True,5.68757e-05,0.00393076,,266.18414,2048,9.437311326494402,5.622979862108681
"{""g"": {}, ""r"": {""FFT coefficients"": true, ""Light symmetry"": false, ""initial fit compare"": true, ""isophote variability"": true}, ""z"": {}}",23.107741137851445,True,success,WALLABY J130829-204924,7.758467545637259,0.19378458776489446,4,48,,,,,,6.3538e-05,0.0037585,,299.72014,2304,9.236585552712103,5.50338255894296
"{""g"": {}, ""r"": {""FFT coefficients"": true, ""Light symmetry"": true, ""initial fit compare"": true, ""isophote variability"": true}, ""z"": {}}",37.21524817992115,True,success,WALLABY J130846-175751,10.505176093708716,0.13162040693305982,1,53,0.00032426943350626075,0.0,0.002590990555026096,0.03179709938083519,True,1.37329e-07,0.00249034,,132.5196,1024,9.52813301695676,5.677093636556155
"{""g"": {}, ""r"": {""FFT coefficients"": true, ""Light symmetry"": true, ""initial fit compare"": true, ""isophote variability"": true}, ""z"": {}}",37.21524817992115,True,success,WALLABY J130846-175751,10.50258510315369,0.13563881915676304,1,53,,,,,,9.15527e-07,0.00230936,,166.0556,1280,9.559930116337595,5.696039122543245
"{""g"": {}, ""r"": {""FFT coefficients"": true, ""Light symmetry"": true, ""initial fit compare"": true, ""isophote variability"": true}, ""z"": {}}",45.03045029770459,True,success,WALLABY J130852+055946,8.178634897495124,0.14973700146602373,1,55,0.001219997208123838,0.0,0.027331851075993896,0.12978173302687246,False,0.000132608,0.00380513,,129.21578000000002,1024,15.900919839778599,9.474155186241168
"{""g"": {}, ""r"": {""FFT coefficients"": true, ""Light symmetry"": true, ""initial fit compare"": true, ""isophote variability"": true}, ""z"": {}}",45.03045029770459,True,success,WALLABY J130852+055946,8.15130304641913,0.15777448362548305,1,55,0.004543470502467025,7.815202117783443,0.04718753483323468,0.7289978075039212,False,0.00013724,0.00378833,,162.75178000000002,1280,15.771138106751726,9.396828069858886
"{""g"": {}, ""r"": {""FFT coefficients"": true, ""Light symmetry"": true, ""initial fit compare"": true, ""isophote variability"": true}, ""z"": {}}",37.21524817992115,True,success,WALLABY J130852+055946,8.104115511585896,0.1642865563802133,1,53,0.006297095873898069,3.721524817992112,0.03518025641649558,0.3979231740586151,False,0.000154363,0.00374908,,196.28778000000003,1536,15.042140299247805,8.96247342696309
"{""g"": {}, ""r"": {""FFT coefficients"": true, ""Light symmetry"": true, ""initial fit compare"": true, ""isophote variability"": true}, ""z"": {}}",40.93677299791326,True,success,WALLABY J130852+055946,8.139295768002391,0.157321198649848,1,54,0.00467481804479765,3.721524817992112,0.023051683090884012,0.7227640764056193,False,0.000177975,0.00375025,,229.82378000000003,1792,15.44006347330642,9.199565742453025
"{""g"": {}, ""r"": {""FFT coefficients"": true, ""Light symmetry"": true, ""initial fit compare"": true, ""isophote variability"": true}, ""z"": {}}",37.21524817992115,True,success,WALLABY J130852+055946,8.116244084911507,0.15229581764746655,1,53,0.0022921844416510647,0.0,0.007456530522199856,0.0917181818489805,True,0.000160575,0.00369389,,263.35978,2048,14.7172993969008,8.768925308320602
"{""g"": {}, ""r"": {""FFT coefficients"": true, ""Light symmetry"": true, ""initial fit compare"": true, ""isophote variability"": true}, ""z"": {}}",37.21524817992115,True,success,WALLABY J130852+055946,8.108787554389307,0.15450774558906302,1,53,,,,,,0.000152196,0.00361704,,296.89578,2304,14.809017578749781,8.82357323416344
"{""g"": {}, ""r"": {""FFT coefficients"": true, ""Light symmetry"": true, ""initial fit compare"": true, ""isophote variability"": true}, ""z"": {}}",23.107741137851445,True,success,WALLABY J130854-171416,9.348644684677677,0.14197843597870907,2,48,0.007735637857793415,0.0,0.010965093814386151,0.019924346886073252,True,0.000189464,0.00367539,,128.46122,1024,9.562536013782319,5.69759177968758
"{""g"": {}, ""r"": {""FFT coefficients"": true, ""Light symmetry"": true, ""initial fit compare"": true, ""isophote variability"": true}, ""z"": {}}",23.107741137851445,True,success,WALLABY J130854-171416,9.359609778492063,0.13886278330052776,2,48,,,,,,0.000161648,0.00351626,,161.99722,1280,9.542611666896246,5.685720368707259
"{""g"": {}, ""r"": {""FFT coefficients"": true, ""Light symmetry"": true, ""initial fit compare"": true, ""isophote variability"": true}, ""z"": {}}",155.45732733392492,False,success,WALLABY J130857-153100,10.498003495443516,0.12315458625330143,1,68,0.4476199445983379,15.545732733392498,0.022881465961715364,3.0058770651987246,False,0.00585845,0.00944384,,124.53121999999999,1024,21.186475475690695,12.623417923537005
"{""g"": {}, ""r"": {""FFT coefficients"": true, ""Light symmetry"": true, ""initial fit compare"": true, ""isophote variability"": true}, ""z"": {}}",171.00306006731742,False,success,WALLABY J130857-153100,10.520884961405232,0.1331409973951438,1,69,0.15100803868771148,17.100306006731756,0.010909986312460873,0.9483104115552123,False,0.00181868,0.00860616,,158.06722,1280,24.19235254088942,14.414392664206623
"{""g"": {}, ""r"": {""FFT coefficients"": true, ""Light symmetry"": true, ""initial fit compare"": true, ""isophote variability"": true}, ""z"": {}}",188.10336607404918,True,success,WALLABY J130857-153100,10.531794947717692,0.1302326385980783,1,70,0.03990349768717269,0.0,0.0019989163657960773,0.32924118011762005,False,0.000551527,0.00817643,,191.60322,1536,25.140662952444632,14.979419096282985
"{""g"": {}, ""r"": {""FFT coefficients"": true, ""Light symmetry"": true, ""initial fit compare"": true, ""isophote variability"": true}, ""z"": {}}",188.10336607404918,True,success,WALLABY J130857-153100,10.533793864083489,0.1319266402784091,1,70,0.012569633326861713,18.810336607404935,0.003888721310991272,0.06400901248887791,False,0.000226435,0.00811748,,225.13922,1792,25.469904132562252,15.175589007556429
"{""g"": {}, ""r"": {""FFT coefficients"": true, ""Light symmetry"": true, ""initial fit compare"": true, ""isophote variability"": true}, ""z"": {}}",206.9137026814541,True,success,WALLABY J130857-153100,10.53768258539448,0.13177943580440182,1,71,0.01159718461072475,0.0,0.0018457798287538907,0.11659232873979875,False,0.000123171,0.00831323,,258.67522,2048,25.405895120073374,15.137450879463952
"{""g"": {}, ""r"": {""FFT coefficients"": true, ""Light symmetry"": true, ""initial fit compare"": true, ""isophote variability"": true}, ""z"": {}}",206.9137026814541,True,success,WALLABY J130857-153100,10.535836805565726,0.13372288604735608,1,71,0.0013969771968472748,18.810336607404935,0.0008016076619696832,0.027707528984993957,False,2.64931e-05,0.00835942,,292.21122,2304,25.522487448813173,15.20691942764459
"{""g"": {}, ""r"": {""FFT coefficients"": true, ""Light symmetry"": true, ""initial fit compare"": true, ""isophote variability"": true}, ""z"": {}}",188.10336607404918,True,success,WALLABY J130857-153100,10.536638413227696,0.13506339537963877,1,70,0.0003367434564258633,0.0,0.001665203463939946,0.20157001058514723,True,1.47837e-05,0.00840449,,325.74722,2560,25.49477991982818,15.190410607269655
"{""g"": {}, ""r"": {""FFT coefficients"": true, ""Light symmetry"": true, ""initial fit compare"": true, ""isophote variability"": true}, ""z"": {}}",188.10336607404918,True,success,WALLABY J130857-153100,10.538303616691636,0.13589396763215747,1,70,,,,,,1.19544e-05,0.0083994,,359.28322000000003,2816,25.696349930413326,15.310510927277466
"{""g"": {}, ""r"": {""FFT coefficients"": true, ""Light symmetry"": true, ""initial fit compare"": true, ""isophote variability"": true}, ""z"": {}}",21.007037398046766,True,success,WALLABY J130901+072007,8.951353976119005,0.18863037153182324,1,47,0.005640410207258162,1.9097306725497063,0.009611931082794456,0.2491859320279799,False,6.02683e-05,0.00490367,,127.91364000000002,1024,8.186959035543802,4.877989524360831
"{""g"": {}, ""r"": {""FFT coefficients"": true, ""Light symmetry"": true, ""initial fit compare"": true, ""isophote variability"": true}, ""z"": {}}",19.09730672549706,True,success,WALLABY J130901+072007,8.9609659072018,0.1666991912947286,2,46,0.00531294770464206,0.0,0.007555460531692759,0.09100300328240873,True,8.82801e-05,0.00502887,,161.44964000000002,1280,7.9377731035158225,4.729518479034557
"{""g"": {}, ""r"": {""FFT coefficients"": true, ""Light symmetry"": true, ""initial fit compare"": true, ""isophote variability"": true}, ""z"": {}}",19.09730672549706,True,success,WALLABY J130901+072007,8.953410446670107,0.15703797646200832,2,46,,,,,,0.000115185,0.00509918,,194.98564000000002,1536,8.028776106798231,4.7837402840747085
"{""g"": {}, ""r"": {""FFT coefficients"": true, ""Light symmetry"": true, ""initial fit compare"": true, ""isophote variability"": true}, ""z"": {}}",1.0944390203869019,True,success,WALLABY J130901-172115,7.7895006095137145,0.2579371070481205,4,16,0.0011267607724617795,0.10944390203869037,0.015328987645290226,0.019571508837348595,True,2.44141e-07,0.00236967,,132.52484,1024,0.5517737924597048,0.3287602597924208
"{""g"": {}, ""r"": {""FFT coefficients"": true, ""Light symmetry"": true, ""initial fit compare"": true, ""isophote variability"": true}, ""z"": {}}",1.2038829224255923,True,success,WALLABY J130901-172115,7.804829597159005,0.25214810984755226,4,17,,,,,,3.20435e-06,0.0028847,,166.06084,1280,0.5713453012970534,0.34042144127263085
"{""g"": {}, ""r"": {""FFT coefficients"": true, ""Light symmetry"": true, ""initial fit compare"": true, ""isophote variability"": true}, ""z"": {}}",13.043717454748347,True,success,WALLABY J130904+081148,8.842158715944203,0.16300917614087915,1,42,0.007954571276648927,0.0,0.0012196548463592194,0.00959973138977066,True,0.000139221,0.004373,,127.0438,1024,4.224715548456176,2.5171883845153133
"{""g"": {}, ""r"": {""FFT coefficients"": true, ""Light symmetry"": true, ""initial fit compare"": true, ""isophote variability"": true}, ""z"": {}}",13.043717454748347,True,success,WALLABY J130904+081148,8.840939061097844,0.1646006224955629,1,42,,,,,,0.000174227,0.00442848,,160.5798,1280,4.234315279845947,2.5229081382056244
"{""g"": {}, ""r"": {""FFT coefficients"": true, ""Light symmetry"": true, ""initial fit compare"": true, ""isophote variability"": true}, ""z"": {}}",40.93677299791326,True,success,WALLABY J130905+055109,9.41789515325229,0.16510941946348182,2,54,0.008406930100616104,0.0,0.012127674325864035,0.06824643292918076,True,0.000217742,0.00369629,,131.41134000000002,1024,7.781650799675562,4.636497009237831
"{""g"": {}, ""r"": {""FFT coefficients"": true, ""Light symmetry"": true, ""initial fit compare"": true, ""isophote variability"": true}, ""z"": {}}",40.93677299791326,True,success,WALLABY J130905+055109,9.430022827578155,0.15755412056691198,2,54,,,,,,0.000187395,0.00352323,,164.94734000000003,1280,7.849897232604743,4.677159895598716
"{""g"": {}, ""r"": {""FFT coefficients"": true, ""Light symmetry"": true, ""initial fit compare"": true, ""isophote variability"": true}, ""z"": {}}",19.09730672549706,True,success,WALLABY J130906+051433,8.28023472614251,0.17868057958230646,2,46,0.0014588869355131146,1.9097306725497063,0.008431353111781448,0.1466002631582608,False,0.000230396,0.00334744,,130.3057,1024,7.952416044936992,4.738243100050515
"{""g"": {}, ""r"": {""FFT coefficients"": true, ""Light symmetry"": true, ""initial fit compare"": true, ""isophote variability"": true}, ""z"": {}}",21.007037398046766,True,success,WALLABY J130906+051433,8.288666079254291,0.17797095369477786,2,47,0.013771164543879385,1.9097306725497063,0.010246537057883032,0.17224702780249768,False,0.000235263,0.00332477,,163.8417,1280,8.099016308095253,4.825591106172184
"{""g"": {}, ""r"": {""FFT coefficients"": true, ""Light symmetry"": true, ""initial fit compare"": true, ""isophote variability"": true}, ""z"": {}}",19.09730672549706,True,success,WALLABY J130906+051433,8.278419542196408,0.17445299464654745,2,46,0.00852159496644865,1.9097306725497063,0.01595767688450067,0.2725646649484412,False,0.000280566,0.00325463,,197.3777,1536,7.926769280292755,4.722962133244013
"{""g"": {}, ""r"": {""FFT coefficients"": true, ""Light symmetry"": true, ""initial fit compare"": true, ""isophote variability"": true}, ""z"": {}}",21.007037398046766,True,success,WALLABY J130906+051433,8.294377219080909,0.18180731885873638,2,47,0.0014020023709417878,0.0,0.0016522894735917504,0.06901399095216121,True,0.000252964,0.0032235,,230.9137,1792,8.199333945241197,4.885362796855139
"{""g"": {}, ""r"": {""FFT coefficients"": true, ""Light symmetry"": true, ""initial fit compare"": true, ""isophote variability"": true}, ""z"": {}}",21.007037398046766,True,success,WALLABY J130906+051433,8.292724929607317,0.17151571465422935,2,47,,,,,,0.000257464,0.00319589,,264.4497,2048,8.130319954289035,4.844242580736137
"{""g"": {}, ""r"": {""FFT coefficients"": true, ""Light symmetry"": true, ""initial fit compare"": true, ""isophote variability"": true}, ""z"": {}}",6.693489503811683,True,success,WALLABY J130914-183640,8.842168769971709,0.17008248306474852,2,35,0.003083752081010494,0.6084990458010626,0.04804324956088557,0.2759357177645607,False,9.65031e-05,0.00261827,,122.99590000000002,1024,3.658792323720993,2.1799975484715906
"{""g"": {}, ""r"": {""FFT coefficients"": true, ""Light symmetry"": true, ""initial fit compare"": true, ""isophote variability"": true}, ""z"": {}}",6.08499045801062,True,success,WALLABY J130914-183640,8.794125520410823,0.17080665245581125,2,34,0.004827058720232577,0.0,0.006935448373265984,0.004090655982605718,True,8.8427e-05,0.00261957,,156.5319,1280,3.3828566059564324,2.0155883295163246
"{""g"": {}, ""r"": {""FFT coefficients"": true, ""Light symmetry"": true, ""initial fit compare"": true, ""isophote variability"": true}, ""z"": {}}",6.08499045801062,True,success,WALLABY J130914-183640,8.801060968784089,0.16731993382621488,3,34,,,,,,7.60573e-05,0.00250558,,190.0679,1536,3.386947261939038,2.0180256419475073
"{""g"": {}, ""r"": {""FFT coefficients"": true, ""Light symmetry"": true, ""initial fit compare"": true, ""isophote variability"": true}, ""z"": {}}",23.107741137851445,True,success,WALLABY J130922-201247,10.347433060876137,0.14366495448515498,1,48,0.0005971705701864809,0.0,5.893264194511971e-05,0.0035853548480364594,True,0.000111351,0.00224367,,130.79302,1024,8.88258671831145,5.292461434463724
"{""g"": {}, ""r"": {""FFT coefficients"": true, ""Light symmetry"": true, ""initial fit compare"": true, ""isophote variability"": true}, ""z"": {}}",23.107741137851445,True,success,WALLABY J130922-201247,10.347491993518082,0.14636589817739976,1,48,,,,,,0.000110011,0.00224416,,164.32902,1280,8.879001363463413,5.2903251927512756
"{""g"": {}, ""r"": {""FFT coefficients"": true, ""Light symmetry"": true, ""initial fit compare"": true, ""isophote variability"": true}, ""z"": {}}",25.41851525163659,True,success,WALLABY J130924-183226,10.339111795929442,0.140495693283793,2,49,0.005997810742460271,0.0,0.002290745500792113,0.01268467743893531,True,5.97504e-05,0.00269666,,129.05858,1024,4.277596309045048,2.548696029182014
"{""g"": {}, ""r"": {""FFT coefficients"": true, ""Light symmetry"": true, ""initial fit compare"": true, ""isophote variability"": true}, ""z"": {}}",25.41851525163659,True,success,WALLABY J130924-183226,10.33682105042865,0.13615957137326498,2,49,,,,,,7.56404e-05,0.00260194,,162.59458,1280,4.2902809864839835,2.5562538688387644
"{""g"": {}, ""r"": {""FFT coefficients"": true, ""Light symmetry"": true, ""initial fit compare"": true, ""isophote variability"": true}, ""z"": {}}",10.779931780783755,True,success,WALLABY J130932-145705,9.384163165532627,0.19153696648180002,1,40,0.013252154539431849,0.0,0.0006188251516814347,0.01980334133059758,False,7.73193e-05,0.00525109,,125.7469,1024,3.9282194062180906,2.340528764066301
"{""g"": {}, ""r"": {""FFT coefficients"": true, ""Light symmetry"": true, ""initial fit compare"": true, ""isophote variability"": true}, ""z"": {}}",10.779931780783755,True,success,WALLABY J130932-145705,9.383544340380945,0.18195219282550215,1,40,0.0018400607457157614,0.0,0.002663327086359857,0.03952440148141134,True,0.000147031,0.00526972,,159.2829,1280,3.948022747548688,2.352328076990502
"{""g"": {}, ""r"": {""FFT coefficients"": true, ""Light symmetry"": true, ""initial fit compare"": true, ""isophote variability"": true}, ""z"": {}}",10.779931780783755,True,success,WALLABY J130932-145705,9.386207667467305,0.16333308583098044,2,40,,,,,,0.000137253,0.00535819,,192.8189,1536,3.908498346067277,2.328778476272346
"{""g"": {}, ""r"": {""FFT coefficients"": true, ""Light symmetry"": true, ""initial fit compare"": true, ""isophote variability"": true}, ""z"": {}}",9.799937982530686,True,success,WALLABY J130934-145427,7.903814092516155,0.14107399430322357,2,39,0.008501291374465087,2.0579869763314456,0.10417960078479283,0.7275906254632014,False,0.000293721,0.00567578,,127.69618,1024,5.149191959952483,3.068013939061176
"{""g"": {}, ""r"": {""FFT coefficients"": true, ""Light symmetry"": true, ""initial fit compare"": true, ""isophote variability"": true}, ""z"": {}}",11.857924958862132,True,success,WALLABY J130934-145427,8.007993693300948,0.1350082624850768,2,41,0.0007808115471619391,0.0,0.011580849475008037,0.01984275785624945,True,0.000245516,0.00566485,,161.39462,1280,5.876782585415684,3.501530148635919
"{""g"": {}, ""r"": {""FFT coefficients"": true, ""Light symmetry"": true, ""initial fit compare"": true, ""isophote variability"": true}, ""z"": {}}",11.857924958862132,True,success,WALLABY J130934-145427,7.99641284382594,0.1353650963319719,2,41,,,,,,0.00024121,0.0053647,,194.93062,1536,5.856939827559435,3.489707350386045
"{""g"": {}, ""r"": {""FFT coefficients"": true, ""Light symmetry"": true, ""initial fit compare"": true, ""isophote variability"": true}, ""z"": {}}",27.960366776800253,True,success,WALLABY J130937-150616,10.811918232282432,0.14662528166498312,2,50,0.01512072106971714,0.0,0.005385452539254487,0.014082121470980091,False,0.000148603,0.005273,,129.7424,1024,5.428321875253065,3.2343263386787373
"{""g"": {}, ""r"": {""FFT coefficients"": false, ""Light symmetry"": true, ""initial fit compare"": true, ""isophote variability"": true}, ""z"": {}}",27.960366776800253,True,success,WALLABY J130937-150616,10.806532779743177,0.15341115576198308,2,50,0.002452093632496186,0.0,0.001695251438610157,0.0005673302361683952,True,6.89763e-05,0.00525913,,163.2784,1280,5.442403996724045,3.2427168095138774
"{""g"": {}, ""r"": {""FFT coefficients"": true, ""Light symmetry"": true, ""initial fit compare"": true, ""isophote variability"": true}, ""z"": {}}",27.960366776800253,True,success,WALLABY J130937-150616,10.808228031181788,0.14624176090912,2,50,,,,,,8.17809e-05,0.00518468,,196.8144,1536,5.442971326960214,3.2430548386815903
"{""g"": {}, ""r"": {""FFT coefficients"": true, ""Light symmetry"": true, ""initial fit compare"": true, ""isophote variability"": true}, ""z"": {}}",7.36283845419285,True,success,WALLABY J130939-135908,8.604480314158621,0.20111401238988438,1,36,0.0017756668621149137,0.0,0.004952946175214024,0.005575006636536095,True,0.000323253,0.00594659,,132.11612,1024,3.333799258545021,1.9863587675108394
"{""g"": {}, ""r"": {""FFT coefficients"": true, ""Light symmetry"": true, ""initial fit compare"": true, ""isophote variability"": true}, ""z"": {}}",7.36283845419285,True,success,WALLABY J130939-135908,8.609433260333835,0.20317879118608817,1,36,,,,,,0.000312684,0.00595767,,165.65212,1280,3.339374265181557,1.9896804922016798
"{""g"": {}, ""r"": {""FFT coefficients"": true, ""Light symmetry"": true, ""initial fit compare"": true, ""isophote variability"": true}, ""z"": {}}",21.007037398046766,True,success,WALLABY J130941-132855,9.814755585984996,0.1776310758413462,2,47,0.00010715554047006897,4.411477853589826,0.0007207872155223782,0.30781818237840497,False,6.10352e-08,0.00444107,,129.33106,1024,8.437870268915255,5.0274885462341095
"{""g"": {}, ""r"": {""FFT coefficients"": true, ""Light symmetry"": true, ""initial fit compare"": true, ""isophote variability"": true}, ""z"": {}}",25.41851525163659,True,success,WALLABY J130941-132855,9.814034798769473,0.16074554376456324,2,49,0.00012528385727985706,2.310774113785147,0.001813590890890282,0.19158325056019265,False,4.73022e-07,0.00324844,,162.86706,1280,8.74568845129366,5.210894113860712
"{""g"": {}, ""r"": {""FFT coefficients"": true, ""Light symmetry"": true, ""initial fit compare"": true, ""isophote variability"": true}, ""z"": {}}",23.107741137851445,True,success,WALLABY J130941-132855,9.815848389660363,0.16557652273433948,2,48,2.1456558662203056e-05,2.100703739804679,0.005130037467358406,0.7727538991330452,False,9.15527e-08,0.00284124,,196.40306,1536,8.554105200733467,5.096744148627187
"{""g"": {}, ""r"": {""FFT coefficients"": true, ""Light symmetry"": true, ""initial fit compare"": true, ""isophote variability"": true}, ""z"": {}}",21.007037398046766,True,success,WALLABY J130941-132855,9.820978427127722,0.17378043854514466,2,47,4.2766984256376445e-06,5.224139277801266,0.013793828239217376,1.7534953918155214,False,-1.52588e-08,0.00711483,,229.93906,1792,7.781351301600422,4.636318560992669
"{""g"": {}, ""r"": {""FFT coefficients"": false, ""Light symmetry"": false, ""initial fit compare"": true, ""isophote variability"": false}, ""z"": {}}",15.7828981202455,True,success,WALLABY J130941-132855,9.83477225536694,0.1877272137622256,2,44,0.42994669076106307,1.4348089200223182,0.015210286837456621,0.18623502791610047,False,1.90735e-09,0.000912928,,263.47506,2048,6.0278559097849005,3.591543313534386
"{""g"": {}, ""r"": {""FFT coefficients"": false, ""Light symmetry"": false, ""initial fit compare"": true, ""isophote variability"": false}, ""z"": {}}",14.348089200223182,True,success,WALLABY J130941-132855,9.819561968529483,0.17133450881791787,2,43,0.0,0.0,0.004527014026347587,0.016837816080076173,True,0.00025,0.000249998,,297.01106000000004,2304,5.8416208818688,3.4805799495674083
"{""g"": {}, ""r"": {""FFT coefficients"": false, ""Light symmetry"": false, ""initial fit compare"": true, ""isophote variability"": false}, ""z"": {}}",14.348089200223182,True,success,WALLABY J130941-132855,9.815034954503135,0.17020607387984732,2,43,,,,,,0.00025,0.000249981,,330.54706000000004,2560,5.824783065788724,3.470547568790231
"{""g"": {}, ""r"": {""FFT coefficients"": true, ""Light symmetry"": false, ""initial fit compare"": true, ""isophote variability"": true}, ""z"": {}}",13.043717454748347,True,success,WALLABY J130941-145553,7.666267908187756,0.20310046153648978,1,42,0.001297279969546485,0.0,0.01138520022298728,0.008056373736518463,True,0.000269031,0.00599924,,131.50042,1024,3.1597236447782393,1.8826402785438745
"{""g"": {}, ""r"": {""FFT coefficients"": true, ""Light symmetry"": false, ""initial fit compare"": true, ""isophote variability"": true}, ""z"": {}}",13.043717454748347,True,success,WALLABY J130941-145553,7.677653108410743,0.20560087920612768,1,42,,,,,,0.000276801,0.00597967,,165.03642,1280,3.1677800185147578,1.8874404621676666
"{""g"": {}, ""r"": {""FFT coefficients"": false, ""Light symmetry"": true, ""initial fit compare"": true, ""isophote variability"": true}, ""z"": {}}",33.83204379992831,True,success,WALLABY J130947-101916,9.02600177575606,0.21532919097813089,1,52,0.013345719718553329,0.0,0.1608471642972198,1.6082839788607082,False,2.30576e-05,0.00167284,,130.44194000000002,1024,19.498703641387298,11.617802371840723
"{""g"": {}, ""r"": {""FFT coefficients"": false, ""Light symmetry"": true, ""initial fit compare"": true, ""isophote variability"": false}, ""z"": {}}",33.83204379992831,True,success,WALLABY J130947-101916,8.86515461145884,0.18301114162390877,1,52,0.001033765752409192,0.0,0.16995371371350032,2.0108955244386806,False,2.21252e-06,0.00145102,,163.97794000000002,1280,17.89041966252659,10.659547619738035
"{""g"": {}, ""r"": {""FFT coefficients"": true, ""Light symmetry"": true, ""initial fit compare"": true, ""isophote variability"": true}, ""z"": {}}",33.83204379992831,True,success,WALLABY J130947-101916,9.03510832517234,0.20764475841314042,2,52,0.0004213817405868818,0.0,0.5643346673020151,1.4572505709907269,False,5.11169e-07,0.00184054,,197.51394000000002,1536,19.90131518696527,11.857688133231445
"{""g"": {}, ""r"": {""FFT coefficients"": false, ""Light symmetry"": true, ""initial fit compare"": true, ""isophote variability"": false}, ""z"": {}}",33.83204379992831,True,success,WALLABY J130947-101916,8.470773657870325,0.1749496083096181,2,52,,,,,,3.05176e-08,0.000440771,,231.04994000000002,1792,21.358565757955997,12.725953503657772
,,,quality_fail,WALLABY J130947-101916,,,,,,,,,,,,invalid retained r cumulative row 0,,2048,,
"{""g"": {}, ""r"": {""FFT coefficients"": false, ""Light symmetry"": true, ""initial fit compare"": true, ""isophote variability"": false}, ""z"": {}}",33.83204379992831,True,success,WALLABY J130947-101916,8.528264658689045,0.17314596557820935,4,52,2.349260735418357e-05,0.0,0.07061258964795414,0.054825445167697495,False,9.53674e-09,0.000624717,,298.12194,2304,21.955761420546544,13.081777219577576
"{""g"": {}, ""r"": {""FFT coefficients"": false, ""Light symmetry"": true, ""initial fit compare"": true, ""isophote variability"": false}, ""z"": {}}",33.83204379992831,True,success,WALLABY J130947-101916,8.598877248336999,0.1729690564666635,4,52,9.929072476216507e-06,0.0,0.00852443962297933,0.3426856592678149,True,3.05176e-08,0.00116145,,331.65794,2560,21.900935975378847,13.049110884490842
"{""g"": {}, ""r"": {""FFT coefficients"": false, ""Light symmetry"": false, ""initial fit compare"": true, ""isophote variability"": false}, ""z"": {}}",33.83204379992831,True,success,WALLABY J130947-101916,8.607401687959978,0.17482038363248348,4,52,,,,,,1.90735e-08,0.00114372,,365.19394,2816,21.55825031611103,12.8449304252019
"{""g"": {}, ""r"": {""FFT coefficients"": true, ""Light symmetry"": false, ""initial fit compare"": true, ""isophote variability"": false}, ""z"": {}}",25.41851525163659,True,success,WALLABY J130947-171234,8.576937125980821,0.1387458664858511,1,49,0.006542610428811724,0.0,0.021824473971689073,0.3804331929575788,False,2.59808e-05,0.00369815,,125.47442,1024,10.288265754373104,6.12999922874767
"{""g"": {}, ""r"": {""FFT coefficients"": true, ""Light symmetry"": false, ""initial fit compare"": true, ""isophote variability"": false}, ""z"": {}}",25.41851525163659,True,success,WALLABY J130947-171234,8.59876159995251,0.1434986653674958,1,49,0.0009472673658071525,0.0,0.02167907025945226,1.1014645035091775,False,3.26538e-06,0.00324569,,158.66196000000002,1280,10.668698947330682,6.356670587662434
"{""g"": {}, ""r"": {""FFT coefficients"": false, ""Light symmetry"": false, ""initial fit compare"": true, ""isophote variability"": false}, ""z"": {}}",25.41851525163659,True,success,WALLABY J130947-171234,8.577082529693058,0.1237213877633742,2,49,9.696314983446337e-05,5.33788820284369,0.010319084940089596,3.204224284893842,False,4.88281e-07,0.0026177,,191.91500000000002,1536,9.567234443821505,5.700391218699378
"{""g"": {}, ""r"": {""FFT coefficients"": true, ""Light symmetry"": false, ""initial fit compare"": true, ""isophote variability"": false}, ""z"": {}}",30.75640345448028,True,success,WALLABY J130947-171234,8.587401614633148,0.14991642670750405,2,51,9.427252462646364e-05,5.33788820284369,0.04207402698199303,1.7133799017345641,False,2.59399e-07,0.00210331,,225.21258000000003,1792,12.771458728715347,7.609546062098022
"{""g"": {}, ""r"": {""FFT coefficients"": true, ""Light symmetry"": false, ""initial fit compare"": true, ""isophote variability"": false}, ""z"": {}}",25.41851525163659,True,success,WALLABY J130947-171234,8.545327587651155,0.1270401186161226,2,49,5.985517517318572e-05,0.0,0.028625242549813024,0.04451861104974775,False,4.50134e-07,0.00194315,,258.78264,2048,11.058078826980783,6.588672600336961
"{""g"": {}, ""r"": {""FFT coefficients"": true, ""Light symmetry"": false, ""initial fit compare"": true, ""isophote variability"": false}, ""z"": {}}",25.41851525163659,True,success,WALLABY J130947-171234,8.516702345101342,0.134682627707233,2,49,2.8733449186784093e-05,2.310774113785147,0.08390506932858521,3.293234008153803,False,3.35693e-07,0.00188078,,292.2479,2304,11.013560215931035,6.562147327962084
"{""g"": {}, ""r"": {""FFT coefficients"": false, ""Light symmetry"": false, ""initial fit compare"": true, ""isophote variability"": false}, ""z"": {}}",23.107741137851445,True,success,WALLABY J130947-171234,8.600607414429927,0.1326014821347037,4,48,1.6632874412723333e-05,0.0,0.007034540488739083,1.714866553172195,False,3.89099e-07,0.00183656,,325.62669999999997,2560,7.720326207777232,4.599958324291805
"{""g"": {}, ""r"": {""FFT coefficients"": false, ""Light symmetry"": false, ""initial fit compare"": true, ""isophote variability"": false}, ""z"": {}}",23.107741137851445,True,success,WALLABY J130947-171234,8.593572873941188,0.12364146007325051,4,48,1.232078503354855e-05,2.310774113785147,0.04115113146722571,1.4275380761353702,False,3.58582e-07,0.00183292,,359.69456,2816,9.435192760949427,5.62171756917547
"{""g"": {}, ""r"": {""FFT coefficients"": true, ""Light symmetry"": false, ""initial fit compare"": true, ""isophote variability"": false}, ""z"": {}}",25.41851525163659,True,success,WALLABY J130947-171234,8.552421742473962,0.1272073950403372,4,49,,,,,,3.35693e-07,0.00188259,,392.8559,3072,10.862730837084797,6.472279511745641
"{""g"": {}, ""r"": {""FFT coefficients"": true, ""Light symmetry"": true, ""initial fit compare"": true, ""isophote variability"": true}, ""z"": {}}",45.03045029770459,True,success,WALLABY J130954-104332,9.918663077283814,0.14246661194115928,1,55,0.003046077419793249,0.0,0.003917829884043655,0.027755628422365675,True,0.000152985,0.00274209,,126.98616,1024,8.748864819240959,5.212786671219943
"{""g"": {}, ""r"": {""FFT coefficients"": true, ""Light symmetry"": true, ""initial fit compare"": true, ""isophote variability"": true}, ""z"": {}}",45.03045029770459,True,success,WALLABY J130954-104332,9.922580907167857,0.14071480347289256,1,55,,,,,,0.000144468,0.00285002,,160.52215999999999,1280,8.721109190818593,5.196249192029129
,,,quality_fail,WALLABY J130958-171937,,,,,,,,,,,,r-band AutoProf outputs missing,,1024,,
,,,quality_fail,WALLABY J130958-171937,,,,,,,,,,,,r-band AutoProf outputs missing,,1280,,
,,,quality_fail,WALLABY J130958-171937,,,,,,,,,,,,r-band AutoProf outputs missing,,1536,,
,,,quality_fail,WALLABY J130958-171937,,,,,,,,,,,,r-band AutoProf outputs missing,,1792,,
,,,quality_fail,WALLABY J130958-171937,,,,,,,,,,,,r-band AutoProf outputs missing,,2048,,
,,,quality_fail,WALLABY J130958-171937,,,,,,,,,,,,r-band AutoProf outputs missing,,2304,,
,,,quality_fail,WALLABY J130958-171937,,,,,,,,,,,,r-band AutoProf outputs missing,,2560,,
,,,quality_fail,WALLABY J130958-171937,,,,,,,,,,,,r-band AutoProf outputs missing,,2816,,
,,,quality_fail,WALLABY J130958-171937,,,,,,,,,,,,r-band AutoProf outputs missing,,3072,,
"{""g"": {}, ""r"": {""FFT coefficients"": false, ""Light symmetry"": false, ""initial fit compare"": true, ""isophote variability"": false}, ""z"": {}}",15.7828981202455,True,success,WALLABY J131017-171323,10.115617823330611,0.12136352680913935,1,44,0.00748339547545638,10.753980386352428,0.3134830681176375,2.6559117090032127,False,0.000247984,0.00378843,,126.59053999999999,1024,6.35640294764569,3.787299637950667
"{""g"": {}, ""r"": {""FFT coefficients"": false, ""Light symmetry"": false, ""initial fit compare"": true, ""isophote variability"": true}, ""z"": {}}",5.028917733893073,True,success,WALLABY J131017-171323,9.802134755212974,0.1440517056657381,1,32,0.05129159635907177,0.0,0.31391323148083394,0.46804141112898145,False,0.000219574,0.00380438,,160.20252000000002,1280,3.7004912386424773,2.204842777241042
"{""g"": {}, ""r"": {""FFT coefficients"": false, ""Light symmetry"": false, ""initial fit compare"": true, ""isophote variability"": false}, ""z"": {}}",5.028917733893073,True,success,WALLABY J131017-171323,10.116047986693808,0.12422810112298036,1,32,0.0068609873508093,28.803126066035233,0.3776751587341014,8.309244529369543,False,2.60962e-05,0.00373985,,193.73852000000002,1536,3.232449827513496,1.92597230890938
"{""g"": {}, ""r"": {""FFT coefficients"": false, ""Light symmetry"": false, ""initial fit compare"": true, ""isophote variability"": false}, ""z"": {}}",33.83204379992831,True,success,WALLABY J131017-171323,10.493723145427909,0.12091219127427537,1,52,0.0008060307480108436,3.0756403454480257,0.007239580042400107,0.31586409626205914,False,3.12805e-06,0.00295544,,227.19854,1792,11.54169435688304,6.876822507822693
"{""g"": {}, ""r"": {""FFT coefficients"": true, ""Light symmetry"": false, ""initial fit compare"": true, ""isophote variability"": false}, ""z"": {}}",30.75640345448028,True,success,WALLABY J131017-171323,10.500962725470309,0.12503897045174386,2,51,9.042973920120736e-05,10.180369543432978,0.035337629816240224,0.15913205451675339,False,9.30786e-07,0.00249662,,260.73454000000004,2048,11.225830260620981,6.688622988807306
"{""g"": {}, ""r"": {""FFT coefficients"": true, ""Light symmetry"": false, ""initial fit compare"": true, ""isophote variability"": false}, ""z"": {}}",40.93677299791326,True,success,WALLABY J131017-171323,10.53630035528655,0.12268367584022208,2,54,1.4721942447431202e-05,0.0,0.02421787700114031,0.17982775515124594,False,1.15967e-06,0.00256552,,294.27054000000004,2304,11.384962315137734,6.7834377413366225
"{""g"": {}, ""r"": {""FFT coefficients"": true, ""Light symmetry"": false, ""initial fit compare"": true, ""isophote variability"": false}, ""z"": {}}",40.93677299791326,True,success,WALLABY J131017-171323,10.512082478285409,0.12061795952809766,2,54,2.008706526133676e-05,0.0,0.016412832397975308,0.043497570938344055,True,1.12152e-06,0.00261722,,327.80654000000004,2560,11.56479007028898,6.890583496190009
"{""g"": {}, ""r"": {""FFT coefficients"": true, ""Light symmetry"": false, ""initial fit compare"": true, ""isophote variability"": false}, ""z"": {}}",40.93677299791326,True,success,WALLABY J131017-171323,10.495669645887434,0.1190365734712553,4,54,,,,,,1.17493e-06,0.00270063,,361.34254000000004,2816,11.608287641227324,6.916500408006864
,,,quality_fail,WALLABY J131025-165550,,,,,,,,,,,,r-band AutoProf outputs missing,,1024,,
,,,quality_fail,WALLABY J131025-165550,,,,,,,,,,,,r-band AutoProf outputs missing,,1280,,
"{""g"": {}, ""r"": {""FFT coefficients"": true, ""Light symmetry"": true, ""initial fit compare"": true, ""isophote variability"": true}, ""z"": {}}",40.93677299791326,True,success,WALLABY J131032-172527,11.050913827962562,0.13979039807869964,1,54,0.01859905872179076,0.0,0.0009798324418124338,0.32039082949650677,False,3.81323e-05,0.00390246,,128.29878,1024,7.920487375358503,4.719219221336274
"{""g"": {}, ""r"": {""FFT coefficients"": true, ""Light symmetry"": true, ""initial fit compare"": true, ""isophote variability"": true}, ""z"": {}}",40.93677299791326,True,success,WALLABY J131032-172527,11.051893660404374,0.1433673726153186,1,54,0.01142903317659553,0.0,0.00043823567699519117,0.16989957893087215,False,0.000110827,0.00391457,,161.83478000000002,1280,8.24087820485501,4.910115878226828
"{""g"": {}, ""r"": {""FFT coefficients"": true, ""Light symmetry"": true, ""initial fit compare"": true, ""isophote variability"": true}, ""z"": {}}",40.93677299791326,True,success,WALLABY J131032-172527,11.05145542472738,0.14213146078718883,2,54,0.03395174621500355,0.0,0.006032663189454723,0.05964984731785705,False,0.00015538,0.00388189,,195.37078000000002,1536,8.070978625924138,4.808885572490596
"{""g"": {}, ""r"": {""FFT coefficients"": true, ""Light symmetry"": true, ""initial fit compare"": true, ""isophote variability"": true}, ""z"": {}}",40.93677299791326,True,success,WALLABY J131032-172527,11.057488087916834,0.14355702119017943,2,54,0.006898665898285549,0.0,0.03553652129075857,0.48876140322877326,False,2.59865e-05,0.00374031,,228.90678000000003,1792,8.130628473241995,4.844426403839938
"{""g"": {}, ""r"": {""FFT coefficients"": false, ""Light symmetry"": true, ""initial fit compare"": true, ""isophote variability"": true}, ""z"": {}}",40.93677299791326,True,success,WALLABY J131032-172527,11.021951566626075,0.1436103508415267,2,54,0.0001843522547207951,0.0,0.011265132122831645,0.04187759490212706,True,2.04468e-06,0.00320069,,262.44278,2048,8.619389876470768,5.135642347942129
"{""g"": {}, ""r"": {""FFT coefficients"": false, ""Light symmetry"": true, ""initial fit compare"": true, ""isophote variability"": true}, ""z"": {}}",40.93677299791326,True,success,WALLABY J131032-172527,11.010686434503244,0.1392635504391723,2,54,,,,,,2.63977e-06,0.00325532,,295.97878000000003,2304,8.57751228156864,5.110690657289822
"{""g"": {}, ""r"": {""FFT coefficients"": true, ""Light symmetry"": false, ""initial fit compare"": true, ""isophote variability"": true}, ""z"": {}}",15.7828981202455,True,success,WALLABY J131033-170323,8.157145682045849,0.16606833312987507,1,44,0.006699657480692301,2.7391806654971536,0.01970944535647412,0.5039256225234263,False,5.26376e-05,0.00389009,,126.73202,1024,6.970775369152732,4.153357685041956
"{""g"": {}, ""r"": {""FFT coefficients"": true, ""Light symmetry"": false, ""initial fit compare"": true, ""isophote variability"": true}, ""z"": {}}",13.043717454748347,True,success,WALLABY J131033-170323,8.137436236689375,0.16395839153758332,1,42,0.005912083168367411,2.7391806654971536,0.034102122120211575,0.4962714736964884,False,2.60752e-05,0.00403939,,160.26802,1280,6.466849746629306,3.8531065298750353
"{""g"": {}, ""r"": {""FFT coefficients"": true, ""Light symmetry"": false, ""initial fit compare"": true, ""isophote variability"": true}, ""z"": {}}",15.7828981202455,True,success,WALLABY J131033-170323,8.171538358809586,0.16418943349804171,1,44,0.0007227233344500537,1.5782898120245523,0.01797876531965059,0.20547000871905752,False,2.92969e-06,0.00379051,,193.80402,1536,6.963121220325794,4.148797156812414
"{""g"": {}, ""r"": {""FFT coefficients"": true, ""Light symmetry"": false, ""initial fit compare"": true, ""isophote variability"": true}, ""z"": {}}",17.361187932270052,True,success,WALLABY J131033-170323,8.189517124129237,0.17413773960243403,1,45,5.131075006194471e-05,3.0130987320468705,0.04227836634158777,0.44497060379144493,False,4.27246e-07,0.00313453,,227.34002,1792,7.168591229044852,4.2712211906631365
"{""g"": {}, ""r"": {""FFT coefficients"": true, ""Light symmetry"": false, ""initial fit compare"": true, ""isophote variability"": true}, ""z"": {}}",14.348089200223182,True,success,WALLABY J131033-170323,8.14723875778765,0.16971146049991503,2,43,4.434702126517985e-05,1.4348089200223182,0.029307999123137307,0.2545744804156378,False,2.82288e-07,0.00251567,,260.87602000000004,2048,6.723620625253407,4.0060968710568385
"{""g"": {}, ""r"": {""FFT coefficients"": true, ""Light symmetry"": false, ""initial fit compare"": true, ""isophote variability"": true}, ""z"": {}}",15.7828981202455,True,success,WALLABY J131033-170323,8.176546756910787,0.16496905144222898,2,44,1.6510535157317264e-05,0.0,0.007069420072085109,0.15921230288311428,True,1.83105e-07,0.00195737,,294.41202000000004,2304,6.9781951056690446,4.157778544709502
"{""g"": {}, ""r"": {""FFT coefficients"": true, ""Light symmetry"": false, ""initial fit compare"": true, ""isophote variability"": true}, ""z"": {}}",15.7828981202455,True,success,WALLABY J131033-170323,8.169477336838701,0.17318526826523215,2,44,,,,,,1.52588e-07,0.0017393,,327.94802000000004,2560,7.137407408552159,4.252641111169334
"{""g"": {}, ""r"": {""FFT coefficients"": false, ""Light symmetry"": true, ""initial fit compare"": true, ""isophote variability"": true}, ""z"": {}}",15.7828981202455,True,success,WALLABY J131037-144407,9.569421607510643,0.145517508960308,1,44,0.02539471655894566,0.0,0.030629946789888507,0.028749717481897363,False,0.000272715,0.00636376,,127.71976000000001,1024,6.563898332122726,3.9109304399905813
"{""g"": {}, ""r"": {""FFT coefficients"": false, ""Light symmetry"": true, ""initial fit compare"": true, ""isophote variability"": true}, ""z"": {}}",15.7828981202455,True,success,WALLABY J131037-144407,9.600051554300531,0.15339857105704366,1,44,0.004613634672421311,1.5782898120245523,0.01867305342633685,0.1814866761122813,False,0.000112919,0.00622122,,161.25576,1280,6.592648049604623,3.928060221646526
"{""g"": {}, ""r"": {""FFT coefficients"": false, ""Light symmetry"": true, ""initial fit compare"": true, ""isophote variability"": true}, ""z"": {}}",17.361187932270052,True,success,WALLABY J131037-144407,9.618724607726868,0.14366713393590025,1,45,0.006252948746349472,1.5782898120245523,0.02015469374892298,0.22407774637073885,False,0.000141129,0.00600775,,194.79176,1536,6.7741347257169044,4.036194401998873
"{""g"": {}, ""r"": {""FFT coefficients"": false, ""Light symmetry"": true, ""initial fit compare"": true, ""isophote variability"": true}, ""z"": {}}",15.7828981202455,True,success,WALLABY J131037-144407,9.598569913977945,0.15308790137559508,1,44,0.00855712896993432,1.5782898120245523,0.01688603785332532,0.7159865908377547,False,0.000178106,0.00581931,,228.32776,1792,6.550056979346166,3.902683425005663
"{""g"": {}, ""r"": {""FFT coefficients"": true, ""Light symmetry"": true, ""initial fit compare"": true, ""isophote variability"": true}, ""z"": {}}",17.361187932270052,True,success,WALLABY J131037-144407,9.58168387612462,0.13827801115240018,1,45,0.0019424089667658077,0.0,0.006806860818940663,0.05024022999127453,True,0.000227313,0.00568151,,261.86376,2048,7.26604357018392,4.3292856682227505
"{""g"": {}, ""r"": {""FFT coefficients"": true, ""Light symmetry"": true, ""initial fit compare"": true, ""isophote variability"": true}, ""z"": {}}",17.361187932270052,True,success,WALLABY J131037-144407,9.58849073694356,0.1397037718465746,1,45,,,,,,0.000216364,0.00559212,,295.39976,2304,7.215803340192646,4.299351315976094
"{""g"": {}, ""r"": {""FFT coefficients"": true, ""Light symmetry"": true, ""initial fit compare"": true, ""isophote variability"": true}, ""z"": {}}",11.857924958862132,True,success,WALLABY J131038-144004,8.016318025855641,0.19662518551973773,1,41,0.002013989297633426,1.185792495886215,0.01632647238244367,0.40966152702953007,False,0.000217482,0.00572273,,124.52598,1024,5.6747114031942925,3.381131218365018
"{""g"": {}, ""r"": {""FFT coefficients"": true, ""Light symmetry"": true, ""initial fit compare"": true, ""isophote variability"": true}, ""z"": {}}",13.043717454748347,True,success,WALLABY J131038-144004,8.032644498238085,0.1614238750768936,2,42,0.0015684884716658585,1.185792495886215,0.020868747554493083,0.41419352641215657,False,0.000205301,0.00637366,,158.06198,1280,6.0843729302238225,3.625217530353139
"{""g"": {}, ""r"": {""FFT coefficients"": true, ""Light symmetry"": true, ""initial fit compare"": true, ""isophote variability"": true}, ""z"": {}}",11.857924958862132,True,success,WALLABY J131038-144004,8.011775750683592,0.19832868012964197,2,41,0.0030075566666051086,0.0,0.0032396188768757384,0.04077931822472447,True,0.00019552,0.00609822,,191.59798,1536,5.670179403811666,3.3784309427905486
"{""g"": {}, ""r"": {""FFT coefficients"": true, ""Light symmetry"": true, ""initial fit compare"": true, ""isophote variability"": true}, ""z"": {}}",11.857924958862132,True,success,WALLABY J131038-144004,8.015015369560468,0.1891814595977576,2,41,,,,,,0.000213434,0.00581444,,225.13398,1792,5.71095872203639,3.4027282534583025
"{""g"": {}, ""r"": {""FFT coefficients"": true, ""Light symmetry"": true, ""initial fit compare"": true, ""isophote variability"": true}, ""z"": {}}",25.41851525163659,True,success,WALLABY J131041+053553,10.595155201357935,0.13390860687616568,2,49,0.010743654533043562,0.0,0.0009967415159799486,0.0048575515080999665,False,0.000173624,0.00377037,,131.30916000000002,1024,6.355569428389284,3.786803006883692
"{""g"": {}, ""r"": {""FFT coefficients"": true, ""Light symmetry"": true, ""initial fit compare"": true, ""isophote variability"": true}, ""z"": {}}",25.41851525163659,True,success,WALLABY J131041+053553,10.596151942873915,0.1325427478989278,2,49,0.0011278461189371755,0.0,0.0011344814372993284,0.011984588954906172,True,0.000215569,0.00403796,,164.84516,1280,6.360426979897384,3.7896972543408594
"{""g"": {}, ""r"": {""FFT coefficients"": true, ""Light symmetry"": true, ""initial fit compare"": true, ""isophote variability"": true}, ""z"": {}}",25.41851525163659,True,success,WALLABY J131041+053553,10.595017461436615,0.13061976775095374,2,49,,,,,,0.000220117,0.00402697,,198.38116,1536,6.348442390942478,3.7825565444482123
"{""g"": {}, ""r"": {""FFT coefficients"": true, ""Light symmetry"": true, ""initial fit compare"": true, ""isophote variability"": true}, ""z"": {}}",19.09730672549706,True,success,WALLABY J131049-105237,9.892243453325039,0.15378102827616721,2,46,0.008880263197396276,1.9097306725497063,0.007498911466138125,0.04847244572735754,False,0.000166095,0.00285272,,126.5198,1024,6.552237795656543,3.903982808460544
"{""g"": {}, ""r"": {""FFT coefficients"": true, ""Light symmetry"": true, ""initial fit compare"": true, ""isophote variability"": true}, ""z"": {}}",21.007037398046766,True,success,WALLABY J131049-105237,9.899742364791177,0.15254072175788522,2,47,0.008012957883307623,0.0,0.0005446843773810883,0.006746372281128288,True,0.000191238,0.00280995,,160.0558,1280,6.600710241383901,3.932863871801848
"{""g"": {}, ""r"": {""FFT coefficients"": true, ""Light symmetry"": true, ""initial fit compare"": true, ""isophote variability"": true}, ""z"": {}}",21.007037398046766,True,success,WALLABY J131049-105237,9.900287049168558,0.15142580606708353,2,47,,,,,,0.000213673,0.00278973,,193.5918,1536,6.607456613665029,3.936883524663418
"{""g"": {}, ""r"": {""FFT coefficients"": true, ""Light symmetry"": true, ""initial fit compare"": true, ""isophote variability"": true}, ""z"": {}}",21.007037398046766,True,success,WALLABY J131049-182530,10.495087214576989,0.15052766470931678,1,47,0.011859104790157924,0.0,0.0033350000007654756,0.020905666904446285,False,9.03987e-05,0.00286544,,129.48564000000002,1024,6.375588541654525,3.7987308819800347
"{""g"": {}, ""r"": {""FFT coefficients"": true, ""Light symmetry"": true, ""initial fit compare"": true, ""isophote variability"": true}, ""z"": {}}",21.007037398046766,True,success,WALLABY J131049-182530,10.491752214576223,0.149713281731727,1,47,0.0053350625264126815,2.100703739804679,0.0022737268419312784,0.04350296877928539,False,0.000124378,0.00286506,,163.02164000000002,1280,6.354682874750079,3.786274776640197
"{""g"": {}, ""r"": {""FFT coefficients"": true, ""Light symmetry"": true, ""initial fit compare"": true, ""isophote variability"": true}, ""z"": {}}",23.107741137851445,True,success,WALLABY J131049-182530,10.494025941418155,0.1466037637856696,2,48,0.03607244606553171,0.0,0.00861269292791178,0.0020610027961600608,False,0.000139969,0.00297967,,196.55764000000002,1536,6.398185843529364,3.8121949046221073
"{""g"": {}, ""r"": {""FFT coefficients"": true, ""Light symmetry"": true, ""initial fit compare"": true, ""isophote variability"": true}, ""z"": {}}",23.107741137851445,True,success,WALLABY J131049-182530,10.502638634346066,0.1506423785077767,2,48,0.002152902880274882,2.100703739804679,0.00383182715984276,0.02867857434313148,False,3.38022e-05,0.00290664,,230.09364000000002,1792,6.396124840733204,3.810966908976142
"{""g"": {}, ""r"": {""FFT coefficients"": true, ""Light symmetry"": true, ""initial fit compare"": true, ""isophote variability"": true}, ""z"": {}}",21.007037398046766,True,success,WALLABY J131049-182530,10.498806807186224,0.150023654081204,3,47,0.001498930805796766,2.100703739804679,0.0023913448122829806,0.015724691883738373,False,2.76117e-05,0.0028442,,263.62964,2048,6.367446266390073,3.7938795161344228
"{""g"": {}, ""r"": {""FFT coefficients"": true, ""Light symmetry"": true, ""initial fit compare"": true, ""isophote variability"": true}, ""z"": {}}",23.107741137851445,True,success,WALLABY J131049-182530,10.49641546237394,0.15060550196152866,3,48,0.00014136759029898064,2.100703739804679,0.0005983735270564949,0.02044809492009758,False,2.3462e-05,0.00269268,,297.16564,2304,6.383170958273811,3.8032486704137667
"{""g"": {}, ""r"": {""FFT coefficients"": true, ""Light symmetry"": true, ""initial fit compare"": true, ""isophote variability"": true}, ""z"": {}}",21.007037398046766,True,success,WALLABY J131049-182530,10.497013835900997,0.14976984399486795,3,47,0.000608854702728599,0.0,0.0023313973675982425,0.0026025775956641795,True,2.38301e-05,0.00251502,,330.70164,2560,6.362722863353714,3.791065197602882
"{""g"": {}, ""r"": {""FFT coefficients"": true, ""Light symmetry"": true, ""initial fit compare"": true, ""isophote variability"": true}, ""z"": {}}",21.007037398046766,True,success,WALLABY J131049-182530,10.494682438533399,0.15254374402650467,4,47,,,,,,2.53297e-05,0.00241095,,364.23764,2816,6.365325440949378,3.7926158767003186
"{""g"": {}, ""r"": {""FFT coefficients"": true, ""Light symmetry"": false, ""initial fit compare"": true, ""isophote variability"": true}, ""z"": {}}",15.7828981202455,True,success,WALLABY J131049-182903,9.514723850836969,0.1783467755299957,1,44,0.0008301597707668884,0.0,0.003981247342608185,0.07685779357473432,True,0.000140373,0.00277391,,130.61748,1024,7.991919912142352,4.7617804659470435
"{""g"": {}, ""r"": {""FFT coefficients"": true, ""Light symmetry"": false, ""initial fit compare"": true, ""isophote variability"": true}, ""z"": {}}",15.7828981202455,True,success,WALLABY J131049-182903,9.518705098179577,0.17349092169973332,1,44,,,,,,0.000138119,0.00265637,,164.15348,1280,7.915062118567618,4.715986721249488
"{""g"": {}, ""r"": {""FFT coefficients"": true, ""Light symmetry"": true, ""initial fit compare"": true, ""isophote variability"": true}, ""z"": {}}",21.007037398046766,True,success,WALLABY J131051-190753,10.764792492396587,0.1519981798639818,4,47,0.001066381314342632,2.100703739804679,0.002996143452229205,0.031167934873072234,False,0.000141421,0.0010823,,130.5939,1024,3.2385377931774237,1.9295996670779476
"{""g"": {}, ""r"": {""FFT coefficients"": true, ""Light symmetry"": true, ""initial fit compare"": true, ""isophote variability"": true}, ""z"": {}}",23.107741137851445,True,success,WALLABY J131051-190753,10.767788635848817,0.1482155515199359,4,48,0.004418058562620453,2.100703739804679,0.002699731041477804,0.03809136556331438,False,0.000140265,0.00108578,,164.12990000000002,1280,3.269705728050496,1.9481702815328066
"{""g"": {}, ""r"": {""FFT coefficients"": true, ""Light symmetry"": true, ""initial fit compare"": true, ""isophote variability"": true}, ""z"": {}}",21.007037398046766,True,success,WALLABY J131051-190753,10.765088904807339,0.14935272010045014,4,47,0.012733511937950769,2.100703739804679,0.0046823083849094616,0.043514026897164104,False,0.000135439,0.00109889,,197.66590000000002,1536,3.2316143624871816,1.9254745185053195
"{""g"": {}, ""r"": {""FFT coefficients"": true, ""Light symmetry"": true, ""initial fit compare"": true, ""isophote variability"": true}, ""z"": {}}",23.107741137851445,True,success,WALLABY J131051-190753,10.769771213192248,0.15041149301846554,4,48,0.009194569808023976,2.100703739804679,0.0022816278099124787,0.04019796651665253,False,0.000121394,0.0011071,,231.20190000000002,1792,3.2751283893843457,1.9514012351830978
"{""g"": {}, ""r"": {""FFT coefficients"": true, ""Light symmetry"": true, ""initial fit compare"": true, ""isophote variability"": true}, ""z"": {}}",21.007037398046766,True,success,WALLABY J131051-190753,10.767489585382336,0.14814299463415917,4,47,0.001078550151671122,0.0,0.003092598576975192,0.0017196179849485738,True,0.000111238,0.00110203,,264.7379,2048,3.234930422867693,1.9274503080174028
"{""g"": {}, ""r"": {""FFT coefficients"": true, ""Light symmetry"": true, ""initial fit compare"": true, ""isophote variability"": true}, ""z"": {}}",21.007037398046766,True,success,WALLABY J131051-190753,10.770582183959311,0.14786217770653387,4,47,,,,,,0.000112422,0.00109351,,298.2739,2304,3.2366500408526417,1.9284748982810238
"{""g"": {}, ""r"": {""FFT coefficients"": true, ""Light symmetry"": false, ""initial fit compare"": true, ""isophote variability"": true}, ""z"": {}}",13.043717454748347,True,success,WALLABY J131054-185747,9.769823226900531,0.14680065917237167,1,42,0.017977573711029756,0.0,0.013900622615526714,0.005274291736196091,False,0.000166284,0.00148167,,127.17742,1024,5.496279775743136,3.2748173103873923
"{""g"": {}, ""r"": {""FFT coefficients"": true, ""Light symmetry"": false, ""initial fit compare"": true, ""isophote variability"": true}, ""z"": {}}",13.043717454748347,True,success,WALLABY J131054-185747,9.755922604285004,0.15148915660011728,2,42,0.016420786540135093,0.0,0.010248084356886622,0.009093392121776844,False,0.000139718,0.00147379,,160.71341999999999,1280,5.49100548400694,3.2716747589557937
"{""g"": {}, ""r"": {""FFT coefficients"": true, ""Light symmetry"": false, ""initial fit compare"": true, ""isophote variability"": true}, ""z"": {}}",13.043717454748347,True,success,WALLABY J131054-185747,9.76617068864189,0.1490434127337424,2,42,0.0034493189953831395,2.7391806654971536,0.024002675356499026,0.1316607253044273,False,0.000163493,0.00142193,,194.24942,1536,5.500098876128717,3.2770928233822008
"{""g"": {}, ""r"": {""FFT coefficients"": true, ""Light symmetry"": false, ""initial fit compare"": true, ""isophote variability"": true}, ""z"": {}}",15.7828981202455,True,success,WALLABY J131054-185747,9.79017336399839,0.14710811410767605,2,44,0.007606080654377046,1.5782898120245523,0.010805411952762967,0.05050274779869923,False,0.000158704,0.00135485,,227.78542,1792,5.631759601433144,3.3555394891119854
"{""g"": {}, ""r"": {""FFT coefficients"": true, ""Light symmetry"": false, ""initial fit compare"": true, ""isophote variability"": true}, ""z"": {}}",17.361187932270052,True,success,WALLABY J131054-185747,9.800978775951153,0.14568699801574578,2,45,0.00243669226735759,1.5782898120245523,0.02174940217214605,0.056764530254693746,False,0.000148587,0.00130539,,261.32142000000005,2048,5.682262349231843,3.385630255859926
"{""g"": {}, ""r"": {""FFT coefficients"": true, ""Light symmetry"": false, ""initial fit compare"": true, ""isophote variability"": true}, ""z"": {}}",15.7828981202455,True,success,WALLABY J131054-185747,9.779229373779007,0.1520286254640471,2,44,0.0015279247433109676,2.7391806654971536,0.023619411999284523,0.14557560180787377,False,0.000151747,0.00128829,,294.85742000000005,2304,5.625497818977149,3.3518085666667217
"{""g"": {}, ""r"": {""FFT coefficients"": true, ""Light symmetry"": false, ""initial fit compare"": true, ""isophote variability"": true}, ""z"": {}}",13.043717454748347,True,success,WALLABY J131054-185747,9.755609961779722,0.1506137034816845,4,42,0.006275787187839297,4.317470477521706,0.03519234678236316,0.19861455186473798,False,0.000149776,0.00129168,,328.39342000000005,2560,5.479922217169276,3.2650710787254296
"{""g"": {}, ""r"": {""FFT coefficients"": true, ""Light symmetry"": false, ""initial fit compare"": true, ""isophote variability"": true}, ""z"": {}}",17.361187932270052,True,success,WALLABY J131054-185747,9.790802308562085,0.1487443351584412,4,45,0.002994014317159093,4.317470477521706,0.027206085113055778,0.1965235683241522,False,0.000157868,0.00128712,,361.92942000000005,2816,5.678536769034014,3.383410464469951
"{""g"": {}, ""r"": {""FFT coefficients"": true, ""Light symmetry"": false, ""initial fit compare"": true, ""isophote variability"": true}, ""z"": {}}",13.043717454748347,True,success,WALLABY J131054-185747,9.76359622344903,0.14777027092625605,4,42,,,,,,0.000154039,0.00127065,,395.46542000000005,3072,5.482013200709861,3.2663169376288765
,,,quality_fail,WALLABY J131103-144149,,,,,,,,,,,,common uncertainty aperture retains only 2 rows,,1024,,
,,,quality_fail,WALLABY J131103-144149,,,,,,,,,,,,common uncertainty aperture retains only 2 rows,,1280,,
,,,quality_fail,WALLABY J131103-144149,,,,,,,,,,,,common uncertainty aperture retains only 2 rows,,1536,,
,,,quality_fail,WALLABY J131103-144149,,,,,,,,,,,,common uncertainty aperture retains only 2 rows,,1792,,
,,,quality_fail,WALLABY J131103-144149,,,,,,,,,,,,common uncertainty aperture retains only 3 rows,,2048,,
,,,quality_fail,WALLABY J131103-144149,,,,,,,,,,,,common uncertainty aperture retains only 2 rows,,2304,,
,,,quality_fail,WALLABY J131103-144149,,,,,,,,,,,,common uncertainty aperture retains only 2 rows,,2560,,
,,,quality_fail,WALLABY J131103-144149,,,,,,,,,,,,common uncertainty aperture retains only 2 rows,,2816,,
,,,quality_fail,WALLABY J131103-144149,,,,,,,,,,,,common uncertainty aperture retains only 2 rows,,3072,,
"{""g"": {}, ""r"": {""FFT coefficients"": true, ""Light symmetry"": true, ""initial fit compare"": true, ""isophote variability"": true}, ""z"": {}}",10.779931780783755,True,success,WALLABY J131104-185724,9.732631252633169,0.1532272870883695,1,40,0.04675078842796177,0.0,0.008557890043077165,0.009928893604565392,False,0.00014146,0.00145648,,132.37812,1024,3.6955290998180907,2.2018862141144044
"{""g"": {}, ""r"": {""FFT coefficients"": true, ""Light symmetry"": true, ""initial fit compare"": true, ""isophote variability"": true}, ""z"": {}}",10.779931780783755,True,success,WALLABY J131104-185724,9.724073362590092,0.15677693895715472,1,40,0.0007899109307329798,0.0,0.003294214066606571,0.009258099208995674,True,0.000209873,0.00147023,,165.91412,1280,3.6856002062135254,2.1959703375622817
"{""g"": {}, ""r"": {""FFT coefficients"": true, ""Light symmetry"": true, ""initial fit compare"": true, ""isophote variability"": true}, ""z"": {}}",10.779931780783755,True,success,WALLABY J131104-185724,9.720779148523485,0.15839625640464042,1,40,,,,,,0.000208713,0.00146681,,199.45012,1536,3.694858305422521,2.2014865384814395
"{""g"": {}, ""r"": {""FFT coefficients"": true, ""Light symmetry"": true, ""initial fit compare"": true, ""isophote variability"": true}, ""z"": {}}",9.799937982530686,True,success,WALLABY J131113+065134,8.206488385537726,0.1935451254294802,2,39,0.004528052636116036,0.0,0.003535116040426445,0.0939577482153302,True,9.82261e-05,0.00432707,,124.53384000000001,1024,4.560710365182526,2.71738227691358
"{""g"": {}, ""r"": {""FFT coefficients"": true, ""Light symmetry"": true, ""initial fit compare"": true, ""isophote variability"": true}, ""z"": {}}",9.799937982530686,True,success,WALLABY J131113+065134,8.2029532694973,0.18264386446120873,3,39,,,,,,0.000117661,0.00425715,,158.06984000000003,1280,4.466752616967196,2.661399962902103
,,,quality_fail,WALLABY J131122+032431,,,,,,,,,,,,invalid retained r cumulative row 0,,1024,,
,,,quality_fail,WALLABY J131122+032431,,,,,,,,,,,,invalid retained r cumulative row 0,,1280,,
,,,quality_fail,WALLABY J131122+032431,,,,,,,,,,,,invalid retained r cumulative row 0,,1536,,
,,,quality_fail,WALLABY J131122+032431,,,,,,,,,,,,invalid retained r cumulative row 0,,1792,,
,,,quality_fail,WALLABY J131122+032431,,,,,,,,,,,,invalid retained r cumulative row 0,,2048,,
,,,quality_fail,WALLABY J131122+032431,,,,,,,,,,,,invalid retained r cumulative row 0,,2304,,
,,,quality_fail,WALLABY J131122+032431,,,,,,,,,,,,invalid retained r cumulative row 0,,2560,,
,,,quality_fail,WALLABY J131122+032431,,,,,,,,,,,,invalid retained r cumulative row 0,,2816,,
,,,quality_fail,WALLABY J131122+032431,,,,,,,,,,,,invalid retained r cumulative row 0,,3072,,
"{""g"": {}, ""r"": {""FFT coefficients"": true, ""Light symmetry"": true, ""initial fit compare"": true, ""isophote variability"": true}, ""z"": {}}",25.41851525163659,True,success,WALLABY J131124-104927,8.831593090415133,0.17240356565027531,1,49,0.003994116187458139,0.0,0.003219991135022582,0.025864815944531827,True,0.000192377,0.00306735,,130.50744,1024,7.6286140205804225,4.545313970208684
"{""g"": {}, ""r"": {""FFT coefficients"": true, ""Light symmetry"": true, ""initial fit compare"": true, ""isophote variability"": true}, ""z"": {}}",25.41851525163659,True,success,WALLABY J131124-104927,8.834813081550156,0.17579882987912276,1,49,,,,,,0.000204691,0.00309872,,164.04344,1280,7.654478836524954,4.560724857288879
"{""g"": {}, ""r"": {""FFT coefficients"": true, ""Light symmetry"": true, ""initial fit compare"": true, ""isophote variability"": true}, ""z"": {}}",0.6177822950420006,True,success,WALLABY J131132-144033,4.12766846362704,0.832382363777154,1,10,0.007901754490950777,0.2341880950420004,0.27453145011254776,0.15216575064616356,False,-2.29472e-05,0.00698011,,132.74754,1024,0.47632906941355874,0.28380845692035966
"{""g"": {}, ""r"": {""FFT coefficients"": true, ""Light symmetry"": true, ""initial fit compare"": true, ""isophote variability"": true}, ""z"": {}}",0.38359420000000016,True,success,WALLABY J131132-144033,4.4021999137395875,0.38565356967298636,1,5,0.002384775610085342,40.55317879791326,3.360738705063442,19.073900133325942,False,2.98703e-05,0.00638844,,166.27568,1280,0.3241633187673952,0.1931443978483718
"{""g"": {}, ""r"": {""FFT coefficients"": true, ""Light symmetry"": true, ""initial fit compare"": true, ""isophote variability"": true}, ""z"": {}}",40.93677299791326,True,success,WALLABY J131132-144033,7.762938618803029,0.18776157995662018,2,54,0.0037363262846237372,4.093677299791331,0.007720058920896555,1.3844390078754714,False,4.50633e-05,0.00635322,,199.81168,1536,19.39806345209334,11.557838496734682
"{""g"": {}, ""r"": {""FFT coefficients"": true, ""Light symmetry"": true, ""initial fit compare"": true, ""isophote variability"": true}, ""z"": {}}",45.03045029770459,True,success,WALLABY J131132-144033,7.770658677723926,0.188997613645763,3,55,0.0011444225485475197,0.0,0.027229381081950166,0.25469298206105506,False,2.16288e-05,0.00619092,,232.4333,1792,20.78250245996881,12.382720965086312
"{""g"": {}, ""r"": {""FFT coefficients"": true, ""Light symmetry"": true, ""initial fit compare"": true, ""isophote variability"": true}, ""z"": {}}",45.03045029770459,True,success,WALLABY J131132-144033,7.797888058805876,0.19016047621304488,3,55,9.125109008969778e-05,7.815202117783443,0.042188156793126375,2.7111932419474662,False,1.45583e-05,0.00616553,,266.89154,2048,21.037195442029866,12.53447324490452
"{""g"": {}, ""r"": {""FFT coefficients"": true, ""Light symmetry"": true, ""initial fit compare"": true, ""isophote variability"": true}, ""z"": {}}",37.21524817992115,True,success,WALLABY J131132-144033,7.75569990201275,0.1860561021408829,3,53,0.0009824733994796908,3.721524817992112,0.03647460129936775,1.3185441343118072,False,1.51134e-05,0.0060009,,299.43456000000003,2304,18.3260022000824,10.919078300906348
"{""g"": {}, ""r"": {""FFT coefficients"": true, ""Light symmetry"": true, ""initial fit compare"": true, ""isophote variability"": true}, ""z"": {}}",40.93677299791326,True,success,WALLABY J131132-144033,7.7921745033121175,0.17724648601271367,4,54,0.0003789809594347012,17.829031860061814,0.024138865914816954,7.731436947207804,False,9.34102e-06,0.00574981,,333.96354,2560,19.644546334394207,11.704698999221371
"{""g"": {}, ""r"": {""FFT coefficients"": true, ""Light symmetry"": true, ""initial fit compare"": true, ""isophote variability"": true}, ""z"": {}}",23.107741137851445,True,success,WALLABY J131132-144033,7.816313369226934,0.1633984628143109,4,48,0.000353715502063299,0.0,0.0007717364367403334,0.23210517743572545,True,7.20215e-06,0.00553767,,367.49954,2816,11.913109387186402,7.098120625859462
"{""g"": {}, ""r"": {""FFT coefficients"": true, ""Light symmetry"": true, ""initial fit compare"": true, ""isophote variability"": true}, ""z"": {}}",23.107741137851445,True,success,WALLABY J131132-144033,7.817085105663675,0.17599922703940515,4,48,,,,,,5.27954e-06,0.00533327,,401.03554,3072,12.145214564622128,7.236414541728088
"{""g"": {}, ""r"": {""FFT coefficients"": false, ""Light symmetry"": true, ""initial fit compare"": true, ""isophote variability"": true}, ""z"": {}}",59.93552934624482,True,success,WALLABY J131142-103858,10.728531837430086,0.1305518799947075,2,58,0.013210914795669066,0.0,0.012623362944339078,0.25268400473066155,False,0.000150539,0.0029433,,132.19472,1024,6.80871604595438,4.056798794560827
"{""g"": {}, ""r"": {""FFT coefficients"": true, ""Light symmetry"": true, ""initial fit compare"": true, ""isophote variability"": true}, ""z"": {}}",59.93552934624482,True,success,WALLABY J131142-103858,10.741155200374426,0.13761435867920938,2,58,0.004509177120562733,5.448684486022259,0.0048751070142536435,0.01813703694026092,False,0.000189065,0.00288915,,165.73072,1280,7.061400050685042,4.207354076772257
"{""g"": {}, ""r"": {""FFT coefficients"": true, ""Light symmetry"": true, ""initial fit compare"": true, ""isophote variability"": true}, ""z"": {}}",54.48684486022256,True,success,WALLABY J131142-103858,10.736280093360172,0.13366393811021968,2,57,0.005507938062961074,5.448684486022259,0.009824119972654088,0.1823402545316073,False,0.000201732,0.00272917,,199.26672,1536,7.079537087625303,4.218160564970552
"{""g"": {}, ""r"": {""FFT coefficients"": true, ""Light symmetry"": true, ""initial fit compare"": true, ""isophote variability"": true}, ""z"": {}}",59.93552934624482,True,success,WALLABY J131142-103858,10.746104213332826,0.1344510157678797,2,58,0.0026305106460635438,0.0,0.00640091198771664,0.1364912887539962,True,0.000186833,0.00268084,,232.80272,1792,7.26187734215691,4.32680332812753
"{""g"": {}, ""r"": {""FFT coefficients"": true, ""Light symmetry"": true, ""initial fit compare"": true, ""isophote variability"": true}, ""z"": {}}",59.93552934624482,True,success,WALLABY J131142-103858,10.73970330134511,0.13439668921520442,2,58,,,,,,0.000193896,0.00268922,,266.33872,2048,7.125386053402914,4.245478495082939
"{""g"": {}, ""r"": {""FFT coefficients"": true, ""Light symmetry"": true, ""initial fit compare"": true, ""isophote variability"": true}, ""z"": {}}",33.83204379992831,True,success,WALLABY J131145+075645,10.569290215037046,0.15392789666286208,1,52,0.014206488762142349,0.0,0.013640355871537224,0.08816607739355842,False,9.15204e-05,0.005688,,125.77571999999999,1024,5.728594103041176,3.4132358428362357
"{""g"": {}, ""r"": {""FFT coefficients"": true, ""Light symmetry"": true, ""initial fit compare"": true, ""isophote variability"": true}, ""z"": {}}",33.83204379992831,True,success,WALLABY J131145+075645,10.55564985916551,0.1547493460216644,2,52,0.0068873879059324515,3.0756403454480257,0.013293774437123318,0.2720000408566454,False,0.000172272,0.00568027,,159.31171999999998,1280,5.640428025647617,3.3607043473123674
"{""g"": {}, ""r"": {""FFT coefficients"": true, ""Light symmetry"": true, ""initial fit compare"": true, ""isophote variability"": true}, ""z"": {}}",30.75640345448028,True,success,WALLABY J131145+075645,10.542356084728386,0.1479282971690161,2,51,0.004662707488149535,3.0756403454480257,0.002858315210430007,0.26152810993542275,False,0.000210862,0.00552572,,192.84771999999998,1536,5.368427984790972,3.1986401004822493
"{""g"": {}, ""r"": {""FFT coefficients"": true, ""Light symmetry"": true, ""initial fit compare"": true, ""isophote variability"": true}, ""z"": {}}",33.83204379992831,True,success,WALLABY J131145+075645,10.545214399938816,0.15673957848711503,2,52,0.00842808519125969,3.0756403454480257,0.004185676464713239,0.1543557884853497,False,0.000185887,0.00518694,,226.38371999999998,1792,5.629956094726395,3.3544649159054454
"{""g"": {}, ""r"": {""FFT coefficients"": true, ""Light symmetry"": true, ""initial fit compare"": true, ""isophote variability"": true}, ""z"": {}}",30.75640345448028,True,success,WALLABY J131145+075645,10.54940007640353,0.15460564863599213,4,51,0.0018674502796527412,0.0,0.00016731960004534585,0.00713366572051477,True,0.00014321,0.00494039,,259.91972,2048,5.475600306241045,3.262495978967192
"{""g"": {}, ""r"": {""FFT coefficients"": true, ""Light symmetry"": true, ""initial fit compare"": true, ""isophote variability"": true}, ""z"": {}}",30.75640345448028,True,success,WALLABY J131145+075645,10.549567396003575,0.15448102946947145,4,51,,,,,,0.00015225,0.00474126,,293.45572,2304,5.46846664052053,3.2582455672448556
"{""g"": {}, ""r"": {""FFT coefficients"": true, ""Light symmetry"": true, ""initial fit compare"": true, ""isophote variability"": true}, ""z"": {}}",106.17944630416288,True,success,WALLABY J131145-191544,10.628289674999163,0.14892489099618197,2,64,0.051303313923356,10.61794463041629,0.005509554249066184,0.10050806406844259,False,0.000235861,0.00134915,,130.89520000000002,1024,19.47945890866518,11.60633589152611
"{""g"": {}, ""r"": {""FFT coefficients"": true, ""Light symmetry"": true, ""initial fit compare"": true, ""isophote variability"": true}, ""z"": {}}",116.79739093457917,True,success,WALLABY J131145-191544,10.633799229248229,0.14821239964768015,2,65,0.028487465370907152,0.0,0.00043268943962893047,0.079886262167296,False,0.000168549,0.00127493,,164.43120000000002,1280,19.579966972733622,11.666221043205885
"{""g"": {}, ""r"": {""FFT coefficients"": true, ""Light symmetry"": true, ""initial fit compare"": true, ""isophote variability"": true}, ""z"": {}}",116.79739093457917,True,success,WALLABY J131145-191544,10.634231918687858,0.14766608775374307,2,65,0.019634190298163393,0.0,0.00023788747971842383,0.059174594411274484,False,0.000204077,0.00121936,,197.96720000000002,1536,19.500080710566326,11.618622863185612
"{""g"": {}, ""r"": {""FFT coefficients"": true, ""Light symmetry"": true, ""initial fit compare"": true, ""isophote variability"": true}, ""z"": {}}",116.79739093457917,True,success,WALLABY J131145-191544,10.63399403120814,0.14778586412913983,2,65,0.015338374113558463,0.0,0.0041759272068411235,0.010969367462493551,False,0.000180654,0.00116658,,231.50320000000002,1792,19.5592553049776,11.65388052728205
"{""g"": {}, ""r"": {""FFT coefficients"": true, ""Light symmetry"": true, ""initial fit compare"": true, ""isophote variability"": true}, ""z"": {}}",116.79739093457917,True,success,WALLABY J131145-191544,10.63816995841498,0.14643836916740588,2,65,0.0010651057503885284,0.0,0.003918566551732283,0.01838792773756026,True,0.000162691,0.00117565,,265.0392,2048,19.548285937515107,11.647344711072563
"{""g"": {}, ""r"": {""FFT coefficients"": true, ""Light symmetry"": true, ""initial fit compare"": true, ""isophote variability"": true}, ""z"": {}}",116.79739093457917,True,success,WALLABY J131145-191544,10.634251391863248,0.14449229559478655,2,65,,,,,,0.00016143,0.00119219,,298.5752,2304,19.566673865252667,11.658300686116423
"{""g"": {}, ""r"": {""FFT coefficients"": true, ""Light symmetry"": true, ""initial fit compare"": true, ""isophote variability"": true}, ""z"": {}}",15.7828981202455,True,success,WALLABY J131150-141025,9.957638032559013,0.14760562377276018,1,44,0.0013728038833994535,1.4348089200223182,0.004746845811990141,0.022710023653567113,False,0.000135552,0.00998033,,121.11998,1024,5.680473699496682,3.3845645347987863
"{""g"": {}, ""r"": {""FFT coefficients"": true, ""Light symmetry"": true, ""initial fit compare"": true, ""isophote variability"": true}, ""z"": {}}",14.348089200223182,True,success,WALLABY J131150-141025,9.952891186747022,0.15632907851518618,1,43,0.004273278678726013,1.4348089200223182,0.016390419100224207,0.038926296493501766,False,0.000122181,0.00949951,,154.65598,1280,5.703183723150249,3.398095719821105
"{""g"": {}, ""r"": {""FFT coefficients"": true, ""Light symmetry"": true, ""initial fit compare"": true, ""isophote variability"": true}, ""z"": {}}",15.7828981202455,True,success,WALLABY J131150-141025,9.969281605847247,0.15841850492065845,2,44,0.008519905490666242,1.4348089200223182,0.004618867113078906,0.05134824822560091,False,8.1787e-05,0.00940588,,188.19198,1536,5.742110019643751,3.4212889550251764
"{""g"": {}, ""r"": {""FFT coefficients"": true, ""Light symmetry"": true, ""initial fit compare"": true, ""isophote variability"": true}, ""z"": {}}",14.348089200223182,True,success,WALLABY J131150-141025,9.964662738734168,0.15688026053497872,4,43,0.000687681739245422,1.4348089200223182,0.01575369113936631,0.10840082032214138,False,6.53076e-06,0.0082601,,221.72798,1792,5.69076177141815,3.3906944185371697
"{""g"": {}, ""r"": {""FFT coefficients"": true, ""Light symmetry"": true, ""initial fit compare"": true, ""isophote variability"": true}, ""z"": {}}",15.7828981202455,True,success,WALLABY J131150-141025,9.980416429873534,0.16528277714005307,4,44,2.3933846653355266e-05,0.0,0.014698875354399732,0.02490909079062309,True,1.43433e-06,0.00656196,,255.26398,2048,5.799162591740291,3.455282266560817
"{""g"": {}, ""r"": {""FFT coefficients"": true, ""Light symmetry"": true, ""initial fit compare"": true, ""isophote variability"": true}, ""z"": {}}",15.7828981202455,True,success,WALLABY J131150-141025,9.965717554519134,0.15830590704990052,4,44,,,,,,1.28174e-06,0.00618902,,288.79998,2304,5.8240716825309145,3.4701237093249118
,,,quality_fail,WALLABY J131157-120351,,,,,,,,,,,,r-band AutoProf outputs missing,,1024,,
,,,quality_fail,WALLABY J131157-120351,,,,,,,,,,,,r-band AutoProf outputs missing,,1280,,
,,,quality_fail,WALLABY J131157-120351,,,,,,,,,,,,r-band AutoProf outputs missing,,1536,,
"{""g"": {}, ""r"": {""FFT coefficients"": true, ""Light symmetry"": false, ""initial fit compare"": true, ""isophote variability"": true}, ""z"": {}}",59.93552934624482,True,success,WALLABY J131208+025916,8.763940351895672,0.15662948709130675,2,58,0.0002926921168321296,0.0,0.012290069279451643,0.3362835653914118,True,0.000139951,0.00525374,,132.90474,1024,23.111459548998415,13.77037030272804
"{""g"": {}, ""r"": {""FFT coefficients"": true, ""Light symmetry"": true, ""initial fit compare"": true, ""isophote variability"": true}, ""z"": {}}",59.93552934624482,True,success,WALLABY J131208+025916,8.75165028261622,0.15921537951151343,2,58,,,,,,0.000138444,0.00504377,,166.44074,1280,22.775175983607003,13.570004366844856
"{""g"": {}, ""r"": {""FFT coefficients"": true, ""Light symmetry"": true, ""initial fit compare"": true, ""isophote variability"": true}, ""z"": {}}",17.361187932270052,True,success,WALLABY J131222-143329,8.931984061827206,0.17602594634162036,1,45,0.00017974063438679828,0.0,0.012224640420342325,0.15410642334359714,True,1.46484e-06,0.0069618,,130.85066,1024,7.703150529110412,4.589724636759378
"{""g"": {}, ""r"": {""FFT coefficients"": true, ""Light symmetry"": true, ""initial fit compare"": true, ""isophote variability"": true}, ""z"": {}}",17.361187932270052,True,success,WALLABY J131222-143329,8.919759421406864,0.16734522023012807,2,45,,,,,,-3.05176e-08,0.00967726,,164.38666,1280,7.549044105766815,4.4979042776439675
,,,quality_fail,WALLABY J131244-155218,,,,,,,,,,,,r-band AutoProf outputs missing,,1024,,
,,,quality_fail,WALLABY J131244-155218,,,,,,,,,,,,r-band AutoProf outputs missing,,1280,,
,,,quality_fail,WALLABY J131244-155218,,,,,,,,,,,,r-band AutoProf outputs missing,,1536,,
,,,quality_fail,WALLABY J131244-155218,,,,,,,,,,,,common uncertainty aperture retains only 0 rows,,1792,,
,,,quality_fail,WALLABY J131244-155218,,,,,,,,,,,,common uncertainty aperture retains only 0 rows,,2048,,
,,,quality_fail,WALLABY J131244-155218,,,,,,,,,,,,r-band AutoProf outputs missing,,2304,,
,,,quality_fail,WALLABY J131244-155218,,,,,,,,,,,,r-band AutoProf outputs missing,,2560,,
,,,quality_fail,WALLABY J131244-155218,,,,,,,,,,,,common uncertainty aperture retains only 0 rows,,2816,,
,,,quality_fail,WALLABY J131244-155218,,,,,,,,,,,,common uncertainty aperture retains only 0 rows,,3072,,
"{""g"": {}, ""r"": {""FFT coefficients"": true, ""Light symmetry"": true, ""initial fit compare"": true, ""isophote variability"": true}, ""z"": {}}",21.007037398046766,True,success,WALLABY J131248-173738,10.34195514059829,0.12969303854347558,2,47,4.2546665498203503e-05,0.0,0.005492435198362955,0.03040356848622583,True,1.51062e-06,0.00227625,,130.46290000000002,1024,5.173821916179112,3.0826890666558486
"{""g"": {}, ""r"": {""FFT coefficients"": true, ""Light symmetry"": true, ""initial fit compare"": true, ""isophote variability"": true}, ""z"": {}}",21.007037398046766,True,success,WALLABY J131248-173738,10.347447575796654,0.13105952573738067,2,47,,,,,,1.61743e-06,0.00274459,,163.99890000000002,1280,5.204225484665338,3.1008042530071074
"{""g"": {}, ""r"": {""FFT coefficients"": true, ""Light symmetry"": true, ""initial fit compare"": true, ""isophote variability"": true}, ""z"": {}}",11.857924958862132,True,success,WALLABY J131251-183142,8.674342305472841,0.16145485219870276,1,41,0.007934842563578976,1.0779931780783762,0.011956253833005803,0.036524706529724504,False,0.00014613,0.00212043,,129.9127,1024,3.626079928840936,2.160506707141019
"{""g"": {}, ""r"": {""FFT coefficients"": true, ""Light symmetry"": true, ""initial fit compare"": true, ""isophote variability"": true}, ""z"": {}}",10.779931780783755,True,success,WALLABY J131251-183142,8.662386051639835,0.16377860379753706,1,40,0.014476485298082195,0.0,0.0019897996414961483,0.008571957995877622,False,0.000129227,0.00214002,,163.4487,1280,3.5895552223112115,2.138744397709784
"{""g"": {}, ""r"": {""FFT coefficients"": true, ""Light symmetry"": true, ""initial fit compare"": true, ""isophote variability"": true}, ""z"": {}}",10.779931780783755,True,success,WALLABY J131251-183142,8.660396251998339,0.1610218686138743,2,40,0.013863576083661708,0.0,7.593986011578124e-05,0.00988749588347071,False,0.000160372,0.00216282,,196.9847,1536,3.580983264315334,2.133637016431141
"{""g"": {}, ""r"": {""FFT coefficients"": true, ""Light symmetry"": true, ""initial fit compare"": true, ""isophote variability"": true}, ""z"": {}}",10.779931780783755,True,success,WALLABY J131251-183142,8.660320312138223,0.16222986354886468,2,40,0.011639813802553538,0.0,0.0014067265405515172,0.010181670967742473,False,0.000131101,0.0020599,,230.5207,1792,3.5908707601988046,2.13952822721311
"{""g"": {}, ""r"": {""FFT coefficients"": true, ""Light symmetry"": true, ""initial fit compare"": true, ""isophote variability"": true}, ""z"": {}}",10.779931780783755,True,success,WALLABY J131251-183142,8.661727038678775,0.16205061797130516,2,40,0.00643776385847231,0.9799937982530693,0.008772207775875174,0.025776158708803898,False,0.000107571,0.00198312,,264.0567,2048,3.580689089231062,2.1334617397535403
"{""g"": {}, ""r"": {""FFT coefficients"": true, ""Light symmetry"": true, ""initial fit compare"": true, ""isophote variability"": true}, ""z"": {}}",9.799937982530686,True,success,WALLABY J131251-183142,8.6529548309029,0.16307719864666603,2,39,0.002712888564768389,0.0,0.0025252956136778693,0.0088299222623478,True,0.000120182,0.0019347,,297.5927,2304,3.554912930522258,2.118103676812963
"{""g"": {}, ""r"": {""FFT coefficients"": true, ""Light symmetry"": true, ""initial fit compare"": true, ""isophote variability"": true}, ""z"": {}}",9.799937982530686,True,success,WALLABY J131251-183142,8.655480126516577,0.1599101597603288,2,39,,,,,,0.000114974,0.00190475,,331.1287,2560,3.5460830082599104,2.1128425941436038
"{""g"": {}, ""r"": {""FFT coefficients"": true, ""Light symmetry"": true, ""initial fit compare"": true, ""isophote variability"": true}, ""z"": {}}",45.03045029770459,True,success,WALLABY J131253-105339,9.503562829138447,0.1513060079344288,2,55,0.0035052623314022723,11.198406497776283,0.018290551781513287,0.24028168624737667,False,0.000148992,0.00287761,,127.91102,1024,10.576682978472443,6.301845233069146
"{""g"": {}, ""r"": {""FFT coefficients"": true, ""Light symmetry"": true, ""initial fit compare"": true, ""isophote variability"": true}, ""z"": {}}",33.83204379992831,True,success,WALLABY J131253-105339,9.485272277356934,0.15515506854445574,2,52,0.002084490040232551,0.0,0.0009894863475619076,0.04005879662268086,True,0.000138724,0.00298101,,161.44702,1280,10.336401292225066,6.1586795541739905
"{""g"": {}, ""r"": {""FFT coefficients"": true, ""Light symmetry"": true, ""initial fit compare"": true, ""isophote variability"": true}, ""z"": {}}",33.83204379992831,True,success,WALLABY J131253-105339,9.486261763704496,0.1565114016075617,2,52,,,,,,0.000144975,0.00301662,,194.98302,1536,10.296342495602385,6.134811547819546
,,,quality_fail,WALLABY J131312-182434,,,,,,,,,,,,r-band AutoProf outputs missing,,1024,,
,,,quality_fail,WALLABY J131312-182434,,,,,,,,,,,,r-band AutoProf outputs missing,,1280,,
,,,quality_fail,WALLABY J131312-182434,,,,,,,,,,,,r-band AutoProf outputs missing,,1536,,
,,,quality_fail,WALLABY J131312-182434,,,,,,,,,,,,r-band AutoProf outputs missing,,1792,,
,,,quality_fail,WALLABY J131312-182434,,,,,,,,,,,,r-band AutoProf outputs missing,,2048,,
,,,quality_fail,WALLABY J131312-182434,,,,,,,,,,,,r-band AutoProf outputs missing,,2304,,
,,,quality_fail,WALLABY J131312-182434,,,,,,,,,,,,r-band AutoProf outputs missing,,2560,,
,,,quality_fail,WALLABY J131312-182434,,,,,,,,,,,,r-band AutoProf outputs missing,,2816,,
,,,quality_fail,WALLABY J131312-182434,,,,,,,,,,,,r-band AutoProf outputs missing,,3072,,
"{""g"": {}, ""r"": {""FFT coefficients"": true, ""Light symmetry"": true, ""initial fit compare"": true, ""isophote variability"": true}, ""z"": {}}",49.53349532747505,True,success,WALLABY J131321-185558,9.858908755925617,0.15481484958651873,1,56,0.040033557822837136,0.0,0.010502822210280982,0.08870825740579669,False,0.000174524,0.00151502,,126.68486,1024,11.669190850801087,6.952788023104358
"{""g"": {}, ""r"": {""FFT coefficients"": true, ""Light symmetry"": true, ""initial fit compare"": true, ""isophote variability"": true}, ""z"": {}}",49.53349532747505,True,success,WALLABY J131321-185558,9.848405933715336,0.15234063640662066,1,56,0.0036590781058422,0.0,0.0014248499355353772,0.04657517868874983,True,0.000235127,0.00151259,,160.22086,1280,11.58048259339529,6.899933483528536
"{""g"": {}, ""r"": {""FFT coefficients"": true, ""Light symmetry"": true, ""initial fit compare"": true, ""isophote variability"": true}, ""z"": {}}",49.53349532747505,True,success,WALLABY J131321-185558,9.849830783650871,0.15380722423343213,1,56,,,,,,0.000240648,0.00150511,,193.75686,1536,11.62705777208404,6.92768410897476
"{""g"": {}, ""r"": {""FFT coefficients"": true, ""Light symmetry"": true, ""initial fit compare"": true, ""isophote variability"": true}, ""z"": {}}",15.7828981202455,True,success,WALLABY J131327-204640,10.245157678845512,0.13853811316991393,1,44,0.00021026102353209622,1.5782898120245523,0.010520214533412897,0.04497042917906402,False,0.000112981,0.00280868,,126.05082,1024,6.645423450314615,3.9595050903321534
"{""g"": {}, ""r"": {""FFT coefficients"": true, ""Light symmetry"": true, ""initial fit compare"": true, ""isophote variability"": true}, ""z"": {}}",17.361187932270052,True,success,WALLABY J131327-204640,10.255677893378925,0.13799324398962584,1,45,0.020608410368147194,0.0,0.0015199781513359767,0.014293710429162942,False,0.000112392,0.00279388,,159.58682000000002,1280,6.690393879493679,3.986299566949064
"{""g"": {}, ""r"": {""FFT coefficients"": true, ""Light symmetry"": true, ""initial fit compare"": true, ""isophote variability"": true}, ""z"": {}}",17.361187932270052,True,success,WALLABY J131327-204640,10.257197871530261,0.13920060361038503,1,45,0.009835499182942962,0.0,0.001132371342068339,0.00619228039719566,True,5.45072e-05,0.00282371,,193.12282000000002,1536,6.704687589922842,3.994816107637126
"{""g"": {}, ""r"": {""FFT coefficients"": true, ""Light symmetry"": true, ""initial fit compare"": true, ""isophote variability"": true}, ""z"": {}}",17.361187932270052,True,success,WALLABY J131327-204640,10.25833024287233,0.13861250149161497,2,45,,,,,,2.60681e-05,0.00295924,,226.65882000000002,1792,6.710879870320038,3.9985056190635646
"{""g"": {}, ""r"": {""FFT coefficients"": false, ""Light symmetry"": false, ""initial fit compare"": true, ""isophote variability"": false}, ""z"": {}}",9.799937982530686,True,success,WALLABY J131344-175928,8.802852614758784,0.3690741891468327,1,39,0.0,0.0,0.020062715952283483,0.02472767833419809,False,0.00025,0.000249974,,128.07084,1024,4.451751469280584,2.6524619138718104
"{""g"": {}, ""r"": {""FFT coefficients"": false, ""Light symmetry"": false, ""initial fit compare"": true, ""isophote variability"": false}, ""z"": {}}",9.799937982530686,True,success,WALLABY J131344-175928,8.822915330711067,0.3739450314945905,1,39,0.0,0.0,0.010368774983476214,0.0014727914081795745,True,0.00025,0.000249974,,161.60684000000003,1280,4.476479147614782,2.66719526667745
"{""g"": {}, ""r"": {""FFT coefficients"": false, ""Light symmetry"": false, ""initial fit compare"": true, ""isophote variability"": false}, ""z"": {}}",9.799937982530686,True,success,WALLABY J131344-175928,8.812546555727591,0.3842718989445385,1,39,,,,,,0.00025,0.000249939,,195.14284000000004,1536,4.4750063562066025,2.666317741697848
,,,quality_fail,WALLABY J131346-144345,,,,,,,,,,,,r-band AutoProf outputs missing,,1024,,
,,,quality_fail,WALLABY J131346-144345,,,,,,,,,,,,r-band AutoProf outputs missing,,1280,,
,,,quality_fail,WALLABY J131346-144345,,,,,,,,,,,,r-band AutoProf outputs missing,,1536,,
,,,quality_fail,WALLABY J131346-144345,,,,,,,,,,,,r-band AutoProf outputs missing,,1792,,
,,,quality_fail,WALLABY J131346-144345,,,,,,,,,,,,r-band AutoProf outputs missing,,2048,,
,,,quality_fail,WALLABY J131346-144345,,,,,,,,,,,,r-band AutoProf outputs missing,,2304,,
,,,quality_fail,WALLABY J131346-144345,,,,,,,,,,,,r-band AutoProf outputs missing,,2560,,
,,,quality_fail,WALLABY J131346-144345,,,,,,,,,,,,r-band AutoProf outputs missing,,2816,,
,,,quality_fail,WALLABY J131346-144345,,,,,,,,,,,,r-band AutoProf outputs missing,,3072,,
,,,quality_fail,WALLABY J131352-204405,,,,,,,,,,,,common uncertainty aperture retains only 0 rows,,1024,,
,,,quality_fail,WALLABY J131352-204405,,,,,,,,,,,,common uncertainty aperture retains only 0 rows,,1280,,
,,,quality_fail,WALLABY J131352-204405,,,,,,,,,,,,common uncertainty aperture retains only 0 rows,,1536,,
,,,quality_fail,WALLABY J131352-204405,,,,,,,,,,,,common uncertainty aperture retains only 0 rows,,1792,,
,,,quality_fail,WALLABY J131352-204405,,,,,,,,,,,,common uncertainty aperture retains only 0 rows,,2048,,
,,,quality_fail,WALLABY J131352-204405,,,,,,,,,,,,common uncertainty aperture retains only 0 rows,,2304,,
,,,quality_fail,WALLABY J131352-204405,,,,,,,,,,,,common uncertainty aperture retains only 0 rows,,2560,,
,,,quality_fail,WALLABY J131352-204405,,,,,,,,,,,,common uncertainty aperture retains only 0 rows,,2816,,
,,,quality_fail,WALLABY J131352-204405,,,,,,,,,,,,common uncertainty aperture retains only 0 rows,,3072,,
,,,quality_fail,WALLABY J131415-141108,,,,,,,,,,,,r-band AutoProf outputs missing,,1024,,
,,,quality_fail,WALLABY J131415-141108,,,,,,,,,,,,r-band AutoProf outputs missing,,1280,,
,,,quality_fail,WALLABY J131415-141108,,,,,,,,,,,,r-band AutoProf outputs missing,,1536,,
"{""g"": {}, ""r"": {""FFT coefficients"": true, ""Light symmetry"": true, ""initial fit compare"": true, ""isophote variability"": true}, ""z"": {}}",72.52199050895625,True,success,WALLABY J131431-105651,8.411251899303068,0.16906149673433554,1,60,0.0036181916135101183,0.0,0.00919396458089139,0.04013664149904983,True,0.0001836,0.00297886,,132.5196,1024,21.968826859336236,13.089561926117648
"{""g"": {}, ""r"": {""FFT coefficients"": true, ""Light symmetry"": true, ""initial fit compare"": true, ""isophote variability"": true}, ""z"": {}}",72.52199050895625,True,success,WALLABY J131431-105651,8.420445863883959,0.16387834004030116,1,60,,,,,,0.000172888,0.00294233,,166.0556,1280,22.008963500835286,13.113476314344751
,,,quality_fail,WALLABY J131434-145005,,,,,,,,,,,,r-band AutoProf outputs missing,,1024,,
,,,quality_fail,WALLABY J131434-145005,,,,,,,,,,,,r-band AutoProf outputs missing,,1280,,
,,,quality_fail,WALLABY J131434-145005,,,,,,,,,,,,r-band AutoProf outputs missing,,1536,,
,,,quality_fail,WALLABY J131434-145005,,,,,,,,,,,,r-band AutoProf outputs missing,,1792,,
,,,quality_fail,WALLABY J131434-145005,,,,,,,,,,,,r-band AutoProf outputs missing,,2048,,
,,,quality_fail,WALLABY J131434-145005,,,,,,,,,,,,r-band AutoProf outputs missing,,2304,,
,,,quality_fail,WALLABY J131434-145005,,,,,,,,,,,,r-band AutoProf outputs missing,,2560,,
,,,quality_fail,WALLABY J131434-145005,,,,,,,,,,,,r-band AutoProf outputs missing,,2816,,
,,,quality_fail,WALLABY J131434-145005,,,,,,,,,,,,r-band AutoProf outputs missing,,3072,,
"{""g"": {}, ""r"": {""FFT coefficients"": true, ""Light symmetry"": true, ""initial fit compare"": true, ""isophote variability"": true}, ""z"": {}}",30.75640345448028,True,success,WALLABY J131441-184647,10.356555115587508,0.15402648441654168,2,51,0.01575875278776691,3.0756403454480257,0.004357194875325376,0.06813788335395721,False,0.000212517,0.00192303,,129.95462,1024,10.830727812890583,6.45321133074101
"{""g"": {}, ""r"": {""FFT coefficients"": true, ""Light symmetry"": true, ""initial fit compare"": true, ""isophote variability"": true}, ""z"": {}}",33.83204379992831,True,success,WALLABY J131441-184647,10.360912310462833,0.153403696170528,2,52,0.02381449854651163,3.0756403454480257,0.013607442834612016,0.10321248563074548,False,0.000182981,0.00182549,,163.49062,1280,10.762589929536626,6.412613120859941
"{""g"": {}, ""r"": {""FFT coefficients"": true, ""Light symmetry"": true, ""initial fit compare"": true, ""isophote variability"": true}, ""z"": {}}",30.75640345448028,True,success,WALLABY J131441-184647,10.347304867628221,0.15089336776044773,2,51,0.015795262267343492,0.0,0.011574204599575921,0.02533004686415552,False,0.000141037,0.00169707,,197.02662,1536,10.865802415167371,6.47410963275211
"{""g"": {}, ""r"": {""FFT coefficients"": true, ""Light symmetry"": true, ""initial fit compare"": true, ""isophote variability"": true}, ""z"": {}}",30.75640345448028,True,success,WALLABY J131441-184647,10.358879072227797,0.15340308595453306,2,51,0.001368884019506927,0.0,0.00389207733799779,0.038604794628309236,True,0.000167175,0.00161253,,230.56262,1792,10.840472368303216,6.4590173741102275
"{""g"": {}, ""r"": {""FFT coefficients"": true, ""Light symmetry"": true, ""initial fit compare"": true, ""isophote variability"": true}, ""z"": {}}",30.75640345448028,True,success,WALLABY J131441-184647,10.3549869948898,0.1526429828541891,2,51,,,,,,0.000165001,0.00156378,,264.09862,2048,10.879077162931525,6.48201905067529
"{""g"": {}, ""r"": {""FFT coefficients"": true, ""Light symmetry"": true, ""initial fit compare"": true, ""isophote variability"": true}, ""z"": {}}",19.09730672549706,True,success,WALLABY J131451-143740,10.371510868529938,0.14667801764782928,2,46,0.0012140971161632558,0.0,0.007325588148894724,0.033908430641570675,True,0.000126582,0.00947476,,126.677,1024,5.568344317612881,3.317755119016006
"{""g"": {}, ""r"": {""FFT coefficients"": true, ""Light symmetry"": true, ""initial fit compare"": true, ""isophote variability"": true}, ""z"": {}}",19.09730672549706,True,success,WALLABY J131451-143740,10.364185280381044,0.14395668846200324,2,46,,,,,,0.000138089,0.00948089,,160.213,1280,5.53443588697131,3.29755165045839
"{""g"": {}, ""r"": {""FFT coefficients"": true, ""Light symmetry"": true, ""initial fit compare"": true, ""isophote variability"": true}, ""z"": {}}",13.043717454748347,True,success,WALLABY J131516-145919,7.8259521448805645,0.19266454541718017,1,42,0.005010279215571918,1.3043717454748354,0.01247260760242419,0.1568312487001906,False,-1.71458e-05,0.0117739,,128.10228,1024,4.637214869523043,2.7629655232837225
"{""g"": {}, ""r"": {""FFT coefficients"": true, ""Light symmetry"": true, ""initial fit compare"": true, ""isophote variability"": true}, ""z"": {}}",14.348089200223182,True,success,WALLABY J131516-145919,7.838424752482989,0.19674273253952354,1,43,0.0027393200027628125,0.0,0.012159433037689737,0.04225033549272972,True,4.12713e-05,0.011545,,161.63828,1280,4.794046118223234,2.856409399688943
"{""g"": {}, ""r"": {""FFT coefficients"": true, ""Light symmetry"": true, ""initial fit compare"": true, ""isophote variability"": true}, ""z"": {}}",14.348089200223182,True,success,WALLABY J131516-145919,7.850584185520678,0.18709726739059662,1,43,,,,,,7.29992e-05,0.0116198,,195.17428,1536,4.836296453715963,2.8815831782603873
,,,quality_fail,WALLABY J131554-145828,,,,,,,,,,,,r-band AutoProf outputs missing,,1024,,
,,,quality_fail,WALLABY J131554-145828,,,,,,,,,,,,r-band AutoProf outputs missing,,1280,,
,,,quality_fail,WALLABY J131554-145828,,,,,,,,,,,,r-band AutoProf outputs missing,,1536,,
,,,quality_fail,WALLABY J131554-145828,,,,,,,,,,,,r-band AutoProf outputs missing,,1792,,
,,,quality_fail,WALLABY J131554-145828,,,,,,,,,,,,r-band AutoProf outputs missing,,2048,,
,,,quality_fail,WALLABY J131554-145828,,,,,,,,,,,,r-band AutoProf outputs missing,,2304,,
,,,quality_fail,WALLABY J131554-145828,,,,,,,,,,,,r-band AutoProf outputs missing,,2560,,
,,,quality_fail,WALLABY J131554-145828,,,,,,,,,,,,r-band AutoProf outputs missing,,2816,,
,,,quality_fail,WALLABY J131554-145828,,,,,,,,,,,,r-band AutoProf outputs missing,,3072,,
"{""g"": {}, ""r"": {""FFT coefficients"": true, ""Light symmetry"": true, ""initial fit compare"": true, ""isophote variability"": true}, ""z"": {}}",1.6023681697484635,True,success,WALLABY J131600-185222,8.628272255747815,0.4183826808333381,4,20,,,,,,0.000129682,0.00206284,,123.97840000000002,1024,0.9839159621568707,0.586241086026617
,,,quality_fail,WALLABY J131600-185222,,,,,,,,,,,,r-band AutoProf outputs missing,,1280,,
,,,quality_fail,WALLABY J131600-185222,,,,,,,,,,,,r-band AutoProf outputs missing,,1536,,
"{""g"": {}, ""r"": {""FFT coefficients"": true, ""Light symmetry"": true, ""initial fit compare"": true, ""isophote variability"": true}, ""z"": {}}",1.6023681697484635,True,success,WALLABY J131600-185222,8.609607794716004,0.39940692116903975,4,20,0.0101881636615741,0.0,0.015430214755228988,0.002797588560631059,False,0.000173426,0.0019536,,224.58640000000003,1792,0.9748266385846688,0.5808254457411051
"{""g"": {}, ""r"": {""FFT coefficients"": true, ""Light symmetry"": true, ""initial fit compare"": true, ""isophote variability"": true}, ""z"": {}}",1.6023681697484635,True,success,WALLABY J131600-185222,8.625038009471233,0.4122512484873813,4,20,,,,,,0.00015333,0.00199137,,258.1224,2048,0.9776242271452998,0.5824923171194744
,,,quality_fail,WALLABY J131600-185222,,,,,,,,,,,,r-band AutoProf outputs missing,,2304,,
"{""g"": {}, ""r"": {""FFT coefficients"": true, ""Light symmetry"": true, ""initial fit compare"": true, ""isophote variability"": true}, ""z"": {}}",1.6023681697484635,True,success,WALLABY J131600-185222,8.615632722179683,0.4113812474386991,4,20,0.009462730627306265,0.0,0.02050024224254443,0.009517972360579052,False,0.000176979,0.0020553,,325.19440000000003,2560,0.9774375357681829,0.5823810818515426
"{""g"": {}, ""r"": {""FFT coefficients"": true, ""Light symmetry"": true, ""initial fit compare"": true, ""isophote variability"": true}, ""z"": {}}",1.6023681697484635,True,success,WALLABY J131600-185222,8.636132964422227,0.4272010856980927,4,20,0.0011611699940838535,0.0,0.00535599673372289,0.0002555727549946596,True,0.000157746,0.0020097,,358.73040000000003,2816,0.986955508128762,0.5880521215216435
"{""g"": {}, ""r"": {""FFT coefficients"": true, ""Light symmetry"": true, ""initial fit compare"": true, ""isophote variability"": true}, ""z"": {}}",1.6023681697484635,True,success,WALLABY J131600-185222,8.630776967688504,0.4262192605000554,4,20,,,,,,0.00015543,0.00197938,,392.26640000000003,3072,0.9866999353737673,0.5878998450516913
"{""g"": {}, ""r"": {""FFT coefficients"": true, ""Light symmetry"": true, ""initial fit compare"": true, ""isophote variability"": true}, ""z"": {}}",8.90903452957335,True,success,WALLABY J131618-190711,8.064065811028343,0.17316162131703214,2,38,0.002995268489012448,0.0,0.019994634407176193,0.003384398163833069,True,0.000169359,0.00159956,,129.59568000000002,1024,4.16424809465344,2.481160403315707
"{""g"": {}, ""r"": {""FFT coefficients"": true, ""Light symmetry"": true, ""initial fit compare"": true, ""isophote variability"": true}, ""z"": {}}",8.90903452957335,True,success,WALLABY J131618-190711,8.084060445435519,0.1641021939395902,3,38,,,,,,0.00016457,0.00159815,,163.13168000000002,1280,4.167632492817273,2.483176910142939
"{""g"": {}, ""r"": {""FFT coefficients"": true, ""Light symmetry"": true, ""initial fit compare"": true, ""isophote variability"": true}, ""z"": {}}",37.21524817992115,True,success,WALLABY J131618-204147,8.72459830280547,0.18108997014466907,1,53,0.005299241222826751,3.38320437999284,0.00017638933433516968,0.033201473232738365,False,4.03022e-05,0.00372192,,127.09096,1024,10.772479301588382,6.418505449508654
"{""g"": {}, ""r"": {""FFT coefficients"": true, ""Light symmetry"": true, ""initial fit compare"": true, ""isophote variability"": true}, ""z"": {}}",33.83204379992831,True,success,WALLABY J131618-204147,8.724421913471135,0.1827069059328661,1,52,0.004236757817120069,3.38320437999284,0.0008930408064617978,0.09666689460686939,False,1.96682e-05,0.00406561,,160.62696000000003,1280,10.739277828355643,6.398723203387779
"{""g"": {}, ""r"": {""FFT coefficients"": true, ""Light symmetry"": true, ""initial fit compare"": true, ""isophote variability"": true}, ""z"": {}}",37.21524817992115,True,success,WALLABY J131618-204147,8.725314954277597,0.1878080960605633,1,53,0.006685626181052393,3.38320437999284,0.00996633955736037,0.14718133638186615,False,3.73999e-05,0.0043048,,194.16296000000003,1536,10.835944722962513,6.456319692779946
"{""g"": {}, ""r"": {""FFT coefficients"": true, ""Light symmetry"": true, ""initial fit compare"": true, ""isophote variability"": true}, ""z"": {}}",33.83204379992831,True,success,WALLABY J131618-204147,8.715348614720236,0.1871623002176633,1,52,0.0030900893643924033,3.38320437999284,0.011586680913881153,0.13187605981342188,False,6.58451e-05,0.00420456,,227.69896000000003,1792,10.688763386580646,6.368625469084043
"{""g"": {}, ""r"": {""FFT coefficients"": true, ""Light symmetry"": true, ""initial fit compare"": true, ""isophote variability"": true}, ""z"": {}}",37.21524817992115,True,success,WALLABY J131618-204147,8.726935295634117,0.18767548543583742,2,53,0.0028128417324102405,0.0,0.01024031505582279,0.0444942576130245,True,7.85043e-05,0.00398886,,261.23496,2048,10.820639446394068,6.447200436357117
"{""g"": {}, ""r"": {""FFT coefficients"": true, ""Light symmetry"": true, ""initial fit compare"": true, ""isophote variability"": true}, ""z"": {}}",37.21524817992115,True,success,WALLABY J131618-204147,8.716694980578295,0.19237898399186062,2,53,,,,,,6.75852e-05,0.00377489,,294.77096,2304,10.776145188781044,6.420689674352782
"{""g"": {}, ""r"": {""FFT coefficients"": true, ""Light symmetry"": true, ""initial fit compare"": true, ""isophote variability"": true}, ""z"": {}}",23.107741137851445,True,success,WALLABY J131624-192614,9.498161973927882,0.14843181214731963,1,48,0.002539310303358273,0.0,0.009656494116264014,0.032314090674111284,True,0.000162918,0.00170666,,132.45409999999998,1024,7.516033130845861,4.478235535055389
"{""g"": {}, ""r"": {""FFT coefficients"": true, ""Light symmetry"": true, ""initial fit compare"": true, ""isophote variability"": true}, ""z"": {}}",23.107741137851445,True,success,WALLABY J131624-192614,9.507818468044146,0.144382577802064,2,48,,,,,,0.000158695,0.00161944,,165.99009999999998,1280,7.548347221519973,4.497489057042395
"{""g"": {}, ""r"": {""FFT coefficients"": true, ""Light symmetry"": false, ""initial fit compare"": true, ""isophote variability"": true}, ""z"": {}}",19.09730672549706,True,success,WALLABY J131650-184634,8.684859120048337,0.2019020218190432,2,46,0.03639825918837182,1.9097306725497063,0.017317265654574143,0.1736307784647142,False,0.000210341,0.0026034,,126.80014000000001,1024,8.780971001577432,5.231916316357362
"{""g"": {}, ""r"": {""FFT coefficients"": true, ""Light symmetry"": false, ""initial fit compare"": true, ""isophote variability"": true}, ""z"": {}}",21.007037398046766,True,success,WALLABY J131650-184634,8.702176385702911,0.21066139474727005,2,47,0.003739681092491107,2.100703739804679,0.019913029080747435,0.027449790871624913,False,0.000116586,0.00254822,,160.33614,1280,8.954601780042147,5.335369761620782
"{""g"": {}, ""r"": {""FFT coefficients"": true, ""Light symmetry"": false, ""initial fit compare"": true, ""isophote variability"": true}, ""z"": {}}",23.107741137851445,True,success,WALLABY J131650-184634,8.722089414783659,0.21815534944379017,2,48,0.005496102470920121,2.100703739804679,0.005951986949030541,0.09190393747270242,False,0.000107152,0.00249713,,193.87214,1536,8.982051570913772,5.351725015352522
"{""g"": {}, ""r"": {""FFT coefficients"": true, ""Light symmetry"": false, ""initial fit compare"": true, ""isophote variability"": true}, ""z"": {}}",21.007037398046766,True,success,WALLABY J131650-184634,8.716137427834628,0.198278135984394,2,47,0.04493182174177497,0.0,0.012496876350654773,0.20035253581474066,False,0.000120975,0.00253298,,227.40814,1792,8.89014763344107,5.296966411786408
"{""g"": {}, ""r"": {""FFT coefficients"": true, ""Light symmetry"": false, ""initial fit compare"": true, ""isophote variability"": true}, ""z"": {}}",21.007037398046766,True,success,WALLABY J131650-184634,8.703640551483973,0.21769546842278156,2,47,0.002099736857894692,0.0,0.023746236858990244,0.12376029391475107,False,1.05373e-05,0.00238281,,260.94414,2048,9.09050016925581,5.416341330683693
"{""g"": {}, ""r"": {""FFT coefficients"": true, ""Light symmetry"": false, ""initial fit compare"": true, ""isophote variability"": true}, ""z"": {}}",21.007037398046766,True,success,WALLABY J131650-184634,8.679894314624983,0.22478767550753018,2,47,0.00068637536563406,2.100703739804679,0.027788188558828253,0.29508477675313394,False,5.6379e-06,0.00228387,,294.48014,2304,8.966739875341059,5.3426019343306645
"{""g"": {}, ""r"": {""FFT coefficients"": true, ""Light symmetry"": false, ""initial fit compare"": true, ""isophote variability"": true}, ""z"": {}}",23.107741137851445,True,success,WALLABY J131650-184634,8.707682503183811,0.2326027268776288,2,48,0.00031838441644197455,0.0,0.010010996604998823,0.1146047517413269,True,7.23119e-06,0.00235875,,328.01614,2560,9.261824652094193,5.518420628860694
"{""g"": {}, ""r"": {""FFT coefficients"": true, ""Light symmetry"": false, ""initial fit compare"": true, ""isophote variability"": true}, ""z"": {}}",23.107741137851445,True,success,WALLABY J131650-184634,8.71769349978881,0.22161097569843283,4,48,,,,,,7.98337e-06,0.00236623,,361.55214,2816,9.147219900352866,5.450136327448035
"{""g"": {}, ""r"": {""FFT coefficients"": true, ""Light symmetry"": true, ""initial fit compare"": true, ""isophote variability"": true}, ""z"": {}}",54.48684486022256,True,success,WALLABY J131650-214015,8.785507566756417,0.1796342716795288,1,57,0.027426444234063433,0.0,0.0030251831461445278,0.2044942407698791,False,6.61402e-05,0.00202556,,129.9127,1024,19.08045586522694,11.368600163567805
"{""g"": {}, ""r"": {""FFT coefficients"": true, ""Light symmetry"": true, ""initial fit compare"": true, ""isophote variability"": true}, ""z"": {}}",54.48684486022256,True,success,WALLABY J131650-214015,8.788532749902561,0.17206906613312617,2,57,0.010591965259574333,0.0,0.002813221739256022,0.035835059007954584,False,0.000121618,0.00202001,,163.4487,1280,18.875961624457062,11.246757516018596
"{""g"": {}, ""r"": {""FFT coefficients"": true, ""Light symmetry"": true, ""initial fit compare"": true, ""isophote variability"": true}, ""z"": {}}",54.48684486022256,True,success,WALLABY J131650-214015,8.791345971641817,0.165160788969566,2,57,0.01143789538445077,0.0,0.00738750660586085,0.0613252325874285,False,0.000142448,0.00191316,,196.9847,1536,18.911796683465017,11.26810891666525
"{""g"": {}, ""r"": {""FFT coefficients"": true, ""Light symmetry"": true, ""initial fit compare"": true, ""isophote variability"": true}, ""z"": {}}",54.48684486022256,True,success,WALLABY J131650-214015,8.783958465035957,0.16756167869524458,2,57,0.00988374821591746,0.0,0.01917742374950393,0.03432238509426355,True,0.000121068,0.00182529,,230.5207,1792,18.973121916052445,11.30464798334944
"{""g"": {}, ""r"": {""FFT coefficients"": true, ""Light symmetry"": true, ""initial fit compare"": true, ""isophote variability"": true}, ""z"": {}}",54.48684486022256,True,success,WALLABY J131650-214015,8.80313588878546,0.1696522960893752,2,57,,,,,,0.000138969,0.00179702,,264.0567,2048,18.938799530958182,11.284197870650205
"{""g"": {}, ""r"": {""FFT coefficients"": true, ""Light symmetry"": true, ""initial fit compare"": true, ""isophote variability"": true}, ""z"": {}}",23.107741137851445,True,success,WALLABY J131738-201111,10.638822642329423,0.16169324181797334,2,48,6.643325690070529e-05,0.0,0.0032349466854579845,0.03593224918509641,True,4.42505e-07,0.00139606,,131.131,1024,5.667994252471417,3.3771289764193235
"{""g"": {}, ""r"": {""FFT coefficients"": true, ""Light symmetry"": true, ""initial fit compare"": true, ""isophote variability"": true}, ""z"": {}}",23.107741137851445,True,success,WALLABY J131738-201111,10.635587695643965,0.16457362078494753,2,48,,,,,,3.50952e-07,0.00136018,,164.667,1280,5.703926501656514,3.3985382853398463
"{""g"": {}, ""r"": {""FFT coefficients"": true, ""Light symmetry"": true, ""initial fit compare"": true, ""isophote variability"": true}, ""z"": {}}",65.92908228086931,True,success,WALLABY J131739-213708,9.005418524389052,0.13545700814265246,2,59,0.0360569660597957,16.395586953394258,0.01974149497503852,1.206990319438173,False,7.72133e-05,0.00162089,,130.03322,1024,22.599683944784655,13.465441937343549
"{""g"": {}, ""r"": {""FFT coefficients"": true, ""Light symmetry"": true, ""initial fit compare"": true, ""isophote variability"": true}, ""z"": {}}",49.53349532747505,True,success,WALLABY J131739-213708,8.985677029414013,0.132893053442703,2,56,0.03341157589792032,0.0,0.010770269836182678,0.06691618205575267,False,0.000135192,0.00159506,,163.56922,1280,21.39269362534648,12.7462877179731
"{""g"": {}, ""r"": {""FFT coefficients"": true, ""Light symmetry"": true, ""initial fit compare"": true, ""isophote variability"": true}, ""z"": {}}",49.53349532747505,True,success,WALLABY J131739-213708,8.996447299250196,0.13909252052356752,2,56,0.0007419471012113863,0.0,0.00038751500682643325,0.020829620435588225,True,0.000188072,0.00157031,,197.10522,1536,21.32577744329073,12.706417427470724
"{""g"": {}, ""r"": {""FFT coefficients"": true, ""Light symmetry"": true, ""initial fit compare"": true, ""isophote variability"": true}, ""z"": {}}",49.53349532747505,True,success,WALLABY J131739-213708,8.99605978424337,0.13316568096595724,2,56,,,,,,0.000189236,0.00156738,,230.64122,1792,21.346607063726317,12.718828222472883
"{""g"": {}, ""r"": {""FFT coefficients"": true, ""Light symmetry"": true, ""initial fit compare"": true, ""isophote variability"": true}, ""z"": {}}",14.348089200223182,True,success,WALLABY J131744-185121,8.729898075533402,0.19299496224543083,2,43,0.02567378069854522,0.0,0.004138561762060178,0.0034675238377870343,False,8.25198e-05,0.00317634,,128.22542,1024,4.315276845247589,2.5711470100737346
"{""g"": {}, ""r"": {""FFT coefficients"": true, ""Light symmetry"": true, ""initial fit compare"": true, ""isophote variability"": true}, ""z"": {}}",14.348089200223182,True,success,WALLABY J131744-185121,8.734036637295462,0.19254859256464202,2,43,0.0012554219732151786,1.3043717454748354,0.004881161945865742,0.08923077026141701,False,6.37817e-06,0.00275513,,161.76142,1280,4.311809321409802,2.569080974946069
"{""g"": {}, ""r"": {""FFT coefficients"": true, ""Light symmetry"": true, ""initial fit compare"": true, ""isophote variability"": true}, ""z"": {}}",13.043717454748347,True,success,WALLABY J131744-185121,8.729155475349597,0.1841332910925629,2,42,0.0011334922412720295,1.3043717454748354,0.005489365488610787,0.09500010664126535,False,3.05176e-06,0.00254414,,195.29742,1536,4.222578551148385,2.515915109489051
"{""g"": {}, ""r"": {""FFT coefficients"": true, ""Light symmetry"": true, ""initial fit compare"": true, ""isophote variability"": true}, ""z"": {}}",14.348089200223182,True,success,WALLABY J131744-185121,8.734644840838207,0.19142649216462396,3,43,0.0018462684343810516,1.3043717454748354,0.005623386983689471,0.08740032727544556,False,6.01196e-06,0.00267901,,228.83342,1792,4.31757865778965,2.572518486029394
"{""g"": {}, ""r"": {""FFT coefficients"": true, ""Light symmetry"": true, ""initial fit compare"": true, ""isophote variability"": true}, ""z"": {}}",13.043717454748347,True,success,WALLABY J131744-185121,8.729021453854518,0.1868379431256509,3,42,0.002150325809572947,1.3043717454748354,0.004008460588719842,0.08997524859369932,False,1.10935e-05,0.00282565,,262.36942,2048,4.230178330514205,2.520443243069905
"{""g"": {}, ""r"": {""FFT coefficients"": true, ""Light symmetry"": true, ""initial fit compare"": true, ""isophote variability"": true}, ""z"": {}}",14.348089200223182,True,success,WALLABY J131744-185121,8.733029914443238,0.19058051217027966,3,43,0.0016554317328391652,0.0,0.005085936304848104,0.000726147002823474,True,1.72826e-05,0.00293078,,295.90542000000005,2304,4.320153579107904,2.5740526868433915
"{""g"": {}, ""r"": {""FFT coefficients"": true, ""Light symmetry"": true, ""initial fit compare"": true, ""isophote variability"": true}, ""z"": {}}",14.348089200223182,True,success,WALLABY J131744-185121,8.738115850748086,0.1891190308844166,4,43,,,,,,2.22003e-05,0.00301051,,329.44142000000005,2560,4.320879726110728,2.5744853429074492
"{""g"": {}, ""r"": {""FFT coefficients"": true, ""Light symmetry"": true, ""initial fit compare"": true, ""isophote variability"": true}, ""z"": {}}",0.9949445639880927,True,success,WALLABY J131745-185133,6.717578057482933,0.5517534847649762,2,15,,,,,,0.000194702,0.00329851,,122.36710000000001,1024,0.6781138813371973,0.4040367607954931
,,,quality_fail,WALLABY J131745-185133,,,,,,,,,,,,r-band AutoProf outputs missing,,1280,,
"{""g"": {}, ""r"": {""FFT coefficients"": true, ""Light symmetry"": true, ""initial fit compare"": true, ""isophote variability"": true}, ""z"": {}}",0.9949445639880927,True,success,WALLABY J131745-185133,6.664061063363613,0.6358368926483022,2,15,0.00041340210087632785,0.0,0.022189210746456745,0.004675046032633801,False,3.26538e-06,0.0024838,,189.4391,1536,0.7014772075913729,0.4179571994134595
"{""g"": {}, ""r"": {""FFT coefficients"": true, ""Light symmetry"": true, ""initial fit compare"": true, ""isophote variability"": true}, ""z"": {}}",0.9949445639880927,True,success,WALLABY J131745-185133,6.6418718526171565,0.6259222406651931,3,15,0.001479561296985112,13.35314463623509,2.0891174122967273,3.615150905631542,False,4.30298e-06,0.00253601,,222.97772,1792,0.7061522536240067,0.4207427056648142
"{""g"": {}, ""r"": {""FFT coefficients"": true, ""Light symmetry"": true, ""initial fit compare"": true, ""isophote variability"": true}, ""z"": {}}",14.348089200223182,True,success,WALLABY J131745-185133,8.730989264913884,0.19217034122696455,3,43,0.0014459255875170643,13.35314463623509,2.1117824921472756,3.6119884097254493,False,8.17133e-06,0.00269304,,245.39706000000004,2048,4.321303159255549,2.5747376346846202
"{""g"": {}, ""r"": {""FFT coefficients"": true, ""Light symmetry"": true, ""initial fit compare"": true, ""isophote variability"": true}, ""z"": {}}",0.9949445639880927,True,success,WALLABY J131745-185133,6.619206772766608,0.606464432285049,3,15,0.002827926486695667,0.0,0.002785170138420945,0.0007408141011702174,True,1.21592e-05,0.00282297,,290.04972,2304,0.7093147495300994,0.4226269977241466
"{""g"": {}, ""r"": {""FFT coefficients"": true, ""Light symmetry"": true, ""initial fit compare"": true, ""isophote variability"": true}, ""z"": {}}",0.9949445639880927,True,success,WALLABY J131745-185133,6.616421602628187,0.6046056807507885,4,15,,,,,,2.03437e-05,0.00296537,,323.58572,2560,0.7085739354289292,0.42218560264578864
"{""g"": {}, ""r"": {""FFT coefficients"": false, ""Light symmetry"": true, ""initial fit compare"": true, ""isophote variability"": true}, ""z"": {}}",21.007037398046766,True,success,WALLABY J131753-193408,9.889332592979965,0.12709017819653873,1,47,0.0024484009836779168,0.0,0.0038653361230522876,0.007558440681970424,True,0.000165705,0.00276283,,125.76,1024,5.819164590328461,3.4671999443158623
"{""g"": {}, ""r"": {""FFT coefficients"": false, ""Light symmetry"": true, ""initial fit compare"": true, ""isophote variability"": true}, ""z"": {}}",21.007037398046766,True,success,WALLABY J131753-193408,9.893197929103017,0.12609914106143236,1,47,,,,,,0.00017251,0.0027959,,159.296,1280,5.826723031010431,3.4717034473023904
"{""g"": {}, ""r"": {""FFT coefficients"": true, ""Light symmetry"": true, ""initial fit compare"": true, ""isophote variability"": true}, ""z"": {}}",15.7828981202455,True,success,WALLABY J131805-191823,9.401973242883653,0.1597331047293095,2,44,0.004836391645145212,0.0,0.003201853215529127,0.018293617151665664,True,0.000191241,0.00288116,,129.87078000000002,1024,6.714582577079035,4.000711781901775
"{""g"": {}, ""r"": {""FFT coefficients"": true, ""Light symmetry"": true, ""initial fit compare"": true, ""isophote variability"": true}, ""z"": {}}",15.7828981202455,True,success,WALLABY J131805-191823,9.405175096099182,0.15623714173101858,2,44,,,,,,0.000177898,0.00263659,,163.40678000000003,1280,6.69628895992737,3.9898119994012067
"{""g"": {}, ""r"": {""FFT coefficients"": true, ""Light symmetry"": true, ""initial fit compare"": true, ""isophote variability"": true}, ""z"": {}}",155.45732733392492,False,success,WALLABY J131835-211758,9.208103918846621,0.16244648820179708,1,68,0.030537440771464707,0.0,0.005444678871359798,0.45530610488205525,False,7.43088e-05,0.00179513,,130.86114,1024,31.54830634718978,18.797249040186028
"{""g"": {}, ""r"": {""FFT coefficients"": true, ""Light symmetry"": true, ""initial fit compare"": true, ""isophote variability"": true}, ""z"": {}}",155.45732733392492,True,success,WALLABY J131835-211758,9.213548597717981,0.14872788209226034,1,68,0.024308944657703356,0.0,0.003484639748355889,0.5392256545281704,False,0.000129251,0.00180322,,164.39714,1280,31.093000242307724,18.525966577387596
"{""g"": {}, ""r"": {""FFT coefficients"": true, ""Light symmetry"": true, ""initial fit compare"": true, ""isophote variability"": true}, ""z"": {}}",155.45732733392492,True,success,WALLABY J131835-211758,9.217033237466337,0.14328881841740612,1,68,0.01248813485352681,26.980197305887827,0.010954451634459517,0.7254496232931125,False,0.000173358,0.00182565,,197.93314,1536,31.632225896835894,18.847250351086153
"{""g"": {}, ""r"": {""FFT coefficients"": true, ""Light symmetry"": true, ""initial fit compare"": true, ""isophote variability"": true}, ""z"": {}}",128.4771300280371,True,success,WALLABY J131835-211758,9.206078785831878,0.15896820012440666,1,66,0.013302823351007026,11.679739093457925,0.02181762268769738,0.20277749836442283,False,0.00019625,0.00184055,,231.46914,1792,30.906776273542782,18.41500980273214
"{""g"": {}, ""r"": {""FFT coefficients"": true, ""Light symmetry"": true, ""initial fit compare"": true, ""isophote variability"": true}, ""z"": {}}",116.79739093457917,True,success,WALLABY J131835-211758,9.18426116314418,0.1694783891614413,1,65,0.01175554240576879,0.0,0.0018452552558834157,0.015085680515152688,False,0.000220725,0.00183912,,265.00514000000004,2048,30.70399877517836,18.294190032106275
"{""g"": {}, ""r"": {""FFT coefficients"": true, ""Light symmetry"": true, ""initial fit compare"": true, ""isophote variability"": true}, ""z"": {}}",116.79739093457917,True,success,WALLABY J131835-211758,9.182415907888297,0.17255850166596812,3,65,0.0048240756215635954,11.679739093457925,0.006158470554170847,0.3123344511068211,False,0.000199369,0.00179423,,298.54114000000004,2304,30.688913094663206,18.285201616358584
"{""g"": {}, ""r"": {""FFT coefficients"": true, ""Light symmetry"": true, ""initial fit compare"": true, ""isophote variability"": true}, ""z"": {}}",128.4771300280371,True,success,WALLABY J131835-211758,9.188574378442468,0.17603109454318186,4,66,0.004056748398302157,11.679739093457925,0.0007109902279047731,0.017555407293464498,False,0.000207884,0.00173598,,332.07714000000004,2560,31.001247545770028,18.471298086852876
"{""g"": {}, ""r"": {""FFT coefficients"": true, ""Light symmetry"": true, ""initial fit compare"": true, ""isophote variability"": true}, ""z"": {}}",116.79739093457917,True,success,WALLABY J131835-211758,9.189285368670372,0.17004774260424996,4,65,0.013081262954391253,0.0,0.00507612618360298,0.6571631406089296,False,0.000201017,0.00164949,,365.61314000000004,2816,30.983692138476563,18.4608381477593
"{""g"": {}, ""r"": {""FFT coefficients"": true, ""Light symmetry"": true, ""initial fit compare"": true, ""isophote variability"": true}, ""z"": {}}",116.79739093457917,True,success,WALLABY J131835-211758,9.18420924248677,0.17458997063054166,4,65,,,,,,0.000179906,0.00157818,,399.14914000000005,3072,30.326528997867634,18.069284348385306
"{""g"": {}, ""r"": {""FFT coefficients"": true, ""Light symmetry"": true, ""initial fit compare"": true, ""isophote variability"": true}, ""z"": {}}",8.90903452957335,True,success,WALLABY J131844-113805,9.755229689908703,0.24527192496552092,2,38,0.027920737624545947,0.0,0.002656717784196516,9.237909653059262e-05,False,0.000283144,0.0108104,,123.39152,1024,2.3159699118218735,1.3799112612576518
"{""g"": {}, ""r"": {""FFT coefficients"": true, ""Light symmetry"": true, ""initial fit compare"": true, ""isophote variability"": true}, ""z"": {}}",8.90903452957335,True,success,WALLABY J131844-113805,9.752572972124506,0.25905698128875354,2,38,0.0007739580940041205,0.0,0.002855236015797402,0.0022577986863088206,True,7.08008e-06,0.00896443,,156.92752000000002,1280,2.315877532725343,1.3798562195427502
"{""g"": {}, ""r"": {""FFT coefficients"": true, ""Light symmetry"": true, ""initial fit compare"": true, ""isophote variability"": true}, ""z"": {}}",8.90903452957335,True,success,WALLABY J131844-113805,9.749717736108709,0.2540529983534071,4,38,,,,,,9.15527e-07,0.00696551,,190.46352000000002,1536,2.313619734039034,1.37851096811397
"{""g"": {}, ""r"": {""FFT coefficients"": true, ""Light symmetry"": true, ""initial fit compare"": true, ""isophote variability"": true}, ""z"": {}}",0.8222682347009029,True,success,WALLABY J131847-210939,7.991917657691805,0.8201459951986159,2,13,0.010660607507539636,0.0,0.0017508843029210297,0.0024432663975654245,False,0.000159885,0.0018568,,128.16516,1024,0.5837411988911597,0.34780721886680005
"{""g"": {}, ""r"": {""FFT coefficients"": true, ""Light symmetry"": true, ""initial fit compare"": true, ""isophote variability"": true}, ""z"": {}}",0.8222682347009029,True,success,WALLABY J131847-210939,7.990166773388884,0.8059175724096252,2,13,0.017963539102018884,0.0,0.000710085070225297,0.0010335843869987427,False,0.000140461,0.00178727,,161.70116,1280,0.5861844652887251,0.34926297647359933
"{""g"": {}, ""r"": {""FFT coefficients"": true, ""Light symmetry"": true, ""initial fit compare"": true, ""isophote variability"": true}, ""z"": {}}",0.8222682347009029,True,success,WALLABY J131847-210939,7.989456688318659,0.8237871482031454,2,13,0.0315370916578552,0.0,0.0019374149221702552,0.0007644245171459785,False,0.000172564,0.00178697,,195.23716,1536,0.5872180496757239,0.3498788112164426
"{""g"": {}, ""r"": {""FFT coefficients"": true, ""Light symmetry"": true, ""initial fit compare"": true, ""isophote variability"": true}, ""z"": {}}",0.8222682347009029,True,success,WALLABY J131847-210939,7.987519273396488,0.8359689315820416,2,13,0.024604812885669926,0.07475165770008219,0.0033306377011470545,0.04133710509616351,False,0.000229233,0.00180683,,228.77316,1792,0.5864536251585779,0.3494233484773946
"{""g"": {}, ""r"": {""FFT coefficients"": true, ""Light symmetry"": true, ""initial fit compare"": true, ""isophote variability"": true}, ""z"": {}}",0.7475165770008207,True,success,WALLABY J131847-210939,7.984188635695341,0.8987010572923799,2,12,0.009855863826461241,0.0,0.040379448668188545,0.00040150724725085407,False,0.000273991,0.00183132,,262.30916,2048,0.5451165200624144,0.3247936948109897
"{""g"": {}, ""r"": {""FFT coefficients"": true, ""Light symmetry"": true, ""initial fit compare"": true, ""isophote variability"": true}, ""z"": {}}",0.7475165770008207,True,success,WALLABY J131847-210939,8.02456808436353,0.9082108003116635,2,12,,,,,,0.000292149,0.00185339,,295.84516,2304,0.5455180273096653,0.32503292260455036
,,,quality_fail,WALLABY J131847-210939,,,,,,,,,,,,r-band AutoProf outputs missing,,2560,,
"{""g"": {}, ""r"": {""FFT coefficients"": true, ""Light symmetry"": true, ""initial fit compare"": true, ""isophote variability"": true}, ""z"": {}}",0.7475165770008207,True,success,WALLABY J131847-210939,7.986826022456946,0.8952164521705372,3,12,0.01351138178090588,0.0,0.00231309124797896,0.0005609297853689243,False,0.000254087,0.00181769,,362.91716,2816,0.5455839541951769,0.32507220344808496
"{""g"": {}, ""r"": {""FFT coefficients"": true, ""Light symmetry"": true, ""initial fit compare"": true, ""isophote variability"": true}, ""z"": {}}",0.7475165770008207,True,success,WALLABY J131847-210939,7.989139113704925,0.8903784049863478,3,12,,,,,,0.000229505,0.00182102,,396.45316,3072,0.545023024409808,0.3247379878247928
"{""g"": {}, ""r"": {""FFT coefficients"": true, ""Light symmetry"": true, ""initial fit compare"": true, ""isophote variability"": true}, ""z"": {}}",25.41851525163659,True,success,WALLABY J131915-155513,9.56406848371075,0.1534239154373964,1,49,0.00014463338197745254,0.0,0.0003483601791671731,0.015845246988570594,True,4.88281e-07,0.00302591,,126.76870000000001,1024,5.99888014749405,3.5742788488776687
"{""g"": {}, ""r"": {""FFT coefficients"": true, ""Light symmetry"": true, ""initial fit compare"": true, ""isophote variability"": true}, ""z"": {}}",25.41851525163659,True,success,WALLABY J131915-155513,9.564416843889918,0.14904670835310718,2,49,,,,,,1.2207e-07,0.00203808,,160.30470000000003,1280,5.983034900505479,3.564837864931665
,,,quality_fail,WALLABY J132018-163208,,,,,,,,,,,,r-band AutoProf outputs missing,,1024,,
,,,quality_fail,WALLABY J132018-163208,,,,,,,,,,,,r-band AutoProf outputs missing,,1280,,
,,,quality_fail,WALLABY J132018-163208,,,,,,,,,,,,r-band AutoProf outputs missing,,1536,,
,,,quality_fail,WALLABY J132018-163208,,,,,,,,,,,,r-band AutoProf outputs missing,,1792,,
,,,quality_fail,WALLABY J132018-163208,,,,,,,,,,,,r-band AutoProf outputs missing,,2048,,
,,,quality_fail,WALLABY J132018-163208,,,,,,,,,,,,r-band AutoProf outputs missing,,2304,,
"{""g"": {}, ""r"": {""FFT coefficients"": true, ""Light symmetry"": false, ""initial fit compare"": true, ""isophote variability"": true}, ""z"": {}}",17.361187932270052,True,success,WALLABY J132121-151214,8.710027289281829,0.1973580071405387,1,45,0.009968304509320486,0.0,0.09058555253898426,0.8658596727344605,False,4.88447e-05,0.00435872,,129.5328,1024,8.113986478339541,4.8345106980881205
"{""g"": {}, ""r"": {""FFT coefficients"": true, ""Light symmetry"": false, ""initial fit compare"": true, ""isophote variability"": true}, ""z"": {}}",17.361187932270052,True,success,WALLABY J132121-151214,8.619441736742845,0.22598636407328462,1,45,0.0015829415209570818,1.5782898120245523,0.034558398291459014,0.7589104961312501,False,7.01904e-06,0.00403301,,163.0688,1280,8.979846151074002,5.350410972515797
"{""g"": {}, ""r"": {""FFT coefficients"": true, ""Light symmetry"": false, ""initial fit compare"": true, ""isophote variability"": true}, ""z"": {}}",15.7828981202455,True,success,WALLABY J132121-151214,8.654000135034304,0.21446615852336154,1,44,0.0002551880651124651,1.4348089200223182,0.041824512819285786,0.40007931775615546,False,1.34277e-06,0.00313879,,196.6048,1536,8.220935654942751,4.89823362144031
"{""g"": {}, ""r"": {""FFT coefficients"": true, ""Light symmetry"": false, ""initial fit compare"": true, ""isophote variability"": true}, ""z"": {}}",14.348089200223182,True,success,WALLABY J132121-151214,8.612175622215018,0.21420472373766608,1,43,0.00029587222084153774,8.759651937628263,0.030542280764235485,0.4381883471321597,False,6.3324e-07,0.00242205,,230.1408,1792,8.621014972698907,5.1366106198416865
"{""g"": {}, ""r"": {""FFT coefficients"": false, ""Light symmetry"": false, ""initial fit compare"": true, ""isophote variability"": true}, ""z"": {}}",23.107741137851445,True,success,WALLABY J132121-151214,8.642717902979253,0.16930364753508512,1,48,0.00011184685211304553,4.852625638948808,0.05558819169313445,0.6265859129359512,False,9.15527e-08,0.00123958,,263.6768,2048,9.059203319831067,5.397693905800217
"{""g"": {}, ""r"": {""FFT coefficients"": false, ""Light symmetry"": false, ""initial fit compare"": true, ""isophote variability"": false}, ""z"": {}}",27.960366776800253,True,success,WALLABY J132121-151214,8.698306094672388,0.16816955584936816,2,50,3.7598002496878894e-06,14.916649322051907,0.07254371563756301,4.035901071472998,False,9.53674e-10,0.000380475,,297.2128,2304,9.685789232767018,5.771029048451339
"{""g"": {}, ""r"": {""FFT coefficients"": false, ""Light symmetry"": false, ""initial fit compare"": true, ""isophote variability"": false}, ""z"": {}}",13.043717454748347,True,success,WALLABY J132121-151214,8.77084981030995,0.18914479973959206,4,42,2.000054094162637,14.916649322051907,0.056704352170589445,4.3588000929017765,False,2.38419e-10,0.0,,330.7488,2560,5.64988816129402,3.3663409264599893
"{""g"": {}, ""r"": {""FFT coefficients"": false, ""Light symmetry"": false, ""initial fit compare"": true, ""isophote variability"": false}, ""z"": {}}",27.960366776800253,True,success,WALLABY J132121-151214,8.714145458139361,0.1626906455709654,4,50,0.0,0.0,0.007646393286728781,0.060802759700806064,True,0.00025,0.000249993,,364.2848,2816,10.008688254195796,5.963420147163038
"{""g"": {}, ""r"": {""FFT coefficients"": false, ""Light symmetry"": false, ""initial fit compare"": true, ""isophote variability"": false}, ""z"": {}}",27.960366776800253,True,success,WALLABY J132121-151214,8.706499064852633,0.1545828451161854,4,50,,,,,,0.00025,0.000249993,,397.8208,3072,9.94788549449499,5.927192382545543
"{""g"": {}, ""r"": {""FFT coefficients"": true, ""Light symmetry"": true, ""initial fit compare"": true, ""isophote variability"": true}, ""z"": {}}",27.960366776800253,True,success,WALLABY J132124-160619,9.451594108690527,0.15328756324581436,2,50,0.01400062680086084,0.0,0.005560207906164294,0.011285604722922393,False,6.52151e-05,0.00444086,,126.74512,1024,6.8406377786635595,4.075818540119439
"{""g"": {}, ""r"": {""FFT coefficients"": true, ""Light symmetry"": true, ""initial fit compare"": true, ""isophote variability"": true}, ""z"": {}}",27.960366776800253,True,success,WALLABY J132124-160619,9.446033900784363,0.15233639985177294,2,50,0.0011061985361390668,0.0,0.005537533933832606,0.060397379534141926,True,6.46973e-06,0.00395096,,160.28112000000002,1280,6.829352173940637,4.069094302050641
"{""g"": {}, ""r"": {""FFT coefficients"": true, ""Light symmetry"": true, ""initial fit compare"": true, ""isophote variability"": true}, ""z"": {}}",27.960366776800253,True,success,WALLABY J132124-160619,9.451571434718195,0.15644976023682383,2,50,,,,,,1.08224e-05,0.00391864,,193.81712000000002,1536,6.889749553474779,4.105080531294894
"{""g"": {}, ""r"": {""FFT coefficients"": true, ""Light symmetry"": false, ""initial fit compare"": true, ""isophote variability"": true}, ""z"": {}}",45.03045029770459,True,success,WALLABY J132132-152931,9.25943077508339,0.31334296061105155,1,55,0.002818618159273507,7.815202117783443,0.01779488494090664,0.09578141754955993,False,1.95769e-05,0.00405507,,130.29522,1024,13.465550157962486,8.023102634949652
"{""g"": {}, ""r"": {""FFT coefficients"": true, ""Light symmetry"": false, ""initial fit compare"": true, ""isophote variability"": true}, ""z"": {}}",37.21524817992115,True,success,WALLABY J132132-152931,9.241635890142483,0.27234692543669614,1,53,0.0005640152743254443,0.0,0.004217705967805685,0.05206031367298358,True,8.48389e-06,0.00381617,,163.83122,1280,13.369768740412926,7.966033734347275
"{""g"": {}, ""r"": {""FFT coefficients"": true, ""Light symmetry"": false, ""initial fit compare"": true, ""isophote variability"": true}, ""z"": {}}",37.21524817992115,True,success,WALLABY J132132-152931,9.237418184174677,0.2711239167254107,1,53,,,,,,1.06758e-05,0.00395635,,197.36722,1536,13.317708426739943,7.935014931928791
"{""g"": {}, ""r"": {""FFT coefficients"": true, ""Light symmetry"": true, ""initial fit compare"": true, ""isophote variability"": true}, ""z"": {}}",45.03045029770459,True,success,WALLABY J132136-203629,8.290822719721719,0.16077984138639473,2,55,0.008889896698136647,4.093677299791331,0.014184608369738783,0.24137411881021897,False,0.00018391,0.00392914,,128.08918,1024,9.950386102201692,5.928682305500436
"{""g"": {}, ""r"": {""FFT coefficients"": true, ""Light symmetry"": true, ""initial fit compare"": true, ""isophote variability"": true}, ""z"": {}}",40.93677299791326,True,success,WALLABY J132136-203629,8.27663811135198,0.15069140360135508,2,54,0.00996352240676903,4.093677299791331,0.030620421739721237,0.04237657179654697,False,0.000218802,0.00392067,,161.62518,1280,9.709011983391473,5.78486572868647
"{""g"": {}, ""r"": {""FFT coefficients"": true, ""Light symmetry"": true, ""initial fit compare"": true, ""isophote variability"": true}, ""z"": {}}",45.03045029770459,True,success,WALLABY J132136-203629,8.307258533091701,0.14012121703171218,2,55,0.009135498863324456,0.0,0.00715972331024517,0.02997326370940101,True,0.000258544,0.00405683,,195.16118,1536,9.75138855518802,5.810114721921252
"{""g"": {}, ""r"": {""FFT coefficients"": true, ""Light symmetry"": true, ""initial fit compare"": true, ""isophote variability"": true}, ""z"": {}}",45.03045029770459,True,success,WALLABY J132136-203629,8.314418256401947,0.1373124342684551,2,55,,,,,,0.000221433,0.00406774,,228.69718,1792,9.72141529147862,5.792255921632819
"{""g"": {}, ""r"": {""FFT coefficients"": true, ""Light symmetry"": true, ""initial fit compare"": true, ""isophote variability"": true}, ""z"": {}}",23.107741137851445,True,success,WALLABY J132145-154135,8.502393493000364,0.14813844882704785,1,48,0.023803884505081977,2.100703739804679,0.0035778874781993153,0.007308219806288818,False,0.000106851,0.00433362,,132.73968,1024,9.17020409280133,5.463830868913644
"{""g"": {}, ""r"": {""FFT coefficients"": true, ""Light symmetry"": false, ""initial fit compare"": true, ""isophote variability"": true}, ""z"": {}}",21.007037398046766,True,success,WALLABY J132145-154135,8.498815605522164,0.15356348163588443,1,47,0.001286232617144588,2.100703739804679,0.02485449899093517,0.08885471620731167,False,7.99561e-06,0.0039722,,166.27568,1280,9.16289587299504,5.459476453617069
"{""g"": {}, ""r"": {""FFT coefficients"": true, ""Light symmetry"": true, ""initial fit compare"": true, ""isophote variability"": true}, ""z"": {}}",23.107741137851445,True,success,WALLABY J132145-154135,8.5236701045131,0.15031727218499505,2,48,5.752099516323445e-05,0.0,0.011177539390102353,0.04769257806782612,True,1.31766e-05,0.00408387,,199.81168,1536,9.251750589202352,5.512418256912722
"{""g"": {}, ""r"": {""FFT coefficients"": true, ""Light symmetry"": false, ""initial fit compare"": true, ""isophote variability"": true}, ""z"": {}}",23.107741137851445,True,success,WALLABY J132145-154135,8.512492565122997,0.15263240809219283,2,48,,,,,,1.29466e-05,0.00391321,,233.34768,1792,9.299443167270178,5.540834656114743
"{""g"": {}, ""r"": {""FFT coefficients"": true, ""Light symmetry"": true, ""initial fit compare"": true, ""isophote variability"": true}, ""z"": {}}",54.48684486022256,True,success,WALLABY J132157-165559,10.542478038074053,0.14490607963033125,1,57,0.0010287703558258985,0.0,0.0013969664035471396,0.01016626977545343,True,4.39453e-06,0.00396422,,112.26962,1024,11.101341247530721,6.614449403827107
"{""g"": {}, ""r"": {""FFT coefficients"": true, ""Light symmetry"": true, ""initial fit compare"": true, ""isophote variability"": true}, ""z"": {}}",54.48684486022256,True,success,WALLABY J132157-165559,10.541081071670506,0.14392317127894982,1,57,,,,,,9.15527e-07,0.0027992,,145.80562,1280,11.111507517306174,6.620506714881333
,,,quality_fail,WALLABY J132158-170021,,,,,,,,,,,,r-band AutoProf outputs missing,,1024,,
,,,quality_fail,WALLABY J132158-170021,,,,,,,,,,,,r-band AutoProf outputs missing,,1280,,
,,,quality_fail,WALLABY J132158-170021,,,,,,,,,,,,r-band AutoProf outputs missing,,1536,,
,,,quality_fail,WALLABY J132158-170021,,,,,,,,,,,,r-band AutoProf outputs missing,,1792,,
,,,quality_fail,WALLABY J132158-170021,,,,,,,,,,,,r-band AutoProf outputs missing,,2048,,
,,,quality_fail,WALLABY J132158-170021,,,,,,,,,,,,r-band AutoProf outputs missing,,2304,,
,,,quality_fail,WALLABY J132158-170021,,,,,,,,,,,,r-band AutoProf outputs missing,,2560,,
,,,quality_fail,WALLABY J132158-170021,,,,,,,,,,,,r-band AutoProf outputs missing,,2816,,
,,,quality_fail,WALLABY J132202-201335,,,,,,,,,,,,r-band AutoProf outputs missing,,1024,,
,,,quality_fail,WALLABY J132202-201335,,,,,,,,,,,,r-band AutoProf outputs missing,,1280,,
,,,quality_fail,WALLABY J132202-201335,,,,,,,,,,,,r-band AutoProf outputs missing,,1536,,
,,,quality_fail,WALLABY J132202-201335,,,,,,,,,,,,r-band AutoProf outputs missing,,1792,,
,,,quality_fail,WALLABY J132202-201335,,,,,,,,,,,,r-band AutoProf outputs missing,,2048,,
,,,quality_fail,WALLABY J132202-201335,,,,,,,,,,,,r-band AutoProf outputs missing,,2304,,
,,,quality_fail,WALLABY J132202-201335,,,,,,,,,,,,r-band AutoProf outputs missing,,2560,,
"{""g"": {}, ""r"": {""FFT coefficients"": false, ""Light symmetry"": false, ""initial fit compare"": true, ""isophote variability"": false}, ""z"": {}}",1.938865485395641,True,success,WALLABY J132208-164023,9.12522844689277,0.2181285013329047,1,22,3.0781877853413526e-05,0.0,0.0009456027213428086,0.0020371857841894325,True,2.99072e-06,0.00390053,,127.38440000000001,1024,1.4293488355997332,0.8516408371462831
"{""g"": {}, ""r"": {""FFT coefficients"": false, ""Light symmetry"": false, ""initial fit compare"": true, ""isophote variability"": false}, ""z"": {}}",1.938865485395641,True,success,WALLABY J132208-164023,9.124282844171427,0.2180404397487767,1,22,,,,,,2.86865e-06,0.00403076,,160.92040000000003,1280,1.4313860213839227,0.8528546420366349
"{""g"": {}, ""r"": {""FFT coefficients"": true, ""Light symmetry"": true, ""initial fit compare"": true, ""isophote variability"": true}, ""z"": {}}",96.5267693674208,True,success,WALLABY J132211-160558,10.88092819348165,0.1342015188540565,4,63,0.04284887874498639,0.0,0.020889311045477754,0.2676632082047803,False,0.000172237,0.00386218,,122.81512000000001,1024,10.315518994909047,6.146237373003927
"{""g"": {}, ""r"": {""FFT coefficients"": true, ""Light symmetry"": true, ""initial fit compare"": true, ""isophote variability"": true}, ""z"": {}}",96.5267693674208,True,success,WALLABY J132211-160558,10.901817504527127,0.15069766172897842,4,63,0.0025464951584271435,0.0,0.003261009028369344,0.049265387136010474,True,1.20966e-05,0.00361248,,156.35112,1280,10.583182203113827,6.3057176293495605
"{""g"": {}, ""r"": {""FFT coefficients"": true, ""Light symmetry"": true, ""initial fit compare"": true, ""isophote variability"": true}, ""z"": {}}",96.5267693674208,True,success,WALLABY J132211-160558,10.905078513555496,0.15253324800380139,4,63,,,,,,3.2959e-06,0.00329953,,189.88712,1536,10.632447590249837,6.3350711464881835
"{""g"": {}, ""r"": {""FFT coefficients"": true, ""Light symmetry"": false, ""initial fit compare"": true, ""isophote variability"": false}, ""z"": {}}",79.77418955985188,True,success,WALLABY J132219-164225,10.476773957917356,0.2598956188954341,2,61,0.00036295304126370237,0.0,0.004690541821943839,0.18542573551761166,True,2.50544e-05,0.00362012,,132.92832,1024,21.553860977769947,12.842315150549403
"{""g"": {}, ""r"": {""FFT coefficients"": true, ""Light symmetry"": false, ""initial fit compare"": true, ""isophote variability"": false}, ""z"": {}}",79.77418955985188,True,success,WALLABY J132219-164225,10.4814644997393,0.26345627086610174,2,61,,,,,,2.63456e-05,0.00349485,,166.46432000000001,1280,21.73928671328756,12.952796318401214
"{""g"": {}, ""r"": {""FFT coefficients"": true, ""Light symmetry"": true, ""initial fit compare"": true, ""isophote variability"": true}, ""z"": {}}",72.52199050895625,True,success,WALLABY J132229-214334,9.047374245523738,0.1621065682181446,1,60,0.011817531499796773,7.252199050895626,0.011216945336709472,0.16140166078154294,False,8.78437e-05,0.00181802,,118.89822000000001,1024,17.031005429535686,10.147487695239125
"{""g"": {}, ""r"": {""FFT coefficients"": true, ""Light symmetry"": true, ""initial fit compare"": true, ""isophote variability"": true}, ""z"": {}}",79.77418955985188,True,success,WALLABY J132229-214334,9.058591190860447,0.16247172908762958,1,61,0.0024461381248403347,7.252199050895626,0.015257218050408028,0.140596569290107,False,0.00010965,0.00187248,,152.43421999999998,1280,17.19240709031723,10.243654734439964
"{""g"": {}, ""r"": {""FFT coefficients"": true, ""Light symmetry"": true, ""initial fit compare"": true, ""isophote variability"": true}, ""z"": {}}",72.52199050895625,True,success,WALLABY J132229-214334,9.04333397281004,0.1678925299450511,1,60,0.014318434797499778,7.252199050895626,0.009928738991305863,0.05758357304828721,False,0.000114246,0.00188528,,185.97021999999998,1536,17.05181052102712,10.159883875299144
"{""g"": {}, ""r"": {""FFT coefficients"": true, ""Light symmetry"": true, ""initial fit compare"": true, ""isophote variability"": true}, ""z"": {}}",79.77418955985188,True,success,WALLABY J132229-214334,9.033405233818733,0.17329481414233786,2,61,0.00918096863430545,7.252199050895626,0.007934503375894408,0.163679539763109,False,0.000141002,0.001852,,219.50621999999998,1792,17.10939409407541,10.194193570130315
"{""g"": {}, ""r"": {""FFT coefficients"": true, ""Light symmetry"": true, ""initial fit compare"": true, ""isophote variability"": true}, ""z"": {}}",72.52199050895625,True,success,WALLABY J132229-214334,9.025470730442839,0.16981052617090853,2,60,0.004924671958529077,7.252199050895626,0.007833733981264857,0.07380891180883964,False,0.000124325,0.00178095,,253.04222,2048,16.9457145543123,10.096669315171878
"{""g"": {}, ""r"": {""FFT coefficients"": true, ""Light symmetry"": true, ""initial fit compare"": true, ""isophote variability"": true}, ""z"": {}}",79.77418955985188,True,success,WALLABY J132229-214334,9.033304464424104,0.164934648968325,2,61,0.004555709445039679,7.252199050895626,0.004505635969252353,0.000217834522178606,False,0.000132989,0.00173766,,286.57822,2304,17.01952346612114,10.140646461881039
"{""g"": {}, ""r"": {""FFT coefficients"": true, ""Light symmetry"": true, ""initial fit compare"": true, ""isophote variability"": true}, ""z"": {}}",72.52199050895625,True,success,WALLABY J132229-214334,9.028798828454851,0.1636933348644814,2,60,0.002609806994707779,7.252199050895626,0.0055910664861063,0.06550245886823802,False,0.000140834,0.00170637,,320.11422,2560,17.019741300643318,10.140776252993051
"{""g"": {}, ""r"": {""FFT coefficients"": true, ""Light symmetry"": true, ""initial fit compare"": true, ""isophote variability"": true}, ""z"": {}}",79.77418955985188,True,success,WALLABY J132229-214334,9.034389894940958,0.15745126360171846,4,61,0.006449586177732128,0.0,0.0045912732621040675,0.06541738946160436,True,0.000136413,0.00168162,,353.65022,2816,17.085243759511556,10.179804212799855
"{""g"": {}, ""r"": {""FFT coefficients"": true, ""Light symmetry"": true, ""initial fit compare"": true, ""isophote variability"": true}, ""z"": {}}",79.77418955985188,True,success,WALLABY J132229-214334,9.029798621678854,0.16145477963067023,4,61,,,,,,0.000125737,0.00162898,,387.18622,3072,17.15066114897316,10.218781486182968
"{""g"": {}, ""r"": {""FFT coefficients"": false, ""Light symmetry"": false, ""initial fit compare"": true, ""isophote variability"": false}, ""z"": {}}",40.93677299791326,True,success,WALLABY J132259-204701,10.024445713038514,0.10678218735815831,1,54,0.006323718133128541,38.83741656193862,0.03974252810685108,0.035185787937063395,False,0.000200175,0.00388704,,132.06634000000003,1024,16.82332948811003,10.023749312973134
"{""g"": {}, ""r"": {""FFT coefficients"": false, ""Light symmetry"": false, ""initial fit compare"": true, ""isophote variability"": false}, ""z"": {}}",79.77418955985188,True,success,WALLABY J132259-204701,10.064188241145365,0.14506831230988926,1,61,0.0044513971978849,0.0,0.0002989957734413906,0.24776454103987078,True,0.000174896,0.00410794,,165.60234000000003,1280,16.788143700172967,10.002784763838564
"{""g"": {}, ""r"": {""FFT coefficients"": true, ""Light symmetry"": false, ""initial fit compare"": true, ""isophote variability"": false}, ""z"": {}}",79.77418955985188,True,success,WALLABY J132259-204701,10.063889245371923,0.16617930197981873,1,61,,,,,,0.000156443,0.00418294,,199.13834000000003,1536,16.540379159133096,9.855160617870148
"{""g"": {}, ""r"": {""FFT coefficients"": true, ""Light symmetry"": true, ""initial fit compare"": true, ""isophote variability"": true}, ""z"": {}}",9.799937982530686,True,success,WALLABY J132313-152804,8.439622836585638,0.17459487154085623,1,39,0.0015089698866489708,0.8909034529573354,0.02475030976584769,0.11333078442511457,False,4.63867e-06,0.00445178,,130.76682,1024,4.406559075101438,2.625535185103585
"{""g"": {}, ""r"": {""FFT coefficients"": true, ""Light symmetry"": true, ""initial fit compare"": true, ""isophote variability"": true}, ""z"": {}}",8.90903452957335,True,success,WALLABY J132313-152804,8.41487252681979,0.17874260211302004,1,38,0.002110294195857172,0.8909034529573354,0.02596014697347826,0.11919013147013224,False,1.13694e-05,0.00446918,,164.30282,1280,4.293228290676323,2.5580099444356885
"{""g"": {}, ""r"": {""FFT coefficients"": true, ""Light symmetry"": true, ""initial fit compare"": true, ""isophote variability"": true}, ""z"": {}}",9.799937982530686,True,success,WALLABY J132313-152804,8.440832673793269,0.17403779385016627,1,39,0.0009478568389368598,0.9799937982530693,0.009406791571992201,0.21573550796566998,False,2.44141e-06,0.00399219,,197.83882,1536,4.412418422146455,2.6290263267327423
"{""g"": {}, ""r"": {""FFT coefficients"": true, ""Light symmetry"": true, ""initial fit compare"": true, ""isophote variability"": true}, ""z"": {}}",10.779931780783755,True,success,WALLABY J132313-152804,8.45023946536526,0.18644078763133323,1,40,1.3974865550623772e-05,1.8708972512104047,0.028531535732904345,0.3396242287091793,False,6.19507e-06,0.00392812,,231.37482,1792,4.628153930112125,2.7575667949725835
"{""g"": {}, ""r"": {""FFT coefficients"": true, ""Light symmetry"": true, ""initial fit compare"": true, ""isophote variability"": true}, ""z"": {}}",8.90903452957335,True,success,WALLABY J132313-152804,8.421707929632356,0.17500203540066941,1,38,0.00021323168354923783,0.0,0.004853807123103238,0.010742441557171745,True,6.25012e-06,0.00395031,,264.91082,2048,4.288529701402946,2.5552104105482827
"{""g"": {}, ""r"": {""FFT coefficients"": true, ""Light symmetry"": true, ""initial fit compare"": true, ""isophote variability"": true}, ""z"": {}}",8.90903452957335,True,success,WALLABY J132313-152804,8.416854122509253,0.17910778699702712,2,38,,,,,,7.09256e-06,0.00395133,,298.44682,2304,4.299272142960118,2.561611018778328
,,,quality_fail,WALLABY J132314-165544,,,,,,,,,,,,r-band AutoProf outputs missing,,1024,,
,,,quality_fail,WALLABY J132314-165544,,,,,,,,,,,,r-band AutoProf outputs missing,,1280,,
,,,quality_fail,WALLABY J132314-165544,,,,,,,,,,,,r-band AutoProf outputs missing,,1536,,
,,,quality_fail,WALLABY J132314-165544,,,,,,,,,,,,r-band AutoProf outputs missing,,1792,,
,,,quality_fail,WALLABY J132314-165544,,,,,,,,,,,,r-band AutoProf outputs missing,,2048,,
,,,quality_fail,WALLABY J132314-165544,,,,,,,,,,,,r-band AutoProf outputs missing,,2304,,
,,,quality_fail,WALLABY J132314-165544,,,,,,,,,,,,r-band AutoProf outputs missing,,2560,,
,,,quality_fail,WALLABY J132314-165544,,,,,,,,,,,,r-band AutoProf outputs missing,,2816,,
,,,quality_fail,WALLABY J132314-165544,,,,,,,,,,,,r-band AutoProf outputs missing,,3072,,
"{""g"": {}, ""r"": {""FFT coefficients"": true, ""Light symmetry"": false, ""initial fit compare"": true, ""isophote variability"": true}, ""z"": {}}",23.107741137851445,True,success,WALLABY J132329-163056,9.252394215875125,0.15881751400094984,2,48,0.04568244865784447,4.010434412354385,0.0210971514996956,0.03844297478262515,False,0.000192254,0.00427797,,129.11622,1024,7.861669060425131,4.684173837227241
"{""g"": {}, ""r"": {""FFT coefficients"": true, ""Light symmetry"": false, ""initial fit compare"": true, ""isophote variability"": true}, ""z"": {}}",19.09730672549706,True,success,WALLABY J132329-163056,9.231297064375429,0.16783538415886415,2,46,0.0009667223332157019,4.010434412354385,0.016068642618895623,0.00233860911058148,False,1.08643e-05,0.00366336,,162.65222,1280,7.900112035207756,4.707079097588356
"{""g"": {}, ""r"": {""FFT coefficients"": true, ""Light symmetry"": false, ""initial fit compare"": true, ""isophote variability"": true}, ""z"": {}}",23.107741137851445,True,success,WALLABY J132329-163056,9.247365706994325,0.16190970575338334,2,48,0.0009106371451789964,2.100703739804679,0.007328036317675313,0.142084815810553,False,7.38525e-06,0.00353426,,196.18822,1536,7.902450644318337,4.70847249783544
"{""g"": {}, ""r"": {""FFT coefficients"": true, ""Light symmetry"": false, ""initial fit compare"": true, ""isophote variability"": true}, ""z"": {}}",21.007037398046766,True,success,WALLABY J132329-163056,9.254693743312,0.16023828175803226,2,47,0.0017522353227526861,1.9097306725497063,0.004388396169460407,0.03013222202235788,False,1.05789e-05,0.00347984,,229.72422,1792,7.760365828507784,4.6238149051828366
"{""g"": {}, ""r"": {""FFT coefficients"": true, ""Light symmetry"": false, ""initial fit compare"": true, ""isophote variability"": true}, ""z"": {}}",19.09730672549706,True,success,WALLABY J132329-163056,9.25030534714254,0.16200197211387307,2,46,3.696799627750911e-05,1.9097306725497063,0.00122299297812134,0.06660385733412522,False,1.66981e-05,0.00350461,,263.26022,2048,7.7302336064854265,4.605861393661325
"{""g"": {}, ""r"": {""FFT coefficients"": true, ""Light symmetry"": false, ""initial fit compare"": true, ""isophote variability"": true}, ""z"": {}}",21.007037398046766,True,success,WALLABY J132329-163056,9.251528340120661,0.1543267981120235,2,47,0.0004900741598809808,2.100703739804679,0.009192435656714792,0.006040147700197451,False,1.68276e-05,0.00350145,,296.79622,2304,7.796837463819552,4.645545593490268
"{""g"": {}, ""r"": {""FFT coefficients"": true, ""Light symmetry"": false, ""initial fit compare"": true, ""isophote variability"": true}, ""z"": {}}",23.107741137851445,True,success,WALLABY J132329-163056,9.260720775777376,0.15524518191013684,2,48,0.0004962714843915059,4.010434412354385,0.020602703510196108,0.05401115253603184,False,1.85537e-05,0.00354279,,330.33222,2560,7.790797316119354,4.641946726428733
"{""g"": {}, ""r"": {""FFT coefficients"": true, ""Light symmetry"": false, ""initial fit compare"": true, ""isophote variability"": true}, ""z"": {}}",19.09730672549706,True,success,WALLABY J132329-163056,9.24011807226718,0.15688161313434357,2,46,0.0008314306359399232,0.0,0.012972013476595379,0.1993127122057965,True,2.03153e-05,0.00355655,,363.86822,2816,7.844808468655386,4.674127886139631
"{""g"": {}, ""r"": {""FFT coefficients"": true, ""Light symmetry"": false, ""initial fit compare"": true, ""isophote variability"": true}, ""z"": {}}",19.09730672549706,True,success,WALLABY J132329-163056,9.253090085743775,0.15593073707315874,4,46,,,,,,2.32667e-05,0.00354302,,397.40422,3072,7.64549575644959,4.555372519465534
"{""g"": {}, ""r"": {""FFT coefficients"": true, ""Light symmetry"": true, ""initial fit compare"": true, ""isophote variability"": true}, ""z"": {}}",45.03045029770459,True,success,WALLABY J132329-232337,7.889134077290896,0.19777327870553799,3,55,0.013012687288008981,4.093677299791331,0.0521477757079678,0.18280251943962966,False,1.22327e-05,0.00321516,,126.88922000000001,1024,16.32214117115376,9.72512911110934
"{""g"": {}, ""r"": {""FFT coefficients"": true, ""Light symmetry"": true, ""initial fit compare"": true, ""isophote variability"": true}, ""z"": {}}",40.93677299791326,True,success,WALLABY J132329-232337,7.836986301582928,0.209336678481363,3,54,0.004759275052704761,7.104729197984952,0.011492494970386069,1.1113969291791772,False,5.62176e-05,0.00354515,,160.42522,1280,16.13933865171413,9.616210919265223
"{""g"": {}, ""r"": {""FFT coefficients"": true, ""Light symmetry"": true, ""initial fit compare"": true, ""isophote variability"": true}, ""z"": {}}",33.83204379992831,True,success,WALLABY J132329-232337,7.825493806612542,0.19798104931837338,3,52,0.006623380124609618,7.104729197984952,0.009138334860884001,1.0368121871394766,False,7.31264e-05,0.00356047,,193.96122,1536,15.027941722534953,8.954013569259462
"{""g"": {}, ""r"": {""FFT coefficients"": true, ""Light symmetry"": true, ""initial fit compare"": true, ""isophote variability"": true}, ""z"": {}}",40.93677299791326,True,success,WALLABY J132329-232337,7.834632141473426,0.20887192765623042,3,54,0.006685256821690633,0.0,0.0055738225312174094,0.13960032130242972,True,9.64659e-05,0.00348714,,227.49722,1792,16.06475390967443,9.571771514015083
"{""g"": {}, ""r"": {""FFT coefficients"": true, ""Light symmetry"": true, ""initial fit compare"": true, ""isophote variability"": true}, ""z"": {}}",40.93677299791326,True,success,WALLABY J132329-232337,7.8290583189422085,0.20259972254934006,3,54,,,,,,0.000119589,0.0034305,,261.03322,2048,15.925153588372,9.488594243681346
"{""g"": {}, ""r"": {""FFT coefficients"": true, ""Light symmetry"": true, ""initial fit compare"": true, ""isophote variability"": true}, ""z"": {}}",49.53349532747505,True,success,WALLABY J132331-235339,11.045723996494594,0.15838515049766036,2,56,0.0013218775101090886,0.0,0.0009187352357038492,0.00377285957220419,True,9.00475e-06,0.00360026,,130.07776,1024,7.262986194668257,4.327464009451442
"{""g"": {}, ""r"": {""FFT coefficients"": true, ""Light symmetry"": true, ""initial fit compare"": true, ""isophote variability"": true}, ""z"": {}}",49.53349532747505,True,success,WALLABY J132331-235339,11.04480526125889,0.15889645723280715,2,56,,,,,,1.38184e-05,0.00368279,,163.61376,1280,7.259213335096053,4.325216047859086
"{""g"": {}, ""r"": {""FFT coefficients"": true, ""Light symmetry"": true, ""initial fit compare"": true, ""isophote variability"": true}, ""z"": {}}",17.361187932270052,True,success,WALLABY J132358-151422,10.272091792897612,0.15832771778821322,1,45,0.020288783707411592,0.0,0.0013820490691323073,0.01734895875437381,False,0.000300425,0.00400021,,115.05206,1024,5.370438034845892,3.199837737244419
"{""g"": {}, ""r"": {""FFT coefficients"": true, ""Light symmetry"": true, ""initial fit compare"": true, ""isophote variability"": true}, ""z"": {}}",17.361187932270052,True,success,WALLABY J132358-151422,10.27070974382848,0.1572014212475651,2,45,0.009638625906604392,0.0,0.0003158061980634841,0.021546010625489664,True,0.00022001,0.00392683,,148.58806,1280,5.353089076091519,3.1895008052169116
"{""g"": {}, ""r"": {""FFT coefficients"": true, ""Light symmetry"": true, ""initial fit compare"": true, ""isophote variability"": true}, ""z"": {}}",17.361187932270052,True,success,WALLABY J132358-151422,10.271025550026543,0.15775485658424987,2,45,,,,,,0.000182753,0.00380394,,182.12406000000001,1536,5.374635086717008,3.202338442936437
"{""g"": {}, ""r"": {""FFT coefficients"": true, ""Light symmetry"": true, ""initial fit compare"": true, ""isophote variability"": true}, ""z"": {}}",1.3242712146681515,True,success,WALLABY J132359-235510,10.379098314847022,0.41869682509470313,2,18,0.009331951817639933,0.0,0.0007803091804383655,0.0005400258917979128,True,9.82648e-05,0.0038707,,121.78284000000001,1024,0.6622048114766752,0.3945577496284613
"{""g"": {}, ""r"": {""FFT coefficients"": true, ""Light symmetry"": true, ""initial fit compare"": true, ""isophote variability"": true}, ""z"": {}}",1.3242712146681515,True,success,WALLABY J132359-235510,10.378318005666584,0.41874986985614304,4,18,,,,,,0.000133255,0.00362831,,155.31884000000002,1280,0.6627448373684731,0.3948795102030089
"{""g"": {}, ""r"": {""FFT coefficients"": true, ""Light symmetry"": true, ""initial fit compare"": true, ""isophote variability"": true}, ""z"": {}}",79.77418955985188,True,success,WALLABY J132415-164212,8.82075755923961,0.16871456054075432,1,61,0.013343641975817905,16.75257980756892,0.00916344239591993,0.122319298760182,False,0.000112357,0.00425548,,124.13822,1024,17.680871037062083,10.534693446726752
"{""g"": {}, ""r"": {""FFT coefficients"": true, ""Light symmetry"": true, ""initial fit compare"": true, ""isophote variability"": true}, ""z"": {}}",96.5267693674208,True,success,WALLABY J132415-164212,8.82992100163553,0.16141594920537713,1,63,0.0018677035523310065,0.0,0.00376546638807973,0.07395112921718905,True,0.000168966,0.00422931,,157.67422,1280,17.803190335822265,10.607574263082235
"{""g"": {}, ""r"": {""FFT coefficients"": true, ""Light symmetry"": true, ""initial fit compare"": true, ""isophote variability"": true}, ""z"": {}}",96.5267693674208,True,success,WALLABY J132415-164212,8.83368646802361,0.16126134081775706,1,63,,,,,,0.000176954,0.00432451,,191.21022,1536,17.877141465039454,10.65163614638591
"{""g"": {}, ""r"": {""FFT coefficients"": true, ""Light symmetry"": false, ""initial fit compare"": true, ""isophote variability"": false}, ""z"": {}}",59.93552934624482,True,success,WALLABY J132415-232043,9.97714900910852,0.12147398020172834,2,58,0.01457698185979147,0.0,0.003492551694328938,0.05830861579282853,False,0.000199851,0.00385475,,130.98428,1024,16.995324202305802,10.126227951311245
"{""g"": {}, ""r"": {""FFT coefficients"": true, ""Light symmetry"": false, ""initial fit compare"": true, ""isophote variability"": false}, ""z"": {}}",59.93552934624482,True,success,WALLABY J132415-232043,9.98064156080285,0.12008850734382692,2,58,0.005012509475277087,0.0,0.009834909720607854,0.16242773484828987,True,0.0001452,0.00364351,,164.52028,1280,17.05363281809863,10.160969644262504
"{""g"": {}, ""r"": {""FFT coefficients"": true, ""Light symmetry"": false, ""initial fit compare"": true, ""isophote variability"": false}, ""z"": {}}",59.93552934624482,True,success,WALLABY J132415-232043,9.970806651082242,0.11926944428880258,2,58,,,,,,0.000127379,0.0034671,,198.05628000000002,1536,17.21606055294692,10.257748043374523
"{""g"": {}, ""r"": {""FFT coefficients"": true, ""Light symmetry"": true, ""initial fit compare"": true, ""isophote variability"": true}, ""z"": {}}",1.4566983361349666,True,success,WALLABY J132422-162744,8.223540271417583,0.17876799466281343,2,19,0.001971485413083543,0.0,0.008246841683588357,0.003538343186036741,True,4.76074e-06,0.00341132,,125.40368000000001,1024,0.8700636498432559,0.5184051063449155
"{""g"": {}, ""r"": {""FFT coefficients"": true, ""Light symmetry"": true, ""initial fit compare"": true, ""isophote variability"": true}, ""z"": {}}",1.4566983361349666,True,success,WALLABY J132422-162744,8.215293429733995,0.18216238609431154,2,19,,,,,,1.14894e-05,0.00341466,,158.93968,1280,0.8665253066572192,0.5162968753252969
,,,quality_fail,WALLABY J132427-201307,,,,,,,,,,,,r-band AutoProf outputs missing,,1024,,
,,,quality_fail,WALLABY J132427-201307,,,,,,,,,,,,r-band AutoProf outputs missing,,1280,,
,,,quality_fail,WALLABY J132427-201307,,,,,,,,,,,,r-band AutoProf outputs missing,,1536,,
,,,quality_fail,WALLABY J132427-201307,,,,,,,,,,,,r-band AutoProf outputs missing,,1792,,
,,,quality_fail,WALLABY J132427-201307,,,,,,,,,,,,r-band AutoProf outputs missing,,2048,,
,,,quality_fail,WALLABY J132427-201307,,,,,,,,,,,,r-band AutoProf outputs missing,,2304,,
,,,quality_fail,WALLABY J132427-201307,,,,,,,,,,,,r-band AutoProf outputs missing,,2560,,
,,,quality_fail,WALLABY J132454-201759,,,,,,,,,,,,r-band AutoProf outputs missing,,1024,,
"{""g"": {}, ""r"": {""FFT coefficients"": true, ""Light symmetry"": true, ""initial fit compare"": true, ""isophote variability"": true}, ""z"": {}}",25.41851525163659,True,success,WALLABY J132531-212650,8.705547197162153,0.20197154711934404,1,49,0.012964858977434969,2.5418515251636613,0.007837711134495606,0.10912896715747422,False,0.000206826,0.0040456,,128.40882000000002,1024,11.677741043532901,6.957882436108744
"{""g"": {}, ""r"": {""FFT coefficients"": true, ""Light symmetry"": true, ""initial fit compare"": true, ""isophote variability"": true}, ""z"": {}}",27.960366776800253,True,success,WALLABY J132531-212650,8.713384908296648,0.19234588662096738,1,50,0.0061265074738923245,0.0,0.004783894789783361,0.08344990105998029,True,0.000261403,0.00437362,,161.94482000000002,1280,11.786870010690375,7.022904131745349
"{""g"": {}, ""r"": {""FFT coefficients"": true, ""Light symmetry"": true, ""initial fit compare"": true, ""isophote variability"": true}, ""z"": {}}",27.960366776800253,True,success,WALLABY J132531-212650,8.718168803086431,0.1800968648077358,1,50,,,,,,0.000288005,0.00431061,,195.48082000000002,1536,11.703420109630395,6.973182648907553
"{""g"": {}, ""r"": {""FFT coefficients"": true, ""Light symmetry"": true, ""initial fit compare"": true, ""isophote variability"": true}, ""z"": {}}",13.043717454748347,True,success,WALLABY J132531-220703,8.990353379404633,0.18235982895231442,2,42,0.0026607398890131423,0.0,0.013286550643515582,0.00013734586698355145,True,0.00014104,0.00288294,,127.40536,1024,5.235923530426137,3.119690720435684
"{""g"": {}, ""r"": {""FFT coefficients"": true, ""Light symmetry"": true, ""initial fit compare"": true, ""isophote variability"": true}, ""z"": {}}",13.043717454748347,True,success,WALLABY J132531-220703,9.003639930048148,0.17929042700254727,2,42,,,,,,0.00013345,0.00282224,,160.94136,1280,5.236060876293121,3.1197725544472443
"{""g"": {}, ""r"": {""FFT coefficients"": true, ""Light symmetry"": false, ""initial fit compare"": true, ""isophote variability"": true}, ""z"": {}}",0.5105638802000004,True,success,WALLABY J132532-161724,7.934581031657781,0.7647310412588336,1,8,0.004075813721653127,0.0,0.0071614161756672345,2.6622637060325083e-05,True,9.55009e-06,0.00421449,,113.61106000000001,1024,0.4096766123919839,0.2440953002143598
"{""g"": {}, ""r"": {""FFT coefficients"": true, ""Light symmetry"": false, ""initial fit compare"": true, ""isophote variability"": true}, ""z"": {}}",0.5105638802000004,True,success,WALLABY J132532-161724,7.941742447833448,0.7609869916501893,1,8,,,,,,2.6681e-05,0.00419164,,147.14706,1280,0.40964998975492356,0.24407943779900787
"{""g"": {}, ""r"": {""FFT coefficients"": true, ""Light symmetry"": false, ""initial fit compare"": true, ""isophote variability"": false}, ""z"": {}}",27.960366776800253,True,success,WALLABY J132536-213356,9.165223941146937,0.30877241607536315,1,50,0.021391833908730822,0.0,0.014345218396636383,0.3191727486867162,False,0.000467512,0.00426764,,131.50828,1024,10.419800973563165,6.208371114878771
"{""g"": {}, ""r"": {""FFT coefficients"": true, ""Light symmetry"": false, ""initial fit compare"": true, ""isophote variability"": false}, ""z"": {}}",27.960366776800253,True,success,WALLABY J132536-213356,9.179569159543574,0.3330890347968611,1,50,0.03521183415052125,0.0,0.011235001034433978,0.023294861300268366,False,0.000376675,0.00422504,,165.04428000000001,1280,10.738973722249881,6.39854200956578
"{""g"": {}, ""r"": {""FFT coefficients"": true, ""Light symmetry"": false, ""initial fit compare"": true, ""isophote variability"": false}, ""z"": {}}",27.960366776800253,True,success,WALLABY J132536-213356,9.190804160578008,0.3289428200856371,2,50,0.007869909120049902,5.871677023128054,0.04672036320359041,0.3037011150446851,False,0.000228736,0.00417776,,198.58028000000002,1536,10.715678860949613,6.384662364034293
"{""g"": {}, ""r"": {""FFT coefficients"": true, ""Light symmetry"": false, ""initial fit compare"": true, ""isophote variability"": false}, ""z"": {}}",33.83204379992831,True,success,WALLABY J132536-213356,9.237524523781598,0.3093329487158059,3,52,0.005134818848367608,3.0756403454480257,0.0018793773371346134,0.040283537811053094,False,0.000196942,0.00390213,,232.11628000000002,1792,11.019379975994298,6.565614882703672
"{""g"": {}, ""r"": {""FFT coefficients"": true, ""Light symmetry"": false, ""initial fit compare"": true, ""isophote variability"": false}, ""z"": {}}",30.75640345448028,True,success,WALLABY J132536-213356,9.235645146444464,0.32015249073946317,3,51,0.005933568472796962,3.0756403454480257,0.02745319664563084,0.08476103103945576,False,0.000177592,0.00363465,,265.65228,2048,10.979096438183245,6.541612970077336
"{""g"": {}, ""r"": {""FFT coefficients"": true, ""Light symmetry"": false, ""initial fit compare"": true, ""isophote variability"": false}, ""z"": {}}",33.83204379992831,True,success,WALLABY J132536-213356,9.208191949798833,0.31785937598634023,3,52,0.00237499805617719,0.0,0.006698793076456155,0.0405297792092032,True,0.000198957,0.00356675,,299.18828,2304,10.894335407143789,6.491110284075192
"{""g"": {}, ""r"": {""FFT coefficients"": true, ""Light symmetry"": false, ""initial fit compare"": true, ""isophote variability"": false}, ""z"": {}}",33.83204379992831,True,success,WALLABY J132536-213356,9.201493156722377,0.3224384682578748,4,52,,,,,,0.000190557,0.00350694,,332.72428,2560,10.853805627934586,6.4669616548285065
"{""g"": {}, ""r"": {""FFT coefficients"": true, ""Light symmetry"": true, ""initial fit compare"": true, ""isophote variability"": true}, ""z"": {}}",17.361187932270052,True,success,WALLABY J132538-163436,8.795217099976018,0.21756138254524748,1,45,0.0005920426597417014,0.0,0.012265673048538872,0.028431996783887747,True,1.45701e-05,0.00380035,,125.16526,1024,6.818052464057315,4.062361659783853
"{""g"": {}, ""r"": {""FFT coefficients"": true, ""Light symmetry"": true, ""initial fit compare"": true, ""isophote variability"": true}, ""z"": {}}",17.361187932270052,True,success,WALLABY J132538-163436,8.807482773024557,0.20352392173393782,1,45,,,,,,1.68317e-05,0.00383964,,158.70126000000002,1280,6.789620467273427,4.045421183855448
,,,quality_fail,WALLABY J132540-155525,,,,,,,,,,,,common uncertainty aperture retains only 0 rows,,1024,,
,,,quality_fail,WALLABY J132540-155525,,,,,,,,,,,,common uncertainty aperture retains only 0 rows,,1280,,
,,,quality_fail,WALLABY J132540-155525,,,,,,,,,,,,common uncertainty aperture retains only 0 rows,,1536,,
,,,quality_fail,WALLABY J132540-155525,,,,,,,,,,,,r-band AutoProf outputs missing,,1792,,
,,,quality_fail,WALLABY J132540-155525,,,,,,,,,,,,common uncertainty aperture retains only 0 rows,,2048,,
,,,quality_fail,WALLABY J132540-155525,,,,,,,,,,,,r-band AutoProf outputs missing,,2304,,
,,,quality_fail,WALLABY J132540-155525,,,,,,,,,,,,r-band AutoProf outputs missing,,2560,,
,,,quality_fail,WALLABY J132540-155525,,,,,,,,,,,,r-band AutoProf outputs missing,,2816,,
"{""g"": {}, ""r"": {""FFT coefficients"": true, ""Light symmetry"": true, ""initial fit compare"": true, ""isophote variability"": true}, ""z"": {}}",0.8222682347009029,True,success,WALLABY J132540-155525,9.53694800494295,0.7533556262769988,3,13,,,,,,7.02288e-06,0.0036991,,389.80884,3072,0.5749455860296939,0.3425665785738303
"{""g"": {}, ""r"": {""FFT coefficients"": true, ""Light symmetry"": true, ""initial fit compare"": true, ""isophote variability"": true}, ""z"": {}}",40.93677299791326,True,success,WALLABY J132542-164457,9.72165906185121,0.1261252673055268,2,54,0.005363095992780589,0.0,0.0018287679403723445,0.004474338006549061,True,0.000212394,0.00407027,,129.82624,1024,9.331886598083562,5.560165242105821
"{""g"": {}, ""r"": {""FFT coefficients"": true, ""Light symmetry"": true, ""initial fit compare"": true, ""isophote variability"": true}, ""z"": {}}",40.93677299791326,True,success,WALLABY J132542-164457,9.723487829791582,0.12962631046700399,2,54,,,,,,0.000233967,0.00397471,,163.36224,1280,9.327412260077013,5.557499322583122
"{""g"": {}, ""r"": {""FFT coefficients"": true, ""Light symmetry"": true, ""initial fit compare"": true, ""isophote variability"": true}, ""z"": {}}",7.36283845419285,True,success,WALLABY J132551-162706,8.472712290843683,0.16132678720718274,1,36,0.004368821578886643,0.0,0.00016516401950816828,0.0022639564821642644,True,2.99072e-06,0.00385256,,129.30224,1024,2.9170380778640506,1.7380423090192414
"{""g"": {}, ""r"": {""FFT coefficients"": true, ""Light symmetry"": true, ""initial fit compare"": true, ""isophote variability"": true}, ""z"": {}}",7.36283845419285,True,success,WALLABY J132551-162706,8.472547126824175,0.16030647581975263,1,36,,,,,,2.04086e-05,0.00412116,,162.83824,1280,2.9147741213818863,1.7366933886257645
"{""g"": {}, ""r"": {""FFT coefficients"": true, ""Light symmetry"": true, ""initial fit compare"": true, ""isophote variability"": true}, ""z"": {}}",9.799937982530686,True,success,WALLABY J132552-241252,9.098590860115811,0.15806561836096966,1,39,0.017359526655561515,0.0,0.008690119481459035,0.01492235715403245,False,0.000142783,0.00471389,,127.86124,1024,3.3232814616202613,1.9800920080222932
"{""g"": {}, ""r"": {""FFT coefficients"": true, ""Light symmetry"": true, ""initial fit compare"": true, ""isophote variability"": true}, ""z"": {}}",9.799937982530686,True,success,WALLABY J132552-241252,9.089900740634352,0.16570983312693316,1,39,0.007894815799061317,0.8909034529573354,0.007644328183065596,0.08589834564351984,False,0.000223965,0.00463913,,161.39724,1280,3.308359104466229,1.971200904309655
"{""g"": {}, ""r"": {""FFT coefficients"": true, ""Light symmetry"": true, ""initial fit compare"": true, ""isophote variability"": true}, ""z"": {}}",8.90903452957335,True,success,WALLABY J132552-241252,9.082256412451287,0.16974231302987242,1,38,0.003480154654872238,0.8909034529573354,0.0035192778441253125,0.08704630724249762,False,0.000260803,0.00469307,,194.93324,1536,3.222460758822709,1.920020578575781
"{""g"": {}, ""r"": {""FFT coefficients"": true, ""Light symmetry"": true, ""initial fit compare"": true, ""isophote variability"": true}, ""z"": {}}",9.799937982530686,True,success,WALLABY J132552-241252,9.085775690295412,0.1689221049605871,1,39,0.005930621407400174,0.0,0.005963412890436004,0.004693360941577129,True,0.000244232,0.00483007,,228.46924,1792,3.3095070660652066,1.9718848877801807
"{""g"": {}, ""r"": {""FFT coefficients"": true, ""Light symmetry"": true, ""initial fit compare"": true, ""isophote variability"": true}, ""z"": {}}",9.799937982530686,True,success,WALLABY J132552-241252,9.091739103185848,0.16813865976872489,1,39,,,,,,0.000215369,0.00490348,,262.00524,2048,3.3142004270067837,1.9746813065002038
"{""g"": {}, ""r"": {""FFT coefficients"": true, ""Light symmetry"": true, ""initial fit compare"": true, ""isophote variability"": true}, ""z"": {}}",23.107741137851445,True,success,WALLABY J132558-233802,10.176613833244273,0.11510882313774873,3,48,0.0010400641809027238,2.100703739804679,0.07733530700903657,1.3696544995837145,False,0.000185464,0.00346464,,123.62994,1024,7.42622146092111,4.424723555435573
"{""g"": {}, ""r"": {""FFT coefficients"": true, ""Light symmetry"": true, ""initial fit compare"": true, ""isophote variability"": true}, ""z"": {}}",21.007037398046766,True,success,WALLABY J132558-233802,10.25394914025331,0.11914549105474702,4,47,0.01627631720526523,2.100703739804679,0.06781047872423862,1.2021408230452746,False,0.000189081,0.0034907,,157.16594,1280,6.056566961337396,3.608650057088179
"{""g"": {}, ""r"": {""FFT coefficients"": true, ""Light symmetry"": true, ""initial fit compare"": true, ""isophote variability"": true}, ""z"": {}}",23.107741137851445,True,success,WALLABY J132558-233802,10.186138661529071,0.11396152950796794,4,48,0.0019624378644972624,0.0,0.0052357457197516055,0.08349152570548668,True,0.000134625,0.00320074,,190.70194,1536,7.25870778438267,4.324914828435218
"{""g"": {}, ""r"": {""FFT coefficients"": true, ""Light symmetry"": true, ""initial fit compare"": true, ""isophote variability"": true}, ""z"": {}}",23.107741137851445,True,success,WALLABY J132558-233802,10.18090291580932,0.11483233238016609,4,48,,,,,,0.000128563,0.00297729,,224.23794,1792,7.342199310088157,4.374661112250258
"{""g"": {}, ""r"": {""FFT coefficients"": true, ""Light symmetry"": false, ""initial fit compare"": true, ""isophote variability"": true}, ""z"": {}}",6.693489503811683,True,success,WALLABY J132558-242128,8.5474941601233,0.1700865778753703,2,35,0.00042037913047501184,1.1616799965293012,0.09009868524787379,0.38527679828795813,False,5.33222e-06,0.00428238,,116.78126,1024,3.465281501744922,2.0646990892571764
"{""g"": {}, ""r"": {""FFT coefficients"": true, ""Light symmetry"": false, ""initial fit compare"": true, ""isophote variability"": true}, ""z"": {}}",5.531809507282381,True,success,WALLABY J132558-242128,8.457395474875426,0.17362610178485022,2,33,0.000721569468218679,0.5028917733893081,0.0678802675688015,0.22863231172773535,False,7.14954e-06,0.00436372,,150.31726,1280,3.080004703456964,1.8351417923574846
"{""g"": {}, ""r"": {""FFT coefficients"": true, ""Light symmetry"": false, ""initial fit compare"": true, ""isophote variability"": true}, ""z"": {}}",5.028917733893073,True,success,WALLABY J132558-242128,8.389515207306625,0.18358172089686256,2,32,0.005666741339399056,1.6645717699186093,0.16310229361234185,0.5789030428857074,False,1.03132e-05,0.00440511,,183.85326,1536,2.8513723917292286,1.6989170944328524
"{""g"": {}, ""r"": {""FFT coefficients"": true, ""Light symmetry"": false, ""initial fit compare"": true, ""isophote variability"": true}, ""z"": {}}",6.693489503811683,True,success,WALLABY J132558-242128,8.552617500918966,0.15792064829231364,2,35,0.008497320396100048,0.6084990458010626,0.04927917358961231,0.1916310368455698,False,3.49767e-05,0.00429954,,217.38926,1792,3.430275434614936,2.0438416221551923
"{""g"": {}, ""r"": {""FFT coefficients"": true, ""Light symmetry"": false, ""initial fit compare"": true, ""isophote variability"": true}, ""z"": {}}",6.08499045801062,True,success,WALLABY J132558-242128,8.503338327329354,0.16328732697152507,2,34,0.00828143663272648,0.0,0.0074836884281115346,0.003818893639366827,True,7.1167e-05,0.00421851,,250.92526,2048,3.238644397769366,1.9296631846893693
"{""g"": {}, ""r"": {""FFT coefficients"": true, ""Light symmetry"": false, ""initial fit compare"": true, ""isophote variability"": true}, ""z"": {}}",6.08499045801062,True,success,WALLABY J132558-242128,8.495854638901243,0.1767581895785624,2,34,,,,,,0.000105868,0.00416192,,284.46126000000004,2304,3.2348255041299994,1.9273877948789886
"{""g"": {}, ""r"": {""FFT coefficients"": true, ""Light symmetry"": true, ""initial fit compare"": true, ""isophote variability"": true}, ""z"": {}}",25.41851525163659,True,success,WALLABY J132607-171123,10.498741214179198,0.13973809434658543,1,49,0.05018722738621666,0.0,0.005576222761304095,0.026327469532240855,False,0.000212453,0.00443327,,125.21766,1024,6.210957021901601,3.70063941416545
"{""g"": {}, ""r"": {""FFT coefficients"": true, ""Light symmetry"": true, ""initial fit compare"": true, ""isophote variability"": true}, ""z"": {}}",25.41851525163659,True,success,WALLABY J132607-171123,10.504317436940502,0.14450163969177907,1,49,0.0005351921072674067,2.5418515251636613,0.0028082119096559666,0.0705079487110174,False,3.90625e-06,0.00387748,,158.75366,1280,6.237284491433842,3.7163259615176036
"{""g"": {}, ""r"": {""FFT coefficients"": true, ""Light symmetry"": true, ""initial fit compare"": true, ""isophote variability"": true}, ""z"": {}}",27.960366776800253,True,success,WALLABY J132607-171123,10.501509225030846,0.1412093386355488,1,50,0.0007112040574768332,4.852625638948808,0.000883589009575303,0.17758067411035316,False,6.04248e-06,0.00410556,,192.28966,1536,6.307792440144859,3.758336314043286
"{""g"": {}, ""r"": {""FFT coefficients"": true, ""Light symmetry"": true, ""initial fit compare"": true, ""isophote variability"": true}, ""z"": {}}",23.107741137851445,True,success,WALLABY J132607-171123,10.50062563602127,0.14498909115037126,2,48,0.0013379159881010865,4.852625638948808,0.009336083133163697,0.17303802469635254,False,8.94165e-06,0.00404729,,225.82566,1792,6.130211766034506,3.6525294247845927
"{""g"": {}, ""r"": {""FFT coefficients"": true, ""Light symmetry"": true, ""initial fit compare"": true, ""isophote variability"": true}, ""z"": {}}",27.960366776800253,True,success,WALLABY J132607-171123,10.509961719154434,0.14286285591678466,2,50,0.0005295556885915823,0.0,0.00013920910170206469,0.029486128217017793,True,3.75366e-06,0.00370804,,259.36166000000003,2048,6.303249790730859,3.7556296929208233
"{""g"": {}, ""r"": {""FFT coefficients"": true, ""Light symmetry"": true, ""initial fit compare"": true, ""isophote variability"": true}, ""z"": {}}",27.960366776800253,True,success,WALLABY J132607-171123,10.510100928256136,0.1448957303410274,2,50,,,,,,1.92261e-06,0.00320738,,292.89766000000003,2304,6.3327359189478765,3.7731982460224227
"{""g"": {}, ""r"": {""FFT coefficients"": true, ""Light symmetry"": true, ""initial fit compare"": true, ""isophote variability"": true}, ""z"": {}}",10.779931780783755,True,success,WALLABY J132612-162649,10.500909000125692,0.13016945152512946,1,40,0.00023901794618754474,0.0,0.002279750720356688,0.009471282564275096,True,2.56348e-06,0.00368499,,126.91542,1024,3.716700688077583,2.2145007618720656
"{""g"": {}, ""r"": {""FFT coefficients"": true, ""Light symmetry"": true, ""initial fit compare"": true, ""isophote variability"": true}, ""z"": {}}",10.779931780783755,True,success,WALLABY J132612-162649,10.498629249405335,0.13179464979101485,1,40,,,,,,3.479e-06,0.00397569,,160.45141999999998,1280,3.726171970641858,2.2201439826247547
"{""g"": {}, ""r"": {""FFT coefficients"": true, ""Light symmetry"": true, ""initial fit compare"": true, ""isophote variability"": true}, ""z"": {}}",59.93552934624482,True,success,WALLABY J132620-223750,11.099699800975017,0.15051407748052137,3,58,0.00045365206267138124,0.0,0.002219716972017949,0.02868958436947011,True,5.91601e-05,0.00386416,,130.3974,1024,17.29563134662276,10.305158259586756
"{""g"": {}, ""r"": {""FFT coefficients"": true, ""Light symmetry"": true, ""initial fit compare"": true, ""isophote variability"": true}, ""z"": {}}",59.93552934624482,True,success,WALLABY J132620-223750,11.097480084003,0.14987041011015936,3,58,,,,,,5.74544e-05,0.0036557,,163.9334,1280,17.26694176225329,10.288064306703278
"{""g"": {}, ""r"": {""FFT coefficients"": true, ""Light symmetry"": true, ""initial fit compare"": true, ""isophote variability"": true}, ""z"": {}}",11.857924958862132,True,success,WALLABY J132621-155739,9.662896649305186,0.17048955180372896,2,41,0.0030534195254893278,0.0,0.025763507376176165,0.018620107892738602,False,1.61463e-05,0.00423069,,124.50240000000001,1024,4.202396674220576,2.5038902558396816
"{""g"": {}, ""r"": {""FFT coefficients"": true, ""Light symmetry"": true, ""initial fit compare"": true, ""isophote variability"": true}, ""z"": {}}",11.857924958862132,True,success,WALLABY J132621-155739,9.688660156681362,0.1692242099131651,2,41,0.00046011997419743544,0.0,0.011360806939295642,0.054508950039286574,True,2.87059e-05,0.00399589,,158.03840000000002,1280,4.183776566327837,2.492795942206388
"{""g"": {}, ""r"": {""FFT coefficients"": true, ""Light symmetry"": true, ""initial fit compare"": true, ""isophote variability"": true}, ""z"": {}}",11.857924958862132,True,success,WALLABY J132621-155739,9.700020963620657,0.16818777242049873,2,41,,,,,,2.69191e-05,0.00377078,,191.57440000000003,1536,4.12926761628855,2.460318182622987
"{""g"": {}, ""r"": {""FFT coefficients"": true, ""Light symmetry"": true, ""initial fit compare"": true, ""isophote variability"": true}, ""z"": {}}",19.09730672549706,True,success,WALLABY J132625-215123,9.88900201984948,0.15545304077441036,2,46,0.01060863072546679,0.0,0.0014913236721465495,0.006460988783679511,False,5.24517e-05,0.00380815,,133.41564000000002,1024,5.98735581924215,3.567412373518014
"{""g"": {}, ""r"": {""FFT coefficients"": true, ""Light symmetry"": true, ""initial fit compare"": true, ""isophote variability"": true}, ""z"": {}}",19.09730672549706,True,success,WALLABY J132625-215123,9.890493343521626,0.15678284667321932,2,46,0.0008650990980099804,0.0,0.008613678925526003,0.026795051366532263,True,1.21005e-05,0.00379909,,166.95164000000003,1280,5.98089483045847,3.5635627590925636
"{""g"": {}, ""r"": {""FFT coefficients"": true, ""Light symmetry"": true, ""initial fit compare"": true, ""isophote variability"": true}, ""z"": {}}",19.09730672549706,True,success,WALLABY J132625-215123,9.899107022447152,0.1604557759239679,2,46,,,,,,8.88032e-06,0.00364556,,200.48764000000003,1536,6.007689881825002,3.5795279030859795
,,,quality_fail,WALLABY J132630-214027,,,,,,,,,,,,r-band AutoProf outputs missing,,1024,,
,,,quality_fail,WALLABY J132630-214027,,,,,,,,,,,,r-band AutoProf outputs missing,,1280,,
,,,quality_fail,WALLABY J132630-214027,,,,,,,,,,,,r-band AutoProf outputs missing,,1536,,
,,,quality_fail,WALLABY J132630-214027,,,,,,,,,,,,r-band AutoProf outputs missing,,1792,,
,,,quality_fail,WALLABY J132630-214027,,,,,,,,,,,,r-band AutoProf outputs missing,,2048,,
,,,quality_fail,WALLABY J132630-214027,,,,,,,,,,,,r-band AutoProf outputs missing,,2304,,
,,,quality_fail,WALLABY J132630-214027,,,,,,,,,,,,r-band AutoProf outputs missing,,2560,,
,,,quality_fail,WALLABY J132630-214027,,,,,,,,,,,,r-band AutoProf outputs missing,,2816,,
,,,quality_fail,WALLABY J132630-214027,,,,,,,,,,,,r-band AutoProf outputs missing,,3072,,
"{""g"": {}, ""r"": {""FFT coefficients"": true, ""Light symmetry"": true, ""initial fit compare"": true, ""isophote variability"": true}, ""z"": {}}",25.41851525163659,True,success,WALLABY J132634-222458,9.123216365928212,0.15307850768090778,2,49,0.007158499016417775,2.310774113785147,0.017543998973435393,0.20000674860520284,False,0.000181827,0.00337786,,132.30476000000002,1024,9.228062421145548,5.498304269639703
"{""g"": {}, ""r"": {""FFT coefficients"": true, ""Light symmetry"": true, ""initial fit compare"": true, ""isophote variability"": true}, ""z"": {}}",23.107741137851445,True,success,WALLABY J132634-222458,9.105672366954776,0.15675657334254722,3,48,0.001701706326941475,2.310774113785147,0.004161471392682969,0.13748383112446305,False,0.000158683,0.0030883,,165.84076000000002,1280,9.028055672540345,5.379135379180872
"{""g"": {}, ""r"": {""FFT coefficients"": true, ""Light symmetry"": true, ""initial fit compare"": true, ""isophote variability"": true}, ""z"": {}}",25.41851525163659,True,success,WALLABY J132634-222458,9.109833838347459,0.15845096013775475,4,49,0.005053802806070856,2.310774113785147,0.0017937869462905098,0.08325264070485083,False,0.000163839,0.0029715,,199.37676000000002,1536,9.165539503664808,5.461051593135592
"{""g"": {}, ""r"": {""FFT coefficients"": true, ""Light symmetry"": true, ""initial fit compare"": true, ""isophote variability"": true}, ""z"": {}}",23.107741137851445,True,success,WALLABY J132634-222458,9.108040051401169,0.15942479431686,4,48,0.003135247645291565,2.310774113785147,8.988582109559218e-05,0.16805773198681884,False,0.000178955,0.00301053,,232.91276000000002,1792,9.082286862959958,5.4114476428201534
"{""g"": {}, ""r"": {""FFT coefficients"": true, ""Light symmetry"": true, ""initial fit compare"": true, ""isophote variability"": true}, ""z"": {}}",25.41851525163659,True,success,WALLABY J132634-222458,9.108129937222264,0.1649526345727924,4,49,0.0026705783105224084,0.0,0.003446607926081313,0.08593456788048925,True,0.000169375,0.00310063,,266.44876,2048,9.250344594946776,5.511580531302976
"{""g"": {}, ""r"": {""FFT coefficients"": true, ""Light symmetry"": true, ""initial fit compare"": true, ""isophote variability"": true}, ""z"": {}}",25.41851525163659,True,success,WALLABY J132634-222458,9.104683329296183,0.16099753735208855,4,49,,,,,,0.000160891,0.00325305,,299.98476,2304,9.164410027066287,5.460378623478399
"{""g"": {}, ""r"": {""FFT coefficients"": true, ""Light symmetry"": true, ""initial fit compare"": true, ""isophote variability"": true}, ""z"": {}}",106.17944630416288,True,success,WALLABY J132635-221419,8.593742277122006,0.1814881590864078,1,64,0.010357104280993762,0.0,0.004979020380600829,0.27522138757218073,False,0.000187935,0.00470484,,120.24228000000002,1024,38.17127561194104,22.743375380058996
"{""g"": {}, ""r"": {""FFT coefficients"": true, ""Light symmetry"": false, ""initial fit compare"": true, ""isophote variability"": true}, ""z"": {}}",106.17944630416288,True,success,WALLABY J132635-221419,8.598721297502607,0.1893951650811826,1,64,0.008372886468718959,10.61794463041629,0.011654800167827162,0.46417062153308564,False,0.000138553,0.00483103,,153.77828000000002,1280,38.44649699951322,22.907358983693577
"{""g"": {}, ""r"": {""FFT coefficients"": true, ""Light symmetry"": false, ""initial fit compare"": true, ""isophote variability"": true}, ""z"": {}}",116.79739093457917,True,success,WALLABY J132635-221419,8.610376097670434,0.19403295853180882,2,65,0.003018863052709607,38.65993639934575,0.048961339990954755,10.205059460377981,False,0.0001788,0.00478262,,187.31428000000002,1536,38.91066762104631,23.18392314134043
"{""g"": {}, ""r"": {""FFT coefficients"": true, ""Light symmetry"": false, ""initial fit compare"": true, ""isophote variability"": true}, ""z"": {}}",155.45732733392492,True,success,WALLABY J132635-221419,8.659337437661389,0.15045970519895535,2,68,0.0346238529546677,26.980197305887827,0.010406227745177077,8.663617518094199,False,0.00019283,0.00451227,,221.27472,1792,49.11572708142429,29.264346034270737
"{""g"": {}, ""r"": {""FFT coefficients"": true, ""Light symmetry"": false, ""initial fit compare"": true, ""isophote variability"": true}, ""z"": {}}",128.4771300280371,True,success,WALLABY J132635-221419,8.669743665406566,0.19316204909374576,2,66,0.00757114043710559,31.950360660616298,0.03863111392169749,4.906583295456528,False,4.41299e-05,0.00407719,,254.38366000000002,2048,40.45210956333009,24.10235178062227
"{""g"": {}, ""r"": {""FFT coefficients"": true, ""Light symmetry"": true, ""initial fit compare"": true, ""isophote variability"": true}, ""z"": {}}",96.5267693674208,True,success,WALLABY J132635-221419,8.631112551484868,0.18825557811339183,2,63,0.0005953952466717621,9.652676936742083,0.010517811353050632,0.45505670566429757,False,1.44e-05,0.00377629,,287.46902,2304,35.54552626787356,21.178889990752573
"{""g"": {}, ""r"": {""FFT coefficients"": true, ""Light symmetry"": true, ""initial fit compare"": true, ""isophote variability"": true}, ""z"": {}}",106.17944630416288,True,success,WALLABY J132635-221419,8.620594740131818,0.21260440249565876,2,64,9.588649112672014e-05,9.652676936742083,0.018920253748646587,0.7971628229279801,False,1.66281e-05,0.00370815,,321.00502,2560,36.00058297353786,21.45002385542485
"{""g"": {}, ""r"": {""FFT coefficients"": true, ""Light symmetry"": false, ""initial fit compare"": true, ""isophote variability"": true}, ""z"": {}}",96.5267693674208,True,success,WALLABY J132635-221419,8.601674486383171,0.2097521776546639,2,63,0.0006669845356299139,0.0,0.014953512216509424,0.10823987720733186,True,1.62729e-05,0.00370061,,354.54102,2816,35.20342015060988,20.97505483670002
"{""g"": {}, ""r"": {""FFT coefficients"": true, ""Light symmetry"": true, ""initial fit compare"": true, ""isophote variability"": true}, ""z"": {}}",96.5267693674208,True,success,WALLABY J132635-221419,8.586720974166662,0.20645914134428814,2,63,,,,,,1.87419e-05,0.00370286,,388.07702,3072,35.31166002781721,21.039546790897322
"{""g"": {}, ""r"": {""FFT coefficients"": false, ""Light symmetry"": true, ""initial fit compare"": true, ""isophote variability"": true}, ""z"": {}}",37.21524817992115,True,success,WALLABY J132648-250524,10.776890695884559,0.14403777486263178,2,53,0.02305212540383707,0.0,0.012191581751373803,0.014504050428587156,False,8.64026e-05,0.00323114,,113.0006,1024,7.996268764617466,4.76437161813487
"{""g"": {}, ""r"": {""FFT coefficients"": false, ""Light symmetry"": true, ""initial fit compare"": true, ""isophote variability"": true}, ""z"": {}}",37.21524817992115,True,success,WALLABY J132648-250524,10.789082277635933,0.14528039816849433,3,53,0.0008123050679374649,0.0,0.00225534331000965,0.027962411215459504,True,0.000158862,0.00305543,,146.5366,1280,8.010772815046053,4.7730134845158165
"{""g"": {}, ""r"": {""FFT coefficients"": false, ""Light symmetry"": true, ""initial fit compare"": true, ""isophote variability"": true}, ""z"": {}}",37.21524817992115,True,success,WALLABY J132648-250524,10.786826934325923,0.1418081602003428,3,53,,,,,,0.000161262,0.00285368,,180.0726,1536,7.982810403830594,4.756352799102259
,,,quality_fail,WALLABY J132709-163509,,,,,,,,,,,,r-band AutoProf outputs missing,,1024,,
,,,quality_fail,WALLABY J132709-163509,,,,,,,,,,,,r-band AutoProf outputs missing,,1280,,
,,,quality_fail,WALLABY J132709-163509,,,,,,,,,,,,r-band AutoProf outputs missing,,1536,,
,,,quality_fail,WALLABY J132709-163509,,,,,,,,,,,,r-band AutoProf outputs missing,,1792,,
,,,quality_fail,WALLABY J132709-163509,,,,,,,,,,,,r-band AutoProf outputs missing,,2048,,
,,,quality_fail,WALLABY J132709-163509,,,,,,,,,,,,r-band AutoProf outputs missing,,2304,,
,,,quality_fail,WALLABY J132709-163509,,,,,,,,,,,,r-band AutoProf outputs missing,,2560,,
,,,quality_fail,WALLABY J132709-163509,,,,,,,,,,,,r-band AutoProf outputs missing,,2816,,
,,,quality_fail,WALLABY J132709-163509,,,,,,,,,,,,r-band AutoProf outputs missing,,3072,,
"{""g"": {}, ""r"": {""FFT coefficients"": true, ""Light symmetry"": true, ""initial fit compare"": true, ""isophote variability"": true}, ""z"": {}}",4.571743394448249,True,success,WALLABY J132746-161514,9.52350825178337,0.21513486034789836,1,31,0.00016939134019348739,0.0,0.0014574373573577049,0.0008515001158314606,True,0.000144907,0.00420981,,117.05898,1024,0.8873432945979631,0.5287007394038075
"{""g"": {}, ""r"": {""FFT coefficients"": true, ""Light symmetry"": true, ""initial fit compare"": true, ""isophote variability"": true}, ""z"": {}}",4.571743394448249,True,success,WALLABY J132746-161514,9.524965689140728,0.21425506897725496,1,31,,,,,,0.000145622,0.00423218,,150.59498,1280,0.8864917944821317,0.5281933949030002
,,,quality_fail,WALLABY J132747-155109,,,,,,,,,,,,invalid retained r cumulative row 0,,1024,,
,,,quality_fail,WALLABY J132747-155109,,,,,,,,,,,,invalid retained r cumulative row 0,,1280,,
,,,quality_fail,WALLABY J132747-155109,,,,,,,,,,,,invalid retained r cumulative row 0,,1536,,
"{""g"": {}, ""r"": {""FFT coefficients"": false, ""Light symmetry"": false, ""initial fit compare"": true, ""isophote variability"": false}, ""z"": {}}",0.7475165770008207,True,success,WALLABY J132747-155109,7.813451485453313,0.6455355431694524,2,12,1.0385976869962608,0.0,0.046552605157570426,0.0028027106441544936,False,9.53674e-09,0.000231405,,213.83653999999999,1792,0.5743659323773984,0.3422212068147462
"{""g"": {}, ""r"": {""FFT coefficients"": false, ""Light symmetry"": false, ""initial fit compare"": true, ""isophote variability"": false}, ""z"": {}}",0.7475165770008207,True,success,WALLABY J132747-155109,7.860004090610883,0.5735159222341122,2,12,0.0,0.0,0.028005465434628896,0.001109509024840527,False,0.00025,0.000249995,,247.31752000000003,2048,0.5771686430215529,0.3438911300551881
"{""g"": {}, ""r"": {""FFT coefficients"": false, ""Light symmetry"": false, ""initial fit compare"": true, ""isophote variability"": false}, ""z"": {}}",0.7475165770008207,True,success,WALLABY J132747-155109,7.831998625176254,0.5972124266758747,2,12,0.0,0.0,0.0010737745375513086,6.537767810987916e-05,True,0.00025,0.000249995,,280.85352,2304,0.5760591339967124,0.3432300575645528
"{""g"": {}, ""r"": {""FFT coefficients"": false, ""Light symmetry"": false, ""initial fit compare"": true, ""isophote variability"": false}, ""z"": {}}",0.7475165770008207,True,success,WALLABY J132747-155109,7.833072399713806,0.5965156559060494,2,12,,,,,,0.00025,0.000249994,,314.38952,2560,0.5759937563186025,0.34319110395215996
,,,quality_fail,WALLABY J132749-180135,,,,,,,,,,,,r-band AutoProf outputs missing,,1024,,
,,,quality_fail,WALLABY J132749-180135,,,,,,,,,,,,r-band AutoProf outputs missing,,1280,,
,,,quality_fail,WALLABY J132749-180135,,,,,,,,,,,,r-band AutoProf outputs missing,,1536,,
,,,quality_fail,WALLABY J132749-180135,,,,,,,,,,,,r-band AutoProf outputs missing,,1792,,
,,,quality_fail,WALLABY J132749-180135,,,,,,,,,,,,r-band AutoProf outputs missing,,2048,,
,,,quality_fail,WALLABY J132749-180135,,,,,,,,,,,,r-band AutoProf outputs missing,,2304,,
,,,quality_fail,WALLABY J132749-180135,,,,,,,,,,,,r-band AutoProf outputs missing,,2560,,
"{""g"": {}, ""r"": {""FFT coefficients"": true, ""Light symmetry"": true, ""initial fit compare"": true, ""isophote variability"": true}, ""z"": {}}",8.90903452957335,True,success,WALLABY J132749-240921,8.523258147698897,0.15470665079108536,2,38,0.014780299397317091,0.0,0.003383316190312513,0.001779213203988661,False,7.15333e-05,0.00386219,,128.3145,1024,4.190202176991457,2.496624477486543
"{""g"": {}, ""r"": {""FFT coefficients"": true, ""Light symmetry"": true, ""initial fit compare"": true, ""isophote variability"": true}, ""z"": {}}",8.90903452957335,True,success,WALLABY J132749-240921,8.519874831508584,0.15898595774472712,2,38,0.007990099241826799,0.0,0.007581515404266881,0.005237437776743903,True,0.000128552,0.00385331,,161.8505,1280,4.188422963787469,2.4955643789404305
"{""g"": {}, ""r"": {""FFT coefficients"": true, ""Light symmetry"": true, ""initial fit compare"": true, ""isophote variability"": true}, ""z"": {}}",8.90903452957335,True,success,WALLABY J132749-240921,8.512293316104317,0.15921403444056478,2,38,,,,,,0.000159251,0.00383095,,195.3865,1536,4.183185526010725,2.492443785995171
"{""g"": {}, ""r"": {""FFT coefficients"": true, ""Light symmetry"": true, ""initial fit compare"": true, ""isophote variability"": true}, ""z"": {}}",10.779931780783755,True,success,WALLABY J132751-240335,9.195596389502677,0.155104665981488,1,40,0.00030125073599443286,0.0,0.0025436266212004455,0.00986582826015825,True,0.000165232,0.00355984,,127.73024,1024,3.043432052306149,1.813350916353678
"{""g"": {}, ""r"": {""FFT coefficients"": true, ""Light symmetry"": true, ""initial fit compare"": true, ""isophote variability"": true}, ""z"": {}}",10.779931780783755,True,success,WALLABY J132751-240335,9.198140016123878,0.15712922735740917,1,40,,,,,,0.000166309,0.00359035,,161.26624,1280,3.053297880566307,1.8192292170381275
"{""g"": {}, ""r"": {""FFT coefficients"": true, ""Light symmetry"": true, ""initial fit compare"": true, ""isophote variability"": true}, ""z"": {}}",23.107741137851445,True,success,WALLABY J132807-162439,8.459227258627758,0.1675875552265773,2,48,0.044428006343992334,0.0,0.004520871875850929,0.03251246542482633,False,0.000108411,0.00406986,,128.25948,1024,5.3043584395045285,3.1604659054751685
"{""g"": {}, ""r"": {""FFT coefficients"": true, ""Light symmetry"": true, ""initial fit compare"": true, ""isophote variability"": true}, ""z"": {}}",23.107741137851445,True,success,WALLABY J132807-162439,8.454706386751907,0.16630751461843196,2,48,0.013176384398458385,0.0,0.006313266715809007,0.020842665952382156,False,0.000285591,0.00390619,,161.79548,1280,5.271845974079702,3.1410941869817814
"{""g"": {}, ""r"": {""FFT coefficients"": true, ""Light symmetry"": true, ""initial fit compare"": true, ""isophote variability"": true}, ""z"": {}}",23.107741137851445,True,success,WALLABY J132807-162439,8.448393120036098,0.16467690304520718,2,48,0.01713564921413554,0.0,0.0001346017135777089,0.01923292813601929,False,0.00033631,0.00379228,,195.33148,1536,5.25100330812732,3.128675619143092
"{""g"": {}, ""r"": {""FFT coefficients"": true, ""Light symmetry"": true, ""initial fit compare"": true, ""isophote variability"": true}, ""z"": {}}",23.107741137851445,True,success,WALLABY J132807-162439,8.44825851832252,0.162994945808967,2,48,0.06500365827999757,0.0,0.009318304163507207,0.03939290213686597,False,0.000272122,0.00369947,,228.86748,1792,5.270236236263339,3.1401350659978977
"{""g"": {}, ""r"": {""FFT coefficients"": true, ""Light symmetry"": true, ""initial fit compare"": true, ""isophote variability"": true}, ""z"": {}}",23.107741137851445,True,success,WALLABY J132807-162439,8.457576822486027,0.16910822148598365,2,48,0.00897544983638223,0.0,0.004155113554302758,0.02797724059742901,True,3.26859e-05,0.00366738,,262.40348,2048,5.309629138400205,3.1636063162049095
"{""g"": {}, ""r"": {""FFT coefficients"": true, ""Light symmetry"": true, ""initial fit compare"": true, ""isophote variability"": true}, ""z"": {}}",23.107741137851445,True,success,WALLABY J132807-162439,8.46173193604033,0.1681952195561075,3,48,,,,,,2.76184e-06,0.0030006,,295.93948,2304,5.337606378997634,3.1802758373253015
"{""g"": {}, ""r"": {""FFT coefficients"": true, ""Light symmetry"": true, ""initial fit compare"": true, ""isophote variability"": true}, ""z"": {}}",27.960366776800253,True,success,WALLABY J132811-240540,9.950462788799086,0.1593670098416173,2,50,0.013222408050659695,0.0,0.004609050739931675,0.030904493354716678,False,0.000233498,0.00357343,,128.80968000000001,1024,10.311070239565458,6.1435866962546894
"{""g"": {}, ""r"": {""FFT coefficients"": true, ""Light symmetry"": true, ""initial fit compare"": true, ""isophote variability"": true}, ""z"": {}}",27.960366776800253,True,success,WALLABY J132811-240540,9.955071839539018,0.1611214988869633,2,50,0.007770068910035261,0.0,0.006336492653144177,0.07796035376252597,True,0.000187248,0.00342227,,162.34568000000002,1280,10.280165746210741,6.125173046670577
"{""g"": {}, ""r"": {""FFT coefficients"": true, ""Light symmetry"": true, ""initial fit compare"": true, ""isophote variability"": true}, ""z"": {}}",27.960366776800253,True,success,WALLABY J132811-240540,9.961408332192162,0.15554499647245335,2,50,,,,,,0.000160784,0.00338951,,195.88168000000002,1536,10.358126099973267,6.171623723572469
"{""g"": {}, ""r"": {""FFT coefficients"": false, ""Light symmetry"": false, ""initial fit compare"": true, ""isophote variability"": false}, ""z"": {}}",17.361187932270052,True,success,WALLABY J132812-245827,10.882449231108492,0.3831088221478522,2,45,0.0012715610462429533,0.0,0.01308973360499266,0.004442090375005314,True,1.87084e-05,0.00419405,,112.94558,1024,7.607370465783579,4.5326565430358725
"{""g"": {}, ""r"": {""FFT coefficients"": false, ""Light symmetry"": false, ""initial fit compare"": true, ""isophote variability"": false}, ""z"": {}}",17.361187932270052,True,success,WALLABY J132812-245827,10.869359497503499,0.39293317203764844,2,45,,,,,,2.38676e-05,0.0039207,,146.48158,1280,7.6118125561585845,4.535303248634553
,,,quality_fail,WALLABY J132825-253528,,,,,,,,,,,,r-band AutoProf outputs missing,,1024,,
,,,quality_fail,WALLABY J132825-253528,,,,,,,,,,,,r-band AutoProf outputs missing,,1280,,
,,,quality_fail,WALLABY J132825-253528,,,,,,,,,,,,r-band AutoProf outputs missing,,1536,,
,,,quality_fail,WALLABY J132825-253528,,,,,,,,,,,,r-band AutoProf outputs missing,,1792,,
,,,quality_fail,WALLABY J132825-253528,,,,,,,,,,,,r-band AutoProf outputs missing,,2048,,
,,,quality_fail,WALLABY J132825-253528,,,,,,,,,,,,r-band AutoProf outputs missing,,2304,,
,,,quality_fail,WALLABY J132825-253528,,,,,,,,,,,,r-band AutoProf outputs missing,,2560,,
,,,quality_fail,WALLABY J132825-253528,,,,,,,,,,,,r-band AutoProf outputs missing,,2816,,
,,,quality_fail,WALLABY J132825-253528,,,,,,,,,,,,r-band AutoProf outputs missing,,3072,,
"{""g"": {}, ""r"": {""FFT coefficients"": true, ""Light symmetry"": false, ""initial fit compare"": true, ""isophote variability"": true}, ""z"": {}}",21.007037398046766,True,success,WALLABY J132859-234535,9.481357857433721,0.14721331616605737,1,47,0.008956375194394016,2.100703739804679,0.15537353259356657,1.1374229797591031,False,0.000148308,0.00325298,,130.54412,1024,9.20885321010531,5.486858954008013
"{""g"": {}, ""r"": {""FFT coefficients"": true, ""Light symmetry"": false, ""initial fit compare"": true, ""isophote variability"": true}, ""z"": {}}",23.107741137851445,True,success,WALLABY J132859-234535,9.636731390027288,0.1549480940623626,1,48,0.0043774790346728844,2.100703739804679,0.014771131430519446,0.10414853309637895,False,0.000119397,0.00320298,,162.08892,1280,8.071430230346207,4.809154649400649
"{""g"": {}, ""r"": {""FFT coefficients"": true, ""Light symmetry"": true, ""initial fit compare"": true, ""isophote variability"": true}, ""z"": {}}",21.007037398046766,True,success,WALLABY J132859-234535,9.621960258596769,0.15199289517620998,1,47,0.0028650951803351715,0.0,0.0008439376760609463,0.02190039801109389,True,0.000105392,0.00319568,,195.62492,1536,7.967281697249828,4.747100417638154
"{""g"": {}, ""r"": {""FFT coefficients"": true, ""Light symmetry"": true, ""initial fit compare"": true, ""isophote variability"": true}, ""z"": {}}",21.007037398046766,True,success,WALLABY J132859-234535,9.621116320920708,0.15372207493226275,1,47,,,,,,9.61327e-05,0.00326784,,229.16354,1792,7.989182095260922,4.760149207990426
"{""g"": {}, ""r"": {""FFT coefficients"": true, ""Light symmetry"": false, ""initial fit compare"": true, ""isophote variability"": true}, ""z"": {}}",19.09730672549706,True,success,WALLABY J132911-224640,9.074005061050505,0.1627703331436,1,46,0.002534515764970527,0.0,0.009641864774307507,0.0031169227013911893,True,0.000129555,0.00390761,,132.20520000000002,1024,7.741320840019355,4.612467437345902
"{""g"": {}, ""r"": {""FFT coefficients"": true, ""Light symmetry"": false, ""initial fit compare"": true, ""isophote variability"": true}, ""z"": {}}",19.09730672549706,True,success,WALLABY J132911-224640,9.064363196276197,0.17075550649132443,1,46,,,,,,0.000119685,0.00388086,,165.74120000000002,1280,7.744437762720747,4.6143245757802855
"{""g"": {}, ""r"": {""FFT coefficients"": true, ""Light symmetry"": true, ""initial fit compare"": true, ""isophote variability"": true}, ""z"": {}}",27.960366776800253,True,success,WALLABY J132919-162832,8.841686106736448,0.1830067891828867,1,50,0.0026895277903816466,0.0,0.009760638083722739,0.06407504619049398,True,5.14157e-05,0.00443767,,131.50828,1024,12.115804708821699,7.218891433589325
"{""g"": {}, ""r"": {""FFT coefficients"": true, ""Light symmetry"": true, ""initial fit compare"": true, ""isophote variability"": true}, ""z"": {}}",27.960366776800253,True,success,WALLABY J132919-162832,8.851446744820171,0.18367229409971375,1,50,,,,,,3.96793e-05,0.00428981,,165.04428000000001,1280,12.051729662631205,7.180713961009678
,,,quality_fail,WALLABY J132938-154327,,,,,,,,,,,,r-band AutoProf outputs missing,,1024,,
,,,quality_fail,WALLABY J132938-154327,,,,,,,,,,,,r-band AutoProf outputs missing,,1280,,
,,,quality_fail,WALLABY J132938-154327,,,,,,,,,,,,r-band AutoProf outputs missing,,1536,,
,,,quality_fail,WALLABY J132938-154327,,,,,,,,,,,,r-band AutoProf outputs missing,,1792,,
,,,quality_fail,WALLABY J132938-154327,,,,,,,,,,,,r-band AutoProf outputs missing,,2048,,
,,,quality_fail,WALLABY J132938-154327,,,,,,,,,,,,r-band AutoProf outputs missing,,2304,,
,,,quality_fail,WALLABY J132938-154327,,,,,,,,,,,,r-band AutoProf outputs missing,,2560,,
"{""g"": {}, ""r"": {""FFT coefficients"": true, ""Light symmetry"": true, ""initial fit compare"": true, ""isophote variability"": true}, ""z"": {}}",17.361187932270052,True,success,WALLABY J132947-170153,10.658725855851113,0.14759943096639103,2,45,0.06830317062525113,0.0,0.005030492770503159,0.011753955556744078,False,0.00024957,0.00359596,,124.56528000000002,1024,3.542622113178649,2.1107805085904685
"{""g"": {}, ""r"": {""FFT coefficients"": true, ""Light symmetry"": true, ""initial fit compare"": true, ""isophote variability"": true}, ""z"": {}}",17.361187932270052,True,success,WALLABY J132947-170153,10.663756348621616,0.14927245042323456,2,45,0.0007001559857085385,3.6458494657767133,0.005434661193781665,0.0397226050948607,False,1.32704e-05,0.00332318,,158.10128000000003,1280,3.554376068735393,2.117783801489172
"{""g"": {}, ""r"": {""FFT coefficients"": true, ""Light symmetry"": true, ""initial fit compare"": true, ""isophote variability"": true}, ""z"": {}}",21.007037398046766,True,success,WALLABY J132947-170153,10.669191009815398,0.15109424219798576,2,47,0.00016617169879847588,0.0,0.0027190248320678734,0.002855960619348785,True,1.09296e-05,0.00336333,,191.63728000000003,1536,3.5940986738302536,2.1414514967459595
"{""g"": {}, ""r"": {""FFT coefficients"": true, ""Light symmetry"": true, ""initial fit compare"": true, ""isophote variability"": true}, ""z"": {}}",21.007037398046766,True,success,WALLABY J132947-170153,10.66647198498333,0.14889071167867876,2,47,,,,,,1.03737e-05,0.00332734,,225.17328000000003,1792,3.591242713210905,2.1397498458737996
"{""g"": {}, ""r"": {""FFT coefficients"": true, ""Light symmetry"": true, ""initial fit compare"": true, ""isophote variability"": true}, ""z"": {}}",40.93677299791326,True,success,WALLABY J133019-220858,9.75201968452218,0.1577972113262217,3,54,0.0059005342653819185,4.093677299791331,0.008315142533138697,0.059966864531228126,False,8.92217e-05,0.00385193,,128.88828,1024,11.440508624803401,6.816533585042408
"{""g"": {}, ""r"": {""FFT coefficients"": true, ""Light symmetry"": true, ""initial fit compare"": true, ""isophote variability"": true}, ""z"": {}}",45.03045029770459,True,success,WALLABY J133019-220858,9.760334827055319,0.15309626899936374,3,55,0.0028957602032962447,4.093677299791331,0.007649114386902411,0.09877621944778348,False,0.000112409,0.00400746,,162.42428,1280,11.50047548933463,6.852263302966014
"{""g"": {}, ""r"": {""FFT coefficients"": true, ""Light symmetry"": true, ""initial fit compare"": true, ""isophote variability"": true}, ""z"": {}}",40.93677299791326,True,success,WALLABY J133019-220858,9.752685712668416,0.1540855551679032,3,54,0.0021543482603585892,0.0,0.0029041961870728272,0.025746147907256045,True,0.000100934,0.00391792,,195.96028,1536,11.401699269886846,6.793410026477102
"{""g"": {}, ""r"": {""FFT coefficients"": true, ""Light symmetry"": true, ""initial fit compare"": true, ""isophote variability"": true}, ""z"": {}}",40.93677299791326,True,success,WALLABY J133019-220858,9.749781516481344,0.15761243942762448,3,54,,,,,,0.000109238,0.00379114,,229.49628,1792,11.427445417794102,6.808750208251432
"{""g"": {}, ""r"": {""FFT coefficients"": true, ""Light symmetry"": true, ""initial fit compare"": true, ""isophote variability"": true}, ""z"": {}}",17.361187932270052,True,success,WALLABY J133020-221958,9.167470088929768,0.14454269061476696,1,45,0.00048364853265953187,1.5782898120245523,0.01217448802485599,0.06665174588061307,False,0.000187678,0.00425475,,122.77058000000001,1024,4.0233931267664955,2.3972355839995614
"{""g"": {}, ""r"": {""FFT coefficients"": true, ""Light symmetry"": true, ""initial fit compare"": true, ""isophote variability"": true}, ""z"": {}}",15.7828981202455,True,success,WALLABY J133020-221958,9.155295600904912,0.14357877264429678,2,44,0.023413896634957056,0.0,0.0012930632251180185,0.005840015837817347,False,0.000185672,0.00404053,,156.30658000000003,1280,3.9567413808858825,2.357522851008661
"{""g"": {}, ""r"": {""FFT coefficients"": true, ""Light symmetry"": true, ""initial fit compare"": true, ""isophote variability"": true}, ""z"": {}}",15.7828981202455,True,success,WALLABY J133020-221958,9.154002537679794,0.14368894489436335,2,44,0.006515241927343214,1.5782898120245523,0.008119628573014737,0.035966496708182305,False,9.25986e-05,0.00390974,,189.84258000000003,1536,3.9625813967237,2.3610024746339042
"{""g"": {}, ""r"": {""FFT coefficients"": true, ""Light symmetry"": true, ""initial fit compare"": true, ""isophote variability"": true}, ""z"": {}}",17.361187932270052,True,success,WALLABY J133020-221958,9.162122166252809,0.14322641344593062,2,45,0.003172090070011322,0.0,0.005376584596811895,0.05633219163892056,True,6.71041e-05,0.00391637,,223.37858000000003,1792,3.998547893431882,2.382432189062519
"{""g"": {}, ""r"": {""FFT coefficients"": true, ""Light symmetry"": true, ""initial fit compare"": true, ""isophote variability"": true}, ""z"": {}}",17.361187932270052,True,success,WALLABY J133020-221958,9.16749875084962,0.147096391463027,2,45,,,,,,5.47644e-05,0.0038638,,256.91458,2048,4.054880085070803,2.415996280382134
"{""g"": {}, ""r"": {""FFT coefficients"": true, ""Light symmetry"": true, ""initial fit compare"": true, ""isophote variability"": true}, ""z"": {}}",17.361187932270052,True,success,WALLABY J133031-231420,10.229532912413625,0.22314026633609851,1,45,0.008470376145565839,0.0,0.0020285292066564153,0.013930065095159705,True,-0.000167236,0.00346028,,120.69292,1024,9.332900334722265,5.560769251076989
"{""g"": {}, ""r"": {""FFT coefficients"": true, ""Light symmetry"": true, ""initial fit compare"": true, ""isophote variability"": true}, ""z"": {}}",17.361187932270052,True,success,WALLABY J133031-231420,10.227504383206968,0.22196461505780762,1,45,,,,,,-0.000138011,0.00344024,,154.22892,1280,9.346830399817424,5.569069123021242
,,,quality_fail,WALLABY J133039-214217,,,,,,,,,,,,r-band AutoProf outputs missing,,1024,,
,,,quality_fail,WALLABY J133039-214217,,,,,,,,,,,,r-band AutoProf outputs missing,,1280,,
,,,quality_fail,WALLABY J133039-214217,,,,,,,,,,,,r-band AutoProf outputs missing,,1536,,
,,,quality_fail,WALLABY J133039-214217,,,,,,,,,,,,r-band AutoProf outputs missing,,1792,,
,,,quality_fail,WALLABY J133039-214217,,,,,,,,,,,,r-band AutoProf outputs missing,,2048,,
"{""g"": {}, ""r"": {""FFT coefficients"": true, ""Light symmetry"": true, ""initial fit compare"": true, ""isophote variability"": true}, ""z"": {}}",9.799937982530686,True,success,WALLABY J133039-241626,8.68617092925884,0.17605240000057157,2,39,0.00114294633163242,0.9799937982530693,0.031181482507745883,0.13786948033980195,False,0.000208585,0.00360283,,126.5198,1024,3.7392242125741597,2.2279208261558843
"{""g"": {}, ""r"": {""FFT coefficients"": true, ""Light symmetry"": true, ""initial fit compare"": true, ""isophote variability"": true}, ""z"": {}}",10.779931780783755,True,success,WALLABY J133039-241626,8.717352411766585,0.17367345859773217,2,40,0.011205464780922197,0.0,0.014130997439375292,0.02059919064158544,False,0.000212759,0.0037011,,160.0558,1280,3.8770936929139617,2.310066819302649
"{""g"": {}, ""r"": {""FFT coefficients"": true, ""Light symmetry"": true, ""initial fit compare"": true, ""isophote variability"": true}, ""z"": {}}",10.779931780783755,True,success,WALLABY J133039-241626,8.70322141432721,0.17308905155659254,2,40,0.0011381724131720964,0.9799937982530693,0.0014004333526909107,0.09596577025319553,False,0.000171536,0.00365656,,193.5918,1536,3.8564945022723762,2.2977933199821177
"{""g"": {}, ""r"": {""FFT coefficients"": true, ""Light symmetry"": true, ""initial fit compare"": true, ""isophote variability"": true}, ""z"": {}}",9.799937982530686,True,success,WALLABY J133039-241626,8.701820980974519,0.16895281727032235,2,39,0.006169799129409636,3.2437794722176605,0.030638293879121647,0.2517004730625909,False,0.000167428,0.00356203,,227.1278,1792,3.7605287320191807,2.240614577550409
"{""g"": {}, ""r"": {""FFT coefficients"": true, ""Light symmetry"": true, ""initial fit compare"": true, ""isophote variability"": true}, ""z"": {}}",13.043717454748347,True,success,WALLABY J133039-241626,8.73245927485364,0.1728768354774772,2,42,0.0008333464904285747,3.2437794722176605,0.03983953657613171,0.22576239388707187,False,0.000145657,0.00349525,,260.6638,2048,4.012229205081772,2.3905838476475854
"{""g"": {}, ""r"": {""FFT coefficients"": true, ""Light symmetry"": true, ""initial fit compare"": true, ""isophote variability"": true}, ""z"": {}}",9.799937982530686,True,success,WALLABY J133039-241626,8.692619738277509,0.1777819548970064,2,39,0.004683132992234821,0.0,0.0009257877814992099,0.01433122727612357,True,0.00014856,0.00347184,,294.19980000000004,2304,3.7864668111946997,2.256069116647394
"{""g"": {}, ""r"": {""FFT coefficients"": true, ""Light symmetry"": true, ""initial fit compare"": true, ""isophote variability"": true}, ""z"": {}}",9.799937982530686,True,success,WALLABY J133039-241626,8.693545526059008,0.17000875830138878,2,39,,,,,,0.000132382,0.00343721,,327.73580000000004,2560,3.772135583918576,2.247530222508476
"{""g"": {}, ""r"": {""FFT coefficients"": true, ""Light symmetry"": true, ""initial fit compare"": true, ""isophote variability"": true}, ""z"": {}}",72.52199050895625,True,success,WALLABY J133041-233009,10.937852398304056,0.11344857001061713,1,60,0.0025473409432793495,6.592908228086941,0.007471804417527039,0.006902943524552896,False,0.00017579,0.0027055,,128.5241,1024,8.65292227851871,5.155621769508351
"{""g"": {}, ""r"": {""FFT coefficients"": true, ""Light symmetry"": true, ""initial fit compare"": true, ""isophote variability"": true}, ""z"": {}}",65.92908228086931,True,success,WALLABY J133041-233009,10.930380593886529,0.11563451862400582,1,59,0.01217742437388569,0.0,0.0039007675472593206,0.025276696838373525,False,0.000168881,0.00271898,,162.0601,1280,8.646019334994158,5.15150882768785
"{""g"": {}, ""r"": {""FFT coefficients"": true, ""Light symmetry"": true, ""initial fit compare"": true, ""isophote variability"": true}, ""z"": {}}",65.92908228086931,True,success,WALLABY J133041-233009,10.92647982633927,0.1125115125331141,1,59,0.0066907912503375655,0.0,0.001269694147827849,0.09781254902533298,True,0.000202144,0.00274408,,195.5961,1536,8.671296031832531,5.166569299085437
"{""g"": {}, ""r"": {""FFT coefficients"": true, ""Light symmetry"": true, ""initial fit compare"": true, ""isophote variability"": true}, ""z"": {}}",65.92908228086931,True,success,WALLABY J133041-233009,10.925210132191442,0.11611001298288263,1,59,,,,,,0.000220726,0.00281042,,229.1321,1792,8.573483482807198,5.108290200897069
,,,quality_fail,WALLABY J133042-213957,,,,,,,,,,,,r-band AutoProf outputs missing,,1024,,
"{""g"": {}, ""r"": {""FFT coefficients"": false, ""Light symmetry"": false, ""initial fit compare"": true, ""isophote variability"": false}, ""z"": {}}",8.099122299612137,True,success,WALLABY J133043-234430,8.045431521678271,0.1467888438944281,1,37,0.0015270267782067218,0.0,0.0491899756978329,0.3363513124990094,False,0.000205651,0.00323153,,131.2358,1024,5.731657287677788,3.4150609628232425
"{""g"": {}, ""r"": {""FFT coefficients"": false, ""Light symmetry"": false, ""initial fit compare"": true, ""isophote variability"": false}, ""z"": {}}",8.099122299612137,True,success,WALLABY J133043-234430,7.996241545980438,0.1461199716594585,2,37,0.013576984183079248,0.0,0.03743527482113951,0.33857452480147376,False,0.000200675,0.00328571,,164.7718,1280,6.068008600176797,3.615467264082597
"{""g"": {}, ""r"": {""FFT coefficients"": false, ""Light symmetry"": false, ""initial fit compare"": true, ""isophote variability"": false}, ""z"": {}}",8.099122299612137,True,success,WALLABY J133043-234430,8.033676820801578,0.14515668377383076,2,37,0.009329533713189857,0.0,0.028208685861763172,0.23256314092045027,False,0.000156494,0.00322251,,198.30780000000001,1536,5.729434075375323,3.4137363188040446
"{""g"": {}, ""r"": {""FFT coefficients"": false, ""Light symmetry"": false, ""initial fit compare"": true, ""isophote variability"": false}, ""z"": {}}",8.099122299612137,True,success,WALLABY J133043-234430,8.005468134939814,0.14603368207434053,2,37,0.005920953976750401,3.7588026592499943,0.44173531348205586,0.9450867025999505,False,0.000127013,0.00309742,,231.84380000000002,1792,5.9619972162957735,3.5523031004670793
"{""g"": {}, ""r"": {""FFT coefficients"": false, ""Light symmetry"": false, ""initial fit compare"": true, ""isophote variability"": false}, ""z"": {}}",11.857924958862132,True,success,WALLABY J133043-234430,8.44720344842187,0.21069711389063225,2,41,0.013225468026621556,3.7588026592499943,0.39169145136453487,1.1308280398961443,False,0.000145176,0.00303774,,265.3798,2048,6.907083918895724,4.1154087682590355
"{""g"": {}, ""r"": {""FFT coefficients"": false, ""Light symmetry"": false, ""initial fit compare"": true, ""isophote variability"": false}, ""z"": {}}",8.099122299612137,True,success,WALLABY J133043-234430,8.055511997057335,0.14790829951216403,2,37,0.0033000149186931246,0.0,0.028091768494775238,0.11277651900877927,False,0.000185327,0.00303403,,298.91580000000005,2304,5.77625587899958,3.4416338893915137
"{""g"": {}, ""r"": {""FFT coefficients"": false, ""Light symmetry"": false, ""initial fit compare"": true, ""isophote variability"": false}, ""z"": {}}",8.099122299612137,True,success,WALLABY J133043-234430,8.02742022856256,0.14632382831957522,2,37,0.004448089654233551,0.0,0.03627199466828657,0.009599358736824826,False,0.000195281,0.00299867,,332.45180000000005,2560,5.889032398008359,3.5088288852294482
"{""g"": {}, ""r"": {""FFT coefficients"": false, ""Light symmetry"": false, ""initial fit compare"": true, ""isophote variability"": false}, ""z"": {}}",8.099122299612137,True,success,WALLABY J133043-234430,7.991148233894274,0.14591216919781488,2,37,0.003196868318171504,0.7362838454192868,0.05619354073938965,0.5462052813821279,False,0.000208514,0.0029513,,365.98780000000005,2816,5.879433039271534,3.5031093535748354
"{""g"": {}, ""r"": {""FFT coefficients"": false, ""Light symmetry"": false, ""initial fit compare"": true, ""isophote variability"": false}, ""z"": {}}",7.36283845419285,True,success,WALLABY J133043-234430,8.047341774633663,0.1518748013119804,2,36,,,,,,0.000199147,0.00290881,,399.52380000000005,3072,5.333227757889406,3.177666948261077
"{""g"": {}, ""r"": {""FFT coefficients"": true, ""Light symmetry"": true, ""initial fit compare"": true, ""isophote variability"": true}, ""z"": {}}",37.21524817992115,True,success,WALLABY J133048-251954,10.529266660557488,0.13372643500206163,1,53,0.0024209021278068493,0.0,0.00026111317339250206,0.0030675492882039634,True,0.00013384,0.00470915,,126.76870000000001,1024,12.40640824815218,7.392040097756558
"{""g"": {}, ""r"": {""FFT coefficients"": true, ""Light symmetry"": true, ""initial fit compare"": true, ""isophote variability"": true}, ""z"": {}}",37.21524817992115,True,success,WALLABY J133048-251954,10.52952777373088,0.13400872145340303,3,53,,,,,,0.000122648,0.00453699,,160.30470000000003,1280,12.409475797440384,7.393867818309251
,,,quality_fail,WALLABY J133058-215044,,,,,,,,,,,,r-band AutoProf outputs missing,,1024,,
,,,quality_fail,WALLABY J133058-215044,,,,,,,,,,,,r-band AutoProf outputs missing,,1280,,
,,,quality_fail,WALLABY J133058-215044,,,,,,,,,,,,r-band AutoProf outputs missing,,1536,,
,,,quality_fail,WALLABY J133058-215044,,,,,,,,,,,,r-band AutoProf outputs missing,,1792,,
,,,quality_fail,WALLABY J133058-215044,,,,,,,,,,,,r-band AutoProf outputs missing,,2048,,
,,,quality_fail,WALLABY J133058-215044,,,,,,,,,,,,r-band AutoProf outputs missing,,2304,,
,,,quality_fail,WALLABY J133058-215044,,,,,,,,,,,,r-band AutoProf outputs missing,,2560,,
,,,quality_fail,WALLABY J133058-215044,,,,,,,,,,,,r-band AutoProf outputs missing,,2816,,
,,,quality_fail,WALLABY J133058-215044,,,,,,,,,,,,r-band AutoProf outputs missing,,3072,,
"{""g"": {}, ""r"": {""FFT coefficients"": true, ""Light symmetry"": false, ""initial fit compare"": true, ""isophote variability"": true}, ""z"": {}}",27.960366776800253,True,success,WALLABY J133058-231656,9.456040464786543,0.1359146503584615,1,50,0.014164551358203228,6.953329378753487,0.025866614390782416,0.18839924307823397,False,0.000663212,0.00317605,,125.97484000000001,1024,2.5410257754322334,1.5140050243168186
"{""g"": {}, ""r"": {""FFT coefficients"": true, ""Light symmetry"": false, ""initial fit compare"": true, ""isophote variability"": true}, ""z"": {}}",21.007037398046766,True,success,WALLABY J133058-231656,9.43017385039576,0.13043184062516947,1,47,0.01229305135465341,0.0,0.01785204477303992,0.06384311481217564,False,0.000618738,0.00310357,,159.51084000000003,1280,2.3526265323539994,1.4017521682632776
"{""g"": {}, ""r"": {""FFT coefficients"": true, ""Light symmetry"": false, ""initial fit compare"": true, ""isophote variability"": true}, ""z"": {}}",21.007037398046766,True,success,WALLABY J133058-231656,9.4480258951688,0.1287973326124598,1,47,0.03142114412906791,0.0,0.027177808900511025,0.033761369167876865,False,0.000580554,0.00310872,,193.04684000000003,1536,2.416469647166175,1.4397914504808016
"{""g"": {}, ""r"": {""FFT coefficients"": true, ""Light symmetry"": false, ""initial fit compare"": true, ""isophote variability"": true}, ""z"": {}}",21.007037398046766,True,success,WALLABY J133058-231656,9.475203704069312,0.11920264800231038,2,47,0.03958780376589239,0.0,0.05985529069882389,0.09189186305473385,False,0.000483857,0.00304618,,226.58284000000003,1792,2.450231016334052,1.4599072962318294
"{""g"": {}, ""r"": {""FFT coefficients"": true, ""Light symmetry"": false, ""initial fit compare"": true, ""isophote variability"": true}, ""z"": {}}",21.007037398046766,True,success,WALLABY J133058-231656,9.535058994768136,0.11720973670967595,2,47,0.03391747341525607,0.0,0.08180126536280419,0.07623100578453634,False,0.000365784,0.00291894,,260.11884,2048,2.542122879388786,1.5146587055657368
"{""g"": {}, ""r"": {""FFT coefficients"": true, ""Light symmetry"": false, ""initial fit compare"": true, ""isophote variability"": true}, ""z"": {}}",21.007037398046766,True,success,WALLABY J133058-231656,9.61686026013094,0.1506375858886569,2,47,0.021746125775605484,0.0,0.03466927459736091,0.06013028564299372,False,0.000268614,0.00281085,,293.65484,2304,2.618353885173322,1.5600789948372538
"{""g"": {}, ""r"": {""FFT coefficients"": true, ""Light symmetry"": false, ""initial fit compare"": true, ""isophote variability"": true}, ""z"": {}}",21.007037398046766,True,success,WALLABY J133058-231656,9.6515295347283,0.14609813022853427,3,47,0.015282691865147854,0.0,0.024693158844476315,0.096322583732106,False,0.00020786,0.00277672,,327.19084,2560,2.678484170816316,1.595906083038125
"{""g"": {}, ""r"": {""FFT coefficients"": true, ""Light symmetry"": false, ""initial fit compare"": true, ""isophote variability"": true}, ""z"": {}}",21.007037398046766,True,success,WALLABY J133058-231656,9.626836375883824,0.14277362250543993,3,47,0.007426846587074031,0.0,0.024212703092445054,0.036387558897338135,False,0.000165357,0.00278552,,360.72684,2816,2.774806754548422,1.6532974236280407
"{""g"": {}, ""r"": {""FFT coefficients"": true, ""Light symmetry"": false, ""initial fit compare"": true, ""isophote variability"": true}, ""z"": {}}",21.007037398046766,True,success,WALLABY J133058-231656,9.65104907897627,0.15412692825723645,3,47,,,,,,0.000144726,0.00277027,,394.26284,3072,2.7384191956510837,1.6316168300953666
"{""g"": {}, ""r"": {""FFT coefficients"": true, ""Light symmetry"": true, ""initial fit compare"": true, ""isophote variability"": true}, ""z"": {}}",37.21524817992115,True,success,WALLABY J133059-160809,10.153504058878779,0.12157958445905306,2,53,0.0016329906620125084,0.0,0.013954833657704668,0.011835598446316986,True,1.77423e-05,0.00377415,,124.07534,1024,6.824318785841689,4.066095286871486
"{""g"": {}, ""r"": {""FFT coefficients"": true, ""Light symmetry"": true, ""initial fit compare"": true, ""isophote variability"": true}, ""z"": {}}",37.21524817992115,True,success,WALLABY J133059-160809,10.139549225221074,0.12261643221168238,2,53,,,,,,1.17799e-05,0.00352828,,157.61134,1280,6.836154384288006,4.073147224591588
"{""g"": {}, ""r"": {""FFT coefficients"": false, ""Light symmetry"": false, ""initial fit compare"": true, ""isophote variability"": true}, ""z"": {}}",3.4348184781729882,True,success,WALLABY J133108-164842,9.724013176461087,0.42098146133958964,1,28,0.004934449239935832,0.0,0.0019233931012987426,0.012958414397319595,True,0.000196911,0.00433505,,121.28242000000002,1024,1.003045992411262,0.5976392238182553
"{""g"": {}, ""r"": {""FFT coefficients"": false, ""Light symmetry"": false, ""initial fit compare"": true, ""isophote variability"": true}, ""z"": {}}",3.4348184781729882,True,success,WALLABY J133108-164842,9.725936569562386,0.424009302201893,1,28,,,,,,0.00017624,0.00404319,,154.81842,1280,0.9900875780139424,0.5899182850169226
"{""g"": {}, ""r"": {""FFT coefficients"": true, ""Light symmetry"": true, ""initial fit compare"": true, ""isophote variability"": true}, ""z"": {}}",33.83204379992831,True,success,WALLABY J133113-220341,10.03428884086885,0.13904236105008255,1,52,0.01551924161993482,0.0,0.0014948096876672423,0.025885271085902772,False,0.000275624,0.00691423,,131.262,1024,7.924560600514015,4.721646148056279
"{""g"": {}, ""r"": {""FFT coefficients"": true, ""Light symmetry"": true, ""initial fit compare"": true, ""isophote variability"": true}, ""z"": {}}",33.83204379992831,True,success,WALLABY J133113-220341,10.035783650556517,0.14180803810767553,1,52,0.01685460659993565,0.0,4.559003662585326e-05,0.030361802552246075,False,0.000167805,0.00698065,,164.798,1280,7.950445871599918,4.737069222807731
"{""g"": {}, ""r"": {""FFT coefficients"": true, ""Light symmetry"": true, ""initial fit compare"": true, ""isophote variability"": true}, ""z"": {}}",33.83204379992831,True,success,WALLABY J133113-220341,10.035829240593143,0.14175904754558824,1,52,0.006427188494538124,3.0756403454480257,0.012055012056455539,0.09561647115762995,False,5.30853e-05,0.00663221,,198.334,1536,7.980807674152164,4.755159523998634
"{""g"": {}, ""r"": {""FFT coefficients"": true, ""Light symmetry"": true, ""initial fit compare"": true, ""isophote variability"": true}, ""z"": {}}",30.75640345448028,True,success,WALLABY J133113-220341,10.023774228536688,0.14328409653041352,3,51,0.001451288272326722,0.0,0.0028553975799976428,0.010790471312196459,True,1.29674e-05,0.0058516,,231.87,1792,7.885191202994534,4.698188902472581
"{""g"": {}, ""r"": {""FFT coefficients"": true, ""Light symmetry"": true, ""initial fit compare"": true, ""isophote variability"": true}, ""z"": {}}",30.75640345448028,True,success,WALLABY J133113-220341,10.026629626116685,0.14156757557810523,3,51,,,,,,2.09171e-05,0.00510377,,265.406,2048,7.8744007316823375,4.691759676945094
"{""g"": {}, ""r"": {""FFT coefficients"": true, ""Light symmetry"": true, ""initial fit compare"": true, ""isophote variability"": true}, ""z"": {}}",59.93552934624482,True,success,WALLABY J133115-250859,10.111452676508335,0.11850494346492922,3,58,0.004973052014579234,5.448684486022259,0.01865558873113038,0.1747184054071358,False,9.01367e-05,0.00324673,,128.11014,1024,9.1918031619957,5.476700120220346
"{""g"": {}, ""r"": {""FFT coefficients"": true, ""Light symmetry"": true, ""initial fit compare"": true, ""isophote variability"": true}, ""z"": {}}",54.48684486022256,True,success,WALLABY J133115-250859,10.092797087777205,0.1195942566050527,3,57,0.005862645513287909,0.0,0.0008894259930816162,0.022404813113832134,True,0.000106155,0.00319531,,161.64614,1280,9.017084756588565,5.372598640343767
"{""g"": {}, ""r"": {""FFT coefficients"": true, ""Light symmetry"": true, ""initial fit compare"": true, ""isophote variability"": true}, ""z"": {}}",54.48684486022256,True,success,WALLABY J133115-250859,10.093686513770287,0.12156691220388448,3,57,,,,,,0.000124809,0.00316837,,195.18214,1536,9.039489569702397,5.385947973495435
,,,quality_fail,WALLABY J133117-152046,,,,,,,,,,,,r-band AutoProf outputs missing,,1024,,
,,,quality_fail,WALLABY J133117-152046,,,,,,,,,,,,r-band AutoProf outputs missing,,1280,,
,,,quality_fail,WALLABY J133117-152046,,,,,,,,,,,,r-band AutoProf outputs missing,,1536,,
"{""g"": {}, ""r"": {""FFT coefficients"": true, ""Light symmetry"": false, ""initial fit compare"": true, ""isophote variability"": true}, ""z"": {}}",19.09730672549706,True,success,WALLABY J133134-240142,8.815273820375442,0.17689639757367837,1,46,0.0140065393574687,4.010434412354385,0.037691614617473945,0.15160355457587116,False,0.000227503,0.00329854,,128.5634,1024,8.735006977641772,5.204529831793044
"{""g"": {}, ""r"": {""FFT coefficients"": true, ""Light symmetry"": false, ""initial fit compare"": true, ""isophote variability"": true}, ""z"": {}}",23.107741137851445,True,success,WALLABY J133134-240142,8.852965434992916,0.1671171556273424,2,48,0.018060481817017034,0.0,0.007434018681205856,0.037205346635118985,False,0.000181324,0.00329538,,162.09940000000003,1280,8.886610532217643,5.294858920758352
"{""g"": {}, ""r"": {""FFT coefficients"": true, ""Light symmetry"": false, ""initial fit compare"": true, ""isophote variability"": true}, ""z"": {}}",23.107741137851445,True,success,WALLABY J133134-240142,8.860399453674122,0.16702576921894502,2,48,0.0033600591917211198,2.100703739804679,0.019949483405587998,0.03299812412966574,False,0.000123531,0.00310456,,195.63540000000003,1536,8.849405185582524,5.272691069380521
"{""g"": {}, ""r"": {""FFT coefficients"": true, ""Light symmetry"": false, ""initial fit compare"": true, ""isophote variability"": true}, ""z"": {}}",21.007037398046766,True,success,WALLABY J133134-240142,8.840449970268534,0.17338337818073993,2,47,0.00844488508586174,2.100703739804679,0.019518891187331633,0.05986286592768231,False,0.000113404,0.00292331,,229.17140000000003,1792,8.88240330971219,5.292352155154767
"{""g"": {}, ""r"": {""FFT coefficients"": true, ""Light symmetry"": false, ""initial fit compare"": true, ""isophote variability"": true}, ""z"": {}}",23.107741137851445,True,success,WALLABY J133134-240142,8.859968861455865,0.16555730409463537,2,48,0.0018228194491952902,0.0,0.004704455757853054,0.051367967379771784,True,0.00013785,0.00286623,,262.7074,2048,8.942266175639872,5.3280199081782875
"{""g"": {}, ""r"": {""FFT coefficients"": true, ""Light symmetry"": false, ""initial fit compare"": true, ""isophote variability"": true}, ""z"": {}}",23.107741137851445,True,success,WALLABY J133134-240142,8.864673317213718,0.1658448458274146,2,48,,,,,,0.000143099,0.00289298,,296.2434,2304,8.8908982082601,5.297413622538116
"{""g"": {}, ""r"": {""FFT coefficients"": true, ""Light symmetry"": true, ""initial fit compare"": true, ""isophote variability"": true}, ""z"": {}}",54.48684486022256,True,success,WALLABY J133138-232047,9.578829867434324,0.13947744669992046,3,57,0.002980625931445606,4.953349532747509,0.02575293319853067,0.4081246050154892,False,6.45883e-05,0.00290935,,131.8908,1024,15.693566412696729,9.350608965873585
"{""g"": {}, ""r"": {""FFT coefficients"": true, ""Light symmetry"": true, ""initial fit compare"": true, ""isophote variability"": true}, ""z"": {}}",49.53349532747505,True,success,WALLABY J133138-232047,9.553076934235794,0.14488934291508856,3,56,0.023067763549097595,0.0,0.007805999928352847,0.03199462847753587,False,5.62383e-05,0.0026935,,165.42680000000001,1280,15.28544180768124,9.10743838944145
"{""g"": {}, ""r"": {""FFT coefficients"": true, ""Light symmetry"": true, ""initial fit compare"": true, ""isophote variability"": true}, ""z"": {}}",49.53349532747505,True,success,WALLABY J133138-232047,9.560882934164146,0.14353175585522393,3,56,0.01947529986295146,4.503045029770462,0.019331019702919505,0.20327688629158303,False,0.000118502,0.00270483,,198.96280000000002,1536,15.317436436158776,9.12650156807367
"{""g"": {}, ""r"": {""FFT coefficients"": true, ""Light symmetry"": true, ""initial fit compare"": true, ""isophote variability"": true}, ""z"": {}}",45.03045029770459,True,success,WALLABY J133138-232047,9.541551914461227,0.14576555212169878,3,55,0.0020240005038697985,14.90507904854023,0.029308350724264187,0.45646340049976253,False,0.000171223,0.00270931,,232.49880000000002,1792,15.114159549867193,9.005384249962017
"{""g"": {}, ""r"": {""FFT coefficients"": true, ""Light symmetry"": true, ""initial fit compare"": true, ""isophote variability"": true}, ""z"": {}}",59.93552934624482,True,success,WALLABY J133138-232047,9.570860265185491,0.13862186087795247,3,58,0.006946168866584633,18.99875634833156,0.047943002416092284,0.695148152072516,False,0.000176686,0.00268891,,266.0348,2048,15.570622950366955,9.277356257666591
"{""g"": {}, ""r"": {""FFT coefficients"": true, ""Light symmetry"": true, ""initial fit compare"": true, ""isophote variability"": true}, ""z"": {}}",40.93677299791326,True,success,WALLABY J133138-232047,9.522917262769399,0.1466357236247363,3,54,0.0033320858492480636,8.596722329561793,0.019210172057416486,0.31514006224615265,False,0.000195344,0.00268326,,299.5708,2304,14.875474798294439,8.863170063627173
"{""g"": {}, ""r"": {""FFT coefficients"": true, ""Light symmetry"": true, ""initial fit compare"": true, ""isophote variability"": true}, ""z"": {}}",49.53349532747505,True,success,WALLABY J133138-232047,9.542127434826815,0.1450133407857184,3,56,0.001668206097645505,0.0,0.013926534417217695,0.054186873619539,True,0.000204292,0.00268755,,333.1068,2560,15.190614860540592,9.050938185547553
"{""g"": {}, ""r"": {""FFT coefficients"": true, ""Light symmetry"": true, ""initial fit compare"": true, ""isophote variability"": true}, ""z"": {}}",49.53349532747505,True,success,WALLABY J133138-232047,9.528200900409598,0.1491798903514727,4,56,,,,,,0.00019984,0.00264992,,366.6428,2816,15.24480173416013,9.083224044158353
"{""g"": {}, ""r"": {""FFT coefficients"": true, ""Light symmetry"": false, ""initial fit compare"": true, ""isophote variability"": false}, ""z"": {}}",0.9949445639880927,True,success,WALLABY J133141-173508,6.30000848280172,0.34790792763317174,1,15,,,,,,0.000211164,0.00401918,,129.54066,1024,0.7152239297495511,0.42614783117193855
,,,quality_fail,WALLABY J133141-173508,,,,,,,,,,,,common uncertainty aperture retains only 0 rows,,1280,,
,,,quality_fail,WALLABY J133141-173508,,,,,,,,,,,,common uncertainty aperture retains only 0 rows,,1536,,
"{""g"": {}, ""r"": {""FFT coefficients"": true, ""Light symmetry"": false, ""initial fit compare"": true, ""isophote variability"": false}, ""z"": {}}",0.9949445639880927,True,success,WALLABY J133141-173508,6.35686304500497,0.35753776837624646,2,15,0.0035386139453079473,0.20893835843749953,0.005511973129673997,0.05599671115678395,True,4.17483e-05,0.00378239,,230.14866,1792,0.6966430584148912,0.41507689563525585
"{""g"": {}, ""r"": {""FFT coefficients"": true, ""Light symmetry"": false, ""initial fit compare"": true, ""isophote variability"": false}, ""z"": {}}",1.2038829224255923,True,success,WALLABY J133141-173508,6.351351071875296,0.340962813941991,2,17,,,,,,5.51077e-05,0.00376825,,263.68466,2048,0.7526397695716751,0.44844109951554406
"{""g"": {}, ""r"": {""FFT coefficients"": true, ""Light symmetry"": true, ""initial fit compare"": true, ""isophote variability"": true}, ""z"": {}}",14.348089200223182,True,success,WALLABY J133141-231608,8.636942143693128,0.14961288268132494,1,43,0.016176825110377935,0.0,0.0021292657934441905,0.00857652549774457,False,0.000224692,0.0029179,,131.33798000000002,1024,5.66941186867286,3.37797362666738
"{""g"": {}, ""r"": {""FFT coefficients"": true, ""Light symmetry"": true, ""initial fit compare"": true, ""isophote variability"": true}, ""z"": {}}",14.348089200223182,True,success,WALLABY J133141-231608,8.639071409486572,0.16237781237472154,1,43,0.0051369560434420345,0.0,0.018875563862581046,0.03650741158878912,True,0.00017772,0.00288942,,164.87398,1280,5.677988394170605,3.383083729374842
"{""g"": {}, ""r"": {""FFT coefficients"": true, ""Light symmetry"": true, ""initial fit compare"": true, ""isophote variability"": true}, ""z"": {}}",14.348089200223182,True,success,WALLABY J133141-231608,8.657946973349153,0.15138095654974204,1,43,,,,,,0.000162894,0.00288287,,198.40998,1536,5.714495805759394,3.4048357340591813
"{""g"": {}, ""r"": {""FFT coefficients"": true, ""Light symmetry"": true, ""initial fit compare"": true, ""isophote variability"": true}, ""z"": {}}",14.348089200223182,True,success,WALLABY J133151-173014,9.299482690618937,0.1508819305749108,1,43,0.007785998143466413,0.0,0.00027112978626497863,0.0072636930924145915,True,6.12674e-05,0.00487103,,116.01884,1024,5.0921252771025864,3.0340122199951263
"{""g"": {}, ""r"": {""FFT coefficients"": true, ""Light symmetry"": true, ""initial fit compare"": true, ""isophote variability"": true}, ""z"": {}}",14.348089200223182,True,success,WALLABY J133151-173014,9.299753820405202,0.15279265075021822,1,43,,,,,,2.48649e-05,0.00447973,,149.55484,1280,5.099388970195001,3.038340105191466
"{""g"": {}, ""r"": {""FFT coefficients"": true, ""Light symmetry"": true, ""initial fit compare"": true, ""isophote variability"": true}, ""z"": {}}",17.361187932270052,True,success,WALLABY J133152-235603,9.23671348853955,0.1539542420328126,2,45,0.005190194948955164,0.0,0.006246071298093625,0.005699634167561474,True,0.00015975,0.00294884,,120.89728000000001,1024,3.417911918630856,2.0364751383126842
"{""g"": {}, ""r"": {""FFT coefficients"": true, ""Light symmetry"": true, ""initial fit compare"": true, ""isophote variability"": true}, ""z"": {}}",17.361187932270052,True,success,WALLABY J133152-235603,9.242959559837644,0.15331457254607234,2,45,,,,,,0.000144793,0.00281472,,154.43328000000002,1280,3.4236115527984174,2.039871119120863
"{""g"": {}, ""r"": {""FFT coefficients"": true, ""Light symmetry"": false, ""initial fit compare"": true, ""isophote variability"": false}, ""z"": {}}",49.53349532747505,True,success,WALLABY J133207-220728,10.446097064620751,0.13267324912858144,2,56,0.02344291094474808,0.0,0.007641230038604618,0.04213609474813218,False,0.000114124,0.00518545,,117.78734000000001,1024,14.251066720554778,8.491132528210576
"{""g"": {}, ""r"": {""FFT coefficients"": true, ""Light symmetry"": false, ""initial fit compare"": true, ""isophote variability"": false}, ""z"": {}}",49.53349532747505,True,success,WALLABY J133207-220728,10.453738294659356,0.13997013911463035,2,56,0.00017664318726234892,4.953349532747509,0.012589640664279145,0.22592348368787007,False,1.83105e-06,0.00439467,,151.32334000000003,1280,14.29320281530291,8.516238239364927
"{""g"": {}, ""r"": {""FFT coefficients"": true, ""Light symmetry"": false, ""initial fit compare"": true, ""isophote variability"": false}, ""z"": {}}",54.48684486022256,True,success,WALLABY J133207-220728,10.466327935323635,0.13901706285477067,2,57,0.00016227270961026005,4.953349532747509,0.0024962902250216246,0.4807461223665612,False,2.62451e-06,0.00458909,,184.85934000000003,1536,14.51912629899078,8.650848951590548
"{""g"": {}, ""r"": {""FFT coefficients"": true, ""Light symmetry"": false, ""initial fit compare"": true, ""isophote variability"": false}, ""z"": {}}",49.53349532747505,True,success,WALLABY J133207-220728,10.463831645098614,0.13521387024270812,2,56,0.000820797809073554,0.0,0.003977129574037619,0.3182791795847084,True,3.41797e-06,0.00519025,,218.39534000000003,1792,14.03838017662422,8.364408706977134
"{""g"": {}, ""r"": {""FFT coefficients"": true, ""Light symmetry"": false, ""initial fit compare"": true, ""isophote variability"": false}, ""z"": {}}",49.53349532747505,True,success,WALLABY J133207-220728,10.459854515524576,0.13453126241949506,2,56,,,,,,7.93457e-06,0.00581514,,251.93134,2048,14.356659356208928,8.554047191437101
"{""g"": {}, ""r"": {""FFT coefficients"": false, ""Light symmetry"": true, ""initial fit compare"": true, ""isophote variability"": true}, ""z"": {}}",23.107741137851445,True,success,WALLABY J133210-252901,9.53236332822617,0.16469475912481768,1,48,0.02187747257721006,2.310774113785147,0.01921483948879299,0.15783169474348036,False,3.04124e-05,0.00495113,,129.44896,1024,6.832363388661516,4.0708884570965225
"{""g"": {}, ""r"": {""FFT coefficients"": false, ""Light symmetry"": true, ""initial fit compare"": true, ""isophote variability"": true}, ""z"": {}}",25.41851525163659,True,success,WALLABY J133210-252901,9.551578167714963,0.16671187783508262,1,49,0.0008549494917941235,2.5418515251636613,0.005925497658971324,0.08219901900057902,False,0.000140377,0.00510164,,162.98496000000003,1280,6.990195083404997,4.164928423612573
"{""g"": {}, ""r"": {""FFT coefficients"": false, ""Light symmetry"": true, ""initial fit compare"": true, ""isophote variability"": true}, ""z"": {}}",27.960366776800253,True,success,WALLABY J133210-252901,9.557503665373934,0.1649475904863391,1,50,0.0018838209756482382,0.0,0.006225716823109906,0.07557076119777584,True,0.000135998,0.00514224,,196.52096000000003,1536,6.907996064404418,4.1159522467614655
"{""g"": {}, ""r"": {""FFT coefficients"": false, ""Light symmetry"": true, ""initial fit compare"": true, ""isophote variability"": true}, ""z"": {}}",27.960366776800253,True,success,WALLABY J133210-252901,9.551277948550824,0.16973763952114737,1,50,,,,,,0.000126327,0.00512519,,230.05696000000003,1792,6.983566825602193,4.160979146232966
"{""g"": {}, ""r"": {""FFT coefficients"": false, ""Light symmetry"": false, ""initial fit compare"": true, ""isophote variability"": true}, ""z"": {}}",21.007037398046766,True,success,WALLABY J133217-231924,9.74680934197647,0.15477532304486133,2,47,0.0016062200097508408,0.0,0.006679018030100181,0.02202498813595266,True,0.000102813,0.00294609,,128.76776,1024,5.704849226786151,3.3990880674380213
"{""g"": {}, ""r"": {""FFT coefficients"": false, ""Light symmetry"": false, ""initial fit compare"": true, ""isophote variability"": true}, ""z"": {}}",21.007037398046766,True,success,WALLABY J133217-231924,9.75348836000657,0.15260873094076338,2,47,,,,,,9.81183e-05,0.00289956,,162.30376,1280,5.682824238650198,3.385965043255916
"{""g"": {}, ""r"": {""FFT coefficients"": false, ""Light symmetry"": true, ""initial fit compare"": true, ""isophote variability"": false}, ""z"": {}}",49.53349532747505,True,success,WALLABY J133242-233015,10.879695391207527,0.11630693830328834,2,56,0.00199264146155798,4.503045029770462,0.04405739869311631,0.6019069669886239,False,7.58086e-05,0.00358794,,111.01726000000001,1024,7.738927977823779,4.611041711789858
"{""g"": {}, ""r"": {""FFT coefficients"": false, ""Light symmetry"": true, ""initial fit compare"": true, ""isophote variability"": false}, ""z"": {}}",45.03045029770459,True,success,WALLABY J133242-233015,10.83563799251441,0.11206108851216502,2,55,0.016521872633108836,0.0,0.014176452312369747,0.08409689351237404,False,8.28763e-05,0.00350586,,144.55326000000002,1280,7.137021010835155,4.252410886001772
"{""g"": {}, ""r"": {""FFT coefficients"": false, ""Light symmetry"": true, ""initial fit compare"": true, ""isophote variability"": false}, ""z"": {}}",45.03045029770459,True,success,WALLABY J133242-233015,10.84981444482678,0.11676195560197923,2,55,0.00557905004785538,0.0,0.003151048367261211,0.031269397791445996,True,0.000139374,0.00333328,,178.08926000000002,1536,7.221117904347529,4.302517862695274
"{""g"": {}, ""r"": {""FFT coefficients"": false, ""Light symmetry"": true, ""initial fit compare"": true, ""isophote variability"": false}, ""z"": {}}",45.03045029770459,True,success,WALLABY J133242-233015,10.852965493194041,0.11486633658553036,2,55,,,,,,0.000157619,0.00320726,,211.62526000000003,1792,7.189848506556083,4.283886794163292
"{""g"": {}, ""r"": {""FFT coefficients"": true, ""Light symmetry"": true, ""initial fit compare"": true, ""isophote variability"": true}, ""z"": {}}",27.960366776800253,True,success,WALLABY J133245-241711,10.784351859454587,0.1342477599013061,1,50,0.015373682707069512,0.0,0.0012799180488478612,0.01759995816296822,False,0.000178205,0.00359212,,129.56162,1024,7.421469916682206,4.421892469690391
"{""g"": {}, ""r"": {""FFT coefficients"": true, ""Light symmetry"": true, ""initial fit compare"": true, ""isophote variability"": true}, ""z"": {}}",27.960366776800253,True,success,WALLABY J133245-241711,10.783071941405739,0.13387430166841113,1,50,0.0019227280972247385,0.0,0.0029408293986108447,0.0008798970987689003,True,0.000232831,0.00351431,,163.09762,1280,7.403869958519238,4.411405986104066
"{""g"": {}, ""r"": {""FFT coefficients"": true, ""Light symmetry"": true, ""initial fit compare"": true, ""isophote variability"": true}, ""z"": {}}",27.960366776800253,True,success,WALLABY J133245-241711,10.780131112007128,0.1336096608761626,1,50,,,,,,0.000225994,0.00359746,,196.63362,1536,7.4047498556180065,4.4119302502187
"{""g"": {}, ""r"": {""FFT coefficients"": true, ""Light symmetry"": true, ""initial fit compare"": true, ""isophote variability"": true}, ""z"": {}}",27.960366776800253,True,success,WALLABY J133247-222656,9.74062777718943,0.14715982160397306,1,50,0.04177569919288711,0.0,0.003306128246688189,0.014150654746004854,False,0.000309087,0.00584923,,132.30476000000002,1024,6.64023578573919,3.9564141534720862
"{""g"": {}, ""r"": {""FFT coefficients"": true, ""Light symmetry"": true, ""initial fit compare"": true, ""isophote variability"": true}, ""z"": {}}",27.960366776800253,True,success,WALLABY J133247-222656,9.743933905436117,0.14731269360903296,2,50,0.007012725287464785,5.871677023128054,0.006933855788259891,0.09552905495234132,False,6.25051e-05,0.00595581,,165.84076000000002,1280,6.654386440485195,3.9648454581010917
"{""g"": {}, ""r"": {""FFT coefficients"": true, ""Light symmetry"": true, ""initial fit compare"": true, ""isophote variability"": true}, ""z"": {}}",33.83204379992831,True,success,WALLABY J133247-222656,9.750867761224377,0.1472964090791213,2,52,0.0017965425867507887,5.871677023128054,0.0072450728882120785,0.08614535185856909,False,2.08871e-05,0.00591347,,199.37676000000002,1536,6.749915495437536,4.0217639949236785
"{""g"": {}, ""r"": {""FFT coefficients"": true, ""Light symmetry"": true, ""initial fit compare"": true, ""isophote variability"": true}, ""z"": {}}",27.960366776800253,True,success,WALLABY J133247-222656,9.743622688336165,0.14925718987131278,2,50,5.3778126673901693e-05,0.0,0.0001742959798658461,0.004750298110356432,True,1.02089e-05,0.00597403,,232.91276000000002,1792,6.663770143578967,3.9704364968729244
"{""g"": {}, ""r"": {""FFT coefficients"": true, ""Light symmetry"": true, ""initial fit compare"": true, ""isophote variability"": true}, ""z"": {}}",27.960366776800253,True,success,WALLABY J133247-222656,9.7434483923563,0.14877274221511902,4,50,,,,,,1.05367e-05,0.0062168,,266.44876,2048,6.668520441689323,3.9732668401443774
"{""g"": {}, ""r"": {""FFT coefficients"": true, ""Light symmetry"": false, ""initial fit compare"": true, ""isophote variability"": true}, ""z"": {}}",72.52199050895625,True,success,WALLABY J133253-241226,10.875277017088983,0.12837516928474932,2,60,0.02444512041710241,0.0,0.003326560075803897,0.1192198792144481,False,7.51248e-05,0.00345774,,130.77992,1024,11.623435389969353,6.925525805515324
"{""g"": {}, ""r"": {""FFT coefficients"": true, ""Light symmetry"": true, ""initial fit compare"": true, ""isophote variability"": true}, ""z"": {}}",72.52199050895625,True,success,WALLABY J133253-241226,10.87195045701318,0.13008055831749019,2,60,0.013017833058106713,0.0,0.0036163809181832818,0.08504184470137055,False,-5.51843e-06,0.00314016,,164.31592,1280,11.742655269183802,6.996559912242721
"{""g"": {}, ""r"": {""FFT coefficients"": true, ""Light symmetry"": false, ""initial fit compare"": true, ""isophote variability"": true}, ""z"": {}}",72.52199050895625,True,success,WALLABY J133253-241226,10.875566837931363,0.12967767834038108,2,60,0.013985947226997345,0.0,0.0006568478728006255,0.016118072065022915,False,3.44883e-05,0.00300629,,197.85192,1536,11.657613424482431,6.945889910623731
"{""g"": {}, ""r"": {""FFT coefficients"": true, ""Light symmetry"": true, ""initial fit compare"": true, ""isophote variability"": true}, ""z"": {}}",72.52199050895625,True,success,WALLABY J133253-241226,10.876223685804163,0.1284419806889413,2,60,0.00010399709557661132,0.0,0.003923941425190591,0.02345565307719255,True,7.63881e-05,0.00298541,,231.38792,1792,11.641495352417408,6.936286370854602
"{""g"": {}, ""r"": {""FFT coefficients"": true, ""Light symmetry"": true, ""initial fit compare"": true, ""isophote variability"": true}, ""z"": {}}",72.52199050895625,True,success,WALLABY J133253-241226,10.872299744378973,0.12703824093873686,2,60,,,,,,7.66989e-05,0.00299168,,264.92392,2048,11.6649510054946,6.950261820041638
"{""g"": {}, ""r"": {""FFT coefficients"": true, ""Light symmetry"": true, ""initial fit compare"": true, ""isophote variability"": true}, ""z"": {}}",9.799937982530686,True,success,WALLABY J133255-154459,9.830437241884912,0.17005992309883752,1,39,0.008989743333551096,0.0,0.027171267433928392,0.10949880581252946,False,0.000419788,0.0130225,,124.91898,1024,3.9663608603381206,2.363254371075404
"{""g"": {}, ""r"": {""FFT coefficients"": true, ""Light symmetry"": true, ""initial fit compare"": true, ""isophote variability"": true}, ""z"": {}}",9.799937982530686,True,success,WALLABY J133255-154459,9.85760850931884,0.17608980531814014,1,39,0.005562685625471278,0.0,0.04133068572986609,0.18382579056742943,False,0.000302822,0.0129996,,158.45498,1280,3.856862054525591,2.2980123165635167
"{""g"": {}, ""r"": {""FFT coefficients"": true, ""Light symmetry"": true, ""initial fit compare"": true, ""isophote variability"": true}, ""z"": {}}",9.799937982530686,True,success,WALLABY J133255-154459,9.816277823588974,0.16783152511792335,1,39,0.018186825413117114,0.9799937982530693,0.03803129550759721,0.058846987293308395,False,0.000230526,0.0129936,,191.99098,1536,4.040687845093021,2.4075401982595444
"{""g"": {}, ""r"": {""FFT coefficients"": true, ""Light symmetry"": true, ""initial fit compare"": true, ""isophote variability"": true}, ""z"": {}}",10.779931780783755,True,success,WALLABY J133255-154459,9.854309119096571,0.17363496577332335,1,40,0.0006257749093742915,0.0,0.012677433388949666,0.04345970216479422,True,9.0332e-06,0.0113639,,225.52698,1792,4.099534832386329,2.4426026660587237
"{""g"": {}, ""r"": {""FFT coefficients"": true, ""Light symmetry"": true, ""initial fit compare"": true, ""isophote variability"": true}, ""z"": {}}",10.779931780783755,True,success,WALLABY J133255-154459,9.841631685707622,0.17253777233252607,1,40,,,,,,2.53296e-06,0.00941111,,259.06298,2048,4.142994534551123,2.468497014738291
,,,quality_fail,WALLABY J133256-233558,,,,,,,,,,,,invalid retained r cumulative row 0,,1024,,
,,,quality_fail,WALLABY J133256-233558,,,,,,,,,,,,invalid retained r cumulative row 0,,1280,,
,,,quality_fail,WALLABY J133256-233558,,,,,,,,,,,,invalid retained r cumulative row 0,,1536,,
,,,quality_fail,WALLABY J133256-233558,,,,,,,,,,,,invalid retained r cumulative row 0,,1792,,
,,,quality_fail,WALLABY J133256-233558,,,,,,,,,,,,invalid retained r cumulative row 0,,2048,,
,,,quality_fail,WALLABY J133256-233558,,,,,,,,,,,,invalid retained r cumulative row 0,,2304,,
,,,quality_fail,WALLABY J133256-233558,,,,,,,,,,,,invalid retained r cumulative row 0,,2560,,
,,,quality_fail,WALLABY J133256-233558,,,,,,,,,,,,invalid retained r cumulative row 0,,2816,,
,,,quality_fail,WALLABY J133256-233558,,,,,,,,,,,,invalid retained r cumulative row 0,,3072,,
"{""g"": {}, ""r"": {""FFT coefficients"": true, ""Light symmetry"": true, ""initial fit compare"": true, ""isophote variability"": true}, ""z"": {}}",9.799937982530686,True,success,WALLABY J133300-224718,8.964093183354532,0.18312205811168156,2,39,0.005571132664712316,0.0,0.00329917867541063,0.013922709713427572,True,0.000123849,0.00365926,,128.72322,1024,5.392330479316941,3.212881788683884
"{""g"": {}, ""r"": {""FFT coefficients"": true, ""Light symmetry"": true, ""initial fit compare"": true, ""isophote variability"": true}, ""z"": {}}",9.799937982530686,True,success,WALLABY J133300-224718,8.967392362029942,0.18040035930052534,2,39,,,,,,0.000143927,0.00354861,,162.25922,1280,5.406253189030369,3.221177278112616
"{""g"": {}, ""r"": {""FFT coefficients"": true, ""Light symmetry"": true, ""initial fit compare"": true, ""isophote variability"": true}, ""z"": {}}",65.92908228086931,True,success,WALLABY J133301-161437,10.669795816033224,0.1797564841672356,1,59,0.029551515201064468,0.0,0.003907329759757161,0.1899113284644951,False,4.59214e-05,0.00972188,,128.99046,1024,5.155210943748624,3.0716001961533888
"{""g"": {}, ""r"": {""FFT coefficients"": true, ""Light symmetry"": true, ""initial fit compare"": true, ""isophote variability"": true}, ""z"": {}}",65.92908228086931,True,success,WALLABY J133301-161437,10.673703145792981,0.16763237835551575,1,59,0.00156960998123447,0.0,0.007512976464164822,0.09083726332802744,True,0.000335088,0.00984846,,162.52646000000001,1280,4.965299615284129,2.9584464028113997
"{""g"": {}, ""r"": {""FFT coefficients"": true, ""Light symmetry"": true, ""initial fit compare"": true, ""isophote variability"": true}, ""z"": {}}",65.92908228086931,True,success,WALLABY J133301-161437,10.666190169328816,0.1659334214978415,1,59,,,,,,0.000350562,0.00986854,,196.06246000000002,1536,5.056136878612157,3.0125694559513976
,,,quality_fail,WALLABY J133304-241753,,,,,,,,,,,,r-band AutoProf outputs missing,,1024,,
,,,quality_fail,WALLABY J133304-241753,,,,,,,,,,,,r-band AutoProf outputs missing,,1280,,
,,,quality_fail,WALLABY J133304-241753,,,,,,,,,,,,r-band AutoProf outputs missing,,1536,,
,,,quality_fail,WALLABY J133304-241753,,,,,,,,,,,,r-band AutoProf outputs missing,,1792,,
,,,quality_fail,WALLABY J133304-241753,,,,,,,,,,,,r-band AutoProf outputs missing,,2048,,
,,,quality_fail,WALLABY J133304-241753,,,,,,,,,,,,r-band AutoProf outputs missing,,2304,,
,,,quality_fail,WALLABY J133304-241753,,,,,,,,,,,,r-band AutoProf outputs missing,,2560,,
,,,quality_fail,WALLABY J133304-241753,,,,,,,,,,,,r-band AutoProf outputs missing,,2816,,
,,,quality_fail,WALLABY J133304-241753,,,,,,,,,,,,r-band AutoProf outputs missing,,3072,,
"{""g"": {}, ""r"": {""FFT coefficients"": true, ""Light symmetry"": true, ""initial fit compare"": true, ""isophote variability"": true}, ""z"": {}}",33.83204379992831,True,success,WALLABY J133308-233234,10.616901306128971,0.12877635631712187,1,52,0.005721711167493902,3.38320437999284,0.006073551944881572,0.030925034725783007,False,0.00022227,0.00367971,,127.49182,1024,8.236403317862917,4.907449631605177
"{""g"": {}, ""r"": {""FFT coefficients"": true, ""Light symmetry"": true, ""initial fit compare"": true, ""isophote variability"": true}, ""z"": {}}",37.21524817992115,True,success,WALLABY J133308-233234,10.622974858073853,0.12849589389778612,1,53,0.008905857390139037,0.0,0.0011212011615988615,0.004531940219631991,True,0.000243141,0.00361566,,161.02782000000002,1280,8.2673283525887,4.925875520238299
"{""g"": {}, ""r"": {""FFT coefficients"": true, ""Light symmetry"": true, ""initial fit compare"": true, ""isophote variability"": true}, ""z"": {}}",37.21524817992115,True,success,WALLABY J133308-233234,10.621853656912254,0.12922967313687603,1,53,,,,,,0.000211242,0.00354794,,194.56382000000002,1536,8.262796412369068,4.923175279914582
,,,quality_fail,WALLABY J133314-160715,,,,,,,,,,,,r-band AutoProf outputs missing,,1024,,
,,,quality_fail,WALLABY J133314-160715,,,,,,,,,,,,r-band AutoProf outputs missing,,1280,,
,,,quality_fail,WALLABY J133314-160715,,,,,,,,,,,,r-band AutoProf outputs missing,,1536,,
,,,quality_fail,WALLABY J133314-160715,,,,,,,,,,,,r-band AutoProf outputs missing,,1792,,
,,,quality_fail,WALLABY J133314-160715,,,,,,,,,,,,r-band AutoProf outputs missing,,2048,,
,,,quality_fail,WALLABY J133314-160715,,,,,,,,,,,,r-band AutoProf outputs missing,,2304,,
,,,quality_fail,WALLABY J133314-160715,,,,,,,,,,,,r-band AutoProf outputs missing,,2560,,
,,,quality_fail,WALLABY J133314-160715,,,,,,,,,,,,r-band AutoProf outputs missing,,2816,,
,,,quality_fail,WALLABY J133314-160715,,,,,,,,,,,,r-band AutoProf outputs missing,,3072,,
"{""g"": {}, ""r"": {""FFT coefficients"": true, ""Light symmetry"": false, ""initial fit compare"": true, ""isophote variability"": true}, ""z"": {}}",13.043717454748347,True,success,WALLABY J133321-231451,9.605489760655663,0.11741803393276451,2,42,0.028066868094585765,2.7391806654971536,0.02377797083046218,0.3365992884386486,False,0.000219233,0.00303803,,128.3407,1024,5.941980773871834,3.5403768167230125
"{""g"": {}, ""r"": {""FFT coefficients"": true, ""Light symmetry"": false, ""initial fit compare"": true, ""isophote variability"": true}, ""z"": {}}",15.7828981202455,True,success,WALLABY J133321-231451,9.581711789825201,0.11590538263916775,2,44,0.011969088728683672,2.7391806654971536,0.016423654944025756,0.13768947014498156,False,0.000131542,0.00321069,,161.8767,1280,6.278580062310483,3.7409308680847677
"{""g"": {}, ""r"": {""FFT coefficients"": true, ""Light symmetry"": false, ""initial fit compare"": true, ""isophote variability"": true}, ""z"": {}}",13.043717454748347,True,success,WALLABY J133321-231451,9.565288134881175,0.11754848243548488,2,42,0.014969437615336983,2.7391806654971536,0.00015723810699519447,0.23780739965047903,False,0.000170317,0.0032685,,195.4127,1536,6.140890592165501,3.658892129394853
"{""g"": {}, ""r"": {""FFT coefficients"": true, ""Light symmetry"": false, ""initial fit compare"": true, ""isophote variability"": true}, ""z"": {}}",15.7828981202455,True,success,WALLABY J133321-231451,9.56513089677418,0.11687864877385515,2,44,0.004935074682879227,1.4348089200223182,0.008874928952227634,0.11531951747870206,False,0.00021915,0.00325586,,228.9487,1792,6.37869799181598,3.800583568093187
"{""g"": {}, ""r"": {""FFT coefficients"": true, ""Light symmetry"": false, ""initial fit compare"": true, ""isophote variability"": true}, ""z"": {}}",14.348089200223182,True,success,WALLABY J133321-231451,9.574005825726408,0.11735811854076887,2,43,0.018212170132092746,1.3043717454748354,0.0352180807516973,0.34323702798609723,False,0.00020337,0.00313918,,262.4847,2048,6.263378474337278,3.7318733918515283
"{""g"": {}, ""r"": {""FFT coefficients"": true, ""Light symmetry"": false, ""initial fit compare"": true, ""isophote variability"": true}, ""z"": {}}",13.043717454748347,True,success,WALLABY J133321-231451,9.609223906478105,0.1185271906797959,2,42,0.002579702129340654,2.7391806654971536,0.02938754045151093,0.39260163547544114,False,0.000147076,0.00304284,,296.0207,2304,5.920141446351181,3.5273644136558513
"{""g"": {}, ""r"": {""FFT coefficients"": true, ""Light symmetry"": false, ""initial fit compare"": true, ""isophote variability"": true}, ""z"": {}}",15.7828981202455,True,success,WALLABY J133321-231451,9.579836366026594,0.11760275767793506,2,44,0.005513747951464188,0.0,0.013389300130066673,0.016994436722697515,True,0.00013924,0.00303228,,329.5567,2560,6.312743081826622,3.761286026892423
"{""g"": {}, ""r"": {""FFT coefficients"": true, ""Light symmetry"": false, ""initial fit compare"": true, ""isophote variability"": true}, ""z"": {}}",15.7828981202455,True,success,WALLABY J133321-231451,9.59322566615666,0.11865467238016053,2,44,,,,,,0.000122586,0.00300862,,363.0927,2816,6.295748645103925,3.75116032772307
,,,quality_fail,WALLABY J133325-220257,,,,,,,,,,,,r-band AutoProf outputs missing,,1024,,
,,,quality_fail,WALLABY J133325-220257,,,,,,,,,,,,r-band AutoProf outputs missing,,1280,,
,,,quality_fail,WALLABY J133325-220257,,,,,,,,,,,,r-band AutoProf outputs missing,,1536,,
,,,quality_fail,WALLABY J133325-220257,,,,,,,,,,,,r-band AutoProf outputs missing,,1792,,
,,,quality_fail,WALLABY J133325-220257,,,,,,,,,,,,r-band AutoProf outputs missing,,2048,,
,,,quality_fail,WALLABY J133325-220257,,,,,,,,,,,,r-band AutoProf outputs missing,,2304,,
,,,quality_fail,WALLABY J133325-220257,,,,,,,,,,,,r-band AutoProf outputs missing,,2560,,
,,,quality_fail,WALLABY J133325-220257,,,,,,,,,,,,r-band AutoProf outputs missing,,2816,,
,,,quality_fail,WALLABY J133325-220257,,,,,,,,,,,,r-band AutoProf outputs missing,,3072,,
,,,quality_fail,WALLABY J133328-205305,,,,,,,,,,,,r-band AutoProf outputs missing,,1024,,
,,,quality_fail,WALLABY J133328-205305,,,,,,,,,,,,r-band AutoProf outputs missing,,1280,,
,,,quality_fail,WALLABY J133328-205305,,,,,,,,,,,,r-band AutoProf outputs missing,,1536,,
,,,quality_fail,WALLABY J133328-205305,,,,,,,,,,,,r-band AutoProf outputs missing,,1792,,
,,,quality_fail,WALLABY J133328-205305,,,,,,,,,,,,r-band AutoProf outputs missing,,2048,,
,,,quality_fail,WALLABY J133328-205305,,,,,,,,,,,,r-band AutoProf outputs missing,,2304,,
"{""g"": {}, ""r"": {""FFT coefficients"": true, ""Light symmetry"": true, ""initial fit compare"": true, ""isophote variability"": true}, ""z"": {}}",27.960366776800253,True,success,WALLABY J133351-224126,10.595052260752539,0.12818539843245097,1,50,0.0007152356845608364,0.0,0.003194706249761481,0.0010183095264491016,True,0.000165828,0.00488104,,130.44456,1024,7.916597501143353,4.71690153957065
"{""g"": {}, ""r"": {""FFT coefficients"": true, ""Light symmetry"": true, ""initial fit compare"": true, ""isophote variability"": true}, ""z"": {}}",27.960366776800253,True,success,WALLABY J133351-224126,10.5982469670023,0.12856694270665578,1,50,,,,,,0.000162327,0.00490874,,163.98056,1280,7.917615810669802,4.717508273179675
"{""g"": {}, ""r"": {""FFT coefficients"": true, ""Light symmetry"": true, ""initial fit compare"": true, ""isophote variability"": true}, ""z"": {}}",11.857924958862132,True,success,WALLABY J133413-225449,10.169785447776874,0.12906515635962593,2,41,0.006518396214790898,0.0,0.0009010552830588381,0.0028029342406550306,True,0.000152429,0.00431873,,129.8341,1024,2.938657662132857,1.7509237837067804
"{""g"": {}, ""r"": {""FFT coefficients"": true, ""Light symmetry"": true, ""initial fit compare"": true, ""isophote variability"": true}, ""z"": {}}",11.857924958862132,True,success,WALLABY J133413-225449,10.168884392493815,0.12779858133333158,4,41,,,,,,0.000125978,0.00379707,,163.3701,1280,2.935854727892202,1.7492537272420994
"{""g"": {}, ""r"": {""FFT coefficients"": true, ""Light symmetry"": true, ""initial fit compare"": true, ""isophote variability"": true}, ""z"": {}}",19.09730672549706,True,success,WALLABY J133422-234348,9.450590909837516,0.13112411778233166,1,46,0.003379997568015562,0.0,0.0028304346941965264,0.04284941965411271,True,8.58869e-05,0.00388313,,131.78076000000001,1024,8.722263080305131,5.1969367074793915
"{""g"": {}, ""r"": {""FFT coefficients"": true, ""Light symmetry"": true, ""initial fit compare"": true, ""isophote variability"": true}, ""z"": {}}",19.09730672549706,True,success,WALLABY J133422-234348,9.453421344531712,0.13094420447117977,1,46,,,,,,9.90901e-05,0.00392942,,165.31676000000002,1280,8.765112499959244,5.222467434980317
"{""g"": {}, ""r"": {""FFT coefficients"": true, ""Light symmetry"": true, ""initial fit compare"": true, ""isophote variability"": true}, ""z"": {}}",15.7828981202455,True,success,WALLABY J133424-141834,8.19657737338189,0.17618042659455782,1,44,0.023484948476176062,3.9249731613833685,0.08290095860089153,1.0250197919096493,False,0.000195921,0.0031559,,129.60616000000002,1024,7.698920073572458,4.587204028349365
"{""g"": {}, ""r"": {""FFT coefficients"": true, ""Light symmetry"": true, ""initial fit compare"": true, ""isophote variability"": true}, ""z"": {}}",11.857924958862132,True,success,WALLABY J133424-141834,8.113676414780999,0.1947589333709704,1,41,0.0024280847593618,11.11040838186131,2.1261216951847537,6.100150571231768,False,0.000122969,0.00305676,,163.14216,1280,6.673900281662808,3.9764722797855754
"{""g"": {}, ""r"": {""FFT coefficients"": true, ""Light symmetry"": true, ""initial fit compare"": true, ""isophote variability"": true}, ""z"": {}}",0.7475165770008207,True,success,WALLABY J133424-141834,5.987554719596245,0.3346388042572287,1,12,0.010446986911432985,12.296200877747525,2.121619912010738,6.439031018223968,False,0.000130353,0.0030254,,196.67816,1536,0.5737497104310404,0.3418540467757176
"{""g"": {}, ""r"": {""FFT coefficients"": true, ""Light symmetry"": true, ""initial fit compare"": true, ""isophote variability"": true}, ""z"": {}}",13.043717454748347,True,success,WALLABY J133424-141834,8.109174631606983,0.22059675422743022,1,42,0.0020805149816380333,2.7391806654971536,0.08490074706736195,0.6843343064260434,False,0.000161869,0.00300811,,230.21416,1792,7.012780728655009,4.178385500953765
"{""g"": {}, ""r"": {""FFT coefficients"": true, ""Light symmetry"": true, ""initial fit compare"": true, ""isophote variability"": true}, ""z"": {}}",15.7828981202455,True,success,WALLABY J133424-141834,8.194075378674345,0.2015543293228316,2,44,0.006982168910477616,0.0,0.010907325545630897,0.028339441367649876,True,0.000168013,0.00289812,,263.75016,2048,7.697115035081052,4.5861285424682325
"{""g"": {}, ""r"": {""FFT coefficients"": true, ""Light symmetry"": true, ""initial fit compare"": true, ""isophote variability"": true}, ""z"": {}}",15.7828981202455,True,success,WALLABY J133424-141834,8.204982704219976,0.2048650705191952,2,44,,,,,,0.000187993,0.00282503,,297.28616000000005,2304,7.725454476448702,4.60301387162616
"{""g"": {}, ""r"": {""FFT coefficients"": true, ""Light symmetry"": true, ""initial fit compare"": true, ""isophote variability"": true}, ""z"": {}}",8.90903452957335,True,success,WALLABY J133437-211108,9.556088364677533,0.1681225836364708,1,38,0.0002172028015578049,2.215545025761668,0.011653302214632788,0.3319137075417262,False,2.44141e-07,0.00334388,,129.58520000000001,1024,2.8723866711992225,1.7114379137836742
"{""g"": {}, ""r"": {""FFT coefficients"": true, ""Light symmetry"": true, ""initial fit compare"": true, ""isophote variability"": true}, ""z"": {}}",6.693489503811683,True,success,WALLABY J133437-211108,9.567741666892166,0.16613243716445764,1,35,0.0002054645561662774,0.0,0.0032471472303878812,0.00610333344132119,True,1.2207e-06,0.00564826,,163.12120000000002,1280,2.5404729636574963,1.5136756456019131
"{""g"": {}, ""r"": {""FFT coefficients"": true, ""Light symmetry"": true, ""initial fit compare"": true, ""isophote variability"": true}, ""z"": {}}",6.693489503811683,True,success,WALLABY J133437-211108,9.564494519661778,0.17039773539419412,1,35,,,,,,2.53296e-06,0.00712533,,196.65720000000002,1536,2.534369630216175,1.5100391309374095
,,,quality_fail,WALLABY J133439-154115,,,,,,,,,,,,r-band AutoProf outputs missing,,1024,,
,,,quality_fail,WALLABY J133439-154115,,,,,,,,,,,,r-band AutoProf outputs missing,,1280,,
,,,quality_fail,WALLABY J133439-154115,,,,,,,,,,,,r-band AutoProf outputs missing,,1536,,
,,,quality_fail,WALLABY J133439-154115,,,,,,,,,,,,r-band AutoProf outputs missing,,1792,,
,,,quality_fail,WALLABY J133439-154115,,,,,,,,,,,,r-band AutoProf outputs missing,,2048,,
,,,quality_fail,WALLABY J133439-154115,,,,,,,,,,,,r-band AutoProf outputs missing,,2304,,
,,,quality_fail,WALLABY J133439-154115,,,,,,,,,,,,r-band AutoProf outputs missing,,2560,,
,,,quality_fail,WALLABY J133439-154115,,,,,,,,,,,,r-band AutoProf outputs missing,,2816,,
,,,quality_fail,WALLABY J133439-154115,,,,,,,,,,,,r-band AutoProf outputs missing,,3072,,
"{""g"": {}, ""r"": {""FFT coefficients"": true, ""Light symmetry"": true, ""initial fit compare"": true, ""isophote variability"": true}, ""z"": {}}",45.03045029770459,True,success,WALLABY J133440-234722,10.563005697572553,0.12972517686362894,1,55,0.015063079822638695,0.0,0.0014725345880446383,0.0004820986627809276,False,0.000404193,0.00349607,,132.16065999999998,1024,9.168427358110705,5.462772247126139
"{""g"": {}, ""r"": {""FFT coefficients"": true, ""Light symmetry"": true, ""initial fit compare"": true, ""isophote variability"": true}, ""z"": {}}",45.03045029770459,True,success,WALLABY J133440-234722,10.564478232160598,0.12967053748243082,1,55,0.035992755257250125,0.0,0.002949048111965169,0.026864884028418246,False,0.000351724,0.0034705,,165.69665999999998,1280,9.168909456773486,5.463059493247263
"{""g"": {}, ""r"": {""FFT coefficients"": true, ""Light symmetry"": true, ""initial fit compare"": true, ""isophote variability"": true}, ""z"": {}}",45.03045029770459,True,success,WALLABY J133440-234722,10.561529184048633,0.13028115370074536,2,55,0.024242880035173178,4.503045029770462,0.0007022277589907588,0.18596443788771566,False,0.000226428,0.00349179,,199.23265999999998,1536,9.195774340801904,5.4790662452408725
"{""g"": {}, ""r"": {""FFT coefficients"": true, ""Light symmetry"": true, ""initial fit compare"": true, ""isophote variability"": true}, ""z"": {}}",49.53349532747505,True,success,WALLABY J133440-234722,10.560826956289642,0.13472032411358625,2,56,0.0017352869194455383,4.503045029770462,0.0027340875714205737,0.13465635243302465,False,0.000142616,0.00342257,,232.76865999999998,1792,9.38173877868962,5.589868385080781
"{""g"": {}, ""r"": {""FFT coefficients"": true, ""Light symmetry"": true, ""initial fit compare"": true, ""isophote variability"": true}, ""z"": {}}",45.03045029770459,True,success,WALLABY J133440-234722,10.563561043861062,0.13690915853005942,2,55,0.012087984869781515,0.0,0.0030635420485634057,0.05506995750227972,False,0.000136731,0.00336017,,266.30466,2048,9.247082426256595,5.509636851772113
"{""g"": {}, ""r"": {""FFT coefficients"": true, ""Light symmetry"": true, ""initial fit compare"": true, ""isophote variability"": true}, ""z"": {}}",45.03045029770459,True,success,WALLABY J133440-234722,10.566624585909626,0.13633714794339333,2,55,0.016526993983180915,0.0,0.013498231066023436,0.05009254737487012,False,0.000177796,0.00343418,,299.84066,2304,9.302152383758875,5.542448873261026
"{""g"": {}, ""r"": {""FFT coefficients"": true, ""Light symmetry"": true, ""initial fit compare"": true, ""isophote variability"": true}, ""z"": {}}",45.03045029770459,True,success,WALLABY J133440-234722,10.553126354843602,0.1360855958071407,4,55,0.006781237529635455,0.0,0.006712436951840317,0.027372144256467834,True,0.000234435,0.00341994,,333.37666,2560,9.252059836384005,5.512602513912908
"{""g"": {}, ""r"": {""FFT coefficients"": true, ""Light symmetry"": true, ""initial fit compare"": true, ""isophote variability"": true}, ""z"": {}}",45.03045029770459,True,success,WALLABY J133440-234722,10.559838791795443,0.1370906725533289,4,55,,,,,,0.000257546,0.00339622,,366.91266,2816,9.224687692127537,5.49629352392497
"{""g"": {}, ""r"": {""FFT coefficients"": true, ""Light symmetry"": true, ""initial fit compare"": true, ""isophote variability"": true}, ""z"": {}}",13.043717454748347,True,success,WALLABY J133452-175929,10.095184561432147,0.14141914691435248,1,42,0.0,0.0,0.01596420918304453,0.0002853907440236725,True,-4.27246e-07,0.0102195,,128.38786,1024,5.6213636508346605,3.3493453286312733
"{""g"": {}, ""r"": {""FFT coefficients"": true, ""Light symmetry"": true, ""initial fit compare"": true, ""isophote variability"": true}, ""z"": {}}",13.043717454748347,True,success,WALLABY J133452-175929,10.111148770615191,0.1473059838386288,1,42,,,,,,-4.27246e-07,0.0100849,,161.92386,1280,5.621078260090637,3.3491752858774677
"{""g"": {}, ""r"": {""FFT coefficients"": true, ""Light symmetry"": true, ""initial fit compare"": true, ""isophote variability"": true}, ""z"": {}}",0.9949445639880927,True,success,WALLABY J133458-235846,7.8134288328803505,0.38019726991086517,2,15,0.0018195406594038355,2.127617688896442,1.1520939259544134,0.11512511183554464,False,3.19852e-05,0.00318002,,104.10570000000001,1024,0.5491469737335591,0.32719513723923555
"{""g"": {}, ""r"": {""FFT coefficients"": true, ""Light symmetry"": true, ""initial fit compare"": true, ""isophote variability"": true}, ""z"": {}}",3.1225622528845345,True,success,WALLABY J133458-235846,8.965522758834764,0.24313848054708784,2,27,,,,,,3.76822e-05,0.003082,,156.34326000000001,1280,0.6642720855691038,0.3957894818654334
,,,quality_fail,WALLABY J133458-235846,,,,,,,,,,,,r-band AutoProf outputs missing,,1536,,
,,,quality_fail,WALLABY J133458-235846,,,,,,,,,,,,r-band AutoProf outputs missing,,1792,,
,,,quality_fail,WALLABY J133458-235846,,,,,,,,,,,,r-band AutoProf outputs missing,,2048,,
,,,quality_fail,WALLABY J133458-235846,,,,,,,,,,,,r-band AutoProf outputs missing,,2304,,
,,,quality_fail,WALLABY J133458-235846,,,,,,,,,,,,r-band AutoProf outputs missing,,2560,,
"{""g"": {}, ""r"": {""FFT coefficients"": true, ""Light symmetry"": true, ""initial fit compare"": true, ""isophote variability"": true}, ""z"": {}}",3.1225622528845345,True,success,WALLABY J133458-235846,8.974301414244763,0.23697176524034155,2,27,,,,,,0.000135369,0.00295994,,357.55926,2816,0.6646406346252511,0.39600907236628907
,,,quality_fail,WALLABY J133458-235846,,,,,,,,,,,,invalid retained r cumulative row 0,,3072,,
"{""g"": {}, ""r"": {""FFT coefficients"": true, ""Light symmetry"": true, ""initial fit compare"": true, ""isophote variability"": true}, ""z"": {}}",14.348089200223182,True,success,WALLABY J133506-233309,9.329990754654629,0.11460163596090667,1,43,0.01401102517107414,0.0,0.01444628770116374,0.008077002784794729,False,0.000107917,0.00354894,,125.6028,1024,4.082511840807421,2.4324599532108047
"{""g"": {}, ""r"": {""FFT coefficients"": true, ""Light symmetry"": true, ""initial fit compare"": true, ""isophote variability"": true}, ""z"": {}}",14.348089200223182,True,success,WALLABY J133506-233309,9.315544466953465,0.1152817784033805,1,43,0.0051461869933417245,0.0,0.0016718002868465476,0.015591997320247408,True,5.84185e-05,0.00351671,,159.1388,1280,4.0744348380226265,2.4276474782977866
"{""g"": {}, ""r"": {""FFT coefficients"": true, ""Light symmetry"": true, ""initial fit compare"": true, ""isophote variability"": true}, ""z"": {}}",14.348089200223182,True,success,WALLABY J133506-233309,9.317216267240312,0.1163523092676053,1,43,,,,,,7.64696e-05,0.00349862,,192.6748,1536,4.090026835342874,2.436937569925438
,,,quality_fail,WALLABY J133521-145344,,,,,,,,,,,,r-band AutoProf outputs missing,,1024,,
"{""g"": {}, ""r"": {""FFT coefficients"": true, ""Light symmetry"": false, ""initial fit compare"": true, ""isophote variability"": true}, ""z"": {}}",15.7828981202455,True,success,WALLABY J133522-223319,9.90440708465526,0.11634691122345361,1,44,0.00032934185719785087,0.0,0.00821173606019876,0.006918999816357463,True,7.93457e-06,0.00730462,,126.12418,1024,4.743965929070789,2.8265704036706363
"{""g"": {}, ""r"": {""FFT coefficients"": true, ""Light symmetry"": false, ""initial fit compare"": true, ""isophote variability"": true}, ""z"": {}}",15.7828981202455,True,success,WALLABY J133522-223319,9.912618820715458,0.1157798744928808,1,44,,,,,,1.0437e-05,0.00789193,,159.66018,1280,4.737046929254432,2.8224478951205487
"{""g"": {}, ""r"": {""FFT coefficients"": true, ""Light symmetry"": true, ""initial fit compare"": true, ""isophote variability"": true}, ""z"": {}}",25.41851525163659,True,success,WALLABY J133522-232056,9.406820308376513,0.1350294086896064,2,49,0.008507987858622515,5.33788820284369,0.012352637862081295,0.634248258454372,False,4.83976e-05,0.00366099,,126.04034,1024,11.10898228368709,6.619002119208266
"{""g"": {}, ""r"": {""FFT coefficients"": true, ""Light symmetry"": true, ""initial fit compare"": true, ""isophote variability"": true}, ""z"": {}}",30.75640345448028,True,success,WALLABY J133522-232056,9.419172946238595,0.140177365689087,3,51,0.007647792162008099,5.33788820284369,0.020575173909040956,0.5135300564825762,False,1.79433e-05,0.003498,,159.57634000000002,1280,11.743230542141463,6.996902673877283
"{""g"": {}, ""r"": {""FFT coefficients"": true, ""Light symmetry"": true, ""initial fit compare"": true, ""isophote variability"": true}, ""z"": {}}",25.41851525163659,True,success,WALLABY J133522-232056,9.398597772329554,0.14801416695787784,3,49,0.011546088290241485,0.0,0.020103768849565995,0.09210383553160639,False,4.48433e-05,0.00353671,,193.11234000000002,1536,11.229700485658887,6.690928963114721
"{""g"": {}, ""r"": {""FFT coefficients"": true, ""Light symmetry"": true, ""initial fit compare"": true, ""isophote variability"": true}, ""z"": {}}",25.41851525163659,True,success,WALLABY J133522-232056,9.41870154117912,0.15511544908226926,3,49,0.007087046231317622,0.0,0.03804104003062925,0.1850631784307275,False,8.48916e-05,0.00340041,,226.64834000000002,1792,11.13759665012728,6.636051255418118
"{""g"": {}, ""r"": {""FFT coefficients"": true, ""Light symmetry"": true, ""initial fit compare"": true, ""isophote variability"": true}, ""z"": {}}",25.41851525163659,True,success,WALLABY J133522-232056,9.38066050114849,0.14152617969583967,3,49,0.0052087296587599065,0.0,0.003757488422737154,0.06953937841711522,True,0.000108437,0.00324422,,260.18434,2048,11.322659828558008,6.746316402930249
"{""g"": {}, ""r"": {""FFT coefficients"": true, ""Light symmetry"": true, ""initial fit compare"": true, ""isophote variability"": true}, ""z"": {}}",25.41851525163659,True,success,WALLABY J133522-232056,9.384417989571228,0.14562629562254023,3,49,,,,,,0.000125139,0.00316886,,293.72034,2304,11.253120450140893,6.704883148167821
"{""g"": {}, ""r"": {""FFT coefficients"": true, ""Light symmetry"": false, ""initial fit compare"": true, ""isophote variability"": true}, ""z"": {}}",17.361187932270052,True,success,WALLABY J133523-230609,9.389986563700456,0.1512165750818768,3,45,0.002846224955260925,0.0,0.005444618565562109,0.024463538874930357,True,0.000109945,0.00368371,,130.46552,1024,5.19031286125904,3.092514773245738
"{""g"": {}, ""r"": {""FFT coefficients"": true, ""Light symmetry"": false, ""initial fit compare"": true, ""isophote variability"": true}, ""z"": {}}",17.361187932270052,True,success,WALLABY J133523-230609,9.395431182266018,0.147424756706078,4,45,,,,,,9.86607e-05,0.0042456,,164.00152000000003,1280,5.165849322384109,3.0779388011610336
"{""g"": {}, ""r"": {""FFT coefficients"": true, ""Light symmetry"": true, ""initial fit compare"": true, ""isophote variability"": true}, ""z"": {}}",27.960366776800253,True,success,WALLABY J133540-251206,10.235137821334739,0.13734153077593486,1,50,0.005005690286863887,0.0,0.007572193117988846,0.09354633111087285,True,0.000164524,0.00345079,,128.21494,1024,7.449331885395925,4.438493309015901
"{""g"": {}, ""r"": {""FFT coefficients"": true, ""Light symmetry"": true, ""initial fit compare"": true, ""isophote variability"": true}, ""z"": {}}",27.960366776800253,True,success,WALLABY J133540-251206,10.242710014452728,0.13811739353952687,1,50,,,,,,0.00014748,0.00335906,,161.75094,1280,7.3557855542850525,4.382756127332187
"{""g"": {}, ""r"": {""FFT coefficients"": true, ""Light symmetry"": true, ""initial fit compare"": true, ""isophote variability"": true}, ""z"": {}}",19.09730672549706,True,success,WALLABY J133543-174712,9.754538209993243,0.16383128821131024,1,46,0.0028242477547821194,0.0,0.0035770406652808617,0.024657502036155243,True,3.26277e-05,0.00669495,,128.79134000000002,1024,6.668951149848723,3.9735234665523613
"{""g"": {}, ""r"": {""FFT coefficients"": true, ""Light symmetry"": true, ""initial fit compare"": true, ""isophote variability"": true}, ""z"": {}}",19.09730672549706,True,success,WALLABY J133543-174712,9.758115250658523,0.16147534720143383,1,46,,,,,,1.37467e-05,0.00667569,,162.32734000000002,1280,6.644293647812567,3.958831926493705
"{""g"": {}, ""r"": {""FFT coefficients"": true, ""Light symmetry"": true, ""initial fit compare"": true, ""isophote variability"": true}, ""z"": {}}",25.41851525163659,True,success,WALLABY J133545-231543,10.001765319231572,0.13724911402784798,1,49,0.005693450844816672,0.0,0.001190541416621116,0.004919303339114833,True,3.36826e-05,0.00435113,,127.8036,1024,8.551402808432051,5.095133997497838
"{""g"": {}, ""r"": {""FFT coefficients"": true, ""Light symmetry"": true, ""initial fit compare"": true, ""isophote variability"": true}, ""z"": {}}",25.41851525163659,True,success,WALLABY J133545-231543,10.002955860648193,0.1369866755883681,2,49,,,,,,7.37416e-06,0.00489052,,161.3396,1280,8.546483505092937,5.092202956796257
,,,quality_fail,WALLABY J133556-153510,,,,,,,,,,,,r-band AutoProf outputs missing,,1024,,
,,,quality_fail,WALLABY J133556-153510,,,,,,,,,,,,r-band AutoProf outputs missing,,1280,,
,,,quality_fail,WALLABY J133556-153510,,,,,,,,,,,,r-band AutoProf outputs missing,,1536,,
,,,quality_fail,WALLABY J133556-153510,,,,,,,,,,,,r-band AutoProf outputs missing,,1792,,
,,,quality_fail,WALLABY J133556-153510,,,,,,,,,,,,r-band AutoProf outputs missing,,2048,,
,,,quality_fail,WALLABY J133556-153510,,,,,,,,,,,,r-band AutoProf outputs missing,,2304,,
,,,quality_fail,WALLABY J133556-153510,,,,,,,,,,,,r-band AutoProf outputs missing,,2560,,
"{""g"": {}, ""r"": {""FFT coefficients"": false, ""Light symmetry"": false, ""initial fit compare"": true, ""isophote variability"": true}, ""z"": {}}",15.7828981202455,True,success,WALLABY J133556-241859,10.111502099517958,0.13476247541063757,1,44,0.002180778636606895,1.4348089200223182,0.002226934384964352,0.22451619250033694,False,0.000127785,0.00369839,,119.96718,1024,5.2012129672338085,3.0990093217745023
"{""g"": {}, ""r"": {""FFT coefficients"": true, ""Light symmetry"": false, ""initial fit compare"": true, ""isophote variability"": true}, ""z"": {}}",14.348089200223182,True,success,WALLABY J133556-241859,10.109275165132994,0.13867388155804375,1,43,0.019353899289504237,1.4348089200223182,0.005232193302061816,0.14491801312039687,False,0.000119737,0.00368246,,153.50318000000001,1280,4.976696774733472,2.9652371079022637
"{""g"": {}, ""r"": {""FFT coefficients"": true, ""Light symmetry"": false, ""initial fit compare"": true, ""isophote variability"": true}, ""z"": {}}",15.7828981202455,True,success,WALLABY J133556-241859,10.114507358435056,0.13670550038988574,1,44,0.006220370616319143,0.0,0.0016074273940525075,0.005809342150721264,True,0.000190847,0.00366593,,187.03918000000002,1536,5.1216147878538685,3.0515827884929965
"{""g"": {}, ""r"": {""FFT coefficients"": false, ""Light symmetry"": false, ""initial fit compare"": true, ""isophote variability"": true}, ""z"": {}}",15.7828981202455,True,success,WALLABY J133556-241859,10.112899931041003,0.13770192066255554,2,44,,,,,,0.0001686,0.00348702,,220.57518000000002,1792,5.12742413000459,3.055044135988644
"{""g"": {}, ""r"": {""FFT coefficients"": false, ""Light symmetry"": false, ""initial fit compare"": true, ""isophote variability"": false}, ""z"": {}}",87.75160851583708,True,success,WALLABY J133600-205437,10.147141382059159,0.13774686493583363,3,62,0.00011420265110540687,15.229618006880827,0.14428245723347644,0.21891066508681334,False,1.2207e-07,0.00271582,,130.40002,1024,20.220106903192377,12.047631999501878
"{""g"": {}, ""r"": {""FFT coefficients"": true, ""Light symmetry"": false, ""initial fit compare"": true, ""isophote variability"": false}, ""z"": {}}",72.52199050895625,True,success,WALLABY J133600-205437,10.291423839292635,0.13726408364534218,3,60,0.00020097670812201248,6.592908228086941,0.023383199592702297,1.7778742483360048,False,6.10352e-07,0.00583533,,163.93602,1280,20.001196238105564,11.917199695342509
"{""g"": {}, ""r"": {""FFT coefficients"": true, ""Light symmetry"": false, ""initial fit compare"": true, ""isophote variability"": false}, ""z"": {}}",65.92908228086931,True,success,WALLABY J133600-205437,10.268040639699933,0.1602943332360159,3,59,0.0002175274478930183,0.0,0.013012354632305545,0.6177559742317733,False,1.89209e-06,0.00691976,,197.47202000000001,1536,18.22332198976956,10.857898931608094
"{""g"": {}, ""r"": {""FFT coefficients"": true, ""Light symmetry"": false, ""initial fit compare"": true, ""isophote variability"": false}, ""z"": {}}",65.92908228086931,True,success,WALLABY J133600-205437,10.281052994332239,0.1583910013994301,4,59,6.879014272813466e-05,0.0,0.01779134752678324,0.10955382029898075,True,3.41797e-06,0.00710955,,231.00802000000002,1792,18.841077964001332,11.225972981793415
"{""g"": {}, ""r"": {""FFT coefficients"": true, ""Light symmetry"": false, ""initial fit compare"": true, ""isophote variability"": false}, ""z"": {}}",65.92908228086931,True,success,WALLABY J133600-205437,10.263261646805455,0.16407550016107258,4,59,,,,,,3.90625e-06,0.00708667,,264.54402000000005,2048,18.73152414370235,11.16069814831104
,,,quality_fail,WALLABY J133604-195904,,,,,,,,,,,,r-band AutoProf outputs missing,,1024,,
,,,quality_fail,WALLABY J133604-195904,,,,,,,,,,,,r-band AutoProf outputs missing,,1280,,
,,,quality_fail,WALLABY J133604-195904,,,,,,,,,,,,r-band AutoProf outputs missing,,1536,,
,,,quality_fail,WALLABY J133604-195904,,,,,,,,,,,,r-band AutoProf outputs missing,,1792,,
,,,quality_fail,WALLABY J133604-195904,,,,,,,,,,,,r-band AutoProf outputs missing,,2048,,
,,,quality_fail,WALLABY J133604-195904,,,,,,,,,,,,r-band AutoProf outputs missing,,2304,,
,,,quality_fail,WALLABY J133604-195904,,,,,,,,,,,,r-band AutoProf outputs missing,,2560,,
,,,quality_fail,WALLABY J133604-195904,,,,,,,,,,,,r-band AutoProf outputs missing,,2816,,
"{""g"": {}, ""r"": {""FFT coefficients"": true, ""Light symmetry"": false, ""initial fit compare"": true, ""isophote variability"": true}, ""z"": {}}",30.75640345448028,True,success,WALLABY J133607-222504,10.009278885634028,0.12805798693168552,2,51,0.002310008408653525,0.0,0.006440947529162244,0.0005307854088947295,True,3.69973e-05,0.00727065,,129.94152,1024,10.804487707143615,6.4375768368592015
"{""g"": {}, ""r"": {""FFT coefficients"": true, ""Light symmetry"": false, ""initial fit compare"": true, ""isophote variability"": true}, ""z"": {}}",30.75640345448028,True,success,WALLABY J133607-222504,10.002837938104866,0.1252625111949378,4,51,,,,,,5.34117e-05,0.0069409,,163.47752000000003,1280,10.80501849255251,6.4378930917290536
,,,quality_fail,WALLABY J133609-200251,,,,,,,,,,,,r-band AutoProf outputs missing,,1024,,
,,,quality_fail,WALLABY J133609-200251,,,,,,,,,,,,r-band AutoProf outputs missing,,1280,,
,,,quality_fail,WALLABY J133609-200251,,,,,,,,,,,,r-band AutoProf outputs missing,,1536,,
,,,quality_fail,WALLABY J133609-200251,,,,,,,,,,,,r-band AutoProf outputs missing,,1792,,
,,,quality_fail,WALLABY J133609-200251,,,,,,,,,,,,r-band AutoProf outputs missing,,2048,,
,,,quality_fail,WALLABY J133609-200251,,,,,,,,,,,,r-band AutoProf outputs missing,,2304,,
,,,quality_fail,WALLABY J133609-200251,,,,,,,,,,,,r-band AutoProf outputs missing,,2560,,
,,,quality_fail,WALLABY J133609-200251,,,,,,,,,,,,r-band AutoProf outputs missing,,2816,,
,,,quality_fail,WALLABY J133609-200251,,,,,,,,,,,,r-band AutoProf outputs missing,,3072,,
"{""g"": {}, ""r"": {""FFT coefficients"": true, ""Light symmetry"": true, ""initial fit compare"": true, ""isophote variability"": true}, ""z"": {}}",23.107741137851445,True,success,WALLABY J133611-234050,10.419471340894509,0.12763573770074485,1,48,0.019080857693665167,2.100703739804679,0.007992578720473986,0.022475225688085132,False,0.000102134,0.00361944,,126.74512,1024,7.8394992285297596,4.670964511606708
"{""g"": {}, ""r"": {""FFT coefficients"": true, ""Light symmetry"": true, ""initial fit compare"": true, ""isophote variability"": true}, ""z"": {}}",21.007037398046766,True,success,WALLABY J133611-234050,10.411478762174035,0.12876703708801726,2,47,0.0031980598785679368,0.0,0.004226082991040769,0.06293214613566445,True,0.000169982,0.00349219,,160.28112000000002,1280,7.861974454217845,4.684355798284478
"{""g"": {}, ""r"": {""FFT coefficients"": true, ""Light symmetry"": true, ""initial fit compare"": true, ""isophote variability"": true}, ""z"": {}}",21.007037398046766,True,success,WALLABY J133611-234050,10.415704845165076,0.12652931271456047,3,47,,,,,,0.000158984,0.00338573,,193.81712000000002,1536,7.79904230808218,4.646859293384118
"{""g"": {}, ""r"": {""FFT coefficients"": true, ""Light symmetry"": true, ""initial fit compare"": true, ""isophote variability"": true}, ""z"": {}}",17.361187932270052,True,success,WALLABY J133624-165744,9.987991130680808,0.13235766251783515,1,45,0.006522278690937401,3.0130987320468705,0.0054876626605828704,0.11024281867723085,False,8.07465e-05,0.00620221,,127.99748,1024,2.384753410055144,1.420894144202845
"{""g"": {}, ""r"": {""FFT coefficients"": true, ""Light symmetry"": true, ""initial fit compare"": true, ""isophote variability"": true}, ""z"": {}}",14.348089200223182,True,success,WALLABY J133624-165744,9.982503468020225,0.13435435430486314,1,43,0.0015538351909779255,3.0130987320468705,0.004253878540291467,0.12312767710286732,False,4.01987e-05,0.00623142,,161.53348,1280,2.274510591377913,1.3552087887114062
"{""g"": {}, ""r"": {""FFT coefficients"": true, ""Light symmetry"": true, ""initial fit compare"": true, ""isophote variability"": true}, ""z"": {}}",17.361187932270052,True,success,WALLABY J133624-165744,9.986757346560516,0.13530533568866265,1,45,0.0002556990245730299,3.0130987320468705,0.006771881315412287,0.11125783886283358,False,3.0408e-05,0.00637056,,195.06948,1536,2.3976382684807804,1.428571256565354
"{""g"": {}, ""r"": {""FFT coefficients"": true, ""Light symmetry"": true, ""initial fit compare"": true, ""isophote variability"": true}, ""z"": {}}",14.348089200223182,True,success,WALLABY J133624-165744,9.979985465245104,0.13518376048640496,2,43,0.004481328197128394,3.0130987320468705,0.008679060979527975,0.1558744097116378,False,2.87805e-05,0.00635925,,228.60548,1792,2.286380429617947,1.3622811273342532
"{""g"": {}, ""r"": {""FFT coefficients"": true, ""Light symmetry"": true, ""initial fit compare"": true, ""isophote variability"": true}, ""z"": {}}",17.361187932270052,True,success,WALLABY J133624-165744,9.988664526224632,0.13920567362210798,2,45,0.0012856698193042572,0.0,0.0004560578650814051,0.044230444171579286,True,5.69331e-05,0.00620515,,262.14148,2048,2.4422548393295846,1.4551548957735736
"{""g"": {}, ""r"": {""FFT coefficients"": true, ""Light symmetry"": true, ""initial fit compare"": true, ""isophote variability"": true}, ""z"": {}}",17.361187932270052,True,success,WALLABY J133624-165744,9.98820846835955,0.13696261706168497,2,45,,,,,,6.48636e-05,0.00613161,,295.67748,2304,2.3980243951580054,1.4288013202408167
"{""g"": {}, ""r"": {""FFT coefficients"": true, ""Light symmetry"": true, ""initial fit compare"": true, ""isophote variability"": true}, ""z"": {}}",37.21524817992115,True,success,WALLABY J133627-171544,10.90766339438061,0.1364214434760139,1,53,0.013354487092933335,0.0,0.008276901878421228,0.09352598634908027,False,0.000210845,0.0064579,,114.16126000000001,1024,10.314931338063726,6.145887232747581
"{""g"": {}, ""r"": {""FFT coefficients"": true, ""Light symmetry"": true, ""initial fit compare"": true, ""isophote variability"": true}, ""z"": {}}",37.21524817992115,True,success,WALLABY J133627-171544,10.91594029625903,0.14081748788536827,1,53,0.015485072234968257,3.721524817992112,0.0010859335957178473,0.13895351420886115,False,0.000123809,0.00657682,,147.69726,1280,10.408457324412806,6.201612292526877
"{""g"": {}, ""r"": {""FFT coefficients"": true, ""Light symmetry"": true, ""initial fit compare"": true, ""isophote variability"": true}, ""z"": {}}",40.93677299791326,True,success,WALLABY J133627-171544,10.914854362663313,0.14472027618576058,1,54,0.0007544002296820176,0.0,0.005467103339661605,0.0694854004916241,True,1.99356e-05,0.00683912,,181.23326,1536,10.547410838621667,6.284404179446209
"{""g"": {}, ""r"": {""FFT coefficients"": true, ""Light symmetry"": true, ""initial fit compare"": true, ""isophote variability"": true}, ""z"": {}}",40.93677299791326,True,success,WALLABY J133627-171544,10.920321466002974,0.13983093928111062,1,54,,,,,,1.47723e-05,0.00684937,,214.76926,1792,10.477925438130043,6.24300308604601
"{""g"": {}, ""r"": {""FFT coefficients"": true, ""Light symmetry"": false, ""initial fit compare"": true, ""isophote variability"": true}, ""z"": {}}",17.361187932270052,True,success,WALLABY J133627-224910,8.915139300684485,0.1252694798925127,2,45,0.046466647046502454,1.736118793227007,0.04323890290730148,0.16286617682490334,False,0.000294332,0.00385334,,129.28914,1024,7.971585733945703,4.749664867493563
"{""g"": {}, ""r"": {""FFT coefficients"": true, ""Light symmetry"": false, ""initial fit compare"": true, ""isophote variability"": true}, ""z"": {}}",19.09730672549706,True,success,WALLABY J133627-224910,8.958378203591787,0.127270832667604,2,46,0.009922697270619014,0.0,0.03172947388949332,0.04554000614668219,False,0.000119077,0.00368992,,162.82514,1280,8.134451910770606,4.846704501010162
"{""g"": {}, ""r"": {""FFT coefficients"": true, ""Light symmetry"": false, ""initial fit compare"": true, ""isophote variability"": true}, ""z"": {}}",19.09730672549706,True,success,WALLABY J133627-224910,8.99010767748128,0.12414692680148398,4,46,0.016838255152879737,0.0,0.0041397613243479014,0.06733072004632668,False,8.23656e-05,0.00370956,,196.36114,1536,8.088911904623924,4.819570656568239
"{""g"": {}, ""r"": {""FFT coefficients"": true, ""Light symmetry"": false, ""initial fit compare"": true, ""isophote variability"": true}, ""z"": {}}",19.09730672549706,True,success,WALLABY J133627-224910,8.985967916156932,0.12531931180096412,4,46,0.0006160749601058386,0.0,0.025198655134872183,0.29420241498318234,False,2.03317e-05,0.00365865,,229.89714,1792,8.021581184577597,4.779453374238166
"{""g"": {}, ""r"": {""FFT coefficients"": true, ""Light symmetry"": false, ""initial fit compare"": true, ""isophote variability"": true}, ""z"": {}}",19.09730672549706,True,success,WALLABY J133627-224910,8.96076926102206,0.12786054987894452,4,46,0.0009061655474078348,0.0,0.022539995216076747,0.025240065762472952,False,2.25902e-05,0.00367325,,263.43314000000004,2048,8.31578359956078,4.954746336142462
"{""g"": {}, ""r"": {""FFT coefficients"": true, ""Light symmetry"": false, ""initial fit compare"": true, ""isophote variability"": true}, ""z"": {}}",19.09730672549706,True,success,WALLABY J133627-224910,8.938229265805983,0.1315137598993826,4,46,0.0005535291707902153,0.0,0.029992423238482502,0.22783482260152432,False,2.58779e-05,0.00358304,,296.96914000000004,2304,8.290543533798306,4.939707690431767
"{""g"": {}, ""r"": {""FFT coefficients"": true, ""Light symmetry"": false, ""initial fit compare"": true, ""isophote variability"": true}, ""z"": {}}",19.09730672549706,True,success,WALLABY J133627-224910,8.968221689044466,0.12456328440591008,4,46,0.0030345391952141766,0.0,0.011495644776788438,0.08745020885632471,True,2.78439e-05,0.00352047,,330.50514000000004,2560,8.062708711196782,4.803958155945301
"{""g"": {}, ""r"": {""FFT coefficients"": true, ""Light symmetry"": false, ""initial fit compare"": true, ""isophote variability"": true}, ""z"": {}}",19.09730672549706,True,success,WALLABY J133627-224910,8.979717333821254,0.12593342085350256,4,46,,,,,,3.85977e-05,0.00356713,,364.04114000000004,2816,8.150158920053107,4.856063119565164
"{""g"": {}, ""r"": {""FFT coefficients"": false, ""Light symmetry"": false, ""initial fit compare"": true, ""isophote variability"": true}, ""z"": {}}",87.75160851583708,True,success,WALLABY J133629-163858,10.697293007563886,0.13738782123381696,2,62,0.00030603982090121,0.0,0.038411443377230015,0.06780053090870197,False,0.000181883,0.00597411,,131.62618,1024,17.456587870642487,10.401060075466992
"{""g"": {}, ""r"": {""FFT coefficients"": false, ""Light symmetry"": false, ""initial fit compare"": true, ""isophote variability"": true}, ""z"": {}}",87.75160851583708,True,success,WALLABY J133629-163858,10.735704450941116,0.1437922429491095,2,62,0.005698380425365421,0.0,0.002608864278380807,0.290388454150623,True,0.000180084,0.00578253,,165.16218,1280,17.52438840155119,10.441457282547532
"{""g"": {}, ""r"": {""FFT coefficients"": false, ""Light symmetry"": false, ""initial fit compare"": true, ""isophote variability"": true}, ""z"": {}}",87.75160851583708,True,success,WALLABY J133629-163858,10.733095586662735,0.14604159375222173,2,62,,,,,,0.000147461,0.00566739,,198.69818,1536,17.814776855701812,10.614477793727845
"{""g"": {}, ""r"": {""FFT coefficients"": true, ""Light symmetry"": false, ""initial fit compare"": true, ""isophote variability"": false}, ""z"": {}}",7.36283845419285,True,success,WALLABY J133643-201220,8.699730878912971,0.16549041772895967,2,36,7.13094460464894e-05,3.417093326590905,0.18130097618190888,0.3347220948854446,False,7.62939e-07,0.00398285,,125.59494000000001,1024,4.077767088577973,2.429632914310225
"{""g"": {}, ""r"": {""FFT coefficients"": true, ""Light symmetry"": true, ""initial fit compare"": true, ""isophote variability"": true}, ""z"": {}}",10.779931780783755,True,success,WALLABY J133643-201220,8.88103185509488,0.19821398768724327,2,40,0.00020500096143269425,0.9799937982530693,0.03327408748231875,0.0642348886315105,False,1.09863e-06,0.0054322,,159.13094,1280,4.412489183463418,2.6290684880482407
"{""g"": {}, ""r"": {""FFT coefficients"": true, ""Light symmetry"": true, ""initial fit compare"": true, ""isophote variability"": true}, ""z"": {}}",9.799937982530686,True,success,WALLABY J133643-201220,8.847757767612562,0.19460248376082068,2,39,1.8322377481202138e-05,0.9799937982530693,0.048142426759220314,0.16216568248240382,False,2.31934e-06,0.00647711,,192.66694,1536,4.348254294831907,2.590795777450492
"{""g"": {}, ""r"": {""FFT coefficients"": true, ""Light symmetry"": true, ""initial fit compare"": true, ""isophote variability"": true}, ""z"": {}}",10.779931780783755,True,success,WALLABY J133643-201220,8.895900194371782,0.1875344712599041,2,40,0.00014874488129037713,0.9799937982530693,0.06915289441622718,0.2676999564271201,False,2.19727e-06,0.00684758,,226.20294,1792,4.510419977314311,2.6874180393826292
"{""g"": {}, ""r"": {""FFT coefficients"": true, ""Light symmetry"": true, ""initial fit compare"": true, ""isophote variability"": true}, ""z"": {}}",9.799937982530686,True,success,WALLABY J133643-201220,8.826747299955555,0.1929305066791924,2,39,5.147754947128713e-05,0.9799937982530693,0.04732929524972285,0.28390390671958876,False,3.23486e-06,0.00710369,,259.73893999999996,2048,4.242720020887191,2.5279158875514023
"{""g"": {}, ""r"": {""FFT coefficients"": true, ""Light symmetry"": true, ""initial fit compare"": true, ""isophote variability"": true}, ""z"": {}}",10.779931780783755,True,success,WALLABY J133643-201220,8.874076595205278,0.1934780573558921,4,40,0.00025517857142857146,0.0,0.014356808252356856,0.0011385560942933637,True,2.86865e-06,0.00712426,,293.27493999999996,2304,4.52662392760678,2.69707274749058
"{""g"": {}, ""r"": {""FFT coefficients"": true, ""Light symmetry"": true, ""initial fit compare"": true, ""isophote variability"": true}, ""z"": {}}",10.779931780783755,True,success,WALLABY J133643-201220,8.888433403457634,0.1859015923038923,4,40,,,,,,4.66919e-06,0.00698774,,326.81093999999996,2560,4.527762483701073,2.697751126932415
"{""g"": {}, ""r"": {""FFT coefficients"": true, ""Light symmetry"": true, ""initial fit compare"": true, ""isophote variability"": true}, ""z"": {}}",25.41851525163659,True,success,WALLABY J133702-205515,9.694714733301852,0.18404745236437284,1,49,7.134782796749756e-06,0.0,0.005302656655835847,0.22640030369499264,True,6.40869e-07,0.0045992,,132.49602,1024,9.849281161637629,5.868441520272192
"{""g"": {}, ""r"": {""FFT coefficients"": true, ""Light symmetry"": true, ""initial fit compare"": true, ""isophote variability"": true}, ""z"": {}}",25.41851525163659,True,success,WALLABY J133702-205515,9.689412076646017,0.17040844307897435,3,49,,,,,,6.10352e-07,0.00395523,,166.03202000000002,1280,10.075681465332622,6.003336333467374
"{""g"": {}, ""r"": {""FFT coefficients"": true, ""Light symmetry"": false, ""initial fit compare"": true, ""isophote variability"": true}, ""z"": {}}",9.799937982530686,True,success,WALLABY J133708-203705,10.095456994674647,0.14126552806069775,4,39,0.014435849574377326,0.0,0.00717355592181157,0.040835444930569675,False,0.000229251,0.00739849,,120.04315999999999,1024,3.0081839437319706,1.79234923506617
"{""g"": {}, ""r"": {""FFT coefficients"": true, ""Light symmetry"": false, ""initial fit compare"": true, ""isophote variability"": true}, ""z"": {}}",9.799937982530686,True,success,WALLABY J133708-203705,10.088283438752836,0.15124771737341924,4,39,0.016762221559992813,0.0,0.020234907676243807,0.13341330954860986,False,0.000122989,0.00732347,,153.57916,1280,3.0490193886625403,1.8166799873918047
"{""g"": {}, ""r"": {""FFT coefficients"": true, ""Light symmetry"": false, ""initial fit compare"": true, ""isophote variability"": true}, ""z"": {}}",9.799937982530686,True,success,WALLABY J133708-203705,10.10851834642908,0.14076826785348096,4,39,0.0009552070274045218,0.0,0.018514037802436434,0.12411729019419093,True,6.83594e-06,0.00653544,,187.11516,1536,2.9156060791139304,1.7371890892985056
"{""g"": {}, ""r"": {""FFT coefficients"": true, ""Light symmetry"": false, ""initial fit compare"": true, ""isophote variability"": true}, ""z"": {}}",9.799937982530686,True,success,WALLABY J133708-203705,10.090004308626643,0.14784670518297102,4,39,,,,,,1.15967e-06,0.00534946,,220.65116,1792,3.0397233693081214,1.8111411927267476
,,,quality_fail,WALLABY J133717-200343,,,,,,,,,,,,r-band AutoProf outputs missing,,1024,,
,,,quality_fail,WALLABY J133717-200343,,,,,,,,,,,,r-band AutoProf outputs missing,,1280,,
,,,quality_fail,WALLABY J133717-200343,,,,,,,,,,,,r-band AutoProf outputs missing,,1536,,
,,,quality_fail,WALLABY J133717-200343,,,,,,,,,,,,r-band AutoProf outputs missing,,1792,,
,,,quality_fail,WALLABY J133717-200343,,,,,,,,,,,,r-band AutoProf outputs missing,,2048,,
,,,quality_fail,WALLABY J133717-200343,,,,,,,,,,,,r-band AutoProf outputs missing,,2304,,
,,,quality_fail,WALLABY J133717-200343,,,,,,,,,,,,r-band AutoProf outputs missing,,2560,,
,,,quality_fail,WALLABY J133717-200343,,,,,,,,,,,,r-band AutoProf outputs missing,,2816,,
,,,quality_fail,WALLABY J133717-200343,,,,,,,,,,,,r-band AutoProf outputs missing,,3072,,
,,,quality_fail,WALLABY J133720-200032,,,,,,,,,,,,r-band AutoProf outputs missing,,1024,,
,,,quality_fail,WALLABY J133720-200032,,,,,,,,,,,,r-band AutoProf outputs missing,,1280,,
,,,quality_fail,WALLABY J133720-200032,,,,,,,,,,,,r-band AutoProf outputs missing,,1536,,
,,,quality_fail,WALLABY J133720-200032,,,,,,,,,,,,r-band AutoProf outputs missing,,1792,,
,,,quality_fail,WALLABY J133720-200032,,,,,,,,,,,,r-band AutoProf outputs missing,,2048,,
,,,quality_fail,WALLABY J133720-200032,,,,,,,,,,,,r-band AutoProf outputs missing,,2304,,
,,,quality_fail,WALLABY J133720-200032,,,,,,,,,,,,r-band AutoProf outputs missing,,2560,,
,,,quality_fail,WALLABY J133720-200032,,,,,,,,,,,,r-band AutoProf outputs missing,,2816,,
,,,quality_fail,WALLABY J133720-200032,,,,,,,,,,,,r-band AutoProf outputs missing,,3072,,
"{""g"": {}, ""r"": {""FFT coefficients"": true, ""Light symmetry"": true, ""initial fit compare"": true, ""isophote variability"": true}, ""z"": {}}",14.348089200223182,True,success,WALLABY J133725-155412,9.972370873406149,0.14458808099686363,3,43,2.633483665044695e-05,0.0,0.015442035938489695,0.009365021839235155,True,7.32422e-07,0.0048216,,130.0961,1024,4.84175983424938,2.8848383934011865
"{""g"": {}, ""r"": {""FFT coefficients"": true, ""Light symmetry"": true, ""initial fit compare"": true, ""isophote variability"": true}, ""z"": {}}",14.348089200223182,True,success,WALLABY J133725-155412,9.95692883746766,0.14312586367494134,3,43,,,,,,8.54492e-07,0.00444901,,163.6321,1280,4.832394812410145,2.8792584853756464
"{""g"": {}, ""r"": {""FFT coefficients"": true, ""Light symmetry"": true, ""initial fit compare"": true, ""isophote variability"": true}, ""z"": {}}",19.09730672549706,True,success,WALLABY J133727-223204,10.234566226620037,0.13619922503786608,1,46,0.013249445081743472,0.0,0.011413191635602615,0.03496532173049527,False,-2.40704e-06,0.00591892,,112.6076,1024,5.092040056001779,3.033961443188355
"{""g"": {}, ""r"": {""FFT coefficients"": true, ""Light symmetry"": true, ""initial fit compare"": true, ""isophote variability"": true}, ""z"": {}}",19.09730672549706,True,success,WALLABY J133727-223204,10.223153034984435,0.1390440060688915,2,46,0.0098925894166398,0.0,0.005017463566497682,0.000879322125037163,True,7.30722e-05,0.00547465,,146.1436,1280,5.057074734271284,3.0131282531874315
"{""g"": {}, ""r"": {""FFT coefficients"": true, ""Light symmetry"": true, ""initial fit compare"": true, ""isophote variability"": true}, ""z"": {}}",19.09730672549706,True,success,WALLABY J133727-223204,10.228170498550933,0.13854084120138993,2,46,,,,,,0.00012539,0.00510252,,179.6796,1536,5.057954056396321,3.0136521747187164
"{""g"": {}, ""r"": {""FFT coefficients"": true, ""Light symmetry"": true, ""initial fit compare"": true, ""isophote variability"": true}, ""z"": {}}",45.03045029770459,True,success,WALLABY J133735-163755,11.170108234419677,0.13830260386223103,2,55,0.016880442159001224,4.503045029770462,0.00467737914305566,0.2399561212716801,False,0.000114831,0.00682083,,129.84982000000002,1024,10.165013090929264,6.056562290988682
"{""g"": {}, ""r"": {""FFT coefficients"": true, ""Light symmetry"": true, ""initial fit compare"": true, ""isophote variability"": true}, ""z"": {}}",49.53349532747505,True,success,WALLABY J133735-163755,11.174785613562733,0.14158769136587537,2,56,0.0011457387083851816,4.503045029770462,0.0005848329552566867,0.09970524530135272,False,7.99561e-06,0.00583706,,163.38582000000002,1280,10.404969212200944,6.199533990344665
"{""g"": {}, ""r"": {""FFT coefficients"": true, ""Light symmetry"": true, ""initial fit compare"": true, ""isophote variability"": true}, ""z"": {}}",45.03045029770459,True,success,WALLABY J133735-163755,11.17537044651799,0.14378181780854143,2,55,0.0002325375525960456,4.503045029770462,0.00017044272192912047,0.02121699134721844,False,2.0752e-06,0.0044976,,196.92182000000003,1536,10.305263966899592,6.140127177632853
"{""g"": {}, ""r"": {""FFT coefficients"": true, ""Light symmetry"": true, ""initial fit compare"": true, ""isophote variability"": true}, ""z"": {}}",49.53349532747505,True,success,WALLABY J133735-163755,11.17520000379606,0.1409837475445912,2,56,3.257094677524362e-05,0.0,0.002035764048077482,0.09105020440902578,True,1.0376e-06,0.00442655,,230.45782000000003,1792,10.32648095824681,6.152768777655627
"{""g"": {}, ""r"": {""FFT coefficients"": true, ""Light symmetry"": true, ""initial fit compare"": true, ""isophote variability"": true}, ""z"": {}}",49.53349532747505,True,success,WALLABY J133735-163755,11.177235767844138,0.1417260314589754,2,56,,,,,,8.8501e-07,0.00494315,,263.99382,2048,10.417531162655836,6.207018706276241
"{""g"": {}, ""r"": {""FFT coefficients"": true, ""Light symmetry"": false, ""initial fit compare"": true, ""isophote variability"": false}, ""z"": {}}",25.41851525163659,True,success,WALLABY J133737-234516,9.63868896403557,0.10891543142291614,1,49,0.026578989559696738,0.0,0.018307415768262558,0.0012885006832838997,False,7.83804e-06,0.00403308,,131.90128,1024,10.30239307902163,6.138416632736572
"{""g"": {}, ""r"": {""FFT coefficients"": true, ""Light symmetry"": false, ""initial fit compare"": true, ""isophote variability"": false}, ""z"": {}}",25.41851525163659,True,success,WALLABY J133737-234516,9.656996379803832,0.10902071437917699,1,49,0.0186180311443952,0.0,0.014320027966762794,0.040743222381324884,False,0.000119408,0.00436227,,165.43728000000002,1280,10.303681579704914,6.139184352815286
"{""g"": {}, ""r"": {""FFT coefficients"": true, ""Light symmetry"": false, ""initial fit compare"": true, ""isophote variability"": false}, ""z"": {}}",25.41851525163659,True,success,WALLABY J133737-234516,9.64267635183707,0.10841302658846977,1,49,0.022801657389193486,2.310774113785147,0.04942674832068761,1.6614208579874319,False,0.000201635,0.00447078,,198.97328000000002,1536,10.34442480208624,6.163460156700703
"{""g"": {}, ""r"": {""FFT coefficients"": true, ""Light symmetry"": false, ""initial fit compare"": true, ""isophote variability"": true}, ""z"": {}}",23.107741137851445,True,success,WALLABY J133737-234516,9.692103100157757,0.10940350353861625,1,48,0.013242847788655086,2.310774113785147,0.058718502262482986,1.793960634417946,False,0.000100847,0.00436963,,232.25252000000003,1792,8.683003944098807,5.173545158270646
"{""g"": {}, ""r"": {""FFT coefficients"": true, ""Light symmetry"": false, ""initial fit compare"": true, ""isophote variability"": false}, ""z"": {}}",25.41851525163659,True,success,WALLABY J133737-234516,9.633384597895274,0.1085178931249653,1,49,0.007111670864819481,2.310774113785147,0.04122912664712608,1.916245415902198,False,4.35107e-05,0.00428958,,266.04528000000005,2048,10.476964578516753,6.242430582493999
"{""g"": {}, ""r"": {""FFT coefficients"": true, ""Light symmetry"": false, ""initial fit compare"": true, ""isophote variability"": false}, ""z"": {}}",23.107741137851445,True,success,WALLABY J133737-234516,9.6746137245424,0.1071316412243747,1,48,0.010212207154603303,2.310774113785147,0.03444750003314212,1.788221849850606,False,7.37486e-05,0.00421416,,299.32452,2304,8.560719162614555,5.100684908148568
"{""g"": {}, ""r"": {""FFT coefficients"": true, ""Light symmetry"": false, ""initial fit compare"": true, ""isophote variability"": false}, ""z"": {}}",25.41851525163659,True,success,WALLABY J133737-234516,9.640166224509258,0.10862829665389943,1,49,0.008140657760738036,0.0,0.033284935589486864,0.5308581547753413,False,0.000116598,0.00417764,,333.11728000000005,2560,10.348941012465161,6.166151024802344
"{""g"": {}, ""r"": {""FFT coefficients"": true, ""Light symmetry"": false, ""initial fit compare"": true, ""isophote variability"": false}, ""z"": {}}",25.41851525163659,True,success,WALLABY J133737-234516,9.606881288919771,0.1074765094126398,1,49,0.007115080833593815,0.0,0.05262174566919953,0.4409965110333527,False,0.000150571,0.00416886,,366.65328000000005,2816,9.81808285768982,5.849852811183197
"{""g"": {}, ""r"": {""FFT coefficients"": true, ""Light symmetry"": false, ""initial fit compare"": true, ""isophote variability"": false}, ""z"": {}}",25.41851525163659,True,success,WALLABY J133737-234516,9.65950303458897,0.10759459985236967,1,49,,,,,,0.000180276,0.00418101,,400.18928000000005,3072,10.259079368723173,6.112609269565486
"{""g"": {}, ""r"": {""FFT coefficients"": true, ""Light symmetry"": true, ""initial fit compare"": true, ""isophote variability"": true}, ""z"": {}}",15.7828981202455,True,success,WALLABY J133739-213902,9.58017655608912,0.16108282477401875,4,44,0.0014074257516378912,0.0,0.0039507322361806985,0.030920469718121346,True,2.26142e-05,0.00534279,,133.24009999999998,1024,5.853238035241642,3.4875017323941684
"{""g"": {}, ""r"": {""FFT coefficients"": true, ""Light symmetry"": false, ""initial fit compare"": true, ""isophote variability"": true}, ""z"": {}}",15.7828981202455,True,success,WALLABY J133739-213902,9.576225823852939,0.1620870730762894,4,44,,,,,,2.99171e-05,0.00503488,,166.77609999999999,1280,5.82231756552352,3.469078563703757
"{""g"": {}, ""r"": {""FFT coefficients"": true, ""Light symmetry"": true, ""initial fit compare"": true, ""isophote variability"": true}, ""z"": {}}",106.17944630416288,True,success,WALLABY J133756-240727,10.829359771740544,0.1191983373486616,2,64,0.009366271617505395,0.0,0.018121234854378443,0.10575974077176653,True,0.00018489,0.00322429,,128.64986,1024,15.110373867129583,9.003128648015501
"{""g"": {}, ""r"": {""FFT coefficients"": true, ""Light symmetry"": true, ""initial fit compare"": true, ""isophote variability"": true}, ""z"": {}}",106.17944630416288,True,success,WALLABY J133756-240727,10.847481006594922,0.1207476115349727,2,64,,,,,,0.000214886,0.00318082,,162.18586,1280,15.21613360790135,9.066142876539674
"{""g"": {}, ""r"": {""FFT coefficients"": true, ""Light symmetry"": true, ""initial fit compare"": true, ""isophote variability"": true}, ""z"": {}}",40.93677299791326,True,success,WALLABY J133801-225524,10.586804521875456,0.14108371979485812,1,54,0.002493500689203511,0.0,0.0054572759468030085,0.07556817536054972,True,2.4743e-05,0.00460577,,129.75026,1024,11.603717228619313,6.913777244897449
"{""g"": {}, ""r"": {""FFT coefficients"": true, ""Light symmetry"": true, ""initial fit compare"": true, ""isophote variability"": true}, ""z"": {}}",40.93677299791326,True,success,WALLABY J133801-225524,10.581347245928653,0.13806506308435154,1,54,,,,,,1.34731e-05,0.00443365,,163.28626,1280,11.679285403979863,6.9588026036641715
"{""g"": {}, ""r"": {""FFT coefficients"": true, ""Light symmetry"": false, ""initial fit compare"": true, ""isophote variability"": false}, ""z"": {}}",13.043717454748347,True,success,WALLABY J133809-241011,8.545407178565748,0.14177378096019772,1,42,0.02428343385280471,2.263785673964591,0.05572787375228749,0.28979230354572216,False,0.000104194,0.00409688,,124.14608,1024,5.585905327983399,3.328218396559313
"{""g"": {}, ""r"": {""FFT coefficients"": true, ""Light symmetry"": false, ""initial fit compare"": true, ""isophote variability"": false}, ""z"": {}}",10.779931780783755,True,success,WALLABY J133809-241011,8.48967930481346,0.1546848774288609,3,40,0.0019741768413170523,2.263785673964591,0.04746881125921654,0.3014647347929529,False,0.000201933,0.00395297,,157.68208,1280,5.296113024437677,3.1555530864241033
"{""g"": {}, ""r"": {""FFT coefficients"": true, ""Light symmetry"": false, ""initial fit compare"": true, ""isophote variability"": false}, ""z"": {}}",13.043717454748347,True,success,WALLABY J133809-241011,8.537148116072677,0.14238224573980207,3,42,0.003445232462195908,0.0,0.0045206483695388044,0.037010527108215285,True,0.00019434,0.00373935,,191.21808000000001,1536,5.59757775923063,3.335173115289505
"{""g"": {}, ""r"": {""FFT coefficients"": true, ""Light symmetry"": false, ""initial fit compare"": true, ""isophote variability"": false}, ""z"": {}}",13.043717454748347,True,success,WALLABY J133809-241011,8.541668764442216,0.14254312475992406,3,42,,,,,,0.000181751,0.00356872,,224.75408000000002,1792,5.560567232122414,3.3131213421291483
"{""g"": {}, ""r"": {""FFT coefficients"": true, ""Light symmetry"": true, ""initial fit compare"": true, ""isophote variability"": true}, ""z"": {}}",15.7828981202455,True,success,WALLABY J133818-233325,9.491182577848797,0.16350952273013866,1,44,0.0032601477389419863,1.4348089200223182,0.01121206083043802,0.11397087155993724,False,0.000172266,0.00468597,,127.41322000000001,1024,4.552434500409491,2.7124513151862
"{""g"": {}, ""r"": {""FFT coefficients"": true, ""Light symmetry"": true, ""initial fit compare"": true, ""isophote variability"": true}, ""z"": {}}",14.348089200223182,True,success,WALLABY J133818-233325,9.479970517018359,0.15933638188077748,1,43,0.00938286277273259,1.4348089200223182,0.014497441531934996,0.061379184040419865,False,0.000187362,0.00457496,,160.94922,1280,4.438463628849553,2.644544695018933
"{""g"": {}, ""r"": {""FFT coefficients"": true, ""Light symmetry"": true, ""initial fit compare"": true, ""isophote variability"": true}, ""z"": {}}",15.7828981202455,True,success,WALLABY J133818-233325,9.494467958550294,0.1502407195590837,1,44,0.002349028307507932,0.0,0.007212068724397724,0.008652975244229033,True,0.000144887,0.00447878,,194.48522,1536,4.499842812889973,2.6811159072923916
"{""g"": {}, ""r"": {""FFT coefficients"": true, ""Light symmetry"": true, ""initial fit compare"": true, ""isophote variability"": true}, ""z"": {}}",15.7828981202455,True,success,WALLABY J133818-233325,9.501680027274691,0.15439506342609136,2,44,,,,,,0.000155354,0.00443299,,228.02122,1792,4.491189837645744,2.6759602539646234
"{""g"": {}, ""r"": {""FFT coefficients"": true, ""Light symmetry"": false, ""initial fit compare"": true, ""isophote variability"": true}, ""z"": {}}",8.90903452957335,True,success,WALLABY J133819-203750,9.893245778387149,0.17069098666574298,3,38,0.0030135190001207065,0.0,0.0021645890576316162,0.012006396274815145,True,0.000171773,0.00727695,,131.76242,1024,3.0863908251334067,1.8389467991376258
"{""g"": {}, ""r"": {""FFT coefficients"": true, ""Light symmetry"": false, ""initial fit compare"": true, ""isophote variability"": true}, ""z"": {}}",8.90903452957335,True,success,WALLABY J133819-203750,9.89541036744478,0.17215810533456638,4,38,,,,,,0.000149803,0.00730401,,165.29842,1280,3.098397221408222,1.8461005023624255
,,,quality_fail,WALLABY J133832-200024,,,,,,,,,,,,r-band AutoProf outputs missing,,1024,,
,,,quality_fail,WALLABY J133832-200024,,,,,,,,,,,,r-band AutoProf outputs missing,,1280,,
,,,quality_fail,WALLABY J133832-200024,,,,,,,,,,,,r-band AutoProf outputs missing,,1536,,
,,,quality_fail,WALLABY J133832-200024,,,,,,,,,,,,r-band AutoProf outputs missing,,1792,,
,,,quality_fail,WALLABY J133832-200024,,,,,,,,,,,,r-band AutoProf outputs missing,,2048,,
,,,quality_fail,WALLABY J133832-200024,,,,,,,,,,,,r-band AutoProf outputs missing,,2304,,
,,,quality_fail,WALLABY J133832-200024,,,,,,,,,,,,r-band AutoProf outputs missing,,2560,,
,,,quality_fail,WALLABY J133832-200024,,,,,,,,,,,,r-band AutoProf outputs missing,,2816,,
,,,quality_fail,WALLABY J133832-200024,,,,,,,,,,,,r-band AutoProf outputs missing,,3072,,
,,,quality_fail,WALLABY J133834-174954,,,,,,,,,,,,r-band AutoProf outputs missing,,1024,,
"{""g"": {}, ""r"": {""FFT coefficients"": false, ""Light symmetry"": false, ""initial fit compare"": true, ""isophote variability"": false}, ""z"": {}}",8.099122299612137,True,success,WALLABY J133840-135814,8.82353748001619,0.13463730112217656,1,37,0.022213363253784806,3.070204565719064,0.17461009284447826,1.2999665087110377,False,0.00012847,0.00157133,,129.83672,1024,4.658144170207025,2.7754357102048277
"{""g"": {}, ""r"": {""FFT coefficients"": false, ""Light symmetry"": false, ""initial fit compare"": true, ""isophote variability"": false}, ""z"": {}}",5.028917733893073,True,success,WALLABY J133840-135814,8.648927387171712,0.16946824280408737,1,32,0.005957567315702988,3.070204565719064,0.19985599035445922,1.2786406910194397,False,0.000163017,0.00153914,,163.37272,1280,3.3581776614959877,2.00088401353921
"{""g"": {}, ""r"": {""FFT coefficients"": false, ""Light symmetry"": false, ""initial fit compare"": true, ""isophote variability"": false}, ""z"": {}}",8.099122299612137,True,success,WALLABY J133840-135814,8.848783377526171,0.14891070161287673,2,37,0.008842330621299277,2.567312792329756,0.1137500453245206,0.974693725137771,False,0.000172063,0.00149767,,196.90872,1536,4.636818352515427,2.7627292687964355
"{""g"": {}, ""r"": {""FFT coefficients"": false, ""Light symmetry"": false, ""initial fit compare"": true, ""isophote variability"": false}, ""z"": {}}",5.531809507282381,True,success,WALLABY J133840-135814,8.73503333220165,0.14776630401126115,2,33,0.013955770920272356,2.567312792329756,0.10443284493698712,1.067306810921775,False,0.000158929,0.00147304,,230.44472,1792,3.6621246273776564,2.181983016123086
"{""g"": {}, ""r"": {""FFT coefficients"": false, ""Light symmetry"": false, ""initial fit compare"": true, ""isophote variability"": false}, ""z"": {}}",8.099122299612137,True,success,WALLABY J133840-135814,8.839466177138638,0.14375892865123313,2,37,0.005112771380856107,2.0141318416015173,0.09862270468258139,0.6772142414619777,False,0.000138596,0.00144088,,263.87592,2048,4.729431438299431,2.8179104001923245
"{""g"": {}, ""r"": {""FFT coefficients"": false, ""Light symmetry"": false, ""initial fit compare"": true, ""isophote variability"": false}, ""z"": {}}",6.08499045801062,True,success,WALLABY J133840-135814,8.740843472456056,0.16990394508422169,2,34,0.00555747558494587,1.2778479961822304,0.10687948230130928,0.3679066769649175,False,0.000145867,0.00140337,,297.51672,2304,4.052217196837454,2.414409666738359
"{""g"": {}, ""r"": {""FFT coefficients"": false, ""Light symmetry"": false, ""initial fit compare"": true, ""isophote variability"": false}, ""z"": {}}",7.36283845419285,True,success,WALLABY J133840-135814,8.847722954757366,0.1303577692677629,2,36,0.001712371438641211,0.7362838454192868,0.009915436844913472,0.21530788787860367,False,0.000153666,0.0014033,,330.94792,2560,4.420123873802371,2.6336174224368785
"{""g"": {}, ""r"": {""FFT coefficients"": false, ""Light symmetry"": false, ""initial fit compare"": true, ""isophote variability"": false}, ""z"": {}}",8.099122299612137,True,success,WALLABY J133840-135814,8.85763839160228,0.1218685312491459,4,37,0.004154828156392807,2.0141318416015173,0.05483418593255074,0.24424778812546943,False,0.000156071,0.00140567,,364.48392,2816,4.2048159859237675,2.505331740656339
"{""g"": {}, ""r"": {""FFT coefficients"": false, ""Light symmetry"": false, ""initial fit compare"": true, ""isophote variability"": false}, ""z"": {}}",6.08499045801062,True,success,WALLABY J133840-135814,8.802804205669728,0.15482457426864724,4,34,,,,,,0.000150229,0.00140648,,398.01992,3072,3.960568197798298,2.359802961698035
"{""g"": {}, ""r"": {""FFT coefficients"": true, ""Light symmetry"": true, ""initial fit compare"": true, ""isophote variability"": true}, ""z"": {}}",23.107741137851445,True,success,WALLABY J133841-202243,9.394074568386314,0.2154895146077804,2,48,0.001112155639522752,2.310774113785147,0.0689657992093462,0.8280737031835006,False,1.64795e-06,0.00459985,,130.39478,1024,10.183332739090572,6.067477583398582
"{""g"": {}, ""r"": {""FFT coefficients"": false, ""Light symmetry"": true, ""initial fit compare"": true, ""isophote variability"": true}, ""z"": {}}",25.41851525163659,True,success,WALLABY J133841-202243,9.325108769176968,0.22537509543579456,2,49,0.0005295739376086167,0.0,0.06997697940855474,0.3806519134899542,False,7.32422e-06,0.00560784,,163.93078000000003,1280,11.011406442274073,6.560864057178525
"{""g"": {}, ""r"": {""FFT coefficients"": true, ""Light symmetry"": true, ""initial fit compare"": true, ""isophote variability"": true}, ""z"": {}}",25.41851525163659,True,success,WALLABY J133841-202243,9.395085748585522,0.21537467561587406,3,49,0.000143423461247138,0.0,0.003548932519123582,0.38750744517817814,True,1.0437e-05,0.00614795,,197.46678000000003,1536,10.630754528784118,6.334062379245301
"{""g"": {}, ""r"": {""FFT coefficients"": true, ""Light symmetry"": true, ""initial fit compare"": true, ""isophote variability"": true}, ""z"": {}}",25.41851525163659,True,success,WALLABY J133841-202243,9.398634681104646,0.19949746228603996,3,49,,,,,,9.52148e-06,0.00661872,,231.00278000000003,1792,10.24324708360594,6.103176008618014
,,,quality_fail,WALLABY J133844-153815,,,,,,,,,,,,r-band AutoProf outputs missing,,1024,,
,,,quality_fail,WALLABY J133844-153815,,,,,,,,,,,,r-band AutoProf outputs missing,,1280,,
,,,quality_fail,WALLABY J133844-153815,,,,,,,,,,,,r-band AutoProf outputs missing,,1536,,
,,,quality_fail,WALLABY J133844-153815,,,,,,,,,,,,r-band AutoProf outputs missing,,1792,,
,,,quality_fail,WALLABY J133844-153815,,,,,,,,,,,,r-band AutoProf outputs missing,,2048,,
"{""g"": {}, ""r"": {""FFT coefficients"": true, ""Light symmetry"": true, ""initial fit compare"": true, ""isophote variability"": true}, ""z"": {}}",25.41851525163659,True,success,WALLABY J133845-243304,10.424631071600889,0.1276273177093328,2,49,0.007518878941222265,0.0,0.02646053008126792,0.30104763534034795,False,0.000117188,0.00378806,,131.97726,1024,7.993473772182721,4.7627062935915125
"{""g"": {}, ""r"": {""FFT coefficients"": true, ""Light symmetry"": true, ""initial fit compare"": true, ""isophote variability"": true}, ""z"": {}}",25.41851525163659,True,success,WALLABY J133845-243304,10.39817054151962,0.13041432869484074,2,49,0.0029950765689030377,0.0,0.03759696071223928,0.4309265242286848,False,0.000146162,0.00391894,,165.51326,1280,8.294521407523069,4.9420778044477744
"{""g"": {}, ""r"": {""FFT coefficients"": true, ""Light symmetry"": true, ""initial fit compare"": true, ""isophote variability"": true}, ""z"": {}}",25.41851525163659,True,success,WALLABY J133845-243304,10.43576750223186,0.12938529075259775,2,49,0.003397405037585298,0.0,0.02664019153538888,0.45173429976305535,False,0.000134479,0.00388253,,199.04926,1536,7.863594883294384,4.685321289381479
"{""g"": {}, ""r"": {""FFT coefficients"": true, ""Light symmetry"": true, ""initial fit compare"": true, ""isophote variability"": true}, ""z"": {}}",25.41851525163659,True,success,WALLABY J133845-243304,10.409127310696471,0.1264282333433526,2,49,0.005967557025577505,0.0,0.014890650638124114,0.2729559037374223,True,0.00014757,0.00382394,,232.58526,1792,8.31532918305744,4.954475583725923
"{""g"": {}, ""r"": {""FFT coefficients"": true, ""Light symmetry"": true, ""initial fit compare"": true, ""isophote variability"": true}, ""z"": {}}",25.41851525163659,True,success,WALLABY J133845-243304,10.424017961334595,0.1262189887599172,4,49,,,,,,0.000124927,0.00376476,,266.12126,2048,8.042373279320017,4.791841810518683
,,,quality_fail,WALLABY J133851-165026,,,,,,,,,,,,r-band AutoProf outputs missing,,1024,,
,,,quality_fail,WALLABY J133851-165026,,,,,,,,,,,,r-band AutoProf outputs missing,,1280,,
,,,quality_fail,WALLABY J133851-165026,,,,,,,,,,,,r-band AutoProf outputs missing,,1536,,
,,,quality_fail,WALLABY J133851-165026,,,,,,,,,,,,r-band AutoProf outputs missing,,1792,,
,,,quality_fail,WALLABY J133851-165026,,,,,,,,,,,,r-band AutoProf outputs missing,,2048,,
,,,quality_fail,WALLABY J133851-165026,,,,,,,,,,,,r-band AutoProf outputs missing,,2304,,
,,,quality_fail,WALLABY J133851-165026,,,,,,,,,,,,r-band AutoProf outputs missing,,2560,,
,,,quality_fail,WALLABY J133851-165026,,,,,,,,,,,,r-band AutoProf outputs missing,,2816,,
,,,quality_fail,WALLABY J133851-165026,,,,,,,,,,,,r-band AutoProf outputs missing,,3072,,
,,,quality_fail,WALLABY J133900-160039,,,,,,,,,,,,r-band AutoProf outputs missing,,1024,,
,,,quality_fail,WALLABY J133900-160039,,,,,,,,,,,,r-band AutoProf outputs missing,,1280,,
,,,quality_fail,WALLABY J133900-160039,,,,,,,,,,,,r-band AutoProf outputs missing,,1536,,
,,,quality_fail,WALLABY J133900-160039,,,,,,,,,,,,r-band AutoProf outputs missing,,1792,,
,,,quality_fail,WALLABY J133900-160039,,,,,,,,,,,,r-band AutoProf outputs missing,,2048,,
,,,quality_fail,WALLABY J133900-160039,,,,,,,,,,,,r-band AutoProf outputs missing,,2304,,
,,,quality_fail,WALLABY J133900-160039,,,,,,,,,,,,r-band AutoProf outputs missing,,2560,,
,,,quality_fail,WALLABY J133900-160039,,,,,,,,,,,,r-band AutoProf outputs missing,,2816,,
,,,quality_fail,WALLABY J133900-160039,,,,,,,,,,,,r-band AutoProf outputs missing,,3072,,
"{""g"": {}, ""r"": {""FFT coefficients"": true, ""Light symmetry"": true, ""initial fit compare"": true, ""isophote variability"": true}, ""z"": {}}",21.007037398046766,True,success,WALLABY J133902-204211,10.604659491034866,0.16709111309813465,1,47,3.691763984118137e-05,0.0,0.011414257790789861,0.13568212587113315,True,7.93457e-07,0.00581401,,118.5288,1024,7.3691814636977,4.390737736315509
"{""g"": {}, ""r"": {""FFT coefficients"": true, ""Light symmetry"": true, ""initial fit compare"": true, ""isophote variability"": true}, ""z"": {}}",21.007037398046766,True,success,WALLABY J133902-204211,10.616073748825656,0.15166255704085083,1,47,,,,,,1.00708e-06,0.00575894,,152.0648,1280,7.233499337826567,4.309895022217522
"{""g"": {}, ""r"": {""FFT coefficients"": true, ""Light symmetry"": false, ""initial fit compare"": true, ""isophote variability"": true}, ""z"": {}}",37.21524817992115,True,success,WALLABY J133904-240956,9.955013057438808,0.14173492522123743,1,53,0.006456021942095219,3.38320437999284,0.004388245179255179,0.13964566547494073,False,0.000175932,0.00454506,,130.7118,1024,14.744087170749603,8.784886116191768
"{""g"": {}, ""r"": {""FFT coefficients"": true, ""Light symmetry"": false, ""initial fit compare"": true, ""isophote variability"": true}, ""z"": {}}",33.83204379992831,True,success,WALLABY J133904-240956,9.950624812259553,0.144917357165739,2,52,0.004325414314607422,3.38320437999284,0.015156682913712416,0.19115689555983906,False,0.000147733,0.00419066,,164.2478,1280,14.604441505274663,8.701681828696037
"{""g"": {}, ""r"": {""FFT coefficients"": true, ""Light symmetry"": false, ""initial fit compare"": true, ""isophote variability"": true}, ""z"": {}}",37.21524817992115,True,success,WALLABY J133904-240956,9.935468129345841,0.14034109740977485,2,53,0.005606773978849807,0.0,0.01419844596337505,0.4145213780406056,True,0.000165644,0.00409109,,197.7838,1536,14.795598400834502,8.815577761239723
"{""g"": {}, ""r"": {""FFT coefficients"": true, ""Light symmetry"": false, ""initial fit compare"": true, ""isophote variability"": true}, ""z"": {}}",37.21524817992115,True,success,WALLABY J133904-240956,9.921269683382466,0.13999741453515172,2,53,,,,,,0.000142899,0.00402231,,231.31980000000001,1792,15.210119778875107,9.062559690784871
,,,quality_fail,WALLABY J133916-181515,,,,,,,,,,,,r-band AutoProf outputs missing,,1024,,
,,,quality_fail,WALLABY J133916-181515,,,,,,,,,,,,r-band AutoProf outputs missing,,1280,,
,,,quality_fail,WALLABY J133916-181515,,,,,,,,,,,,r-band AutoProf outputs missing,,1536,,
,,,quality_fail,WALLABY J133916-181515,,,,,,,,,,,,r-band AutoProf outputs missing,,1792,,
,,,quality_fail,WALLABY J133916-181515,,,,,,,,,,,,r-band AutoProf outputs missing,,2048,,
,,,quality_fail,WALLABY J133916-181515,,,,,,,,,,,,r-band AutoProf outputs missing,,2304,,
,,,quality_fail,WALLABY J133916-181515,,,,,,,,,,,,r-band AutoProf outputs missing,,2560,,
,,,quality_fail,WALLABY J133916-181515,,,,,,,,,,,,r-band AutoProf outputs missing,,2816,,
,,,quality_fail,WALLABY J133931-181852,,,,,,,,,,,,r-band AutoProf outputs missing,,1024,,
,,,quality_fail,WALLABY J133931-181852,,,,,,,,,,,,r-band AutoProf outputs missing,,1280,,
,,,quality_fail,WALLABY J133931-181852,,,,,,,,,,,,r-band AutoProf outputs missing,,1536,,
"{""g"": {}, ""r"": {""FFT coefficients"": true, ""Light symmetry"": false, ""initial fit compare"": true, ""isophote variability"": true}, ""z"": {}}",21.007037398046766,True,success,WALLABY J133933-145203,9.328013950072098,0.14648959596218397,2,47,0.008688052368020348,0.0,0.015444917054658447,0.09574838604439773,True,0.000107002,0.00128618,,129.27604,1024,7.373785506567253,4.3934809371535595
"{""g"": {}, ""r"": {""FFT coefficients"": true, ""Light symmetry"": false, ""initial fit compare"": true, ""isophote variability"": true}, ""z"": {}}",21.007037398046766,True,success,WALLABY J133933-145203,9.31256903301744,0.1471387325264652,2,47,,,,,,9.59329e-05,0.00126194,,162.81204,1280,7.469533892611651,4.45053015678093
"{""g"": {}, ""r"": {""FFT coefficients"": true, ""Light symmetry"": true, ""initial fit compare"": true, ""isophote variability"": true}, ""z"": {}}",45.03045029770459,True,success,WALLABY J133933-222957,10.366252104331595,0.1254911622986104,2,55,0.012277479232344294,0.0,0.009798083735287122,0.039441791554789773,False,0.000158683,0.00358348,,126.57744000000001,1024,12.469139555257767,7.429416937872894
"{""g"": {}, ""r"": {""FFT coefficients"": true, ""Light symmetry"": true, ""initial fit compare"": true, ""isophote variability"": true}, ""z"": {}}",45.03045029770459,True,success,WALLABY J133933-222957,10.376050188066882,0.12645130821602055,2,55,0.003049207712099557,0.0,0.01092116375601293,0.06476827690330289,True,0.000115571,0.00343946,,160.11344,1280,12.508581346812557,7.452917317585434
"{""g"": {}, ""r"": {""FFT coefficients"": true, ""Light symmetry"": true, ""initial fit compare"": true, ""isophote variability"": true}, ""z"": {}}",45.03045029770459,True,success,WALLABY J133933-222957,10.36512902431087,0.12421009324017898,2,55,,,,,,0.000125994,0.00339707,,193.64944,1536,12.443813069909254,7.4143268012687455
"{""g"": {}, ""r"": {""FFT coefficients"": true, ""Light symmetry"": true, ""initial fit compare"": true, ""isophote variability"": true}, ""z"": {}}",45.03045029770459,True,success,WALLABY J133939-234522,11.005485341583958,0.14011101504704915,1,55,0.0015626292416692027,0.0,0.003031266947878919,0.03282774791114029,True,0.000186867,0.00367708,,110.36226,1024,5.643311376725986,3.3624223180868973
"{""g"": {}, ""r"": {""FFT coefficients"": true, ""Light symmetry"": true, ""initial fit compare"": true, ""isophote variability"": true}, ""z"": {}}",45.03045029770459,True,success,WALLABY J133939-234522,11.008516608531837,0.14226978525891149,1,55,,,,,,0.000192629,0.00369767,,143.89826000000002,1280,5.676139124637126,3.381981889561932
"{""g"": {}, ""r"": {""FFT coefficients"": true, ""Light symmetry"": true, ""initial fit compare"": true, ""isophote variability"": true}, ""z"": {}}",23.107741137851445,True,success,WALLABY J133942-250143,9.770743530841159,0.1398065013532855,1,48,0.02639069212373123,0.0,0.014352835934140273,0.16329572382966706,False,0.000191789,0.00325431,,123.18191999999999,1024,6.532547296476982,3.892250729637341
"{""g"": {}, ""r"": {""FFT coefficients"": true, ""Light symmetry"": true, ""initial fit compare"": true, ""isophote variability"": true}, ""z"": {}}",23.107741137851445,True,success,WALLABY J133942-250143,9.756390694907019,0.1505618822080261,1,48,0.004225117915101126,0.0,0.009600374650061028,0.11739418437159,True,0.000107535,0.00313082,,156.71792,1280,6.695843020306649,3.989546297717721
"{""g"": {}, ""r"": {""FFT coefficients"": true, ""Light symmetry"": true, ""initial fit compare"": true, ""isophote variability"": true}, ""z"": {}}",23.107741137851445,True,success,WALLABY J133942-250143,9.76599106955708,0.14530217841167842,1,48,,,,,,0.000120748,0.00312368,,190.25392,1536,6.578448835935059,3.919599984428581
,,,quality_fail,WALLABY J133950-163125,,,,,,,,,,,,r-band AutoProf outputs missing,,1024,,
,,,quality_fail,WALLABY J133950-163125,,,,,,,,,,,,r-band AutoProf outputs missing,,1280,,
,,,quality_fail,WALLABY J133950-163125,,,,,,,,,,,,r-band AutoProf outputs missing,,1536,,
,,,quality_fail,WALLABY J133950-163125,,,,,,,,,,,,r-band AutoProf outputs missing,,1792,,
,,,quality_fail,WALLABY J133950-163125,,,,,,,,,,,,r-band AutoProf outputs missing,,2048,,
,,,quality_fail,WALLABY J133950-163125,,,,,,,,,,,,r-band AutoProf outputs missing,,2304,,
,,,quality_fail,WALLABY J133950-163125,,,,,,,,,,,,r-band AutoProf outputs missing,,2560,,
,,,quality_fail,WALLABY J133950-163125,,,,,,,,,,,,r-band AutoProf outputs missing,,2816,,
,,,quality_fail,WALLABY J133950-163125,,,,,,,,,,,,r-band AutoProf outputs missing,,3072,,
,,,quality_fail,WALLABY J133950-195837,,,,,,,,,,,,r-band AutoProf outputs missing,,1024,,
,,,quality_fail,WALLABY J133950-195837,,,,,,,,,,,,r-band AutoProf outputs missing,,1280,,
,,,quality_fail,WALLABY J133950-195837,,,,,,,,,,,,r-band AutoProf outputs missing,,1536,,
,,,quality_fail,WALLABY J133950-195837,,,,,,,,,,,,r-band AutoProf outputs missing,,1792,,
,,,quality_fail,WALLABY J133950-195837,,,,,,,,,,,,r-band AutoProf outputs missing,,2048,,
,,,quality_fail,WALLABY J133950-195837,,,,,,,,,,,,r-band AutoProf outputs missing,,2304,,
,,,quality_fail,WALLABY J133950-195837,,,,,,,,,,,,r-band AutoProf outputs missing,,2560,,
"{""g"": {}, ""r"": {""FFT coefficients"": true, ""Light symmetry"": true, ""initial fit compare"": true, ""isophote variability"": true}, ""z"": {}}",25.41851525163659,True,success,WALLABY J133951-233716,9.542894140564815,0.147421335878887,2,49,0.016036622059708495,2.310774113785147,0.018967656662571386,0.3406981476031685,False,0.000107346,0.00278671,,128.96426,1024,10.294279891254638,6.13358259793015
"{""g"": {}, ""r"": {""FFT coefficients"": true, ""Light symmetry"": true, ""initial fit compare"": true, ""isophote variability"": true}, ""z"": {}}",23.107741137851445,True,success,WALLABY J133951-233716,9.523926483902244,0.1508986396770648,2,48,0.0072539996743703735,2.310774113785147,0.007796635532077545,0.6813201334110648,False,0.000152782,0.00287982,,162.50026,1280,9.953581743651469,5.930586346481703
"{""g"": {}, ""r"": {""FFT coefficients"": true, ""Light symmetry"": true, ""initial fit compare"": true, ""isophote variability"": true}, ""z"": {}}",25.41851525163659,True,success,WALLABY J133951-233716,9.531723119434321,0.1542028626774758,2,49,0.005225818309412021,2.310774113785147,0.0069964448649173505,0.6435012703016838,False,0.000131619,0.00295503,,196.03626,1536,10.634901877062534,6.336533470326636
"{""g"": {}, ""r"": {""FFT coefficients"": true, ""Light symmetry"": true, ""initial fit compare"": true, ""isophote variability"": true}, ""z"": {}}",23.107741137851445,True,success,WALLABY J133951-233716,9.524726674569404,0.145973619650795,2,48,0.004716269562690407,2.310774113785147,0.01419671993321181,0.19276160593846114,False,0.000147257,0.00302987,,229.57226,1792,9.99140060676085,5.953119745912415
"{""g"": {}, ""r"": {""FFT coefficients"": true, ""Light symmetry"": true, ""initial fit compare"": true, ""isophote variability"": true}, ""z"": {}}",25.41851525163659,True,success,WALLABY J133951-233716,9.538923394502616,0.14719042490738884,2,49,0.004310031093772942,2.5418515251636613,0.02011682289650807,0.21124742377839745,False,0.000132813,0.00309531,,263.10826000000003,2048,10.184162212699311,6.067971803970177
"{""g"": {}, ""r"": {""FFT coefficients"": true, ""Light symmetry"": true, ""initial fit compare"": true, ""isophote variability"": true}, ""z"": {}}",27.960366776800253,True,success,WALLABY J133951-233716,9.559040217399124,0.14411312590264472,3,50,0.007214889061433853,4.852625638948808,0.013922234717727022,0.35368761611693067,False,0.000119312,0.00316961,,296.64426000000003,2304,10.395409636477709,6.19383816237816
"{""g"": {}, ""r"": {""FFT coefficients"": true, ""Light symmetry"": true, ""initial fit compare"": true, ""isophote variability"": true}, ""z"": {}}",23.107741137851445,True,success,WALLABY J133951-233716,9.545117982681397,0.14380518302286005,3,48,0.008109732960019742,4.852625638948808,0.016356085244547458,0.4014852495071395,False,0.00014231,0.00320554,,330.18026000000003,2560,10.041722020360778,5.983102469329716
"{""g"": {}, ""r"": {""FFT coefficients"": true, ""Light symmetry"": true, ""initial fit compare"": true, ""isophote variability"": true}, ""z"": {}}",27.960366776800253,True,success,WALLABY J133951-233716,9.561474067925944,0.14343833658542243,3,50,0.0023432156676587517,2.5418515251636613,0.009917407626963026,0.1669392028522001,False,0.000116343,0.00319837,,363.71626000000003,2816,10.443207269867917,6.22231715609908
"{""g"": {}, ""r"": {""FFT coefficients"": true, ""Light symmetry"": true, ""initial fit compare"": true, ""isophote variability"": true}, ""z"": {}}",25.41851525163659,True,success,WALLABY J133951-233716,9.551556660298981,0.14122101211913116,3,49,,,,,,0.00010884,0.00320565,,397.25226000000004,3072,10.276268067015717,6.122850714507915
,,,quality_fail,WALLABY J134002-252831,,,,,,,,,,,,invalid retained r cumulative row 0,,1024,,
,,,quality_fail,WALLABY J134002-252831,,,,,,,,,,,,invalid retained r cumulative row 0,,1280,,
"{""g"": {}, ""r"": {""FFT coefficients"": true, ""Light symmetry"": true, ""initial fit compare"": true, ""isophote variability"": true}, ""z"": {}}",116.79739093457917,True,success,WALLABY J134002-252831,10.060089139618926,0.11582896489482619,1,65,0.010755611199688268,0.0,0.005878519065518617,0.0038853812871089133,False,0.000170154,0.00437917,,197.99078000000003,1536,21.71240082637972,12.93677705238068
"{""g"": {}, ""r"": {""FFT coefficients"": true, ""Light symmetry"": true, ""initial fit compare"": true, ""isophote variability"": true}, ""z"": {}}",116.79739093457917,True,success,WALLABY J134002-252831,10.065967658684444,0.11630399903992823,1,65,0.0031553577224245973,0.0,0.0016857142726980356,0.017588995926402617,True,0.000123506,0.004295,,231.52678000000003,1792,21.71628620766683,12.939092057150386
"{""g"": {}, ""r"": {""FFT coefficients"": true, ""Light symmetry"": true, ""initial fit compare"": true, ""isophote variability"": true}, ""z"": {}}",116.79739093457917,True,success,WALLABY J134002-252831,10.067653372957142,0.11659442043480094,1,65,,,,,,0.000136971,0.00423969,,265.06278000000003,2048,21.733875203593232,12.949572009169263
"{""g"": {}, ""r"": {""FFT coefficients"": true, ""Light symmetry"": true, ""initial fit compare"": true, ""isophote variability"": true}, ""z"": {}}",11.857924958862132,True,success,WALLABY J134004-235850,9.707741725821819,0.14891877084736713,1,41,2.649382825077469e-05,1.185792495886215,0.02117182296763076,0.08108622518443598,False,0.000108167,0.00415148,,127.86124,1024,3.729720050805278,2.222258015172568
"{""g"": {}, ""r"": {""FFT coefficients"": true, ""Light symmetry"": true, ""initial fit compare"": true, ""isophote variability"": true}, ""z"": {}}",13.043717454748347,True,success,WALLABY J134004-235850,9.72891354878945,0.14678713209293517,1,42,0.011330739771523997,1.185792495886215,0.011671296720161095,0.09782492987423197,False,0.000108278,0.00422783,,161.39724,1280,3.810806275989714,2.270571162374406
"{""g"": {}, ""r"": {""FFT coefficients"": true, ""Light symmetry"": true, ""initial fit compare"": true, ""isophote variability"": true}, ""z"": {}}",11.857924958862132,True,success,WALLABY J134004-235850,9.717242252069289,0.14686144596933798,1,41,0.0038070654703552063,0.0,0.001983853725217699,0.007152513404461658,True,0.000156859,0.00434725,,194.93324,1536,3.712981346115482,2.2122846873748223
"{""g"": {}, ""r"": {""FFT coefficients"": true, ""Light symmetry"": true, ""initial fit compare"": true, ""isophote variability"": true}, ""z"": {}}",11.857924958862132,True,success,WALLABY J134004-235850,9.715258398344071,0.14532642368092547,1,41,,,,,,0.000173422,0.00435394,,228.46924,1792,3.7058288327110205,2.208023045743499
"{""g"": {}, ""r"": {""FFT coefficients"": true, ""Light symmetry"": false, ""initial fit compare"": true, ""isophote variability"": true}, ""z"": {}}",10.779931780783755,True,success,WALLABY J134015-153211,10.115557860766964,0.12607086670142367,1,40,3.922597584216515e-06,0.9799937982530693,0.004195176219500496,0.0036591309844542508,False,-1.52588e-08,0.00304953,,125.1705,1024,2.8193068380999358,1.6798116568683745
"{""g"": {}, ""r"": {""FFT coefficients"": true, ""Light symmetry"": false, ""initial fit compare"": true, ""isophote variability"": true}, ""z"": {}}",9.799937982530686,True,success,WALLABY J134015-153211,10.119753036986465,0.1315693782784995,1,39,,,,,,-3.8147e-09,0.00278543,,158.7065,1280,2.8156477071154815,1.6776314575375926
,,,quality_fail,WALLABY J134015-153211,,,,,,,,,,,,invalid retained r cumulative row 0,,1536,,
,,,quality_fail,WALLABY J134015-153211,,,,,,,,,,,,invalid retained r cumulative row 0,,1792,,
,,,quality_fail,WALLABY J134015-153211,,,,,,,,,,,,invalid retained r cumulative row 0,,2048,,
"{""g"": {}, ""r"": {""FFT coefficients"": false, ""Light symmetry"": false, ""initial fit compare"": true, ""isophote variability"": false}, ""z"": {}}",9.799937982530686,True,success,WALLABY J134015-153211,10.112386449572165,0.12145464078351606,2,39,1.6118455205051123e-05,3.714947524520066,0.573033183456813,0.5766443990014634,False,1.04904e-08,0.000330567,,292.8505,2304,2.7837188493563154,1.658607466700722
"{""g"": {}, ""r"": {""FFT coefficients"": false, ""Light symmetry"": false, ""initial fit compare"": true, ""isophote variability"": false}, ""z"": {}}",6.08499045801062,True,success,WALLABY J134015-153211,9.539353266115352,0.17931512560530066,4,34,1.6125462641140772e-05,0.0,0.007694725871997932,0.04828566597529793,True,1.71661e-08,0.000497763,,326.3865,2560,3.3603632483577788,2.002186239404774
"{""g"": {}, ""r"": {""FFT coefficients"": false, ""Light symmetry"": false, ""initial fit compare"": true, ""isophote variability"": false}, ""z"": {}}",6.08499045801062,True,success,WALLABY J134015-153211,9.54704799198735,0.18233330819874302,4,34,,,,,,2.57492e-08,0.000566777,,359.9225,2816,3.4086489143330767,2.0309560148222032
,,,quality_fail,WALLABY J134017-200502,,,,,,,,,,,,r-band AutoProf outputs missing,,1024,,
,,,quality_fail,WALLABY J134017-200502,,,,,,,,,,,,r-band AutoProf outputs missing,,1280,,
,,,quality_fail,WALLABY J134017-200502,,,,,,,,,,,,r-band AutoProf outputs missing,,1536,,
,,,quality_fail,WALLABY J134017-200502,,,,,,,,,,,,r-band AutoProf outputs missing,,1792,,
,,,quality_fail,WALLABY J134017-200502,,,,,,,,,,,,r-band AutoProf outputs missing,,2048,,
,,,quality_fail,WALLABY J134017-200502,,,,,,,,,,,,r-band AutoProf outputs missing,,2304,,
,,,quality_fail,WALLABY J134017-200502,,,,,,,,,,,,r-band AutoProf outputs missing,,2560,,
,,,quality_fail,WALLABY J134017-200502,,,,,,,,,,,,r-band AutoProf outputs missing,,2816,,
,,,quality_fail,WALLABY J134017-200502,,,,,,,,,,,,r-band AutoProf outputs missing,,3072,,
,,,quality_fail,WALLABY J134018-200556,,,,,,,,,,,,r-band AutoProf outputs missing,,1024,,
,,,quality_fail,WALLABY J134018-200556,,,,,,,,,,,,r-band AutoProf outputs missing,,1280,,
,,,quality_fail,WALLABY J134018-200556,,,,,,,,,,,,r-band AutoProf outputs missing,,1536,,
,,,quality_fail,WALLABY J134018-200556,,,,,,,,,,,,r-band AutoProf outputs missing,,1792,,
,,,quality_fail,WALLABY J134018-200556,,,,,,,,,,,,r-band AutoProf outputs missing,,2048,,
,,,quality_fail,WALLABY J134018-200556,,,,,,,,,,,,r-band AutoProf outputs missing,,2304,,
,,,quality_fail,WALLABY J134018-200556,,,,,,,,,,,,r-band AutoProf outputs missing,,2560,,
,,,quality_fail,WALLABY J134018-200556,,,,,,,,,,,,r-band AutoProf outputs missing,,2816,,
,,,quality_fail,WALLABY J134018-200556,,,,,,,,,,,,r-band AutoProf outputs missing,,3072,,
"{""g"": {}, ""r"": {""FFT coefficients"": true, ""Light symmetry"": true, ""initial fit compare"": true, ""isophote variability"": true}, ""z"": {}}",21.007037398046766,True,success,WALLABY J134018-211518,10.440954497178973,0.13380714934026092,1,47,0.000607864881599981,1.9097306725497063,0.0046935296459214015,0.06453047105520726,False,0.000215445,0.00697264,,130.00178000000002,1024,3.894700433136723,2.3205573438053246
"{""g"": {}, ""r"": {""FFT coefficients"": true, ""Light symmetry"": true, ""initial fit compare"": true, ""isophote variability"": true}, ""z"": {}}",19.09730672549706,True,success,WALLABY J134018-211518,10.445648026824895,0.13391659863600777,1,46,0.0002449651239021988,8.863060051303194,0.01981585756740678,0.25913552355887015,False,0.000219789,0.00732001,,163.53778000000003,1280,3.830169962081516,2.28210851800288
"{""g"": {}, ""r"": {""FFT coefficients"": true, ""Light symmetry"": true, ""initial fit compare"": true, ""isophote variability"": true}, ""z"": {}}",27.960366776800253,True,success,WALLABY J134018-211518,10.425832169257488,0.12884766374031306,1,50,0.017441882965778446,6.953329378753487,0.00972614838177499,0.18739454145810486,False,0.000221562,0.00715552,,197.07378000000003,1536,4.089305485640386,2.436507772209722
"{""g"": {}, ""r"": {""FFT coefficients"": true, ""Light symmetry"": true, ""initial fit compare"": true, ""isophote variability"": true}, ""z"": {}}",21.007037398046766,True,success,WALLABY J134018-211518,10.435558317639263,0.13443872238551385,1,47,0.00391886751913406,1.9097306725497063,0.007480742920151329,0.0388262648743285,False,9.80753e-05,0.00700427,,230.60978000000003,1792,3.9019109441822812,2.3248535418433036
"{""g"": {}, ""r"": {""FFT coefficients"": true, ""Light symmetry"": true, ""initial fit compare"": true, ""isophote variability"": true}, ""z"": {}}",19.09730672549706,True,success,WALLABY J134018-211518,10.443039060559414,0.13728281469575931,1,46,0.0036016540193655115,0.0,0.0033820446190713227,0.0031255782029893098,True,7.10812e-05,0.00677221,,264.14578,2048,3.8630846793079527,2.3017199079134434
"{""g"": {}, ""r"": {""FFT coefficients"": true, ""Light symmetry"": true, ""initial fit compare"": true, ""isophote variability"": true}, ""z"": {}}",19.09730672549706,True,success,WALLABY J134018-211518,10.446421105178485,0.13641293326982293,1,46,,,,,,9.52255e-05,0.00663513,,297.68178,2304,3.866210257510942,2.3035822035064175
"{""g"": {}, ""r"": {""FFT coefficients"": false, ""Light symmetry"": false, ""initial fit compare"": true, ""isophote variability"": true}, ""z"": {}}",87.75160851583708,True,success,WALLABY J134019-235122,10.881862204482937,0.11898334496974519,3,62,0.0133871837995144,0.0,0.0037924612328836815,0.20419047704996984,False,3.74107e-05,0.00340216,,132.3624,1024,23.35829469254954,13.917440691044268
"{""g"": {}, ""r"": {""FFT coefficients"": false, ""Light symmetry"": false, ""initial fit compare"": true, ""isophote variability"": true}, ""z"": {}}",87.75160851583708,True,success,WALLABY J134019-235122,10.88565466571582,0.12120459373095298,4,62,0.013986676066466778,0.0,0.003619736153112285,0.004512170889810818,False,8.40562e-05,0.00356652,,165.8984,1280,23.15410421549957,13.79577903331523
"{""g"": {}, ""r"": {""FFT coefficients"": false, ""Light symmetry"": false, ""initial fit compare"": true, ""isophote variability"": true}, ""z"": {}}",87.75160851583708,True,success,WALLABY J134019-235122,10.882034929562709,0.12201887178850668,4,62,0.004034495534893765,0.0,0.007873161067566414,0.08243278267692489,True,0.000133457,0.00349746,,199.4344,1536,23.15861638638938,13.798467494590907
"{""g"": {}, ""r"": {""FFT coefficients"": false, ""Light symmetry"": false, ""initial fit compare"": true, ""isophote variability"": true}, ""z"": {}}",87.75160851583708,True,success,WALLABY J134019-235122,10.874161768495142,0.12258786986015945,4,62,,,,,,0.000147286,0.00335792,,232.9704,1792,23.241049169066304,13.847582953531912
"{""g"": {}, ""r"": {""FFT coefficients"": true, ""Light symmetry"": true, ""initial fit compare"": true, ""isophote variability"": true}, ""z"": {}}",10.779931780783755,True,success,WALLABY J134024-233429,8.722900899199647,0.18889793688589632,1,40,0.02382510496597654,6.581256151486297,0.14477093270186536,1.580323048868558,False,0.000127551,0.00321111,,125.9696,1024,5.622369589151562,3.3499446911724435
"{""g"": {}, ""r"": {""FFT coefficients"": true, ""Light symmetry"": true, ""initial fit compare"": true, ""isophote variability"": true}, ""z"": {}}",17.361187932270052,True,success,WALLABY J134024-233429,8.867671831901513,0.1829269242286193,2,45,0.015574054611563342,5.503262973407921,0.12282504366084623,1.277096038044145,False,5.18534e-05,0.00314333,,159.5056,1280,7.20269263802012,4.291539640410486
"{""g"": {}, ""r"": {""FFT coefficients"": true, ""Light symmetry"": true, ""initial fit compare"": true, ""isophote variability"": true}, ""z"": {}}",11.857924958862132,True,success,WALLABY J134024-233429,8.744846788240666,0.17042908813191637,4,41,0.00894086108241141,1.185792495886215,0.018180396920657316,0.3574884393952935,False,9.95695e-05,0.00298431,,193.0416,1536,5.925596599975975,3.5306147270041897
"{""g"": {}, ""r"": {""FFT coefficients"": true, ""Light symmetry"": true, ""initial fit compare"": true, ""isophote variability"": true}, ""z"": {}}",13.043717454748347,True,success,WALLABY J134024-233429,8.763027185161324,0.1912035846653977,4,42,0.003956351337128296,0.0,0.018625233626902826,0.04643400541376952,True,0.000125617,0.00284231,,226.5776,1792,6.283085039371269,3.743615043101962
"{""g"": {}, ""r"": {""FFT coefficients"": true, ""Light symmetry"": true, ""initial fit compare"": true, ""isophote variability"": true}, ""z"": {}}",13.043717454748347,True,success,WALLABY J134024-233429,8.781652418788227,0.18209255703081922,4,42,,,,,,0.000114528,0.00276336,,260.1136,2048,6.236651033957499,3.71594853213017
,,,quality_fail,WALLABY J134030-172613,,,,,,,,,,,,r-band AutoProf outputs missing,,1024,,
,,,quality_fail,WALLABY J134030-172613,,,,,,,,,,,,r-band AutoProf outputs missing,,1280,,
,,,quality_fail,WALLABY J134030-172613,,,,,,,,,,,,r-band AutoProf outputs missing,,1536,,
,,,quality_fail,WALLABY J134030-172613,,,,,,,,,,,,r-band AutoProf outputs missing,,1792,,
,,,quality_fail,WALLABY J134030-172613,,,,,,,,,,,,r-band AutoProf outputs missing,,2048,,
,,,quality_fail,WALLABY J134030-172613,,,,,,,,,,,,r-band AutoProf outputs missing,,2304,,
,,,quality_fail,WALLABY J134030-172613,,,,,,,,,,,,r-band AutoProf outputs missing,,2560,,
,,,quality_fail,WALLABY J134030-172613,,,,,,,,,,,,r-band AutoProf outputs missing,,2816,,
,,,quality_fail,WALLABY J134030-172613,,,,,,,,,,,,r-band AutoProf outputs missing,,3072,,
,,,quality_fail,WALLABY J134034-183340,,,,,,,,,,,,r-band AutoProf outputs missing,,1024,,
,,,quality_fail,WALLABY J134034-183340,,,,,,,,,,,,r-band AutoProf outputs missing,,1280,,
,,,quality_fail,WALLABY J134034-183340,,,,,,,,,,,,r-band AutoProf outputs missing,,1536,,
,,,quality_fail,WALLABY J134034-183340,,,,,,,,,,,,r-band AutoProf outputs missing,,1792,,
,,,quality_fail,WALLABY J134034-183340,,,,,,,,,,,,r-band AutoProf outputs missing,,2048,,
,,,quality_fail,WALLABY J134034-183340,,,,,,,,,,,,r-band AutoProf outputs missing,,2304,,
,,,quality_fail,WALLABY J134034-183340,,,,,,,,,,,,r-band AutoProf outputs missing,,2560,,
"{""g"": {}, ""r"": {""FFT coefficients"": true, ""Light symmetry"": true, ""initial fit compare"": true, ""isophote variability"": true}, ""z"": {}}",15.7828981202455,True,success,WALLABY J134045-211913,9.200910648046298,0.16154736258122732,2,44,0.005775668143325481,0.0,0.005282492315005882,0.06874190248542078,True,0.000200145,0.00513427,,130.3319,1024,4.747058135270787,2.8284128154117067
"{""g"": {}, ""r"": {""FFT coefficients"": true, ""Light symmetry"": true, ""initial fit compare"": true, ""isophote variability"": true}, ""z"": {}}",15.7828981202455,True,success,WALLABY J134045-211913,9.195628155731292,0.15935044751541966,2,44,,,,,,0.000230236,0.00528565,,163.86790000000002,1280,4.678316232785366,2.7874547162258296
"{""g"": {}, ""r"": {""FFT coefficients"": false, ""Light symmetry"": false, ""initial fit compare"": true, ""isophote variability"": false}, ""z"": {}}",17.361187932270052,True,success,WALLABY J134056-233626,10.139011689704065,0.11406328542766078,2,45,0.012675057297737035,0.0,0.003693291393215503,0.02266959640142474,False,7.43302e-05,0.0032242,,128.79396000000003,1024,6.568734728818971,3.913812082895781
"{""g"": {}, ""r"": {""FFT coefficients"": false, ""Light symmetry"": false, ""initial fit compare"": true, ""isophote variability"": false}, ""z"": {}}",17.361187932270052,True,success,WALLABY J134056-233626,10.135318398310849,0.1159194213177611,2,45,0.0004351696484138027,0.0,0.0021226931472089205,0.005051259784358386,True,0.00011484,0.00316785,,162.32996000000003,1280,6.591404325220395,3.927319180376976
"{""g"": {}, ""r"": {""FFT coefficients"": false, ""Light symmetry"": false, ""initial fit compare"": true, ""isophote variability"": false}, ""z"": {}}",17.361187932270052,True,success,WALLABY J134056-233626,10.137441091458058,0.11558714915119042,2,45,,,,,,0.000116221,0.0031791,,195.86596000000003,1536,6.586353065436037,3.924309516812525
,,,quality_fail,WALLABY J134059-191452,,,,,,,,,,,,invalid retained r cumulative row 0,,1024,,
"{""g"": {}, ""r"": {""FFT coefficients"": true, ""Light symmetry"": false, ""initial fit compare"": true, ""isophote variability"": false}, ""z"": {}}",8.90903452957335,True,success,WALLABY J134059-191452,7.8870519964178305,0.3132984584659268,1,38,,,,,,6.10352e-08,0.00385563,,159.1781,1280,5.834724004374199,3.476470622035244
,,,quality_fail,WALLABY J134059-191452,,,,,,,,,,,,invalid retained r cumulative row 0,,1536,,
,,,quality_fail,WALLABY J134059-191452,,,,,,,,,,,,invalid retained r cumulative row 0,,1792,,
,,,quality_fail,WALLABY J134059-191452,,,,,,,,,,,,invalid retained r cumulative row 0,,2048,,
,,,quality_fail,WALLABY J134059-191452,,,,,,,,,,,,invalid retained r cumulative row 0,,2304,,
,,,quality_fail,WALLABY J134059-191452,,,,,,,,,,,,invalid retained r cumulative row 0,,2560,,
,,,quality_fail,WALLABY J134059-191452,,,,,,,,,,,,invalid retained r cumulative row 0,,2816,,
,,,quality_fail,WALLABY J134059-191452,,,,,,,,,,,,invalid retained r cumulative row 0,,3072,,
"{""g"": {}, ""r"": {""FFT coefficients"": true, ""Light symmetry"": true, ""initial fit compare"": true, ""isophote variability"": true}, ""z"": {}}",19.09730672549706,True,success,WALLABY J134115-145751,9.589301894967113,0.14512431278521135,2,46,0.020392518067167353,1.736118793227007,0.006754061193696259,0.13354057571887967,False,8.66439e-05,0.00154076,,126.65866000000001,1024,5.253911435101501,3.130408351999575
"{""g"": {}, ""r"": {""FFT coefficients"": true, ""Light symmetry"": true, ""initial fit compare"": true, ""isophote variability"": true}, ""z"": {}}",17.361187932270052,True,success,WALLABY J134115-145751,9.582547833773416,0.1467481979231539,2,45,0.013543454849819276,1.736118793227007,0.015362658908134819,0.17891740361142805,False,0.000116865,0.00142318,,160.19466,1280,5.120370859382621,3.0508416256234314
"{""g"": {}, ""r"": {""FFT coefficients"": true, ""Light symmetry"": true, ""initial fit compare"": true, ""isophote variability"": true}, ""z"": {}}",19.09730672549706,True,success,WALLABY J134115-145751,9.597910492681551,0.14512663360074862,2,46,0.007294589755874407,0.0,0.0015296069508838883,0.04504854087949539,True,0.000135918,0.00139043,,193.73066,1536,5.299288262994049,3.1574449708647223
"{""g"": {}, ""r"": {""FFT coefficients"": true, ""Light symmetry"": true, ""initial fit compare"": true, ""isophote variability"": true}, ""z"": {}}",19.09730672549706,True,success,WALLABY J134115-145751,9.596380885730667,0.1441724495096913,2,46,,,,,,0.000125793,0.0013856,,227.26666,1792,5.254239722114554,3.1306039533948797
"{""g"": {}, ""r"": {""FFT coefficients"": true, ""Light symmetry"": true, ""initial fit compare"": true, ""isophote variability"": true}, ""z"": {}}",49.53349532747505,True,success,WALLABY J134128-192219,10.071403416544852,0.13036504510237876,3,56,7.189514074780832e-06,10.402034018769768,0.0029012960305134783,0.4929503003985971,False,-6.10352e-08,0.00845904,,132.34406,1024,14.700710523140668,8.75904125343874
"{""g"": {}, ""r"": {""FFT coefficients"": true, ""Light symmetry"": true, ""initial fit compare"": true, ""isophote variability"": true}, ""z"": {}}",59.93552934624482,True,success,WALLABY J134128-192219,10.074304712575366,0.12366372387668512,4,58,4.1588225719141914e-05,10.402034018769768,0.008611162087563073,0.11805025671440994,False,0.0,0.00851991,,165.88006000000001,1280,15.193660823539265,9.052753044463374
"{""g"": {}, ""r"": {""FFT coefficients"": true, ""Light symmetry"": true, ""initial fit compare"": true, ""isophote variability"": true}, ""z"": {}}",49.53349532747505,True,success,WALLABY J134128-192219,10.065693550487802,0.12163617224685468,4,56,4.8161755422568997e-05,0.0,0.005630547003853792,0.05035200908440984,True,2.74658e-07,0.00468854,,199.41606000000002,1536,15.075610566824855,8.982415827298741
"{""g"": {}, ""r"": {""FFT coefficients"": true, ""Light symmetry"": true, ""initial fit compare"": true, ""isophote variability"": true}, ""z"": {}}",49.53349532747505,True,success,WALLABY J134128-192219,10.071324097491656,0.12258160708368106,4,56,,,,,,5.0354e-07,0.00481618,,232.95206000000002,1792,15.125962575909265,9.012416780250616
,,,quality_fail,WALLABY J134138-155809,,,,,,,,,,,,r-band AutoProf outputs missing,,1024,,
,,,quality_fail,WALLABY J134138-155809,,,,,,,,,,,,r-band AutoProf outputs missing,,1280,,
,,,quality_fail,WALLABY J134138-155809,,,,,,,,,,,,r-band AutoProf outputs missing,,1536,,
,,,quality_fail,WALLABY J134138-155809,,,,,,,,,,,,r-band AutoProf outputs missing,,1792,,
,,,quality_fail,WALLABY J134138-155809,,,,,,,,,,,,r-band AutoProf outputs missing,,2048,,
,,,quality_fail,WALLABY J134138-155809,,,,,,,,,,,,r-band AutoProf outputs missing,,2304,,
,,,quality_fail,WALLABY J134138-155809,,,,,,,,,,,,r-band AutoProf outputs missing,,2560,,
,,,quality_fail,WALLABY J134138-155809,,,,,,,,,,,,r-band AutoProf outputs missing,,2816,,
,,,quality_fail,WALLABY J134138-155809,,,,,,,,,,,,r-band AutoProf outputs missing,,3072,,
"{""g"": {}, ""r"": {""FFT coefficients"": false, ""Light symmetry"": false, ""initial fit compare"": true, ""isophote variability"": false}, ""z"": {}}",87.75160851583708,True,success,WALLABY J134143-183508,10.56121498881535,0.12224778253976304,1,62,0.002873665885550755,15.229618006880827,0.0019761975080694327,0.6816507709681829,False,0.000121327,0.00720153,,127.15384,1024,15.500049119801158,9.235306651127782
"{""g"": {}, ""r"": {""FFT coefficients"": false, ""Light symmetry"": false, ""initial fit compare"": true, ""isophote variability"": false}, ""z"": {}}",72.52199050895625,True,success,WALLABY J134143-183508,10.55923879130728,0.11391506772856291,2,60,0.012467925497935458,33.65745579520663,0.041671107320262024,0.166087645364982,False,0.000141837,0.00707292,,160.68984000000003,1280,16.18169989076934,9.641450776879404
"{""g"": {}, ""r"": {""FFT coefficients"": false, ""Light symmetry"": false, ""initial fit compare"": true, ""isophote variability"": false}, ""z"": {}}",106.17944630416288,True,success,WALLABY J134143-183508,10.600909898627542,0.1296079322377138,2,64,0.00014739854686318947,40.25036402329357,0.03918820046091831,0.24844089481633702,False,0.000229177,0.00693743,,194.22584000000003,1536,16.347787536134323,9.740409839786492
"{""g"": {}, ""r"": {""FFT coefficients"": false, ""Light symmetry"": false, ""initial fit compare"": true, ""isophote variability"": false}, ""z"": {}}",65.92908228086931,True,success,WALLABY J134143-183508,10.561721698166624,0.11622298856952241,2,59,0.0005106740335412615,5.993552934624489,0.0060180859961889155,0.18014297130055112,False,0.000230188,0.00678048,,227.76184000000003,1792,16.099346641317986,9.592382705770618
"{""g"": {}, ""r"": {""FFT coefficients"": false, ""Light symmetry"": false, ""initial fit compare"": true, ""isophote variability"": false}, ""z"": {}}",59.93552934624482,True,success,WALLABY J134143-183508,10.555703612170435,0.12006673055594504,2,58,0.012973250454753426,10.402034018769768,0.06139544183941936,1.8209388041250758,False,0.000226734,0.00674674,,261.29784,2048,16.279489612618537,9.699716274080448
"{""g"": {}, ""r"": {""FFT coefficients"": false, ""Light symmetry"": false, ""initial fit compare"": true, ""isophote variability"": false}, ""z"": {}}",49.53349532747505,True,success,WALLABY J134143-183508,10.494308170331015,0.11382712056129522,2,56,0.006983720677549522,16.395586953394258,0.07474452095043382,1.7566254636536467,False,0.000139545,0.00669461,,294.83384,2304,14.458550808493461,8.6147565994979
"{""g"": {}, ""r"": {""FFT coefficients"": false, ""Light symmetry"": false, ""initial fit compare"": true, ""isophote variability"": false}, ""z"": {}}",65.92908228086931,True,success,WALLABY J134143-183508,10.569052691281449,0.11900134686367508,3,59,0.0035357383845690898,0.0,0.0024865304698238333,0.10615944925773846,True,9.29456e-05,0.00665054,,328.36984,2560,16.215176272147108,9.66139681996638
"{""g"": {}, ""r"": {""FFT coefficients"": false, ""Light symmetry"": false, ""initial fit compare"": true, ""isophote variability"": false}, ""z"": {}}",65.92908228086931,True,success,WALLABY J134143-183508,10.571539221751273,0.11809238772068482,3,59,,,,,,6.96803e-05,0.00650954,,361.90584,2816,16.10901682288937,9.598144435394412
"{""g"": {}, ""r"": {""FFT coefficients"": true, ""Light symmetry"": true, ""initial fit compare"": true, ""isophote variability"": true}, ""z"": {}}",21.007037398046766,True,success,WALLABY J134145-191825,10.540580435538963,0.15416173446982018,1,47,0.0007568742781158704,1.9097306725497063,0.015008102039933746,0.027401970370812823,False,3.56157e-05,0.0103161,,126.69796000000001,1024,3.1078224724218164,1.8517162963964715
"{""g"": {}, ""r"": {""FFT coefficients"": true, ""Light symmetry"": true, ""initial fit compare"": true, ""isophote variability"": true}, ""z"": {}}",19.09730672549706,True,success,WALLABY J134145-191825,10.52557233349903,0.16191395511309176,1,46,0.0006040830587515953,0.0,0.0028998923266634336,0.009979298374005463,True,4.34137e-05,0.0102897,,160.23396000000002,1280,3.0804205020510036,1.8353895352834189
"{""g"": {}, ""r"": {""FFT coefficients"": true, ""Light symmetry"": true, ""initial fit compare"": true, ""isophote variability"": true}, ""z"": {}}",19.09730672549706,True,success,WALLABY J134145-191825,10.528472225825693,0.1586075709136384,1,46,,,,,,3.71895e-05,0.0103174,,193.76996000000003,1536,3.070441203676998,1.8294436263424398
"{""g"": {}, ""r"": {""FFT coefficients"": true, ""Light symmetry"": false, ""initial fit compare"": true, ""isophote variability"": true}, ""z"": {}}",19.09730672549706,True,success,WALLABY J134150-175703,10.345478583669227,0.14790010600870365,2,46,0.018268967995165794,1.9097306725497063,0.007057826038053605,0.08190695922853397,False,0.00022596,0.00741446,,127.5023,1024,4.5548637191963035,2.71389870288449
"{""g"": {}, ""r"": {""FFT coefficients"": true, ""Light symmetry"": false, ""initial fit compare"": true, ""isophote variability"": true}, ""z"": {}}",21.007037398046766,True,success,WALLABY J134150-175703,10.35253640970728,0.14857496673760376,2,47,0.013514490675624621,0.0,0.009221903927537412,0.08213257239763028,False,9.17262e-05,0.00728082,,161.0383,1280,4.6367706784248375,2.762700863412523
"{""g"": {}, ""r"": {""FFT coefficients"": true, ""Light symmetry"": false, ""initial fit compare"": true, ""isophote variability"": true}, ""z"": {}}",21.007037398046766,True,success,WALLABY J134150-175703,10.361758313634818,0.15248855264141917,2,47,0.00039463385137682513,0.0,0.0057431868762538585,0.0275191562239554,True,2.65503e-06,0.00590076,,194.5743,1536,4.718903250822468,2.8116374497597927
"{""g"": {}, ""r"": {""FFT coefficients"": false, ""Light symmetry"": false, ""initial fit compare"": true, ""isophote variability"": true}, ""z"": {}}",21.007037398046766,True,success,WALLABY J134150-175703,10.367501500511072,0.16017322029644904,2,47,,,,,,4.88281e-07,0.0050803,,228.1103,1792,4.746422407046423,2.8280340330573157
"{""g"": {}, ""r"": {""FFT coefficients"": false, ""Light symmetry"": true, ""initial fit compare"": true, ""isophote variability"": true}, ""z"": {}}",17.361187932270052,True,success,WALLABY J134201-221411,9.615869059587117,0.13507746018795608,1,45,0.004476028347148429,0.0,0.011965916709621993,0.007902002587486301,True,0.000175242,0.0047157,,124.0701,1024,7.215661525508778,4.29926681933463
"{""g"": {}, ""r"": {""FFT coefficients"": false, ""Light symmetry"": true, ""initial fit compare"": true, ""isophote variability"": true}, ""z"": {}}",17.361187932270052,True,success,WALLABY J134201-221411,9.62783497629674,0.12867231897923778,1,45,,,,,,0.000196947,0.00498263,,157.6061,1280,7.223563528096264,4.303975024869295
"{""g"": {}, ""r"": {""FFT coefficients"": true, ""Light symmetry"": false, ""initial fit compare"": true, ""isophote variability"": true}, ""z"": {}}",11.857924958862132,True,success,WALLABY J134219-211125,9.242914342367643,0.14216563828781512,1,41,0.00010793291973061789,0.0,0.027302542869325208,0.1446465500278542,False,0.0,0.00784218,,120.24752000000001,1024,5.182119030783573,3.0876326895501696
"{""g"": {}, ""r"": {""FFT coefficients"": true, ""Light symmetry"": false, ""initial fit compare"": true, ""isophote variability"": true}, ""z"": {}}",11.857924958862132,True,success,WALLABY J134219-211125,9.215611799498317,0.14090417641790798,1,41,6.566267745143087e-05,0.0,0.01745546390653807,0.017006050664130967,True,7.32422e-07,0.00572962,,153.78090000000003,1280,5.326765580811427,3.1738166258209515
"{""g"": {}, ""r"": {""FFT coefficients"": true, ""Light symmetry"": false, ""initial fit compare"": true, ""isophote variability"": true}, ""z"": {}}",11.857924958862132,True,success,WALLABY J134219-211125,9.233067263404855,0.1421395280398518,1,41,,,,,,1.15967e-06,0.0072838,,187.31690000000003,1536,5.309759530147296,3.1636840067825234
"{""g"": {}, ""r"": {""FFT coefficients"": true, ""Light symmetry"": true, ""initial fit compare"": true, ""isophote variability"": true}, ""z"": {}}",23.107741137851445,True,success,WALLABY J134221-150432,10.356105580255528,0.13645152812110958,2,48,0.0119675311760004,2.310774113785147,0.0007129535465217884,0.016553604943735145,False,0.000144445,0.00134075,,121.37674,1024,4.608249644036536,2.7457073367115763
"{""g"": {}, ""r"": {""FFT coefficients"": true, ""Light symmetry"": true, ""initial fit compare"": true, ""isophote variability"": true}, ""z"": {}}",25.41851525163659,True,success,WALLABY J134221-150432,10.35681853380205,0.13830091319709545,2,49,0.036854983128805446,0.0,0.000864047598513551,0.013982775669191483,False,0.00016039,0.00132396,,154.91274,1280,4.624803248980271,2.7555703775739255
"{""g"": {}, ""r"": {""FFT coefficients"": true, ""Light symmetry"": true, ""initial fit compare"": true, ""isophote variability"": true}, ""z"": {}}",25.41851525163659,True,success,WALLABY J134221-150432,10.357682581400564,0.13778136211626993,4,49,0.015777329319759333,0.0,0.008863106700353285,0.021575858984577145,False,0.000111512,0.00132849,,188.44874000000002,1536,4.6387860246494625,2.7639016557615506
"{""g"": {}, ""r"": {""FFT coefficients"": true, ""Light symmetry"": true, ""initial fit compare"": true, ""isophote variability"": true}, ""z"": {}}",25.41851525163659,True,success,WALLABY J134221-150432,10.366545688100917,0.1426808431609223,4,49,0.006328920152034467,2.310774113785147,0.01064729692476618,0.06386447945956153,False,9.05205e-05,0.00133248,,221.98474000000002,1792,4.66036188363404,2.7767570778601494
"{""g"": {}, ""r"": {""FFT coefficients"": true, ""Light symmetry"": true, ""initial fit compare"": true, ""isophote variability"": true}, ""z"": {}}",23.107741137851445,True,success,WALLABY J134221-150432,10.35589839117615,0.1434724360585725,4,48,0.0076974208986971574,0.0,0.002333837390017024,0.022968744969791288,True,9.8996e-05,0.00134586,,255.52074000000002,2048,4.596497404174478,2.7387050660655397
"{""g"": {}, ""r"": {""FFT coefficients"": true, ""Light symmetry"": true, ""initial fit compare"": true, ""isophote variability"": true}, ""z"": {}}",23.107741137851445,True,success,WALLABY J134221-150432,10.358232228566168,0.14518321039586912,4,48,,,,,,0.000109418,0.00136206,,289.05674,2304,4.6194661491442695,2.7523904035472504
,,,quality_fail,WALLABY J134230-171445,,,,,,,,,,,,r-band AutoProf outputs missing,,1024,,
,,,quality_fail,WALLABY J134230-171445,,,,,,,,,,,,r-band AutoProf outputs missing,,1280,,
,,,quality_fail,WALLABY J134230-171445,,,,,,,,,,,,r-band AutoProf outputs missing,,1536,,
,,,quality_fail,WALLABY J134230-171445,,,,,,,,,,,,r-band AutoProf outputs missing,,1792,,
,,,quality_fail,WALLABY J134230-171445,,,,,,,,,,,,r-band AutoProf outputs missing,,2048,,
,,,quality_fail,WALLABY J134230-171445,,,,,,,,,,,,r-band AutoProf outputs missing,,2304,,
,,,quality_fail,WALLABY J134230-171445,,,,,,,,,,,,r-band AutoProf outputs missing,,2560,,
,,,quality_fail,WALLABY J134230-171445,,,,,,,,,,,,r-band AutoProf outputs missing,,2816,,
,,,quality_fail,WALLABY J134230-171445,,,,,,,,,,,,r-band AutoProf outputs missing,,3072,,
"{""g"": {}, ""r"": {""FFT coefficients"": true, ""Light symmetry"": true, ""initial fit compare"": true, ""isophote variability"": true}, ""z"": {}}",10.779931780783755,True,success,WALLABY J134241-233218,8.657628182113557,0.17269457965953366,1,40,0.016826043257820392,0.0,0.0037695939492063957,0.05396603433166014,False,0.000153633,0.00394986,,128.51886,1024,5.265325581374391,3.137209178253493
"{""g"": {}, ""r"": {""FFT coefficients"": true, ""Light symmetry"": true, ""initial fit compare"": true, ""isophote variability"": true}, ""z"": {}}",10.779931780783755,True,success,WALLABY J134241-233218,8.661397776062763,0.16589926032167698,1,40,0.009988942581295743,0.0,0.003841894015669922,0.018770639915256737,True,8.59987e-05,0.00408938,,162.05486,1280,5.211359547042731,3.1050549010672692
"{""g"": {}, ""r"": {""FFT coefficients"": true, ""Light symmetry"": true, ""initial fit compare"": true, ""isophote variability"": true}, ""z"": {}}",10.779931780783755,True,success,WALLABY J134241-233218,8.657555882047093,0.1568018514754208,1,40,,,,,,0.000126018,0.00392334,,195.59086,1536,5.192588907127474,3.0938708967898996
"{""g"": {}, ""r"": {""FFT coefficients"": true, ""Light symmetry"": false, ""initial fit compare"": true, ""isophote variability"": true}, ""z"": {}}",0.8222682347009029,True,success,WALLABY J134247-193454,3.8339523387737637,0.5238444524690701,2,13,,,,,,2.68555e-06,0.00637449,,122.25182000000001,1024,0.5948554467643262,0.35442935835242345
,,,quality_fail,WALLABY J134247-193454,,,,,,,,,,,,common uncertainty aperture retains only 1 rows,,1280,,
,,,quality_fail,WALLABY J134247-193454,,,,,,,,,,,,common uncertainty aperture retains only 0 rows,,1536,,
,,,quality_fail,WALLABY J134247-193454,,,,,,,,,,,,invalid retained r cumulative row 0,,1792,,
"{""g"": {}, ""r"": {""FFT coefficients"": true, ""Light symmetry"": true, ""initial fit compare"": true, ""isophote variability"": true}, ""z"": {}}",0.5105638802000004,True,success,WALLABY J134247-193454,4.34507195511314,0.34812753184727147,4,8,,,,,,4.30298e-06,0.00726942,,256.94602000000003,2048,0.3998046323628374,0.23821333415616794
,,,quality_fail,WALLABY J134247-193454,,,,,,,,,,,,common uncertainty aperture retains only 1 rows,,2304,,
"{""g"": {}, ""r"": {""FFT coefficients"": true, ""Light symmetry"": true, ""initial fit compare"": true, ""isophote variability"": true}, ""z"": {}}",37.21524817992115,True,success,WALLABY J134247-193454,7.233714014264087,0.18096278001912947,4,53,4.169034634258305e-05,11.796732928284555,0.12003324206518506,7.729822001138652,False,7.08008e-06,0.00727065,,323.98395999999997,2560,20.83079375482066,12.411494094325441
"{""g"": {}, ""r"": {""FFT coefficients"": true, ""Light symmetry"": true, ""initial fit compare"": true, ""isophote variability"": true}, ""z"": {}}",25.41851525163659,True,success,WALLABY J134247-193454,7.353747256329272,0.16709133664496784,4,49,1.6444501323562053e-05,24.59624701693569,2.9855638548607963,12.417036029444183,False,7.38525e-06,0.00736919,,357.47018,2816,13.100971753682009,7.805877945151234
"{""g"": {}, ""r"": {""FFT coefficients"": true, ""Light symmetry"": true, ""initial fit compare"": true, ""isophote variability"": true}, ""z"": {}}",0.8222682347009029,True,success,WALLABY J134247-193454,4.3681834014684755,0.1817774371231346,4,13,,,,,,7.50732e-06,0.00747711,,390.55816000000004,3072,0.683935724237826,0.40750555654229564
,,,quality_fail,WALLABY J134248-171356,,,,,,,,,,,,r-band AutoProf outputs missing,,1024,,
,,,quality_fail,WALLABY J134248-171356,,,,,,,,,,,,r-band AutoProf outputs missing,,1280,,
,,,quality_fail,WALLABY J134248-171356,,,,,,,,,,,,r-band AutoProf outputs missing,,1536,,
,,,quality_fail,WALLABY J134248-171356,,,,,,,,,,,,r-band AutoProf outputs missing,,1792,,
,,,quality_fail,WALLABY J134248-171356,,,,,,,,,,,,r-band AutoProf outputs missing,,2048,,
,,,quality_fail,WALLABY J134248-171356,,,,,,,,,,,,r-band AutoProf outputs missing,,2304,,
,,,quality_fail,WALLABY J134248-171356,,,,,,,,,,,,r-band AutoProf outputs missing,,2560,,
,,,quality_fail,WALLABY J134248-171356,,,,,,,,,,,,r-band AutoProf outputs missing,,2816,,
,,,quality_fail,WALLABY J134248-171356,,,,,,,,,,,,r-band AutoProf outputs missing,,3072,,
"{""g"": {}, ""r"": {""FFT coefficients"": false, ""Light symmetry"": false, ""initial fit compare"": true, ""isophote variability"": false}, ""z"": {}}",21.007037398046766,True,success,WALLABY J134249-182801,9.457153821165445,0.12072029878769779,1,47,0.015966320327272625,7.963319943298419,0.17177868562405152,0.5184452738420084,False,0.000193201,0.007333,,133.27678,1024,8.744112518326412,5.2099551346289905
"{""g"": {}, ""r"": {""FFT coefficients"": false, ""Light symmetry"": false, ""initial fit compare"": true, ""isophote variability"": false}, ""z"": {}}",13.043717454748347,True,success,WALLABY J134249-182801,9.285375135541393,0.1441557868661891,1,42,0.006665593438137678,6.053589270748713,0.10191837363182721,1.074788971840503,False,7.85344e-05,0.00703056,,166.81278000000003,1280,8.225667244484404,4.901052817691024
"{""g"": {}, ""r"": {""FFT coefficients"": false, ""Light symmetry"": false, ""initial fit compare"": true, ""isophote variability"": false}, ""z"": {}}",19.09730672549706,True,success,WALLABY J134249-182801,9.38729350917322,0.1509231444726426,1,46,0.0025075057320432027,0.0,0.09078333510909253,1.6918202021829902,False,3.19535e-05,0.00694596,,200.29638,1536,9.300456216324907,5.541438255406639
"{""g"": {}, ""r"": {""FFT coefficients"": false, ""Light symmetry"": false, ""initial fit compare"": true, ""isophote variability"": false}, ""z"": {}}",19.09730672549706,True,success,WALLABY J134249-182801,9.478076844282313,0.13754533155789658,1,46,1.0254684249535345e-05,0.0,0.08787579552006797,1.4963589112657445,False,1.45647e-05,0.00692344,,233.83238,1792,7.608636014141917,4.533410587560554
"{""g"": {}, ""r"": {""FFT coefficients"": false, ""Light symmetry"": false, ""initial fit compare"": true, ""isophote variability"": false}, ""z"": {}}",19.09730672549706,True,success,WALLABY J134249-182801,9.390201048762245,0.12588273937016548,1,46,0.00022017800701401184,0.0,0.12678183354507588,1.5184152818217278,False,1.44931e-05,0.00704091,,267.36838,2048,9.104994925407661,5.424977659308269
"{""g"": {}, ""r"": {""FFT coefficients"": false, ""Light symmetry"": false, ""initial fit compare"": true, ""isophote variability"": false}, ""z"": {}}",19.09730672549706,True,success,WALLABY J134249-182801,9.516982882307321,0.16051283647576764,2,46,0.0013866896263437338,1.9097306725497063,0.011216415928645418,0.416428108541961,False,1.29226e-05,0.00722482,,300.90438,2304,7.586579643585933,4.520268864968515
"{""g"": {}, ""r"": {""FFT coefficients"": false, ""Light symmetry"": false, ""initial fit compare"": true, ""isophote variability"": false}, ""z"": {}}",21.007037398046766,True,success,WALLABY J134249-182801,9.505766466378676,0.14224989050483622,4,47,0.002664388838164803,9.149112439184634,0.15229292293878238,1.280842972804015,False,2.29243e-05,0.00720047,,334.44038,2560,8.003007752127894,4.768386870970258
"{""g"": {}, ""r"": {""FFT coefficients"": false, ""Light symmetry"": false, ""initial fit compare"": true, ""isophote variability"": false}, ""z"": {}}",11.857924958862132,True,success,WALLABY J134249-182801,9.353473543439893,0.15697406063768604,4,41,0.0005799561390332556,9.149112439184634,0.22528345114659665,1.4628185552312338,False,4.16006e-05,0.00681873,,368.0314,2816,6.7221647793238795,4.005229442605995
"{""g"": {}, ""r"": {""FFT coefficients"": false, ""Light symmetry"": false, ""initial fit compare"": true, ""isophote variability"": false}, ""z"": {}}",21.007037398046766,True,success,WALLABY J134249-182801,9.57875699458649,0.13932132912941048,4,47,,,,,,4.54616e-05,0.00649607,,401.56478000000004,3072,8.184983334555113,4.876812353608632
"{""g"": {}, ""r"": {""FFT coefficients"": true, ""Light symmetry"": true, ""initial fit compare"": true, ""isophote variability"": true}, ""z"": {}}",17.361187932270052,True,success,WALLABY J134250-184550,8.83588165816966,0.1843163437781105,1,45,0.02054829376697217,1.5782898120245523,0.006884601771210086,0.17597470023830564,False,7.77377e-05,0.00727147,,129.29962,1024,6.300615493510129,3.754060114498483
"{""g"": {}, ""r"": {""FFT coefficients"": true, ""Light symmetry"": true, ""initial fit compare"": true, ""isophote variability"": true}, ""z"": {}}",15.7828981202455,True,success,WALLABY J134250-184550,8.82899705639845,0.18133787724858894,1,44,0.008190423393199073,3.3144086052515593,0.061779919432822794,0.5503789030144741,False,0.000232708,0.00781205,,162.83562,1280,6.124640793271824,3.6492101035740085
"{""g"": {}, ""r"": {""FFT coefficients"": true, ""Light symmetry"": true, ""initial fit compare"": true, ""isophote variability"": true}, ""z"": {}}",19.09730672549706,True,success,WALLABY J134250-184550,8.890776975831272,0.18786937979255844,1,46,0.004560404978746887,3.3144086052515593,0.05485687707536435,0.528062836478826,False,0.000296976,0.0078814,,196.37162,1536,6.675019696286298,3.977139254273061
"{""g"": {}, ""r"": {""FFT coefficients"": true, ""Light symmetry"": true, ""initial fit compare"": true, ""isophote variability"": true}, ""z"": {}}",15.7828981202455,True,success,WALLABY J134250-184550,8.835920098755908,0.19206369806116547,1,44,0.00349742484129836,0.0,0.0047526801071811065,0.015311747140200893,True,0.000261689,0.00759398,,229.90762,1792,6.146956859807472,3.6625065593536488
"{""g"": {}, ""r"": {""FFT coefficients"": true, ""Light symmetry"": true, ""initial fit compare"": true, ""isophote variability"": true}, ""z"": {}}",15.7828981202455,True,success,WALLABY J134250-184550,8.84067277886309,0.18892897697762845,1,44,,,,,,0.000235555,0.00735073,,263.44362,2048,6.162268606947673,3.6716296711006713
,,,quality_fail,WALLABY J134250-184928,,,,,,,,,,,,common uncertainty aperture retains only 0 rows,,1024,,
,,,quality_fail,WALLABY J134250-184928,,,,,,,,,,,,common uncertainty aperture retains only 0 rows,,1280,,
,,,quality_fail,WALLABY J134250-184928,,,,,,,,,,,,common uncertainty aperture retains only 0 rows,,1536,,
,,,quality_fail,WALLABY J134250-184928,,,,,,,,,,,,common uncertainty aperture retains only 0 rows,,1792,,
,,,quality_fail,WALLABY J134250-184928,,,,,,,,,,,,common uncertainty aperture retains only 0 rows,,2048,,
,,,quality_fail,WALLABY J134250-184928,,,,,,,,,,,,common uncertainty aperture retains only 0 rows,,2304,,
,,,quality_fail,WALLABY J134250-184928,,,,,,,,,,,,common uncertainty aperture retains only 0 rows,,2560,,
,,,quality_fail,WALLABY J134250-184928,,,,,,,,,,,,common uncertainty aperture retains only 0 rows,,2816,,
,,,quality_fail,WALLABY J134250-184928,,,,,,,,,,,,common uncertainty aperture retains only 0 rows,,3072,,
"{""g"": {}, ""r"": {""FFT coefficients"": true, ""Light symmetry"": false, ""initial fit compare"": true, ""isophote variability"": true}, ""z"": {}}",17.361187932270052,True,success,WALLABY J134259-182447,9.281247417922774,0.19960488183360522,1,45,0.00011998987985199293,3.0130987320468705,0.07121339239614954,0.4953874258945188,False,1.33057e-05,0.0073853,,124.01508,1024,6.827422055220312,4.067944290323742
"{""g"": {}, ""r"": {""FFT coefficients"": true, ""Light symmetry"": false, ""initial fit compare"": true, ""isophote variability"": true}, ""z"": {}}",14.348089200223182,True,success,WALLABY J134259-182447,9.210034025526625,0.20957098914178346,4,43,0.0018867534448992413,1.3043717454748354,0.01593412172670483,0.47610247443982345,False,1.2471e-05,0.00652754,,157.55108,1280,6.332034629325793,3.7727804005910226
"{""g"": {}, ""r"": {""FFT coefficients"": true, ""Light symmetry"": false, ""initial fit compare"": true, ""isophote variability"": true}, ""z"": {}}",13.043717454748347,True,success,WALLABY J134259-182447,9.22596814725333,0.2017747619927856,4,42,0.0051910686851389665,0.0,0.00833129730916049,0.024530473712420786,True,2.42437e-05,0.00595178,,191.08708000000001,1536,5.85593215488597,3.489106954473008
"{""g"": {}, ""r"": {""FFT coefficients"": true, ""Light symmetry"": true, ""initial fit compare"": true, ""isophote variability"": true}, ""z"": {}}",13.043717454748347,True,success,WALLABY J134259-182447,9.217636849944169,0.19422378493643885,4,42,,,,,,5.41638e-05,0.00557575,,224.62308000000002,1792,5.831401681173549,3.474491100982439
"{""g"": {}, ""r"": {""FFT coefficients"": true, ""Light symmetry"": true, ""initial fit compare"": true, ""isophote variability"": true}, ""z"": {}}",21.007037398046766,True,success,WALLABY J134306-193556,9.545351667132017,0.13311360238110317,2,47,3.632628873473548e-05,0.0,0.00860135288208852,0.007270481096249171,True,1.09863e-06,0.00570382,,130.81398000000002,1024,8.461564014540784,5.041605856758374
"{""g"": {}, ""r"": {""FFT coefficients"": true, ""Light symmetry"": true, ""initial fit compare"": true, ""isophote variability"": true}, ""z"": {}}",21.007037398046766,True,success,WALLABY J134306-193556,9.553953020014106,0.14143560990868184,2,47,,,,,,1.31226e-06,0.00605791,,164.34998,1280,8.468834495637033,5.045937786412669
"{""g"": {}, ""r"": {""FFT coefficients"": true, ""Light symmetry"": false, ""initial fit compare"": true, ""isophote variability"": true}, ""z"": {}}",19.09730672549706,True,success,WALLABY J134437-235646,9.284971352924881,0.14156849880467637,1,46,0.007062875721264118,8.863060051303194,0.030318526488560593,0.2603133387923826,False,0.000195704,0.0030326,,121.62826000000001,1024,8.012491540429266,4.774037542945591
"{""g"": {}, ""r"": {""FFT coefficients"": true, ""Light symmetry"": false, ""initial fit compare"": true, ""isophote variability"": true}, ""z"": {}}",27.960366776800253,True,success,WALLABY J134437-235646,9.315289879413442,0.12653982481333007,1,50,0.007561103885265475,0.0,0.015090159075997533,0.04963799912546385,True,0.000217645,0.00318045,,155.16426,1280,8.272804879221649,4.929138568145272
"{""g"": {}, ""r"": {""FFT coefficients"": true, ""Light symmetry"": false, ""initial fit compare"": true, ""isophote variability"": true}, ""z"": {}}",27.960366776800253,True,success,WALLABY J134437-235646,9.300199720337444,0.1340476981133483,1,50,,,,,,0.000193636,0.00317021,,188.70026000000001,1536,8.223166880096185,4.899563039711207
"{""g"": {}, ""r"": {""FFT coefficients"": true, ""Light symmetry"": true, ""initial fit compare"": true, ""isophote variability"": true}, ""z"": {}}",15.7828981202455,True,success,WALLABY J134447-230014,9.03743799765538,0.1551980121451606,1,44,0.006164934629567549,0.0,0.004398857517434962,0.01891026649635208,True,0.000215691,0.00433762,,129.1529,1024,3.1541740568034005,1.8793336989105511
"{""g"": {}, ""r"": {""FFT coefficients"": true, ""Light symmetry"": true, ""initial fit compare"": true, ""isophote variability"": true}, ""z"": {}}",15.7828981202455,True,success,WALLABY J134447-230014,9.033039140137944,0.16178798577860987,1,44,,,,,,0.000189945,0.00401478,,162.68890000000002,1280,3.1730843232997525,1.8906008961044785
,,,quality_fail,WALLABY J134455-201659,,,,,,,,,,,,invalid retained r cumulative row 0,,1024,,
,,,quality_fail,WALLABY J134455-201659,,,,,,,,,,,,invalid retained r cumulative row 0,,1280,,
"{""g"": {}, ""r"": {""FFT coefficients"": false, ""Light symmetry"": true, ""initial fit compare"": true, ""isophote variability"": true}, ""z"": {}}",19.09730672549706,True,success,WALLABY J134455-201659,11.008716253099939,0.11009417569551024,1,46,,,,,,0.0,0.00755042,,185.43312,1536,6.762093956622835,4.029020218611474
,,,quality_fail,WALLABY J134455-201659,,,,,,,,,,,,invalid retained r cumulative row 0,,1792,,
,,,quality_fail,WALLABY J134455-201659,,,,,,,,,,,,invalid retained r cumulative row 0,,2048,,
,,,quality_fail,WALLABY J134455-201659,,,,,,,,,,,,invalid retained r cumulative row 0,,2304,,
,,,quality_fail,WALLABY J134455-201659,,,,,,,,,,,,invalid retained r cumulative row 0,,2560,,
"{""g"": {}, ""r"": {""FFT coefficients"": false, ""Light symmetry"": true, ""initial fit compare"": true, ""isophote variability"": false}, ""z"": {}}",1.7626049867233098,True,success,WALLABY J134455-201659,10.3096060041021,0.1518003979494352,4,21,3.176611664189265e-05,23.65591026491328,0.6885374734312837,7.837509854133944,False,1.06812e-07,0.00217053,,353.11312000000004,2816,1.0931271332200894,0.6513117607517133
"{""g"": {}, ""r"": {""FFT coefficients"": false, ""Light symmetry"": true, ""initial fit compare"": true, ""isophote variability"": false}, ""z"": {}}",25.41851525163659,True,success,WALLABY J134455-201659,10.998143477533384,0.11829953097749202,4,49,,,,,,1.83105e-07,0.00263289,,386.64912000000004,3072,8.930636987354033,5.321090954657344
"{""g"": {}, ""r"": {""FFT coefficients"": true, ""Light symmetry"": false, ""initial fit compare"": true, ""isophote variability"": true}, ""z"": {}}",6.08499045801062,True,success,WALLABY J134510-222447,7.477150119977571,0.20119030462194928,1,34,0.003620125827924504,3.714947524520066,0.1902981516383484,0.9072783654596335,False,0.000144291,0.00306662,,132.37550000000002,1024,3.7057113633096823,2.2079530546141095
"{""g"": {}, ""r"": {""FFT coefficients"": true, ""Light symmetry"": false, ""initial fit compare"": true, ""isophote variability"": true}, ""z"": {}}",9.799937982530686,True,success,WALLABY J134510-222447,7.667448271615919,0.1725133056037542,2,39,0.013171658474995847,3.714947524520066,0.17264440812009063,0.9400406539853638,False,0.000155195,0.00295748,,166.08704,1280,4.612989728769316,2.748531594604
"{""g"": {}, ""r"": {""FFT coefficients"": true, ""Light symmetry"": false, ""initial fit compare"": true, ""isophote variability"": true}, ""z"": {}}",6.08499045801062,True,success,WALLABY J134510-222447,7.494803863495829,0.1872070466479069,2,34,0.010014693029896594,2.8240440715627306,0.154000232502276,0.7680138971691792,False,0.000116752,0.00287975,,199.44750000000002,1536,3.672949074783952,2.1884324854346664
"{""g"": {}, ""r"": {""FFT coefficients"": true, ""Light symmetry"": false, ""initial fit compare"": true, ""isophote variability"": true}, ""z"": {}}",8.90903452957335,True,success,WALLABY J134510-222447,7.648804095998105,0.17512044653531492,2,38,0.00620998655675682,0.8099122299612134,0.03456479865940665,0.16373871951294294,False,8.78183e-05,0.0028985,,233.15904,1792,4.440962971953131,2.646033864492495
"{""g"": {}, ""r"": {""FFT coefficients"": true, ""Light symmetry"": false, ""initial fit compare"": true, ""isophote variability"": true}, ""z"": {}}",8.099122299612137,True,success,WALLABY J134510-222447,7.614239297338698,0.17778653739652053,3,37,0.0036698619279444556,1.4056327958004546,0.1354139520053277,0.3533462180478195,False,6.97795e-05,0.00291111,,266.5195,2048,4.277224252440188,2.5484743487982358
"{""g"": {}, ""r"": {""FFT coefficients"": true, ""Light symmetry"": false, ""initial fit compare"": true, ""isophote variability"": true}, ""z"": {}}",6.693489503811683,True,success,WALLABY J134510-222447,7.47882534533337,0.2120785708005062,3,35,0.0010576319513155236,0.6693489503811678,0.08383125114349088,0.2041309969248748,False,8.03594e-05,0.00285472,,300.23104,2304,3.9238780343923687,2.337942069031516
"{""g"": {}, ""r"": {""FFT coefficients"": true, ""Light symmetry"": false, ""initial fit compare"": true, ""isophote variability"": true}, ""z"": {}}",7.36283845419285,True,success,WALLABY J134510-222447,7.562656596476861,0.19178536401491494,3,36,0.0006263406419111414,1.5461960753805002,0.07770772051065666,0.2754914758576037,False,7.73771e-05,0.00278486,,333.76704,2560,4.1280090313172435,2.4595682870538385
"{""g"": {}, ""r"": {""FFT coefficients"": true, ""Light symmetry"": false, ""initial fit compare"": true, ""isophote variability"": true}, ""z"": {}}",8.90903452957335,True,success,WALLABY J134510-222447,7.640364316987518,0.16995658353182005,3,38,0.0019582338371178947,0.8099122299612134,0.022428118826833376,0.1570381287476712,False,7.56514e-05,0.00272556,,367.1275,2816,4.403500507174847,2.6237128158648138
"{""g"": {}, ""r"": {""FFT coefficients"": true, ""Light symmetry"": false, ""initial fit compare"": true, ""isophote variability"": true}, ""z"": {}}",8.099122299612137,True,success,WALLABY J134510-222447,7.617936198160685,0.17212417066185895,4,37,,,,,,7.03702e-05,0.00266828,,400.6635,3072,4.246462378427176,2.530145675290318
"{""g"": {}, ""r"": {""FFT coefficients"": true, ""Light symmetry"": true, ""initial fit compare"": true, ""isophote variability"": true}, ""z"": {}}",21.007037398046766,True,success,WALLABY J134514-151038,8.900999111754226,0.1513192618309978,1,47,0.030894837954044997,0.0,0.015060558017774284,0.33910800246587325,False,0.000194066,0.00376969,,129.61926,1024,7.789174675686529,4.640979917751816
"{""g"": {}, ""r"": {""FFT coefficients"": true, ""Light symmetry"": true, ""initial fit compare"": true, ""isophote variability"": true}, ""z"": {}}",21.007037398046766,True,success,WALLABY J134514-151038,8.885938553736452,0.14855023076330023,1,47,0.008715225075700946,0.0,0.03406243595779124,0.05238754184416283,False,7.41775e-05,0.00399138,,163.15526,1280,7.450066673220656,4.438931113492032
"{""g"": {}, ""r"": {""FFT coefficients"": true, ""Light symmetry"": true, ""initial fit compare"": true, ""isophote variability"": true}, ""z"": {}}",21.007037398046766,True,success,WALLABY J134514-151038,8.920000989694243,0.14260636523928918,2,47,0.000213060343103932,0.0,0.012494738902587343,0.3287017563649641,True,3.97833e-05,0.00390152,,196.69126,1536,7.502454215064819,4.4701448864220525
"{""g"": {}, ""r"": {""FFT coefficients"": true, ""Light symmetry"": true, ""initial fit compare"": true, ""isophote variability"": true}, ""z"": {}}",21.007037398046766,True,success,WALLABY J134514-151038,8.907506250791656,0.15109505005827983,4,47,,,,,,3.89841e-05,0.00360058,,230.22726,1792,7.831155971429783,4.66599339589011
"{""g"": {}, ""r"": {""FFT coefficients"": true, ""Light symmetry"": true, ""initial fit compare"": true, ""isophote variability"": true}, ""z"": {}}",54.48684486022256,True,success,WALLABY J134533-145830,10.813213434637351,0.10846794585565331,2,57,0.0016134330961060954,0.0,0.025600434909891945,0.6739610642140725,False,1.80083e-05,0.00305083,,129.166,1024,16.494056079836817,9.827560199379917
"{""g"": {}, ""r"": {""FFT coefficients"": true, ""Light symmetry"": true, ""initial fit compare"": true, ""isophote variability"": true}, ""z"": {}}",54.48684486022256,True,success,WALLABY J134533-145830,10.78761299972746,0.10767877128900288,2,57,0.001538270115118852,0.0,0.04842291402721344,1.9203671104823492,False,1.31511e-05,0.00297012,,162.702,1280,17.16801714405089,10.229122610623246
"{""g"": {}, ""r"": {""FFT coefficients"": true, ""Light symmetry"": false, ""initial fit compare"": true, ""isophote variability"": true}, ""z"": {}}",54.48684486022256,True,success,WALLABY J134533-145830,10.836035913754673,0.10722886661315592,2,57,0.005112856302726559,0.0,0.0448102782244284,1.4914732888633573,False,1.76636e-05,0.00289686,,196.238,1536,15.24765003356854,9.084921130294505
"{""g"": {}, ""r"": {""FFT coefficients"": true, ""Light symmetry"": true, ""initial fit compare"": true, ""isophote variability"": true}, ""z"": {}}",54.48684486022256,True,success,WALLABY J134533-145830,10.791225635530244,0.10879638294257842,2,57,0.00862460815047022,0.0,0.008757956617953866,0.24623769461463496,True,3.23999e-05,0.00286755,,229.774,1792,16.739123322431897,9.973577229262784
"{""g"": {}, ""r"": {""FFT coefficients"": true, ""Light symmetry"": true, ""initial fit compare"": true, ""isophote variability"": true}, ""z"": {}}",54.48684486022256,True,success,WALLABY J134533-145830,10.78246767891229,0.10825038300870814,2,57,,,,,,5.70511e-05,0.00284893,,263.31,2048,16.985361017046532,10.120291642956337
"{""g"": {}, ""r"": {""FFT coefficients"": true, ""Light symmetry"": true, ""initial fit compare"": true, ""isophote variability"": true}, ""z"": {}}",5.531809507282381,True,success,WALLABY J134737-201752,8.724087740199936,0.16664832468082005,1,33,0.011661771683387131,0.0,0.0012371238118280559,0.006727052643860532,False,0.000212923,0.00833477,,129.15028,1024,2.7168263230455176,1.6187512708671454
"{""g"": {}, ""r"": {""FFT coefficients"": true, ""Light symmetry"": true, ""initial fit compare"": true, ""isophote variability"": true}, ""z"": {}}",5.531809507282381,True,success,WALLABY J134737-201752,8.725324864011764,0.16212260094188105,1,33,0.012662770684765111,0.0,0.0024940124351129356,0.029024124320523814,False,0.00030669,0.00774632,,162.68628,1280,2.710099270401657,1.6147431291158418
"{""g"": {}, ""r"": {""FFT coefficients"": true, ""Light symmetry"": true, ""initial fit compare"": true, ""isophote variability"": true}, ""z"": {}}",5.531809507282381,True,success,WALLABY J134737-201752,8.727818876446877,0.16668937635163936,2,33,0.008383754874488775,0.5531809507282386,0.038906978822176086,0.14913413377377793,False,0.000212553,0.00712199,,196.22228,1536,2.739123394722181,1.6320364090473272
"{""g"": {}, ""r"": {""FFT coefficients"": true, ""Light symmetry"": true, ""initial fit compare"": true, ""isophote variability"": true}, ""z"": {}}",6.08499045801062,True,success,WALLABY J134737-201752,8.766725855269053,0.1566428072744948,2,34,0.009115574584332594,0.0,0.01383304210360059,0.005835964831107265,True,0.000155258,0.00654611,,229.75042,1792,2.888257528495959,1.7208941569748266
"{""g"": {}, ""r"": {""FFT coefficients"": true, ""Light symmetry"": true, ""initial fit compare"": true, ""isophote variability"": true}, ""z"": {}}",6.08499045801062,True,success,WALLABY J134737-201752,8.752892813165452,0.15874419878823043,2,34,,,,,,9.74643e-05,0.0061341,,263.28642,2048,2.894093493327066,1.7243713669116403
