galaxy_id,field_id,release_phase,distance_mpc,logMstar,logMHI,ell_maj_beams,robust_sample,full_stellar
WALLABY J124747+042017,NGC4808,2,14.096033774125186,9.1407235842642,9.142746534547376,4.990312706751042,True,True
WALLABY J124805+065910,NGC4808,2,191.87696574141137,,10.233681799891393,1.3164908930615624,False,False
WALLABY J124822+082925,NGC4808,2,14.339243618266547,,9.051743506966991,9.884233793639,False,False
WALLABY J124911+032310,NGC4808,2,10.378078085105273,9.002323743631573,9.070780502424217,6.551173702381514,True,True
WALLABY J124915+043926,NGC4808,2,38.14560329437675,,9.370508789718214,2.632843786195096,False,False
WALLABY J124923+050820,NGC4808,2,177.32383048925374,,9.933607451460231,1.2018956679557862,False,False
WALLABY J124925+042328,NGC4808,2,37.734103118898936,,9.121215529902514,2.0941427076698362,False,False
WALLABY J124935+033620,NGC4808,2,101.36450745470123,9.86818661712835,9.456857162549015,1.1912473846787848,True,True
WALLABY J124937+074725,NGC4808,2,234.9691582459483,9.829770571134219,10.005996300195132,1.3268911092049434,True,True
WALLABY J124944+044608,NGC4808,2,120.45109854177848,,9.656254621006218,1.5667076417026304,False,False
WALLABY J124947+035042,NGC4808,2,9.934752825343148,7.3464010278706775,8.117000977372637,2.82143953800057,True,True
WALLABY J124950+025100,NGC4808,2,16.638709549795898,,8.62462579560936,3.1251568734161337,False,False
WALLABY J124957+040438,NGC4808,2,145.41677464050812,8.99590194558559,9.667916752412557,1.0843849827260277,True,True
WALLABY J124959+054921,NGC4808,2,8.969202365967332,,7.223925913620026,1.3329496087871635,False,False
WALLABY J125012+073442,NGC4808,2,163.52956694530005,10.809439390958373,10.240628946764588,2.7195712816357,True,True
WALLABY J125103+072753,NGC4808,2,216.84320660294952,,9.837686261468553,1.1402657447439717,False,False
WALLABY J125112+045132,NGC4808,2,107.62385091643337,10.861891625024553,9.970032958698596,1.7941114074632936,True,True
WALLABY J125114+052031,NGC4808,2,107.36059957704644,9.433905815049805,9.586701255646037,1.4999257518074944,True,True
WALLABY J125119+053108,NGC4808,2,204.81355559526293,,9.826325069220841,0.9902085023280666,False,False
WALLABY J125121+063829,NGC4808,2,214.23398297625994,9.706977670659334,9.857468398871994,0.9468753188576049,True,True
WALLABY J125127+054748,NGC4808,2,206.65809217715713,,10.229940506066084,2.061883484303426,False,False
WALLABY J125133+080241,NGC4808,2,51.3775869660559,8.77402873603408,9.081303856772864,2.027908762812944,True,True
WALLABY J125134+055147,NGC4808,2,208.61136972267892,10.746620742209737,9.92575690599399,1.1807398389177657,True,True
WALLABY J125156+035954,NGC4808,2,109.83768194320942,8.76018568945857,9.530017065519814,1.503170249433096,True,True
WALLABY J125211+043045,NGC4808,2,276.0070176777949,,10.109391095176358,1.6396340395180071,False,False
WALLABY J125215+042728,NGC4808,2,10.00945833195292,,7.590380831356316,1.4650208366428996,False,False
WALLABY J125224+071046,NGC4808,2,213.48467668715105,,10.105435318389034,1.13732245677634,False,False
WALLABY J125233+031517,NGC4808,2,208.54415590275045,,10.033285616607463,1.366171961529588,False,False
WALLABY J125243+075643,NGC4808,2,165.42679427847636,9.91870307890713,9.859221344136813,1.7487873728267487,True,True
WALLABY J125258+073025,NGC4808,2,229.0625458285333,,10.1755103771386,1.5443491096290518,False,False
WALLABY J125303+070944,NGC4808,2,217.16214592785272,,9.904830084825802,1.5347725749294097,False,False
WALLABY J125308+081035,NGC4808,2,212.0102361002386,,9.61030554559534,1.3118465489832298,True,False
WALLABY J125311+032639,NGC4808,2,39.91027206101794,,8.700038495621174,1.6940868895543282,False,False
WALLABY J125313+042746,NGC4808,2,10.352223491641153,,8.606759166370725,3.4690300063876998,False,False
WALLABY J125334+060947,NGC4808,2,192.3081396050859,,9.655900227256254,1.1464123238674462,False,False
WALLABY J125339+040434,NGC4808,2,12.669839249570481,7.39095199627673,7.1300555345454795,0.7983917373646042,True,True
WALLABY J125340+064728,NGC4808,2,108.86002383564106,,9.476694468876198,1.1145227189257096,False,False
WALLABY J125341+034603,NGC4808,2,280.6607573678,,10.514955903710625,1.498256561201097,False,False
WALLABY J125343+040920,NGC4808,2,10.904099666985388,,7.223658630742214,1.0713347443634533,False,False
WALLABY J125413+052149,NGC4808,2,206.7378099863384,10.53562253660269,10.20890243350081,1.434818019602466,True,True
WALLABY J125413+065150,NGC4808,2,295.796797270404,,9.999673693710307,0.8663773742156284,False,False
WALLABY J125419+064115,NGC4808,2,51.95077480053546,,8.499525546124469,0.8879659977280978,False,False
WALLABY J125431+050959,NGC4808,2,280.47130179229583,,10.151820014598135,1.1929687921089456,False,False
WALLABY J125441+050734,NGC4808,2,179.82086524821628,9.20576171505639,9.473987184671877,0.8124250277725882,True,True
WALLABY J125443+050110,NGC4808,2,152.36900242096124,,9.555799052515432,1.1946839206974005,False,False
WALLABY J125443+080310,NGC4808,2,35.96011237187178,,8.079973222851944,0.8716594666383101,False,False
WALLABY J125445+045357,NGC4808,2,106.45554615897352,,9.53132847968803,1.1922554576747362,False,False
WALLABY J125450+072542,NGC4808,2,214.43232261625855,,10.201282177688123,1.2283188219815186,False,False
WALLABY J125451+023900,NGC4808,2,13.301476139383134,8.279717468048384,8.835505457605873,2.686835797061398,True,True
WALLABY J125500+051140,NGC4808,2,282.000480800024,9.45187864142097,10.054921043294051,1.0499351126470962,True,True
WALLABY J125507+040229,NGC4808,2,206.74757469014799,10.906492035215246,9.849362835202884,1.3537002027657896,True,True
WALLABY J125509+075453,NGC4808,2,37.88367714379506,,8.793979905191776,1.7406887221316514,False,False
WALLABY J125513+080246,NGC4808,2,39.24238623170463,,8.330413980963662,1.440300636443102,False,False
WALLABY J125515+081543,NGC4808,2,305.5150819400749,11.086342500890783,10.4490389997833,2.569645157548418,True,True
WALLABY J125516+025347,NGC4808,2,40.22557547357599,,9.425409732116071,4.386655459504994,False,False
WALLABY J125520+050620,NGC4808,2,153.20553605449672,,9.680402430712906,1.2051176345023742,False,False
WALLABY J125523+075436,NGC4808,2,40.087366445067914,9.598892528773764,8.776928957775622,1.4474649706388336,True,True
WALLABY J125548+041805,NGC4808,2,10.823171488195088,,9.317548741913706,8.547033101275861,False,False
WALLABY J125548+045901,NGC4808,2,209.46690014413463,,10.223297029937642,1.3945713829344846,True,False
WALLABY J125549+040049,NGC4808,2,10.242337079602523,,8.612263192280468,3.778851712937444,False,False
WALLABY J125556+075542,NGC4808,2,178.36754075531408,,9.830999170873174,1.1469141268351444,False,False
WALLABY J125603+045202,NGC4808,2,19.62626665196087,,7.7710374877479165,1.166718168500013,True,False
WALLABY J125604+034843,NGC4808,2,8.845517427747259,7.205893600269833,8.333991227730554,3.2105825457334176,True,True
WALLABY J125604+064914,NGC4808,2,51.60664433457046,7.801189112347697,8.949214009715627,1.3078547836768046,True,True
WALLABY J125605+053051,NGC4808,2,101.86071461806917,8.982028497709194,9.343668013462707,1.3922136637607943,True,True
WALLABY J125618+052020,NGC4808,2,274.8011410375828,,10.323463606176617,1.0897896851783284,False,False
WALLABY J125620+052836,NGC4808,2,104.20520245028098,,9.793834062147226,1.9645031085849012,False,False
WALLABY J125627+060352,NGC4808,2,164.38730756772188,10.717157860667811,10.178946952143832,2.055333569614702,True,True
WALLABY J125631+071846,NGC4808,2,183.57520319143427,,9.691474240460048,1.2545774873413316,False,False
WALLABY J125636+030211,NGC4808,2,269.1708636343144,9.828776083396189,10.005780455912971,1.0540474525966181,True,True
WALLABY J125646+034002,NGC4808,2,39.92312021259635,7.650132378503595,8.309147177228581,2.060448512922138,True,True
WALLABY J125646+074748,NGC4808,2,215.0304935554057,,10.299417599748587,1.471528573922469,False,False
WALLABY J125647+055350,NGC4808,2,203.72064947660473,9.637504563934336,9.81550340449677,1.06022496303717,True,True
WALLABY J125647+055512,NGC4808,2,135.7815962544929,10.296756211919284,9.683145767938688,1.8365325530142524,True,True
WALLABY J125652+045727,NGC4808,2,104.94184636347359,8.893475219813903,9.432908898191286,1.1054971520391716,True,True
WALLABY J125652+071852,NGC4808,2,183.88829629147466,,9.914282867498947,1.2232025783080336,False,False
WALLABY J125653+080960,NGC4808,2,36.00359571543404,,8.336966650977446,1.013379297353759,False,False
WALLABY J125656+040352,NGC4808,2,11.871982629785228,,8.060335422497216,1.8164546134572201,False,False
WALLABY J125716+052221,NGC4808,2,159.36494876536315,,9.459870645436943,1.0329000826350019,False,False
WALLABY J125716+060334,NGC4808,2,205.28431292809137,10.401460029824223,9.857503204367182,1.0611157455632978,True,True
WALLABY J125718+045929,NGC4808,2,12.628493244035244,5.983428583969605,7.5104984574777625,1.3677241746140176,True,True
WALLABY J125734+035519,NGC4808,2,100.91534531730885,,9.46335713704094,1.5117718891490877,True,False
WALLABY J125743+024130,NGC4808,2,13.230110776380654,,8.418314454390613,2.3241010645956957,False,False
WALLABY J125752+034320,NGC4808,2,101.52268942926023,,9.362461824409618,1.1530507757138522,False,False
WALLABY J125753+065307,NGC4808,2,294.83240160306,,9.92361721833387,1.1801008487397748,False,False
WALLABY J125811+045429,NGC4808,2,152.61550850406502,,9.371605285215026,0.90217873554822,False,False
WALLABY J125814+033205,NGC4808,2,262.2578555322415,10.831619386218781,10.262293225367001,1.548833590127535,True,True
WALLABY J125814+061724,NGC4808,2,50.72090850252904,7.478958961089606,8.403690580228643,1.150240295222892,True,True
WALLABY J125821+045311,NGC4808,2,155.51507449551383,,9.517709773581677,1.2272399855454985,False,False
WALLABY J125822+041824,NGC4808,2,203.5889436602355,,9.392981068663424,0.8160649002294654,False,False
WALLABY J125822+043843,NGC4808,2,105.24508727638235,,9.225741837239068,1.449272338608755,False,False
WALLABY J125823+024727,NGC4808,2,39.65310779533847,,9.268950555628413,2.04614732916926,False,False
WALLABY J125831+081329,NGC4808,2,116.2556360553186,,9.537778168449265,1.5196601875681364,False,False
WALLABY J125832+081238,NGC4808,2,121.07568873905049,,9.581454748694426,1.3396413431506187,False,False
WALLABY J125834+054735,NGC4808,2,165.64947500106237,9.228576153502424,9.578950789751252,1.673755671829285,True,True
WALLABY J125851+052229,NGC4808,2,181.47506694799324,9.952728125298872,10.096475200641434,2.0577847287099837,True,True
WALLABY J125909+063848,NGC4808,2,218.68376654037158,,9.64787711618068,1.0767965078830648,True,False
WALLABY J125937+070246,NGC4808,2,260.4467478211136,10.836940369793894,9.796527252846468,1.1513687602308422,True,True
WALLABY J125938+062651,NGC4808,2,90.74560581944525,,9.422361077036369,1.2150160177224514,True,False
WALLABY J125939+045140,NGC4808,2,191.38888054426508,9.457503484285516,9.667548567791044,1.0499354989297038,True,True
WALLABY J125941+031433,NGC4808,2,203.18441867333442,,10.044104715749357,1.7099313886023615,False,False
WALLABY J125941+054304,NGC4808,2,271.6251824826232,,9.837140288391412,1.0003407442475938,False,False
WALLABY J125941+072959,NGC4808,2,121.67874950915518,,9.553109805506468,1.126183557820347,False,False
WALLABY J125948+045800,NGC4808,2,103.16629136993043,,9.452145611387214,1.9827846788813748,False,False
WALLABY J125952+033800,NGC4808,2,14.76801344560304,,7.416848346759496,0.9088546604520632,False,False
WALLABY J125953+041831,NGC4808,2,229.17829331868342,,10.123393398882449,1.6335754070717485,False,False
WALLABY J130011+065105,NGC4808,2,139.80927669994924,,9.068887711728326,1.1193762130377831,True,False
WALLABY J130012+054417,NGC4808,2,207.62919724721712,10.27123314277696,9.709606521381803,1.186869683268776,True,True
WALLABY J130026+070758,NGC4808,2,240.28782857454988,,9.859556304502203,0.9545580003153372,False,False
WALLABY J130030+071721,NGC4808,2,178.20517749016497,,10.091639212444473,1.3515066526129584,False,False
WALLABY J130031+083118,NGC4808,2,222.85660628586876,8.90405827178797,10.192653333895798,1.3851668626105276,True,True
WALLABY J130034+052831,NGC4808,2,230.695776519757,9.374253329217982,9.843635582076073,1.5115333008891507,True,True
WALLABY J130043+071159,NGC4808,2,239.79255882130062,9.754760212397185,9.768386201839903,0.9332086345376764,True,True
WALLABY J130055+070243,NGC4808,2,263.2744589651438,10.889962990237853,10.21097787010454,1.2717210116400564,True,True
WALLABY J130100+025004,NGC4808,2,99.69251064665931,9.46739323785141,9.448904920666052,1.562614126010065,True,True
WALLABY J130116+045403,NGC4808,2,205.57644636772514,9.981256151791234,9.82875459879362,1.069880521220454,True,True
WALLABY J130119+053553,NGC4808,2,367.56811358995253,,10.433446994760285,1.5614185070445807,False,False
WALLABY J130122+042728,NGC4808,2,209.20864522010638,,9.74165026992626,0.9449890178487659,True,False
WALLABY J130125+042810,NGC4808,2,101.17391915296824,8.982051867121262,9.346199116342769,1.2830057244697068,True,True
WALLABY J130130+064803,NGC4808,2,269.0933852233729,,9.94600299496362,1.2141394139272481,False,False
WALLABY J130131+050335,NGC4808,2,193.86050552926292,,9.875974194134194,1.563308125480894,False,False
WALLABY J130139+072923,NGC4808,2,261.8495521421176,10.308955739150447,10.034219497174195,1.087876598001053,True,True
WALLABY J130143+031600,NGC4808,2,206.04598775034935,,9.812448835469668,1.2646056043495169,False,False
WALLABY J130143+040835,NGC4808,2,160.1795768933809,9.433206667014602,9.598808227902694,0.9859001849555135,True,True
WALLABY J130147+053426,NGC4808,2,233.09740048611553,9.573346809074598,9.880608995192441,1.231424942283427,True,True
WALLABY J130148+045931,NGC4808,2,169.09460367697085,10.780644627686971,10.156970633783905,1.6940563465144334,True,True
WALLABY J130150+041953,NGC4808,2,160.6810652625029,,10.120281733307257,2.472969814809476,False,False
WALLABY J130153+052307,NGC4808,2,207.8174417093796,,9.89248332182647,1.2151114114598092,False,False
WALLABY J130158+030601,NGC4808,2,100.10537889761635,9.565627300756839,9.411727746027093,1.5202229121377262,True,True
WALLABY J130209+060100,NGC4808,2,209.37351313889735,,9.556704059539749,1.1292550208545733,True,False
WALLABY J130214+055401,NGC4808,2,209.99318346234614,,9.595582331108307,1.5626859684908125,False,False
WALLABY J130216+060128,NGC4808,2,210.61109288021638,9.97175924172831,9.89863491051126,1.6866681609134866,True,True
WALLABY J130216+063321,NGC4808,2,49.999389644649,8.23918161003316,8.701698129336151,1.444100736907418,True,True
WALLABY J130224+032233,NGC4808,2,100.1780601830584,,9.605463402720954,1.4371509392259265,False,False
WALLABY J130228+063639,NGC4808,2,294.4704872571071,10.929879303250551,9.951925532095855,1.2365022136971664,True,True
WALLABY J130237+044721,NGC4808,2,195.3912860149258,9.866612457062702,9.923846566979387,1.2264927221213644,True,True
WALLABY J130240+050621,NGC4808,2,206.838692747534,,9.364657993246396,0.7927279971590458,False,False
WALLABY J130241+055729,NGC4808,2,40.89666851696802,8.38934127453834,8.924938367024438,1.5813061904586074,True,True
WALLABY J130242+032114,NGC4808,2,297.5042056929537,10.93650437765645,9.785285773611527,1.2472694856682982,True,True
WALLABY J130247+052059,NGC4808,2,169.48387811854442,,9.604187507331337,1.4201206822989527,False,False
WALLABY J130247+064707,NGC4808,2,102.0176699283631,,9.732871113759177,1.7137130963105736,False,False
WALLABY J130254+055411,NGC4808,2,41.31278747375926,,8.231172671455111,1.1490778002342148,False,False
WALLABY J130305+035925,NGC4808,2,40.91919828385834,,9.592955004101306,2.38755136283705,False,False
WALLABY J130305+070136,NGC4808,2,235.0914987857051,,9.764545447791628,0.9036278082195283,True,False
WALLABY J130309+073306,NGC4808,2,206.63135210913953,,9.40825980500802,0.7246525421880676,False,False
WALLABY J130312+080017,NGC4808,2,252.14453375559833,,9.974752572933292,1.2030047981644056,False,False
WALLABY J130315+074816,NGC4808,2,41.77399008543943,10.104432324726131,9.765643048108023,3.7001115113302583,True,True
WALLABY J130316+044405,NGC4808,2,195.9921918985657,10.294823211551146,10.057799284331484,1.48000450295874,True,True
WALLABY J130317+043547,NGC4808,2,168.07882591460339,,10.401482521016469,2.946247188916706,False,False
WALLABY J130322+073646,NGC4808,2,43.90823328061028,8.214463956894049,8.606537088047288,1.7214051879688295,True,True
WALLABY J130330+081941,NGC4808,2,91.8211278519026,9.208110292965268,9.485337989007895,1.2634748015612343,True,True
WALLABY J130331+075810,NGC4808,2,199.31027171822288,10.242507175840183,10.27045632135034,1.5316540593780894,True,True
WALLABY J130338+075404,NGC4808,2,197.51621510092374,10.653422928420325,9.790423087801566,1.1517685043280816,True,True
WALLABY J130339+043644,NGC4808,2,124.4077408043397,9.317253096684746,9.543490657123755,1.2856019235521372,True,True
WALLABY J130342+055733,NGC4808,2,267.3961192761557,10.217145611944531,9.91735235368122,1.0280813288708825,True,True
WALLABY J130344+061920,NGC4808,2,205.55494721175694,9.640622241982907,10.096746546820228,1.4488819157910218,True,True
WALLABY J130345+044031,NGC4808,2,272.59518457461616,,10.101336840450575,1.3136009797395822,False,False
WALLABY J130349+072123,NGC4808,2,85.60850129220755,,9.042660756281824,1.1707762563207278,False,False
WALLABY J130358+054204,NGC4808,2,208.81925061001039,10.738819375809504,10.39994845274108,2.553781857813968,True,True
WALLABY J130400+040855,NGC4808,2,274.1838238186352,,9.788484871993344,1.035065901979983,False,False
WALLABY J130401+045203,NGC4808,2,272.04577522549425,,9.833332245381685,1.2074774813359148,False,False
WALLABY J130406+044139,NGC4808,2,194.9330380933992,,9.644305819359925,0.8865955069953783,False,False
WALLABY J130407+053333,NGC4808,2,101.2667499641279,,9.849645586555091,1.5631612649535176,False,False
WALLABY J130410+052910,NGC4808,2,40.412555206401976,,8.649806465511478,1.4998177297932778,False,False
WALLABY J130412+043057,NGC4808,2,178.538329457182,,9.688774742597015,0.9666921330895786,False,False
WALLABY J130419+081330,NGC4808,2,252.2322500745954,9.895385998255936,9.949055538448482,1.3992901311942754,True,True
WALLABY J130428+043155,NGC4808,2,101.22780684824907,9.384020951307262,9.509912344818577,1.8157795532663683,True,True
WALLABY J130436+045341,NGC4808,2,206.14239007157298,,9.569383711448632,1.4013063843278402,False,False
WALLABY J130438+034245,NGC4808,2,162.6889316940442,,9.723125158571051,1.4841723999196188,False,False
WALLABY J130438+061203,NGC4808,2,164.01491565891675,,9.988370469314424,1.6351016386832107,False,False
WALLABY J130440+075733,NGC4808,2,201.7318867557017,10.26681259451995,9.91819477490936,1.2592577049499625,True,True
WALLABY J130445+062514,NGC4808,2,203.90313484196912,9.229779820233148,9.674210951011244,1.3796335933825514,True,True
WALLABY J130453+034934,NGC4808,2,175.3039809670839,,10.067457889647264,1.5223572177094744,False,False
WALLABY J130504+071549,NGC4808,2,263.39552490945664,9.75186614580321,10.096576880806909,1.2134114025412104,True,True
WALLABY J130510+053040,NGC4808,2,103.97055387341933,,9.142462664539183,1.0312976915748122,False,False
WALLABY J130512+034927,NGC4808,2,206.20563890652357,,9.876611539955153,1.2742536231498096,True,False
WALLABY J130512+083423,NGC4808,2,102.31610075138319,,9.508491580463101,1.3832538602456215,False,False
WALLABY J130522+043840,NGC4808,2,200.98677071637667,10.710419381919802,10.081584396766385,1.8675738132246138,True,True
WALLABY J130535+041627,NGC4808,2,187.92677720779724,9.028759557336835,10.111872158978121,1.416098414852946,True,True
WALLABY J130535+051140,NGC4808,2,187.44414301107622,9.425672315539813,9.767620918195492,1.0375943719557468,True,True
WALLABY J130544+073310,NGC4808,2,265.6854684409026,10.62294935820752,10.181426185823119,1.310910098569525,True,True
WALLABY J130555+033208,NGC4808,2,187.20694885852225,,9.878639203489133,1.2739593963991154,False,False
WALLABY J130558+035723,NGC4808,2,100.07401652669934,,10.0655560448871,3.3936672087118858,False,False
WALLABY J130609+040911,NGC4808,2,170.3547255879307,9.958219860759279,9.713745033773202,1.2073875949468946,True,True
WALLABY J130620+040901,NGC4808,2,100.55957448161257,,9.306575244620204,1.226483425905721,False,False
WALLABY J130623+052247,NGC4808,2,186.70749530694732,9.395631144537141,9.84987458808726,1.461314145555683,True,True
WALLABY J130635+042739,NGC4808,2,91.14406860839874,,9.481399555734159,1.6106900562384356,False,False
WALLABY J130646+070404,NGC4808,2,244.05907416313696,,10.037098570406757,1.45021064618629,False,False
WALLABY J130656+074407,NGC4808,2,126.19450142324445,,9.785161165296078,1.9805823308298822,True,False
WALLABY J130658+065934,NGC4808,2,296.90007712807716,,10.059798490441747,1.2327695667614456,False,False
WALLABY J130659+042805,NGC4808,2,169.4667791379532,,9.788884465006598,1.1970681248942634,False,False
WALLABY J130659+045802,NGC4808,2,183.48185498518998,,9.684139375108002,0.965088940646371,False,False
WALLABY J130705+031317,NGC4808,2,206.98650464517712,,10.108540983914645,1.2393653066133454,False,False
WALLABY J130715+041132,NGC4808,2,271.4886530910423,,9.943411525601,0.8779694192441851,False,False
WALLABY J130721+070242,NGC4808,2,293.83988674230744,9.644443099414321,9.96668487384731,0.969149822530466,True,True
WALLABY J130727+044550,NGC4808,2,200.91096018650617,10.860949904843114,10.251452672392018,1.6690395017088424,True,True
WALLABY J130727+082924,NGC4808,2,233.85433703467598,,10.017059743220203,0.8278506802010848,False,False
WALLABY J130738+041709,NGC4808,2,104.59368782334556,,9.117208220985196,0.8895473848563427,False,False
WALLABY J130739+062006,NGC4808,2,102.16854834572835,,10.13185367570176,2.63395476056,False,False
WALLABY J130739+075909,NGC4808,2,86.44026402023306,9.06931024591784,9.099687064482136,1.3514082086864874,True,True
WALLABY J130802+062900,NGC4808,2,101.90953950170577,10.535322421439327,9.783971089303845,2.149079941514746,True,True
WALLABY J130810+044441,NGC4808,2,83.56740635858404,8.387829850383294,9.638499431264634,3.664219768136114,True,True
WALLABY J130812+062455,NGC4808,2,103.49044683504516,,9.457260626317455,1.6760869436965897,False,False
WALLABY J130813+034746,NGC4808,2,85.22475756064365,7.951308650569029,9.08084167287132,1.1961060518408575,True,True
WALLABY J130813+053320,NGC4808,2,202.53039442326445,9.775022721539344,9.826499020261622,1.5116321290899728,True,True
WALLABY J130813+064248,NGC4808,2,194.39676074746671,8.818019823981052,9.753556529323285,1.434978961003612,True,True
WALLABY J130826+064302,NGC4808,2,211.70720312029178,10.685829187037347,9.960359609178196,1.3240427583328729,True,True
WALLABY J130829+042207,NGC4808,2,103.68496411071654,,9.780247657753318,1.7452257773924214,False,False
WALLABY J130844+040942,NGC4808,2,125.75859053378576,,9.588217681551507,1.5048050501097752,False,False
WALLABY J130844+044424,NGC4808,2,187.62236521024326,,9.591619930452687,1.067725544969783,False,False
WALLABY J130852+055946,NGC4808,2,51.13442428389889,8.116244084911507,8.862651874178006,1.4479183265274964,True,True
WALLABY J130901+072007,NGC4808,2,91.06661298817339,8.9609659072018,9.016036865746742,0.9819599255472953,True,True
WALLABY J130903+065753,NGC4808,2,196.12123305707658,,9.878732192484943,1.0564632605589865,False,False
WALLABY J130904+081148,NGC4808,2,101.95615454472694,8.842158715944203,9.242618217635558,1.0887152448366944,True,True
WALLABY J130905+055109,NGC4808,2,103.29395677937502,9.41789515325229,9.654941023928687,1.3015557075104514,True,True
WALLABY J130906+051433,NGC4808,2,51.45675094907149,8.294377219080909,9.399677106286704,3.117212383294582,True,True
WALLABY J130916+025905,NGC4808,2,164.13986615498231,,9.934976192168723,1.0659970851231497,False,False
WALLABY J130923+065940,NGC4808,2,52.03170116592606,,9.543206617767206,1.9440226783106334,False,False
WALLABY J130929+045032,NGC4808,2,171.33304689542396,,9.958375819556935,1.3986789672757534,False,False
WALLABY J130942+061307,NGC4808,2,183.19405734664164,,10.174431297020515,1.6853459218299434,False,False
WALLABY J130950+062601,NGC4808,2,166.91889532897693,,9.52161386374377,0.9288206499121232,False,False
WALLABY J131022+050058,NGC4808,2,172.45871845550502,,9.920678020083546,1.1729211337245853,False,False
WALLABY J131041+053553,NGC4808,2,252.0399658777391,10.596151942873915,10.085116105669025,0.9391004652052478,True,True
WALLABY J131113+065134,NGC4808,2,88.49738423140224,8.206488385537726,9.323217985779193,1.6959044677333477,True,True
WALLABY J131122+032431,NGC4808,2,43.59123360106875,,9.58990372448638,4.4213273420762365,True,False
WALLABY J131145+075645,NGC4808,2,279.47728120147644,10.54940007640353,10.40611133171507,1.6596567637575022,True,True
WALLABY J131206+052832,NGC4808,2,13.023183584225892,,8.16448134670552,2.075445348841002,False,False
WALLABY J131207+031203,NGC4808,2,118.40201187468465,,10.004240149488382,2.130007073592486,False,False
WALLABY J131208+025916,NGC4808,2,43.405871392039224,8.763940351895672,9.168941015727592,2.024655293019622,True,True
WALLABY J131232+071059,NGC4808,2,12.917384266471414,,8.476629771153162,2.7940248716121,False,False
WALLABY J131320+060327,NGC4808,2,100.70467065643165,,10.17412980528574,2.569511244122252,False,False
WALLABY J125656-202606,NGC5044,2,52.50232488585843,,8.862091657849561,1.119147547601493,False,False
WALLABY J125700-171910,NGC5044,2,56.83160804358685,9.499893341273582,9.817026695396642,2.081825237713542,True,True
WALLABY J125706-182159,NGC5044,2,231.11707276027164,,10.336987195270236,1.7915332788084786,False,False
WALLABY J125721-171102,NGC5044,2,69.00511558164087,,9.022550139225848,1.0024261990773757,False,False
WALLABY J125724-153912,NGC5044,2,79.90943427792978,,9.233721077326171,1.03684204356244,True,False
WALLABY J125757-130339,NGC5044,2,71.7414541984267,10.881296270564114,10.049119819638019,3.7894130273496116,True,True
WALLABY J125831-181843,NGC5044,2,217.64565394610048,,10.229659736180075,1.3654258810246132,False,False
WALLABY J125832-161038,NGC5044,2,76.15927716978376,8.909673038254649,9.24820192318853,1.2049079025377338,True,True
WALLABY J125834-164819,NGC5044,2,54.89194451433962,,9.179502519406448,1.2761274198711683,False,False
WALLABY J125836-161333,NGC5044,2,75.14000375449228,9.640706569191925,9.1712153112067,1.195515175634874,True,True
WALLABY J125843-170913,NGC5044,2,118.89515235086809,,9.744926282395538,1.5443485708921902,False,False
WALLABY J125848-114647,NGC5044,2,68.81506421782457,9.268434812323429,9.037662005795296,1.7814173922775793,True,True
WALLABY J125850-145324,NGC5044,2,69.71815765244517,,9.197071542697765,1.161083627946607,False,False
WALLABY J125855-142319,NGC5044,2,276.72690216291085,9.414995395736463,10.117921677066407,1.3526403095123647,True,True
WALLABY J125859-135141,NGC5044,2,69.74627161952594,,8.993047467935394,1.2462370641931435,True,False
WALLABY J125907-121329,NGC5044,2,18.692699415857778,,9.014019827334417,3.465196396753214,True,False
WALLABY J125910-161749,NGC5044,2,184.62882710552955,10.008781955919003,10.020438939609386,1.1578700845866499,True,True
WALLABY J125912-124101,NGC5044,2,55.33969119982663,8.535059703018295,8.990958376163317,1.268723062862473,True,True
WALLABY J125912-182326,NGC5044,2,218.60220878686974,9.7538169192235,9.889980565067885,0.9856767749801094,True,True
WALLABY J125915-150108,NGC5044,2,17.265079225700468,,8.212094552871433,3.854642323661632,False,False
WALLABY J125923-120455,NGC5044,2,90.53699330243973,,9.668085487771464,1.4269352210266877,False,False
WALLABY J125924-150253,NGC5044,2,20.68807293847937,,8.286152795182659,2.953662193653198,False,False
WALLABY J125930-120652,NGC5044,2,91.40040869502451,,9.389863409169111,1.2946997355849583,False,False
WALLABY J125930-135159,NGC5044,2,199.9970055320237,9.901749123875188,9.828042939496765,1.1421690211044573,True,True
WALLABY J125930-180055,NGC5044,2,70.87282612747508,,9.24215642856476,1.1673440814852585,False,False
WALLABY J125931-140755,NGC5044,2,92.19604809620024,10.185514875067767,9.857906151749308,1.8214480566474702,True,True
WALLABY J125932-151419,NGC5044,2,20.28347851631015,8.236479421621603,8.141622739521514,1.432210217684038,True,True
WALLABY J125932-182203,NGC5044,2,215.92795345490663,,9.915612829995421,1.0047101330509647,False,False
WALLABY J125939-145813,NGC5044,2,70.5275255538122,,9.889977840634112,3.100278981734874,False,False
WALLABY J125940-151600,NGC5044,2,69.46880130969375,,9.01348843549523,1.0207833360724674,False,False
WALLABY J125942-140140,NGC5044,2,62.05177281272649,,9.519031732411845,3.130440910561832,False,False
WALLABY J125942-164952,NGC5044,2,19.49936591691593,7.397403127055152,7.611029425722946,1.0286234926328865,True,True
WALLABY J125943-150804,NGC5044,2,191.62028033744699,9.281203320609148,9.793170004802697,1.2801388960940123,True,True
WALLABY J125945-145159,NGC5044,2,37.91325059186601,,8.818846633444966,1.9432967436829731,False,False
WALLABY J125949-200826,NGC5044,2,199.50922445439528,,9.450166299975164,0.7200949739835346,False,False
WALLABY J125951-150446,NGC5044,2,174.24811358728152,,10.18107497019469,1.6080583110252866,False,False
WALLABY J125956-192430,NGC5044,2,11.822187201840713,,8.253953654297579,3.0312403596010777,True,False
WALLABY J125959-143124,NGC5044,2,36.80654737297873,,8.728622637122985,1.6651329131260266,False,False
WALLABY J130002-183046,NGC5044,2,197.42550129852916,,10.151753772196512,3.058732890179262,False,False
WALLABY J130003-183028,NGC5044,2,196.6419392200717,9.316828272149248,9.94212162358858,2.11315038163532,True,True
WALLABY J130004-152151,NGC5044,2,22.64060823768946,9.385443499268764,8.500209985835296,1.6166414541981298,True,True
WALLABY J130004-154055,NGC5044,2,16.1661577931796,,7.758711544694582,1.7508620739193823,False,False
WALLABY J130010-130042,NGC5044,2,67.77856252219776,10.019777313131375,8.758850495545797,1.1061489775679703,True,True
WALLABY J130016-170140,NGC5044,2,70.17644253326247,9.887879820724148,9.549462395825058,1.2477654337027437,True,True
WALLABY J130017-122041,NGC5044,2,22.589893826816073,,9.294110194137179,4.224815548965102,False,False
WALLABY J130018-115758,NGC5044,2,218.26330311199595,11.064586350204529,10.160976563348171,1.6991058863895745,True,True
WALLABY J130026-151708,NGC5044,2,70.23420664162036,11.190866936719308,10.240804123585269,5.042646353124736,True,True
WALLABY J130029-133839,NGC5044,2,61.804780085677926,,9.249773271924964,1.4284839811586862,False,False
WALLABY J130029-133942,NGC5044,2,91.49325624635613,8.144738371598693,9.019082271334751,1.0490185732544561,True,True
WALLABY J130029-181400,NGC5044,2,208.73468515282366,,9.798491718204064,1.4398656321821142,False,False
WALLABY J130032-123039,NGC5044,2,90.85409099598164,,9.486855777467744,1.2960242382901772,False,False
WALLABY J130033-122307,NGC5044,2,35.73107890237514,,8.096239592081055,0.766168861218977,False,False
WALLABY J130037-143948,NGC5044,2,38.55911519430731,,9.268023185595565,5.514345714051126,False,False
WALLABY J130043-154253,NGC5044,2,19.76404479063971,8.850904453449546,8.578225188988437,2.695985210286254,True,True
WALLABY J130043-185429,NGC5044,2,148.71839334231268,9.24151244717102,9.63097371410426,1.403132535757679,True,True
WALLABY J130044-142906,NGC5044,2,91.71479363875768,,9.411751294773627,1.230221135767388,False,False
WALLABY J130047-130944,NGC5044,2,261.6214958677075,,10.22662365831333,1.3539988166689239,False,False
WALLABY J130047-141534,NGC5044,2,65.84591870337937,,9.105970583434933,1.3691069225567865,False,False
WALLABY J130049-143608,NGC5044,2,92.95255929000511,,9.132771196610575,0.9233497674882903,False,False
WALLABY J130049-170522,NGC5044,2,68.92422850673154,,9.124301067174471,1.9640648983607332,False,False
WALLABY J130052-145506,NGC5044,2,198.11348979971194,,9.678890018662004,1.3965954365399473,False,False
WALLABY J130052-164149,NGC5044,2,61.368961137810906,,8.835614548567664,1.6142159863725323,False,False
WALLABY J130053-132655,NGC5044,2,36.50800148130908,,9.99636720373952,5.553473545334493,False,False
WALLABY J130056-135640,NGC5044,2,38.00793370114788,,9.813164715800934,5.052459867470614,False,False
WALLABY J130057-172247,NGC5044,2,69.86872164106647,8.573276974352169,9.337507722987638,1.5193699915998422,True,True
WALLABY J130059-143042,NGC5044,2,37.468319353673955,,9.782914545756055,4.28055702767752,False,False
WALLABY J130105-165505,NGC5044,2,193.3904494508352,,9.935844182175854,1.253325836876615,False,False
WALLABY J130107-133053,NGC5044,2,18.65011258413017,,8.882510435645672,3.069144420504604,False,False
WALLABY J130108-181149,NGC5044,2,69.0440362435323,10.80901555603303,9.51286442003276,1.9921690922296071,True,True
WALLABY J130109-141528,NGC5044,2,38.98920600812876,,8.818618736568446,2.138438972105794,False,False
WALLABY J130113-170851,NGC5044,2,188.69854072004375,,9.538526657363885,0.9336781087986568,False,False
WALLABY J130121-133904,NGC5044,2,130.94381091356993,9.457899776187425,9.743202903021873,1.1751094236870752,True,True
WALLABY J130121-194538,NGC5044,2,173.67158828418061,9.23912482061176,9.64938155059605,1.1487280410761407,True,True
WALLABY J130123-151152,NGC5044,2,173.6332870454488,,10.202770025605767,1.6808589397921707,False,False
WALLABY J130130-151321,NGC5044,2,69.24481322864897,7.973858869502048,9.066635939846918,1.2292478872667107,True,True
WALLABY J130132-154057,NGC5044,2,70.69497968701462,,9.15920613084797,1.4365580395518331,False,False
WALLABY J130132-190935,NGC5044,2,187.86535872217215,10.712422089913117,10.145058569362575,1.2854121623505226,True,True
WALLABY J130133-191211,NGC5044,2,185.91969678116484,,9.85307715372929,1.2615394277524212,False,False
WALLABY J130133-192537,NGC5044,2,166.6122765907277,8.278745771330914,9.672739801268015,1.1680618903844748,True,True
WALLABY J130143-175939,NGC5044,2,44.233724859301276,,8.618666594973588,1.0330513974832645,False,False
WALLABY J130148-114530,NGC5044,2,84.78191649482166,9.889281731458027,9.932877513266307,2.213926029282424,True,True
WALLABY J130152-133135,NGC5044,2,202.21322019846886,10.196354726096567,9.595658987509834,1.272356973359095,True,True
WALLABY J130153-191443,NGC5044,2,164.48944139291493,9.36642835996212,9.84303235998506,1.563761342842676,True,True
WALLABY J130154-144123,NGC5044,2,70.26396903773882,,9.26457566779703,1.0925833736989352,False,False
WALLABY J130156-135401,NGC5044,2,36.319064683828955,,8.592454881332898,1.1264924011210837,False,False
WALLABY J130157-165915,NGC5044,2,86.24440192452205,,9.242535155619517,1.212444525016735,False,False
WALLABY J130158-164401,NGC5044,2,185.70942038042128,9.113734457439968,9.541065636639193,1.3321461147796416,True,True
WALLABY J130200-155427,NGC5044,2,76.15600258340501,,9.119502744066843,1.4676568029845196,False,False
WALLABY J130201-164147,NGC5044,2,198.16046579874987,,9.44582734325539,1.0477881938683453,True,False
WALLABY J130201-164641,NGC5044,2,200.08739328207886,,10.21080964005805,1.6667998789054086,False,False
WALLABY J130202-115118,NGC5044,2,220.95758087220608,,10.433437118138576,1.5903182496300274,False,False
WALLABY J130203-145302,NGC5044,2,19.200008826423883,,8.865599874205119,3.946623208909108,True,False
WALLABY J130213-144945,NGC5044,2,198.3273716796975,,10.091113540015911,1.8839236007105793,False,False
WALLABY J130213-145817,NGC5044,2,69.40562248236358,,10.10649606453988,3.851605498449468,False,False
WALLABY J130213-171416,NGC5044,2,10.30454894016438,,8.049348894670542,2.524016896231752,True,False
WALLABY J130215-170254,NGC5044,2,84.6634039436935,8.303232137846349,9.090081843159426,1.1009330235302481,True,True
WALLABY J130216-145410,NGC5044,2,69.50486716272555,,9.26178858679491,3.751016069953536,True,False
WALLABY J130220-143758,NGC5044,2,70.10063079498727,,9.025145227403305,1.352095777611608,False,False
WALLABY J130221-154600,NGC5044,2,69.28458002795942,,10.12923822249869,3.9821911088379203,True,False
WALLABY J130223-122031,NGC5044,2,73.32659211813623,10.320936146533368,9.819181626737173,2.148078290346358,True,True
WALLABY J130223-160911,NGC5044,2,197.262533250585,,9.894672343976067,1.1913086333132064,False,False
WALLABY J130223-174422,NGC5044,2,43.10937313616305,,8.57004906718606,1.4188830042426583,False,False
WALLABY J130224-155038,NGC5044,2,194.76936585680582,9.196766876496381,9.715740514038387,1.3857906725217233,True,True
WALLABY J130225-174046,NGC5044,2,66.38130911035198,,9.968947892034677,3.42196463482838,False,False
WALLABY J130228-204117,NGC5044,2,119.98360927876973,,10.091239835567118,2.033861987517208,False,False
WALLABY J130235-113803,NGC5044,2,49.790764641362465,9.408938809177865,9.517796295922604,3.050240885795908,True,True
WALLABY J130241-192818,NGC5044,2,166.34149032341955,,10.030869759419414,1.675450346604903,False,False
WALLABY J130244-125326,NGC5044,2,201.46622959522094,10.488423888473044,10.020488583917608,1.315268036631269,True,True
WALLABY J130246-115536,NGC5044,2,102.75908254158651,,9.153824079270402,1.0242726203861152,False,False
WALLABY J130246-151426,NGC5044,2,224.5270571254804,,9.92847050585252,1.0702089369484238,False,False
WALLABY J130252-113001,NGC5044,2,160.57333478736865,10.123100775227702,9.884307005135827,1.2549520516029975,True,True
WALLABY J130254-135530,NGC5044,2,308.9554147969699,,10.091306538883915,1.140889517605499,True,False
WALLABY J130254-155621,NGC5044,2,77.50256580092606,8.757439083989745,8.88072286062085,0.9034217906273296,True,True
WALLABY J130302-201332,NGC5044,2,98.14641951109805,,9.602722824282123,1.2643838982314988,False,False
WALLABY J130306-193614,NGC5044,2,180.93589962914962,,10.08608754346702,1.340748039373082,False,False
WALLABY J130309-193935,NGC5044,2,224.6453744507466,,10.111228033088,1.4313754187645438,False,False
WALLABY J130311-134534,NGC5044,2,167.9173886439043,,9.492084613007274,0.7937846163215803,False,False
WALLABY J130311-172230,NGC5044,2,42.30899526023088,,9.551888324548447,3.09044428328722,False,False
WALLABY J130314-172514,NGC5044,2,10.623397295630417,,9.523352913642809,9.313806117707278,False,False
WALLABY J130315-140627,NGC5044,2,103.54246246132357,,9.351825971437542,1.144725483273884,True,False
WALLABY J130315-193958,NGC5044,2,203.39808582111527,,10.113340411421492,1.3091354675316587,False,False
WALLABY J130316-115951,NGC5044,2,102.69706818306695,,9.14384527759154,0.9343411315927372,False,False
WALLABY J130317-140446,NGC5044,2,262.81243961790153,,10.097982632015844,1.1778500615121696,False,False
WALLABY J130320-112144,NGC5044,2,302.76508543344704,10.764138279487648,10.227212282281542,1.4700960721549396,True,True
WALLABY J130320-193543,NGC5044,2,166.74061264951894,9.528950050987207,9.66487411443862,1.0676014505289613,True,True
WALLABY J130321-134144,NGC5044,2,199.07263789536867,10.554388294053446,9.964943378179512,1.8250203280412856,True,True
WALLABY J130322-130612,NGC5044,2,204.84406370770748,,9.886024016804809,1.471514859516483,False,False
WALLABY J130323-172339,NGC5044,2,43.69365762531951,,9.03401730307927,1.3744063881341204,False,False
WALLABY J130324-144601,NGC5044,2,36.8178760350137,,9.277255638474488,1.8136860834282793,False,False
WALLABY J130325-153818,NGC5044,2,64.50419052495151,,9.121399950038647,1.3870172699024654,False,False
WALLABY J130326-163847,NGC5044,2,200.5634084136918,,9.6190716143688,0.9486275859883513,False,False
WALLABY J130327-202706,NGC5044,2,194.85591857694797,,9.917362114783666,1.081031612948229,False,False
WALLABY J130327-202922,NGC5044,2,61.34958773058114,,9.082974511104249,1.4407991880444282,False,False
WALLABY J130328-114125,NGC5044,2,38.97855721752173,,8.333801599477766,1.1371239745975326,False,False
WALLABY J130328-115201,NGC5044,2,208.73213225338864,,10.182760884881771,2.060139844710262,False,False
WALLABY J130328-120420,NGC5044,2,76.1974454843875,,9.202376014709282,1.2087427634383796,True,False
WALLABY J130334-163733,NGC5044,2,198.96909018986048,10.12498301662571,10.050083463489047,1.3968917054395504,True,True
WALLABY J130337-142537,NGC5044,2,37.94659892988332,,9.010465202633956,1.6430479208944955,False,False
WALLABY J130337-155652,NGC5044,2,196.48294688587282,8.66892713746945,9.559393680420401,1.0571568976706154,True,True
WALLABY J130340-113541,NGC5044,2,80.28660110188707,,9.28801253692802,1.2690383122688629,False,False
WALLABY J130340-211340,NGC5044,2,99.05828386324733,8.509675578163918,9.488470882367826,1.3067196959298972,True,True
WALLABY J130342-123045,NGC5044,2,216.2132756799333,,9.987720241782956,1.3521658647864687,True,False
WALLABY J130343-162557,NGC5044,2,180.15253667242425,,10.026898976961604,1.2156089134775463,False,False
WALLABY J130343-165607,NGC5044,2,147.0009804637289,,9.786547871642288,1.3658589719144265,False,False
WALLABY J130346-113711,NGC5044,2,79.67837918316275,,9.378102732803029,1.1442379657252664,False,False
WALLABY J130347-180311,NGC5044,2,252.848723477805,8.353391083772523,9.88827060614634,1.2708575930877717,True,True
WALLABY J130348-162236,NGC5044,2,244.0220389933144,,10.0017509809058,1.259229590936322,False,False
WALLABY J130350-163312,NGC5044,2,182.05094422418344,,10.467032652716837,2.121168333593646,False,False
WALLABY J130353-192550,NGC5044,2,195.82958036474034,9.985977956583838,9.568046510036654,0.8848722515617078,True,True
WALLABY J130354-110256,NGC5044,2,39.092285338038174,,8.508144438092993,1.184715349626469,False,False
WALLABY J130355-163807,NGC5044,2,192.20967529966651,10.433969533318109,9.814427991625243,1.3567665590211722,True,True
WALLABY J130357-112956,NGC5044,2,45.40372420375908,11.052612956038466,9.177743238364227,3.297559443903354,True,True
WALLABY J130358-143526,NGC5044,2,201.90600151229486,,9.736511477404388,1.182954434930933,True,False
WALLABY J130358-164910,NGC5044,2,157.51669706543385,9.334851794935446,9.533048571305313,1.1401179972082234,True,True
WALLABY J130400-165409,NGC5044,2,201.17539093407046,,10.010284124574941,1.4830385586326171,False,False
WALLABY J130401-112916,NGC5044,2,83.32688106220735,,9.258223766157496,1.367214332995334,False,False
WALLABY J130401-170100,NGC5044,2,196.57486306236035,,10.425379154391702,2.102206792137446,True,False
WALLABY J130401-200110,NGC5044,2,165.69819703475082,9.922612161335893,9.592479974138275,1.0321525417571609,True,True
WALLABY J130405-141215,NGC5044,2,201.05954003400143,,9.937037029776084,1.244741424688543,False,False
WALLABY J130408-142339,NGC5044,2,103.08174235109476,8.893078185776975,9.527926739330118,1.6906564273227445,True,True
WALLABY J130408-192102,NGC5044,2,189.15917912562722,,10.212481646163159,1.6248447283680623,False,False
WALLABY J130410-134334,NGC5044,2,43.35481564601897,,8.900122900203081,1.5307069553504165,False,False
WALLABY J130410-174551,NGC5044,2,195.59279084407234,,9.674551744394277,0.994213175401096,False,False
WALLABY J130413-113048,NGC5044,2,81.2657623101273,,9.18446930083459,1.7567685886393942,False,False
WALLABY J130414-191227,NGC5044,2,200.1979856344975,9.715110684704952,9.875481287647172,1.1785129830640886,True,True
WALLABY J130415-102023,NGC5044,2,44.400693453694934,10.990448323089733,10.267410991282361,7.39081502996048,True,True
WALLABY J130415-115926,NGC5044,2,37.89668348272113,,8.191084009908325,0.9296810517317085,False,False
WALLABY J130417-165026,NGC5044,2,168.3037929330805,,9.679713751943265,1.6851004663793354,False,False
WALLABY J130417-202952,NGC5044,2,67.84102759721777,7.9834525163557455,8.985997266212648,1.0797921400830983,True,True
WALLABY J130420-181518,NGC5044,2,39.02257713494888,,8.569870456748175,1.4087145263464365,False,False
WALLABY J130421-111510,NGC5044,2,50.488394909231936,,8.439477848856715,0.9228832072892252,False,False
WALLABY J130422-170313,NGC5044,2,195.2311929500984,,9.625602886015368,1.0094781022937167,True,False
WALLABY J130422-210413,NGC5044,2,43.792920421515134,,8.64527074038627,1.139098494119278,False,False
WALLABY J130425-204308,NGC5044,2,187.25277329327673,10.446077496073373,10.193243704036249,1.9654346187450635,True,True
WALLABY J130426-202720,NGC5044,2,224.75261160267135,,10.02692181025431,2.2225625227995303,False,False
WALLABY J130430-174819,NGC5044,2,156.82132122458987,,9.564007349940647,1.0068246580409232,True,False
WALLABY J130430-180121,NGC5044,2,200.33903397321046,10.193387868020723,9.92676595652454,1.3253923591493453,True,True
WALLABY J130437-170033,NGC5044,2,158.1682055129503,,9.674664568107943,1.0560320662042013,False,False
WALLABY J130438-113758,NGC5044,2,81.23386956456386,,9.178879091948158,1.2003046063527674,False,False
WALLABY J130441-123008,NGC5044,2,267.32924803770976,,10.161705977325628,1.186738814276212,False,False
WALLABY J130444-160813,NGC5044,2,257.24705831584566,10.035549236542385,10.1133921809973,1.4230595133997215,True,True
WALLABY J130445-165416,NGC5044,2,154.57487659266775,,10.019707593540426,1.2988623809719424,False,False
WALLABY J130445-183840,NGC5044,2,38.93530645296326,,8.528343808423095,1.1101899199794583,False,False
WALLABY J130445-190601,NGC5044,2,191.4057211691984,9.25288648073003,9.663158601171663,0.9527701334233765,True,True
WALLABY J130446-142034,NGC5044,2,306.3954984496622,,10.139919218812976,1.8953976013767797,False,False
WALLABY J130449-113123,NGC5044,2,80.8747205377455,,9.12199822380388,1.1389488958704364,False,False
WALLABY J130449-171802,NGC5044,2,156.23879360755004,,9.93967679155904,2.013761645874796,True,False
WALLABY J130450-141139,NGC5044,2,259.77341153168936,,10.069325927819827,1.5057426652425214,False,False
WALLABY J130456-181831,NGC5044,2,199.08060274455735,,9.750062995386427,1.091960588226956,False,False
WALLABY J130457-201215,NGC5044,2,170.98471392382825,,9.749060939353093,1.4684652299406564,False,False
WALLABY J130500-111525,NGC5044,2,189.96899583464892,,9.762869938488143,1.1570161993917996,False,False
WALLABY J130501-131601,NGC5044,2,77.15732876064143,,9.007407341815567,1.3004412681237647,True,False
WALLABY J130501-162151,NGC5044,2,180.31267723212008,,10.042892666595874,1.6096724153945234,False,False
WALLABY J130501-204158,NGC5044,2,100.7555463779998,,9.342278834555986,1.1115328016019683,False,False
WALLABY J130502-201243,NGC5044,2,101.52673454858848,9.143400478379531,9.488488893405117,1.9292589880728035,True,True
WALLABY J130503-171522,NGC5044,2,10.35029095730446,,7.652538802827776,1.594472266997506,True,False
WALLABY J130510-161645,NGC5044,2,195.0540637130754,9.212906621361187,9.756126145527356,1.321351053164257,True,True
WALLABY J130514-203447,NGC5044,2,192.7692202842521,,9.603558084308242,1.0873501785823814,False,False
WALLABY J130515-165316,NGC5044,2,40.58642948421713,,9.392303305712458,2.218211342982936,False,False
WALLABY J130516-171618,NGC5044,2,195.6538453052183,,9.6787233656806,1.1876231077913773,True,False
WALLABY J130516-172641,NGC5044,2,153.37530152409084,,10.265012043567943,2.443339579536908,False,False
WALLABY J130517-172223,NGC5044,2,156.02824311602683,,9.597942547500177,1.4485967466344714,False,False
WALLABY J130520-112019,NGC5044,2,56.14083185571593,,9.019226643517948,1.2602201842648149,False,False
WALLABY J130525-161217,NGC5044,2,175.1750848692974,10.402315478721984,9.58165226527611,0.8531817742390434,True,True
WALLABY J130527-142801,NGC5044,2,36.22617173780913,,8.405221258425115,1.2018017880184855,True,False
WALLABY J130528-111138,NGC5044,2,46.46680012338159,7.554673907449867,8.852193794775276,1.4780713993846457,True,True
WALLABY J130528-111610,NGC5044,2,194.61051679736406,,9.74994028572045,0.931987100807574,False,False
WALLABY J130528-154240,NGC5044,2,84.73427782451446,,8.796099569261735,0.8170937390080872,False,False
WALLABY J130532-124549,NGC5044,2,37.38604678283085,,8.191371665122764,1.3139226160100868,False,False
WALLABY J130532-200236,NGC5044,2,195.61414995304898,,10.20940123319805,1.781542478045757,False,False
WALLABY J130534-154506,NGC5044,2,41.50747952690279,9.032009183208977,9.354371757076756,1.8965530992661115,True,True
WALLABY J130539-144459,NGC5044,2,203.848470760384,,9.682426160564592,0.9783613889643471,False,False
WALLABY J130545-130604,NGC5044,2,212.66614932985243,,9.759569420513387,1.6162964658909924,True,False
WALLABY J130545-193817,NGC5044,2,192.27811884126845,10.64434430862981,10.227547919923207,2.328590739998822,True,True
WALLABY J130546-133400,NGC5044,2,18.526914591532158,6.064552090900645,7.645389682122517,0.929293114877129,True,True
WALLABY J130547-130037,NGC5044,2,263.08369671219486,,9.997152552302309,1.1481538925862398,True,False
WALLABY J130548-200037,NGC5044,2,204.5148789778426,,9.937381260704717,1.4291365648515506,False,False
WALLABY J130548-210454,NGC5044,2,121.64464349754391,,9.442821853376287,1.8945843656540142,False,False
WALLABY J130554-121523,NGC5044,2,161.7303301583132,,9.58321671050514,1.065237321791379,True,False
WALLABY J130554-165937,NGC5044,2,37.29509316867115,,8.28225459779424,1.0328204630286364,False,False
WALLABY J130558-124006,NGC5044,2,37.53951132437749,,8.25912201959079,0.8501325064143351,False,False
WALLABY J130558-124008,NGC5044,2,37.97739265505666,,8.53919197580704,0.9025034710430442,False,False
WALLABY J130558-124011,NGC5044,2,38.51703051264048,,8.203277575152775,0.8944466149994026,False,False
WALLABY J130559-133807,NGC5044,2,165.15111976316106,,9.984994417263152,1.5003766087864985,False,False
WALLABY J130559-145906,NGC5044,2,80.30929952831359,9.016447157330596,9.263819580967983,1.498583285035284,True,True
WALLABY J130602-155021,NGC5044,2,96.20005399392727,8.947293174296622,9.264359095104787,1.26256200997145,True,True
WALLABY J130606-172523,NGC5044,2,199.89181375549333,,9.88735081814177,1.3022234839441198,False,False
WALLABY J130607-124509,NGC5044,2,162.48417500607982,,9.393226210560242,1.0866846113614836,True,False
WALLABY J130607-201432,NGC5044,2,175.31515186485964,,9.611305067780904,0.9174516959194887,False,False
WALLABY J130608-172615,NGC5044,2,195.229688169558,,9.623280208524475,1.2890975999128933,False,False
WALLABY J130612-201622,NGC5044,2,216.63361615657547,10.490655651049284,10.163527064785606,1.7393533280004145,True,True
WALLABY J130614-202212,NGC5044,2,217.10226507697516,10.331944738200704,10.422917353805508,1.6858197893615379,True,True
WALLABY J130615-135536,NGC5044,2,165.56611739857215,,10.05319954606441,1.3801859758893502,False,False
WALLABY J130618-113220,NGC5044,2,84.37860463751342,,9.242753223372864,1.1412383026572415,False,False
WALLABY J130618-173039,NGC5044,2,20.990122420998897,8.327428307954225,9.117039838998918,2.92479961861466,True,True
WALLABY J130618-193547,NGC5044,2,60.80806543639385,,9.23968203937475,2.001274270621992,False,False
WALLABY J130622-161408,NGC5044,2,159.27661541050279,9.593400234494275,9.457480532376977,1.084371957290839,True,True
WALLABY J130623-145631,NGC5044,2,85.69783900811474,,9.453828090957291,1.921637925740822,True,False
WALLABY J130624-160656,NGC5044,2,80.93964578053301,,8.78794235339517,1.0850289400545503,False,False
WALLABY J130626-140731,NGC5044,2,37.15486978384667,,8.516626173056196,1.3670346100274964,False,False
WALLABY J130626-182036,NGC5044,2,286.0040455401034,,9.819709979544506,0.8391183092040915,False,False
WALLABY J130627-153029,NGC5044,2,103.02364520809746,,9.295680768664038,1.0807727536700678,False,False
WALLABY J130629-133413,NGC5044,2,35.19782151889389,9.1070466850088,9.316220611356057,2.058372312709648,True,True
WALLABY J130630-112046,NGC5044,2,222.44513165206823,9.518893535600986,9.911770825348814,1.1038204139097476,True,True
WALLABY J130633-160714,NGC5044,2,81.65719792572467,,9.017917841054484,0.959533645207714,False,False
WALLABY J130633-190609,NGC5044,2,230.05886080767237,,10.153493775831022,1.4286622581832753,False,False
WALLABY J130636-211139,NGC5044,2,191.88863676414897,,9.412160675511183,0.6697688850352562,False,False
WALLABY J130639-115418,NGC5044,2,101.85160374583012,,8.977853978016409,0.8918839766887039,False,False
WALLABY J130639-135036,NGC5044,2,91.91714566693086,,9.322615581219944,1.2902337391283463,True,False
WALLABY J130643-155855,NGC5044,2,162.03719977783115,8.653553351456235,9.719356379682461,1.3669114851756479,True,True
WALLABY J130644-161702,NGC5044,2,35.66520532305654,,8.103289803409599,1.10548098418782,False,False
WALLABY J130645-122324,NGC5044,2,47.25861538620113,,8.35750140926266,0.9372886180844683,True,False
WALLABY J130645-162250,NGC5044,2,156.93503368073223,,9.764636359815476,3.3229989569765577,False,False
WALLABY J130645-164412,NGC5044,2,267.6746155881592,10.61256952430146,9.991238341982154,1.1759497237153107,True,True
WALLABY J130647-162241,NGC5044,2,156.17895590837466,9.9005911905279,9.59222041439519,1.255084254129792,True,True
WALLABY J130648-202247,NGC5044,2,41.58496531663432,,8.964799070111013,1.648315702358452,False,False
WALLABY J130654-154854,NGC5044,2,162.1331661706802,9.494252201521817,9.942412001060525,1.3848729754457783,True,True
WALLABY J130656-184823,NGC5044,2,40.26833478287657,,8.52878844679143,1.9024060775949547,False,False
WALLABY J130659-151041,NGC5044,2,69.18719274623156,8.643475110332005,8.666570140784176,0.8764624902045851,True,True
WALLABY J130659-211444,NGC5044,2,225.1643809250726,,10.139107326521405,1.1423616253792368,True,False
WALLABY J130703-185253,NGC5044,2,197.78760341703958,9.499141029733916,9.865948676667502,1.4989976081004088,True,True
WALLABY J130706-171551,NGC5044,2,124.33303609569113,,9.810932682101207,1.2100863245258577,False,False
WALLABY J130718-130903,NGC5044,2,21.77265798296513,,7.77903028730011,0.9958216378279194,True,False
WALLABY J130718-162004,NGC5044,2,35.30669072599853,8.643966422090616,8.886147189005461,1.647705356044267,True,True
WALLABY J130719-161334,NGC5044,2,193.94496087649986,,10.14427572187239,1.60138217434017,False,False
WALLABY J130730-164622,NGC5044,2,196.6958291547934,,9.76480934580498,1.036790321879385,True,False
WALLABY J130732-132154,NGC5044,2,69.9435539146288,,9.210648746630474,1.2169140724657812,True,False
WALLABY J130733-120657,NGC5044,2,92.62191137195067,,9.104305854341074,0.9461761934856195,True,False
WALLABY J130733-140834,NGC5044,2,265.5131097710233,9.808895292899248,9.77238670824537,0.9080024997779809,True,True
WALLABY J130734-145145,NGC5044,2,258.6478380958546,,10.24906420473633,1.1788616581273916,False,False
WALLABY J130735-200029,NGC5044,2,89.58084798415216,,9.424061201505353,1.3030288644865329,False,False
WALLABY J130737-151812,NGC5044,2,169.09937188262057,9.849686867112498,10.081687986248095,1.529985963737067,True,True
WALLABY J130738-183754,NGC5044,2,250.21582579654424,,10.237989249110479,1.2404236557882302,False,False
WALLABY J130739-153555,NGC5044,2,171.82539280152616,,9.699528834966069,1.0761896919973732,False,False
WALLABY J130747-213240,NGC5044,2,107.3812564167088,,9.482622997712038,1.0770762089226582,False,False
WALLABY J130749-161828,NGC5044,2,70.4671621930378,,9.185421596374024,1.3025601171325594,False,False
WALLABY J130752-194822,NGC5044,2,198.9753653081023,,9.98320829844764,1.4709306991275866,False,False
WALLABY J130753-205916,NGC5044,2,178.331542071359,10.598692648672904,10.323285297315248,1.7855114413828932,True,True
WALLABY J130756-164123,NGC5044,2,13.570406295601845,,8.047006199578124,1.523143426651483,True,False
WALLABY J130757-193648,NGC5044,2,198.45398693223356,10.126019971691607,10.055587044273835,1.4115587060799446,True,True
WALLABY J130758-121123,NGC5044,2,179.1846788145156,,10.281281214597046,2.065670867516128,False,False
WALLABY J130759-180456,NGC5044,2,153.7927986534279,10.33556296955455,10.010976523481583,1.4097464958810952,True,True
WALLABY J130801-203117,NGC5044,2,64.85481084896026,,9.367720060784045,1.5711594568648732,False,False
WALLABY J130806-144640,NGC5044,2,37.055518329690095,,9.299855365194206,2.430100721275046,False,False
WALLABY J130806-174547,NGC5044,2,26.65533748708961,,8.45717134418554,1.4895369510365748,False,False
WALLABY J130808-120042,NGC5044,2,161.0540260383052,,10.082327205539677,1.6300579156287127,False,False
WALLABY J130812-145720,NGC5044,2,165.21159864623547,9.181550450738865,9.544757453344406,1.5294683475786028,True,True
WALLABY J130813-120248,NGC5044,2,90.71736019429507,,9.285924384092176,1.1105629303755713,True,False
WALLABY J130813-161425,NGC5044,2,40.44390747132668,,8.716914385425845,1.3697101907749478,False,False
WALLABY J130815-210002,NGC5044,2,23.527355600534023,8.542265660630722,8.737310376951768,2.706999694324374,True,True
WALLABY J130818-143213,NGC5044,2,38.21464758775209,,9.23899274225358,3.0110748331091957,False,False
WALLABY J130821-185647,NGC5044,2,195.36924787373988,9.695468513684611,9.883057890173422,2.477428062564186,True,True
WALLABY J130825-194130,NGC5044,2,99.43844257361134,10.07276216250127,9.686192816373422,2.0169275995425577,True,True
WALLABY J130828-150130,NGC5044,2,165.29042826889446,,9.96520281296443,1.1756576615479108,False,False
WALLABY J130829-204924,NGC5044,2,20.720590664139678,7.761693265195108,8.08547971112962,1.2760745896478336,True,True
WALLABY J130832-144904,NGC5044,2,82.8594718790931,,9.315144366516991,1.213063115093036,False,False
WALLABY J130835-143159,NGC5044,2,342.17816009870245,,9.83361128509201,0.8243924263221958,False,False
WALLABY J130837-155227,NGC5044,2,177.18087185807767,,9.548897018513587,1.0445381200116985,False,False
WALLABY J130838-164909,NGC5044,2,72.65849720658419,,8.6959283324248,0.7880113577859766,False,False
WALLABY J130838-192128,NGC5044,2,67.38625690518356,,9.049997451554116,1.2798167916597238,False,False
WALLABY J130841-155908,NGC5044,2,83.65094987206585,,8.961219505664802,0.9927109644344017,False,False
WALLABY J130846-175751,NGC5044,2,195.12158942625942,10.505176093708716,10.229611232065219,1.1884055988309146,True,True
WALLABY J130850-125228,NGC5044,2,73.19478847415695,,9.040199640466636,1.501929652868594,False,False
WALLABY J130850-141531,NGC5044,2,197.58073482363778,,10.084523576245505,1.2696588456092743,False,False
WALLABY J130854-163609,NGC5044,2,36.94704031618008,,9.240983120717404,3.0210820381056522,False,False
WALLABY J130854-171416,NGC5044,2,140.01739720429367,9.348644684677677,9.829666564754753,1.5124199581725801,True,True
WALLABY J130857-153100,NGC5044,2,17.898138619128186,10.536638413227696,8.285652390059433,2.985656721316576,True,True
WALLABY J130901-172115,NGC5044,2,71.41852635643806,7.7895006095137145,8.672915644199827,1.3787998393557066,True,True
WALLABY J130906-170551,NGC5044,2,69.66193465222705,,8.750858437747526,1.2450154120660701,False,False
WALLABY J130906-172108,NGC5044,2,68.43346619785751,,8.742772713836546,1.3988773375928667,False,False
WALLABY J130912-121116,NGC5044,2,92.7347268346811,,9.468705452260345,1.3515264698128409,False,False
WALLABY J130914-183640,NGC5044,2,249.35825245030833,8.794125520410823,9.805069329521876,1.1771907902673748,True,True
WALLABY J130919-195729,NGC5044,2,247.92627928466467,,10.214691720252478,1.076833304749163,False,False
WALLABY J130922-133559,NGC5044,2,201.47869989264552,,10.40968425480786,1.5951744792206548,False,False
WALLABY J130922-195223,NGC5044,2,102.42397548885556,,9.788699952895227,1.444073793840046,False,False
WALLABY J130922-201247,NGC5044,2,239.93441876387516,10.347433060876137,10.290252370951137,1.4295349316889758,True,True
WALLABY J130924-183226,NGC5044,2,189.6297256461424,10.339111795929442,9.680357404762802,1.4442210496633041,True,True
WALLABY J130925-155810,NGC5044,2,84.06264700393096,,9.075844970341068,1.344166001394187,False,False
WALLABY J130932-145705,NGC5044,2,199.03902273337746,9.383544340380945,9.567803362878257,1.6835152153724273,True,True
WALLABY J130934-145427,NGC5044,2,83.27717310807905,8.007993693300948,8.873380379112662,1.0254508892509548,True,True
WALLABY J130934-165107,NGC5044,2,155.44160069028425,,9.857100535543745,1.2036400520450514,False,False
WALLABY J130935-124738,NGC5044,2,306.2614957433809,,9.81096901788335,0.8621158399500516,False,False
WALLABY J130936-185815,NGC5044,2,152.08758752542283,,10.34009232281696,1.9091971216857266,False,False
WALLABY J130937-102944,NGC5044,2,157.93036916427883,,9.98181590889586,1.5148211502940592,False,False
WALLABY J130937-150616,NGC5044,2,198.3044722936738,10.806532779743177,9.654406215208951,1.2462955128078808,True,True
WALLABY J130938-155416,NGC5044,2,83.26234231094207,,9.170096233104395,1.0039978756889956,False,False
WALLABY J130939-135908,NGC5044,2,161.44245662953148,8.604480314158621,9.473340568700493,0.8436904268771445,True,True
WALLABY J130941-132855,NGC5044,2,203.84488889882374,9.819561968529483,9.713536253335603,1.18284303682914,True,True
WALLABY J130941-145553,NGC5044,2,35.595664889448265,7.666267908187756,7.969953770035343,1.1294907483668475,True,True
WALLABY J130943-163617,NGC5044,2,36.85324883859581,,9.859084979443764,5.500653523703122,False,False
WALLABY J130945-124014,NGC5044,2,202.57463429694948,,9.735025806525403,1.446213137005711,False,False
WALLABY J130946-162959,NGC5044,2,35.41549463230802,,8.117312803208645,2.065637850639802,False,False
WALLABY J130947-101916,NGC5044,2,17.22918992794034,8.598877248336999,8.845619731154851,3.527526021928824,True,True
WALLABY J130947-171234,NGC5044,2,72.10685677462675,,9.143066788419178,1.2197591019801046,True,False
WALLABY J130949-154149,NGC5044,2,173.83637604754506,,9.70612994370654,0.9052676734926536,False,False
WALLABY J130950-212052,NGC5044,2,19.530700213068396,,7.960357679321347,1.337512411049951,False,False
WALLABY J130951-163245,NGC5044,2,36.20366575277448,,8.651464659047596,4.09234815309223,False,False
WALLABY J130954-104332,NGC5044,2,86.35487654639992,9.918663077283814,9.751279235777583,2.056823979831342,True,True
WALLABY J130958-171937,NGC5044,2,36.29983916064432,,8.347488143029613,1.1356089909001978,True,False
WALLABY J130959-155357,NGC5044,2,35.438937665178365,,8.019769985156406,1.0323947888565614,False,False
WALLABY J131001-162607,NGC5044,2,186.91067658276611,,9.78312155129202,1.2336189190008877,True,False
WALLABY J131009-121223,NGC5044,2,56.90143025821228,,8.593098813466057,1.0876952866869705,True,False
WALLABY J131009-171227,NGC5044,2,108.15396049452747,,9.345626545757218,1.35174432800837,False,False
WALLABY J131011-112257,NGC5044,2,103.69085083067195,,9.510783008080915,2.378032528663868,False,False
WALLABY J131017-171323,NGC5044,2,237.46985317943654,10.512082478285409,9.762945959401153,1.320223495793327,True,True
WALLABY J131017-193255,NGC5044,2,38.52856701795317,,8.21547349595996,0.8471802364113609,False,False
WALLABY J131021-214424,NGC5044,2,99.83683857744447,,9.646675398213866,1.3390995386934246,True,False
WALLABY J131024-114121,NGC5044,2,184.85650241400901,,10.090736892078134,1.5738070687807433,False,False
WALLABY J131025-165550,NGC5044,2,34.9371206266864,,8.65797241377997,1.6849877160228452,True,False
WALLABY J131026-153614,NGC5044,2,84.85609952057293,,9.008989140618777,1.633229589915701,False,False
WALLABY J131029-213510,NGC5044,2,100.42254131743388,,10.055595643771378,2.103100737237682,True,False
WALLABY J131030-171159,NGC5044,2,156.9657494526042,,9.19256493691928,0.6991316924708542,False,False
WALLABY J131032-172527,NGC5044,2,189.30797175356736,11.021951566626075,9.933271433793536,1.66478776661205,True,True
WALLABY J131033-170323,NGC5044,2,70.02388038815477,8.176546756910787,8.959945894283535,1.1383605165626125,True,True
WALLABY J131033-173931,NGC5044,2,144.12492242993736,,9.470624041442951,1.0118855661850696,False,False
WALLABY J131035-214450,NGC5044,2,42.1596194635673,,9.680161670671527,2.395166215387848,False,False
WALLABY J131037-144407,NGC5044,2,203.15963817681933,9.58168387612462,9.828654948721436,1.21447454568048,True,True
WALLABY J131038-144004,NGC5044,2,47.854772126292374,8.011775750683592,8.691284402998281,1.2657498873397122,True,True
WALLABY J131038-175754,NGC5044,2,190.71609494470448,,10.032939727567875,1.071844794381073,False,False
WALLABY J131044-170801,NGC5044,2,183.24636619640975,,10.023049251005702,1.2248245718726956,False,False
WALLABY J131046-161341,NGC5044,2,36.984914480932225,,8.697302383778418,1.5758504416395378,False,False
WALLABY J131049-105237,NGC5044,2,157.30547143266736,9.899742364791177,9.968535555543482,1.3337916616949306,True,True
WALLABY J131049-182530,NGC5044,2,191.3634646214382,10.497013835900997,9.662954993227478,1.1218006877312292,True,True
WALLABY J131049-182903,NGC5044,2,193.81108426676428,9.514723850836969,9.980398730630565,1.3628738915263916,True,True
WALLABY J131051-112542,NGC5044,2,240.48233338434594,,9.828774754643774,0.8862597134794055,False,False
WALLABY J131051-190753,NGC5044,2,285.00808464433834,10.767489585382336,9.962761485996765,1.0088321875511115,True,True
WALLABY J131051-205740,NGC5044,2,153.4297870584673,,10.29767078975755,2.012842295247692,False,False
WALLABY J131052-185857,NGC5044,2,287.053222134957,,10.24768889930164,1.2417421151314076,False,False
WALLABY J131054-185747,NGC5044,2,231.28257974772293,,9.819536986821907,0.9211358061537409,True,False
WALLABY J131103-144149,NGC5044,2,44.968076988376325,,8.521986891120248,0.9624863604846421,True,False
WALLABY J131104-185724,NGC5044,2,230.6526499084508,9.724073362590092,9.798915024251972,1.136618053816946,True,True
WALLABY J131109-163337,NGC5044,2,42.153829697102026,,8.234467824071045,1.0417906378630057,True,False
WALLABY J131113-162416,NGC5044,2,240.692129227137,,9.686896483030928,0.8045000773541068,False,False
WALLABY J131114-194440,NGC5044,2,37.68324646616373,,8.762533998544779,1.3830677574204917,False,False
WALLABY J131115-180605,NGC5044,2,39.26967552816644,,8.74858054899439,2.012271508591618,False,False
WALLABY J131115-202239,NGC5044,2,171.32030696623872,,9.90932044839139,1.5826382727367372,False,False
WALLABY J131117-194944,NGC5044,2,39.69110615986203,,8.9704877189296,1.7600588118534453,False,False
WALLABY J131124-104927,NGC5044,2,87.48930544209273,8.831593090415133,9.157056641682551,0.9875988149784378,True,True
WALLABY J131131-181235,NGC5044,2,36.165347726149584,,8.820064579927235,1.9621522384999577,False,False
WALLABY J131132-144033,NGC5044,2,35.10377447195056,7.816313369226934,8.846802178557189,1.659208530507632,True,True
WALLABY J131138-162351,NGC5044,2,178.1607815128608,,9.94048090332204,1.5412844302214739,False,False
WALLABY J131139-165121,NGC5044,2,18.379540205543954,,7.352150797487162,1.1179969750880856,True,False
WALLABY J131142-103858,NGC5044,2,157.55642744314716,10.746104213332826,9.828651973576706,1.24686713245633,True,True
WALLABY J131143-183858,NGC5044,2,36.26178481450863,,8.094035142379278,0.8935740434562461,False,False
WALLABY J131143-203210,NGC5044,2,40.3076361436563,,8.8495391255626,1.6442659834297035,False,False
WALLABY J131145-191544,NGC5044,2,39.706800663172125,10.63816995841498,8.756675343135207,2.161610486070952,True,True
WALLABY J131146-184730,NGC5044,2,36.777787455385784,,8.87989023521789,1.3973478936770587,False,False
WALLABY J131149-171308,NGC5044,2,74.41807369956362,,9.235407054755054,1.4581659279932553,False,False
WALLABY J131150-141025,NGC5044,2,204.64629803007992,9.980416429873534,9.750439708775748,1.5002192718085683,True,True
WALLABY J131151-181937,NGC5044,2,42.41234481938144,,8.160937041842795,0.7463495617736122,False,False
WALLABY J131152-214559,NGC5044,2,98.50571224205349,,9.67529781713792,2.13316712162486,False,False
WALLABY J131153-145917,NGC5044,2,201.0124816975694,,9.910790530426675,1.288423532578442,False,False
WALLABY J131156-145719,NGC5044,2,38.65208470004688,,8.347054940205417,1.0792618572543176,False,False
WALLABY J131156-184429,NGC5044,2,126.97555114331094,,9.318337735144965,1.2483870932704768,False,False
WALLABY J131157-120351,NGC5044,2,30.22886138822061,,9.23466193815063,2.4582218179021202,True,False
WALLABY J131157-144032,NGC5044,2,35.706904136444116,,8.844753924213165,3.955398055821406,False,False
WALLABY J131159-134336,NGC5044,2,100.33957550286823,,9.435137369217262,1.2588104818071852,True,False
WALLABY J131204-131632,NGC5044,2,210.6260078366193,,9.761595077955805,1.2153407853063032,False,False
WALLABY J131205-144040,NGC5044,2,89.3771548251684,,8.587401430811022,0.596983615682562,False,False
WALLABY J131206-181550,NGC5044,2,39.995581241471655,,8.400016104987689,1.077268490584213,False,False
WALLABY J131208-203337,NGC5044,2,171.21670134363808,,9.656725727472322,1.0180515645323662,False,False
WALLABY J131210-131509,NGC5044,2,206.85123672615237,,10.15044065108042,1.520598215917016,True,False
WALLABY J131211-121847,NGC5044,2,55.97633852923557,,8.65103225406541,1.3245513524612105,False,False
WALLABY J131218-192640,NGC5044,2,39.626793327923735,,8.687962935675982,1.2086826849988292,False,False
WALLABY J131219-172528,NGC5044,2,284.4732338055789,,10.097593274496344,0.9632760882668545,False,False
WALLABY J131220-142824,NGC5044,2,89.34414515841164,,9.699646125091052,1.8177891052020076,False,False
WALLABY J131222-143329,NGC5044,2,99.66844280383432,8.931984061827206,9.118752506037648,0.9574149439729658,True,True
WALLABY J131225-185354,NGC5044,2,149.8300221361233,,9.70718042357457,1.2920002042997711,False,False
WALLABY J131228-173559,NGC5044,2,146.5818765662703,,9.48850849330918,1.1350946926435985,False,False
WALLABY J131234-173225,NGC5044,2,39.72832984503422,,9.695277391263632,2.4056137012232197,False,False
WALLABY J131237-142630,NGC5044,2,88.80457539632353,,9.912036873203677,2.732963746813784,False,False
WALLABY J131244-155218,NGC5044,2,42.57851027654347,,8.947030157930554,2.613021968431454,True,False
WALLABY J131247-132906,NGC5044,2,56.19337728779849,,8.479923315501727,1.2524631854693649,True,False
WALLABY J131247-192219,NGC5044,2,43.63679677897703,,8.804511465587206,1.5619448635819195,False,False
WALLABY J131248-115354,NGC5044,2,20.232641781466196,,7.818656906365771,1.2168487634856961,False,False
WALLABY J131248-173738,NGC5044,2,197.02824373066065,10.34195514059829,10.16435351861182,1.3525261933788841,True,True
WALLABY J131248-191514,NGC5044,2,90.52260168348333,,9.563362318120795,2.5596434598694,False,False
WALLABY J131251-134804,NGC5044,2,202.4215059333263,,9.587277060419495,0.8385260652771009,False,False
WALLABY J131251-183142,NGC5044,2,87.97537937584089,8.6529548309029,9.212275324676414,1.0429435025077758,True,True
WALLABY J131253-105339,NGC5044,2,88.99884493882877,9.485272277356934,9.635055992626942,1.6338326017915965,True,True
WALLABY J131256-181446,NGC5044,2,110.22173027867767,,9.398588906222887,1.0655180106448576,False,False
WALLABY J131300-190627,NGC5044,2,149.8458554382862,,9.954423974086126,1.232530391623183,False,False
WALLABY J131301-123644,NGC5044,2,217.82580147538786,,10.105431488701202,1.3629359307241227,False,False
WALLABY J131301-143720,NGC5044,2,173.38955561600542,,9.339344886567643,0.8781979729412954,False,False
WALLABY J131301-193617,NGC5044,2,111.8738292669881,,9.449107662126272,1.156954816172768,False,False
WALLABY J131301-195851,NGC5044,2,283.513066123157,,10.195821791114316,1.466643385941052,False,False
WALLABY J131302-190848,NGC5044,2,149.94077721202206,,9.92488381937389,1.348675019964163,False,False
WALLABY J131305-195830,NGC5044,2,39.545210141762844,,9.758244803563256,3.7588053324782997,False,False
WALLABY J131307-164101,NGC5044,2,38.32016642911336,,8.553722938251159,1.4483604402062171,False,False
WALLABY J131312-182434,NGC5044,2,285.3314552998047,,10.043315986682005,1.0350044796187048,True,False
WALLABY J131318-110526,NGC5044,2,148.4121205711749,,9.448151878002658,0.9597394578844142,False,False
WALLABY J131321-185558,NGC5044,2,87.69308514281454,9.848405933715336,9.857859582517666,1.8012152577047762,True,True
WALLABY J131324-124234,NGC5044,2,217.95081698027963,,10.030517151357238,1.3099631627190882,True,False
WALLABY J131324-183125,NGC5044,2,239.25289738685984,,9.566640967102597,1.1129694159511705,False,False
WALLABY J131326-143106,NGC5044,2,89.55470500559012,,9.253843940347867,1.3818419228542747,False,False
WALLABY J131327-204640,NGC5044,2,192.0927602862111,10.257197871530261,10.137201322806877,1.227338578376353,True,True
WALLABY J131330-170723,NGC5044,2,37.94751414269815,,8.274948648218905,0.9855577817032033,False,False
WALLABY J131330-193244,NGC5044,2,42.93022863150502,,9.592187404899647,3.164256310473878,False,False
WALLABY J131331-160600,NGC5044,2,38.853288132230446,,8.471843451508962,1.788027590820129,False,False
WALLABY J131332-170440,NGC5044,2,41.70785386308771,,8.733908006752669,1.4555987740588612,False,False
WALLABY J131333-104535,NGC5044,2,201.66561491431239,,9.776222077780531,1.1259415746317327,False,False
WALLABY J131334-152553,NGC5044,2,35.74081189140335,,9.673556263288665,3.62972845933294,False,False
WALLABY J131335-155702,NGC5044,2,35.5473551929674,,8.665698315694907,1.7298653225705063,False,False
WALLABY J131335-201725,NGC5044,2,24.5221419734548,,8.18756517501591,1.2255691645269537,False,False
WALLABY J131336-122813,NGC5044,2,55.84003657808526,,8.584429386421323,1.0828898417881623,False,False
WALLABY J131337-155035,NGC5044,2,50.927715707074185,,8.702522298018337,1.1599075953442173,False,False
WALLABY J131342-181322,NGC5044,2,99.78185068875977,,9.323180176194837,1.1469294296129902,False,False
WALLABY J131344-175928,NGC5044,2,101.6076793565878,8.822915330711067,9.595846806837832,1.4273956748236531,True,True
WALLABY J131346-144345,NGC5044,2,34.49239039672085,,8.617148550623929,1.4835308761921158,True,False
WALLABY J131350-160525,NGC5044,2,36.09127811441499,,8.380357911706753,1.5381132752906446,False,False
WALLABY J131350-173043,NGC5044,2,31.61446908908925,,8.647709158672267,1.3160731157755197,False,False
WALLABY J131352-144156,NGC5044,2,172.63713960038217,,10.05027008305718,1.5129233367132415,False,False
WALLABY J131352-191608,NGC5044,2,102.61340609334773,,9.814773491539755,1.5645746495627715,False,False
WALLABY J131352-204405,NGC5044,2,41.48315558353832,,8.711505233612408,1.6952055202057863,True,False
WALLABY J131353-192500,NGC5044,2,39.15221508401488,,8.767515196780165,1.558202195321519,False,False
WALLABY J131355-115301,NGC5044,2,216.30495418375014,,9.66198731077331,1.2609345310813531,False,False
WALLABY J131359-183536,NGC5044,2,90.16508328299872,,9.447499724249086,1.3738964826948565,False,False
WALLABY J131400-164707,NGC5044,2,44.00820003375336,,9.310255156736785,2.42576205623805,False,False
WALLABY J131403-120644,NGC5044,2,94.23135569987373,,9.088561385308761,1.0574567898869751,True,False
WALLABY J131405-155538,NGC5044,2,197.13515296836817,,9.700071903238161,1.1254471157279913,False,False
WALLABY J131408-141038,NGC5044,2,99.38751010072859,,9.43380968116886,1.0227277641720653,False,False
WALLABY J131409-171242,NGC5044,2,326.0331811338756,,10.115998130838385,1.2522799729183072,True,False
WALLABY J131410-132513,NGC5044,2,209.64681500078086,,9.809444562322781,1.4533375823309949,True,False
WALLABY J131410-213942,NGC5044,2,42.728398187646754,,9.28400434868285,2.100157448773138,False,False
WALLABY J131413-125346,NGC5044,2,198.89980739979313,,9.635237509951736,1.1532428812193825,True,False
WALLABY J131415-141108,NGC5044,2,90.63722733705474,,9.516751321503964,1.742318453820642,True,False
WALLABY J131417-120754,NGC5044,2,41.311543399866345,,8.713798352193129,1.4306280017850797,False,False
WALLABY J131420-115314,NGC5044,2,207.26709803768813,,9.672284739873101,2.074463964986966,False,False
WALLABY J131420-122736,NGC5044,2,275.5712897488474,,10.340522464717603,1.4848334545770052,True,False
WALLABY J131425-150115,NGC5044,2,76.83560776362515,,9.084613440280972,1.4475068101991213,False,False
WALLABY J131425-161751,NGC5044,2,243.67473928362918,,9.872302000774381,0.9705782793401591,False,False
WALLABY J131426-203916,NGC5044,2,66.57439599833825,,9.283679209199235,1.5723318097629633,False,False
WALLABY J131430-102917,NGC5044,2,237.21970988559337,,10.123659163699706,1.2385548527441748,False,False
WALLABY J131430-173154,NGC5044,2,35.48547186211829,,8.98815902597974,2.222684049644498,False,False
WALLABY J131431-105651,NGC5044,2,28.796781504676044,8.411251899303068,8.570451096994807,1.4867232297324402,True,True
WALLABY J131431-162247,NGC5044,2,21.111040715415132,,8.594933012681329,1.6573703038533818,False,False
WALLABY J131434-145005,NGC5044,2,76.64926749534284,,9.217910407137959,2.833332847538436,True,False
WALLABY J131435-181723,NGC5044,2,21.56780990910718,,7.667753397334225,1.0983424325543543,False,False
WALLABY J131435-195619,NGC5044,2,295.7580548176259,,9.688071338836803,0.6187257881931952,False,False
WALLABY J131439-155030,NGC5044,2,33.56213571642693,,8.280405047324527,1.2740255105302265,False,False
WALLABY J131441-112033,NGC5044,2,99.08888655812811,,9.872332612230162,1.7133133804568825,False,False
WALLABY J131441-184647,NGC5044,2,98.67013170958538,10.358879072227797,9.547123045492201,1.4414205122782198,True,True
WALLABY J131444-172117,NGC5044,2,169.425858239314,,9.82742723559699,1.103925618275051,False,False
WALLABY J131447-112436,NGC5044,2,31.697591065496624,,8.082389189492718,1.0625098187863247,False,False
WALLABY J131448-163249,NGC5044,2,312.84221177514416,,9.950144810434173,1.2993355983953734,True,False
WALLABY J131448-202411,NGC5044,2,147.20947545278838,,10.094971513019198,1.474407141871319,False,False
WALLABY J131449-134343,NGC5044,2,93.02408257356588,,9.74832167776286,2.015572568634942,False,False
WALLABY J131451-143740,NGC5044,2,169.28317909844878,10.371510868529938,9.65676507333962,1.1931809969428522,True,True
WALLABY J131459-120748,NGC5044,2,241.50823329273828,,9.681357263395585,0.8565611302793087,False,False
WALLABY J131459-171601,NGC5044,2,34.11367154445447,,8.922971542265948,1.2787066164489844,False,False
WALLABY J131502-183430,NGC5044,2,68.537434341085,,8.695339575014401,1.2509384076610806,False,False
WALLABY J131503-192914,NGC5044,2,114.5422543238526,,9.506909948508568,1.1764289669521437,False,False
WALLABY J131509-210140,NGC5044,2,186.26149956660356,,10.224759523652553,1.5103435993960836,False,False
WALLABY J131512-175802,NGC5044,2,39.615135946190115,,9.213520917487891,2.249217009865928,True,False
WALLABY J131516-145919,NGC5044,2,33.25403568886677,7.838424752482989,8.158872921516672,1.2580765602694484,True,True
WALLABY J131524-154106,NGC5044,2,40.923281679922084,,8.335251085648911,1.0680218654441482,True,False
WALLABY J131526-132732,NGC5044,2,209.29728125625252,,9.691419515755243,1.8217275708496392,True,False
WALLABY J131528-131929,NGC5044,2,194.17323661871126,,9.9905226090976,1.343271775965774,True,False
WALLABY J131528-151151,NGC5044,2,33.18371533842921,,7.929322248018037,0.9443166481405489,False,False
WALLABY J131532-161726,NGC5044,2,46.3799999215541,,8.53470226339382,1.4977514188925043,True,False
WALLABY J131533-170024,NGC5044,2,34.90645228800821,,8.276595399579012,1.9637905012773778,False,False
WALLABY J131535-142104,NGC5044,2,99.58840245893559,,9.295436407713071,1.0588648443219177,True,False
WALLABY J131543-124057,NGC5044,2,329.81947848090294,,10.208933100005844,0.9964265409287696,False,False
WALLABY J131547-155957,NGC5044,2,165.49267554553236,,9.966464486581733,1.4578445595826284,False,False
WALLABY J131547-173827,NGC5044,2,192.83010096903345,,9.906720983074136,2.60855161205894,True,False
WALLABY J131548-150626,NGC5044,2,177.0070230151734,,9.866224587941856,1.476436415026499,False,False
WALLABY J131548-170147,NGC5044,2,200.6776324728402,,9.776163963785839,1.5253858387417383,True,False
WALLABY J131551-131140,NGC5044,2,190.59060567303217,,9.647260283847869,1.1802366887351836,False,False
WALLABY J131551-161220,NGC5044,2,129.64573915114644,,9.582814803685372,1.1626793969539853,True,False
WALLABY J131554-145828,NGC5044,2,210.5977039578124,,9.725845992294454,1.4130577865080585,True,False
WALLABY J131557-145150,NGC5044,2,174.5451291803459,,9.48982814569022,1.4000188347078297,False,False
WALLABY J131600-185222,NGC5044,2,251.72430168236195,8.636132964422227,9.888144656185704,1.239258703914556,True,True
WALLABY J131601-174034,NGC5044,2,149.37830445141805,,9.881602302554807,1.3245610952724525,False,False
WALLABY J131608-165949,NGC5044,2,76.6055541244801,,9.011360037759932,0.9969504320653455,True,False
WALLABY J131611-174521,NGC5044,2,196.93506588767787,,9.64281853752236,0.7513934047947154,False,False
WALLABY J131611-191738,NGC5044,2,287.7885848782682,,10.245243384813971,1.0761047414757625,False,False
WALLABY J131613-114335,NGC5044,2,202.38791375121932,,9.833199853193372,2.768906724754522,False,False
WALLABY J131616-122639,NGC5044,2,98.36558951651777,,9.073160647623899,0.9916057770816369,False,False
WALLABY J131618-190711,NGC5044,2,91.21833251596837,8.064065811028343,9.03976506753679,1.1695318012944083,True,True
WALLABY J131618-204147,NGC5044,2,41.393100769718984,8.726935295634117,9.179118532905802,1.9832973073820503,True,True
WALLABY J131619-214517,NGC5044,2,42.15600828988859,,8.977037494002504,1.5370215605413917,False,False
WALLABY J131620-164013,NGC5044,2,77.82638910379816,,9.551742905767249,1.6715634984788508,True,False
WALLABY J131623-133604,NGC5044,2,94.98975306983299,,9.246228522203456,1.1300916190276558,False,False
WALLABY J131624-192614,NGC5044,2,107.20894812159031,9.498161973927882,9.567009284384259,1.4258447774423195,True,True
WALLABY J131626-173326,NGC5044,2,31.056908246816477,,8.305064417389685,1.0809885345261203,False,False
WALLABY J131631-134126,NGC5044,2,199.7034270568676,,9.636312751353735,1.3934620415311352,False,False
WALLABY J131638-174225,NGC5044,2,195.2427948283414,,9.762342894831246,1.9178825119719338,True,False
WALLABY J131641-192652,NGC5044,2,114.92432719294648,,10.03391912572297,1.9466416523845367,False,False
WALLABY J131643-142608,NGC5044,2,155.35638570144536,,9.649804781522215,1.2874808922833743,False,False
WALLABY J131644-153150,NGC5044,2,42.460676419565395,,8.486043981713422,1.6663406697137944,False,False
WALLABY J131648-142008,NGC5044,2,153.92415232617705,,9.394703569558965,1.0714504646230405,False,False
WALLABY J131649-133623,NGC5044,2,95.9444593063983,,9.907194123376708,1.8434364336919793,True,False
WALLABY J131650-184634,NGC5044,2,111.21654344780775,8.707682503183811,9.026076849877473,1.292851581350301,True,True
WALLABY J131650-214015,NGC5044,2,27.568901461711526,8.783958465035957,8.623045643960738,1.4814883893772763,True,True
WALLABY J131652-175359,NGC5044,2,40.17522413917211,,8.516400056730188,1.5079865933909056,True,False
WALLABY J131655-134334,NGC5044,2,94.98557213185462,,9.637820059820822,1.4404589270952577,True,False
WALLABY J131655-163531,NGC5044,2,30.272283825580054,,8.582568847003243,1.7041475295559902,True,False
WALLABY J131657-170718,NGC5044,2,89.60118449554092,,9.468921926649942,3.754626615046984,False,False
WALLABY J131658-163757,NGC5044,2,24.883284340502403,,9.486665379880327,5.11021628531617,True,False
WALLABY J131702-104612,NGC5044,2,40.48447219535739,,9.53458275411726,2.3834719272802483,False,False
WALLABY J131704-171858,NGC5044,2,26.050445834642744,,7.965058011336082,2.027473920723698,False,False
WALLABY J131706-161516,NGC5044,2,37.6526156562937,,9.422889560883736,2.610647584421896,False,False
WALLABY J131707-183238,NGC5044,2,111.8049258352977,,9.790621545258123,1.943364937968876,False,False
WALLABY J131708-202436,NGC5044,2,100.6232384209914,,9.819299165230147,1.7218011021578892,False,False
WALLABY J131708-202440,NGC5044,2,44.114787003437165,,7.995711638247564,0.710993588563315,False,False
WALLABY J131712-171511,NGC5044,2,35.94938858382149,,9.207579176668288,2.456673411741422,False,False
WALLABY J131713-125334,NGC5044,2,97.79736768291261,,9.32355526370447,2.4576098408387237,False,False
WALLABY J131713-130921,NGC5044,2,98.64080261911565,,9.821165907551782,1.5619623394813607,True,False
WALLABY J131714-125817,NGC5044,2,98.10401983150169,,9.638519619298545,1.289499664744033,False,False
WALLABY J131716-183306,NGC5044,2,110.80850507873667,,9.764038860286119,1.4028474894021459,False,False
WALLABY J131717-132332,NGC5044,2,188.66722534434479,,9.542309716802428,1.2309400050124704,False,False
WALLABY J131721-175129,NGC5044,2,34.204214452668644,,8.287435956243547,1.2202487251934215,True,False
WALLABY J131727-161741,NGC5044,2,91.11777171057972,,9.54019404408685,1.2656632283127969,True,False
WALLABY J131729-145304,NGC5044,2,140.26771754681005,,9.957317133711022,1.5585727817014985,False,False
WALLABY J131732-121430,NGC5044,2,91.43282660907069,,9.624552205262335,1.455552140262553,True,False
WALLABY J131734-161058,NGC5044,2,198.64579240265286,,9.890680651732012,1.1892087417935406,True,False
WALLABY J131736-172215,NGC5044,2,35.260761108424035,,8.710366088966987,1.3666868062775235,False,False
WALLABY J131737-172013,NGC5044,2,35.71607597003888,,8.320624134079008,1.0181661066311694,False,False
WALLABY J131738-151033,NGC5044,2,40.11150903597412,,8.214784884997702,1.5031536530882286,True,False
WALLABY J131738-201111,NGC5044,2,299.7796064756604,10.638822642329423,10.500804999231969,1.418707041844502,True,True
WALLABY J131739-152824,NGC5044,2,36.03413406666993,,8.109962277938909,0.9772183709732041,False,False
WALLABY J131739-164913,NGC5044,2,102.37163796844958,,9.419744545292286,1.3809862377356605,True,False
WALLABY J131739-213708,NGC5044,2,41.88026713971815,8.996447299250196,9.208469340010923,2.4552372992548177,True,True
WALLABY J131742-120143,NGC5044,2,35.349110038345124,,8.72500691488674,1.3470678460812213,False,False
WALLABY J131742-141341,NGC5044,2,172.12661223308876,,9.834543054398145,1.2475998555389016,True,False
WALLABY J131743-181822,NGC5044,2,70.17688669515594,,8.745838509086898,1.3442192805935134,True,False
WALLABY J131744-185121,NGC5044,2,103.62492348957802,8.733029914443238,9.309909513119052,1.1765185925870507,True,True
WALLABY J131745-150812,NGC5044,2,186.61994056709,,9.54027373170728,1.4498674270014082,True,False
WALLABY J131745-153134,NGC5044,2,163.95792565446735,,10.09131919698528,1.7931424376532106,False,False
WALLABY J131745-185133,NGC5044,2,103.42899583910906,6.619206772766608,9.484039933938453,2.850128370523972,True,True
WALLABY J131749-150807,NGC5044,2,195.94346090666775,,9.570408422388192,1.4100422986480263,True,False
WALLABY J131751-125058,NGC5044,2,199.81609490380487,,9.849244045976961,1.3269629496439377,False,False
WALLABY J131751-185007,NGC5044,2,103.52390681170648,,9.141704925819898,1.0485497455213406,False,False
WALLABY J131753-193408,NGC5044,2,224.96727830797616,9.889332592979965,10.035666632012662,1.1899139216277677,True,True
WALLABY J131754-133617,NGC5044,2,90.93411341468554,,9.704729138949459,1.6228920754510596,False,False
WALLABY J131755-134723,NGC5044,2,74.53296410265416,,8.979785827263452,1.162553015665202,False,False
WALLABY J131757-215154,NGC5044,2,43.99208816880735,,9.41387265915132,2.223311233090476,False,False
WALLABY J131758-151541,NGC5044,2,190.59711133811413,,10.354623504645023,2.237505791172552,True,False
WALLABY J131801-192931,NGC5044,2,87.70121416897267,,9.381505474460518,1.2084532545771598,False,False
WALLABY J131802-151824,NGC5044,2,160.65962180549448,,10.38541481086417,2.108437696832432,True,False
WALLABY J131805-110325,NGC5044,2,200.3003640425184,,9.480981232715123,0.7713878001619945,False,False
WALLABY J131805-191823,NGC5044,2,197.28819765067104,9.401973242883653,9.948173519228398,1.155083368949637,True,True
WALLABY J131805-200055,NGC5044,2,183.77773715244604,,9.138029112610418,0.8112238281525096,False,False
WALLABY J131806-135023,NGC5044,2,37.57602181523993,,8.242421755950522,1.0322254827667678,False,False
WALLABY J131806-181910,NGC5044,2,76.83709131233475,,8.880429588199217,0.9054497109308878,True,False
WALLABY J131807-154958,NGC5044,2,248.2545475760653,,10.290345172255474,1.303464875606676,True,False
WALLABY J131812-120301,NGC5044,2,38.536329920154756,,8.10245805539533,0.8151879270700911,False,False
WALLABY J131812-154126,NGC5044,2,162.284335257462,,10.152173646842096,1.7785562716682293,False,False
WALLABY J131814-120257,NGC5044,2,37.19032908300433,,8.414631530894422,1.323282191408464,False,False
WALLABY J131815-133536,NGC5044,2,148.53864944968544,,9.397032202126995,1.1812274815361046,False,False
WALLABY J131818-145755,NGC5044,2,156.08750086748583,,9.716845446865875,1.3898188622935541,False,False
WALLABY J131824-152926,NGC5044,2,248.8269605597437,,9.960816049623183,1.2406444472655023,True,False
WALLABY J131826-154604,NGC5044,2,40.59452702986323,,8.662149597613906,1.3637026379587467,False,False
WALLABY J131827-141337,NGC5044,2,152.51381567380915,,10.201304947461194,2.27874603061351,False,False
WALLABY J131830-134228,NGC5044,2,148.65832876456412,,9.779678524033637,1.2836012341340466,True,False
WALLABY J131830-143635,NGC5044,2,41.531841017659104,,9.52245466888144,3.099222584454326,True,False
WALLABY J131830-204114,NGC5044,2,22.337107390389946,,8.380649458486284,1.6811891369401426,False,False
WALLABY J131831-134916,NGC5044,2,152.49292860909773,,9.499586280913851,0.9783143946284116,False,False
WALLABY J131833-144940,NGC5044,2,156.49734844980864,,9.43533381011945,0.9706822813357554,False,False
WALLABY J131835-173432,NGC5044,2,36.114263888699185,,8.679450808640713,1.5053001024498267,False,False
WALLABY J131835-183814,NGC5044,2,110.28988896067901,,9.555051165242585,1.0896956644348061,True,False
WALLABY J131835-211758,NGC5044,2,27.944788914029708,,8.86525020395848,2.452665705685412,True,False
WALLABY J131836-145740,NGC5044,2,30.334447889638074,,8.289877497556226,1.2502523399469598,True,False
WALLABY J131840-150339,NGC5044,2,45.71407078945771,,9.15833348071083,2.027922584341196,False,False
WALLABY J131841-190450,NGC5044,2,39.10917341567903,,8.689034523398972,1.2203890292532587,False,False
WALLABY J131842-191600,NGC5044,2,224.9807898339733,,10.15757943687153,1.1623837936969026,False,False
WALLABY J131843-172044,NGC5044,2,234.39379304421658,,10.00053351928599,1.4035554652512432,True,False
WALLABY J131843-181853,NGC5044,2,99.12994663900116,,9.472489492012091,1.283961951619266,False,False
WALLABY J131844-113805,NGC5044,2,127.683133886063,9.752572972124506,9.414643703568824,1.823485156959698,True,True
WALLABY J131845-153954,NGC5044,2,92.59538389225807,,9.404702310584119,1.2054840444611816,True,False
WALLABY J131846-133637,NGC5044,2,92.88717462024167,,9.134380329638944,1.1853146552774447,False,False
WALLABY J131847-210939,NGC5044,2,285.70000887253786,,10.454289711129228,1.0848045164627014,True,False
WALLABY J131851-123625,NGC5044,2,42.735023725975715,,9.152650715976005,1.8684608639957354,True,False
WALLABY J131853-160803,NGC5044,2,203.70398717054,,9.891464131242042,1.0496666173007898,False,False
WALLABY J131854-183512,NGC5044,2,34.86941413547334,,8.48246603215305,1.9021787432476185,True,False
WALLABY J131855-170333,NGC5044,2,283.4556065115852,,10.318363787986282,1.8026466165780335,True,False
WALLABY J131855-173800,NGC5044,2,35.728889975968436,,9.125238645478284,2.157095000532816,False,False
WALLABY J131858-150054,NGC5044,2,157.43480512459044,,9.625616330773104,1.1192766967504126,True,False
WALLABY J131858-183353,NGC5044,2,77.01718617067657,,8.969757479500013,0.971047517247205,False,False
WALLABY J131859-183522,NGC5044,2,36.11033606483069,,8.832057190706857,4.57771056317598,False,False
WALLABY J131905-142915,NGC5044,2,97.92034936661095,,9.231944712436903,1.1940360127929612,False,False
WALLABY J131905-175622,NGC5044,2,97.16202656076564,,9.402286096298175,1.1913079910346567,True,False
WALLABY J131913-140221,NGC5044,2,37.13763615082065,,8.61598222062413,1.1454742561255662,False,False
WALLABY J131913-185018,NGC5044,2,200.7741488810702,,9.914579764370684,1.192070391812381,False,False
WALLABY J131915-155513,NGC5044,2,96.76090297870755,9.56406848371075,9.378238277772853,1.4079480776919562,True,True
WALLABY J131917-121713,NGC5044,2,99.45348800178974,,9.561019802976507,1.2349061699274024,False,False
WALLABY J131917-143959,NGC5044,2,38.401135336837655,,8.411335006925333,1.2608451649302963,False,False
WALLABY J131918-155021,NGC5044,2,195.23328571549578,,9.619346416552256,0.9533797416672577,False,False
WALLABY J131918-161609,NGC5044,2,201.3623214963057,,9.654248061211304,0.8109564387157322,False,False
WALLABY J131919-170339,NGC5044,2,282.61601526125395,,10.035989541175947,1.088851367072207,True,False
WALLABY J131920-145037,NGC5044,2,39.24063285768235,,9.662268330883196,3.965055759254068,False,False
WALLABY J131920-170105,NGC5044,2,146.84718080287857,,9.50614359869594,1.5237281785036965,True,False
WALLABY J131922-150923,NGC5044,2,41.55035047643264,,8.773645280306072,1.359111495545349,False,False
WALLABY J131923-161251,NGC5044,2,201.69671589795504,,9.589060180444516,0.8847277054940663,False,False
WALLABY J131928-123828,NGC5044,2,35.9778850244243,,8.436981730381786,2.162127407079482,False,False
WALLABY J131929-200819,NGC5044,2,27.937710190568204,,8.49607574311404,1.4890914063076068,False,False
WALLABY J131934-124159,NGC5044,2,41.975186023851286,,8.764826230198391,3.581621090510152,True,False
WALLABY J131938-124148,NGC5044,2,31.776703651046592,,8.953430053589912,1.6540201355827229,True,False
WALLABY J131943-112828,NGC5044,2,36.69881728806769,,8.799782050526629,1.3173742958283874,False,False
WALLABY J131943-121613,NGC5044,2,39.58716306491117,,8.59845871347866,1.2081529001622462,False,False
WALLABY J131947-205901,NGC5044,2,102.53538903700982,,9.917864972019405,4.720404634643636,False,False
WALLABY J131954-163715,NGC5044,2,32.79880743817813,,8.769327288338035,1.5734824424110736,True,False
WALLABY J131954-215051,NGC5044,2,28.791541059949996,,9.466458112964787,3.103631682095192,False,False
WALLABY J131955-115759,NGC5044,2,102.56476152937206,,9.392571490348468,1.1964042208973271,False,False
WALLABY J131955-171849,NGC5044,2,38.46093824098024,,9.306123258836182,2.575661039292882,False,False
WALLABY J131957-124805,NGC5044,2,42.945028700740785,,8.239011829357992,1.2485776827200816,False,False
WALLABY J131959-171534,NGC5044,2,92.24680695779095,,9.64260617373551,1.4670578217640293,False,False
WALLABY J132001-195929,NGC5044,2,87.53683651499189,,9.668325399656396,1.867422447050441,True,False
WALLABY J132004-165233,NGC5044,2,78.96013485941755,,9.777805528138702,2.578574625971084,True,False
WALLABY J132005-144515,NGC5044,2,100.51066855260555,,9.749510719695097,1.4521444696765822,False,False
WALLABY J132007-170653,NGC5044,2,94.94965304240243,,10.131731826129268,5.558269904974216,False,False
WALLABY J132009-174141,NGC5044,2,104.3400644303452,,9.363243719429907,1.1638768646215487,True,False
WALLABY J132011-184001,NGC5044,2,71.94324248306602,,8.932590056326651,0.9498337548682967,False,False
WALLABY J132011-201121,NGC5044,2,45.81337916479192,,8.476752969114331,1.0590421295800732,False,False
WALLABY J132014-141744,NGC5044,2,99.025224377909,,9.787342832351891,1.9143340542591119,True,False
WALLABY J132014-142732,NGC5044,2,39.31317049564844,,9.238903218889565,2.483637748693684,False,False
WALLABY J132017-144841,NGC5044,2,41.53834323256658,,9.148331486973866,2.5871429587133177,True,False
WALLABY J132018-163208,NGC5044,2,32.48463933863032,,8.53011807620195,1.2734927037042014,True,False
WALLABY J132018-214925,NGC5044,2,24.216364476236528,,10.1419233865335,17.341426631620642,False,False
WALLABY J132019-123420,NGC5044,2,20.438209559271836,,9.666952590824996,6.304604032039386,False,False
WALLABY J132020-124006,NGC5044,2,20.778602059050378,,8.154903154583844,1.322056133575571,False,False
WALLABY J132022-240400,NGC5044,2,250.55407383361594,,10.396672080219634,0.9359515023931779,False,False
WALLABY J132024-143418,NGC5044,2,93.40742174505284,,9.222787371918457,0.9741631118474812,True,False
WALLABY J132025-164032,NGC5044,2,89.07428632321123,,9.497026196572243,1.5421442695232601,True,False
WALLABY J132029-195030,NGC5044,2,24.505708682143904,,8.352634880605338,1.776140395943396,False,False
WALLABY J132029-214845,NGC5044,2,22.472320288140434,,9.919137377337554,11.80692607987803,False,False
WALLABY J132030-202723,NGC5044,2,23.223628634080118,,7.57502525904425,0.804725319242101,False,False
WALLABY J132032-170535,NGC5044,2,98.82769868221635,,9.287743636622835,1.1374664335245197,False,False
WALLABY J132034-183542,NGC5044,2,171.81781725988375,,10.213543223784392,1.5235039461394142,False,False
WALLABY J132036-173846,NGC5044,2,70.18006128506413,,8.992241522883713,1.8145143012800902,True,False
WALLABY J132037-142743,NGC5044,2,154.0657092841158,,9.756049678310589,1.1970776554405589,True,False
WALLABY J132040-165353,NGC5044,2,23.94073998636923,,8.41445362134126,1.5550416162453422,True,False
WALLABY J132040-170623,NGC5044,2,102.91495717124404,,9.314680563318275,1.086008023774823,False,False
WALLABY J132042-173916,NGC5044,2,74.01554419334519,,9.015170737151037,1.750655795061207,True,False
WALLABY J132043-180215,NGC5044,2,72.78681502757811,,9.6484556175114,2.013792174112492,False,False
WALLABY J132043-220256,NGC5044,2,29.966774354768365,,9.622183209084312,3.644721734371258,False,False
WALLABY J132046-124531,NGC5044,2,76.11032138556985,,9.086482386034756,1.2456173731789812,True,False
WALLABY J132050-232904,NGC5044,2,29.515879736201953,,8.97070226671761,2.058700125786542,False,False
WALLABY J132059-122814,NGC5044,2,34.274448975918624,,9.376135828225292,3.291894781474094,True,False
WALLABY J132059-173347,NGC5044,2,33.113856140734306,,8.080168426029422,0.9337269863673245,True,False
WALLABY J132104-144331,NGC5044,2,319.719621256503,,10.197472022415225,1.3065952209967002,False,False
WALLABY J132109-114742,NGC5044,2,41.89459912132337,,8.982255123624046,1.728323463308121,False,False
WALLABY J132110-154938,NGC5044,2,93.6086129083908,,9.428152885569219,1.3337510814303164,False,False
WALLABY J132112-182156,NGC5044,2,102.69548809888036,,8.969197697127544,0.696056718658218,False,False
WALLABY J132113-131115,NGC5044,2,279.5331829048677,,9.81325123340612,1.3298830441571163,True,False
WALLABY J132113-164953,NGC5044,2,94.5501572311797,,8.90131565996405,1.1045051471313232,False,False
WALLABY J132114-210618,NGC5044,2,69.94325699850562,,8.968328366120774,0.9964276293159641,False,False
WALLABY J132115-171527,NGC5044,2,233.63210457121298,,9.886634120369433,1.3175767675885652,False,False
WALLABY J132119-130231,NGC5044,2,18.73168160587699,,8.576999860701001,1.7674283670921334,True,False
WALLABY J132121-151214,NGC5044,2,100.27235561033133,8.714145458139361,9.30344558766049,1.0809616198940781,True,True
WALLABY J132123-171906,NGC5044,2,70.45390023062868,,8.931816638322404,1.5118519584715902,False,False
WALLABY J132124-160619,NGC5044,2,73.23422299451424,9.446033900784363,8.835554915256468,1.0413909623370516,True,True
WALLABY J132132-152931,NGC5044,2,74.78404426191292,9.241635890142483,9.413628078510008,1.2825321998125354,True,True
WALLABY J132134-151101,NGC5044,2,37.949137949139,,8.211271195249521,1.0346535172711828,False,False
WALLABY J132136-203629,NGC5044,2,31.288589053324383,8.307258533091701,8.37510860590893,1.3590418877121944,True,True
WALLABY J132137-145127,NGC5044,2,36.98777711993479,,8.323064748023835,1.2016163511361273,False,False
WALLABY J132141-143530,NGC5044,2,102.50503329498095,,9.326275900668255,1.1583160602310456,False,False
WALLABY J132145-154135,NGC5044,2,74.02709454253615,8.5236701045131,9.315043044834734,1.1313490546517009,True,True
WALLABY J132145-184438,NGC5044,2,124.60452876385095,,9.078740419005669,0.9874812208702679,False,False
WALLABY J132148-131222,NGC5044,2,41.4451355611504,,9.704267648162563,2.715964554965324,True,False
WALLABY J132148-150324,NGC5044,2,39.268718071132895,,8.490470697692064,1.1281250172038666,False,False
WALLABY J132151-144210,NGC5044,2,94.14804409441352,,9.169742333758993,1.1142313908310404,True,False
WALLABY J132151-171211,NGC5044,2,103.92422929027612,,9.766795809144519,1.7608396634658852,True,False
WALLABY J132154-193738,NGC5044,2,74.94301575528492,,9.53708786770902,1.8352263613362036,False,False
WALLABY J132157-165559,NGC5044,2,89.39534181929078,10.542478038074053,8.828189549486527,0.8558784925290089,True,True
WALLABY J132158-170021,NGC5044,2,74.3209810859014,,8.834813279185457,1.0537823601193104,True,False
WALLABY J132201-165247,NGC5044,2,105.62794983123808,,9.616899035923465,1.294955593177151,False,False
WALLABY J132202-161829,NGC5044,2,100.40210725208658,,9.227968300426669,1.3999974133056827,False,False
WALLABY J132202-174134,NGC5044,2,198.5666770803539,,9.962666004258967,1.175923845795075,True,False
WALLABY J132202-201335,NGC5044,2,26.93476179243172,,8.739460482700977,2.141088135371442,True,False
WALLABY J132205-130816,NGC5044,2,74.19639121224773,,9.236407569689913,1.211232706101652,True,False
WALLABY J132207-172410,NGC5044,2,104.42331959960234,,9.260985203465513,1.0184785416603712,True,False
WALLABY J132208-164023,NGC5044,2,72.15780018306633,9.12522844689277,8.864615347218441,1.6560913972533822,True,True
WALLABY J132209-154439,NGC5044,2,100.59788298965023,,9.39642831644394,1.4597274050286924,False,False
WALLABY J132210-175218,NGC5044,2,100.9519850061216,,9.519117598431638,1.3119843309786778,False,False
WALLABY J132211-160558,NGC5044,2,108.07273012320562,10.901817504527127,9.489987219120222,2.21513411551432,True,True
WALLABY J132216-153002,NGC5044,2,40.043764622447945,,8.920121987125023,1.9324364099258537,False,False
WALLABY J132218-173518,NGC5044,2,102.01284660868043,,9.046034121853094,0.8984563509299379,False,False
WALLABY J132219-164225,NGC5044,2,98.25258598970125,10.476773957917356,9.962935713314247,1.959479320069605,True,True
WALLABY J132220-143127,NGC5044,2,94.79411294692015,,9.404466849128733,1.1792294435072534,False,False
WALLABY J132222-185842,NGC5044,2,111.12054026296305,,9.364384771890881,0.9063875774683439,False,False
WALLABY J132223-163258,NGC5044,2,74.0898372008424,,9.303036548319911,1.1865472368762373,False,False
WALLABY J132228-185728,NGC5044,2,110.36813024928416,,9.164984404959679,1.1112027724184104,True,False
WALLABY J132229-214334,NGC5044,2,23.469591989799962,9.034389894940958,7.929301305687322,0.9802658675599852,True,True
WALLABY J132238-204726,NGC5044,2,376.38645736300066,,10.13861734095062,0.8987322666613251,False,False
WALLABY J132239-214836,NGC5044,2,29.51711164064376,,8.230828592268546,1.0377864998387374,False,False
WALLABY J132241-184811,NGC5044,2,74.879069321782,,9.181087275538669,1.5998622245054281,False,False
WALLABY J132243-172410,NGC5044,2,104.57650599644086,,9.144755622221423,1.0672075435049597,True,False
WALLABY J132247-175705,NGC5044,2,229.3379641472135,,9.826101988229553,1.4515905524119683,True,False
WALLABY J132247-210725,NGC5044,2,228.27390469954466,,9.995857123874307,1.9945778414551825,False,False
WALLABY J132251-183904,NGC5044,2,110.29095262628044,,9.154217723928639,1.095816899586747,False,False
WALLABY J132255-173325,NGC5044,2,73.44742160935593,,9.376067505580714,1.5701397871641025,True,False
WALLABY J132256-170904,NGC5044,2,233.62694724198903,,10.051487355947748,1.377019313278908,True,False
WALLABY J132256-191611,NGC5044,2,74.46545179321309,,8.995186161082517,1.0441922771810597,False,False
WALLABY J132257-194004,NGC5044,2,98.18156957360124,,9.100445812914414,0.9064233861133394,False,False
WALLABY J132258-144345,NGC5044,2,73.15840460971687,,9.455028521323024,1.6883137083729534,False,False
WALLABY J132259-172513,NGC5044,2,190.1760292695244,,9.496168579767787,1.0218781062623434,True,False
WALLABY J132259-204701,NGC5044,2,103.34962175485111,10.064188241145365,9.532015904389622,1.352227723237679,True,True
WALLABY J132303-134113,NGC5044,2,76.56105672943556,,9.299609415150789,1.3752279655285455,False,False
WALLABY J132304-235016,NGC5044,2,141.28868798947565,,9.560424448316907,1.3900781955966024,False,False
WALLABY J132306-164944,NGC5044,2,96.25525771710645,,9.323747541902756,1.0392438662090622,False,False
WALLABY J132311-171200,NGC5044,2,101.04203299554335,,9.323483778072903,1.118734870654499,False,False
WALLABY J132313-152804,NGC5044,2,95.3628461220084,8.421707929632356,9.334022135986105,1.4447427814780274,True,True
WALLABY J132314-165544,NGC5044,2,97.63165567865768,,9.456361617023047,1.9482839225480029,True,False
WALLABY J132318-182146,NGC5044,2,106.82846061250942,,9.277520293579448,1.3092811040029844,True,False
WALLABY J132321-163748,NGC5044,2,102.43916982335593,,8.910325849690471,0.7720531444634806,False,False
WALLABY J132321-191517,NGC5044,2,197.58017398882288,,10.00275833792553,1.0742072012294233,False,False
WALLABY J132322-173508,NGC5044,2,145.9396829268149,,9.664705896945497,1.0340150040258558,False,False
WALLABY J132328-172821,NGC5044,2,53.82135419669738,,8.510777999908798,1.214771263409208,True,False
WALLABY J132329-163056,NGC5044,2,73.75883854916691,9.24011807226718,9.23930393621938,1.369012732236796,True,True
WALLABY J132329-164053,NGC5044,2,98.44664703569627,,9.277576160413863,1.1680828649225536,False,False
WALLABY J132329-165844,NGC5044,2,99.11490117615071,,9.099199335773891,0.9943843342757985,False,False
WALLABY J132329-175427,NGC5044,2,103.38438679347739,,9.460682440484677,1.085252148515845,True,False
WALLABY J132329-232337,NGC5044,2,22.61883883581642,7.834632141473426,8.120750961169746,1.3830662790438368,True,True
WALLABY J132331-235339,NGC5044,2,179.4357809251482,11.045723996494594,10.272132459771406,1.4341744771944336,True,True
WALLABY J132336-170314,NGC5044,2,101.5206295078053,,9.626398420166804,1.6407871233524407,False,False
WALLABY J132339-190221,NGC5044,2,105.67501717301683,,9.724719456288302,1.3301497206466069,False,False
WALLABY J132343-162121,NGC5044,2,99.7136976697545,,9.50604447004917,1.4618753258830113,False,False
WALLABY J132344-231048,NGC5044,2,68.10698658918618,,9.49326800003976,1.9677603984788525,False,False
WALLABY J132347-193322,NGC5044,2,76.23303153439224,,8.742003003797274,0.9511550586998482,True,False
WALLABY J132350-235951,NGC5044,2,194.44201748381286,,9.7935760541755,1.1563412566131777,False,False
WALLABY J132351-143606,NGC5044,2,19.742841675524108,,8.238116097946188,1.3916200028114434,False,False
WALLABY J132353-180755,NGC5044,2,230.95339264046976,,10.112563215531539,1.2748717912215501,True,False
WALLABY J132353-184841,NGC5044,2,101.31445052865448,,9.417580719335547,1.2088487452246732,True,False
WALLABY J132353-230518,NGC5044,2,127.14693217585622,,9.498705001960063,1.3509207099103633,False,False
WALLABY J132358-151422,NGC5044,2,204.77697793516114,10.27070974382848,10.055063867449563,1.6403759344477506,True,True
WALLABY J132358-190341,NGC5044,2,98.7737255226776,,9.638721443574694,1.2783915395584604,True,False
WALLABY J132359-235510,NGC5044,2,267.9416304271622,10.379098314847022,9.949112527668285,1.416776748334624,True,True
WALLABY J132400-175431,NGC5044,2,100.8233142858138,,9.479671117624916,1.3572145774203197,False,False
WALLABY J132401-232015,NGC5044,2,194.56721899331552,,9.627934347709923,1.0139411289796387,False,False
WALLABY J132403-170220,NGC5044,2,100.7672750865684,,9.797222388847079,1.6707748125795252,False,False
WALLABY J132409-175407,NGC5044,2,109.8067021188464,,9.914443384284077,1.8110315104249863,False,False
WALLABY J132410-235238,NGC5044,2,107.21449098823311,,9.845285915268917,1.53158999863342,False,False
WALLABY J132415-164212,NGC5044,2,21.34705374184001,8.82992100163553,8.574697690835865,1.9588886649146215,True,True
WALLABY J132415-232043,NGC5044,2,68.17346475367867,9.98064156080285,9.507383561593905,2.208059961183042,True,True
WALLABY J132416-164248,NGC5044,2,366.4336340995206,,10.125326602304305,1.5112919614872349,False,False
WALLABY J132419-185912,NGC5044,2,71.4601138549041,,8.812195259523254,1.019091691408804,True,False
WALLABY J132422-162744,NGC5044,2,312.29220298937616,8.223540271417583,9.84653179954402,1.0639995530556388,True,True
WALLABY J132422-171945,NGC5044,2,99.88834875006214,,9.796431617871841,1.8048802621049949,False,False
WALLABY J132425-204354,NGC5044,2,119.22957189583886,,9.679614430504348,1.2046573194727703,False,False
WALLABY J132427-170303,NGC5044,2,100.03784735566379,,9.42095177790762,1.1681303701132162,False,False
WALLABY J132427-201307,NGC5044,2,101.33987611518151,,9.790506108171536,1.5002357745063635,True,False
WALLABY J132427-202554,NGC5044,2,75.7344703439603,,9.304434992074281,1.4410881489973915,False,False
WALLABY J132429-181124,NGC5044,2,111.02010213350624,,9.21716937979513,1.3418113498826303,False,False
WALLABY J132429-203859,NGC5044,2,117.83781343386968,,9.74896249545647,2.277493837526174,False,False
WALLABY J132430-210729,NGC5044,2,36.98408910381077,,9.318837941447974,3.813498960834084,False,False
WALLABY J132432-151614,NGC5044,2,38.9635448603497,,8.64425880907273,1.6888435791194916,False,False
WALLABY J132432-155124,NGC5044,2,296.89430919715574,,10.171582368504373,1.68965102811353,False,False
WALLABY J132433-210813,NGC5044,2,38.0752132811155,,9.545570842442942,5.72752372752011,False,False
WALLABY J132438-224607,NGC5044,2,129.07959912639126,,9.622980715825092,1.321606289189642,False,False
WALLABY J132440-194953,NGC5044,2,114.56707544226909,,9.784451157295349,1.7094868580727638,False,False
WALLABY J132441-194214,NGC5044,2,28.292740696047726,,9.537372596486975,3.947595184581728,False,False
WALLABY J132442-211714,NGC5044,2,75.86082125560819,,8.747159663047286,0.7984745384732498,False,False
WALLABY J132451-212416,NGC5044,2,172.79977705507397,,9.648429065082585,1.2315552731545114,False,False
WALLABY J132454-201759,NGC5044,2,24.902192867439556,,8.331245904205145,1.5174324009044182,True,False
WALLABY J132455-192622,NGC5044,2,114.2924810079016,,9.697091214616542,1.4215855029861857,True,False
WALLABY J132457-182105,NGC5044,2,47.80675424567005,,8.254759995607486,0.8110419851770896,False,False
WALLABY J132500-240035,NGC5044,2,105.66969685413773,,10.02100928001147,2.673549347496024,False,False
WALLABY J132501-144523,NGC5044,2,205.11685851864988,,10.011644796097187,1.2943380519298107,False,False
WALLABY J132506-240322,NGC5044,2,194.1622143533711,,9.931319179050778,1.253289215184855,False,False
WALLABY J132508-194605,NGC5044,2,74.21606802923392,,9.689849616175211,1.5991394816352624,True,False
WALLABY J132516-203855,NGC5044,2,38.29284757943017,,8.555788457871012,1.003156238816263,False,False
WALLABY J132518-211223,NGC5044,2,104.38806926984901,,9.56290842305878,1.348580930888849,False,False
WALLABY J132518-232409,NGC5044,2,126.30393275995789,,9.40256615869194,1.3455720132448445,False,False
WALLABY J132519-210812,NGC5044,2,24.933684140427633,,9.122203647114523,5.531116868537216,False,False
WALLABY J132529-174924,NGC5044,2,76.2505028877606,,9.03931212090666,1.4897254571238034,True,False
WALLABY J132529-201001,NGC5044,2,115.64199852207314,,10.265466507660408,2.8563684273367103,False,False
WALLABY J132531-212650,NGC5044,2,69.62946631383974,8.713384908296648,9.085396923933784,1.1366815373433987,True,True
WALLABY J132531-220703,NGC5044,2,132.79599628965929,8.990353379404633,9.576059354250694,1.2543839733133437,True,True
WALLABY J132532-161724,NGC5044,2,96.7329996515089,7.934581031657781,8.935052690390824,1.8058562512127505,True,True
WALLABY J132534-150540,NGC5044,2,99.44713125824511,,9.085144337230773,1.2091921132165857,False,False
WALLABY J132536-213356,NGC5044,2,127.06660022012147,9.208191949798833,9.744736149438246,2.018357245187198,True,True
WALLABY J132538-163436,NGC5044,2,97.70525379818012,8.795217099976018,9.116028561364406,1.1118267971565545,True,True
WALLABY J132540-155525,NGC5044,2,165.44349090591717,,9.709751829172824,2.039920321309946,True,False
WALLABY J132542-164457,NGC5044,2,77.23102146110043,9.72165906185121,9.53390034295109,2.260053080665428,True,True
WALLABY J132543-201405,NGC5044,2,39.25264857254612,,8.606877236726836,1.452239507691822,False,False
WALLABY J132551-162706,NGC5044,2,96.3212383149648,8.472712290843683,9.153709461592603,1.0433192452060225,True,True
WALLABY J132552-203408,NGC5044,2,103.12084005392053,,9.631809156162111,1.8034737154273344,True,False
WALLABY J132552-241252,NGC5044,2,177.67308436871156,9.085775690295412,9.814356445736264,1.433161977677968,True,True
WALLABY J132558-163627,NGC5044,2,97.88888258336945,,9.219703603085318,2.20042811927701,False,False
WALLABY J132558-233802,NGC5044,2,194.18021850188794,10.186138661529071,10.115937059571667,1.6520042116480909,True,True
WALLABY J132558-242128,NGC5044,2,177.7578764255307,8.503338327329354,9.68792042841408,1.6124242730662082,True,True
WALLABY J132603-170150,NGC5044,2,281.49500340348214,,10.182911347198266,1.3761122999162247,False,False
WALLABY J132603-225332,NGC5044,2,319.24553822411434,,9.939049387942113,1.9219041773060017,False,False
WALLABY J132605-241223,NGC5044,2,139.94035057244727,,9.968125016830493,1.5525699521751417,False,False
WALLABY J132607-171123,NGC5044,2,231.71106042745686,10.509961719154434,10.019142614786109,1.2153326130579927,True,True
WALLABY J132607-202810,NGC5044,2,114.31226293701336,,9.417919495331905,1.3721087917710264,False,False
WALLABY J132608-163111,NGC5044,2,98.37171454732834,,10.096667373542303,1.6020791668306977,False,False
WALLABY J132612-162649,NGC5044,2,345.11671087842245,10.500909000125692,10.17056378425089,1.0873630866978665,True,True
WALLABY J132614-195933,NGC5044,2,109.40069727075877,,9.175835328778502,1.2370231348451495,True,False
WALLABY J132618-214400,NGC5044,2,122.0864910699944,,9.37178789571678,1.091825080288839,False,False
WALLABY J132619-193833,NGC5044,2,111.78392643998659,,9.35712625950016,1.3581876052735748,False,False
WALLABY J132620-223750,NGC5044,2,129.88720928296337,11.099699800975017,9.855766310818222,1.7619438020687916,True,True
WALLABY J132620-230233,NGC5044,2,75.31014405932676,,9.223406161781565,1.9649559166338846,False,False
WALLABY J132621-155739,NGC5044,2,295.54512873071303,9.688660156681362,9.813912623541512,1.1531647022245444,True,True
WALLABY J132625-215123,NGC5044,2,127.6245466446576,9.890493343521626,9.531896582944187,0.9894382325011192,True,True
WALLABY J132630-214027,NGC5044,2,103.35014623613586,,9.579348261583382,1.25652868372581,True,False
WALLABY J132634-222458,NGC5044,2,103.05675255064996,9.108129937222264,9.352021372109627,1.1448438700625228,True,True
WALLABY J132635-221419,NGC5044,2,20.369713182443807,8.601674486383171,9.0070034336205,2.8677556419485617,True,True
WALLABY J132637-192904,NGC5044,2,111.67661071028884,,9.008130837062211,1.0421103339548863,True,False
WALLABY J132638-215333,NGC5044,2,124.65446366510912,,9.399055213920127,1.0241768546669767,False,False
WALLABY J132648-185557,NGC5044,2,200.88705121138466,,10.103855565189715,1.4236062386475399,False,False
WALLABY J132648-250524,NGC5044,2,159.94320886643587,10.789082277635933,9.67061515896345,0.9592793809257285,True,True
WALLABY J132654-145758,NGC5044,2,79.5631063611943,,9.0856970272827,0.9825331364983676,False,False
WALLABY J132655-231825,NGC5044,2,194.3719421478398,,9.756668776111377,1.7235029663470425,False,False
WALLABY J132656-203533,NGC5044,2,120.60746001555718,,9.34581803234183,1.4290529694765408,False,False
WALLABY J132700-205735,NGC5044,2,68.83866036712935,,9.360744784149924,1.3095756193768548,False,False
WALLABY J132709-163509,NGC5044,2,119.98154240662859,,9.191792589264224,1.834192858298103,True,False
WALLABY J132713-202729,NGC5044,2,96.7002612556317,,9.62494569530268,1.7111719360208741,True,False
WALLABY J132719-170237,NGC5044,2,273.10073815946737,,9.7450164546714,1.2114909664718492,False,False
WALLABY J132720-200304,NGC5044,2,118.85062273270768,,9.553421519773918,1.4126075066057995,False,False
WALLABY J132726-173924,NGC5044,2,23.13048070587044,,7.817863955200992,0.9536876910972756,False,False
WALLABY J132729-163924,NGC5044,2,78.26052309984236,,9.125449717842516,1.630530915288515,False,False
WALLABY J132729-244239,NGC5044,2,179.14501507108875,,9.671986653904618,1.1232109366539689,False,False
WALLABY J132732-142623,NGC5044,2,147.43063228016848,,9.78589515585428,1.828739605311131,True,False
WALLABY J132741-234601,NGC5044,2,137.49104200165195,,9.788290667398366,1.8218457581726484,False,False
WALLABY J132746-161514,NGC5044,2,99.99740804515454,9.52350825178337,9.301010272491151,3.287446094360748,True,True
WALLABY J132747-155109,NGC5044,2,77.64595174961354,7.831998625176254,8.77996010677663,1.1372312616080387,True,True
WALLABY J132749-180135,NGC5044,2,104.15417785383723,,9.056289319872356,1.1255474872507334,True,False
WALLABY J132749-240921,NGC5044,2,133.901892755967,8.519874831508584,9.466414031960012,1.0489257971236543,True,True
WALLABY J132751-240335,NGC5044,2,133.86460082270403,9.195596389502677,9.56512945139962,1.3772930804687753,True,True
WALLABY J132754-155850,NGC5044,2,205.51794255190566,,9.791249166165478,1.175847493830252,False,False
WALLABY J132759-152532,NGC5044,2,293.2636009491146,,9.954995390884362,0.9324411249992661,True,False
WALLABY J132803-152028,NGC5044,2,346.6773647469866,,10.289833633110907,1.0699039281115588,True,False
WALLABY J132804-234953,NGC5044,2,342.46856590217834,,10.01879994085172,1.3910507898879378,False,False
WALLABY J132805-150633,NGC5044,2,337.71561893812714,,10.08185146291099,0.9373503926716269,True,False
WALLABY J132807-162439,NGC5044,2,26.2689382777685,8.457576822486027,7.945483986450219,1.2110495401951387,True,True
WALLABY J132807-200957,NGC5044,2,67.87780274573554,,8.803989994530184,0.8049976240164514,False,False
WALLABY J132807-205527,NGC5044,2,83.30295777848129,,8.891954769976367,1.9340282702526845,False,False
WALLABY J132807-243847,NGC5044,2,77.41674892753336,,9.441333399231336,1.795633454662252,False,False
WALLABY J132810-151352,NGC5044,2,234.69689595004107,,9.473664613235904,1.0461650684558426,False,False
WALLABY J132811-240540,NGC5044,2,161.7771705775711,9.955071839539018,10.070502284735342,1.2700797731151146,True,True
WALLABY J132812-245827,NGC5044,2,197.76577668284972,10.882449231108492,10.155609193532117,1.7005514373464692,True,True
WALLABY J132814-165706,NGC5044,2,143.75426204365445,,9.277379618224929,1.2781840885255602,False,False
WALLABY J132814-212253,NGC5044,2,76.09836695247493,,9.416843037273159,1.295180360178019,True,False
WALLABY J132821-193108,NGC5044,2,105.16699154625572,,9.589583737619437,1.451498177182717,True,False
WALLABY J132825-253528,NGC5044,2,254.6380016457277,,10.314972849402144,1.1637262867545302,True,False
WALLABY J132826-182936,NGC5044,2,90.29909598339265,,9.231408443900687,1.3387214249242834,False,False
WALLABY J132831-171324,NGC5044,2,22.903360219313107,,7.541202735590155,0.8825081097935336,False,False
WALLABY J132844-210150,NGC5044,2,98.9648656761617,,9.466440417194107,1.1688608856208265,False,False
WALLABY J132846-155832,NGC5044,2,291.47665253604373,,9.901548476834774,1.5459678168594475,False,False
WALLABY J132848-143813,NGC5044,2,294.57141801980526,,9.744193846400478,0.9095406098880815,False,False
WALLABY J132850-144019,NGC5044,2,208.85010578869526,,9.891885339378447,1.1070299555726977,False,False
WALLABY J132856-235000,NGC5044,2,70.4248602441675,,8.65957266138003,0.9000812066517551,False,False
WALLABY J132857-242427,NGC5044,2,65.28061345328217,,8.864003863464749,1.3743789645101263,False,False
WALLABY J132858-241435,NGC5044,2,174.3236518889025,,9.801768008497062,1.3025532336264196,False,False
WALLABY J132859-234535,NGC5044,2,134.70377193307723,9.621960258596769,9.263125503584595,1.5201492102682814,True,True
WALLABY J132903-163458,NGC5044,2,233.60397522815623,,10.196953925717299,1.2135777754519892,False,False
WALLABY J132905-205629,NGC5044,2,79.32716470945392,,9.650485185957109,1.569294093807229,False,False
WALLABY J132906-151215,NGC5044,2,287.06090769728434,,9.873718423507178,1.6100895026348372,True,False
WALLABY J132906-210123,NGC5044,2,82.79969690468678,,9.139901526317228,1.0228323525624552,False,False
WALLABY J132907-215149,NGC5044,2,79.95301540845514,,9.310929164579498,1.4577897086224614,False,False
WALLABY J132908-171617,NGC5044,2,78.86626282718747,,9.290076550721658,1.4852990892236588,False,False
WALLABY J132911-224640,NGC5044,2,127.4971701126712,9.074005061050505,9.775222601141376,1.5243687519887623,True,True
WALLABY J132919-162832,NGC5044,2,84.30558720879716,8.841686106736448,9.112646984999705,1.3247329513162764,True,True
WALLABY J132920-211042,NGC5044,2,9.718182591016172,,7.374636552764585,1.7208364454753173,False,False
WALLABY J132922-221123,NGC5044,2,78.62717325520947,,9.643291351431822,1.7689884667380593,False,False
WALLABY J132926-210008,NGC5044,2,95.21673784332356,,9.417049918508516,1.3939621123790513,False,False
WALLABY J132929-235535,NGC5044,2,197.50222907780483,,9.973811256531546,1.4830870219919146,False,False
WALLABY J132929-251945,NGC5044,2,191.61552839420523,,10.328646819699031,2.175865698378762,False,False
WALLABY J132930-165046,NGC5044,2,228.30315302716508,,9.864790996245786,0.989375634261385,False,False
WALLABY J132931-181615,NGC5044,2,18.84123810824093,,7.687065405272321,1.4636593117269328,False,False
WALLABY J132935-153750,NGC5044,2,213.43660017386733,,9.417732654134424,0.7908166145484762,False,False
WALLABY J132937-230656,NGC5044,2,137.36178032592338,,9.659659302840534,1.2307061292347972,False,False
WALLABY J132938-154327,NGC5044,2,209.25073418675296,,10.104132790623753,2.1664002246383522,True,False
WALLABY J132943-161354,NGC5044,2,225.58290405885765,,10.004483183278383,1.260838769148467,False,False
WALLABY J132944-211051,NGC5044,2,80.00020406559672,,9.414170524968997,1.4862280389161904,False,False
WALLABY J132947-162327,NGC5044,2,233.60855178642885,,10.138417101973447,1.6297428115341706,False,False
WALLABY J132947-170153,NGC5044,2,226.4046219788429,10.669191009815398,9.97198797983431,1.8115697490389355,True,True
WALLABY J132947-175747,NGC5044,2,21.691127066406064,,10.001288649063246,10.24661019112187,False,False
WALLABY J132947-234056,NGC5044,2,72.7137019647831,,9.228173869274796,1.2567109839885693,False,False
WALLABY J132948-180438,NGC5044,2,19.18947735668251,,7.8263508659089585,1.7294777479006829,True,False
WALLABY J132949-220314,NGC5044,2,103.20871461827582,,9.337197173590122,1.2576376826722677,False,False
WALLABY J132957-150800,NGC5044,2,192.7800086393766,,9.465423753602227,1.2773202948857052,False,False
WALLABY J132958-211444,NGC5044,2,223.2809765878285,,10.407306764291505,1.8433865404786798,False,False
WALLABY J132959-235726,NGC5044,2,133.29418265021621,,9.844047780206337,1.3270951214906102,False,False
WALLABY J133004-165534,NGC5044,2,84.40777265562117,,9.008901734576341,1.2936332385197498,False,False
WALLABY J133004-205549,NGC5044,2,75.77540354576433,,9.165534762562203,1.0721637953354575,False,False
WALLABY J133004-221319,NGC5044,2,73.52732092330335,,9.446231940663571,1.2856433539216163,False,False
WALLABY J133005-173426,NGC5044,2,227.48385596578254,,10.010343994868338,1.0718112433713336,False,False
WALLABY J133006-205341,NGC5044,2,74.5677472977972,,8.959455549082257,1.7914641038653272,True,False
WALLABY J133007-212715,NGC5044,2,82.67799293712929,,9.411490408659137,1.4377498495477457,False,False
WALLABY J133008-203319,NGC5044,2,83.30940957055682,,9.048158369791635,1.7334976750386748,True,False
WALLABY J133008-221059,NGC5044,2,103.56468484668065,,9.60662211156807,1.3284637500461158,False,False
WALLABY J133010-240841,NGC5044,2,70.6018160911634,,9.799559000336446,2.451707918759054,False,False
WALLABY J133011-210731,NGC5044,2,77.36272131017546,,8.956518004209823,1.76526197513621,True,False
WALLABY J133017-214446,NGC5044,2,104.33525049421897,,10.014599494039148,1.5492777980441457,False,False
WALLABY J133019-220858,NGC5044,2,78.39283333541798,9.752685712668416,9.577120641609348,2.018384032011388,True,True
WALLABY J133020-221958,NGC5044,2,78.87711426924902,9.162122166252809,9.219900553117997,2.2414929991302577,True,True
WALLABY J133027-143749,NGC5044,2,362.2759652436109,,10.414932664648992,0.7267719109014739,False,False
WALLABY J133027-210654,NGC5044,2,81.57630458587974,,9.192962456966178,1.1841621147612424,False,False
WALLABY J133028-154233,NGC5044,2,206.04734762939336,,9.6404670108171,1.0889132579978402,False,False
WALLABY J133031-231420,NGC5044,2,132.63566272145627,10.229532912413625,9.75503998227042,1.8837757791886265,True,True
WALLABY J133033-193217,NGC5044,2,80.76462700418698,,8.817365506376106,0.8627938269346644,True,False
WALLABY J133035-150112,NGC5044,2,61.19231622205515,,9.105193568914018,1.3073403458734432,False,False
WALLABY J133035-205429,NGC5044,2,87.94171969951587,,9.570299538906502,1.5806806410343488,False,False
WALLABY J133035-211808,NGC5044,2,83.43362019988994,,9.795131734079492,3.106257702607056,False,False
WALLABY J133035-223035,NGC5044,2,78.53337607671527,,9.747162804558224,2.034076195620646,False,False
WALLABY J133037-205541,NGC5044,2,76.791797531138,,9.619249572520749,1.7090761634187543,False,False
WALLABY J133037-243158,NGC5044,2,186.21274812594967,,9.807011117796728,1.2163283450753668,False,False
WALLABY J133039-213728,NGC5044,2,102.11423132352236,,9.808960189948001,1.4207985486795645,False,False
WALLABY J133039-214217,NGC5044,2,105.71318899013978,,9.264819454266656,1.2704745108505944,True,False
WALLABY J133039-241626,NGC5044,2,109.78791853254614,8.692619738277509,9.111011429736347,1.1218500827429723,True,True
WALLABY J133041-180108,NGC5044,2,37.357920670818565,,8.65844784472856,1.0735813851435958,False,False
WALLABY J133041-233009,NGC5044,2,184.38408343337525,10.92647982633927,10.429214507481513,2.127444602117142,True,True
WALLABY J133042-213957,NGC5044,2,106.00445902121234,,9.22495229742579,1.3635914464430823,True,False
WALLABY J133043-234430,NGC5044,2,108.79026729300334,,9.35331439485054,1.3182990545704976,True,False
WALLABY J133048-251954,NGC5044,2,113.6103394781881,10.529266660557488,9.853086628028015,1.5287209522034093,True,True
WALLABY J133056-213801,NGC5044,2,102.19625188780705,,9.47285291329077,1.4743435527771571,False,False
WALLABY J133057-203736,NGC5044,2,81.17905714674673,,9.318410327869536,1.418520987050081,False,False
WALLABY J133057-211755,NGC5044,2,77.06142735580586,,8.732308669069818,1.224050788221525,True,False
WALLABY J133057-212143,NGC5044,2,84.50541151682118,,9.0569429471131,1.1867592640951992,False,False
WALLABY J133058-215044,NGC5044,2,105.10880252958917,,10.171057535654853,2.67252411424852,True,False
WALLABY J133058-231656,NGC5044,2,132.74065095829616,,9.463016892872437,1.0918168200608638,True,False
WALLABY J133059-160809,NGC5044,2,234.61076092464236,10.153504058878779,9.83962365581754,1.2993908515645436,True,True
WALLABY J133059-224147,NGC5044,2,106.72810446584559,,9.465965708332742,1.195994497242471,False,False
WALLABY J133100-173451,NGC5044,2,349.2813756020201,,9.972924009319351,0.816405558757619,False,False
WALLABY J133102-211704,NGC5044,2,84.04452701575835,,8.942914352631195,0.8760337739261116,False,False
WALLABY J133102-211852,NGC5044,2,81.00224898886506,,9.10164060190966,0.985858126778283,False,False
WALLABY J133103-150604,NGC5044,2,60.29428722208744,,9.796746937296533,2.247683833162236,False,False
WALLABY J133103-160750,NGC5044,2,83.58869213874752,,9.768806586604306,2.674489352105034,False,False
WALLABY J133104-212509,NGC5044,2,80.18237025760354,,9.164112532679702,1.2281490575762741,False,False
WALLABY J133105-223647,NGC5044,2,131.91909222643895,,9.444640461424278,1.6066808220415947,False,False
WALLABY J133106-233722,NGC5044,2,186.23388242008588,,10.120705411373228,1.476819695650151,False,False
WALLABY J133107-190909,NGC5044,2,232.33708764704727,,10.14833625777632,1.6305744702561094,True,False
WALLABY J133108-164842,NGC5044,2,103.73842888500118,9.724013176461087,9.089257478432353,1.0807332562596659,True,True
WALLABY J133108-202916,NGC5044,2,96.43753703168974,,9.809280329205643,3.3179139730378457,True,False
WALLABY J133113-220341,NGC5044,2,132.37071531448345,10.023774228536688,9.873817999159684,1.4911396190541968,True,True
WALLABY J133115-250859,NGC5044,2,113.85772575178652,10.092797087777205,10.199405541756581,2.646888660664188,True,True
WALLABY J133117-152046,NGC5044,2,147.2157066306073,,9.662343470140005,1.3841237816565353,True,False
WALLABY J133117-211744,NGC5044,2,77.19092849872916,,9.119633879209037,1.6322878176127216,False,False
WALLABY J133120-231334,NGC5044,2,107.75684699440376,,9.389053998982135,1.3160811570677775,False,False
WALLABY J133122-150652,NGC5044,2,61.809407917413644,,9.3730188876401,1.845949210239932,False,False
WALLABY J133123-211457,NGC5044,2,79.84891134076692,,9.462846743496751,1.6575982399201865,False,False
WALLABY J133126-211009,NGC5044,2,76.77113638465612,,9.59802079664151,1.5759671244223048,False,False
WALLABY J133126-232824,NGC5044,2,129.58409215861317,,9.500300142357565,1.0642422446853843,False,False
WALLABY J133128-184541,NGC5044,2,83.1114587274952,,9.31708248750946,1.2207343898820977,False,False
WALLABY J133128-212511,NGC5044,2,36.579316887561966,,8.507920095603085,1.4910115679088258,True,False
WALLABY J133129-244032,NGC5044,2,148.90705996922978,,10.019838337946528,1.4384963962325008,False,False
WALLABY J133134-240142,NGC5044,2,110.23474485751784,8.859968861455865,9.393289640990721,1.365500660550752,True,True
WALLABY J133138-232047,NGC5044,2,107.2822807708172,9.542127434826815,10.049071007986301,1.662901000294085,True,True
WALLABY J133138-233834,NGC5044,2,141.8903692069927,,9.546226547908264,1.4606628988758932,False,False
WALLABY J133139-212053,NGC5044,2,78.83514166524132,,8.904320440928352,1.0756216469571636,False,False
WALLABY J133140-190616,NGC5044,2,82.35741476205139,,8.835343494991383,1.396508778313217,True,False
WALLABY J133141-173508,NGC5044,2,103.56066843951308,6.35686304500497,9.16272651755082,0.9941398296532544,True,True
WALLABY J133141-190837,NGC5044,2,82.03114462955645,,9.293093663534012,1.245606252171852,False,False
WALLABY J133141-231608,NGC5044,2,131.41434926897264,8.639071409486572,9.332853085367402,1.181181643341303,True,True
WALLABY J133150-212650,NGC5044,2,79.87313180140401,,9.051722449513413,1.2941930051336707,False,False
WALLABY J133151-173014,NGC5044,2,199.07813806219286,9.299482690618937,9.815873646007256,2.027183422974558,True,True
WALLABY J133152-235603,NGC5044,2,106.67277857277726,9.23671348853955,9.211880857127008,1.3400772805984889,True,True
WALLABY J133153-240241,NGC5044,2,67.60304658609498,,9.254271322819633,1.2742276944158193,False,False
WALLABY J133154-212445,NGC5044,2,82.08185743473247,,9.25331450448574,1.6641543073985798,False,False
WALLABY J133158-205217,NGC5044,2,92.6993692170358,,9.289184913751768,1.1789727110146686,True,False
WALLABY J133200-231730,NGC5044,2,182.41836641148626,,10.047598151981438,1.5999229165358373,False,False
WALLABY J133206-220705,NGC5044,2,131.59509190384466,,9.315756533379023,0.8401628853295543,False,False
WALLABY J133207-184012,NGC5044,2,81.90392320583689,,9.347163711794826,1.3667937136872157,False,False
WALLABY J133207-220728,NGC5044,2,135.89568941687259,10.463831645098614,9.327450015591602,0.8807468700260369,True,True
WALLABY J133208-225710,NGC5044,2,72.22174686437458,,9.697887003319194,2.0266337076346543,False,False
WALLABY J133209-245132,NGC5044,2,111.1705063244808,,10.146316199737248,2.49099527163409,False,False
WALLABY J133210-252901,NGC5044,2,145.56040968466337,9.557503665373934,10.137287803079479,1.5473945258103856,True,True
WALLABY J133212-211202,NGC5044,2,85.72815229308263,,9.739940623162179,1.6998404114245236,True,False
WALLABY J133213-223743,NGC5044,2,129.36123808596994,,9.440289968222753,1.0766446581685858,False,False
WALLABY J133214-210542,NGC5044,2,82.92402492737544,,9.66825637004801,2.082939791201508,False,False
WALLABY J133217-164324,NGC5044,2,83.68836756799578,,8.908387845614463,1.734094947536116,False,False
WALLABY J133217-210813,NGC5044,2,85.70554110661192,,8.960222146886945,1.3486400982275035,True,False
WALLABY J133217-231924,NGC5044,2,190.90740979590078,9.74680934197647,9.91482624164984,1.191206999475146,True,True
WALLABY J133218-233549,NGC5044,2,182.3468637226873,,9.86647787178642,1.5515793495098307,False,False
WALLABY J133222-200358,NGC5044,2,24.444516627541915,,7.9549892268218345,1.136900272503041,True,False
WALLABY J133224-192120,NGC5044,2,226.01755642344284,,9.753930998990587,0.8786646295869694,True,False
WALLABY J133232-140759,NGC5044,2,229.32722872619414,,9.920412003760031,0.9067664573543913,False,False
WALLABY J133236-225242,NGC5044,2,101.46937592082675,,9.146002140888088,1.0012002579656696,False,False
WALLABY J133240-192505,NGC5044,2,78.37078115177118,,9.602153844651697,2.982400388654366,False,False
WALLABY J133240-203615,NGC5044,2,141.47358511754828,,9.58215141665894,1.100870960927767,False,False
WALLABY J133242-233015,NGC5044,2,144.6833006481411,10.84981444482678,9.388347333897771,0.9284432607542643,True,True
WALLABY J133242-252831,NGC5044,2,112.21715990230268,,10.05453170220356,1.65692827265506,False,False
WALLABY J133245-211455,NGC5044,2,76.15818610380252,,9.222738059256555,1.3215889185663616,False,False
WALLABY J133245-241711,NGC5044,2,199.66106947574943,10.783071941405739,10.193908234176206,1.3193071967171002,True,True
WALLABY J133247-222656,NGC5044,2,101.19730972702587,9.743622688336165,9.667092813550155,1.2541501785790037,True,True
WALLABY J133248-184038,NGC5044,2,229.38238418533217,,9.803264516582786,1.0342419820665643,False,False
WALLABY J133253-241226,NGC5044,2,69.54263748620647,10.876223685804163,9.633093973991484,1.7584737524234324,True,True
WALLABY J133255-154459,NGC5044,2,235.1730237539921,9.854309119096571,9.675934675927225,1.4128991768423957,True,True
WALLABY J133256-233558,NGC5044,2,109.35475190042598,,9.493351111677224,1.4289592827652748,True,False
WALLABY J133256-251035,NGC5044,2,111.48605390128583,,10.004101105228077,2.99898495710116,False,False
WALLABY J133300-224718,NGC5044,2,179.90351931944934,8.964093183354532,9.589718818444137,0.9863513379697713,True,True
WALLABY J133301-161437,NGC5044,2,103.65929523496679,10.673703145792981,9.587236149643305,1.4661921500872699,True,True
WALLABY J133304-215852,NGC5044,2,84.17715639566063,,9.461549505078093,1.4130014853707544,False,False
WALLABY J133304-241753,NGC5044,2,268.62216035131047,,9.887418035296756,1.2062817524175768,True,False
WALLABY J133308-233234,NGC5044,2,146.6502195603129,10.622974858073853,10.047229957280335,1.3497499683084755,True,True
WALLABY J133310-240706,NGC5044,2,68.29855570326035,,9.547097389531,1.7162633863579582,False,False
WALLABY J133314-160715,NGC5044,2,87.8021034421503,,10.274757579616274,3.9913227254285504,True,False
WALLABY J133318-210547,NGC5044,2,83.61838517758902,,9.013948330049558,1.391922380311202,False,False
WALLABY J133319-183129,NGC5044,2,352.26910676278743,,10.116015478196044,0.943324819604355,True,False
WALLABY J133321-231451,NGC5044,2,184.83640377345986,9.579836366026594,10.047480558360325,1.2469063081571043,True,True
WALLABY J133325-220257,NGC5044,2,100.19275409138656,,9.437608143974355,1.4995046504764977,True,False
WALLABY J133328-205305,NGC5044,2,128.1589359576503,,9.610082731130992,1.6942935474185927,True,False
WALLABY J133329-211151,NGC5044,2,101.52877056047457,,9.914518132886048,2.265554667858614,False,False
WALLABY J133336-174246,NGC5044,2,207.1164236569335,,9.429506992825857,0.7890272685113258,False,False
WALLABY J133337-144806,NGC5044,2,147.66176068686437,,9.90580946360293,1.4045699222065577,False,False
WALLABY J133339-160930,NGC5044,2,209.48504717417842,,9.963181645767499,1.212117378990014,False,False
WALLABY J133348-244525,NGC5044,2,66.2025206988564,,9.814954845950671,2.255695424146014,False,False
WALLABY J133351-224126,NGC5044,2,189.6242861898531,10.595052260752539,9.760518784155828,1.0610030340021521,True,True
WALLABY J133402-144915,NGC5044,2,294.68464009089985,,10.311945732973602,1.461670955493007,True,False
WALLABY J133404-173739,NGC5044,2,207.87738066557532,,10.226083816986971,1.7069598087595814,False,False
WALLABY J133404-205326,NGC5044,2,183.96727349960634,,9.917525440175814,1.032587351033627,False,False
WALLABY J133409-203829,NGC5044,2,81.04976089464274,,9.105214850090526,1.2455657298818357,False,False
WALLABY J133413-225449,NGC5044,2,184.42584801732528,10.169785447776874,9.878166688699043,1.1922258402873627,True,True
WALLABY J133416-194756,NGC5044,2,228.39090200087287,,10.120654532415946,2.356144198312668,False,False
WALLABY J133418-245545,NGC5044,2,68.23608054510721,,9.081628267726874,1.102713416529126,False,False
WALLABY J133422-161951,NGC5044,2,62.60617510962715,,8.427580347265232,0.8965219422268212,False,False
WALLABY J133422-234348,NGC5044,2,145.8121872528499,9.450590909837516,9.548364354067061,1.1256765308731438,True,True
WALLABY J133423-154937,NGC5044,2,61.29934767481868,,8.990223012774011,1.2147726713557119,False,False
WALLABY J133424-141834,NGC5044,2,94.92103271232027,8.194075378674345,9.134740524769434,1.3357292232561697,True,True
WALLABY J133425-153304,NGC5044,2,218.73271461742374,,9.855799960257855,1.5737428354638179,False,False
WALLABY J133431-211305,NGC5044,2,183.78700001998354,,9.541972066581561,1.1158576854317956,False,False
WALLABY J133431-221037,NGC5044,2,101.41674583610902,,9.124860009112384,1.0500531689188688,False,False
WALLABY J133434-245325,NGC5044,2,144.51213618128074,,9.707792321045261,1.0059950547399974,False,False
WALLABY J133437-211108,NGC5044,2,223.64294658100889,9.567741666892166,9.763286332954936,1.283665505825598,True,True
WALLABY J133439-154115,NGC5044,2,217.90957833426847,,9.798958799170565,1.4762211973178803,True,False
WALLABY J133439-234044,NGC5044,2,37.090867655158355,,9.208407766561606,1.7796610484106978,False,False
WALLABY J133440-232652,NGC5044,2,146.9148382917326,,9.545451816635532,1.1370924221841916,False,False
WALLABY J133440-234722,NGC5044,2,111.4226978068618,10.553126354843602,10.022037827848465,2.438999423039938,True,True
WALLABY J133441-191736,NGC5044,2,133.2621250584832,,9.253454321008201,0.8371386589851613,False,False
WALLABY J133446-182427,NGC5044,2,231.36442327292102,,9.86445227667789,1.3870672818485512,False,False
WALLABY J133446-224630,NGC5044,2,115.93629871524375,,9.35800216099431,0.9334844703833403,False,False
WALLABY J133446-233550,NGC5044,2,154.37777176527925,,9.357020618315047,0.7849564897348505,False,False
WALLABY J133452-175929,NGC5044,2,294.53532543864634,10.095184561432147,10.053959954109928,1.1191896796442804,True,True
WALLABY J133457-234236,NGC5044,2,145.71048667263142,,9.795998441208665,1.2798026823331,False,False
WALLABY J133458-235846,NGC5044,2,160.93174074276888,,9.481749955488183,1.300108454309712,True,False
WALLABY J133502-221122,NGC5044,2,182.4076935926827,,9.730015990427182,1.471789160842674,False,False
WALLABY J133505-155156,NGC5044,2,144.50418050106313,,9.795645565682216,1.7820801263681667,False,False
WALLABY J133506-154918,NGC5044,2,146.5123903518441,,9.5089038681165,1.2501301897999424,False,False
WALLABY J133506-233309,NGC5044,2,147.422886503573,9.315544466953465,9.294798040028157,1.1591575918803112,True,True
WALLABY J133511-223024,NGC5044,2,71.7287088901806,,9.032741967701355,0.979534243621508,False,False
WALLABY J133513-214851,NGC5044,2,88.50005965128403,,9.579853319007219,3.642636390232604,False,False
WALLABY J133516-223211,NGC5044,2,114.08406987436626,,9.908507168248263,1.3380054635324032,False,False
WALLABY J133521-145344,NGC5044,2,207.76073739174075,,9.71509606397356,0.8691062572151107,True,False
WALLABY J133522-223319,NGC5044,2,183.7122573849841,9.90440708465526,9.572943051590721,1.1274998666734084,True,True
WALLABY J133522-225937,NGC5044,2,35.91729925901158,,8.974376665127632,1.7623913649897478,False,False
WALLABY J133522-232056,NGC5044,2,113.3220435914611,9.38066050114849,9.506719206079824,1.2039336296854575,True,True
WALLABY J133523-170107,NGC5044,2,211.75527412634312,,9.409383432827005,0.848300616083228,False,False
WALLABY J133523-230609,NGC5044,2,113.12272101714889,9.389986563700456,9.48537761548331,1.2676480318496874,True,True
WALLABY J133526-145103,NGC5044,2,91.24803883806692,,9.521240923918171,1.3165591698541708,False,False
WALLABY J133530-225209,NGC5044,2,116.64748295559761,,9.664164643889006,1.305058434206796,False,False
WALLABY J133530-242103,NGC5044,2,110.08659706016071,,9.98947560866597,1.748018197670349,False,False
WALLABY J133533-225159,NGC5044,2,120.1080226897649,,9.43046935843584,1.149528511047626,False,False
WALLABY J133535-212716,NGC5044,2,80.79391302985911,,9.162644043092564,1.2003039414760763,False,False
WALLABY J133537-232753,NGC5044,2,216.3475485742391,,10.039845639768476,1.60250993965207,False,False
WALLABY J133538-231852,NGC5044,2,149.67119584889576,,9.604329306550788,1.223333448003668,False,False
WALLABY J133540-163840,NGC5044,2,18.871149109983556,,7.857612808300135,1.4153097239561365,False,False
WALLABY J133540-251206,NGC5044,2,145.50869570972247,10.235137821334739,10.0477669771786,1.4540060536948796,True,True
WALLABY J133541-170015,NGC5044,2,181.20544786523033,,9.388378686242962,0.8907359739614431,False,False
WALLABY J133541-240428,NGC5044,2,36.57606049055187,,9.397450768851188,2.463427330489174,False,False
WALLABY J133543-174712,NGC5044,2,209.31833799486216,9.754538209993243,9.974527239041384,1.1906376310924365,True,True
WALLABY J133545-231543,NGC5044,2,75.14984291956267,10.001765319231572,9.43069311280568,1.6020267039273173,True,True
WALLABY J133553-204426,NGC5044,2,22.847334426922178,,8.084025953697498,1.6831108889253834,False,False
WALLABY J133556-153510,NGC5044,2,333.6576250752948,,9.801777836459248,1.2000545705286503,True,False
WALLABY J133556-241859,NGC5044,2,277.4136477031555,10.114507358435056,10.125802116386863,1.6285078378852043,True,True
WALLABY J133557-215713,NGC5044,2,183.62671168427565,,9.925652238091283,1.5843379338272598,False,False
WALLABY J133557-234115,NGC5044,2,162.86023988276756,,9.599353784987088,1.2690059712655761,False,False
WALLABY J133558-163414,NGC5044,2,60.32753189712073,,8.760012484203155,0.9758938590774742,False,False
WALLABY J133559-221607,NGC5044,2,126.06519547047453,,9.406266117790988,1.1417290716275534,False,False
WALLABY J133600-205437,NGC5044,2,194.60946367235664,10.281052994332239,10.387075947509556,1.6128527337364087,True,True
WALLABY J133600-235517,NGC5044,2,37.21024907314268,,8.77881460093345,1.2580132369208177,False,False
WALLABY J133601-171551,NGC5044,2,215.4792625032762,,9.766053277019823,0.9934878474833926,False,False
WALLABY J133604-195904,NGC5044,2,95.41179432618985,,8.984390083837203,1.3079210698447892,True,False
WALLABY J133605-145402,NGC5044,2,92.51503614339197,,9.811397110745336,1.5509654976425549,False,False
WALLABY J133605-202342,NGC5044,2,185.29812866879863,,9.651352723640215,1.1905644155483344,False,False
WALLABY J133607-222504,NGC5044,2,126.59485798263972,10.009278885634028,9.575225755039465,1.224404243251345,True,True
WALLABY J133609-200251,NGC5044,2,194.87572805331172,,9.592436616786749,1.1178818620757407,True,False
WALLABY J133610-220440,NGC5044,2,129.55140414254262,,9.414239889126435,1.3725870386241263,False,False
WALLABY J133610-223112,NGC5044,2,121.08956823559622,,9.887779157401914,2.2122622300253303,False,False
WALLABY J133610-234710,NGC5044,2,162.4716203100637,,10.302418571107214,2.258297121699294,False,False
WALLABY J133611-234050,NGC5044,2,166.1859200569923,10.411478762174035,10.117969354852645,1.7436622612715749,True,True
WALLABY J133613-205108,NGC5044,2,81.28025161352653,,9.124360295421491,1.2001022271882023,False,False
WALLABY J133617-172451,NGC5044,2,216.33571453300087,,9.903016597850158,1.103765718046199,False,False
WALLABY J133621-200033,NGC5044,2,224.45374189587315,,9.633402806110507,1.1179770739315302,False,False
WALLABY J133624-165744,NGC5044,2,181.74152420352115,9.988664526224632,9.49076517475936,1.0023985184641302,True,True
WALLABY J133627-171544,NGC5044,2,169.40760174314983,10.914854362663313,9.561682343910938,1.0820183791699582,True,True
WALLABY J133627-224910,NGC5044,2,100.69819464101376,8.968221689044466,9.406261469231774,1.5685995695730504,True,True
WALLABY J133629-163858,NGC5044,2,204.51566555842643,10.735704450941116,9.92218414835546,1.0567994070588682,True,True
WALLABY J133633-224238,NGC5044,2,98.71641846638747,,8.709137231066844,0.7559510393891167,False,False
WALLABY J133636-182418,NGC5044,2,170.132245249362,,10.109376157646158,1.6165116555280232,False,False
WALLABY J133637-201456,NGC5044,2,140.6108731007918,,9.50098756735753,1.264289131493988,False,False
WALLABY J133639-153513,NGC5044,2,230.46665850260848,,10.09965504532478,1.186947902245073,False,False
WALLABY J133639-234202,NGC5044,2,174.61799515288365,,9.5267159975246,0.7938833980198282,False,False
WALLABY J133643-201220,NGC5044,2,197.2287316692734,8.874076595205278,9.729080151202952,1.1457908585913745,True,True
WALLABY J133646-240632,NGC5044,2,131.47140194714453,,9.875836853613853,1.3427931284185228,False,False
WALLABY J133652-205552,NGC5044,2,137.92778567864733,,9.690557909327376,1.2486146190125702,False,False
WALLABY J133658-203244,NGC5044,2,129.04646695970942,,9.91391411790585,1.6820712321486895,False,False
WALLABY J133659-153212,NGC5044,2,93.04720055100866,,9.13083094080634,1.01421313530841,False,False
WALLABY J133659-173451,NGC5044,2,165.90937276045167,,9.409234374634263,1.0564649914640445,False,False
WALLABY J133701-155704,NGC5044,2,61.31976548171114,,8.61752763495634,1.0869230644670507,False,False
WALLABY J133701-244552,NGC5044,2,74.5545815520486,,9.400531649631523,1.837660408654808,False,False
WALLABY J133702-175223,NGC5044,2,183.10175875032814,,9.973530488757595,2.121017755360064,True,False
WALLABY J133702-205515,NGC5044,2,110.19705237862722,9.694714733301852,9.55430675601966,1.2441830671432252,True,True
WALLABY J133708-171154,NGC5044,2,167.39135020847198,,9.9441812483608,1.378823035248438,False,False
WALLABY J133708-203705,NGC5044,2,320.8357024086551,10.10851834642908,9.930458558297559,1.3743481137424345,True,True
WALLABY J133711-175505,NGC5044,2,183.81842112627342,,9.462147515802132,0.8824636242555359,False,False
WALLABY J133711-184457,NGC5044,2,169.81616557494536,,9.933918924345482,1.1664679323378055,False,False
WALLABY J133713-153712,NGC5044,2,61.002644534894976,,8.703437457263533,1.6825135022617559,False,False
WALLABY J133715-222946,NGC5044,2,81.2217676154297,,9.496469765467074,1.2592051459903473,False,False
WALLABY J133716-150451,NGC5044,2,94.03062287326205,,9.51051774509102,1.8288972250323858,False,False
WALLABY J133717-174332,NGC5044,2,296.2129550907728,,10.013115504283533,1.5335326203069248,False,False
WALLABY J133717-200343,NGC5044,2,198.95432440643103,,9.6702185785805,1.2513074192788491,True,False
WALLABY J133718-194336,NGC5044,2,185.650088569165,,9.968979514652432,1.2836732611620902,True,False
WALLABY J133720-200032,NGC5044,2,198.94439345340913,,9.701630149344952,1.5390333159665948,True,False
WALLABY J133722-195652,NGC5044,2,129.7997558304772,,9.436486338956893,1.1749283980943581,False,False
WALLABY J133725-150627,NGC5044,2,114.37665624160938,,9.209245323822508,1.115740276526862,False,False
WALLABY J133725-155412,NGC5044,2,210.53048053941492,9.972370873406149,9.61483813639455,0.9941551811709981,True,True
WALLABY J133727-223204,NGC5044,2,130.25803539906056,10.223153034984435,10.028974672139826,3.2446199003425784,True,True
WALLABY J133735-163755,NGC5044,2,203.98004584695911,11.17520000379606,10.158618395618147,1.6103786621587752,True,True
WALLABY J133735-211259,NGC5044,2,224.41316611271958,,10.085336726907256,1.2132864610544187,False,False
WALLABY J133735-232851,NGC5044,2,185.89684025767497,,9.561958105187855,1.5930956160053324,False,False
WALLABY J133736-185135,NGC5044,2,110.52601765407458,,9.20928842101946,1.1382163034838135,True,False
WALLABY J133737-234516,NGC5044,2,132.47993775873863,,9.56261109080374,1.3223749372299491,True,False
WALLABY J133739-213902,NGC5044,2,180.07940577656683,9.58017655608912,9.730404560930399,1.2991817242804593,True,True
WALLABY J133741-150605,NGC5044,2,114.05083140098114,,10.142169673480055,2.6584469135178557,False,False
WALLABY J133744-144639,NGC5044,2,154.30247442387287,,9.874706402538862,1.5927333528152456,False,False
WALLABY J133747-175606,NGC5044,2,19.783546634867157,,7.782965776722223,3.69457879152885,True,False
WALLABY J133752-204640,NGC5044,2,134.07003200293374,,9.759198675357425,1.238301768158048,False,False
WALLABY J133756-182406,NGC5044,2,156.71403785169602,,9.741932435402644,0.9535180872272327,False,False
WALLABY J133756-240727,NGC5044,2,130.46683080193915,10.829359771740544,9.949877962251096,2.076411087822438,True,True
WALLABY J133801-211734,NGC5044,2,177.77058001656755,,9.909121076085198,2.169983454563726,False,False
WALLABY J133801-225524,NGC5044,2,99.5520049609908,10.586804521875456,9.978353592173994,2.85476688228686,True,True
WALLABY J133802-175254,NGC5044,2,19.356809133643484,,9.679316640712184,6.283777467110558,False,False
WALLABY J133806-205136,NGC5044,2,172.96025214567945,,9.822264277388266,1.2425211019556945,False,False
WALLABY J133809-152425,NGC5044,2,57.36945344041916,,8.851519526268786,1.2675334339128332,False,False
WALLABY J133809-195322,NGC5044,2,227.06970263526122,,10.332464673080679,1.4013527993335673,False,False
WALLABY J133809-241011,NGC5044,2,98.25792630255326,8.537148116072677,9.21464071424808,0.9880810231991612,True,True
WALLABY J133811-204047,NGC5044,2,184.55509412287827,,10.477452147331961,1.7349262652435153,False,False
WALLABY J133815-172755,NGC5044,2,61.43895311055261,,8.992635863915313,1.0322004937859313,False,False
WALLABY J133815-211811,NGC5044,2,184.17444996449092,,10.206994405443238,1.6960004369061807,False,False
WALLABY J133815-212023,NGC5044,2,140.37520211103134,,9.615832587121425,1.0544120258384608,False,False
WALLABY J133818-233325,NGC5044,2,165.46834296150058,9.494467958550294,9.687408519009765,1.183925211863784,True,True
WALLABY J133819-180033,NGC5044,2,198.8553609433354,,9.747304049751104,0.9035162105250045,False,False
WALLABY J133819-203750,NGC5044,2,227.33246832274153,9.893245778387149,10.028530088654414,1.3218859800256348,True,True
WALLABY J133821-225200,NGC5044,2,130.48286723898923,,9.557743906639761,1.307500655495096,False,False
WALLABY J133822-195211,NGC5044,2,235.4763453061309,,9.77758547646103,1.065314211064912,True,False
WALLABY J133823-202709,NGC5044,2,25.594762995984237,,8.094295240610448,1.4135954977903988,False,False
WALLABY J133825-165250,NGC5044,2,194.45743438234504,,9.795121106699744,0.9463323191845475,False,False
WALLABY J133825-214905,NGC5044,2,83.65291634381082,,9.819206929853522,1.8480731614052661,False,False
WALLABY J133830-174448,NGC5044,2,183.8814493376071,,9.426041160448474,0.8088470046052096,False,False
WALLABY J133832-200024,NGC5044,2,234.58724111860326,,9.772611729319475,0.9072611579162444,True,False
WALLABY J133834-174954,NGC5044,2,181.38204781980028,,10.056261521085624,2.024869479733168,True,False
WALLABY J133836-202908,NGC5044,2,9.410998821070258,,7.6807716956784855,2.311186118615698,False,False
WALLABY J133837-240848,NGC5044,2,78.06319688004267,,9.507822996087603,1.066185183554371,False,False
WALLABY J133840-135814,NGC5044,2,212.46844007135627,,10.016039401735473,1.3547671108868546,True,False
WALLABY J133841-182702,NGC5044,2,145.18165669767183,,9.33698766386161,0.8974561000730359,True,False
WALLABY J133841-202243,NGC5044,2,183.91752319284214,9.395085748585522,10.084904362690182,1.509772345387973,True,True
WALLABY J133841-225918,NGC5044,2,81.58310610227343,,8.981613966342536,1.1109290018238023,False,False
WALLABY J133842-214839,NGC5044,2,82.67144302377066,,9.699576351656411,1.4679356793734786,False,False
WALLABY J133842-222443,NGC5044,2,145.99290349465747,,9.3073317129644,0.807539364284516,False,False
WALLABY J133844-153815,NGC5044,2,212.0816054006549,,10.194593093078064,1.391203499006283,True,False
WALLABY J133845-243304,NGC5044,2,239.963157945208,10.409127310696471,9.969938513829227,1.5946552073382274,True,True
WALLABY J133851-165026,NGC5044,2,194.16475975451257,,9.780915609027943,1.2920839637310997,True,False
WALLABY J133854-190117,NGC5044,2,134.10892054618475,,9.417391358722801,1.0063420035358217,False,False
WALLABY J133900-160039,NGC5044,2,30.611549748665247,,7.972267568267406,1.306363808854195,True,False
WALLABY J133902-204211,NGC5044,2,326.78967493024584,10.604659491034866,10.080906366397615,1.262549924822682,True,True
WALLABY J133903-211446,NGC5044,2,143.1218350787411,,9.541784885489388,1.2816853841920197,False,False
WALLABY J133904-240956,NGC5044,2,134.5457982468069,9.935468129345841,9.905275772486922,1.558303975815554,True,True
WALLABY J133905-201720,NGC5044,2,135.84678419397343,,9.525682980806824,1.1783896123775148,False,False
WALLABY J133910-174532,NGC5044,2,185.09461757616364,,9.584354627562806,0.8838946851707954,False,False
WALLABY J133912-153835,NGC5044,2,165.78534366935568,,9.876708984230929,1.7666251443526444,False,False
WALLABY J133916-181515,NGC5044,2,145.40683834103197,,9.680702103886222,1.2334782941275548,True,False
WALLABY J133917-181144,NGC5044,2,199.8693916325891,,9.523995662678786,1.0540600324796767,False,False
WALLABY J133924-151331,NGC5044,2,116.47190409792427,,9.362996603412812,1.3095969499921238,False,False
WALLABY J133925-155322,NGC5044,2,185.33325802849177,,9.822717371757326,1.0733057393087058,False,False
WALLABY J133925-191308,NGC5044,2,20.84121265124678,,7.872068368953335,1.1876843805696597,False,False
WALLABY J133929-192931,NGC5044,2,135.85497253886882,,10.118254246939276,2.970368641163562,False,False
WALLABY J133931-181852,NGC5044,2,183.41208171599905,,9.573617518716008,1.700825371317246,True,False
WALLABY J133933-145203,NGC5044,2,155.94029111692748,9.328013950072098,9.544009757139403,0.9411052745461671,True,True
WALLABY J133933-222957,NGC5044,2,99.97102865101009,10.376050188066882,9.901283665112304,2.121625558358212,True,True
WALLABY J133939-234522,NGC5044,2,167.49780367654307,11.005485341583958,9.744874596101193,1.2256074239695265,True,True
WALLABY J133940-171258,NGC5044,2,148.855735729995,,9.597412168148669,1.509775260134862,False,False
WALLABY J133942-250143,NGC5044,2,185.30000078901222,9.756390694907019,10.104410143567522,1.6539653617597527,True,True
WALLABY J133944-165003,NGC5044,2,186.31940166126148,,9.798281409405348,1.0734548126154633,False,False
WALLABY J133949-220132,NGC5044,2,83.37706294013802,,9.863458438743093,1.6506570863243983,False,False
WALLABY J133949-221815,NGC5044,2,81.91417591094694,,9.783879765480625,1.8184095436831555,False,False
WALLABY J133950-163125,NGC5044,2,192.87793531223718,,9.790764575688414,1.2072793317587587,True,False
WALLABY J133950-195837,NGC5044,2,172.6572709947759,,9.933350274697126,1.482528955029718,True,False
WALLABY J133951-233716,NGC5044,2,169.85718274759947,,9.753587134500185,0.9408130496107081,True,False
WALLABY J133953-182902,NGC5044,2,232.75933512153446,,10.279578307914251,1.1869603281247827,False,False
WALLABY J134002-252831,NGC5044,2,73.47555811624738,10.065967658684444,9.979686303904312,2.035444796443632,True,True
WALLABY J134004-235850,NGC5044,2,281.7383785468995,9.717242252069289,10.197866994842622,1.3809601398734996,True,True
WALLABY J134006-195923,NGC5044,2,177.39426390582062,,9.676070498144947,1.0115268315938897,False,False
WALLABY J134008-190909,NGC5044,2,209.72720565069855,,9.398129275232174,0.8220949736207193,False,False
WALLABY J134015-153211,NGC5044,2,166.07965893502765,9.539353266115352,9.511280083822154,1.115943535168824,True,True
WALLABY J134017-200502,NGC5044,2,167.5316348465526,,9.80805232991308,1.3209757078489834,True,False
WALLABY J134018-200556,NGC5044,2,172.88733535991727,,10.068771993002768,1.763909815654813,True,False
WALLABY J134018-200615,NGC5044,2,174.58670732326604,,9.738610532958397,1.2337396334460058,False,False
WALLABY J134018-211518,NGC5044,2,181.21220770147852,10.443039060559414,9.94557581705498,1.3417790107031897,True,True
WALLABY J134019-235122,NGC5044,2,92.99213648933171,10.882034929562709,10.068805937830746,2.276655393932654,True,True
WALLABY J134020-222109,NGC5044,2,83.0295064801224,,9.017020562066493,1.4551343111135833,False,False
WALLABY J134024-233429,NGC5044,2,160.5498322371442,8.763027185161324,9.467978506313308,1.0689017949853876,True,True
WALLABY J134026-235514,NGC5044,2,282.04843266745746,,10.698838347893275,1.7229976722924203,False,False
WALLABY J134027-234458,NGC5044,2,283.93022297038664,,9.906571960833661,1.1775049438602068,False,False
WALLABY J134028-151237,NGC5044,2,185.80860106765795,,9.876436489082954,1.220841359107483,False,False
WALLABY J134029-234529,NGC5044,2,277.69580785665664,,9.89217274114486,1.0922328442166493,False,False
WALLABY J134030-172613,NGC5044,2,259.05270138000884,,10.275722590001333,1.540923585812657,True,False
WALLABY J134032-210112,NGC5044,2,328.44622538034275,,9.856519862424781,0.9963991235945739,False,False
WALLABY J134034-183340,NGC5044,2,185.08005272848604,,9.535941940156468,0.8674606159292646,True,False
WALLABY J134034-215548,NGC5044,2,142.06132575408378,,10.195562611533314,1.9173144790905923,False,False
WALLABY J134042-173330,NGC5044,2,210.79315502145232,,10.307314961217811,3.2600851117399117,False,False
WALLABY J134042-210217,NGC5044,2,187.49727400497753,,9.712898023877324,1.076304518393044,False,False
WALLABY J134045-211913,NGC5044,2,138.705959087898,9.200910648046298,9.575024623800935,1.3786648483561872,True,True
WALLABY J134053-184433,NGC5044,2,111.55059687336663,,9.464245792994191,1.3993164190296303,False,False
WALLABY J134054-194402,NGC5044,2,207.6542750735664,,9.989098236355098,0.9791754486777519,False,False
WALLABY J134056-233626,NGC5044,2,160.44027288272719,10.135318398310849,9.842738781811791,1.3172224270154753,True,True
WALLABY J134059-191452,NGC5044,2,111.40281262179938,,9.320370063639519,1.5639493571809227,True,False
WALLABY J134102-231256,NGC5044,2,99.84830156529416,,10.063098839380554,1.9920104810982402,False,False
WALLABY J134103-181309,NGC5044,2,236.6041009579969,,10.005608486310788,1.1522158206235877,False,False
WALLABY J134112-233409,NGC5044,2,181.59432987601045,,9.678598927671183,0.9897159254528274,False,False
WALLABY J134115-145751,NGC5044,2,233.8385755943171,9.597910492681551,10.093365552966878,1.5629188211642029,True,True
WALLABY J134120-181446,NGC5044,2,334.0903826425226,,9.77666770613651,0.784695699429213,False,False
WALLABY J134123-164916,NGC5044,2,368.4261153525661,,10.252135551026509,1.463338768095005,True,False
WALLABY J134123-191204,NGC5044,2,166.71720916192473,,9.528074286238574,1.0070795818856713,False,False
WALLABY J134126-174706,NGC5044,2,207.60662387777862,,9.690772686083875,0.936128530975469,False,False
WALLABY J134126-191407,NGC5044,2,101.38027998329095,,9.150968092751699,1.3703631181344549,False,False
WALLABY J134126-203030,NGC5044,2,101.290361106156,,9.389754204748789,1.0669052739617455,False,False
WALLABY J134128-192219,NGC5044,2,110.48220687887472,10.065693550487802,9.901180560656544,1.4963035104850486,True,True
WALLABY J134129-134624,NGC5044,2,363.8857588624001,,10.309551912550008,0.8980273118674573,False,False
WALLABY J134129-155821,NGC5044,2,108.90243800321802,,9.398063149567564,1.1384925766745853,False,False
WALLABY J134138-155809,NGC5044,2,231.40738089769533,,9.859362070096974,0.9986021031769917,True,False
WALLABY J134143-183508,NGC5044,2,211.67567636217245,10.569052691281449,9.838362540257954,1.2559772852130486,True,True
WALLABY J134145-191825,NGC5044,2,232.63489090820062,10.52557233349903,10.13432271892294,1.458272103347551,True,True
WALLABY J134146-240828,NGC5044,2,93.95748577182897,,9.572064253672126,1.3294053873156702,False,False
WALLABY J134147-233627,NGC5044,2,160.7709293180284,,10.294106052226502,1.9009521298195753,False,False
WALLABY J134150-175703,NGC5044,2,238.36226341039568,10.361758313634818,9.74373340741968,0.8433233531547704,True,True
WALLABY J134150-180435,NGC5044,2,142.8620953616075,,9.490347614439935,0.9786688340767954,False,False
WALLABY J134152-183716,NGC5044,2,235.0549398738958,,9.7487930256053,1.0031526763163394,False,False
WALLABY J134152-233157,NGC5044,2,334.23024758940863,,10.517158856671836,1.3250092094762294,False,False
WALLABY J134155-204254,NGC5044,2,233.9703088895147,,10.010575325197964,1.015709272344072,False,False
WALLABY J134201-221411,NGC5044,2,211.4449806828276,9.615869059587117,9.906980471314114,1.1403300541709944,True,True
WALLABY J134207-214746,NGC5044,2,127.71474884187607,,9.097666479694036,1.2567182740540965,False,False
WALLABY J134211-151930,NGC5044,2,231.4643145123068,,9.820248836650102,0.9852138550414736,False,False
WALLABY J134219-211125,NGC5044,2,235.172198588489,9.215611799498317,9.87075582453458,1.2760917136789391,True,True
WALLABY J134221-150432,NGC5044,2,290.61584533920995,10.35589839117615,10.090522920822407,1.2402979323825332,True,True
WALLABY J134223-203030,NGC5044,2,107.81412679674311,,9.323890146492692,1.3999118782275264,False,False
WALLABY J134227-152601,NGC5044,2,233.017611193649,,10.043246685325235,1.1298580974653556,False,False
WALLABY J134230-171445,NGC5044,2,92.05247248903241,,9.21072798237848,1.3949889235009656,True,False
WALLABY J134233-194620,NGC5044,2,224.05067946069647,,10.171756593615326,1.2881348742694843,False,False
WALLABY J134233-200414,NGC5044,2,143.9158481137304,,9.766478527162102,1.5501531661685957,False,False
WALLABY J134237-205247,NGC5044,2,208.2284743501891,,10.189032688467352,2.002539671746632,False,False
WALLABY J134241-233218,NGC5044,2,100.41116176793865,8.661397776062763,9.358059474626288,1.2498939951434336,True,True
WALLABY J134247-193454,NGC5044,2,20.155061231095903,,8.489860974352451,1.6715567544611951,True,False
WALLABY J134248-171356,NGC5044,2,237.9989376300022,,10.057303152172613,1.3128224668879571,True,False
WALLABY J134249-182801,NGC5044,2,167.37484381637987,,9.977396640777723,1.4167092001091803,True,False
WALLABY J134250-184550,NGC5044,2,137.85683502347558,8.835920098755908,9.446344514065933,1.1221694603888195,True,True
WALLABY J134250-184928,NGC5044,2,171.5294660758203,,9.72725447998206,1.2446233835976002,True,False
WALLABY J134251-171732,NGC5044,2,239.12919179888294,,10.063236599408281,1.3050644795617101,False,False
WALLABY J134251-194244,NGC5044,2,146.80119927182304,,9.822331119728934,1.5331467296215335,False,False
WALLABY J134251-220324,NGC5044,2,84.53648059484071,,9.250787496551059,1.2384951590830007,False,False
WALLABY J134255-205424,NGC5044,2,140.17259102673918,,9.912862813673007,1.4235444233921781,False,False
WALLABY J134258-193943,NGC5044,2,143.8190563733129,,9.75854140784515,1.4440896486712116,False,False
WALLABY J134259-182447,NGC5044,2,217.5198845151311,9.22596814725333,9.413540214209466,1.3558845051820154,True,True
WALLABY J134259-182459,NGC5044,2,165.3402571193977,,9.545250379848984,1.0418013164922635,False,False
WALLABY J134303-195001,NGC5044,2,238.22875737867923,,9.749950733265809,1.0617859974633324,False,False
WALLABY J134306-193556,NGC5044,2,146.92501580037364,9.545351667132017,9.70860236846115,1.3241881513522866,True,True
WALLABY J134308-201304,NGC5044,2,137.3843634796373,,9.981969931423254,2.1610640440255002,True,False
WALLABY J134310-185010,NGC5044,2,168.01734134877324,,9.58117439922568,1.1261922024016218,False,False
WALLABY J134312-192238,NGC5044,2,152.2582623688689,,9.544027140610469,1.1778968476273008,False,False
WALLABY J134327-172004,NGC5044,2,131.33534439756312,,10.024527743701475,2.1439893709589937,False,False
WALLABY J134337-210403,NGC5044,2,180.57753564198865,,10.06321418740929,1.2496054440306403,False,False
WALLABY J134339-192202,NGC5044,2,150.16934948129264,,10.038300237227919,1.6731758573187836,False,False
WALLABY J134352-235533,NGC5044,2,96.69365127770249,,9.251234162453807,1.1905027701489335,False,False
WALLABY J134354-192105,NGC5044,2,149.13109880920666,,9.659052324123827,1.0200441140460565,False,False
WALLABY J134405-193119,NGC5044,2,140.9610933998851,,9.506314999464022,1.063312116337857,False,False
WALLABY J134414-182804,NGC5044,2,101.5324747167662,,9.438773379181747,1.0816457432832385,False,False
WALLABY J134418-223401,NGC5044,2,98.37457192913196,,9.404285127270885,1.7066257077949996,False,False
WALLABY J134437-200614,NGC5044,2,109.98805241392203,,9.402906218240169,1.2806856488219238,False,False
WALLABY J134437-235646,NGC5044,2,95.97545177765022,9.315289879413442,9.265049968140621,1.255230136990361,True,True
WALLABY J134447-230014,NGC5044,2,84.53204551662803,9.03743799765538,9.149222612494505,1.320058713922302,True,True
WALLABY J134455-201659,NGC5044,2,338.38219575943356,,9.94929662646614,0.9057124829725038,True,False
WALLABY J134456-151509,NGC5044,2,125.1926960727019,,9.810164880272803,1.3221988551988724,False,False
WALLABY J134456-200837,NGC5044,2,177.1471870128342,,9.765931807874521,1.2818323559661369,False,False
WALLABY J134501-155202,NGC5044,2,126.97793411490875,,10.076942530859753,2.191262830658636,False,False
WALLABY J134510-222447,NGC5044,2,97.91665431439962,,9.21530463000514,1.1903990323927458,True,False
WALLABY J134513-191046,NGC5044,2,142.45701096122505,,9.546655923588963,2.266123769729796,False,False
WALLABY J134514-151038,NGC5044,2,126.10914204530054,8.920000989694243,9.69160031695313,1.2234200863969542,True,True
WALLABY J134533-145830,NGC5044,2,167.8262171278096,10.791225635530244,10.457668218695247,2.055807480210798,True,True
WALLABY J134539-240853,NGC5044,2,79.8537075712871,,9.589588832725674,1.5627128367007592,False,False
WALLABY J134600-212228,NGC5044,2,86.47574285312113,,9.438940296558838,1.270181569823889,False,False
WALLABY J134603-230141,NGC5044,2,84.49836157459059,,9.164451973829635,1.0486853889401866,False,False
WALLABY J134705-163120,NGC5044,2,62.33220380240443,,9.464327120869187,1.7060663957783189,False,False
WALLABY J134710-205822,NGC5044,2,92.87113425375634,,9.744926315817965,1.8309059158383103,False,False
WALLABY J134737-201752,NGC5044,2,235.2546386106671,8.766725855269053,10.258016644377845,1.1302274391067804,True,True
WALLABY J094138-433151,Vela,2,266.71125113308165,,10.122125551965249,0.8465054066045706,False,False
WALLABY J094234-470424,Vela,2,241.9588344371806,,10.246375591961957,1.2916740953746098,True,False
WALLABY J094254-463705,Vela,2,166.37247631151877,,9.962743580687794,1.5590538802332246,True,False
WALLABY J094317-452105,Vela,2,76.1945034898035,,9.627514707410201,1.7238750048617573,False,False
WALLABY J094325-453019,Vela,2,172.52985621364712,,9.994976721545317,1.6711402379569762,True,False
WALLABY J094333-452200,Vela,2,260.18294703699104,,10.176864819772335,1.630036477524208,False,False
WALLABY J094402-445751,Vela,2,244.53079064341557,,10.22474572620654,1.7064278586618447,True,False
WALLABY J094404-462300,Vela,2,249.02787171338989,,10.101339892016334,1.762667130518227,False,False
WALLABY J094425-474959,Vela,2,173.54538296399156,,9.753989775714453,1.7265466199300779,False,False
WALLABY J094429-464515,Vela,2,246.53951345279987,,9.918187179146743,1.1107007290539894,False,False
WALLABY J094444-481857,Vela,2,292.54199322961193,,10.372197163219159,1.5902090748818984,True,False
WALLABY J094449-463217,Vela,2,162.82663639122666,,10.143046749327326,1.7116283132510763,True,False
WALLABY J094524-480828,Vela,2,12.618986431650834,,8.521672836713119,3.423719133778396,True,False
WALLABY J094530-470014,Vela,2,244.2580488737564,,10.045296876547553,0.8977374728084431,True,False
WALLABY J094533-462130,Vela,2,107.15592028701057,,9.38659353242266,1.294829296679565,False,False
WALLABY J094609-453327,Vela,2,297.58261731965604,,10.341580278733128,1.7165945362981863,False,False
WALLABY J094613-471709,Vela,2,201.23297577763753,,9.881172037686593,1.023489368335877,True,False
WALLABY J094622-463856,Vela,2,38.56733807118059,,9.758407433479919,4.4784227278097095,False,False
WALLABY J094651-444108,Vela,2,270.6319020441023,,10.077540569280297,1.4778913170311108,False,False
WALLABY J094713-444612,Vela,2,196.8949069704859,,9.728646240960863,1.5703422971077443,False,False
WALLABY J094723-431306,Vela,2,75.85626180332335,,9.19062421342049,1.3689695474901626,True,False
WALLABY J094744-454320,Vela,2,258.0579718693551,,10.180651121353348,2.002957658758668,False,False
WALLABY J094808-473113,Vela,2,276.5552978894623,,9.955711385864733,1.164390796703459,True,False
WALLABY J094811-473133,Vela,2,271.79042293495223,,10.037622386258112,1.3509459682670275,False,False
WALLABY J094814-464424,Vela,2,250.03313337156177,,9.965669458117677,1.049528259056848,False,False
WALLABY J094819-442224,Vela,2,258.9575360463258,,10.10467415293024,1.0765314935862311,True,False
WALLABY J094821-452603,Vela,2,172.89614677100082,,9.520626297199446,1.0789192947495103,False,False
WALLABY J094828-472216,Vela,2,244.0430062611554,,10.22216210206271,1.1194751862165393,True,False
WALLABY J094830-464320,Vela,2,247.84566005981847,,10.148419210375375,1.1199759948608006,False,False
WALLABY J094840-452959,Vela,2,192.1300904614795,,10.371927787141377,2.144995717033682,True,False
WALLABY J094854-462741,Vela,2,246.00909715126068,,10.188480634409677,1.2075579341316829,True,False
WALLABY J094855-435404,Vela,2,277.9745578131565,,10.223548326348908,1.1733512762806904,True,False
WALLABY J094855-474548,Vela,2,200.60129399002065,,9.726631026769883,1.0758070628875667,True,False
WALLABY J094919-475749,Vela,2,27.560238637308043,,9.636825681832978,10.773679231702223,False,False
WALLABY J094920-474006,Vela,2,248.5221267990375,,9.93243916951469,1.178453661582854,False,False
WALLABY J094924-454230,Vela,2,75.67282397764176,,9.644193261423217,2.231919724651024,False,False
WALLABY J094926-435730,Vela,2,277.77939868630693,,10.402274668644676,2.047003335940146,True,False
WALLABY J094930-475941,Vela,2,244.2937608781619,,9.868930780139197,1.2226054207369528,True,False
WALLABY J094940-454322,Vela,2,233.54364390099389,,10.471721105038917,1.5631631865854074,True,False
WALLABY J094944-471059,Vela,2,76.68423339551839,,10.021863604182158,3.039075440297314,True,False
WALLABY J094954-485521,Vela,2,24.595789803923285,,8.525198848363088,3.510483424943962,True,False
WALLABY J094959-481705,Vela,2,74.3145734553682,,9.426312546550786,1.3079782842438112,True,False
WALLABY J095019-441017,Vela,2,276.8681971615815,,9.966632016791182,1.432488699695859,True,False
WALLABY J095019-452605,Vela,2,173.39496432802747,,9.814057195735458,1.3090980083037138,True,False
WALLABY J095031-461322,Vela,2,193.4490231625191,,9.720202469386576,1.6133342574706107,False,False
WALLABY J095053-432902,Vela,2,38.52811419059513,,8.662723471503577,1.4306270488852075,False,False
WALLABY J095101-451536,Vela,2,161.14231557155583,,9.518671870019768,0.8607487611907109,False,False
WALLABY J095126-452831,Vela,2,173.1042936742638,,10.046240908774758,1.3402907859155064,True,False
WALLABY J095131-440121,Vela,2,186.8902789270424,,10.135754518644656,1.7405589730655808,True,False
WALLABY J095159-443357,Vela,2,275.6105492285777,,9.837131036842393,1.2733885880049425,False,False
WALLABY J095205-443809,Vela,2,257.9389560381958,,10.07193001891723,1.5058272989244528,True,False
WALLABY J095211-464251,Vela,2,194.40471162059063,,10.38896157277521,1.9307581277393475,True,False
WALLABY J095234-475517,Vela,2,246.10179298083307,,9.814794938114666,0.8721141492286508,False,False
WALLABY J095237-454134,Vela,2,293.7337258480862,,10.248591932026258,1.279858035113161,False,False
WALLABY J095238-461131,Vela,2,231.17360700721892,,10.045481926603225,2.174454091486624,False,False
WALLABY J095239-470647,Vela,2,25.98612991518004,,8.528318832813902,1.7861823461743822,True,False
WALLABY J095244-474722,Vela,2,76.93797670379827,,9.25593482969277,1.2146768152617298,True,False
WALLABY J095249-440054,Vela,2,265.306895339305,,10.142176739734476,1.3384623454073399,False,False
WALLABY J095311-451624,Vela,2,160.8045273538401,,9.757345897430952,1.1668562031702534,False,False
WALLABY J095313-460846,Vela,2,249.13764831895617,,9.787073610222976,0.9442645793828854,False,False
WALLABY J095316-431054,Vela,2,270.59901202905746,,9.987076123860565,1.2106518635811396,False,False
WALLABY J095347-455759,Vela,2,101.2896314655033,,9.987907832405927,1.863867980120943,True,False
WALLABY J095354-433845,Vela,2,110.68523582420015,,9.956042733809117,1.513798105451704,True,False
WALLABY J095423-443318,Vela,2,143.35062435774327,,9.792612964727354,1.1512941969733337,False,False
WALLABY J095433-440456,Vela,2,253.65962606309208,,10.198809238103777,1.3244475988029025,False,False
WALLABY J095441-440640,Vela,2,255.1902600353695,,9.778631846664316,1.1446475919677799,False,False
WALLABY J095448-462159,Vela,2,101.0303528712959,,9.371678766122093,1.0327521425261623,True,False
WALLABY J095449-461903,Vela,2,230.95194144244752,,10.047796240333371,1.0684093337439617,False,False
WALLABY J095454-472801,Vela,2,273.3185253774778,,10.161481956295793,1.3153935785939228,True,False
WALLABY J095457-480416,Vela,2,165.0701673911815,,10.140519878028845,1.4192190191481777,False,False
WALLABY J095503-483432,Vela,2,244.5101940142764,,10.287974151877362,1.294639517420755,True,False
WALLABY J095513-455152,Vela,2,177.28609952464532,,10.16135125106492,2.318611461471154,False,False
WALLABY J095532-443931,Vela,2,267.09836787846467,,10.11317073658584,1.071320693791089,False,False
WALLABY J095552-455731,Vela,2,177.28517823605063,,9.672198267124125,1.229603594997612,False,False
WALLABY J095558-472929,Vela,2,273.46873619799976,,9.966945953720906,1.04458024417383,True,False
WALLABY J095635-453219,Vela,2,197.01658842443834,,9.555838390061062,1.1759251764232117,False,False
WALLABY J095648-450253,Vela,2,274.0510241493287,,9.979645943243135,0.9092162586159972,True,False
WALLABY J095710-485624,Vela,2,53.235110071761035,,9.77399712590062,3.6693092805462397,True,False
WALLABY J095719-465024,Vela,2,185.7684841158162,,9.991038194118389,1.4129630521532894,True,False
WALLABY J095802-444730,Vela,2,339.6142701688206,,10.110932541018125,0.9829627056936271,True,False
WALLABY J095809-472057,Vela,2,52.00967607519994,,9.343473947479872,1.9622860153363448,True,False
WALLABY J095813-430817,Vela,2,104.3191045631549,,9.662389915548347,1.3799546696016276,False,False
WALLABY J095824-433328,Vela,2,260.5578846293075,,10.003869587271131,1.1054875224300376,True,False
WALLABY J095836-470454,Vela,2,51.82495646416709,,9.14737105885136,1.9683108454496374,True,False
WALLABY J095848-455156,Vela,2,52.43843757669727,,9.212753561354598,2.317108049048,False,False
WALLABY J095901-480714,Vela,2,178.90300149980894,,9.923815301901856,1.466786665835199,False,False
WALLABY J095917-440347,Vela,2,243.40028441614803,,9.803626345032459,1.0299552253339224,False,False
WALLABY J095936-452856,Vela,2,33.63514034259238,,8.927045494188384,2.027093803686524,False,False
WALLABY J095955-464721,Vela,2,183.56183764960593,,9.707403086626629,1.2306360648986334,True,False
WALLABY J100001-443326,Vela,2,184.18411885444917,,10.258997176868926,1.6596171602503378,False,False
WALLABY J100029-454401,Vela,2,51.904954618485135,,9.012776385737128,1.9729209899075724,False,False
WALLABY J100033-444604,Vela,2,184.26369918984534,,9.694901720039795,1.020621927516616,False,False
WALLABY J100036-465940,Vela,2,52.74551129294465,,9.343376462735327,2.219852649091612,True,False
WALLABY J100050-445210,Vela,2,177.46501185932235,,9.816895196227973,1.19080874212986,False,False
WALLABY J100102-481259,Vela,2,181.02096230320217,,9.954884110366526,1.6601940400366526,True,False
WALLABY J100123-434533,Vela,2,50.696977942887955,,9.662213809556405,2.974971355618374,True,False
WALLABY J100143-441338,Vela,2,58.568012514559825,,8.793896831381941,1.285196025667801,False,False
WALLABY J100145-471627,Vela,2,79.35896181800395,,9.136955277250392,1.5712416067445187,True,False
WALLABY J100151-454502,Vela,2,258.226192860044,,10.028729827200785,1.1551589418543022,False,False
WALLABY J100212-445101,Vela,2,49.04758762505001,,8.562439824563924,1.9533583801132068,True,False
WALLABY J100221-454646,Vela,2,50.78444768844394,,9.195513540902686,1.8744177429144948,False,False
WALLABY J100229-433859,Vela,2,176.53183378528547,,10.25573432459483,3.25454529958279,False,False
WALLABY J100239-452950,Vela,2,50.199163667074316,,9.670622477589315,2.448659264235902,False,False
WALLABY J100246-465217,Vela,2,182.93435450822665,,9.978732325847291,1.3904276226694297,False,False
WALLABY J100259-472937,Vela,2,192.73408217479547,,9.604524566657467,1.528076744812812,False,False
WALLABY J100307-453140,Vela,2,184.05391165185534,,9.799944237496282,1.2952038726925363,True,False
WALLABY J100311-424909,Vela,2,66.4505737811746,,9.709573992362397,2.089396927994478,False,False
WALLABY J100317-440128,Vela,2,49.791413769093744,,8.677944553410471,0.914517489843794,True,False
WALLABY J100319-443142,Vela,2,47.739539397563995,,9.006379714094255,1.4359857863447707,True,False
WALLABY J100352-443211,Vela,2,49.30696532439756,,9.127132190576472,1.555588821297838,True,False
WALLABY J100415-445304,Vela,2,336.3565382223931,,10.226498179783464,1.3369974424562852,True,False
WALLABY J100421-442527,Vela,2,54.32744677285246,,9.417372916129896,2.673964177039084,True,False
WALLABY J100423-452230,Vela,2,62.740725188242386,,8.745781435779643,1.0428043610106228,False,False
WALLABY J100425-444951,Vela,2,340.2571000056415,,10.496386849240787,1.508301595392182,True,False
WALLABY J100426-455138,Vela,2,258.6253153780589,,10.305079143283464,1.4842755160886791,True,False
WALLABY J100437-490338,Vela,2,48.58980313937411,,9.385290895733558,2.45895932984034,False,False
WALLABY J100442-444506,Vela,2,335.9419460934672,,10.115810572166689,1.2055101621109667,False,False
WALLABY J100444-443016,Vela,2,336.54859895931787,,9.798762271484222,1.1625191469630238,True,False
WALLABY J100447-484422,Vela,2,95.96107404479477,,9.530459629371009,1.0528115351814893,False,False
WALLABY J100451-435701,Vela,2,258.18008470413525,,10.139402441471825,1.1889681087114836,True,False
WALLABY J100452-452932,Vela,2,277.3022303230129,,10.057271879602819,1.1668539236857476,False,False
WALLABY J100456-445724,Vela,2,262.2933004584031,,10.327670380529801,1.4757884164141881,False,False
WALLABY J100508-445144,Vela,2,54.54530618421196,,8.885325532664327,1.355495002294079,True,False
WALLABY J100509-444852,Vela,2,54.72423998867314,,9.426930570282527,1.897435818642347,True,False
WALLABY J100535-465131,Vela,2,158.8564735138804,,9.54451167449323,1.4161358474817356,True,False
WALLABY J100540-455426,Vela,2,254.65339936906472,,10.016000151300545,1.2367254691876606,True,False
WALLABY J100541-471231,Vela,2,252.15356910982166,,10.131907127909525,1.122623511807482,False,False
WALLABY J100542-442711,Vela,2,47.78642212962297,,9.006338348527112,1.5386867038148748,True,False
WALLABY J100542-480241,Vela,2,57.38644253340868,,9.513721171442665,3.782706294772624,False,False
WALLABY J100550-433754,Vela,2,51.059467341121156,,9.075686730829785,1.5027637954350257,True,False
WALLABY J100550-441338,Vela,2,47.55962814762239,,9.95660717781554,4.829741099899018,False,False
WALLABY J100552-450111,Vela,2,57.246471329447196,,8.851221047857958,1.389682622729662,True,False
WALLABY J100610-464716,Vela,2,160.71049738454968,,9.873366970570036,1.4814861083886222,False,False
WALLABY J100619-442643,Vela,2,266.84142191274225,,10.304561971726374,2.419428150703772,True,False
WALLABY J100629-462816,Vela,2,168.31505464352742,,9.812683336272386,1.4391366884508772,True,False
WALLABY J100633-442552,Vela,2,240.27391130148192,,9.6553768433009,1.0216655730626498,True,False
WALLABY J100645-474147,Vela,2,57.75438664935244,,9.431349418290937,2.49135126252043,True,False
WALLABY J100647-473156,Vela,2,185.44221723464875,,9.671204328670173,1.1129751064082067,True,False
WALLABY J100650-464555,Vela,2,274.89271701833025,,9.691563433874348,0.8507571657304072,False,False
WALLABY J100656-450242,Vela,2,55.740823279771824,,9.968919568875581,2.669428513636176,True,False
WALLABY J100700-430434,Vela,2,87.25924854075544,,9.888349899167649,1.751353617249876,False,False
WALLABY J100707-460954,Vela,2,264.4227472709399,,10.027555966062195,1.1131666292846076,False,False
WALLABY J100713-445637,Vela,2,54.998974547264524,,9.064148742209028,1.351097219242765,False,False
WALLABY J100732-471911,Vela,2,48.03743358464043,,8.781212543896599,1.2044403426000359,False,False
WALLABY J100733-460851,Vela,2,256.3538059497541,,10.332303171951107,2.121064315422852,True,False
WALLABY J100739-471949,Vela,2,191.44883317429384,,10.076897377101163,1.2693212886523402,False,False
WALLABY J100743-445722,Vela,2,150.51162358207608,,10.217654359154885,1.9080466801921154,False,False
WALLABY J100745-432954,Vela,2,45.47982677611362,,9.287371008731359,1.9835869841154359,True,False
WALLABY J100745-462101,Vela,2,266.76508059574104,,9.913474092192702,1.1631697976406576,False,False
WALLABY J100748-430145,Vela,2,89.32148147283692,,9.776523591978597,2.041095760898436,True,False
WALLABY J100801-473847,Vela,2,47.91851352362152,,9.321607846357873,2.33874761844499,False,False
WALLABY J100803-425316,Vela,2,142.56539767576314,,9.558494814778921,1.1545378915048414,True,False
WALLABY J100817-475436,Vela,2,38.083993214169986,,8.595850266353022,1.1412483250675938,True,False
WALLABY J100820-483803,Vela,2,39.375958619019734,,8.86055286156144,1.682300007762739,False,False
WALLABY J100824-473333,Vela,2,195.9087681214162,,9.477183850222733,0.7943935600929855,False,False
WALLABY J100846-472728,Vela,2,231.9505318967846,,10.200924580116588,1.2702658825940836,True,False
WALLABY J100847-430256,Vela,2,63.867819760986265,,9.649166571502649,1.8037799469114728,False,False
WALLABY J100850-443119,Vela,2,75.89336102920868,,9.07706320203976,0.9805619669796795,False,False
WALLABY J100853-431058,Vela,2,354.44785906005467,,10.041452537010516,1.1696582709903571,False,False
WALLABY J100855-444107,Vela,2,91.20750020262943,,9.357084541753684,1.5683134622978385,True,False
WALLABY J100859-431530,Vela,2,181.12971121949548,,9.722550692220192,1.2737089163034803,False,False
WALLABY J100859-445345,Vela,2,149.93272768950246,,9.44315616484328,1.6897860388002404,True,False
WALLABY J100913-430010,Vela,2,65.02883157834172,,9.18251467056386,1.0417904672733742,True,False
WALLABY J100916-430948,Vela,2,63.471099414922094,,9.601940744581519,1.9083378952848324,False,False
WALLABY J100916-431959,Vela,2,65.69942184930298,,10.098564019575427,4.027872053016928,True,False
WALLABY J100936-450306,Vela,2,53.290844400379285,,8.835950794342033,1.197253538070347,False,False
WALLABY J100944-434707,Vela,2,145.21104265248456,,10.513835520928183,7.876863996488842,False,False
WALLABY J101000-462652,Vela,2,186.48777971217396,,9.846879529663886,1.5078864194084358,False,False
WALLABY J101031-470644,Vela,2,38.36017286378655,,8.826111997418241,1.9420359656128543,False,False
WALLABY J101036-433659,Vela,2,261.08295454122015,,10.444212015755395,1.7044909457163933,True,False
WALLABY J101053-473338,Vela,2,91.05437943390699,,9.263862529657562,1.4829689954077048,True,False
WALLABY J101057-473250,Vela,2,61.37372123866865,,8.893754389487333,1.2587957311289248,False,False
WALLABY J101059-450851,Vela,2,57.728445486330834,,9.663144438947818,3.072996758521146,True,False
WALLABY J101102-453912,Vela,2,260.4209086609066,,10.089053926031836,1.4675738656095554,True,False
WALLABY J101113-435133,Vela,2,88.99476833256286,,9.426301267851867,1.3345277361209653,False,False
WALLABY J101115-432421,Vela,2,275.48010711543674,,10.228454714685796,1.3567974458424685,True,False
WALLABY J101143-455557,Vela,2,27.354822736588797,,8.70086568547971,1.9194541823713096,True,False
WALLABY J101144-430308,Vela,2,43.7812114915267,,8.6806766359879,1.6579645392344453,False,False
WALLABY J101144-455153,Vela,2,259.26961852816174,,10.445959323625026,1.4111085027060515,False,False
WALLABY J101146-461636,Vela,2,264.54485466880845,,9.973961133327869,1.1117986801927366,True,False
WALLABY J101214-430504,Vela,2,214.84571035888385,,10.110344158540663,2.0214573591186737,True,False
WALLABY J101219-471739,Vela,2,36.18679181114248,,9.831178735412287,4.245659027431302,False,False
WALLABY J101232-451408,Vela,2,58.83606827812438,,10.12378478791454,3.4927588061256203,False,False
WALLABY J101237-425619,Vela,2,42.752965723326255,,9.046163630239457,1.5256324898418323,False,False
WALLABY J101239-444058,Vela,2,281.91107770875107,,10.021113422798566,1.182675812798228,False,False
WALLABY J101303-440332,Vela,2,89.4895604583289,,9.652398925432237,1.8406883525772362,True,False
WALLABY J101312-484049,Vela,2,198.48545720748993,,10.036839526473212,1.293980481272384,False,False
WALLABY J101329-444504,Vela,2,52.485429001507285,,9.118689112601121,2.068742199463326,True,False
WALLABY J101330-434301,Vela,2,65.21067278404824,,9.905773457164832,2.4777465011103503,False,False
WALLABY J101331-434904,Vela,2,60.216935098176805,,9.818747218338068,2.827159540497756,False,False
WALLABY J101333-432720,Vela,2,65.10004012903443,,9.555415852345334,1.6762317811488117,False,False
WALLABY J101351-483153,Vela,2,217.7222086374286,,9.93211107374102,1.135566251135268,False,False
WALLABY J101423-432437,Vela,2,41.753419769058894,,8.762771906392816,1.5525069161206548,True,False
WALLABY J101440-470058,Vela,2,249.78690428166124,,10.130047136085997,1.4512872850128358,False,False
WALLABY J101442-445108,Vela,2,15.77405682565925,,8.654172139160544,2.092013535285956,True,False
WALLABY J101448-433152,Vela,2,43.93128332630719,,9.008802599348842,2.186662262293456,False,False
WALLABY J101451-474402,Vela,2,263.02101863474223,,9.917816772762983,0.7241031304777642,False,False
WALLABY J101455-471852,Vela,2,158.02751716573388,,9.537327355527845,1.1550581185908482,True,False
WALLABY J101457-433710,Vela,2,43.355501051420326,,10.143259928052432,7.301115125652489,False,False
WALLABY J101500-464718,Vela,2,93.40373401512349,,9.579986339500465,1.739647960833197,False,False
WALLABY J101628-455103,Vela,2,27.34227616561063,,9.06347629831358,3.4855529971651,True,False
WALLABY J101655-485238,Vela,2,39.22986770299381,,10.308940095628625,7.642103456751121,False,False
WALLABY J101703-442447,Vela,2,70.80232953109171,,9.156765673909577,1.2260549727915195,True,False
