SFD_EBV,common_aperture_arcsec,field_id,full_stellar,galaxy_id,logMstar,logMstar_method_sd,n_optical_profile_rows,reason,response_products_used,selected_size_pix,spatial_shard,stage1_R50_arcsec,stage1_Rd_arcsec,status,team_release
0.0305,275.4021382690155,NGC4808,True,WALLABY J124747+042017,9.1407235842642,0.14067059973735818,74,,False,2816,17,51.14777437527292,30.475089286968714,pass,NGC 4808 TR1
0.0291,141.32484303084084,NGC4808,True,WALLABY J124911+032310,9.002323743631573,0.1461958255760336,67,,False,2048,14,18.80647886881784,11.205357998485852,pass,NGC 4808 TR1
0.0316,27.960366776800253,NGC4808,True,WALLABY J124935+033620,9.86818661712835,0.1703332875492552,50,,False,1280,14,5.728741308218922,3.413323551265197,pass,NGC 4808 TR1
0.0296,27.960366776800253,NGC4808,True,WALLABY J124937+074725,9.829770571134219,0.12104004632953441,50,,False,1280,15,5.766151799496705,3.435613632815861,pass,NGC 4808 TR1
0.0415,54.48684486022256,NGC4808,True,WALLABY J124947+035042,7.3464010278706775,0.1473275763713549,57,,False,1280,12,15.023963105304693,8.951643012244777,pass,NGC 4808 TR1
0.036,23.107741137851445,NGC4808,True,WALLABY J124957+040438,8.99590194558559,0.12361495487504173,48,,False,2048,11,8.377470786054037,4.991501063776374,pass,NGC 4808 TR1
0.0335,59.93552934624482,NGC4808,True,WALLABY J125012+073442,10.809439390958373,0.14904955310591492,58,,False,2048,11,5.5768338710206775,3.3228134016347344,pass,NGC 4808 TR1
0.0371,65.92908228086931,NGC4808,True,WALLABY J125112+045132,10.861891625024553,0.1399210813710773,59,,False,1280,11,9.685268042465138,5.770718510579862,pass,NGC 4808 TR1
0.0275,23.107741137851445,NGC4808,True,WALLABY J125114+052031,9.433905815049805,0.15530653956146265,48,,False,1280,1,6.1323736157056805,3.653817507454049,pass,NGC 4808 TR1
0.0305,13.043717454748347,NGC4808,True,WALLABY J125121+063829,9.706977670659334,0.16874562806699372,42,,False,1024,5,3.904037261783109,2.3261204536401348,pass,NGC 4808 TR1
0.0252,25.41851525163659,NGC4808,True,WALLABY J125133+080241,8.77402873603408,0.16338215167349954,49,,False,1280,22,4.394566587219105,2.618389768837659,pass,NGC 4808 TR1
0.033,25.41851525163659,NGC4808,True,WALLABY J125134+055147,10.746620742209737,0.1285047262724771,49,,False,1024,20,5.626924404888049,3.3526585612860615,pass,NGC 4808 TR1
0.0325,13.043717454748347,NGC4808,True,WALLABY J125156+035954,8.76018568945857,0.1550771966320942,42,,False,1280,20,4.813360904080108,2.867917619366855,pass,NGC 4808 TR1
0.0259,15.7828981202455,NGC4808,True,WALLABY J125243+075643,9.91870307890713,0.1465728946413505,44,,False,1024,21,5.598464859133826,3.335701671010386,pass,NGC 4808 TR1
,,NGC4808,False,WALLABY J125308+081035,,,,no adjacent registered frame pair satisfied all frozen convergence criteria,False,,21,,,frame_nonconverged_after_registered_ladder,NGC 4808 TR1
0.0296,25.41851525163659,NGC4808,True,WALLABY J125339+040434,7.39095199627673,0.16737217647948582,49,,False,1280,8,7.451261765641421,4.439643178653691,pass,NGC 4808 TR1
0.0378,40.93677299791326,NGC4808,True,WALLABY J125413+052149,10.53562253660269,0.13876078865262403,54,,False,1024,15,6.411883104154739,3.8203560659950835,pass,NGC 4808 TR1
0.0367,10.779931780783755,NGC4808,True,WALLABY J125441+050734,9.20576171505639,0.17246066984355535,40,,False,1536,15,3.8724637733323313,2.307308200489513,pass,NGC 4808 TR1
0.034,128.4771300280371,NGC4808,True,WALLABY J125451+023900,8.279717468048384,0.1611095324014775,66,,False,1280,17,26.782433271368962,15.957625825100148,pass,NGC 4808 TR1
0.0349,11.857924958862132,NGC4808,True,WALLABY J125500+051140,9.45187864142097,0.1749422837810182,41,,False,1024,15,5.144006513452978,3.0649243237847466,pass,NGC 4808 TR1
0.035,72.52199050895625,NGC4808,True,WALLABY J125507+040229,10.906492035215246,0.13951714577629118,60,,False,1280,11,9.112413178756096,5.429397635268282,pass,NGC 4808 TR1
0.0317,54.48684486022256,NGC4808,True,WALLABY J125515+081543,11.086342500890783,0.13655208218151263,57,,False,1024,16,7.619326051154059,4.539779971886757,pass,NGC 4808 TR1
0.0409,65.92908228086931,NGC4808,True,WALLABY J125523+075436,9.598892528773764,0.15237563553997932,59,,False,1280,5,15.62919671705603,9.312255933977564,pass,NGC 4808 TR1
,,NGC4808,False,WALLABY J125548+045901,,,,no adjacent registered frame pair satisfied all frozen convergence criteria,False,,7,,,frame_nonconverged_after_registered_ladder,NGC 4808 TR1
,,NGC4808,False,WALLABY J125603+045202,,,,no adjacent registered frame pair satisfied all frozen convergence criteria,False,,4,,,frame_nonconverged_after_registered_ladder,NGC 4808 TR1
0.031,106.17944630416288,NGC4808,True,WALLABY J125604+034843,7.205893600269833,0.16993719591971446,64,,False,1536,11,28.670819593559216,17.082772373116125,pass,NGC 4808 TR1
0.0319,13.043717454748347,NGC4808,True,WALLABY J125604+064914,7.801189112347697,0.19499146345524665,42,,False,1536,8,5.685051488330852,3.3872920928433383,pass,NGC 4808 TR1
0.0344,23.107741137851445,NGC4808,True,WALLABY J125605+053051,8.982028497709194,0.14849629319312543,48,,False,1280,22,10.426134284582288,6.21214465578348,pass,NGC 4808 TR1
0.0374,54.48684486022256,NGC4808,True,WALLABY J125627+060352,10.717157860667811,0.12839504539831925,57,,False,1536,9,6.777596098258127,4.038256772034279,pass,NGC 4808 TR1
0.0316,13.043717454748347,NGC4808,True,WALLABY J125636+030211,9.828776083396189,0.1648110444870041,42,,False,1536,5,2.638838283515004,1.5722840981106112,pass,NGC 4808 TR1
0.0307,13.043717454748347,NGC4808,True,WALLABY J125646+034002,7.650132378503595,0.18392588203052823,42,,False,2048,16,5.982155756860226,3.564314049742981,pass,NGC 4808 TR1
0.034,23.107741137851445,NGC4808,True,WALLABY J125647+055350,9.637504563934336,0.1772168143144082,48,,False,1792,9,4.866446963372876,2.8995475859998225,pass,NGC 4808 TR1
0.0341,33.83204379992831,NGC4808,True,WALLABY J125647+055512,10.296756211919284,0.15905152077245946,52,,False,1792,9,2.8325425186845647,1.6876977976148106,pass,NGC 4808 TR1
0.0365,17.361187932270052,NGC4808,True,WALLABY J125652+045727,8.893475219813903,0.15353162696796868,45,,False,1024,23,5.524024248836708,3.2913481429617084,pass,NGC 4808 TR1
0.0341,19.09730672549706,NGC4808,True,WALLABY J125716+060334,10.401460029824223,0.1509010469556398,46,,False,1024,2,6.346135675583301,3.7811821472747447,pass,NGC 4808 TR1
0.0367,6.08499045801062,NGC4808,True,WALLABY J125718+045929,5.983428583969605,0.17670481345069616,34,,False,1280,10,3.177542789460662,1.8932573587951078,pass,NGC 4808 TR1
,,NGC4808,False,WALLABY J125734+035519,,,,no adjacent registered frame pair satisfied all frozen convergence criteria,False,,21,,,frame_nonconverged_after_registered_ladder,NGC 4808 TR1
0.0233,65.92908228086931,NGC4808,True,WALLABY J125814+033205,10.831619386218781,0.13930824310626092,59,,False,1792,4,7.218522385756629,4.300971389524745,pass,NGC 4808 TR1
0.0321,2.8386929571677584,NGC4808,True,WALLABY J125814+061724,7.478958961089606,0.15560668053046,26,,False,1280,22,1.3546237369366263,0.8071178040026034,pass,NGC 4808 TR1
0.0344,9.799937982530686,NGC4808,True,WALLABY J125834+054735,9.228576153502424,0.15517561080289122,39,,False,2048,3,3.2715822906364482,1.949288383210895,pass,NGC 4808 TR1
0.0401,21.007037398046766,NGC4808,True,WALLABY J125851+052229,9.952728125298872,0.14181989399467954,47,,False,1536,21,5.582574160720466,3.32623360599887,pass,NGC 4808 TR1
,,NGC4808,False,WALLABY J125909+063848,,,,no adjacent registered frame pair satisfied all frozen convergence criteria,False,,7,,,frame_nonconverged_after_registered_ladder,NGC 4808 TR1
0.0336,87.75160851583708,NGC4808,True,WALLABY J125937+070246,10.836940369793894,0.11273976509644966,62,,False,1280,6,14.909481806824454,8.883432267290837,pass,NGC 4808 TR1
,,NGC4808,False,WALLABY J125938+062651,,,,no adjacent registered frame pair satisfied all frozen convergence criteria,False,,16,,,frame_nonconverged_after_registered_ladder,NGC 4808 TR1
0.038,13.043717454748347,NGC4808,True,WALLABY J125939+045140,9.457503484285516,0.1544569377087303,42,,False,1024,12,5.02368260561687,2.9932324099243632,pass,NGC 4808 TR1
,,NGC4808,False,WALLABY J130011+065105,,,,no adjacent registered frame pair satisfied all frozen convergence criteria,False,,11,,,frame_nonconverged_after_registered_ladder,NGC 4808 TR1
0.0358,2.1327520339352053,NGC4808,True,WALLABY J130012+054417,10.27123314277696,0.21839221873369324,23,,False,1536,15,1.5779374672412843,0.9401735616218554,pass,NGC 4808 TR1
0.0281,11.857924958862132,NGC4808,True,WALLABY J130031+083118,8.90405827178797,0.1813538471069295,41,,False,1024,8,4.48379065981733,2.671551643663877,pass,NGC 4808 TR1
0.0336,6.693489503811683,NGC4808,True,WALLABY J130034+052831,9.374253329217982,0.2247546234086969,35,,False,1280,15,2.6542803717373182,1.5814848702478204,pass,NGC 4808 TR1
0.0329,15.7828981202455,NGC4808,True,WALLABY J130043+071159,9.754760212397185,0.15658235436103568,44,,False,1280,17,5.036198698435534,3.0006898027597626,pass,NGC 4808 TR1
0.032,30.75640345448028,NGC4808,True,WALLABY J130055+070243,10.889962990237853,0.14504462846528396,51,,False,1280,16,3.9055446506846523,2.327018592648641,pass,NGC 4808 TR1
0.0232,27.960366776800253,NGC4808,True,WALLABY J130100+025004,9.46739323785141,0.15271939393834635,50,,False,1536,20,9.26729033788223,5.521677217528323,pass,NGC 4808 TR1
0.0375,19.09730672549706,NGC4808,True,WALLABY J130116+045403,9.981256151791234,0.15133403187764424,46,,False,1280,6,6.173062592029849,3.6780609902178636,pass,NGC 4808 TR1
,,NGC4808,False,WALLABY J130122+042728,,,,no adjacent registered frame pair satisfied all frozen convergence criteria,False,,23,,,frame_nonconverged_after_registered_ladder,NGC 4808 TR1
0.028,19.09730672549706,NGC4808,True,WALLABY J130125+042810,8.982051867121262,0.17760195245870664,46,,False,2304,23,7.736657714133816,4.6096890334084115,pass,NGC 4808 TR1
0.0329,14.348089200223182,NGC4808,True,WALLABY J130139+072923,10.308955739150447,0.13851629826938017,43,,False,1024,0,3.418058463807661,2.0365624534970155,pass,NGC 4808 TR1
0.0292,11.857924958862132,NGC4808,True,WALLABY J130143+040835,9.433206667014602,0.16277978268918736,41,,False,1024,16,3.8998470907954963,2.3236238477460396,pass,NGC 4808 TR1
0.0371,11.857924958862132,NGC4808,True,WALLABY J130147+053426,9.573346809074598,0.17196547949296329,41,,False,2304,13,4.686590795836421,2.79238490235556,pass,NGC 4808 TR1
0.0379,40.93677299791326,NGC4808,True,WALLABY J130148+045931,10.780644627686971,0.13860785276469006,54,,False,1792,6,10.202764887413869,6.079055730491457,pass,NGC 4808 TR1
0.0304,79.77418955985188,NGC4808,True,WALLABY J130158+030601,9.565627300756839,0.12669290628000282,61,,False,1280,13,19.164568458694227,11.418716494676696,pass,NGC 4808 TR1
,,NGC4808,False,WALLABY J130209+060100,,,,no adjacent registered frame pair satisfied all frozen convergence criteria,False,,12,,,frame_nonconverged_after_registered_ladder,NGC 4808 TR1
0.0413,10.779931780783755,NGC4808,True,WALLABY J130216+060128,9.97175924172831,0.1464286151494932,40,,False,1024,15,4.01010825121879,2.389320131696356,pass,NGC 4808 TR1
0.0343,21.007037398046766,NGC4808,True,WALLABY J130216+063321,8.23918161003316,0.13960748342120208,47,,False,1024,11,6.62744748455475,3.948794572264798,pass,NGC 4808 TR1
0.0354,27.960366776800253,NGC4808,True,WALLABY J130228+063639,10.929879303250551,0.14189037277421854,50,,False,1024,15,4.283943030162566,2.552477560149847,pass,NGC 4808 TR1
0.0401,17.361187932270052,NGC4808,True,WALLABY J130237+044721,9.866612457062702,0.1358612618118785,45,,False,1024,17,4.705738568305674,2.8037936113907893,pass,NGC 4808 TR1
0.0378,27.960366776800253,NGC4808,True,WALLABY J130241+055729,8.38934127453834,0.1654445288101531,50,,False,1024,15,10.211716661358475,6.084389415359874,pass,NGC 4808 TR1
0.0267,30.75640345448028,NGC4808,True,WALLABY J130242+032114,10.93650437765645,0.14117477748427382,51,,False,1024,13,6.3623228137152745,3.7908268382881403,pass,NGC 4808 TR1
,,NGC4808,False,WALLABY J130305+070136,,,,no adjacent registered frame pair satisfied all frozen convergence criteria,False,,1,,,frame_nonconverged_after_registered_ladder,NGC 4808 TR1
0.0305,141.32484303084084,NGC4808,True,WALLABY J130315+074816,10.104432324726131,0.12780777816638494,67,,False,1792,7,23.10226791196082,13.76489370158878,pass,NGC 4808 TR1
0.045,27.960366776800253,NGC4808,True,WALLABY J130316+044405,10.294823211551146,0.13966431871584126,50,,False,1024,8,7.902063857297477,4.708242040711161,pass,NGC 4808 TR1
0.0325,11.857924958862132,NGC4808,True,WALLABY J130322+073646,8.214463956894049,0.16123263500927937,41,,False,1024,0,3.7700061359644357,2.2462614455709256,pass,NGC 4808 TR1
0.0329,45.03045029770459,NGC4808,True,WALLABY J130330+081941,9.208110292965268,0.14152288588165787,55,,False,2048,11,16.045376529006848,9.560225998824933,pass,NGC 4808 TR1
0.0313,27.960366776800253,NGC4808,True,WALLABY J130331+075810,10.242507175840183,0.13956511930919543,50,,False,1280,19,5.420940553593096,3.229928367517901,pass,NGC 4808 TR1
0.0312,27.960366776800253,NGC4808,True,WALLABY J130338+075404,10.653422928420325,0.13015516144436487,50,,False,1024,19,7.640101820081818,4.552158680849409,pass,NGC 4808 TR1
0.0445,19.09730672549706,NGC4808,True,WALLABY J130339+043644,9.317253096684746,0.16189789818740039,46,,False,1280,2,7.234763591895124,4.31064829557284,pass,NGC 4808 TR1
0.0363,14.348089200223182,NGC4808,True,WALLABY J130342+055733,10.217145611944531,0.14916552441381137,43,,False,1024,16,5.066407235930886,3.018688784898165,pass,NGC 4808 TR1
0.0344,21.007037398046766,NGC4808,True,WALLABY J130344+061920,9.640622241982907,0.16266062667959794,47,,False,1280,18,8.411545137898962,5.011803392226695,pass,NGC 4808 TR1
0.0386,49.53349532747505,NGC4808,True,WALLABY J130358+054204,10.738819375809504,0.1254016516730755,56,,False,1024,20,16.368619393281378,9.752821967475802,pass,NGC 4808 TR1
0.0381,15.7828981202455,NGC4808,True,WALLABY J130419+081330,9.895385998255936,0.15786833672651868,44,,False,1024,11,5.080051057766816,3.026818106139296,pass,NGC 4808 TR1
0.0359,30.75640345448028,NGC4808,True,WALLABY J130428+043155,9.384020951307262,0.17240499737093082,51,,False,1280,3,5.617967052982297,3.3473215529325846,pass,NGC 4808 TR1
0.033,27.960366776800253,NGC4808,True,WALLABY J130440+075733,10.26681259451995,0.13738139123979173,50,,False,1536,20,9.337182714859269,5.563320797427343,pass,NGC 4808 TR1
0.0311,14.348089200223182,NGC4808,True,WALLABY J130445+062514,9.229779820233148,0.16895088816939113,43,,False,1280,19,6.2131409082949265,3.7019406268505,pass,NGC 4808 TR1
0.0405,11.857924958862132,NGC4808,True,WALLABY J130504+071549,9.75186614580321,0.17416492915757362,41,,False,1536,10,3.7988723748092603,2.263460653491892,pass,NGC 4808 TR1
,,NGC4808,False,WALLABY J130512+034927,,,,no adjacent registered frame pair satisfied all frozen convergence criteria,False,,9,,,frame_nonconverged_after_registered_ladder,NGC 4808 TR1
0.0322,40.93677299791326,NGC4808,True,WALLABY J130522+043840,10.710419381919802,0.15255777027152437,54,,False,1280,18,5.241577360671964,3.123059410152088,pass,NGC 4808 TR1
0.0268,8.90903452957335,NGC4808,True,WALLABY J130535+041627,9.028759557336835,0.16176789589679175,38,,False,1536,0,6.5562196268728705,3.9063552804463804,pass,NGC 4808 TR1
0.0298,15.7828981202455,NGC4808,True,WALLABY J130535+051140,9.425672315539813,0.19253958986676933,44,,False,1024,6,3.9454711475444926,2.350807771583233,pass,NGC 4808 TR1
0.0404,19.09730672549706,NGC4808,True,WALLABY J130544+073310,10.62294935820752,0.14622033564068257,46,,False,1024,4,6.362491794759208,3.7909275213083613,pass,NGC 4808 TR1
0.0282,19.09730672549706,NGC4808,True,WALLABY J130609+040911,9.958219860759279,0.14166171234349814,46,,False,1280,19,6.390274866244613,3.8074813517443005,pass,NGC 4808 TR1
0.0313,14.348089200223182,NGC4808,True,WALLABY J130623+052247,9.395631144537141,0.15087467713339345,43,,False,1024,7,4.995163415668265,2.976239982185495,pass,NGC 4808 TR1
,,NGC4808,False,WALLABY J130656+074407,,,,no adjacent registered frame pair satisfied all frozen convergence criteria,False,,13,,,frame_nonconverged_after_registered_ladder,NGC 4808 TR1
0.0423,13.043717454748347,NGC4808,True,WALLABY J130721+070242,9.644443099414321,0.17336563296402818,42,,False,1024,18,4.450362738220906,2.651634474094495,pass,NGC 4808 TR1
0.0285,59.93552934624482,NGC4808,True,WALLABY J130727+044550,10.860949904843114,0.13371849370975683,58,,False,1792,1,8.849940762627094,5.273010179223572,pass,NGC 4808 TR1
0.0338,30.75640345448028,NGC4808,True,WALLABY J130739+075909,9.06931024591784,0.1295254197790159,51,,False,1024,4,10.113024707438877,6.0255863463243005,pass,NGC 4808 TR1
0.0368,45.03045029770459,NGC4808,True,WALLABY J130802+062900,10.535322421439327,0.13718427099545852,55,,False,2048,17,8.06778220263391,4.806981065669754,pass,NGC 4808 TR1
0.0271,1.2038829224255923,NGC4808,True,WALLABY J130810+044441,8.387829850383294,0.4569678174947546,17,,False,1536,1,0.7183094726558651,0.42798627276039897,pass,NGC 4808 TR1
0.0284,8.099122299612137,NGC4808,True,WALLABY J130813+034746,7.951308650569029,0.1625314283872626,37,,False,1024,8,3.8098279294957837,2.2699882397131503,pass,NGC 4808 TR1
0.0315,11.857924958862132,NGC4808,True,WALLABY J130813+053320,9.775022721539344,0.18322995715494475,41,,False,1536,7,2.406991683577757,1.4341442490112628,pass,NGC 4808 TR1
0.0384,8.099122299612137,NGC4808,True,WALLABY J130813+064248,8.818019823981052,0.2185041903569694,37,,False,1024,10,2.717137534698111,1.6189366983469482,pass,NGC 4808 TR1
0.0377,27.960366776800253,NGC4808,True,WALLABY J130826+064302,10.685829187037347,0.1305195299218997,50,,False,1280,0,6.088725843263836,3.627811101924397,pass,NGC 4808 TR1
0.036,37.21524817992115,NGC4808,True,WALLABY J130852+055946,8.116244084911507,0.15229581764746655,53,,False,2048,2,14.7172993969008,8.768925308320602,pass,NGC 4808 TR1
0.0338,19.09730672549706,NGC4808,True,WALLABY J130901+072007,8.9609659072018,0.1666991912947286,46,,False,1280,21,7.9377731035158225,4.729518479034557,pass,NGC 4808 TR1
0.0336,13.043717454748347,NGC4808,True,WALLABY J130904+081148,8.842158715944203,0.16300917614087915,42,,False,1024,22,4.224715548456176,2.5171883845153133,pass,NGC 4808 TR1
0.0338,40.93677299791326,NGC4808,True,WALLABY J130905+055109,9.41789515325229,0.16510941946348182,54,,False,1024,18,7.781650799675562,4.636497009237831,pass,NGC 4808 TR1
0.0287,21.007037398046766,NGC4808,True,WALLABY J130906+051433,8.294377219080909,0.18180731885873638,47,,False,1792,15,8.199333945241197,4.885362796855139,pass,NGC 4808 TR1
0.0313,25.41851525163659,NGC4808,True,WALLABY J131041+053553,10.596151942873915,0.1325427478989278,49,,False,1280,2,6.360426979897384,3.7896972543408594,pass,NGC 4808 TR1
0.0333,9.799937982530686,NGC4808,True,WALLABY J131113+065134,8.206488385537726,0.1935451254294802,39,,False,1024,10,4.560710365182526,2.71738227691358,pass,NGC 4808 TR1
,,NGC4808,False,WALLABY J131122+032431,,,,no adjacent registered frame pair satisfied all frozen convergence criteria,False,,16,,,frame_nonconverged_after_registered_ladder,NGC 4808 TR1
0.0289,30.75640345448028,NGC4808,True,WALLABY J131145+075645,10.54940007640353,0.15460564863599213,51,,False,2048,3,5.475600306241045,3.262495978967192,pass,NGC 4808 TR1
0.0421,59.93552934624482,NGC4808,True,WALLABY J131208+025916,8.763940351895672,0.15662948709130675,58,,False,1024,23,23.111459548998415,13.77037030272804,pass,NGC 4808 TR1
0.074,59.93552934624482,NGC5044,True,WALLABY J125700-171910,9.499893341273582,0.154380965513231,58,,False,1024,18,14.722051641048914,8.771756811088732,pass,NGC 5044 TR3
,,NGC5044,False,WALLABY J125724-153912,,,,no adjacent registered frame pair satisfied all frozen convergence criteria,False,,20,,,frame_nonconverged_after_registered_ladder,NGC 5044 TR3
0.0546,106.17944630416288,NGC5044,True,WALLABY J125757-130339,10.881296270564114,0.13828414323788163,64,,False,1280,8,21.963639239669234,13.086471016015112,pass,NGC 5044 TR3
0.0664,23.107741137851445,NGC5044,True,WALLABY J125832-161038,8.909673038254649,0.153094004902757,48,,False,1280,19,9.994350783495685,5.954877533040098,pass,NGC 5044 TR3
0.0662,27.960366776800253,NGC5044,True,WALLABY J125836-161333,9.640706569191925,0.15126480341129978,50,,False,1024,19,9.733649603012125,5.799545422317886,pass,NGC 5044 TR3
0.043,49.53349532747505,NGC5044,True,WALLABY J125848-114647,9.268434812323429,0.17293363992811894,56,,False,1792,21,7.905046659127746,4.7100192666650385,pass,NGC 5044 TR3
0.0455,0.7475165770008207,NGC5044,True,WALLABY J125855-142319,9.414995395736463,0.21390171619734485,12,,False,2560,21,0.5677806928314271,0.33829756075994205,pass,NGC 5044 TR3
,,NGC5044,False,WALLABY J125859-135141,,,,no adjacent registered frame pair satisfied all frozen convergence criteria,False,,13,,,frame_nonconverged_after_registered_ladder,NGC 5044 TR3
,,NGC5044,False,WALLABY J125907-121329,,,,no adjacent registered frame pair satisfied all frozen convergence criteria,False,,15,,,frame_nonconverged_after_registered_ladder,NGC 5044 TR3
0.0664,19.09730672549706,NGC5044,True,WALLABY J125910-161749,10.008781955919003,0.16723765278674213,46,,False,2048,19,6.8210407913904545,4.064142177966872,pass,NGC 5044 TR3
0.046,25.41851525163659,NGC5044,True,WALLABY J125912-124101,8.535059703018295,0.1887861192929724,49,,False,1280,19,8.899331420728924,5.30243833585365,pass,NGC 5044 TR3
0.0826,19.09730672549706,NGC5044,True,WALLABY J125912-182326,9.7538169192235,0.151666950885026,46,,False,1024,10,3.9278497107120587,2.3403084904826907,pass,NGC 5044 TR3
0.0512,11.857924958862132,NGC5044,True,WALLABY J125930-135159,9.901749123875188,0.14972573667078207,41,,False,1280,13,3.9051009061963304,2.326754198878484,pass,NGC 5044 TR3
0.0481,49.53349532747505,NGC5044,True,WALLABY J125931-140755,10.185514875067767,0.1430279433505648,56,,False,1280,10,14.714145630915684,8.767046217760738,pass,NGC 5044 TR3
0.0571,54.48684486022256,NGC5044,True,WALLABY J125932-151419,8.236479421621603,0.22537283698745797,57,,False,1024,14,6.9962457036231855,4.1685335304553055,pass,NGC 5044 TR3
0.0613,45.03045029770459,NGC5044,True,WALLABY J125942-164952,7.397403127055152,0.19080343418298432,55,,False,1536,8,16.349353507487717,9.74134288364614,pass,NGC 5044 TR3
0.0554,13.043717454748347,NGC5044,True,WALLABY J125943-150804,9.281203320609148,0.19324750195259638,42,,False,1024,14,5.096013055850465,3.03632865323033,pass,NGC 5044 TR3
,,NGC5044,False,WALLABY J125956-192430,,,,no adjacent registered frame pair satisfied all frozen convergence criteria,False,,14,,,frame_nonconverged_after_registered_ladder,NGC 5044 TR3
0.1007,11.857924958862132,NGC5044,True,WALLABY J130003-183028,9.316828272149248,0.17870288010587757,41,,False,1792,20,5.818994517413364,3.467098610732218,pass,NGC 5044 TR3
0.0597,128.4771300280371,NGC5044,True,WALLABY J130004-152151,9.385443499268764,0.15440734090561745,66,,False,1024,19,26.310379600887945,15.676364754958549,pass,NGC 5044 TR3
0.0478,65.92908228086931,NGC5044,True,WALLABY J130010-130042,10.019777313131375,0.1473075253416704,59,,False,2304,14,10.230312276671084,6.095469135717597,pass,NGC 5044 TR3
0.0641,65.92908228086931,NGC5044,True,WALLABY J130016-170140,9.887879820724148,0.12405495049378934,59,,False,1792,21,9.747612775150479,5.8078650202445425,pass,NGC 5044 TR3
0.0417,37.21524817992115,NGC5044,True,WALLABY J130018-115758,11.064586350204529,0.17044314263079052,53,,False,1280,5,8.819580779877061,5.254920962315135,pass,NGC 5044 TR3
0.0564,155.45732733392492,NGC5044,True,WALLABY J130026-151708,11.190866936719308,0.12279946732842917,68,,False,1536,19,21.46605131735464,12.789996016938996,pass,NGC 5044 TR3
0.0484,9.799937982530686,NGC5044,True,WALLABY J130029-133942,8.144738371598693,0.15282532290854964,39,,False,1280,10,4.724718988566757,2.8151026079058035,pass,NGC 5044 TR3
0.0591,87.75160851583708,NGC5044,True,WALLABY J130043-154253,8.850904453449546,0.17043046178793614,62,,False,1536,9,37.85844973098497,22.556986103695493,pass,NGC 5044 TR3
0.1015,19.09730672549706,NGC5044,True,WALLABY J130043-185429,9.24151244717102,0.17286005802637508,46,,False,1024,0,8.228720664974357,4.902872119961721,pass,NGC 5044 TR3
0.0845,19.09730672549706,NGC5044,True,WALLABY J130057-172247,8.573276974352169,0.1663453846550751,46,,False,1280,9,5.072129086927332,3.022098003033915,pass,NGC 5044 TR3
0.0941,87.75160851583708,NGC5044,True,WALLABY J130108-181149,10.80901555603303,0.136887488087707,62,,False,1024,16,20.7353196738204,12.354608312321973,pass,NGC 5044 TR3
0.048,23.107741137851445,NGC5044,True,WALLABY J130121-133904,9.457899776187425,0.18436220384747884,48,,False,1536,14,7.404237188611124,4.411624790733902,pass,NGC 5044 TR3
0.0936,9.799937982530686,NGC5044,True,WALLABY J130121-194538,9.23912482061176,0.1749525789023677,39,,False,1280,16,3.9542158542208172,2.3560180807316637,pass,NGC 5044 TR3
0.0544,3.1225622528845345,NGC5044,True,WALLABY J130130-151321,7.973858869502048,0.2014138249171248,27,,False,2048,18,1.8103581606832284,1.0786554696089736,pass,NGC 5044 TR3
0.1112,37.21524817992115,NGC5044,True,WALLABY J130132-190935,10.712422089913117,0.14808503135239717,53,,False,1280,12,6.888229429793477,4.104174804594549,pass,NGC 5044 TR3
0.0962,2.8386929571677584,NGC5044,True,WALLABY J130133-192537,8.278745771330914,0.14513131096037823,26,,False,1536,0,1.8979930402769782,1.1308704645504428,pass,NGC 5044 TR3
0.0475,65.92908228086931,NGC5044,True,WALLABY J130148-114530,9.889281731458027,0.15602343582948391,59,,False,1024,8,15.438046570584836,9.198364022705213,pass,NGC 5044 TR3
0.0489,30.75640345448028,NGC5044,True,WALLABY J130152-133135,10.196354726096567,0.1516258915775801,51,,False,2304,23,11.326812936744034,6.7487909259047765,pass,NGC 5044 TR3
0.1048,17.361187932270052,NGC5044,True,WALLABY J130153-191443,9.36642835996212,0.1574162561061864,45,,False,1024,12,6.865308243579574,4.090517803777527,pass,NGC 5044 TR3
0.074,15.7828981202455,NGC5044,True,WALLABY J130158-164401,9.113734457439968,0.15635733964582924,44,,False,2048,16,6.886082720606311,4.102895742994096,pass,NGC 5044 TR3
,,NGC5044,False,WALLABY J130201-164147,,,,no adjacent registered frame pair satisfied all frozen convergence criteria,False,,16,,,frame_nonconverged_after_registered_ladder,NGC 5044 TR3
,,NGC5044,False,WALLABY J130203-145302,,,,HTTP 404 https://portal.nersc.gov/cfs/cosmo/data/legacysurvey/dr10/south/coadd/195/1953m150/legacysurvey-1953m150-image-r.fits.fz,False,,10,,,no_dr10_imaging_coverage,NGC 5044 TR3
,,NGC5044,False,WALLABY J130213-171416,,,,no adjacent registered frame pair satisfied all frozen convergence criteria,False,,8,,,frame_nonconverged_after_registered_ladder,NGC 5044 TR3
0.0806,13.043717454748347,NGC5044,True,WALLABY J130215-170254,8.303232137846349,0.16245299961282175,42,,False,1024,5,5.2153628023147585,3.1074401380271115,pass,NGC 5044 TR3
,,NGC5044,False,WALLABY J130216-145410,,,,HTTP 404 https://portal.nersc.gov/cfs/cosmo/data/legacysurvey/dr10/south/coadd/195/1956m150/legacysurvey-1956m150-image-r.fits.fz,False,,12,,,no_dr10_imaging_coverage,NGC 5044 TR3
,,NGC5044,False,WALLABY J130221-154600,,,,no adjacent registered frame pair satisfied all frozen convergence criteria,False,,14,,,frame_nonconverged_after_registered_ladder,NGC 5044 TR3
0.0435,45.03045029770459,NGC5044,True,WALLABY J130223-122031,10.320936146533368,0.13497625656670065,55,,False,1024,2,12.854905630491828,7.659265757889685,pass,NGC 5044 TR3
0.0593,21.007037398046766,NGC5044,True,WALLABY J130224-155038,9.196766876496381,0.16701916631496344,47,,False,1536,14,9.462824968344203,5.638181511113067,pass,NGC 5044 TR3
0.0563,72.52199050895625,NGC5044,True,WALLABY J130235-113803,9.408938809177865,0.15959120670573673,60,,False,1024,1,12.663557838137171,7.545256084387808,pass,NGC 5044 TR3
0.0444,49.53349532747505,NGC5044,True,WALLABY J130244-125326,10.488423888473044,0.13210101623709522,56,,False,1024,21,14.652190724384901,8.730131976010188,pass,NGC 5044 TR3
0.055,17.361187932270052,NGC5044,True,WALLABY J130252-113001,10.123100775227702,0.15049154598324105,45,,False,1024,10,6.337386045136951,3.7759689044242517,pass,NGC 5044 TR3
,,NGC5044,False,WALLABY J130254-135530,,,,no adjacent registered frame pair satisfied all frozen convergence criteria,False,,11,,,frame_nonconverged_after_registered_ladder,NGC 5044 TR3
0.0548,19.09730672549706,NGC5044,True,WALLABY J130254-155621,8.757439083989745,0.16274686957149884,46,,False,1024,22,6.327080040792771,3.7698283361118095,pass,NGC 5044 TR3
,,NGC5044,False,WALLABY J130315-140627,,,,no adjacent registered frame pair satisfied all frozen convergence criteria,False,,11,,,frame_nonconverged_after_registered_ladder,NGC 5044 TR3
0.0495,23.107741137851445,NGC5044,True,WALLABY J130320-112144,10.764138279487648,0.15165899038462058,48,,False,1024,18,6.63747600553369,3.9547698092322383,pass,NGC 5044 TR3
0.0882,19.09730672549706,NGC5044,True,WALLABY J130320-193543,9.528950050987207,0.1564268134708649,46,,False,1280,19,7.580941348516153,4.51690943148824,pass,NGC 5044 TR3
0.0462,25.41851525163659,NGC5044,True,WALLABY J130321-134144,10.554388294053446,0.20982097048940898,49,,False,1024,10,1.472662606374262,0.877448236350484,pass,NGC 5044 TR3
,,NGC5044,False,WALLABY J130328-120420,,,,HTTP 404 https://portal.nersc.gov/cfs/cosmo/data/legacysurvey/dr10/south/coadd/195/1959m122/legacysurvey-1959m122-image-r.fits.fz,False,,20,,,no_dr10_imaging_coverage,NGC 5044 TR3
0.0749,27.960366776800253,NGC5044,True,WALLABY J130334-163733,10.12498301662571,0.15658286574780678,50,,False,1024,16,3.9517499148957658,2.354548814042642,pass,NGC 5044 TR3
0.0534,8.099122299612137,NGC5044,True,WALLABY J130337-155652,8.66892713746945,0.13538620480567715,37,,False,1536,18,4.5387055670539596,2.7042712824294486,pass,NGC 5044 TR3
0.1241,14.348089200223182,NGC5044,True,WALLABY J130340-211340,8.509675578163918,0.16092024312345588,43,,False,1024,21,4.944548586002331,2.9460824343321566,pass,NGC 5044 TR3
,,NGC5044,False,WALLABY J130342-123045,,,,HTTP 404 https://portal.nersc.gov/cfs/cosmo/data/legacysurvey/dr10/south/coadd/195/1959m125/legacysurvey-1959m125-image-r.fits.fz,False,,17,,,no_dr10_imaging_coverage,NGC 5044 TR3
0.0865,0.9949445639880927,NGC5044,True,WALLABY J130347-180311,8.353391083772523,0.2754732443589909,15,,False,1024,15,0.662413904183612,0.39468233215411336,pass,NGC 5044 TR3
0.0774,15.7828981202455,NGC5044,True,WALLABY J130353-192550,9.985977956583838,0.1352864608520842,44,,False,1280,18,5.125139894158503,3.0536831326563925,pass,NGC 5044 TR3
0.0724,17.361187932270052,NGC5044,True,WALLABY J130355-163807,10.433969533318109,0.13533609203598274,45,,False,1024,15,5.851425531101024,3.486421798297466,pass,NGC 5044 TR3
0.0585,188.10336607404918,NGC5044,True,WALLABY J130357-112956,11.052612956038466,0.1521555512363066,70,,False,1536,1,28.384416432919725,16.91212639684119,pass,NGC 5044 TR3
,,NGC5044,False,WALLABY J130358-143526,,,,HTTP 404 https://portal.nersc.gov/cfs/cosmo/data/legacysurvey/dr10/south/coadd/195/1958m147/legacysurvey-1958m147-image-r.fits.fz,False,,12,,,no_dr10_imaging_coverage,NGC 5044 TR3
0.0859,11.857924958862132,NGC5044,True,WALLABY J130358-164910,9.334851794935446,0.1546040570203356,41,,False,2048,15,5.223101342134965,3.112050948465142,pass,NGC 5044 TR3
,,NGC5044,False,WALLABY J130401-170100,,,,no adjacent registered frame pair satisfied all frozen convergence criteria,False,,1,,,frame_nonconverged_after_registered_ladder,NGC 5044 TR3
0.094,15.7828981202455,NGC5044,True,WALLABY J130401-200110,9.922612161335893,0.14201080248520082,44,,False,1024,2,4.488599924053444,2.6744171203887266,pass,NGC 5044 TR3
0.0567,23.107741137851445,NGC5044,True,WALLABY J130408-142339,8.893078185776975,0.17968169658351596,48,,False,1024,12,9.622425490691827,5.73327538818198,pass,NGC 5044 TR3
0.0787,19.09730672549706,NGC5044,True,WALLABY J130414-191227,9.715110684704952,0.13886014075953398,46,,False,1280,16,6.3743982228559,3.7980216610586726,pass,NGC 5044 TR3
0.0406,250.3655802445595,NGC5044,True,WALLABY J130415-102023,10.990448323089733,0.12654881668852264,73,,False,2816,6,53.08077005042147,31.62681517359801,pass,NGC 5044 TR3
0.1088,8.099122299612137,NGC5044,True,WALLABY J130417-202952,7.9834525163557455,0.20162793217107283,37,,False,1024,17,3.6376358021721793,2.1673919778269863,pass,NGC 5044 TR3
,,NGC5044,False,WALLABY J130422-170313,,,,no adjacent registered frame pair satisfied all frozen convergence criteria,False,,1,,,frame_nonconverged_after_registered_ladder,NGC 5044 TR3
0.1275,19.09730672549706,NGC5044,True,WALLABY J130425-204308,10.446077496073373,0.1278199519064746,46,,False,1536,10,6.290160810260364,3.7478309596741513,pass,NGC 5044 TR3
,,NGC5044,False,WALLABY J130430-174819,,,,no adjacent registered frame pair satisfied all frozen convergence criteria,False,,3,,,frame_nonconverged_after_registered_ladder,NGC 5044 TR3
0.0782,19.09730672549706,NGC5044,True,WALLABY J130430-180121,10.193387868020723,0.15837642703113436,46,,False,1280,4,5.468852882108642,3.2584756993870228,pass,NGC 5044 TR3
0.0563,21.007037398046766,NGC5044,True,WALLABY J130444-160813,10.035549236542385,0.13876574323982266,47,,False,2560,18,6.669254641333632,3.973704294168292,pass,NGC 5044 TR3
0.0829,17.361187932270052,NGC5044,True,WALLABY J130445-190601,9.25288648073003,0.1559422691712805,45,,False,1024,8,7.687565926679539,4.580438951186862,pass,NGC 5044 TR3
,,NGC5044,False,WALLABY J130449-171802,,,,HTTP 404 https://portal.nersc.gov/cfs/cosmo/data/legacysurvey/dr10/south/coadd/196/1960m175/legacysurvey-1960m175-image-r.fits.fz,False,,7,,,no_dr10_imaging_coverage,NGC 5044 TR3
,,NGC5044,False,WALLABY J130501-131601,,,,HTTP 404 https://portal.nersc.gov/cfs/cosmo/data/legacysurvey/dr10/south/coadd/196/1962m132/legacysurvey-1962m132-image-r.fits.fz,False,,20,,,no_dr10_imaging_coverage,NGC 5044 TR3
0.091,21.007037398046766,NGC5044,True,WALLABY J130502-201243,9.143400478379531,0.15431363583138422,47,,False,1024,20,6.51272154014175,3.880438061307632,pass,NGC 5044 TR3
,,NGC5044,False,WALLABY J130503-171522,,,,no adjacent registered frame pair satisfied all frozen convergence criteria,False,,7,,,frame_nonconverged_after_registered_ladder,NGC 5044 TR3
0.0596,8.099122299612137,NGC5044,True,WALLABY J130510-161645,9.212906621361187,0.16727255671467975,37,,False,1024,18,3.172226761834718,1.8900899401042381,pass,NGC 5044 TR3
,,NGC5044,False,WALLABY J130516-171618,,,,HTTP 404 https://portal.nersc.gov/cfs/cosmo/data/legacysurvey/dr10/south/coadd/196/1960m175/legacysurvey-1960m175-image-r.fits.fz,False,,7,,,no_dr10_imaging_coverage,NGC 5044 TR3
0.056,37.21524817992115,NGC5044,True,WALLABY J130525-161217,10.402315478721984,0.14519248641167332,53,,False,1280,18,9.274758771707797,5.526127092238375,pass,NGC 5044 TR3
,,NGC5044,False,WALLABY J130527-142801,,,,no adjacent registered frame pair satisfied all frozen convergence criteria,False,,13,,,frame_nonconverged_after_registered_ladder,NGC 5044 TR3
0.0388,14.348089200223182,NGC5044,True,WALLABY J130528-111138,7.554673907449867,0.22040259590839473,43,,False,1280,17,8.990396343222596,5.356697033867443,pass,NGC 5044 TR3
0.0609,65.92908228086931,NGC5044,True,WALLABY J130534-154506,9.032009183208977,0.1634772246516799,59,,False,1024,6,23.665127387724077,14.100259081400777,pass,NGC 5044 TR3
,,NGC5044,False,WALLABY J130545-130604,,,,HTTP 404 https://portal.nersc.gov/cfs/cosmo/data/legacysurvey/dr10/south/coadd/196/1965m130/legacysurvey-1965m130-image-r.fits.fz,False,,16,,,no_dr10_imaging_coverage,NGC 5044 TR3
0.0918,33.83204379992831,NGC5044,True,WALLABY J130545-193817,10.64434430862981,0.14632097473906375,52,,False,1536,10,5.02550463833588,2.994318021380068,pass,NGC 5044 TR3
0.0454,6.693489503811683,NGC5044,True,WALLABY J130546-133400,6.064552090900645,0.26219065048319246,35,,False,1024,13,3.979032870436357,2.3708046632221493,pass,NGC 5044 TR3
,,NGC5044,False,WALLABY J130547-130037,,,,HTTP 404 https://portal.nersc.gov/cfs/cosmo/data/legacysurvey/dr10/south/coadd/196/1965m130/legacysurvey-1965m130-image-r.fits.fz,False,,16,,,no_dr10_imaging_coverage,NGC 5044 TR3
,,NGC5044,False,WALLABY J130554-121523,,,,HTTP 404 https://portal.nersc.gov/cfs/cosmo/data/legacysurvey/dr10/south/coadd/196/1964m122/legacysurvey-1964m122-image-r.fits.fz,False,,12,,,no_dr10_imaging_coverage,NGC 5044 TR3
0.0601,19.09730672549706,NGC5044,True,WALLABY J130559-145906,9.016447157330596,0.17532692815879397,46,,False,1024,22,7.1505875315592275,4.260494149358379,pass,NGC 5044 TR3
0.062,11.857924958862132,NGC5044,True,WALLABY J130602-155021,8.947293174296622,0.17859796610453052,41,,False,1536,6,3.834387542215988,2.2846214549340154,pass,NGC 5044 TR3
,,NGC5044,False,WALLABY J130607-124509,,,,HTTP 404 https://portal.nersc.gov/cfs/cosmo/data/legacysurvey/dr10/south/coadd/196/1965m127/legacysurvey-1965m127-image-r.fits.fz,False,,12,,,no_dr10_imaging_coverage,NGC 5044 TR3
0.1043,19.09730672549706,NGC5044,True,WALLABY J130612-201622,10.490655651049284,0.15850292503030247,46,,False,1024,4,5.657549041005913,3.3709054651146673,pass,NGC 5044 TR3
0.1057,25.41851525163659,NGC5044,True,WALLABY J130614-202212,10.331944738200704,0.1478046107494167,49,,False,1536,4,4.716789644841551,2.8103781118555995,pass,NGC 5044 TR3
0.0872,87.75160851583708,NGC5044,True,WALLABY J130618-173039,8.327428307954225,0.16194854231028852,62,,False,2048,3,30.787001458671106,18.343645051828936,pass,NGC 5044 TR3
0.0612,11.857924958862132,NGC5044,True,WALLABY J130622-161408,9.593400234494275,0.15350434525448653,41,,False,1024,13,4.315136912691148,2.5710636348496165,pass,NGC 5044 TR3
,,NGC5044,False,WALLABY J130623-145631,,,,no adjacent registered frame pair satisfied all frozen convergence criteria,False,,22,,,frame_nonconverged_after_registered_ladder,NGC 5044 TR3
0.0462,49.53349532747505,NGC5044,True,WALLABY J130629-133413,9.1070466850088,0.16286124871421348,56,,False,1280,13,12.539189755917054,7.47115455296439,pass,NGC 5044 TR3
0.0554,15.7828981202455,NGC5044,True,WALLABY J130630-112046,9.518893535600986,0.18927845009524846,44,,False,1024,18,6.840013437687798,4.075446542565015,pass,NGC 5044 TR3
,,NGC5044,False,WALLABY J130639-135036,,,,no adjacent registered frame pair satisfied all frozen convergence criteria,False,,2,,,frame_nonconverged_after_registered_ladder,NGC 5044 TR3
0.0597,6.08499045801062,NGC5044,True,WALLABY J130643-155855,8.653553351456235,0.17867033723939518,34,,False,1280,12,2.2657473596618347,1.3499874418932543,pass,NGC 5044 TR3
,,NGC5044,False,WALLABY J130645-122324,,,,HTTP 404 https://portal.nersc.gov/cfs/cosmo/data/legacysurvey/dr10/south/coadd/196/1967m125/legacysurvey-1967m125-image-r.fits.fz,False,,3,,,no_dr10_imaging_coverage,NGC 5044 TR3
0.0901,27.960366776800253,NGC5044,True,WALLABY J130645-164412,10.61256952430146,0.13944487615772005,50,,False,1792,6,8.648413529097157,5.152935346826764,pass,NGC 5044 TR3
0.069,23.107741137851445,NGC5044,True,WALLABY J130647-162241,9.9005911905279,0.15169259916102065,48,,False,1024,1,5.823425954361006,3.469738968759492,pass,NGC 5044 TR3
0.0644,27.960366776800253,NGC5044,True,WALLABY J130654-154854,9.494252201521817,0.17872965392952928,50,,False,1024,11,9.662430394500802,5.7571112838858705,pass,NGC 5044 TR3
0.0698,17.361187932270052,NGC5044,True,WALLABY J130659-151041,8.643475110332005,0.1678565010897069,45,,False,1280,19,6.5213731626628375,3.8855929086500174,pass,NGC 5044 TR3
,,NGC5044,False,WALLABY J130659-211444,,,,no adjacent registered frame pair satisfied all frozen convergence criteria,False,,17,,,frame_nonconverged_after_registered_ladder,NGC 5044 TR3
0.08,17.361187932270052,NGC5044,True,WALLABY J130703-185253,9.499141029733916,0.2541834146756695,45,,False,1536,15,6.347568988526543,3.78203615002374,pass,NGC 5044 TR3
,,NGC5044,False,WALLABY J130718-130903,,,,HTTP 404 https://portal.nersc.gov/cfs/cosmo/data/legacysurvey/dr10/south/coadd/196/1967m132/legacysurvey-1967m132-image-r.fits.fz,False,,13,,,no_dr10_imaging_coverage,NGC 5044 TR3
0.0683,37.21524817992115,NGC5044,True,WALLABY J130718-162004,8.643966422090616,0.1497254710861565,53,,False,1024,17,17.234556043291555,10.268768106838545,pass,NGC 5044 TR3
,,NGC5044,False,WALLABY J130730-164622,,,,HTTP 404 https://portal.nersc.gov/cfs/cosmo/data/legacysurvey/dr10/south/coadd/197/1970m167/legacysurvey-1970m167-image-r.fits.fz,False,,8,,,no_dr10_imaging_coverage,NGC 5044 TR3
,,NGC5044,False,WALLABY J130732-132154,,,,HTTP 404 https://portal.nersc.gov/cfs/cosmo/data/legacysurvey/dr10/south/coadd/196/1967m132/legacysurvey-1967m132-image-r.fits.fz,False,,13,,,no_dr10_imaging_coverage,NGC 5044 TR3
,,NGC5044,False,WALLABY J130733-120657,,,,HTTP 404 https://portal.nersc.gov/cfs/cosmo/data/legacysurvey/dr10/south/coadd/196/1969m120/legacysurvey-1969m120-image-r.fits.fz,False,,10,,,no_dr10_imaging_coverage,NGC 5044 TR3
0.0601,10.779931780783755,NGC5044,True,WALLABY J130733-140834,9.808895292899248,0.1748376507060602,40,,False,1280,22,3.1754962223867786,1.8920379643039467,pass,NGC 5044 TR3
0.06,30.75640345448028,NGC5044,True,WALLABY J130737-151812,9.849686867112498,0.14683612374915922,51,,False,1024,9,8.474560951435912,5.049349748201823,pass,NGC 5044 TR3
0.0989,49.53349532747505,NGC5044,True,WALLABY J130753-205916,10.598692648672904,0.10971218573080779,56,,False,1024,8,11.035463622801553,6.575197911066058,pass,NGC 5044 TR3
,,NGC5044,False,WALLABY J130756-164123,,,,HTTP 404 https://portal.nersc.gov/cfs/cosmo/data/legacysurvey/dr10/south/coadd/197/1970m167/legacysurvey-1970m167-image-r.fits.fz,False,,18,,,no_dr10_imaging_coverage,NGC 5044 TR3
0.0815,21.007037398046766,NGC5044,True,WALLABY J130757-193648,10.126019971691607,0.18830495855356313,47,,False,2560,19,7.651212406892557,4.558778638984901,pass,NGC 5044 TR3
0.0778,30.75640345448028,NGC5044,True,WALLABY J130759-180456,10.33556296955455,0.13348196082704653,51,,False,1024,14,9.61453073965579,5.728571503298223,pass,NGC 5044 TR3
0.0757,13.043717454748347,NGC5044,True,WALLABY J130812-145720,9.181550450738865,0.1615508548525907,42,,False,1280,19,4.798399647946136,2.8590033386948805,pass,NGC 5044 TR3
,,NGC5044,False,WALLABY J130813-120248,,,,HTTP 404 https://portal.nersc.gov/cfs/cosmo/data/legacysurvey/dr10/south/coadd/196/1969m120/legacysurvey-1969m120-image-r.fits.fz,False,,10,,,no_dr10_imaging_coverage,NGC 5044 TR3
0.104,79.77418955985188,NGC5044,True,WALLABY J130815-210002,8.542265660630722,0.14394543199373008,61,,False,1024,8,25.203517909866296,15.0168696102682,pass,NGC 5044 TR3
0.0794,9.799937982530686,NGC5044,True,WALLABY J130821-185647,9.695468513684611,0.1307587123181138,39,,False,2304,9,3.9061879727890054,2.327401899621621,pass,NGC 5044 TR3
0.0848,27.960366776800253,NGC5044,True,WALLABY J130825-194130,10.07276216250127,0.1300931855966243,50,,False,1024,4,4.990814319502055,2.9736486848005805,pass,NGC 5044 TR3
0.0998,23.107741137851445,NGC5044,True,WALLABY J130829-204924,7.761693265195108,0.19238309133246667,48,,False,2048,20,9.437311326494402,5.622979862108681,pass,NGC 5044 TR3
0.0912,37.21524817992115,NGC5044,True,WALLABY J130846-175751,10.505176093708716,0.13162040693305982,53,,False,1024,10,9.52813301695676,5.677093636556155,pass,NGC 5044 TR3
0.07,23.107741137851445,NGC5044,True,WALLABY J130854-171416,9.348644684677677,0.14197843597870907,48,,False,1024,5,9.562536013782319,5.69759177968758,pass,NGC 5044 TR3
0.0617,188.10336607404918,NGC5044,True,WALLABY J130857-153100,10.536638413227696,0.13506339537963877,70,,False,2560,21,25.49477991982818,15.190410607269655,pass,NGC 5044 TR3
0.072,1.0944390203869019,NGC5044,True,WALLABY J130901-172115,7.7895006095137145,0.2579371070481205,16,,False,1024,5,0.5517737924597048,0.3287602597924208,pass,NGC 5044 TR3
0.0776,6.08499045801062,NGC5044,True,WALLABY J130914-183640,8.794125520410823,0.17080665245581125,34,,False,1280,17,3.3828566059564324,2.0155883295163246,pass,NGC 5044 TR3
0.0873,23.107741137851445,NGC5044,True,WALLABY J130922-201247,10.347433060876137,0.14366495448515498,48,,False,1024,6,8.88258671831145,5.292461434463724,pass,NGC 5044 TR3
0.0767,25.41851525163659,NGC5044,True,WALLABY J130924-183226,10.339111795929442,0.140495693283793,49,,False,1024,17,4.277596309045048,2.548696029182014,pass,NGC 5044 TR3
0.0732,10.779931780783755,NGC5044,True,WALLABY J130932-145705,9.383544340380945,0.18195219282550215,40,,False,1280,16,3.948022747548688,2.352328076990502,pass,NGC 5044 TR3
0.0742,11.857924958862132,NGC5044,True,WALLABY J130934-145427,8.007993693300948,0.1350082624850768,41,,False,1280,16,5.876782585415684,3.501530148635919,pass,NGC 5044 TR3
0.0679,27.960366776800253,NGC5044,True,WALLABY J130937-150616,10.806532779743177,0.15341115576198308,50,,False,1280,16,5.442403996724045,3.2427168095138774,pass,NGC 5044 TR3
0.0568,7.36283845419285,NGC5044,True,WALLABY J130939-135908,8.604480314158621,0.20111401238988438,36,,False,1024,14,3.333799258545021,1.9863587675108394,pass,NGC 5044 TR3
0.0478,14.348089200223182,NGC5044,True,WALLABY J130941-132855,9.819561968529483,0.17133450881791787,43,,False,2304,19,5.8416208818688,3.4805799495674083,pass,NGC 5044 TR3
0.0733,13.043717454748347,NGC5044,True,WALLABY J130941-145553,7.666267908187756,0.20310046153648978,42,,False,1024,16,3.1597236447782393,1.8826402785438745,pass,NGC 5044 TR3
0.0467,33.83204379992831,NGC5044,True,WALLABY J130947-101916,8.598877248336999,0.1729690564666635,52,,False,2560,2,21.900935975378847,13.049110884490842,pass,NGC 5044 TR3
,,NGC5044,False,WALLABY J130947-171234,,,,no adjacent registered frame pair satisfied all frozen convergence criteria,False,,5,,,frame_nonconverged_after_registered_ladder,NGC 5044 TR3
0.048,45.03045029770459,NGC5044,True,WALLABY J130954-104332,9.918663077283814,0.14246661194115928,55,,False,1024,8,8.748864819240959,5.212786671219943,pass,NGC 5044 TR3
,,NGC5044,False,WALLABY J130958-171937,,,,no adjacent registered frame pair satisfied all frozen convergence criteria,False,,5,,,frame_nonconverged_after_registered_ladder,NGC 5044 TR3
,,NGC5044,False,WALLABY J131001-162607,,,,HTTP 404 https://portal.nersc.gov/cfs/cosmo/data/legacysurvey/dr10/south/coadd/197/1975m165/legacysurvey-1975m165-image-r.fits.fz,False,,14,,,no_dr10_imaging_coverage,NGC 5044 TR3
,,NGC5044,False,WALLABY J131009-121223,,,,HTTP 404 https://portal.nersc.gov/cfs/cosmo/data/legacysurvey/dr10/south/coadd/197/1975m122/legacysurvey-1975m122-image-r.fits.fz,False,,4,,,no_dr10_imaging_coverage,NGC 5044 TR3
0.0757,40.93677299791326,NGC5044,True,WALLABY J131017-171323,10.512082478285409,0.12061795952809766,54,,False,2560,13,11.56479007028898,6.890583496190009,pass,NGC 5044 TR3
,,NGC5044,False,WALLABY J131021-214424,,,,HTTP 404 https://portal.nersc.gov/cfs/cosmo/data/legacysurvey/dr10/south/coadd/197/1975m217/legacysurvey-1975m217-image-r.fits.fz,False,,8,,,no_dr10_imaging_coverage,NGC 5044 TR3
,,NGC5044,False,WALLABY J131025-165550,,,,HTTP 404 https://portal.nersc.gov/cfs/cosmo/data/legacysurvey/dr10/south/coadd/197/1976m167/legacysurvey-1976m167-image-r.fits.fz,False,,0,,,no_dr10_imaging_coverage,NGC 5044 TR3
,,NGC5044,False,WALLABY J131029-213510,,,,HTTP 404 https://portal.nersc.gov/cfs/cosmo/data/legacysurvey/dr10/south/coadd/197/1975m215/legacysurvey-1975m215-image-r.fits.fz,False,,3,,,no_dr10_imaging_coverage,NGC 5044 TR3
0.0766,40.93677299791326,NGC5044,True,WALLABY J131032-172527,11.021951566626075,0.1436103508415267,54,,False,2048,9,8.619389876470768,5.135642347942129,pass,NGC 5044 TR3
0.0728,15.7828981202455,NGC5044,True,WALLABY J131033-170323,8.176546756910787,0.16496905144222898,44,,False,2304,0,6.9781951056690446,4.157778544709502,pass,NGC 5044 TR3
0.0757,17.361187932270052,NGC5044,True,WALLABY J131037-144407,9.58168387612462,0.13827801115240018,45,,False,2048,16,7.26604357018392,4.3292856682227505,pass,NGC 5044 TR3
0.0717,11.857924958862132,NGC5044,True,WALLABY J131038-144004,8.011775750683592,0.19832868012964197,41,,False,1536,16,5.670179403811666,3.3784309427905486,pass,NGC 5044 TR3
0.0482,21.007037398046766,NGC5044,True,WALLABY J131049-105237,9.899742364791177,0.15254072175788522,47,,False,1280,19,6.600710241383901,3.932863871801848,pass,NGC 5044 TR3
0.0747,21.007037398046766,NGC5044,True,WALLABY J131049-182530,10.497013835900997,0.14976984399486795,47,,False,2560,11,6.362722863353714,3.791065197602882,pass,NGC 5044 TR3
0.0732,15.7828981202455,NGC5044,True,WALLABY J131049-182903,9.514723850836969,0.1783467755299957,44,,False,1024,11,7.991919912142352,4.7617804659470435,pass,NGC 5044 TR3
0.0879,21.007037398046766,NGC5044,True,WALLABY J131051-190753,10.767489585382336,0.14814299463415917,47,,False,2048,15,3.234930422867693,1.9274503080174028,pass,NGC 5044 TR3
,,NGC5044,False,WALLABY J131054-185747,,,,no adjacent registered frame pair satisfied all frozen convergence criteria,False,,18,,,frame_nonconverged_after_registered_ladder,NGC 5044 TR3
,,NGC5044,False,WALLABY J131103-144149,,,,no adjacent registered frame pair satisfied all frozen convergence criteria,False,,16,,,frame_nonconverged_after_registered_ladder,NGC 5044 TR3
0.0878,10.779931780783755,NGC5044,True,WALLABY J131104-185724,9.724073362590092,0.15677693895715472,40,,False,1280,18,3.6856002062135254,2.1959703375622817,pass,NGC 5044 TR3
,,NGC5044,False,WALLABY J131109-163337,,,,HTTP 404 https://portal.nersc.gov/cfs/cosmo/data/legacysurvey/dr10/south/coadd/197/1978m165/legacysurvey-1978m165-image-r.fits.fz,False,,20,,,no_dr10_imaging_coverage,NGC 5044 TR3
0.0431,25.41851525163659,NGC5044,True,WALLABY J131124-104927,8.831593090415133,0.17240356565027531,49,,False,1024,17,7.6286140205804225,4.545313970208684,pass,NGC 5044 TR3
0.0731,23.107741137851445,NGC5044,True,WALLABY J131132-144033,7.816313369226934,0.1633984628143109,48,,False,2816,11,11.913109387186402,7.098120625859462,pass,NGC 5044 TR3
,,NGC5044,False,WALLABY J131139-165121,,,,HTTP 404 https://portal.nersc.gov/cfs/cosmo/data/legacysurvey/dr10/south/coadd/197/1978m167/legacysurvey-1978m167-image-r.fits.fz,False,,22,,,no_dr10_imaging_coverage,NGC 5044 TR3
0.0466,59.93552934624482,NGC5044,True,WALLABY J131142-103858,10.746104213332826,0.1344510157678797,58,,False,1792,17,7.26187734215691,4.32680332812753,pass,NGC 5044 TR3
0.0906,116.79739093457917,NGC5044,True,WALLABY J131145-191544,10.63816995841498,0.14643836916740588,65,,False,2048,15,19.548285937515107,11.647344711072563,pass,NGC 5044 TR3
0.075,15.7828981202455,NGC5044,True,WALLABY J131150-141025,9.980416429873534,0.16528277714005307,44,,False,2048,16,5.799162591740291,3.455282266560817,pass,NGC 5044 TR3
,,NGC5044,False,WALLABY J131157-120351,,,,HTTP 404 https://portal.nersc.gov/cfs/cosmo/data/legacysurvey/dr10/south/coadd/198/1980m122/legacysurvey-1980m122-image-r.fits.fz,False,,8,,,no_dr10_imaging_coverage,NGC 5044 TR3
,,NGC5044,False,WALLABY J131159-134336,,,,HTTP 404 https://portal.nersc.gov/cfs/cosmo/data/legacysurvey/dr10/south/coadd/198/1981m137/legacysurvey-1981m137-image-r.fits.fz,False,,12,,,no_dr10_imaging_coverage,NGC 5044 TR3
,,NGC5044,False,WALLABY J131210-131509,,,,HTTP 404 https://portal.nersc.gov/cfs/cosmo/data/legacysurvey/dr10/south/coadd/198/1980m132/legacysurvey-1980m132-image-r.fits.fz,False,,7,,,no_dr10_imaging_coverage,NGC 5044 TR3
0.0724,17.361187932270052,NGC5044,True,WALLABY J131222-143329,8.931984061827206,0.17602594634162036,45,,False,1024,3,7.703150529110412,4.589724636759378,pass,NGC 5044 TR3
,,NGC5044,False,WALLABY J131244-155218,,,,no adjacent registered frame pair satisfied all frozen convergence criteria,False,,8,,,frame_nonconverged_after_registered_ladder,NGC 5044 TR3
,,NGC5044,False,WALLABY J131247-132906,,,,HTTP 404 https://portal.nersc.gov/cfs/cosmo/data/legacysurvey/dr10/south/coadd/198/1981m135/legacysurvey-1981m135-image-r.fits.fz,False,,19,,,no_dr10_imaging_coverage,NGC 5044 TR3
0.0791,21.007037398046766,NGC5044,True,WALLABY J131248-173738,10.34195514059829,0.12969303854347558,47,,False,1024,1,5.173821916179112,3.0826890666558486,pass,NGC 5044 TR3
0.0878,9.799937982530686,NGC5044,True,WALLABY J131251-183142,8.6529548309029,0.16307719864666603,39,,False,2304,15,3.554912930522258,2.118103676812963,pass,NGC 5044 TR3
0.0478,33.83204379992831,NGC5044,True,WALLABY J131253-105339,9.485272277356934,0.15515506854445574,52,,False,1280,5,10.336401292225066,6.1586795541739905,pass,NGC 5044 TR3
,,NGC5044,False,WALLABY J131312-182434,,,,no adjacent registered frame pair satisfied all frozen convergence criteria,False,,15,,,frame_nonconverged_after_registered_ladder,NGC 5044 TR3
0.0958,49.53349532747505,NGC5044,True,WALLABY J131321-185558,9.848405933715336,0.15234063640662066,56,,False,1280,14,11.58048259339529,6.899933483528536,pass,NGC 5044 TR3
,,NGC5044,False,WALLABY J131324-124234,,,,HTTP 404 https://portal.nersc.gov/cfs/cosmo/data/legacysurvey/dr10/south/coadd/198/1983m127/legacysurvey-1983m127-image-r.fits.fz,False,,21,,,no_dr10_imaging_coverage,NGC 5044 TR3
0.0984,17.361187932270052,NGC5044,True,WALLABY J131327-204640,10.257197871530261,0.13920060361038503,45,,False,1536,11,6.704687589922842,3.994816107637126,pass,NGC 5044 TR3
0.0752,9.799937982530686,NGC5044,True,WALLABY J131344-175928,8.822915330711067,0.3739450314945905,39,,False,1280,2,4.476479147614782,2.66719526667745,pass,NGC 5044 TR3
,,NGC5044,False,WALLABY J131346-144345,,,,no adjacent registered frame pair satisfied all frozen convergence criteria,False,,1,,,frame_nonconverged_after_registered_ladder,NGC 5044 TR3
,,NGC5044,False,WALLABY J131352-204405,,,,no adjacent registered frame pair satisfied all frozen convergence criteria,False,,15,,,frame_nonconverged_after_registered_ladder,NGC 5044 TR3
,,NGC5044,False,WALLABY J131403-120644,,,,HTTP 404 https://portal.nersc.gov/cfs/cosmo/data/legacysurvey/dr10/south/coadd/198/1985m122/legacysurvey-1985m122-image-r.fits.fz,False,,16,,,no_dr10_imaging_coverage,NGC 5044 TR3
,,NGC5044,False,WALLABY J131409-171242,,,,HTTP 404 https://portal.nersc.gov/cfs/cosmo/data/legacysurvey/dr10/south/coadd/198/1984m172/legacysurvey-1984m172-image-r.fits.fz,False,,5,,,no_dr10_imaging_coverage,NGC 5044 TR3
,,NGC5044,False,WALLABY J131410-132513,,,,HTTP 404 https://portal.nersc.gov/cfs/cosmo/data/legacysurvey/dr10/south/coadd/198/1986m135/legacysurvey-1986m135-image-r.fits.fz,False,,8,,,no_dr10_imaging_coverage,NGC 5044 TR3
,,NGC5044,False,WALLABY J131413-125346,,,,HTTP 404 https://portal.nersc.gov/cfs/cosmo/data/legacysurvey/dr10/south/coadd/198/1985m130/legacysurvey-1985m130-image-r.fits.fz,False,,14,,,no_dr10_imaging_coverage,NGC 5044 TR3
,,NGC5044,False,WALLABY J131415-141108,,,,HTTP 404 https://portal.nersc.gov/cfs/cosmo/data/legacysurvey/dr10/south/coadd/198/1986m140/legacysurvey-1986m140-image-r.fits.fz,False,,19,,,no_dr10_imaging_coverage,NGC 5044 TR3
,,NGC5044,False,WALLABY J131420-122736,,,,HTTP 404 https://portal.nersc.gov/cfs/cosmo/data/legacysurvey/dr10/south/coadd/198/1985m125/legacysurvey-1985m125-image-r.fits.fz,False,,1,,,no_dr10_imaging_coverage,NGC 5044 TR3
0.0436,72.52199050895625,NGC5044,True,WALLABY J131431-105651,8.411251899303068,0.16906149673433554,60,,False,1024,23,21.968826859336236,13.089561926117648,pass,NGC 5044 TR3
,,NGC5044,False,WALLABY J131434-145005,,,,no adjacent registered frame pair satisfied all frozen convergence criteria,False,,13,,,frame_nonconverged_after_registered_ladder,NGC 5044 TR3
0.0992,30.75640345448028,NGC5044,True,WALLABY J131441-184647,10.358879072227797,0.15340308595453306,51,,False,1792,16,10.840472368303216,6.4590173741102275,pass,NGC 5044 TR3
,,NGC5044,False,WALLABY J131448-163249,,,,HTTP 404 https://portal.nersc.gov/cfs/cosmo/data/legacysurvey/dr10/south/coadd/198/1986m165/legacysurvey-1986m165-image-r.fits.fz,False,,10,,,no_dr10_imaging_coverage,NGC 5044 TR3
0.0825,19.09730672549706,NGC5044,True,WALLABY J131451-143740,10.371510868529938,0.14667801764782928,46,,False,1024,13,5.568344317612881,3.317755119016006,pass,NGC 5044 TR3
,,NGC5044,False,WALLABY J131512-175802,,,,HTTP 404 https://portal.nersc.gov/cfs/cosmo/data/legacysurvey/dr10/south/coadd/198/1987m180/legacysurvey-1987m180-image-r.fits.fz,False,,5,,,no_dr10_imaging_coverage,NGC 5044 TR3
0.0587,14.348089200223182,NGC5044,True,WALLABY J131516-145919,7.838424752482989,0.19674273253952354,43,,False,1280,21,4.794046118223234,2.856409399688943,pass,NGC 5044 TR3
,,NGC5044,False,WALLABY J131524-154106,,,,HTTP 404 https://portal.nersc.gov/cfs/cosmo/data/legacysurvey/dr10/south/coadd/198/1988m157/legacysurvey-1988m157-image-r.fits.fz,False,,1,,,no_dr10_imaging_coverage,NGC 5044 TR3
,,NGC5044,False,WALLABY J131526-132732,,,,HTTP 404 https://portal.nersc.gov/cfs/cosmo/data/legacysurvey/dr10/south/coadd/198/1988m135/legacysurvey-1988m135-image-r.fits.fz,False,,22,,,no_dr10_imaging_coverage,NGC 5044 TR3
,,NGC5044,False,WALLABY J131528-131929,,,,HTTP 404 https://portal.nersc.gov/cfs/cosmo/data/legacysurvey/dr10/south/coadd/198/1988m132/legacysurvey-1988m132-image-r.fits.fz,False,,15,,,no_dr10_imaging_coverage,NGC 5044 TR3
,,NGC5044,False,WALLABY J131532-161726,,,,HTTP 404 https://portal.nersc.gov/cfs/cosmo/data/legacysurvey/dr10/south/coadd/198/1988m162/legacysurvey-1988m162-image-r.fits.fz,False,,14,,,no_dr10_imaging_coverage,NGC 5044 TR3
,,NGC5044,False,WALLABY J131535-142104,,,,HTTP 404 https://portal.nersc.gov/cfs/cosmo/data/legacysurvey/dr10/south/coadd/198/1989m142/legacysurvey-1989m142-image-r.fits.fz,False,,12,,,no_dr10_imaging_coverage,NGC 5044 TR3
,,NGC5044,False,WALLABY J131547-173827,,,,HTTP 404 https://portal.nersc.gov/cfs/cosmo/data/legacysurvey/dr10/south/coadd/198/1989m177/legacysurvey-1989m177-image-r.fits.fz,False,,18,,,no_dr10_imaging_coverage,NGC 5044 TR3
,,NGC5044,False,WALLABY J131548-170147,,,,HTTP 404 https://portal.nersc.gov/cfs/cosmo/data/legacysurvey/dr10/south/coadd/198/1989m170/legacysurvey-1989m170-image-r.fits.fz,False,,20,,,no_dr10_imaging_coverage,NGC 5044 TR3
,,NGC5044,False,WALLABY J131551-161220,,,,HTTP 404 https://portal.nersc.gov/cfs/cosmo/data/legacysurvey/dr10/south/coadd/198/1988m162/legacysurvey-1988m162-image-r.fits.fz,False,,14,,,no_dr10_imaging_coverage,NGC 5044 TR3
,,NGC5044,False,WALLABY J131554-145828,,,,no adjacent registered frame pair satisfied all frozen convergence criteria,False,,2,,,frame_nonconverged_after_registered_ladder,NGC 5044 TR3
0.0887,1.6023681697484635,NGC5044,True,WALLABY J131600-185222,8.636132964422227,0.4272010856980927,20,,False,2816,10,0.986955508128762,0.5880521215216435,pass,NGC 5044 TR3
,,NGC5044,False,WALLABY J131608-165949,,,,HTTP 404 https://portal.nersc.gov/cfs/cosmo/data/legacysurvey/dr10/south/coadd/198/1989m170/legacysurvey-1989m170-image-r.fits.fz,False,,20,,,no_dr10_imaging_coverage,NGC 5044 TR3
0.0861,8.90903452957335,NGC5044,True,WALLABY J131618-190711,8.064065811028343,0.17316162131703214,38,,False,1024,12,4.16424809465344,2.481160403315707,pass,NGC 5044 TR3
0.0947,37.21524817992115,NGC5044,True,WALLABY J131618-204147,8.726935295634117,0.18767548543583742,53,,False,2048,7,10.820639446394068,6.447200436357117,pass,NGC 5044 TR3
,,NGC5044,False,WALLABY J131620-164013,,,,HTTP 404 https://portal.nersc.gov/cfs/cosmo/data/legacysurvey/dr10/south/coadd/199/1991m167/legacysurvey-1991m167-image-r.fits.fz,False,,4,,,no_dr10_imaging_coverage,NGC 5044 TR3
0.082,23.107741137851445,NGC5044,True,WALLABY J131624-192614,9.498161973927882,0.14843181214731963,48,,False,1024,10,7.516033130845861,4.478235535055389,pass,NGC 5044 TR3
,,NGC5044,False,WALLABY J131638-174225,,,,HTTP 404 https://portal.nersc.gov/cfs/cosmo/data/legacysurvey/dr10/south/coadd/199/1992m177/legacysurvey-1992m177-image-r.fits.fz,False,,5,,,no_dr10_imaging_coverage,NGC 5044 TR3
,,NGC5044,False,WALLABY J131649-133623,,,,HTTP 404 https://portal.nersc.gov/cfs/cosmo/data/legacysurvey/dr10/south/coadd/199/1991m135/legacysurvey-1991m135-image-r.fits.fz,False,,13,,,no_dr10_imaging_coverage,NGC 5044 TR3
0.0898,23.107741137851445,NGC5044,True,WALLABY J131650-184634,8.707682503183811,0.2326027268776288,48,,False,2560,10,9.261824652094193,5.518420628860694,pass,NGC 5044 TR3
0.1359,54.48684486022256,NGC5044,True,WALLABY J131650-214015,8.783958465035957,0.16756167869524458,57,,False,1792,20,18.973121916052445,11.30464798334944,pass,NGC 5044 TR3
,,NGC5044,False,WALLABY J131652-175359,,,,HTTP 404 https://portal.nersc.gov/cfs/cosmo/data/legacysurvey/dr10/south/coadd/199/1992m180/legacysurvey-1992m180-image-r.fits.fz,False,,3,,,no_dr10_imaging_coverage,NGC 5044 TR3
,,NGC5044,False,WALLABY J131655-134334,,,,HTTP 404 https://portal.nersc.gov/cfs/cosmo/data/legacysurvey/dr10/south/coadd/199/1991m137/legacysurvey-1991m137-image-r.fits.fz,False,,2,,,no_dr10_imaging_coverage,NGC 5044 TR3
,,NGC5044,False,WALLABY J131655-163531,,,,HTTP 404 https://portal.nersc.gov/cfs/cosmo/data/legacysurvey/dr10/south/coadd/199/1991m165/legacysurvey-1991m165-image-r.fits.fz,False,,6,,,no_dr10_imaging_coverage,NGC 5044 TR3
,,NGC5044,False,WALLABY J131658-163757,,,,HTTP 404 https://portal.nersc.gov/cfs/cosmo/data/legacysurvey/dr10/south/coadd/199/1991m167/legacysurvey-1991m167-image-r.fits.fz,False,,4,,,no_dr10_imaging_coverage,NGC 5044 TR3
,,NGC5044,False,WALLABY J131713-130921,,,,HTTP 404 https://portal.nersc.gov/cfs/cosmo/data/legacysurvey/dr10/south/coadd/199/1993m132/legacysurvey-1993m132-image-r.fits.fz,False,,8,,,no_dr10_imaging_coverage,NGC 5044 TR3
,,NGC5044,False,WALLABY J131721-175129,,,,HTTP 404 https://portal.nersc.gov/cfs/cosmo/data/legacysurvey/dr10/south/coadd/199/1992m177/legacysurvey-1992m177-image-r.fits.fz,False,,5,,,no_dr10_imaging_coverage,NGC 5044 TR3
,,NGC5044,False,WALLABY J131727-161741,,,,HTTP 404 https://portal.nersc.gov/cfs/cosmo/data/legacysurvey/dr10/south/coadd/199/1993m162/legacysurvey-1993m162-image-r.fits.fz,False,,9,,,no_dr10_imaging_coverage,NGC 5044 TR3
,,NGC5044,False,WALLABY J131732-121430,,,,HTTP 404 https://portal.nersc.gov/cfs/cosmo/data/legacysurvey/dr10/south/coadd/199/1993m122/legacysurvey-1993m122-image-r.fits.fz,False,,11,,,no_dr10_imaging_coverage,NGC 5044 TR3
,,NGC5044,False,WALLABY J131734-161058,,,,HTTP 404 https://portal.nersc.gov/cfs/cosmo/data/legacysurvey/dr10/south/coadd/199/1993m162/legacysurvey-1993m162-image-r.fits.fz,False,,9,,,no_dr10_imaging_coverage,NGC 5044 TR3
,,NGC5044,False,WALLABY J131738-151033,,,,HTTP 404 https://portal.nersc.gov/cfs/cosmo/data/legacysurvey/dr10/south/coadd/199/1995m152/legacysurvey-1995m152-image-r.fits.fz,False,,4,,,no_dr10_imaging_coverage,NGC 5044 TR3
0.0994,23.107741137851445,NGC5044,True,WALLABY J131738-201111,10.638822642329423,0.16169324181797334,48,,False,1024,6,5.667994252471417,3.3771289764193235,pass,NGC 5044 TR3
,,NGC5044,False,WALLABY J131739-164913,,,,HTTP 404 https://portal.nersc.gov/cfs/cosmo/data/legacysurvey/dr10/south/coadd/199/1994m167/legacysurvey-1994m167-image-r.fits.fz,False,,9,,,no_dr10_imaging_coverage,NGC 5044 TR3
0.1377,49.53349532747505,NGC5044,True,WALLABY J131739-213708,8.996447299250196,0.13909252052356752,56,,False,1536,14,21.32577744329073,12.706417427470724,pass,NGC 5044 TR3
,,NGC5044,False,WALLABY J131742-141341,,,,HTTP 404 https://portal.nersc.gov/cfs/cosmo/data/legacysurvey/dr10/south/coadd/199/1994m142/legacysurvey-1994m142-image-r.fits.fz,False,,1,,,no_dr10_imaging_coverage,NGC 5044 TR3
,,NGC5044,False,WALLABY J131743-181822,,,,HTTP 404 https://portal.nersc.gov/cfs/cosmo/data/legacysurvey/dr10/south/coadd/199/1995m182/legacysurvey-1995m182-image-r.fits.fz,False,,9,,,no_dr10_imaging_coverage,NGC 5044 TR3
0.0802,14.348089200223182,NGC5044,True,WALLABY J131744-185121,8.733029914443238,0.19058051217027966,43,,False,2304,7,4.320153579107904,2.5740526868433915,pass,NGC 5044 TR3
,,NGC5044,False,WALLABY J131745-150812,,,,HTTP 404 https://portal.nersc.gov/cfs/cosmo/data/legacysurvey/dr10/south/coadd/199/1995m152/legacysurvey-1995m152-image-r.fits.fz,False,,4,,,no_dr10_imaging_coverage,NGC 5044 TR3
0.0802,0.9949445639880927,NGC5044,True,WALLABY J131745-185133,6.619206772766608,0.606464432285049,15,,False,2304,7,0.7093147495300994,0.4226269977241466,pass,NGC 5044 TR3
,,NGC5044,False,WALLABY J131749-150807,,,,HTTP 404 https://portal.nersc.gov/cfs/cosmo/data/legacysurvey/dr10/south/coadd/199/1995m152/legacysurvey-1995m152-image-r.fits.fz,False,,4,,,no_dr10_imaging_coverage,NGC 5044 TR3
0.0802,21.007037398046766,NGC5044,True,WALLABY J131753-193408,9.889332592979965,0.12709017819653873,47,,False,1024,22,5.819164590328461,3.4671999443158623,pass,NGC 5044 TR3
,,NGC5044,False,WALLABY J131758-151541,,,,HTTP 404 https://portal.nersc.gov/cfs/cosmo/data/legacysurvey/dr10/south/coadd/199/1995m152/legacysurvey-1995m152-image-r.fits.fz,False,,4,,,no_dr10_imaging_coverage,NGC 5044 TR3
,,NGC5044,False,WALLABY J131802-151824,,,,HTTP 404 https://portal.nersc.gov/cfs/cosmo/data/legacysurvey/dr10/south/coadd/199/1995m152/legacysurvey-1995m152-image-r.fits.fz,False,,4,,,no_dr10_imaging_coverage,NGC 5044 TR3
0.0808,15.7828981202455,NGC5044,True,WALLABY J131805-191823,9.401973242883653,0.1597331047293095,44,,False,1024,16,6.714582577079035,4.000711781901775,pass,NGC 5044 TR3
,,NGC5044,False,WALLABY J131806-181910,,,,HTTP 404 https://portal.nersc.gov/cfs/cosmo/data/legacysurvey/dr10/south/coadd/199/1995m182/legacysurvey-1995m182-image-r.fits.fz,False,,12,,,no_dr10_imaging_coverage,NGC 5044 TR3
,,NGC5044,False,WALLABY J131807-154958,,,,HTTP 404 https://portal.nersc.gov/cfs/cosmo/data/legacysurvey/dr10/south/coadd/199/1995m157/legacysurvey-1995m157-image-r.fits.fz,False,,15,,,no_dr10_imaging_coverage,NGC 5044 TR3
,,NGC5044,False,WALLABY J131824-152926,,,,HTTP 404 https://portal.nersc.gov/cfs/cosmo/data/legacysurvey/dr10/south/coadd/199/1995m155/legacysurvey-1995m155-image-r.fits.fz,False,,21,,,no_dr10_imaging_coverage,NGC 5044 TR3
,,NGC5044,False,WALLABY J131830-134228,,,,HTTP 404 https://portal.nersc.gov/cfs/cosmo/data/legacysurvey/dr10/south/coadd/199/1996m137/legacysurvey-1996m137-image-r.fits.fz,False,,21,,,no_dr10_imaging_coverage,NGC 5044 TR3
,,NGC5044,False,WALLABY J131830-143635,,,,HTTP 404 https://portal.nersc.gov/cfs/cosmo/data/legacysurvey/dr10/south/coadd/199/1997m145/legacysurvey-1997m145-image-r.fits.fz,False,,23,,,no_dr10_imaging_coverage,NGC 5044 TR3
,,NGC5044,False,WALLABY J131835-183814,,,,HTTP 404 https://portal.nersc.gov/cfs/cosmo/data/legacysurvey/dr10/south/coadd/199/1996m185/legacysurvey-1996m185-image-r.fits.fz,False,,17,,,no_dr10_imaging_coverage,NGC 5044 TR3
,,NGC5044,False,WALLABY J131835-211758,,,,no adjacent registered frame pair satisfied all frozen convergence criteria,False,,8,,,frame_nonconverged_after_registered_ladder,NGC 5044 TR3
,,NGC5044,False,WALLABY J131836-145740,,,,HTTP 404 https://portal.nersc.gov/cfs/cosmo/data/legacysurvey/dr10/south/coadd/199/1995m150/legacysurvey-1995m150-image-r.fits.fz,False,,3,,,no_dr10_imaging_coverage,NGC 5044 TR3
,,NGC5044,False,WALLABY J131843-172044,,,,HTTP 404 https://portal.nersc.gov/cfs/cosmo/data/legacysurvey/dr10/south/coadd/199/1997m172/legacysurvey-1997m172-image-r.fits.fz,False,,7,,,no_dr10_imaging_coverage,NGC 5044 TR3
0.0503,8.90903452957335,NGC5044,True,WALLABY J131844-113805,9.752572972124506,0.25905698128875354,38,,False,1280,3,2.315877532725343,1.3798562195427502,pass,NGC 5044 TR3
,,NGC5044,False,WALLABY J131845-153954,,,,HTTP 404 https://portal.nersc.gov/cfs/cosmo/data/legacysurvey/dr10/south/coadd/199/1995m157/legacysurvey-1995m157-image-r.fits.fz,False,,15,,,no_dr10_imaging_coverage,NGC 5044 TR3
,,NGC5044,False,WALLABY J131847-210939,,,,no adjacent registered frame pair satisfied all frozen convergence criteria,False,,8,,,frame_nonconverged_after_registered_ladder,NGC 5044 TR3
,,NGC5044,False,WALLABY J131851-123625,,,,HTTP 404 https://portal.nersc.gov/cfs/cosmo/data/legacysurvey/dr10/south/coadd/199/1998m125/legacysurvey-1998m125-image-r.fits.fz,False,,3,,,no_dr10_imaging_coverage,NGC 5044 TR3
,,NGC5044,False,WALLABY J131854-183512,,,,HTTP 404 https://portal.nersc.gov/cfs/cosmo/data/legacysurvey/dr10/south/coadd/199/1996m185/legacysurvey-1996m185-image-r.fits.fz,False,,2,,,no_dr10_imaging_coverage,NGC 5044 TR3
,,NGC5044,False,WALLABY J131855-170333,,,,HTTP 404 https://portal.nersc.gov/cfs/cosmo/data/legacysurvey/dr10/south/coadd/199/1997m170/legacysurvey-1997m170-image-r.fits.fz,False,,12,,,no_dr10_imaging_coverage,NGC 5044 TR3
,,NGC5044,False,WALLABY J131858-150054,,,,HTTP 404 https://portal.nersc.gov/cfs/cosmo/data/legacysurvey/dr10/south/coadd/199/1997m150/legacysurvey-1997m150-image-r.fits.fz,False,,2,,,no_dr10_imaging_coverage,NGC 5044 TR3
,,NGC5044,False,WALLABY J131905-175622,,,,HTTP 404 https://portal.nersc.gov/cfs/cosmo/data/legacysurvey/dr10/south/coadd/199/1998m180/legacysurvey-1998m180-image-r.fits.fz,False,,2,,,no_dr10_imaging_coverage,NGC 5044 TR3
0.0777,25.41851525163659,NGC5044,True,WALLABY J131915-155513,9.56406848371075,0.1534239154373964,49,,False,1024,19,5.99888014749405,3.5742788488776687,pass,NGC 5044 TR3
,,NGC5044,False,WALLABY J131919-170339,,,,HTTP 404 https://portal.nersc.gov/cfs/cosmo/data/legacysurvey/dr10/south/coadd/199/1997m170/legacysurvey-1997m170-image-r.fits.fz,False,,12,,,no_dr10_imaging_coverage,NGC 5044 TR3
,,NGC5044,False,WALLABY J131920-170105,,,,HTTP 404 https://portal.nersc.gov/cfs/cosmo/data/legacysurvey/dr10/south/coadd/199/1997m170/legacysurvey-1997m170-image-r.fits.fz,False,,12,,,no_dr10_imaging_coverage,NGC 5044 TR3
,,NGC5044,False,WALLABY J131934-124159,,,,HTTP 404 https://portal.nersc.gov/cfs/cosmo/data/legacysurvey/dr10/south/coadd/199/1998m127/legacysurvey-1998m127-image-r.fits.fz,False,,1,,,no_dr10_imaging_coverage,NGC 5044 TR3
,,NGC5044,False,WALLABY J131938-124148,,,,HTTP 404 https://portal.nersc.gov/cfs/cosmo/data/legacysurvey/dr10/south/coadd/199/1998m127/legacysurvey-1998m127-image-r.fits.fz,False,,1,,,no_dr10_imaging_coverage,NGC 5044 TR3
,,NGC5044,False,WALLABY J131954-163715,,,,HTTP 404 https://portal.nersc.gov/cfs/cosmo/data/legacysurvey/dr10/south/coadd/199/1999m167/legacysurvey-1999m167-image-r.fits.fz,False,,21,,,no_dr10_imaging_coverage,NGC 5044 TR3
,,NGC5044,False,WALLABY J132001-195929,,,,HTTP 404 https://portal.nersc.gov/cfs/cosmo/data/legacysurvey/dr10/south/coadd/200/2000m200/legacysurvey-2000m200-image-r.fits.fz,False,,22,,,no_dr10_imaging_coverage,NGC 5044 TR3
,,NGC5044,False,WALLABY J132004-165233,,,,HTTP 404 https://portal.nersc.gov/cfs/cosmo/data/legacysurvey/dr10/south/coadd/199/1999m170/legacysurvey-1999m170-image-r.fits.fz,False,,8,,,no_dr10_imaging_coverage,NGC 5044 TR3
,,NGC5044,False,WALLABY J132009-174141,,,,HTTP 404 https://portal.nersc.gov/cfs/cosmo/data/legacysurvey/dr10/south/coadd/200/2000m177/legacysurvey-2000m177-image-r.fits.fz,False,,9,,,no_dr10_imaging_coverage,NGC 5044 TR3
,,NGC5044,False,WALLABY J132014-141744,,,,HTTP 404 https://portal.nersc.gov/cfs/cosmo/data/legacysurvey/dr10/south/coadd/199/1999m142/legacysurvey-1999m142-image-r.fits.fz,False,,7,,,no_dr10_imaging_coverage,NGC 5044 TR3
,,NGC5044,False,WALLABY J132017-144841,,,,HTTP 404 https://portal.nersc.gov/cfs/cosmo/data/legacysurvey/dr10/south/coadd/200/2000m147/legacysurvey-2000m147-image-r.fits.fz,False,,9,,,no_dr10_imaging_coverage,NGC 5044 TR3
,,NGC5044,False,WALLABY J132018-163208,,,,HTTP 404 https://portal.nersc.gov/cfs/cosmo/data/legacysurvey/dr10/south/coadd/199/1999m167/legacysurvey-1999m167-image-r.fits.fz,False,,1,,,no_dr10_imaging_coverage,NGC 5044 TR3
,,NGC5044,False,WALLABY J132024-143418,,,,HTTP 404 https://portal.nersc.gov/cfs/cosmo/data/legacysurvey/dr10/south/coadd/199/1999m145/legacysurvey-1999m145-image-r.fits.fz,False,,0,,,no_dr10_imaging_coverage,NGC 5044 TR3
,,NGC5044,False,WALLABY J132025-164032,,,,HTTP 404 https://portal.nersc.gov/cfs/cosmo/data/legacysurvey/dr10/south/coadd/199/1999m167/legacysurvey-1999m167-image-r.fits.fz,False,,23,,,no_dr10_imaging_coverage,NGC 5044 TR3
,,NGC5044,False,WALLABY J132036-173846,,,,HTTP 404 https://portal.nersc.gov/cfs/cosmo/data/legacysurvey/dr10/south/coadd/200/2000m177/legacysurvey-2000m177-image-r.fits.fz,False,,9,,,no_dr10_imaging_coverage,NGC 5044 TR3
,,NGC5044,False,WALLABY J132037-142743,,,,HTTP 404 https://portal.nersc.gov/cfs/cosmo/data/legacysurvey/dr10/south/coadd/200/2002m145/legacysurvey-2002m145-image-r.fits.fz,False,,8,,,no_dr10_imaging_coverage,NGC 5044 TR3
,,NGC5044,False,WALLABY J132040-165353,,,,HTTP 404 https://portal.nersc.gov/cfs/cosmo/data/legacysurvey/dr10/south/coadd/200/2002m170/legacysurvey-2002m170-image-r.fits.fz,False,,0,,,no_dr10_imaging_coverage,NGC 5044 TR3
,,NGC5044,False,WALLABY J132042-173916,,,,HTTP 404 https://portal.nersc.gov/cfs/cosmo/data/legacysurvey/dr10/south/coadd/200/2003m177/legacysurvey-2003m177-image-r.fits.fz,False,,13,,,no_dr10_imaging_coverage,NGC 5044 TR3
,,NGC5044,False,WALLABY J132046-124531,,,,HTTP 404 https://portal.nersc.gov/cfs/cosmo/data/legacysurvey/dr10/south/coadd/200/2000m127/legacysurvey-2000m127-image-r.fits.fz,False,,13,,,no_dr10_imaging_coverage,NGC 5044 TR3
,,NGC5044,False,WALLABY J132059-122814,,,,HTTP 404 https://portal.nersc.gov/cfs/cosmo/data/legacysurvey/dr10/south/coadd/200/2003m125/legacysurvey-2003m125-image-r.fits.fz,False,,9,,,no_dr10_imaging_coverage,NGC 5044 TR3
,,NGC5044,False,WALLABY J132059-173347,,,,HTTP 404 https://portal.nersc.gov/cfs/cosmo/data/legacysurvey/dr10/south/coadd/200/2002m175/legacysurvey-2002m175-image-r.fits.fz,False,,12,,,no_dr10_imaging_coverage,NGC 5044 TR3
,,NGC5044,False,WALLABY J132113-131115,,,,HTTP 404 https://portal.nersc.gov/cfs/cosmo/data/legacysurvey/dr10/south/coadd/200/2003m132/legacysurvey-2003m132-image-r.fits.fz,False,,23,,,no_dr10_imaging_coverage,NGC 5044 TR3
,,NGC5044,False,WALLABY J132119-130231,,,,HTTP 404 https://portal.nersc.gov/cfs/cosmo/data/legacysurvey/dr10/south/coadd/200/2003m130/legacysurvey-2003m130-image-r.fits.fz,False,,6,,,no_dr10_imaging_coverage,NGC 5044 TR3
0.0754,27.960366776800253,NGC5044,True,WALLABY J132121-151214,8.714145458139361,0.1626906455709654,50,,False,2816,22,10.008688254195796,5.963420147163038,pass,NGC 5044 TR3
0.0681,27.960366776800253,NGC5044,True,WALLABY J132124-160619,9.446033900784363,0.15233639985177294,50,,False,1280,9,6.829352173940637,4.069094302050641,pass,NGC 5044 TR3
0.0727,37.21524817992115,NGC5044,True,WALLABY J132132-152931,9.241635890142483,0.27234692543669614,53,,False,1280,23,13.369768740412926,7.966033734347275,pass,NGC 5044 TR3
0.0962,45.03045029770459,NGC5044,True,WALLABY J132136-203629,8.307258533091701,0.14012121703171218,55,,False,1536,0,9.75138855518802,5.810114721921252,pass,NGC 5044 TR3
0.0686,23.107741137851445,NGC5044,True,WALLABY J132145-154135,8.5236701045131,0.15031727218499505,48,,False,1536,0,9.251750589202352,5.512418256912722,pass,NGC 5044 TR3
,,NGC5044,False,WALLABY J132148-131222,,,,HTTP 404 https://portal.nersc.gov/cfs/cosmo/data/legacysurvey/dr10/south/coadd/200/2003m132/legacysurvey-2003m132-image-r.fits.fz,False,,23,,,no_dr10_imaging_coverage,NGC 5044 TR3
,,NGC5044,False,WALLABY J132151-144210,,,,HTTP 404 https://portal.nersc.gov/cfs/cosmo/data/legacysurvey/dr10/south/coadd/200/2005m147/legacysurvey-2005m147-image-r.fits.fz,False,,18,,,no_dr10_imaging_coverage,NGC 5044 TR3
,,NGC5044,False,WALLABY J132151-171211,,,,HTTP 404 https://portal.nersc.gov/cfs/cosmo/data/legacysurvey/dr10/south/coadd/200/2005m172/legacysurvey-2005m172-image-r.fits.fz,False,,2,,,no_dr10_imaging_coverage,NGC 5044 TR3
0.0851,54.48684486022256,NGC5044,True,WALLABY J132157-165559,10.542478038074053,0.14490607963033125,57,,False,1024,23,11.101341247530721,6.614449403827107,pass,NGC 5044 TR3
,,NGC5044,False,WALLABY J132158-170021,,,,HTTP 404 https://portal.nersc.gov/cfs/cosmo/data/legacysurvey/dr10/south/coadd/200/2002m170/legacysurvey-2002m170-image-r.fits.fz,False,,23,,,no_dr10_imaging_coverage,NGC 5044 TR3
,,NGC5044,False,WALLABY J132202-174134,,,,HTTP 404 https://portal.nersc.gov/cfs/cosmo/data/legacysurvey/dr10/south/coadd/200/2005m177/legacysurvey-2005m177-image-r.fits.fz,False,,15,,,no_dr10_imaging_coverage,NGC 5044 TR3
,,NGC5044,False,WALLABY J132202-201335,,,,HTTP 404 https://portal.nersc.gov/cfs/cosmo/data/legacysurvey/dr10/south/coadd/200/2003m200/legacysurvey-2003m200-image-r.fits.fz,False,,3,,,no_dr10_imaging_coverage,NGC 5044 TR3
,,NGC5044,False,WALLABY J132205-130816,,,,HTTP 404 https://portal.nersc.gov/cfs/cosmo/data/legacysurvey/dr10/south/coadd/200/2006m132/legacysurvey-2006m132-image-r.fits.fz,False,,8,,,no_dr10_imaging_coverage,NGC 5044 TR3
,,NGC5044,False,WALLABY J132207-172410,,,,HTTP 404 https://portal.nersc.gov/cfs/cosmo/data/legacysurvey/dr10/south/coadd/200/2005m175/legacysurvey-2005m175-image-r.fits.fz,False,,17,,,no_dr10_imaging_coverage,NGC 5044 TR3
0.0785,1.938865485395641,NGC5044,True,WALLABY J132208-164023,9.12522844689277,0.2181285013329047,22,,False,1024,17,1.4293488355997332,0.8516408371462831,pass,NGC 5044 TR3
0.0708,96.5267693674208,NGC5044,True,WALLABY J132211-160558,10.901817504527127,0.15069766172897842,63,,False,1280,8,10.583182203113827,6.3057176293495605,pass,NGC 5044 TR3
0.0782,79.77418955985188,NGC5044,True,WALLABY J132219-164225,10.476773957917356,0.2598956188954341,61,,False,1024,17,21.553860977769947,12.842315150549403,pass,NGC 5044 TR3
,,NGC5044,False,WALLABY J132228-185728,,,,HTTP 404 https://portal.nersc.gov/cfs/cosmo/data/legacysurvey/dr10/south/coadd/200/2007m190/legacysurvey-2007m190-image-r.fits.fz,False,,22,,,no_dr10_imaging_coverage,NGC 5044 TR3
0.1216,79.77418955985188,NGC5044,True,WALLABY J132229-214334,9.034389894940958,0.15745126360171846,61,,False,2816,1,17.085243759511556,10.179804212799855,pass,NGC 5044 TR3
,,NGC5044,False,WALLABY J132243-172410,,,,HTTP 404 https://portal.nersc.gov/cfs/cosmo/data/legacysurvey/dr10/south/coadd/200/2007m175/legacysurvey-2007m175-image-r.fits.fz,False,,21,,,no_dr10_imaging_coverage,NGC 5044 TR3
,,NGC5044,False,WALLABY J132247-175705,,,,HTTP 404 https://portal.nersc.gov/cfs/cosmo/data/legacysurvey/dr10/south/coadd/200/2005m180/legacysurvey-2005m180-image-r.fits.fz,False,,22,,,no_dr10_imaging_coverage,NGC 5044 TR3
,,NGC5044,False,WALLABY J132255-173325,,,,HTTP 404 https://portal.nersc.gov/cfs/cosmo/data/legacysurvey/dr10/south/coadd/200/2007m175/legacysurvey-2007m175-image-r.fits.fz,False,,21,,,no_dr10_imaging_coverage,NGC 5044 TR3
,,NGC5044,False,WALLABY J132256-170904,,,,HTTP 404 https://portal.nersc.gov/cfs/cosmo/data/legacysurvey/dr10/south/coadd/200/2007m172/legacysurvey-2007m172-image-r.fits.fz,False,,3,,,no_dr10_imaging_coverage,NGC 5044 TR3
,,NGC5044,False,WALLABY J132259-172513,,,,HTTP 404 https://portal.nersc.gov/cfs/cosmo/data/legacysurvey/dr10/south/coadd/200/2007m175/legacysurvey-2007m175-image-r.fits.fz,False,,21,,,no_dr10_imaging_coverage,NGC 5044 TR3
0.1134,79.77418955985188,NGC5044,True,WALLABY J132259-204701,10.064188241145365,0.14506831230988926,61,,False,1280,3,16.788143700172967,10.002784763838564,pass,NGC 5044 TR3
0.0804,8.90903452957335,NGC5044,True,WALLABY J132313-152804,8.421707929632356,0.17500203540066941,38,,False,2048,8,4.288529701402946,2.5552104105482827,pass,NGC 5044 TR3
,,NGC5044,False,WALLABY J132314-165544,,,,no adjacent registered frame pair satisfied all frozen convergence criteria,False,,7,,,frame_nonconverged_after_registered_ladder,NGC 5044 TR3
,,NGC5044,False,WALLABY J132318-182146,,,,HTTP 404 https://portal.nersc.gov/cfs/cosmo/data/legacysurvey/dr10/south/coadd/200/2008m182/legacysurvey-2008m182-image-r.fits.fz,False,,23,,,no_dr10_imaging_coverage,NGC 5044 TR3
,,NGC5044,False,WALLABY J132328-172821,,,,HTTP 404 https://portal.nersc.gov/cfs/cosmo/data/legacysurvey/dr10/south/coadd/200/2007m175/legacysurvey-2007m175-image-r.fits.fz,False,,21,,,no_dr10_imaging_coverage,NGC 5044 TR3
0.0671,19.09730672549706,NGC5044,True,WALLABY J132329-163056,9.24011807226718,0.15688161313434357,46,,False,2816,12,7.844808468655386,4.674127886139631,pass,NGC 5044 TR3
,,NGC5044,False,WALLABY J132329-175427,,,,HTTP 404 https://portal.nersc.gov/cfs/cosmo/data/legacysurvey/dr10/south/coadd/200/2008m180/legacysurvey-2008m180-image-r.fits.fz,False,,20,,,no_dr10_imaging_coverage,NGC 5044 TR3
0.0809,40.93677299791326,NGC5044,True,WALLABY J132329-232337,7.834632141473426,0.20887192765623042,54,,False,1792,19,16.06475390967443,9.571771514015083,pass,NGC 5044 TR3
0.0964,49.53349532747505,NGC5044,True,WALLABY J132331-235339,11.045723996494594,0.15838515049766036,56,,False,1024,13,7.262986194668257,4.327464009451442,pass,NGC 5044 TR3
,,NGC5044,False,WALLABY J132347-193322,,,,HTTP 404 https://portal.nersc.gov/cfs/cosmo/data/legacysurvey/dr10/south/coadd/201/2010m195/legacysurvey-2010m195-image-r.fits.fz,False,,12,,,no_dr10_imaging_coverage,NGC 5044 TR3
,,NGC5044,False,WALLABY J132353-180755,,,,HTTP 404 https://portal.nersc.gov/cfs/cosmo/data/legacysurvey/dr10/south/coadd/200/2008m182/legacysurvey-2008m182-image-r.fits.fz,False,,23,,,no_dr10_imaging_coverage,NGC 5044 TR3
,,NGC5044,False,WALLABY J132353-184841,,,,HTTP 404 https://portal.nersc.gov/cfs/cosmo/data/legacysurvey/dr10/south/coadd/200/2009m187/legacysurvey-2009m187-image-r.fits.fz,False,,11,,,no_dr10_imaging_coverage,NGC 5044 TR3
0.0721,17.361187932270052,NGC5044,True,WALLABY J132358-151422,10.27070974382848,0.1572014212475651,45,,False,1280,12,5.353089076091519,3.1895008052169116,pass,NGC 5044 TR3
,,NGC5044,False,WALLABY J132358-190341,,,,HTTP 404 https://portal.nersc.gov/cfs/cosmo/data/legacysurvey/dr10/south/coadd/200/2009m190/legacysurvey-2009m190-image-r.fits.fz,False,,13,,,no_dr10_imaging_coverage,NGC 5044 TR3
0.0972,1.3242712146681515,NGC5044,True,WALLABY J132359-235510,10.379098314847022,0.41869682509470313,18,,False,1024,13,0.6622048114766752,0.3945577496284613,pass,NGC 5044 TR3
0.0759,96.5267693674208,NGC5044,True,WALLABY J132415-164212,8.82992100163553,0.16141594920537713,63,,False,1280,16,17.803190335822265,10.607574263082235,pass,NGC 5044 TR3
0.0917,59.93552934624482,NGC5044,True,WALLABY J132415-232043,9.98064156080285,0.12008850734382692,58,,False,1280,22,17.05363281809863,10.160969644262504,pass,NGC 5044 TR3
,,NGC5044,False,WALLABY J132419-185912,,,,HTTP 404 https://portal.nersc.gov/cfs/cosmo/data/legacysurvey/dr10/south/coadd/200/2009m190/legacysurvey-2009m190-image-r.fits.fz,False,,13,,,no_dr10_imaging_coverage,NGC 5044 TR3
0.0659,1.4566983361349666,NGC5044,True,WALLABY J132422-162744,8.223540271417583,0.17876799466281343,19,,False,1024,12,0.8700636498432559,0.5184051063449155,pass,NGC 5044 TR3
,,NGC5044,False,WALLABY J132427-201307,,,,HTTP 404 https://portal.nersc.gov/cfs/cosmo/data/legacysurvey/dr10/south/coadd/201/2011m200/legacysurvey-2011m200-image-r.fits.fz,False,,12,,,no_dr10_imaging_coverage,NGC 5044 TR3
,,NGC5044,False,WALLABY J132454-201759,,,,HTTP 404 https://portal.nersc.gov/cfs/cosmo/data/legacysurvey/dr10/south/coadd/201/2014m202/legacysurvey-2014m202-image-r.fits.fz,False,,12,,,no_dr10_imaging_coverage,NGC 5044 TR3
,,NGC5044,False,WALLABY J132455-192622,,,,HTTP 404 https://portal.nersc.gov/cfs/cosmo/data/legacysurvey/dr10/south/coadd/201/2013m195/legacysurvey-2013m195-image-r.fits.fz,False,,5,,,no_dr10_imaging_coverage,NGC 5044 TR3
,,NGC5044,False,WALLABY J132508-194605,,,,HTTP 404 https://portal.nersc.gov/cfs/cosmo/data/legacysurvey/dr10/south/coadd/201/2013m197/legacysurvey-2013m197-image-r.fits.fz,False,,17,,,no_dr10_imaging_coverage,NGC 5044 TR3
,,NGC5044,False,WALLABY J132529-174924,,,,HTTP 404 https://portal.nersc.gov/cfs/cosmo/data/legacysurvey/dr10/south/coadd/201/2013m177/legacysurvey-2013m177-image-r.fits.fz,False,,17,,,no_dr10_imaging_coverage,NGC 5044 TR3
0.1009,27.960366776800253,NGC5044,True,WALLABY J132531-212650,8.713384908296648,0.19234588662096738,50,,False,1280,4,11.786870010690375,7.022904131745349,pass,NGC 5044 TR3
0.0876,13.043717454748347,NGC5044,True,WALLABY J132531-220703,8.990353379404633,0.18235982895231442,42,,False,1024,3,5.235923530426137,3.119690720435684,pass,NGC 5044 TR3
0.0709,0.5105638802000004,NGC5044,True,WALLABY J132532-161724,7.934581031657781,0.7647310412588336,8,,False,1024,2,0.4096766123919839,0.2440953002143598,pass,NGC 5044 TR3
0.1002,33.83204379992831,NGC5044,True,WALLABY J132536-213356,9.208191949798833,0.31785937598634023,52,,False,2304,4,10.894335407143789,6.491110284075192,pass,NGC 5044 TR3
0.0675,17.361187932270052,NGC5044,True,WALLABY J132538-163436,8.795217099976018,0.21756138254524748,45,,False,1024,22,6.818052464057315,4.062361659783853,pass,NGC 5044 TR3
,,NGC5044,False,WALLABY J132540-155525,,,,no adjacent registered frame pair satisfied all frozen convergence criteria,False,,15,,,frame_nonconverged_after_registered_ladder,NGC 5044 TR3
0.0709,40.93677299791326,NGC5044,True,WALLABY J132542-164457,9.72165906185121,0.1261252673055268,54,,False,1024,11,9.331886598083562,5.560165242105821,pass,NGC 5044 TR3
0.0685,7.36283845419285,NGC5044,True,WALLABY J132551-162706,8.472712290843683,0.16132678720718274,36,,False,1024,22,2.9170380778640506,1.7380423090192414,pass,NGC 5044 TR3
,,NGC5044,False,WALLABY J132552-203408,,,,HTTP 404 https://portal.nersc.gov/cfs/cosmo/data/legacysurvey/dr10/south/coadd/201/2014m205/legacysurvey-2014m205-image-r.fits.fz,False,,12,,,no_dr10_imaging_coverage,NGC 5044 TR3
0.0873,9.799937982530686,NGC5044,True,WALLABY J132552-241252,9.085775690295412,0.1689221049605871,39,,False,1792,13,3.3095070660652066,1.9718848877801807,pass,NGC 5044 TR3
0.097,23.107741137851445,NGC5044,True,WALLABY J132558-233802,10.186138661529071,0.11396152950796794,48,,False,1536,6,7.25870778438267,4.324914828435218,pass,NGC 5044 TR3
0.0822,6.08499045801062,NGC5044,True,WALLABY J132558-242128,8.503338327329354,0.16328732697152507,34,,False,2048,13,3.238644397769366,1.9296631846893693,pass,NGC 5044 TR3
0.084,27.960366776800253,NGC5044,True,WALLABY J132607-171123,10.509961719154434,0.14286285591678466,50,,False,2048,21,6.303249790730859,3.7556296929208233,pass,NGC 5044 TR3
0.0669,10.779931780783755,NGC5044,True,WALLABY J132612-162649,10.500909000125692,0.13016945152512946,40,,False,1024,22,3.716700688077583,2.2145007618720656,pass,NGC 5044 TR3
,,NGC5044,False,WALLABY J132614-195933,,,,HTTP 404 https://portal.nersc.gov/cfs/cosmo/data/legacysurvey/dr10/south/coadd/201/2016m200/legacysurvey-2016m200-image-r.fits.fz,False,,21,,,no_dr10_imaging_coverage,NGC 5044 TR3
0.0815,59.93552934624482,NGC5044,True,WALLABY J132620-223750,11.099699800975017,0.15051407748052137,58,,False,1024,22,17.29563134662276,10.305158259586756,pass,NGC 5044 TR3
0.0599,11.857924958862132,NGC5044,True,WALLABY J132621-155739,9.688660156681362,0.1692242099131651,41,,False,1280,7,4.183776566327837,2.492795942206388,pass,NGC 5044 TR3
0.101,19.09730672549706,NGC5044,True,WALLABY J132625-215123,9.890493343521626,0.15678284667321932,46,,False,1280,3,5.98089483045847,3.5635627590925636,pass,NGC 5044 TR3
,,NGC5044,False,WALLABY J132630-214027,,,,no adjacent registered frame pair satisfied all frozen convergence criteria,False,,3,,,frame_nonconverged_after_registered_ladder,NGC 5044 TR3
0.0748,25.41851525163659,NGC5044,True,WALLABY J132634-222458,9.108129937222264,0.1649526345727924,49,,False,2048,6,9.250344594946776,5.511580531302976,pass,NGC 5044 TR3
0.0779,96.5267693674208,NGC5044,True,WALLABY J132635-221419,8.601674486383171,0.2097521776546639,63,,False,2816,2,35.20342015060988,20.97505483670002,pass,NGC 5044 TR3
,,NGC5044,False,WALLABY J132637-192904,,,,HTTP 404 https://portal.nersc.gov/cfs/cosmo/data/legacysurvey/dr10/south/coadd/201/2015m195/legacysurvey-2015m195-image-r.fits.fz,False,,5,,,no_dr10_imaging_coverage,NGC 5044 TR3
0.0712,37.21524817992115,NGC5044,True,WALLABY J132648-250524,10.789082277635933,0.14528039816849433,53,,False,1280,21,8.010772815046053,4.7730134845158165,pass,NGC 5044 TR3
,,NGC5044,False,WALLABY J132709-163509,,,,no adjacent registered frame pair satisfied all frozen convergence criteria,False,,5,,,frame_nonconverged_after_registered_ladder,NGC 5044 TR3
,,NGC5044,False,WALLABY J132713-202729,,,,HTTP 404 https://portal.nersc.gov/cfs/cosmo/data/legacysurvey/dr10/south/coadd/201/2017m205/legacysurvey-2017m205-image-r.fits.fz,False,,13,,,no_dr10_imaging_coverage,NGC 5044 TR3
,,NGC5044,False,WALLABY J132732-142623,,,,HTTP 404 https://portal.nersc.gov/cfs/cosmo/data/legacysurvey/dr10/south/coadd/201/2017m145/legacysurvey-2017m145-image-r.fits.fz,False,,5,,,no_dr10_imaging_coverage,NGC 5044 TR3
0.0811,4.571743394448249,NGC5044,True,WALLABY J132746-161514,9.52350825178337,0.21513486034789836,31,,False,1024,5,0.8873432945979631,0.5287007394038075,pass,NGC 5044 TR3
0.065,0.7475165770008207,NGC5044,True,WALLABY J132747-155109,7.831998625176254,0.5972124266758747,12,,False,2304,2,0.5760591339967124,0.3432300575645528,pass,NGC 5044 TR3
,,NGC5044,False,WALLABY J132749-180135,,,,HTTP 404 https://portal.nersc.gov/cfs/cosmo/data/legacysurvey/dr10/south/coadd/201/2019m182/legacysurvey-2019m182-image-r.fits.fz,False,,10,,,no_dr10_imaging_coverage,NGC 5044 TR3
0.082,8.90903452957335,NGC5044,True,WALLABY J132749-240921,8.519874831508584,0.15898595774472712,38,,False,1280,11,4.188422963787469,2.4955643789404305,pass,NGC 5044 TR3
0.089,10.779931780783755,NGC5044,True,WALLABY J132751-240335,9.195596389502677,0.155104665981488,40,,False,1024,20,3.043432052306149,1.813350916353678,pass,NGC 5044 TR3
,,NGC5044,False,WALLABY J132759-152532,,,,HTTP 404 https://portal.nersc.gov/cfs/cosmo/data/legacysurvey/dr10/south/coadd/202/2021m155/legacysurvey-2021m155-image-r.fits.fz,False,,23,,,no_dr10_imaging_coverage,NGC 5044 TR3
,,NGC5044,False,WALLABY J132803-152028,,,,HTTP 404 https://portal.nersc.gov/cfs/cosmo/data/legacysurvey/dr10/south/coadd/202/2021m152/legacysurvey-2021m152-image-r.fits.fz,False,,0,,,no_dr10_imaging_coverage,NGC 5044 TR3
,,NGC5044,False,WALLABY J132805-150633,,,,HTTP 404 https://portal.nersc.gov/cfs/cosmo/data/legacysurvey/dr10/south/coadd/202/2021m150/legacysurvey-2021m150-image-r.fits.fz,False,,9,,,no_dr10_imaging_coverage,NGC 5044 TR3
0.0793,23.107741137851445,NGC5044,True,WALLABY J132807-162439,8.457576822486027,0.16910822148598365,48,,False,2048,21,5.309629138400205,3.1636063162049095,pass,NGC 5044 TR3
0.0814,27.960366776800253,NGC5044,True,WALLABY J132811-240540,9.955071839539018,0.1611214988869633,50,,False,1280,20,10.280165746210741,6.125173046670577,pass,NGC 5044 TR3
0.0776,17.361187932270052,NGC5044,True,WALLABY J132812-245827,10.882449231108492,0.3831088221478522,45,,False,1024,22,7.607370465783579,4.5326565430358725,pass,NGC 5044 TR3
,,NGC5044,False,WALLABY J132814-212253,,,,HTTP 404 https://portal.nersc.gov/cfs/cosmo/data/legacysurvey/dr10/south/coadd/202/2021m215/legacysurvey-2021m215-image-r.fits.fz,False,,11,,,no_dr10_imaging_coverage,NGC 5044 TR3
,,NGC5044,False,WALLABY J132821-193108,,,,HTTP 404 https://portal.nersc.gov/cfs/cosmo/data/legacysurvey/dr10/south/coadd/202/2021m195/legacysurvey-2021m195-image-r.fits.fz,False,,6,,,no_dr10_imaging_coverage,NGC 5044 TR3
,,NGC5044,False,WALLABY J132825-253528,,,,no adjacent registered frame pair satisfied all frozen convergence criteria,False,,1,,,frame_nonconverged_after_registered_ladder,NGC 5044 TR3
0.0884,21.007037398046766,NGC5044,True,WALLABY J132859-234535,9.621960258596769,0.15199289517620998,47,,False,1536,3,7.967281697249828,4.747100417638154,pass,NGC 5044 TR3
,,NGC5044,False,WALLABY J132906-151215,,,,HTTP 404 https://portal.nersc.gov/cfs/cosmo/data/legacysurvey/dr10/south/coadd/202/2023m152/legacysurvey-2023m152-image-r.fits.fz,False,,11,,,no_dr10_imaging_coverage,NGC 5044 TR3
0.0991,19.09730672549706,NGC5044,True,WALLABY J132911-224640,9.074005061050505,0.1627703331436,46,,False,1024,4,7.741320840019355,4.612467437345902,pass,NGC 5044 TR3
0.0788,27.960366776800253,NGC5044,True,WALLABY J132919-162832,8.841686106736448,0.1830067891828867,50,,False,1024,8,12.115804708821699,7.218891433589325,pass,NGC 5044 TR3
,,NGC5044,False,WALLABY J132938-154327,,,,HTTP 404 https://portal.nersc.gov/cfs/cosmo/data/legacysurvey/dr10/south/coadd/202/2021m157/legacysurvey-2021m157-image-r.fits.fz,False,,5,,,no_dr10_imaging_coverage,NGC 5044 TR3
0.0911,21.007037398046766,NGC5044,True,WALLABY J132947-170153,10.669191009815398,0.15109424219798576,47,,False,1536,9,3.5940986738302536,2.1414514967459595,pass,NGC 5044 TR3
,,NGC5044,False,WALLABY J132948-180438,,,,HTTP 404 https://portal.nersc.gov/cfs/cosmo/data/legacysurvey/dr10/south/coadd/202/2024m180/legacysurvey-2024m180-image-r.fits.fz,False,,7,,,no_dr10_imaging_coverage,NGC 5044 TR3
,,NGC5044,False,WALLABY J133006-205341,,,,HTTP 404 https://portal.nersc.gov/cfs/cosmo/data/legacysurvey/dr10/south/coadd/202/2026m210/legacysurvey-2026m210-image-r.fits.fz,False,,23,,,no_dr10_imaging_coverage,NGC 5044 TR3
,,NGC5044,False,WALLABY J133008-203319,,,,HTTP 404 https://portal.nersc.gov/cfs/cosmo/data/legacysurvey/dr10/south/coadd/202/2025m205/legacysurvey-2025m205-image-r.fits.fz,False,,2,,,no_dr10_imaging_coverage,NGC 5044 TR3
,,NGC5044,False,WALLABY J133011-210731,,,,HTTP 404 https://portal.nersc.gov/cfs/cosmo/data/legacysurvey/dr10/south/coadd/202/2026m212/legacysurvey-2026m212-image-r.fits.fz,False,,20,,,no_dr10_imaging_coverage,NGC 5044 TR3
0.0914,40.93677299791326,NGC5044,True,WALLABY J133019-220858,9.752685712668416,0.1540855551679032,54,,False,1536,18,11.401699269886846,6.793410026477102,pass,NGC 5044 TR3
0.0994,17.361187932270052,NGC5044,True,WALLABY J133020-221958,9.162122166252809,0.14322641344593062,45,,False,1792,18,3.998547893431882,2.382432189062519,pass,NGC 5044 TR3
0.1039,17.361187932270052,NGC5044,True,WALLABY J133031-231420,10.229532912413625,0.22314026633609851,45,,False,1024,17,9.332900334722265,5.560769251076989,pass,NGC 5044 TR3
,,NGC5044,False,WALLABY J133033-193217,,,,HTTP 404 https://portal.nersc.gov/cfs/cosmo/data/legacysurvey/dr10/south/coadd/202/2026m195/legacysurvey-2026m195-image-r.fits.fz,False,,11,,,no_dr10_imaging_coverage,NGC 5044 TR3
,,NGC5044,False,WALLABY J133039-214217,,,,HTTP 404 https://portal.nersc.gov/cfs/cosmo/data/legacysurvey/dr10/south/coadd/202/2026m215/legacysurvey-2026m215-image-r.fits.fz,False,,0,,,no_dr10_imaging_coverage,NGC 5044 TR3
0.0645,9.799937982530686,NGC5044,True,WALLABY J133039-241626,8.692619738277509,0.1777819548970064,39,,False,2304,13,3.7864668111946997,2.256069116647394,pass,NGC 5044 TR3
0.0845,65.92908228086931,NGC5044,True,WALLABY J133041-233009,10.92647982633927,0.1125115125331141,59,,False,1536,14,8.671296031832531,5.166569299085437,pass,NGC 5044 TR3
,,NGC5044,False,WALLABY J133042-213957,,,,HTTP 404 https://portal.nersc.gov/cfs/cosmo/data/legacysurvey/dr10/south/coadd/202/2026m215/legacysurvey-2026m215-image-r.fits.fz,False,,0,,,no_dr10_imaging_coverage,NGC 5044 TR3
,,NGC5044,False,WALLABY J133043-234430,,,,no adjacent registered frame pair satisfied all frozen convergence criteria,False,,8,,,frame_nonconverged_after_registered_ladder,NGC 5044 TR3
0.0715,37.21524817992115,NGC5044,True,WALLABY J133048-251954,10.529266660557488,0.13372643500206163,53,,False,1024,9,12.40640824815218,7.392040097756558,pass,NGC 5044 TR3
,,NGC5044,False,WALLABY J133057-211755,,,,HTTP 404 https://portal.nersc.gov/cfs/cosmo/data/legacysurvey/dr10/south/coadd/202/2026m212/legacysurvey-2026m212-image-r.fits.fz,False,,20,,,no_dr10_imaging_coverage,NGC 5044 TR3
,,NGC5044,False,WALLABY J133058-215044,,,,no adjacent registered frame pair satisfied all frozen convergence criteria,False,,0,,,frame_nonconverged_after_registered_ladder,NGC 5044 TR3
,,NGC5044,False,WALLABY J133058-231656,,,,no adjacent registered frame pair satisfied all frozen convergence criteria,False,,17,,,frame_nonconverged_after_registered_ladder,NGC 5044 TR3
0.072,37.21524817992115,NGC5044,True,WALLABY J133059-160809,10.153504058878779,0.12157958445905306,53,,False,1024,20,6.824318785841689,4.066095286871486,pass,NGC 5044 TR3
,,NGC5044,False,WALLABY J133107-190909,,,,HTTP 404 https://portal.nersc.gov/cfs/cosmo/data/legacysurvey/dr10/south/coadd/202/2028m192/legacysurvey-2028m192-image-r.fits.fz,False,,11,,,no_dr10_imaging_coverage,NGC 5044 TR3
0.0874,3.4348184781729882,NGC5044,True,WALLABY J133108-164842,9.724013176461087,0.42098146133958964,28,,False,1024,3,1.003045992411262,0.5976392238182553,pass,NGC 5044 TR3
,,NGC5044,False,WALLABY J133108-202916,,,,HTTP 404 https://portal.nersc.gov/cfs/cosmo/data/legacysurvey/dr10/south/coadd/202/2028m205/legacysurvey-2028m205-image-r.fits.fz,False,,9,,,no_dr10_imaging_coverage,NGC 5044 TR3
0.0795,30.75640345448028,NGC5044,True,WALLABY J133113-220341,10.023774228536688,0.14328409653041352,51,,False,1792,15,7.885191202994534,4.698188902472581,pass,NGC 5044 TR3
0.0657,54.48684486022256,NGC5044,True,WALLABY J133115-250859,10.092797087777205,0.1195942566050527,57,,False,1280,9,9.017084756588565,5.372598640343767,pass,NGC 5044 TR3
,,NGC5044,False,WALLABY J133117-152046,,,,HTTP 404 https://portal.nersc.gov/cfs/cosmo/data/legacysurvey/dr10/south/coadd/202/2026m152/legacysurvey-2026m152-image-r.fits.fz,False,,11,,,no_dr10_imaging_coverage,NGC 5044 TR3
,,NGC5044,False,WALLABY J133128-212511,,,,HTTP 404 https://portal.nersc.gov/cfs/cosmo/data/legacysurvey/dr10/south/coadd/202/2029m215/legacysurvey-2029m215-image-r.fits.fz,False,,14,,,no_dr10_imaging_coverage,NGC 5044 TR3
0.0688,23.107741137851445,NGC5044,True,WALLABY J133134-240142,8.859968861455865,0.16555730409463537,48,,False,2048,23,8.942266175639872,5.3280199081782875,pass,NGC 5044 TR3
0.0947,49.53349532747505,NGC5044,True,WALLABY J133138-232047,9.542127434826815,0.1450133407857184,56,,False,2560,0,15.190614860540592,9.050938185547553,pass,NGC 5044 TR3
,,NGC5044,False,WALLABY J133140-190616,,,,HTTP 404 https://portal.nersc.gov/cfs/cosmo/data/legacysurvey/dr10/south/coadd/202/2028m190/legacysurvey-2028m190-image-r.fits.fz,False,,23,,,no_dr10_imaging_coverage,NGC 5044 TR3
0.0784,0.9949445639880927,NGC5044,True,WALLABY J133141-173508,6.35686304500497,0.35753776837624646,15,,False,1792,19,0.6966430584148912,0.41507689563525585,pass,NGC 5044 TR3
0.0924,14.348089200223182,NGC5044,True,WALLABY J133141-231608,8.639071409486572,0.16237781237472154,43,,False,1280,0,5.677988394170605,3.383083729374842,pass,NGC 5044 TR3
0.0815,14.348089200223182,NGC5044,True,WALLABY J133151-173014,9.299482690618937,0.1508819305749108,43,,False,1024,19,5.0921252771025864,3.0340122199951263,pass,NGC 5044 TR3
0.0713,17.361187932270052,NGC5044,True,WALLABY J133152-235603,9.23671348853955,0.1539542420328126,45,,False,1024,8,3.417911918630856,2.0364751383126842,pass,NGC 5044 TR3
,,NGC5044,False,WALLABY J133158-205217,,,,HTTP 404 https://portal.nersc.gov/cfs/cosmo/data/legacysurvey/dr10/south/coadd/203/2031m207/legacysurvey-2031m207-image-r.fits.fz,False,,18,,,no_dr10_imaging_coverage,NGC 5044 TR3
0.0902,49.53349532747505,NGC5044,True,WALLABY J133207-220728,10.463831645098614,0.13521387024270812,56,,False,1792,23,14.03838017662422,8.364408706977134,pass,NGC 5044 TR3
0.0695,27.960366776800253,NGC5044,True,WALLABY J133210-252901,9.557503665373934,0.1649475904863391,50,,False,1536,9,6.907996064404418,4.1159522467614655,pass,NGC 5044 TR3
,,NGC5044,False,WALLABY J133212-211202,,,,HTTP 404 https://portal.nersc.gov/cfs/cosmo/data/legacysurvey/dr10/south/coadd/203/2031m212/legacysurvey-2031m212-image-r.fits.fz,False,,18,,,no_dr10_imaging_coverage,NGC 5044 TR3
,,NGC5044,False,WALLABY J133217-210813,,,,HTTP 404 https://portal.nersc.gov/cfs/cosmo/data/legacysurvey/dr10/south/coadd/203/2031m212/legacysurvey-2031m212-image-r.fits.fz,False,,18,,,no_dr10_imaging_coverage,NGC 5044 TR3
0.0953,21.007037398046766,NGC5044,True,WALLABY J133217-231924,9.74680934197647,0.15477532304486133,47,,False,1024,0,5.704849226786151,3.3990880674380213,pass,NGC 5044 TR3
,,NGC5044,False,WALLABY J133222-200358,,,,HTTP 404 https://portal.nersc.gov/cfs/cosmo/data/legacysurvey/dr10/south/coadd/202/2029m200/legacysurvey-2029m200-image-r.fits.fz,False,,16,,,no_dr10_imaging_coverage,NGC 5044 TR3
,,NGC5044,False,WALLABY J133224-192120,,,,HTTP 404 https://portal.nersc.gov/cfs/cosmo/data/legacysurvey/dr10/south/coadd/203/2031m192/legacysurvey-2031m192-image-r.fits.fz,False,,18,,,no_dr10_imaging_coverage,NGC 5044 TR3
0.1073,45.03045029770459,NGC5044,True,WALLABY J133242-233015,10.84981444482678,0.11676195560197923,55,,False,1536,3,7.221117904347529,4.302517862695274,pass,NGC 5044 TR3
0.0866,27.960366776800253,NGC5044,True,WALLABY J133245-241711,10.783071941405739,0.13387430166841113,50,,False,1280,9,7.403869958519238,4.411405986104066,pass,NGC 5044 TR3
0.088,27.960366776800253,NGC5044,True,WALLABY J133247-222656,9.743622688336165,0.14925718987131278,50,,False,1792,5,6.663770143578967,3.9704364968729244,pass,NGC 5044 TR3
0.082,72.52199050895625,NGC5044,True,WALLABY J133253-241226,10.876223685804163,0.1284419806889413,60,,False,1792,9,11.641495352417408,6.936286370854602,pass,NGC 5044 TR3
0.0778,10.779931780783755,NGC5044,True,WALLABY J133255-154459,9.854309119096571,0.17363496577332335,40,,False,1792,11,4.099534832386329,2.4426026660587237,pass,NGC 5044 TR3
,,NGC5044,False,WALLABY J133256-233558,,,,no adjacent registered frame pair satisfied all frozen convergence criteria,False,,3,,,frame_nonconverged_after_registered_ladder,NGC 5044 TR3
0.0889,9.799937982530686,NGC5044,True,WALLABY J133300-224718,8.964093183354532,0.18312205811168156,39,,False,1024,10,5.392330479316941,3.212881788683884,pass,NGC 5044 TR3
0.0877,65.92908228086931,NGC5044,True,WALLABY J133301-161437,10.673703145792981,0.16763237835551575,59,,False,1280,16,4.965299615284129,2.9584464028113997,pass,NGC 5044 TR3
,,NGC5044,False,WALLABY J133304-241753,,,,no adjacent registered frame pair satisfied all frozen convergence criteria,False,,6,,,frame_nonconverged_after_registered_ladder,NGC 5044 TR3
0.1091,37.21524817992115,NGC5044,True,WALLABY J133308-233234,10.622974858073853,0.12849589389778612,53,,False,1280,3,8.2673283525887,4.925875520238299,pass,NGC 5044 TR3
,,NGC5044,False,WALLABY J133314-160715,,,,no adjacent registered frame pair satisfied all frozen convergence criteria,False,,7,,,frame_nonconverged_after_registered_ladder,NGC 5044 TR3
,,NGC5044,False,WALLABY J133319-183129,,,,HTTP 404 https://portal.nersc.gov/cfs/cosmo/data/legacysurvey/dr10/south/coadd/203/2032m185/legacysurvey-2032m185-image-r.fits.fz,False,,7,,,no_dr10_imaging_coverage,NGC 5044 TR3
0.1077,15.7828981202455,NGC5044,True,WALLABY J133321-231451,9.579836366026594,0.11760275767793506,44,,False,2560,4,6.312743081826622,3.761286026892423,pass,NGC 5044 TR3
,,NGC5044,False,WALLABY J133325-220257,,,,no adjacent registered frame pair satisfied all frozen convergence criteria,False,,12,,,frame_nonconverged_after_registered_ladder,NGC 5044 TR3
,,NGC5044,False,WALLABY J133328-205305,,,,HTTP 404 https://portal.nersc.gov/cfs/cosmo/data/legacysurvey/dr10/south/coadd/203/2031m210/legacysurvey-2031m210-image-r.fits.fz,False,,9,,,no_dr10_imaging_coverage,NGC 5044 TR3
0.0874,27.960366776800253,NGC5044,True,WALLABY J133351-224126,10.595052260752539,0.12818539843245097,50,,False,1024,23,7.916597501143353,4.71690153957065,pass,NGC 5044 TR3
,,NGC5044,False,WALLABY J133402-144915,,,,HTTP 404 https://portal.nersc.gov/cfs/cosmo/data/legacysurvey/dr10/south/coadd/203/2033m147/legacysurvey-2033m147-image-r.fits.fz,False,,5,,,no_dr10_imaging_coverage,NGC 5044 TR3
0.0971,11.857924958862132,NGC5044,True,WALLABY J133413-225449,10.169785447776874,0.12906515635962593,41,,False,1024,19,2.938657662132857,1.7509237837067804,pass,NGC 5044 TR3
0.1244,19.09730672549706,NGC5044,True,WALLABY J133422-234348,9.450590909837516,0.13112411778233166,46,,False,1024,19,8.722263080305131,5.1969367074793915,pass,NGC 5044 TR3
0.0615,15.7828981202455,NGC5044,True,WALLABY J133424-141834,8.194075378674345,0.2015543293228316,44,,False,2048,6,7.697115035081052,4.5861285424682325,pass,NGC 5044 TR3
0.0858,6.693489503811683,NGC5044,True,WALLABY J133437-211108,9.567741666892166,0.16613243716445764,35,,False,1280,5,2.5404729636574963,1.5136756456019131,pass,NGC 5044 TR3
,,NGC5044,False,WALLABY J133439-154115,,,,no adjacent registered frame pair satisfied all frozen convergence criteria,False,,8,,,frame_nonconverged_after_registered_ladder,NGC 5044 TR3
0.132,45.03045029770459,NGC5044,True,WALLABY J133440-234722,10.553126354843602,0.1360855958071407,55,,False,2560,19,9.252059836384005,5.512602513912908,pass,NGC 5044 TR3
0.0757,13.043717454748347,NGC5044,True,WALLABY J133452-175929,10.095184561432147,0.14141914691435248,42,,False,1024,5,5.6213636508346605,3.3493453286312733,pass,NGC 5044 TR3
,,NGC5044,False,WALLABY J133458-235846,,,,no adjacent registered frame pair satisfied all frozen convergence criteria,False,,9,,,frame_nonconverged_after_registered_ladder,NGC 5044 TR3
0.1044,14.348089200223182,NGC5044,True,WALLABY J133506-233309,9.315544466953465,0.1152817784033805,43,,False,1280,13,4.0744348380226265,2.4276474782977866,pass,NGC 5044 TR3
,,NGC5044,False,WALLABY J133521-145344,,,,HTTP 404 https://portal.nersc.gov/cfs/cosmo/data/legacysurvey/dr10/south/coadd/203/2036m150/legacysurvey-2036m150-image-r.fits.fz,False,,14,,,no_dr10_imaging_coverage,NGC 5044 TR3
0.08,15.7828981202455,NGC5044,True,WALLABY J133522-223319,9.90440708465526,0.11634691122345361,44,,False,1024,20,4.743965929070789,2.8265704036706363,pass,NGC 5044 TR3
0.0991,25.41851525163659,NGC5044,True,WALLABY J133522-232056,9.38066050114849,0.14152617969583967,49,,False,2048,3,11.322659828558008,6.746316402930249,pass,NGC 5044 TR3
0.0965,17.361187932270052,NGC5044,True,WALLABY J133523-230609,9.389986563700456,0.1512165750818768,45,,False,1024,10,5.19031286125904,3.092514773245738,pass,NGC 5044 TR3
0.0775,27.960366776800253,NGC5044,True,WALLABY J133540-251206,10.235137821334739,0.13734153077593486,50,,False,1024,22,7.449331885395925,4.438493309015901,pass,NGC 5044 TR3
0.0722,19.09730672549706,NGC5044,True,WALLABY J133543-174712,9.754538209993243,0.16383128821131024,46,,False,1024,0,6.668951149848723,3.9735234665523613,pass,NGC 5044 TR3
0.0974,25.41851525163659,NGC5044,True,WALLABY J133545-231543,10.001765319231572,0.13724911402784798,49,,False,1024,7,8.551402808432051,5.095133997497838,pass,NGC 5044 TR3
,,NGC5044,False,WALLABY J133556-153510,,,,HTTP 404 https://portal.nersc.gov/cfs/cosmo/data/legacysurvey/dr10/south/coadd/204/2042m155/legacysurvey-2042m155-image-r.fits.fz,False,,9,,,no_dr10_imaging_coverage,NGC 5044 TR3
0.0822,15.7828981202455,NGC5044,True,WALLABY J133556-241859,10.114507358435056,0.13670550038988574,44,,False,1536,4,5.1216147878538685,3.0515827884929965,pass,NGC 5044 TR3
0.0897,65.92908228086931,NGC5044,True,WALLABY J133600-205437,10.281052994332239,0.1583910013994301,59,,False,1792,12,18.841077964001332,11.225972981793415,pass,NGC 5044 TR3
,,NGC5044,False,WALLABY J133604-195904,,,,HTTP 404 https://portal.nersc.gov/cfs/cosmo/data/legacysurvey/dr10/south/coadd/203/2039m197/legacysurvey-2039m197-image-r.fits.fz,False,,2,,,no_dr10_imaging_coverage,NGC 5044 TR3
0.0894,30.75640345448028,NGC5044,True,WALLABY J133607-222504,10.009278885634028,0.12805798693168552,51,,False,1024,20,10.804487707143615,6.4375768368592015,pass,NGC 5044 TR3
,,NGC5044,False,WALLABY J133609-200251,,,,no adjacent registered frame pair satisfied all frozen convergence criteria,False,,2,,,frame_nonconverged_after_registered_ladder,NGC 5044 TR3
0.1025,21.007037398046766,NGC5044,True,WALLABY J133611-234050,10.411478762174035,0.12876703708801726,47,,False,1280,15,7.861974454217845,4.684355798284478,pass,NGC 5044 TR3
0.0784,17.361187932270052,NGC5044,True,WALLABY J133624-165744,9.988664526224632,0.13920567362210798,45,,False,2048,14,2.4422548393295846,1.4551548957735736,pass,NGC 5044 TR3
0.078,40.93677299791326,NGC5044,True,WALLABY J133627-171544,10.914854362663313,0.14472027618576058,54,,False,1536,0,10.547410838621667,6.284404179446209,pass,NGC 5044 TR3
0.1056,19.09730672549706,NGC5044,True,WALLABY J133627-224910,8.968221689044466,0.12456328440591008,46,,False,2560,4,8.062708711196782,4.803958155945301,pass,NGC 5044 TR3
0.084,87.75160851583708,NGC5044,True,WALLABY J133629-163858,10.735704450941116,0.1437922429491095,62,,False,1280,17,17.52438840155119,10.441457282547532,pass,NGC 5044 TR3
0.0847,10.779931780783755,NGC5044,True,WALLABY J133643-201220,8.874076595205278,0.1934780573558921,40,,False,2304,19,4.52662392760678,2.69707274749058,pass,NGC 5044 TR3
,,NGC5044,False,WALLABY J133702-175223,,,,HTTP 404 https://portal.nersc.gov/cfs/cosmo/data/legacysurvey/dr10/south/coadd/204/2042m180/legacysurvey-2042m180-image-r.fits.fz,False,,12,,,no_dr10_imaging_coverage,NGC 5044 TR3
0.084,25.41851525163659,NGC5044,True,WALLABY J133702-205515,9.694714733301852,0.18404745236437284,49,,False,1024,15,9.849281161637629,5.868441520272192,pass,NGC 5044 TR3
0.0867,9.799937982530686,NGC5044,True,WALLABY J133708-203705,10.10851834642908,0.14076826785348096,39,,False,1536,13,2.9156060791139304,1.7371890892985056,pass,NGC 5044 TR3
,,NGC5044,False,WALLABY J133717-200343,,,,no adjacent registered frame pair satisfied all frozen convergence criteria,False,,9,,,frame_nonconverged_after_registered_ladder,NGC 5044 TR3
,,NGC5044,False,WALLABY J133718-194336,,,,HTTP 404 https://portal.nersc.gov/cfs/cosmo/data/legacysurvey/dr10/south/coadd/204/2042m197/legacysurvey-2042m197-image-r.fits.fz,False,,6,,,no_dr10_imaging_coverage,NGC 5044 TR3
,,NGC5044,False,WALLABY J133720-200032,,,,no adjacent registered frame pair satisfied all frozen convergence criteria,False,,9,,,frame_nonconverged_after_registered_ladder,NGC 5044 TR3
0.0839,14.348089200223182,NGC5044,True,WALLABY J133725-155412,9.972370873406149,0.14458808099686363,43,,False,1024,3,4.84175983424938,2.8848383934011865,pass,NGC 5044 TR3
0.1144,19.09730672549706,NGC5044,True,WALLABY J133727-223204,10.223153034984435,0.1390440060688915,46,,False,1280,23,5.057074734271284,3.0131282531874315,pass,NGC 5044 TR3
0.0764,49.53349532747505,NGC5044,True,WALLABY J133735-163755,11.17520000379606,0.1409837475445912,56,,False,1792,3,10.32648095824681,6.152768777655627,pass,NGC 5044 TR3
,,NGC5044,False,WALLABY J133736-185135,,,,HTTP 404 https://portal.nersc.gov/cfs/cosmo/data/legacysurvey/dr10/south/coadd/204/2043m187/legacysurvey-2043m187-image-r.fits.fz,False,,6,,,no_dr10_imaging_coverage,NGC 5044 TR3
,,NGC5044,False,WALLABY J133737-234516,,,,no adjacent registered frame pair satisfied all frozen convergence criteria,False,,7,,,frame_nonconverged_after_registered_ladder,NGC 5044 TR3
0.0897,15.7828981202455,NGC5044,True,WALLABY J133739-213902,9.58017655608912,0.16108282477401875,44,,False,1024,9,5.853238035241642,3.4875017323941684,pass,NGC 5044 TR3
,,NGC5044,False,WALLABY J133747-175606,,,,HTTP 404 https://portal.nersc.gov/cfs/cosmo/data/legacysurvey/dr10/south/coadd/204/2045m180/legacysurvey-2045m180-image-r.fits.fz,False,,19,,,no_dr10_imaging_coverage,NGC 5044 TR3
0.1106,106.17944630416288,NGC5044,True,WALLABY J133756-240727,10.829359771740544,0.1191983373486616,64,,False,1024,21,15.110373867129583,9.003128648015501,pass,NGC 5044 TR3
0.0975,40.93677299791326,NGC5044,True,WALLABY J133801-225524,10.586804521875456,0.14108371979485812,54,,False,1024,5,11.603717228619313,6.913777244897449,pass,NGC 5044 TR3
0.0996,13.043717454748347,NGC5044,True,WALLABY J133809-241011,8.537148116072677,0.14238224573980207,42,,False,1536,19,5.59757775923063,3.335173115289505,pass,NGC 5044 TR3
0.0863,15.7828981202455,NGC5044,True,WALLABY J133818-233325,9.494467958550294,0.1502407195590837,44,,False,1536,13,4.499842812889973,2.6811159072923916,pass,NGC 5044 TR3
0.0908,8.90903452957335,NGC5044,True,WALLABY J133819-203750,9.893245778387149,0.17069098666574298,38,,False,1024,8,3.0863908251334067,1.8389467991376258,pass,NGC 5044 TR3
,,NGC5044,False,WALLABY J133822-195211,,,,HTTP 404 https://portal.nersc.gov/cfs/cosmo/data/legacysurvey/dr10/south/coadd/204/2045m197/legacysurvey-2045m197-image-r.fits.fz,False,,10,,,no_dr10_imaging_coverage,NGC 5044 TR3
,,NGC5044,False,WALLABY J133832-200024,,,,no adjacent registered frame pair satisfied all frozen convergence criteria,False,,14,,,frame_nonconverged_after_registered_ladder,NGC 5044 TR3
,,NGC5044,False,WALLABY J133834-174954,,,,HTTP 404 https://portal.nersc.gov/cfs/cosmo/data/legacysurvey/dr10/south/coadd/204/2045m180/legacysurvey-2045m180-image-r.fits.fz,False,,12,,,no_dr10_imaging_coverage,NGC 5044 TR3
,,NGC5044,False,WALLABY J133840-135814,,,,no adjacent registered frame pair satisfied all frozen convergence criteria,False,,19,,,frame_nonconverged_after_registered_ladder,NGC 5044 TR3
,,NGC5044,False,WALLABY J133841-182702,,,,HTTP 404 https://portal.nersc.gov/cfs/cosmo/data/legacysurvey/dr10/south/coadd/204/2046m185/legacysurvey-2046m185-image-r.fits.fz,False,,0,,,no_dr10_imaging_coverage,NGC 5044 TR3
0.0888,25.41851525163659,NGC5044,True,WALLABY J133841-202243,9.395085748585522,0.21537467561587406,49,,False,1536,1,10.630754528784118,6.334062379245301,pass,NGC 5044 TR3
,,NGC5044,False,WALLABY J133844-153815,,,,HTTP 404 https://portal.nersc.gov/cfs/cosmo/data/legacysurvey/dr10/south/coadd/204/2044m155/legacysurvey-2044m155-image-r.fits.fz,False,,12,,,no_dr10_imaging_coverage,NGC 5044 TR3
0.0678,25.41851525163659,NGC5044,True,WALLABY J133845-243304,10.409127310696471,0.1264282333433526,49,,False,1792,23,8.31532918305744,4.954475583725923,pass,NGC 5044 TR3
,,NGC5044,False,WALLABY J133851-165026,,,,no adjacent registered frame pair satisfied all frozen convergence criteria,False,,13,,,frame_nonconverged_after_registered_ladder,NGC 5044 TR3
,,NGC5044,False,WALLABY J133900-160039,,,,no adjacent registered frame pair satisfied all frozen convergence criteria,False,,6,,,frame_nonconverged_after_registered_ladder,NGC 5044 TR3
0.0958,21.007037398046766,NGC5044,True,WALLABY J133902-204211,10.604659491034866,0.16709111309813465,47,,False,1024,8,7.3691814636977,4.390737736315509,pass,NGC 5044 TR3
0.0731,37.21524817992115,NGC5044,True,WALLABY J133904-240956,9.935468129345841,0.14034109740977485,53,,False,1536,22,14.795598400834502,8.815577761239723,pass,NGC 5044 TR3
,,NGC5044,False,WALLABY J133916-181515,,,,HTTP 404 https://portal.nersc.gov/cfs/cosmo/data/legacysurvey/dr10/south/coadd/204/2045m182/legacysurvey-2045m182-image-r.fits.fz,False,,17,,,no_dr10_imaging_coverage,NGC 5044 TR3
,,NGC5044,False,WALLABY J133931-181852,,,,HTTP 404 https://portal.nersc.gov/cfs/cosmo/data/legacysurvey/dr10/south/coadd/204/2048m185/legacysurvey-2048m185-image-r.fits.fz,False,,17,,,no_dr10_imaging_coverage,NGC 5044 TR3
0.0629,21.007037398046766,NGC5044,True,WALLABY J133933-145203,9.328013950072098,0.14648959596218397,47,,False,1024,21,7.373785506567253,4.3934809371535595,pass,NGC 5044 TR3
0.0914,45.03045029770459,NGC5044,True,WALLABY J133933-222957,10.376050188066882,0.12645130821602055,55,,False,1280,1,12.508581346812557,7.452917317585434,pass,NGC 5044 TR3
0.0822,45.03045029770459,NGC5044,True,WALLABY J133939-234522,11.005485341583958,0.14011101504704915,55,,False,1024,19,5.643311376725986,3.3624223180868973,pass,NGC 5044 TR3
0.0703,23.107741137851445,NGC5044,True,WALLABY J133942-250143,9.756390694907019,0.1505618822080261,48,,False,1280,9,6.695843020306649,3.989546297717721,pass,NGC 5044 TR3
,,NGC5044,False,WALLABY J133950-163125,,,,no adjacent registered frame pair satisfied all frozen convergence criteria,False,,16,,,frame_nonconverged_after_registered_ladder,NGC 5044 TR3
,,NGC5044,False,WALLABY J133950-195837,,,,HTTP 404 https://portal.nersc.gov/cfs/cosmo/data/legacysurvey/dr10/south/coadd/204/2047m197/legacysurvey-2047m197-image-r.fits.fz,False,,13,,,no_dr10_imaging_coverage,NGC 5044 TR3
,,NGC5044,False,WALLABY J133951-233716,,,,no adjacent registered frame pair satisfied all frozen convergence criteria,False,,6,,,frame_nonconverged_after_registered_ladder,NGC 5044 TR3
0.0688,116.79739093457917,NGC5044,True,WALLABY J134002-252831,10.065967658684444,0.11630399903992823,65,,False,1792,1,21.71628620766683,12.939092057150386,pass,NGC 5044 TR3
0.0735,11.857924958862132,NGC5044,True,WALLABY J134004-235850,9.717242252069289,0.14686144596933798,41,,False,1536,18,3.712981346115482,2.2122846873748223,pass,NGC 5044 TR3
0.0834,6.08499045801062,NGC5044,True,WALLABY J134015-153211,9.539353266115352,0.17931512560530066,34,,False,2560,3,3.3603632483577788,2.002186239404774,pass,NGC 5044 TR3
,,NGC5044,False,WALLABY J134017-200502,,,,no adjacent registered frame pair satisfied all frozen convergence criteria,False,,13,,,frame_nonconverged_after_registered_ladder,NGC 5044 TR3
,,NGC5044,False,WALLABY J134018-200556,,,,no adjacent registered frame pair satisfied all frozen convergence criteria,False,,13,,,frame_nonconverged_after_registered_ladder,NGC 5044 TR3
0.0942,19.09730672549706,NGC5044,True,WALLABY J134018-211518,10.443039060559414,0.13728281469575931,46,,False,2048,6,3.8630846793079527,2.3017199079134434,pass,NGC 5044 TR3
0.0801,87.75160851583708,NGC5044,True,WALLABY J134019-235122,10.882034929562709,0.12201887178850668,62,,False,1536,19,23.15861638638938,13.798467494590907,pass,NGC 5044 TR3
0.0779,13.043717454748347,NGC5044,True,WALLABY J134024-233429,8.763027185161324,0.1912035846653977,42,,False,1792,3,6.283085039371269,3.743615043101962,pass,NGC 5044 TR3
,,NGC5044,False,WALLABY J134030-172613,,,,no adjacent registered frame pair satisfied all frozen convergence criteria,False,,7,,,frame_nonconverged_after_registered_ladder,NGC 5044 TR3
,,NGC5044,False,WALLABY J134034-183340,,,,HTTP 404 https://portal.nersc.gov/cfs/cosmo/data/legacysurvey/dr10/south/coadd/204/2049m187/legacysurvey-2049m187-image-r.fits.fz,False,,12,,,no_dr10_imaging_coverage,NGC 5044 TR3
0.0959,15.7828981202455,NGC5044,True,WALLABY J134045-211913,9.200910648046298,0.16154736258122732,44,,False,1024,21,4.747058135270787,2.8284128154117067,pass,NGC 5044 TR3
0.0795,17.361187932270052,NGC5044,True,WALLABY J134056-233626,10.135318398310849,0.1159194213177611,45,,False,1280,3,6.591404325220395,3.927319180376976,pass,NGC 5044 TR3
,,NGC5044,False,WALLABY J134059-191452,,,,no adjacent registered frame pair satisfied all frozen convergence criteria,False,,21,,,frame_nonconverged_after_registered_ladder,NGC 5044 TR3
0.0725,19.09730672549706,NGC5044,True,WALLABY J134115-145751,9.597910492681551,0.14512663360074862,46,,False,1536,8,5.299288262994049,3.1574449708647223,pass,NGC 5044 TR3
,,NGC5044,False,WALLABY J134123-164916,,,,HTTP 404 https://portal.nersc.gov/cfs/cosmo/data/legacysurvey/dr10/south/coadd/205/2054m167/legacysurvey-2054m167-image-r.fits.fz,False,,6,,,no_dr10_imaging_coverage,NGC 5044 TR3
0.099,49.53349532747505,NGC5044,True,WALLABY J134128-192219,10.065693550487802,0.12163617224685468,56,,False,1536,21,15.075610566824855,8.982415827298741,pass,NGC 5044 TR3
,,NGC5044,False,WALLABY J134138-155809,,,,no adjacent registered frame pair satisfied all frozen convergence criteria,False,,15,,,frame_nonconverged_after_registered_ladder,NGC 5044 TR3
0.0953,65.92908228086931,NGC5044,True,WALLABY J134143-183508,10.569052691281449,0.11900134686367508,59,,False,2560,23,16.215176272147108,9.66139681996638,pass,NGC 5044 TR3
0.101,19.09730672549706,NGC5044,True,WALLABY J134145-191825,10.52557233349903,0.16191395511309176,46,,False,1280,15,3.0804205020510036,1.8353895352834189,pass,NGC 5044 TR3
0.114,21.007037398046766,NGC5044,True,WALLABY J134150-175703,10.361758313634818,0.15248855264141917,47,,False,1536,17,4.718903250822468,2.8116374497597927,pass,NGC 5044 TR3
0.0756,17.361187932270052,NGC5044,True,WALLABY J134201-221411,9.615869059587117,0.13507746018795608,45,,False,1024,10,7.215661525508778,4.29926681933463,pass,NGC 5044 TR3
0.0907,11.857924958862132,NGC5044,True,WALLABY J134219-211125,9.215611799498317,0.14090417641790798,41,,False,1280,18,5.326765580811427,3.1738166258209515,pass,NGC 5044 TR3
0.0748,23.107741137851445,NGC5044,True,WALLABY J134221-150432,10.35589839117615,0.1434724360585725,48,,False,2048,4,4.596497404174478,2.7387050660655397,pass,NGC 5044 TR3
,,NGC5044,False,WALLABY J134230-171445,,,,no adjacent registered frame pair satisfied all frozen convergence criteria,False,,16,,,frame_nonconverged_after_registered_ladder,NGC 5044 TR3
0.0734,10.779931780783755,NGC5044,True,WALLABY J134241-233218,8.661397776062763,0.16589926032167698,40,,False,1280,2,5.211359547042731,3.1050549010672692,pass,NGC 5044 TR3
,,NGC5044,False,WALLABY J134247-193454,,,,no adjacent registered frame pair satisfied all frozen convergence criteria,False,,17,,,frame_nonconverged_after_registered_ladder,NGC 5044 TR3
,,NGC5044,False,WALLABY J134248-171356,,,,no adjacent registered frame pair satisfied all frozen convergence criteria,False,,16,,,frame_nonconverged_after_registered_ladder,NGC 5044 TR3
,,NGC5044,False,WALLABY J134249-182801,,,,no adjacent registered frame pair satisfied all frozen convergence criteria,False,,15,,,frame_nonconverged_after_registered_ladder,NGC 5044 TR3
0.0947,15.7828981202455,NGC5044,True,WALLABY J134250-184550,8.835920098755908,0.19206369806116547,44,,False,1792,22,6.146956859807472,3.6625065593536488,pass,NGC 5044 TR3
,,NGC5044,False,WALLABY J134250-184928,,,,no adjacent registered frame pair satisfied all frozen convergence criteria,False,,22,,,frame_nonconverged_after_registered_ladder,NGC 5044 TR3
0.0915,13.043717454748347,NGC5044,True,WALLABY J134259-182447,9.22596814725333,0.2017747619927856,42,,False,1536,15,5.85593215488597,3.489106954473008,pass,NGC 5044 TR3
0.1008,21.007037398046766,NGC5044,True,WALLABY J134306-193556,9.545351667132017,0.13311360238110317,47,,False,1024,17,8.461564014540784,5.041605856758374,pass,NGC 5044 TR3
,,NGC5044,False,WALLABY J134308-201304,,,,HTTP 404 https://portal.nersc.gov/cfs/cosmo/data/legacysurvey/dr10/south/coadd/205/2056m202/legacysurvey-2056m202-image-r.fits.fz,False,,14,,,no_dr10_imaging_coverage,NGC 5044 TR3
0.0706,27.960366776800253,NGC5044,True,WALLABY J134437-235646,9.315289879413442,0.12653982481333007,50,,False,1280,2,8.272804879221649,4.929138568145272,pass,NGC 5044 TR3
0.0743,15.7828981202455,NGC5044,True,WALLABY J134447-230014,9.03743799765538,0.1551980121451606,44,,False,1024,1,3.1541740568034005,1.8793336989105511,pass,NGC 5044 TR3
,,NGC5044,False,WALLABY J134455-201659,,,,no adjacent registered frame pair satisfied all frozen convergence criteria,False,,1,,,frame_nonconverged_after_registered_ladder,NGC 5044 TR3
,,NGC5044,False,WALLABY J134510-222447,,,,no adjacent registered frame pair satisfied all frozen convergence criteria,False,,2,,,frame_nonconverged_after_registered_ladder,NGC 5044 TR3
0.0752,21.007037398046766,NGC5044,True,WALLABY J134514-151038,8.920000989694243,0.14260636523928918,47,,False,1536,10,7.502454215064819,4.4701448864220525,pass,NGC 5044 TR3
0.0764,54.48684486022256,NGC5044,True,WALLABY J134533-145830,10.791225635530244,0.10879638294257842,57,,False,1792,14,16.739123322431897,9.973577229262784,pass,NGC 5044 TR3
0.0883,6.08499045801062,NGC5044,True,WALLABY J134737-201752,8.766725855269053,0.1566428072744948,34,,False,1792,20,2.888257528495959,1.7208941569748266,pass,NGC 5044 TR3
,,Vela,False,WALLABY J094234-470424,,,,complete padded final Vela TR1 source rectangle has zero DR10 Tractor objects; no substitute survey permitted,False,,,,,no_dr10_field_coverage,Vela TR1
,,Vela,False,WALLABY J094254-463705,,,,complete padded final Vela TR1 source rectangle has zero DR10 Tractor objects; no substitute survey permitted,False,,,,,no_dr10_field_coverage,Vela TR1
,,Vela,False,WALLABY J094325-453019,,,,complete padded final Vela TR1 source rectangle has zero DR10 Tractor objects; no substitute survey permitted,False,,,,,no_dr10_field_coverage,Vela TR1
,,Vela,False,WALLABY J094402-445751,,,,complete padded final Vela TR1 source rectangle has zero DR10 Tractor objects; no substitute survey permitted,False,,,,,no_dr10_field_coverage,Vela TR1
,,Vela,False,WALLABY J094444-481857,,,,complete padded final Vela TR1 source rectangle has zero DR10 Tractor objects; no substitute survey permitted,False,,,,,no_dr10_field_coverage,Vela TR1
,,Vela,False,WALLABY J094449-463217,,,,complete padded final Vela TR1 source rectangle has zero DR10 Tractor objects; no substitute survey permitted,False,,,,,no_dr10_field_coverage,Vela TR1
,,Vela,False,WALLABY J094524-480828,,,,complete padded final Vela TR1 source rectangle has zero DR10 Tractor objects; no substitute survey permitted,False,,,,,no_dr10_field_coverage,Vela TR1
,,Vela,False,WALLABY J094530-470014,,,,complete padded final Vela TR1 source rectangle has zero DR10 Tractor objects; no substitute survey permitted,False,,,,,no_dr10_field_coverage,Vela TR1
,,Vela,False,WALLABY J094613-471709,,,,complete padded final Vela TR1 source rectangle has zero DR10 Tractor objects; no substitute survey permitted,False,,,,,no_dr10_field_coverage,Vela TR1
,,Vela,False,WALLABY J094723-431306,,,,complete padded final Vela TR1 source rectangle has zero DR10 Tractor objects; no substitute survey permitted,False,,,,,no_dr10_field_coverage,Vela TR1
,,Vela,False,WALLABY J094808-473113,,,,complete padded final Vela TR1 source rectangle has zero DR10 Tractor objects; no substitute survey permitted,False,,,,,no_dr10_field_coverage,Vela TR1
,,Vela,False,WALLABY J094819-442224,,,,complete padded final Vela TR1 source rectangle has zero DR10 Tractor objects; no substitute survey permitted,False,,,,,no_dr10_field_coverage,Vela TR1
,,Vela,False,WALLABY J094828-472216,,,,complete padded final Vela TR1 source rectangle has zero DR10 Tractor objects; no substitute survey permitted,False,,,,,no_dr10_field_coverage,Vela TR1
,,Vela,False,WALLABY J094840-452959,,,,complete padded final Vela TR1 source rectangle has zero DR10 Tractor objects; no substitute survey permitted,False,,,,,no_dr10_field_coverage,Vela TR1
,,Vela,False,WALLABY J094854-462741,,,,complete padded final Vela TR1 source rectangle has zero DR10 Tractor objects; no substitute survey permitted,False,,,,,no_dr10_field_coverage,Vela TR1
,,Vela,False,WALLABY J094855-435404,,,,complete padded final Vela TR1 source rectangle has zero DR10 Tractor objects; no substitute survey permitted,False,,,,,no_dr10_field_coverage,Vela TR1
,,Vela,False,WALLABY J094855-474548,,,,complete padded final Vela TR1 source rectangle has zero DR10 Tractor objects; no substitute survey permitted,False,,,,,no_dr10_field_coverage,Vela TR1
,,Vela,False,WALLABY J094926-435730,,,,complete padded final Vela TR1 source rectangle has zero DR10 Tractor objects; no substitute survey permitted,False,,,,,no_dr10_field_coverage,Vela TR1
,,Vela,False,WALLABY J094930-475941,,,,complete padded final Vela TR1 source rectangle has zero DR10 Tractor objects; no substitute survey permitted,False,,,,,no_dr10_field_coverage,Vela TR1
,,Vela,False,WALLABY J094940-454322,,,,complete padded final Vela TR1 source rectangle has zero DR10 Tractor objects; no substitute survey permitted,False,,,,,no_dr10_field_coverage,Vela TR1
,,Vela,False,WALLABY J094944-471059,,,,complete padded final Vela TR1 source rectangle has zero DR10 Tractor objects; no substitute survey permitted,False,,,,,no_dr10_field_coverage,Vela TR1
,,Vela,False,WALLABY J094954-485521,,,,complete padded final Vela TR1 source rectangle has zero DR10 Tractor objects; no substitute survey permitted,False,,,,,no_dr10_field_coverage,Vela TR1
,,Vela,False,WALLABY J094959-481705,,,,complete padded final Vela TR1 source rectangle has zero DR10 Tractor objects; no substitute survey permitted,False,,,,,no_dr10_field_coverage,Vela TR1
,,Vela,False,WALLABY J095019-441017,,,,complete padded final Vela TR1 source rectangle has zero DR10 Tractor objects; no substitute survey permitted,False,,,,,no_dr10_field_coverage,Vela TR1
,,Vela,False,WALLABY J095019-452605,,,,complete padded final Vela TR1 source rectangle has zero DR10 Tractor objects; no substitute survey permitted,False,,,,,no_dr10_field_coverage,Vela TR1
,,Vela,False,WALLABY J095126-452831,,,,complete padded final Vela TR1 source rectangle has zero DR10 Tractor objects; no substitute survey permitted,False,,,,,no_dr10_field_coverage,Vela TR1
,,Vela,False,WALLABY J095131-440121,,,,complete padded final Vela TR1 source rectangle has zero DR10 Tractor objects; no substitute survey permitted,False,,,,,no_dr10_field_coverage,Vela TR1
,,Vela,False,WALLABY J095205-443809,,,,complete padded final Vela TR1 source rectangle has zero DR10 Tractor objects; no substitute survey permitted,False,,,,,no_dr10_field_coverage,Vela TR1
,,Vela,False,WALLABY J095211-464251,,,,complete padded final Vela TR1 source rectangle has zero DR10 Tractor objects; no substitute survey permitted,False,,,,,no_dr10_field_coverage,Vela TR1
,,Vela,False,WALLABY J095239-470647,,,,complete padded final Vela TR1 source rectangle has zero DR10 Tractor objects; no substitute survey permitted,False,,,,,no_dr10_field_coverage,Vela TR1
,,Vela,False,WALLABY J095244-474722,,,,complete padded final Vela TR1 source rectangle has zero DR10 Tractor objects; no substitute survey permitted,False,,,,,no_dr10_field_coverage,Vela TR1
,,Vela,False,WALLABY J095347-455759,,,,complete padded final Vela TR1 source rectangle has zero DR10 Tractor objects; no substitute survey permitted,False,,,,,no_dr10_field_coverage,Vela TR1
,,Vela,False,WALLABY J095354-433845,,,,complete padded final Vela TR1 source rectangle has zero DR10 Tractor objects; no substitute survey permitted,False,,,,,no_dr10_field_coverage,Vela TR1
,,Vela,False,WALLABY J095448-462159,,,,complete padded final Vela TR1 source rectangle has zero DR10 Tractor objects; no substitute survey permitted,False,,,,,no_dr10_field_coverage,Vela TR1
,,Vela,False,WALLABY J095454-472801,,,,complete padded final Vela TR1 source rectangle has zero DR10 Tractor objects; no substitute survey permitted,False,,,,,no_dr10_field_coverage,Vela TR1
,,Vela,False,WALLABY J095503-483432,,,,complete padded final Vela TR1 source rectangle has zero DR10 Tractor objects; no substitute survey permitted,False,,,,,no_dr10_field_coverage,Vela TR1
,,Vela,False,WALLABY J095558-472929,,,,complete padded final Vela TR1 source rectangle has zero DR10 Tractor objects; no substitute survey permitted,False,,,,,no_dr10_field_coverage,Vela TR1
,,Vela,False,WALLABY J095648-450253,,,,complete padded final Vela TR1 source rectangle has zero DR10 Tractor objects; no substitute survey permitted,False,,,,,no_dr10_field_coverage,Vela TR1
,,Vela,False,WALLABY J095710-485624,,,,complete padded final Vela TR1 source rectangle has zero DR10 Tractor objects; no substitute survey permitted,False,,,,,no_dr10_field_coverage,Vela TR1
,,Vela,False,WALLABY J095719-465024,,,,complete padded final Vela TR1 source rectangle has zero DR10 Tractor objects; no substitute survey permitted,False,,,,,no_dr10_field_coverage,Vela TR1
,,Vela,False,WALLABY J095802-444730,,,,complete padded final Vela TR1 source rectangle has zero DR10 Tractor objects; no substitute survey permitted,False,,,,,no_dr10_field_coverage,Vela TR1
,,Vela,False,WALLABY J095809-472057,,,,complete padded final Vela TR1 source rectangle has zero DR10 Tractor objects; no substitute survey permitted,False,,,,,no_dr10_field_coverage,Vela TR1
,,Vela,False,WALLABY J095824-433328,,,,complete padded final Vela TR1 source rectangle has zero DR10 Tractor objects; no substitute survey permitted,False,,,,,no_dr10_field_coverage,Vela TR1
,,Vela,False,WALLABY J095836-470454,,,,complete padded final Vela TR1 source rectangle has zero DR10 Tractor objects; no substitute survey permitted,False,,,,,no_dr10_field_coverage,Vela TR1
,,Vela,False,WALLABY J095955-464721,,,,complete padded final Vela TR1 source rectangle has zero DR10 Tractor objects; no substitute survey permitted,False,,,,,no_dr10_field_coverage,Vela TR1
,,Vela,False,WALLABY J100036-465940,,,,complete padded final Vela TR1 source rectangle has zero DR10 Tractor objects; no substitute survey permitted,False,,,,,no_dr10_field_coverage,Vela TR1
,,Vela,False,WALLABY J100102-481259,,,,complete padded final Vela TR1 source rectangle has zero DR10 Tractor objects; no substitute survey permitted,False,,,,,no_dr10_field_coverage,Vela TR1
,,Vela,False,WALLABY J100123-434533,,,,complete padded final Vela TR1 source rectangle has zero DR10 Tractor objects; no substitute survey permitted,False,,,,,no_dr10_field_coverage,Vela TR1
,,Vela,False,WALLABY J100145-471627,,,,complete padded final Vela TR1 source rectangle has zero DR10 Tractor objects; no substitute survey permitted,False,,,,,no_dr10_field_coverage,Vela TR1
,,Vela,False,WALLABY J100212-445101,,,,complete padded final Vela TR1 source rectangle has zero DR10 Tractor objects; no substitute survey permitted,False,,,,,no_dr10_field_coverage,Vela TR1
,,Vela,False,WALLABY J100307-453140,,,,complete padded final Vela TR1 source rectangle has zero DR10 Tractor objects; no substitute survey permitted,False,,,,,no_dr10_field_coverage,Vela TR1
,,Vela,False,WALLABY J100317-440128,,,,complete padded final Vela TR1 source rectangle has zero DR10 Tractor objects; no substitute survey permitted,False,,,,,no_dr10_field_coverage,Vela TR1
,,Vela,False,WALLABY J100319-443142,,,,complete padded final Vela TR1 source rectangle has zero DR10 Tractor objects; no substitute survey permitted,False,,,,,no_dr10_field_coverage,Vela TR1
,,Vela,False,WALLABY J100352-443211,,,,complete padded final Vela TR1 source rectangle has zero DR10 Tractor objects; no substitute survey permitted,False,,,,,no_dr10_field_coverage,Vela TR1
,,Vela,False,WALLABY J100415-445304,,,,complete padded final Vela TR1 source rectangle has zero DR10 Tractor objects; no substitute survey permitted,False,,,,,no_dr10_field_coverage,Vela TR1
,,Vela,False,WALLABY J100421-442527,,,,complete padded final Vela TR1 source rectangle has zero DR10 Tractor objects; no substitute survey permitted,False,,,,,no_dr10_field_coverage,Vela TR1
,,Vela,False,WALLABY J100425-444951,,,,complete padded final Vela TR1 source rectangle has zero DR10 Tractor objects; no substitute survey permitted,False,,,,,no_dr10_field_coverage,Vela TR1
,,Vela,False,WALLABY J100426-455138,,,,complete padded final Vela TR1 source rectangle has zero DR10 Tractor objects; no substitute survey permitted,False,,,,,no_dr10_field_coverage,Vela TR1
,,Vela,False,WALLABY J100444-443016,,,,complete padded final Vela TR1 source rectangle has zero DR10 Tractor objects; no substitute survey permitted,False,,,,,no_dr10_field_coverage,Vela TR1
,,Vela,False,WALLABY J100451-435701,,,,complete padded final Vela TR1 source rectangle has zero DR10 Tractor objects; no substitute survey permitted,False,,,,,no_dr10_field_coverage,Vela TR1
,,Vela,False,WALLABY J100508-445144,,,,complete padded final Vela TR1 source rectangle has zero DR10 Tractor objects; no substitute survey permitted,False,,,,,no_dr10_field_coverage,Vela TR1
,,Vela,False,WALLABY J100509-444852,,,,complete padded final Vela TR1 source rectangle has zero DR10 Tractor objects; no substitute survey permitted,False,,,,,no_dr10_field_coverage,Vela TR1
,,Vela,False,WALLABY J100535-465131,,,,complete padded final Vela TR1 source rectangle has zero DR10 Tractor objects; no substitute survey permitted,False,,,,,no_dr10_field_coverage,Vela TR1
,,Vela,False,WALLABY J100540-455426,,,,complete padded final Vela TR1 source rectangle has zero DR10 Tractor objects; no substitute survey permitted,False,,,,,no_dr10_field_coverage,Vela TR1
,,Vela,False,WALLABY J100542-442711,,,,complete padded final Vela TR1 source rectangle has zero DR10 Tractor objects; no substitute survey permitted,False,,,,,no_dr10_field_coverage,Vela TR1
,,Vela,False,WALLABY J100550-433754,,,,complete padded final Vela TR1 source rectangle has zero DR10 Tractor objects; no substitute survey permitted,False,,,,,no_dr10_field_coverage,Vela TR1
,,Vela,False,WALLABY J100552-450111,,,,complete padded final Vela TR1 source rectangle has zero DR10 Tractor objects; no substitute survey permitted,False,,,,,no_dr10_field_coverage,Vela TR1
,,Vela,False,WALLABY J100619-442643,,,,complete padded final Vela TR1 source rectangle has zero DR10 Tractor objects; no substitute survey permitted,False,,,,,no_dr10_field_coverage,Vela TR1
,,Vela,False,WALLABY J100629-462816,,,,complete padded final Vela TR1 source rectangle has zero DR10 Tractor objects; no substitute survey permitted,False,,,,,no_dr10_field_coverage,Vela TR1
,,Vela,False,WALLABY J100633-442552,,,,complete padded final Vela TR1 source rectangle has zero DR10 Tractor objects; no substitute survey permitted,False,,,,,no_dr10_field_coverage,Vela TR1
,,Vela,False,WALLABY J100645-474147,,,,complete padded final Vela TR1 source rectangle has zero DR10 Tractor objects; no substitute survey permitted,False,,,,,no_dr10_field_coverage,Vela TR1
,,Vela,False,WALLABY J100647-473156,,,,complete padded final Vela TR1 source rectangle has zero DR10 Tractor objects; no substitute survey permitted,False,,,,,no_dr10_field_coverage,Vela TR1
,,Vela,False,WALLABY J100656-450242,,,,complete padded final Vela TR1 source rectangle has zero DR10 Tractor objects; no substitute survey permitted,False,,,,,no_dr10_field_coverage,Vela TR1
,,Vela,False,WALLABY J100733-460851,,,,complete padded final Vela TR1 source rectangle has zero DR10 Tractor objects; no substitute survey permitted,False,,,,,no_dr10_field_coverage,Vela TR1
,,Vela,False,WALLABY J100745-432954,,,,complete padded final Vela TR1 source rectangle has zero DR10 Tractor objects; no substitute survey permitted,False,,,,,no_dr10_field_coverage,Vela TR1
,,Vela,False,WALLABY J100748-430145,,,,complete padded final Vela TR1 source rectangle has zero DR10 Tractor objects; no substitute survey permitted,False,,,,,no_dr10_field_coverage,Vela TR1
,,Vela,False,WALLABY J100803-425316,,,,complete padded final Vela TR1 source rectangle has zero DR10 Tractor objects; no substitute survey permitted,False,,,,,no_dr10_field_coverage,Vela TR1
,,Vela,False,WALLABY J100817-475436,,,,complete padded final Vela TR1 source rectangle has zero DR10 Tractor objects; no substitute survey permitted,False,,,,,no_dr10_field_coverage,Vela TR1
,,Vela,False,WALLABY J100846-472728,,,,complete padded final Vela TR1 source rectangle has zero DR10 Tractor objects; no substitute survey permitted,False,,,,,no_dr10_field_coverage,Vela TR1
,,Vela,False,WALLABY J100855-444107,,,,complete padded final Vela TR1 source rectangle has zero DR10 Tractor objects; no substitute survey permitted,False,,,,,no_dr10_field_coverage,Vela TR1
,,Vela,False,WALLABY J100859-445345,,,,complete padded final Vela TR1 source rectangle has zero DR10 Tractor objects; no substitute survey permitted,False,,,,,no_dr10_field_coverage,Vela TR1
,,Vela,False,WALLABY J100913-430010,,,,complete padded final Vela TR1 source rectangle has zero DR10 Tractor objects; no substitute survey permitted,False,,,,,no_dr10_field_coverage,Vela TR1
,,Vela,False,WALLABY J100916-431959,,,,complete padded final Vela TR1 source rectangle has zero DR10 Tractor objects; no substitute survey permitted,False,,,,,no_dr10_field_coverage,Vela TR1
,,Vela,False,WALLABY J101036-433659,,,,complete padded final Vela TR1 source rectangle has zero DR10 Tractor objects; no substitute survey permitted,False,,,,,no_dr10_field_coverage,Vela TR1
,,Vela,False,WALLABY J101053-473338,,,,complete padded final Vela TR1 source rectangle has zero DR10 Tractor objects; no substitute survey permitted,False,,,,,no_dr10_field_coverage,Vela TR1
,,Vela,False,WALLABY J101059-450851,,,,complete padded final Vela TR1 source rectangle has zero DR10 Tractor objects; no substitute survey permitted,False,,,,,no_dr10_field_coverage,Vela TR1
,,Vela,False,WALLABY J101102-453912,,,,complete padded final Vela TR1 source rectangle has zero DR10 Tractor objects; no substitute survey permitted,False,,,,,no_dr10_field_coverage,Vela TR1
,,Vela,False,WALLABY J101115-432421,,,,complete padded final Vela TR1 source rectangle has zero DR10 Tractor objects; no substitute survey permitted,False,,,,,no_dr10_field_coverage,Vela TR1
,,Vela,False,WALLABY J101143-455557,,,,complete padded final Vela TR1 source rectangle has zero DR10 Tractor objects; no substitute survey permitted,False,,,,,no_dr10_field_coverage,Vela TR1
,,Vela,False,WALLABY J101146-461636,,,,complete padded final Vela TR1 source rectangle has zero DR10 Tractor objects; no substitute survey permitted,False,,,,,no_dr10_field_coverage,Vela TR1
,,Vela,False,WALLABY J101214-430504,,,,complete padded final Vela TR1 source rectangle has zero DR10 Tractor objects; no substitute survey permitted,False,,,,,no_dr10_field_coverage,Vela TR1
,,Vela,False,WALLABY J101303-440332,,,,complete padded final Vela TR1 source rectangle has zero DR10 Tractor objects; no substitute survey permitted,False,,,,,no_dr10_field_coverage,Vela TR1
,,Vela,False,WALLABY J101329-444504,,,,complete padded final Vela TR1 source rectangle has zero DR10 Tractor objects; no substitute survey permitted,False,,,,,no_dr10_field_coverage,Vela TR1
,,Vela,False,WALLABY J101423-432437,,,,complete padded final Vela TR1 source rectangle has zero DR10 Tractor objects; no substitute survey permitted,False,,,,,no_dr10_field_coverage,Vela TR1
,,Vela,False,WALLABY J101442-445108,,,,complete padded final Vela TR1 source rectangle has zero DR10 Tractor objects; no substitute survey permitted,False,,,,,no_dr10_field_coverage,Vela TR1
,,Vela,False,WALLABY J101455-471852,,,,complete padded final Vela TR1 source rectangle has zero DR10 Tractor objects; no substitute survey permitted,False,,,,,no_dr10_field_coverage,Vela TR1
,,Vela,False,WALLABY J101628-455103,,,,complete padded final Vela TR1 source rectangle has zero DR10 Tractor objects; no substitute survey permitted,False,,,,,no_dr10_field_coverage,Vela TR1
,,Vela,False,WALLABY J101703-442447,,,,complete padded final Vela TR1 source rectangle has zero DR10 Tractor objects; no substitute survey permitted,False,,,,,no_dr10_field_coverage,Vela TR1
