galaxy_id,pair_index,rin_arcsec,rout_arcsec,sigma_hi_msun_pc2
WALLABY J124747+042017,0,4.4408920985e-16,12,1.68501463129
WALLABY J124747+042017,1,12,24,4.05539729851
WALLABY J124747+042017,2,24,36.0000000001,3.65356915917
WALLABY J124747+042017,3,36.0000000001,48.0000000001,4.6645788205
WALLABY J124747+042017,4,48.0000000001,60.0000000001,4.90758503302
WALLABY J124747+042017,5,60.0000000001,72.0000000001,4.83940275093
WALLABY J124747+042017,6,72.0000000001,84.0000000002,5.50132415329
WALLABY J124747+042017,7,84.0000000002,96.0000000002,5.19356047432
WALLABY J124747+042017,8,96.0000000002,108,4.78972032183
WALLABY J124747+042017,9,108,120,3.25882628235
WALLABY J124747+042017,10,120,132,2.85261058481
WALLABY J124747+042017,11,132,144,2.20635939325
WALLABY J124747+042017,12,144,156,1.89483224853
WALLABY J124747+042017,13,156,168,0.931949558305
WALLABY J124747+042017,14,168,180,0.56416688482
WALLABY J124747+042017,15,180,192,0.0707669002269
WALLABY J124747+042017,16,192,204,0.0223084876459
WALLABY J124747+042017,17,204,216,0.00229883970402
WALLABY J124911+032310,0,4.4408920985e-16,12,7.52868394121
WALLABY J124911+032310,1,12,24,8.36758578036
WALLABY J124911+032310,2,24,36.0000000001,8.09752308513
WALLABY J124911+032310,3,36.0000000001,48.0000000001,6.61140563019
WALLABY J124911+032310,4,48.0000000001,60.0000000001,6.09785598498
WALLABY J124911+032310,5,60.0000000001,72.0000000001,5.70295972066
WALLABY J124911+032310,6,72.0000000001,84.0000000002,5.6346242969
WALLABY J124911+032310,7,84.0000000002,96.0000000002,4.46094985752
WALLABY J124911+032310,8,96.0000000002,108,4.23328971637
WALLABY J124911+032310,9,108,120,4.00388562302
WALLABY J124911+032310,10,120,132,3.77166973807
WALLABY J124911+032310,11,132,144,2.59844917053
WALLABY J124911+032310,12,144,156,2.39249777435
WALLABY J124911+032310,13,156,168,1.48847349369
WALLABY J124911+032310,14,168,180,1.33489551199
WALLABY J124911+032310,15,180,192,1.30258147029
WALLABY J124911+032310,16,192,204,1.39425590769
WALLABY J124911+032310,17,204,216,1.01752219932
WALLABY J124911+032310,18,216,228,0.934629831312
WALLABY J124911+032310,19,228,240,0.657723358783
WALLABY J124911+032310,20,240,252.000000001,0.533804259037
WALLABY J124911+032310,21,252.000000001,264.000000001,0.236008581623
WALLABY J124911+032310,22,264.000000001,276.000000001,0.191122141253
WALLABY J124911+032310,23,276.000000001,288.000000001,0.0211985495977
WALLABY J124911+032310,24,288.000000001,300.000000001,0.0138726295557
WALLABY J124911+032310,25,300.000000001,312.000000001,0.00582275549659
WALLABY J124935+033620,0,6.00000000001,18,4.15376696905
WALLABY J124935+033620,1,18,30.0000000001,3.07602510938
WALLABY J124935+033620,2,30.0000000001,42.0000000001,0.74564071398
WALLABY J124935+033620,3,42.0000000001,54.0000000001,0.134980973294
WALLABY J124935+033620,4,54.0000000001,66.0000000001,0.00420311891873
WALLABY J124937+074725,0,6.00000000001,18,1.76664524559
WALLABY J124937+074725,1,18,30.0000000001,1.28197459616
WALLABY J124937+074725,2,30.0000000001,42.0000000001,1.279502658
WALLABY J124937+074725,3,42.0000000001,54.0000000001,0.0935727054891
WALLABY J124937+074725,4,54.0000000001,66.0000000001,0.0184014512505
WALLABY J124947+035042,0,4.4408920985e-16,12,5.67720187036
WALLABY J124947+035042,1,12,24,5.17323163784
WALLABY J124947+035042,2,24,36.0000000001,4.23633792617
WALLABY J124947+035042,3,36.0000000001,48.0000000001,3.06280475396
WALLABY J124947+035042,4,48.0000000001,60.0000000001,1.95841921755
WALLABY J124947+035042,5,60.0000000001,72.0000000001,1.2601086273
WALLABY J124947+035042,6,72.0000000001,84.0000000002,0.82450296777
WALLABY J124947+035042,7,84.0000000002,96.0000000002,0.570979217325
WALLABY J124947+035042,8,96.0000000002,108,0.252197075362
WALLABY J124947+035042,9,108,120,0.187761463494
WALLABY J124947+035042,10,120,132,0.049335618934
WALLABY J124947+035042,11,132,144,0.0310250821629
WALLABY J124947+035042,12,144,156,0.00754724668005
WALLABY J124947+035042,13,156,168,0.00584580644585
WALLABY J124947+035042,14,168,180,0.00710634167949
WALLABY J124957+040438,0,6.00000000001,18,4.32028085362
WALLABY J124957+040438,1,18,30.0000000001,1.76693207884
WALLABY J124957+040438,2,30.0000000001,42.0000000001,0.7338683507
WALLABY J124957+040438,3,42.0000000001,54.0000000001,0.0417454346836
WALLABY J124957+040438,4,54.0000000001,66.0000000001,0.025717202601
WALLABY J125012+073442,0,6.00000000001,18,3.25671123498
WALLABY J125012+073442,1,18,30.0000000001,3.05118270974
WALLABY J125012+073442,2,30.0000000001,42.0000000001,2.144099191
WALLABY J125012+073442,3,42.0000000001,54.0000000001,0.97059300123
WALLABY J125012+073442,4,54.0000000001,66.0000000001,0.840142166107
WALLABY J125012+073442,5,66.0000000001,78.0000000002,0.290282781645
WALLABY J125012+073442,6,78.0000000002,90.0000000002,0.204682037696
WALLABY J125012+073442,7,90.0000000002,102,0.125095495839
WALLABY J125012+073442,8,102,114,0.116479595053
WALLABY J125012+073442,9,114,126,0.0409412093113
WALLABY J125012+073442,10,126,138,0.0465230098816
WALLABY J125012+073442,11,138,150,0.0210649740324
WALLABY J125012+073442,12,150,162,0.0123969677954
WALLABY J125012+073442,13,162,174,0.00396780033467
WALLABY J125012+073442,14,174,186,0.00752981461079
WALLABY J125112+045132,0,4.4408920985e-16,12,7.04452601056
WALLABY J125112+045132,1,12,24,6.54423343588
WALLABY J125112+045132,2,24,36.0000000001,3.84316097531
WALLABY J125112+045132,3,36.0000000001,48.0000000001,2.94115196611
WALLABY J125112+045132,4,48.0000000001,60.0000000001,0.565003081121
WALLABY J125112+045132,5,60.0000000001,72.0000000001,0.237157209238
WALLABY J125112+045132,6,72.0000000001,84.0000000002,0.0510779481993
WALLABY J125112+045132,7,84.0000000002,96.0000000002,0.0114603358014
WALLABY J125112+045132,8,96.0000000002,108,0.00653685688861
WALLABY J125112+045132,9,108,120,0.0128698169141
WALLABY J125112+045132,10,120,132,0.0111769757417
WALLABY J125112+045132,11,132,144,0.00777048691
WALLABY J125114+052031,0,4.4408920985e-16,12,4.64081570421
WALLABY J125114+052031,1,12,24,2.54480464856
WALLABY J125114+052031,2,24,36.0000000001,2.11891192253
WALLABY J125114+052031,3,36.0000000001,48.0000000001,0.654024725474
WALLABY J125114+052031,4,48.0000000001,60.0000000001,0.434969685288
WALLABY J125114+052031,5,60.0000000001,72.0000000001,0.0127382716499
WALLABY J125121+063829,0,6.00000000001,18,4.70173576683
WALLABY J125121+063829,1,18,30.0000000001,0.923034558245
WALLABY J125121+063829,2,30.0000000001,42.0000000001,0.274067415857
WALLABY J125121+063829,3,42.0000000001,54.0000000001,0.00225701058063
WALLABY J125133+080241,0,6.00000000001,18,4.43453320123
WALLABY J125133+080241,1,18,30.0000000001,2.30022057815
WALLABY J125133+080241,2,30.0000000001,42.0000000001,1.69251792781
WALLABY J125133+080241,3,42.0000000001,54.0000000001,0.646891356636
WALLABY J125133+080241,4,54.0000000001,66.0000000001,0.459183697258
WALLABY J125133+080241,5,66.0000000001,78.0000000002,0.214448730677
WALLABY J125133+080241,6,78.0000000002,90.0000000002,0.117285885404
WALLABY J125133+080241,7,90.0000000002,102,0.0202311940434
WALLABY J125133+080241,8,102,114,0.0104430663439
WALLABY J125133+080241,9,114,126,0.00721452973508
WALLABY J125133+080241,10,126,138,0.00452724449622
WALLABY J125134+055147,0,4.4408920985e-16,12,4.16013109631
WALLABY J125134+055147,1,12,24,2.01012895569
WALLABY J125134+055147,2,24,36.0000000001,1.33658365195
WALLABY J125134+055147,3,36.0000000001,48.0000000001,0.111921406621
WALLABY J125134+055147,4,48.0000000001,60.0000000001,0.0543885263838
WALLABY J125134+055147,5,60.0000000001,72.0000000001,0.00619858868399
WALLABY J125156+035954,0,4.4408920985e-16,12,4.67800095646
WALLABY J125156+035954,1,12,24,2.28881210509
WALLABY J125156+035954,2,24,36.0000000001,1.82084665463
WALLABY J125156+035954,3,36.0000000001,48.0000000001,0.39345865284
WALLABY J125156+035954,4,48.0000000001,60.0000000001,0.294990211571
WALLABY J125156+035954,5,60.0000000001,72.0000000001,0.0144849196341
WALLABY J125156+035954,6,72.0000000001,84.0000000002,0.00577962376395
WALLABY J125156+035954,7,84.0000000002,96.0000000002,0.00263394028876
WALLABY J125156+035954,8,96.0000000002,108,0.00490165079498
WALLABY J125243+075643,0,4.4408920985e-16,12,2.36708595536
WALLABY J125243+075643,1,12,24,1.62349390714
WALLABY J125243+075643,2,24,36.0000000001,1.47021782712
WALLABY J125243+075643,3,36.0000000001,48.0000000001,0.755923992992
WALLABY J125243+075643,4,48.0000000001,60.0000000001,0.353606232808
WALLABY J125243+075643,5,60.0000000001,72.0000000001,0.120696627341
WALLABY J125243+075643,6,72.0000000001,84.0000000002,0.0338396884367
WALLABY J125243+075643,7,84.0000000002,96.0000000002,0.00140334777398
WALLABY J125339+040434,0,4.4408920985e-16,12,2.41599692971
WALLABY J125339+040434,1,12,24,1.76851492398
WALLABY J125339+040434,2,24,36.0000000001,0.0120530889528
WALLABY J125339+040434,3,36.0000000001,48.0000000001,0.0174672888759
WALLABY J125413+052149,0,4.4408920985e-16,12,6.02942308737
WALLABY J125413+052149,1,12,24,4.77977287958
WALLABY J125413+052149,2,24,36.0000000001,1.4675282702
WALLABY J125413+052149,3,36.0000000001,48.0000000001,0.81691018185
WALLABY J125413+052149,4,48.0000000001,60.0000000001,0.0785615506144
WALLABY J125413+052149,5,60.0000000001,72.0000000001,0.105121550589
WALLABY J125413+052149,6,72.0000000001,84.0000000002,0.0191565439075
WALLABY J125413+052149,7,84.0000000002,96.0000000002,0.00391755698497
WALLABY J125441+050734,0,6.00000000001,18,3.48506147743
WALLABY J125441+050734,1,18,30.0000000001,0.303045358606
WALLABY J125441+050734,2,30.0000000001,42.0000000001,0.0707413039206
WALLABY J125441+050734,3,42.0000000001,54.0000000001,0.00697264348633
WALLABY J125451+023900,0,4.4408920985e-16,12,17.4424152334
WALLABY J125451+023900,1,12,24,14.7295379152
WALLABY J125451+023900,2,24,36.0000000001,11.9959456619
WALLABY J125451+023900,3,36.0000000001,48.0000000001,8.06217347554
WALLABY J125451+023900,4,48.0000000001,60.0000000001,7.75519140643
WALLABY J125451+023900,5,60.0000000001,72.0000000001,3.83848264995
WALLABY J125451+023900,6,72.0000000001,84.0000000002,3.0083446988
WALLABY J125451+023900,7,84.0000000002,96.0000000002,1.1755894235
WALLABY J125451+023900,8,96.0000000002,108,0.613967734368
WALLABY J125451+023900,9,108,120,0.247329030504
WALLABY J125451+023900,10,120,132,0.092746960165
WALLABY J125451+023900,11,132,144,0.002561916428
WALLABY J125500+051140,0,6.00000000001,18,3.01399984889
WALLABY J125500+051140,1,18,30.0000000001,1.07811365848
WALLABY J125500+051140,2,30.0000000001,42.0000000001,0.460948653635
WALLABY J125500+051140,3,42.0000000001,54.0000000001,0.0284643078225
WALLABY J125500+051140,4,54.0000000001,66.0000000001,0.0086347292667
WALLABY J125507+040229,0,6.00000000001,18,2.34202610007
WALLABY J125507+040229,1,18,30.0000000001,1.29546783609
WALLABY J125507+040229,2,30.0000000001,42.0000000001,0.795367808928
WALLABY J125507+040229,3,42.0000000001,54.0000000001,0.0537548820834
WALLABY J125507+040229,4,54.0000000001,66.0000000001,0.0467611383896
WALLABY J125507+040229,5,66.0000000001,78.0000000002,0.00145199314693
WALLABY J125515+081543,0,6.00000000001,18,1.64669031344
WALLABY J125515+081543,1,18,30.0000000001,1.48636718576
WALLABY J125515+081543,2,30.0000000001,42.0000000001,0.819481938745
WALLABY J125515+081543,3,42.0000000001,54.0000000001,0.535162150663
WALLABY J125515+081543,4,54.0000000001,66.0000000001,0.227963409437
WALLABY J125515+081543,5,66.0000000001,78.0000000002,0.263140063374
WALLABY J125515+081543,6,78.0000000002,90.0000000002,0.110894026297
WALLABY J125515+081543,7,90.0000000002,102,0.114194737833
WALLABY J125515+081543,8,102,114,0.0271797920293
WALLABY J125515+081543,9,114,126,0.0170389779651
WALLABY J125515+081543,10,126,138,0.0103372525112
WALLABY J125515+081543,11,138,150,0.000950874652232
WALLABY J125523+075436,0,6.00000000001,18,4.98175444364
WALLABY J125523+075436,1,18,30.0000000001,3.69438289086
WALLABY J125523+075436,2,30.0000000001,42.0000000001,0.704150571636
WALLABY J125523+075436,3,42.0000000001,54.0000000001,0.444052718161
WALLABY J125523+075436,4,54.0000000001,66.0000000001,0.167121587185
WALLABY J125523+075436,5,66.0000000001,78.0000000002,0.0687692646436
WALLABY J125604+034843,0,6.00000000001,18,5.5216868302
WALLABY J125604+034843,1,18,30.0000000001,6.08729806974
WALLABY J125604+034843,2,30.0000000001,42.0000000001,4.91759245494
WALLABY J125604+034843,3,42.0000000001,54.0000000001,5.17359492904
WALLABY J125604+034843,4,54.0000000001,66.0000000001,3.79599240737
WALLABY J125604+034843,5,66.0000000001,78.0000000002,3.49457369175
WALLABY J125604+034843,6,78.0000000002,90.0000000002,2.17075804818
WALLABY J125604+034843,7,90.0000000002,102,1.52267806235
WALLABY J125604+034843,8,102,114,0.494313370524
WALLABY J125604+034843,9,114,126,0.320705539032
WALLABY J125604+034843,10,126,138,0.0900475586621
WALLABY J125604+034843,11,138,150,0.0388283514512
WALLABY J125604+034843,12,150,162,0.00723142532368
WALLABY J125604+064914,0,6.00000000001,18,4.95562928145
WALLABY J125604+064914,1,18,30.0000000001,2.65048507782
WALLABY J125604+064914,2,30.0000000001,42.0000000001,1.60663275045
WALLABY J125604+064914,3,42.0000000001,54.0000000001,0.122254446699
WALLABY J125604+064914,4,54.0000000001,66.0000000001,0.0225370480637
WALLABY J125604+064914,5,66.0000000001,78.0000000002,0.00490495281579
WALLABY J125605+053051,0,6.00000000001,18,3.45572314727
WALLABY J125605+053051,1,18,30.0000000001,1.36979450081
WALLABY J125605+053051,2,30.0000000001,42.0000000001,0.911046280702
WALLABY J125605+053051,3,42.0000000001,54.0000000001,0.110769756967
WALLABY J125605+053051,4,54.0000000001,66.0000000001,0.0846458498612
WALLABY J125605+053051,5,66.0000000001,78.0000000002,0.0244765573887
WALLABY J125605+053051,6,78.0000000002,90.0000000002,0.0082167914018
WALLABY J125627+060352,0,6.00000000001,18,2.66238335474
WALLABY J125627+060352,1,18,30.0000000001,3.07847567531
WALLABY J125627+060352,2,30.0000000001,42.0000000001,2.48777086238
WALLABY J125627+060352,3,42.0000000001,54.0000000001,0.892371876081
WALLABY J125627+060352,4,54.0000000001,66.0000000001,0.859402951983
WALLABY J125627+060352,5,66.0000000001,78.0000000002,0.203789048387
WALLABY J125627+060352,6,78.0000000002,90.0000000002,0.102398974755
WALLABY J125627+060352,7,90.0000000002,102,0.0184753071093
WALLABY J125627+060352,8,102,114,0.00411586690918
WALLABY J125636+030211,0,4.4408920985e-16,12,2.31823885553
WALLABY J125636+030211,1,12,24,2.55541630313
WALLABY J125636+030211,2,24,36.0000000001,0.434599607145
WALLABY J125636+030211,3,36.0000000001,48.0000000001,0.137806573913
WALLABY J125636+030211,4,48.0000000001,60.0000000001,0.00355579772108
WALLABY J125646+034002,0,6.00000000001,18,1.01830107415
WALLABY J125646+034002,1,18,30.0000000001,0.816952823242
WALLABY J125646+034002,2,30.0000000001,42.0000000001,0.344282143057
WALLABY J125646+034002,3,42.0000000001,54.0000000001,0.371978390399
WALLABY J125646+034002,4,54.0000000001,66.0000000001,0.0635855660371
WALLABY J125646+034002,5,66.0000000001,78.0000000002,0.0365523439944
WALLABY J125646+034002,6,78.0000000002,90.0000000002,0.00482195422465
WALLABY J125646+034002,7,90.0000000002,102,0.00762631699084
WALLABY J125646+034002,8,102,114,0.00460214937427
WALLABY J125646+034002,9,114,126,0.00313119567216
WALLABY J125646+034002,10,126,138,0.00576249009841
WALLABY J125646+034002,11,138,150,0.00589422665813
WALLABY J125647+055350,0,4.4408920985e-16,12,3.14112614471
WALLABY J125647+055350,1,12,24,1.99120905207
WALLABY J125647+055350,2,24,36.0000000001,1.11114965517
WALLABY J125647+055350,3,36.0000000001,48.0000000001,0.0209815750517
WALLABY J125647+055512,0,4.4408920985e-16,12,0.999807672061
WALLABY J125647+055512,1,12,24,1.76870035494
WALLABY J125647+055512,2,24,36.0000000001,1.55918630934
WALLABY J125647+055512,3,36.0000000001,48.0000000001,0.748259167121
WALLABY J125647+055512,4,48.0000000001,60.0000000001,0.437327656591
WALLABY J125647+055512,5,60.0000000001,72.0000000001,0.0545623280959
WALLABY J125647+055512,6,72.0000000001,84.0000000002,0.00416601441779
WALLABY J125647+055512,7,84.0000000002,96.0000000002,0.0176613965995
WALLABY J125647+055512,8,96.0000000002,108,0.0192596979916
WALLABY J125647+055512,9,108,120,0.00369315787405
WALLABY J125652+045727,0,4.4408920985e-16,12,6.94717802752
WALLABY J125652+045727,1,12,24,2.25875220992
WALLABY J125652+045727,2,24,36.0000000001,1.67076517514
WALLABY J125652+045727,3,36.0000000001,48.0000000001,0.116435527085
WALLABY J125652+045727,4,48.0000000001,60.0000000001,0.0274385716623
WALLABY J125700-171910,0,4.4408920985e-16,12,16.7152501286
WALLABY J125700-171910,1,12,24,10.2622345949
WALLABY J125700-171910,2,24,36.0000000001,8.13149055307
WALLABY J125700-171910,3,36.0000000001,48.0000000001,5.89809260323
WALLABY J125700-171910,4,48.0000000001,60.0000000001,3.18696104332
WALLABY J125700-171910,5,60.0000000001,72.0000000001,2.10914533004
WALLABY J125700-171910,6,72.0000000001,84.0000000002,0.629323390269
WALLABY J125700-171910,7,84.0000000002,96.0000000002,0.103737551771
WALLABY J125716+060334,0,4.4408920985e-16,12,3.72652366605
WALLABY J125716+060334,1,12,24,2.89726854227
WALLABY J125716+060334,2,24,36.0000000001,0.462413457826
WALLABY J125716+060334,3,36.0000000001,48.0000000001,0.175394256626
WALLABY J125716+060334,4,48.0000000001,60.0000000001,0.00829038750647
WALLABY J125716+060334,5,60.0000000001,72.0000000001,0.00376708705522
WALLABY J125718+045929,0,4.4408920985e-16,12,2.64939342518
WALLABY J125718+045929,1,12,24,1.58122322008
WALLABY J125718+045929,2,24,36.0000000001,1.57217877999
WALLABY J125718+045929,3,36.0000000001,48.0000000001,0.382032619389
WALLABY J125718+045929,4,48.0000000001,60.0000000001,0.129820392953
WALLABY J125718+045929,5,60.0000000001,72.0000000001,0.000711457913187
WALLABY J125757-130339,0,6.00000000001,18,0.667535705535
WALLABY J125757-130339,1,18,30.0000000001,1.93974311189
WALLABY J125757-130339,2,30.0000000001,42.0000000001,2.86395698268
WALLABY J125757-130339,3,42.0000000001,54.0000000001,2.13099693007
WALLABY J125757-130339,4,54.0000000001,66.0000000001,1.89027855015
WALLABY J125757-130339,5,66.0000000001,78.0000000002,2.81254345332
WALLABY J125757-130339,6,78.0000000002,90.0000000002,2.93291190555
WALLABY J125757-130339,7,90.0000000002,102,1.97935653867
WALLABY J125757-130339,8,102,114,1.64276741857
WALLABY J125757-130339,9,114,126,0.217501617
WALLABY J125757-130339,10,126,138,0.0840677849347
WALLABY J125757-130339,11,138,150,0.00527727653211
WALLABY J125814+033205,0,4.4408920985e-16,12,3.32271930859
WALLABY J125814+033205,1,12,24,3.03642430338
WALLABY J125814+033205,2,24,36.0000000001,1.18256062707
WALLABY J125814+033205,3,36.0000000001,48.0000000001,0.665612655424
WALLABY J125814+033205,4,48.0000000001,60.0000000001,0.125112191101
WALLABY J125814+033205,5,60.0000000001,72.0000000001,0.0709413898696
WALLABY J125814+033205,6,72.0000000001,84.0000000002,0.00792545829508
WALLABY J125814+061724,0,6.00000000001,18,1.63401171767
WALLABY J125814+061724,1,18,30.0000000001,1.15148779323
WALLABY J125814+061724,2,30.0000000001,42.0000000001,0.209432952333
WALLABY J125814+061724,3,42.0000000001,54.0000000001,0.0162942629106
WALLABY J125832-161038,0,4.4408920985e-16,12,3.95759188635
WALLABY J125832-161038,1,12,24,3.64710077582
WALLABY J125832-161038,2,24,36.0000000001,1.52367110887
WALLABY J125832-161038,3,36.0000000001,48.0000000001,0.885254773383
WALLABY J125834+054735,0,6.00000000001,18,0.888485053969
WALLABY J125834+054735,1,18,30.0000000001,1.0543893466
WALLABY J125834+054735,2,30.0000000001,42.0000000001,0.540592791509
WALLABY J125834+054735,3,42.0000000001,54.0000000001,0.359422780325
WALLABY J125834+054735,4,54.0000000001,66.0000000001,0.043709004842
WALLABY J125834+054735,5,66.0000000001,78.0000000002,0.0296146703548
WALLABY J125834+054735,6,78.0000000002,90.0000000002,0.00664472251926
WALLABY J125836-161333,0,6.00000000001,18,4.74948989099
WALLABY J125836-161333,1,18,30.0000000001,2.13514288147
WALLABY J125836-161333,2,30.0000000001,42.0000000001,0.948824083533
WALLABY J125836-161333,3,42.0000000001,54.0000000001,0.0815083253775
WALLABY J125836-161333,4,54.0000000001,66.0000000001,0.032191265169
WALLABY J125848-114647,0,6.00000000001,18,1.35297188288
WALLABY J125848-114647,1,18,30.0000000001,2.1157416924
WALLABY J125848-114647,2,30.0000000001,42.0000000001,0.678261710365
WALLABY J125848-114647,3,42.0000000001,54.0000000001,0.431300805933
WALLABY J125848-114647,4,54.0000000001,66.0000000001,0.129865052885
WALLABY J125848-114647,5,66.0000000001,78.0000000002,0.111253450676
WALLABY J125848-114647,6,78.0000000002,90.0000000002,0.012985035649
WALLABY J125848-114647,7,90.0000000002,102,0.00964714902202
WALLABY J125851+052229,0,6.00000000001,18,2.03091236654
WALLABY J125851+052229,1,18,30.0000000001,2.37783539553
WALLABY J125851+052229,2,30.0000000001,42.0000000001,1.23110201191
WALLABY J125851+052229,3,42.0000000001,54.0000000001,0.873539101871
WALLABY J125851+052229,4,54.0000000001,66.0000000001,0.417477984432
WALLABY J125851+052229,5,66.0000000001,78.0000000002,0.225593349668
WALLABY J125851+052229,6,78.0000000002,90.0000000002,0.0260331297076
WALLABY J125851+052229,7,90.0000000002,102,0.0212452209536
WALLABY J125851+052229,8,102,114,0.00502625563507
WALLABY J125851+052229,9,114,126,0.00174854275952
WALLABY J125855-142319,0,4.4408920985e-16,12,2.38958649735
WALLABY J125855-142319,1,12,24,1.58895183674
WALLABY J125855-142319,2,24,36.0000000001,0.93555331847
WALLABY J125855-142319,3,36.0000000001,48.0000000001,0.604230306096
WALLABY J125855-142319,4,48.0000000001,60.0000000001,0.0053836009986
WALLABY J125910-161749,0,4.4408920985e-16,12,7.42377314493
WALLABY J125910-161749,1,12,24,3.43842663713
WALLABY J125910-161749,2,24,36.0000000001,1.94120554323
WALLABY J125910-161749,3,36.0000000001,48.0000000001,0.189395871669
WALLABY J125910-161749,4,48.0000000001,60.0000000001,0.00549936765488
WALLABY J125910-161749,5,60.0000000001,72.0000000001,0.00311875211031
WALLABY J125910-161749,6,72.0000000001,84.0000000002,0.00492188714422
WALLABY J125912-124101,0,4.4408920985e-16,12,7.33047581262
WALLABY J125912-124101,1,12,24,4.77339899928
WALLABY J125912-124101,2,24,36.0000000001,0.845089688328
WALLABY J125912-124101,3,36.0000000001,48.0000000001,0.413585798827
WALLABY J125912-124101,4,48.0000000001,60.0000000001,0.0787160179896
WALLABY J125912-124101,5,60.0000000001,72.0000000001,0.0201848277913
WALLABY J125912-124101,6,72.0000000001,84.0000000002,0.0172795947579
WALLABY J125912-124101,7,84.0000000002,96.0000000002,0.00999038817071
WALLABY J125912-182326,0,4.4408920985e-16,12,3.06471487393
WALLABY J125912-182326,1,12,24,3.20024137243
WALLABY J125912-182326,2,24,36.0000000001,0.381193449267
WALLABY J125912-182326,3,36.0000000001,48.0000000001,0.100654871507
WALLABY J125930-135159,0,4.4408920985e-16,12,4.83679257063
WALLABY J125930-135159,1,12,24,1.74637248081
WALLABY J125930-135159,2,24,36.0000000001,0.997517326004
WALLABY J125930-135159,3,36.0000000001,48.0000000001,0.0368893028439
WALLABY J125930-135159,4,48.0000000001,60.0000000001,0.0276864786497
WALLABY J125930-135159,5,60.0000000001,72.0000000001,0.0178135377037
WALLABY J125930-135159,6,72.0000000001,84.0000000002,0.00444550677914
WALLABY J125931-140755,0,4.4408920985e-16,12,6.57343614622
WALLABY J125931-140755,1,12,24,4.88892685585
WALLABY J125931-140755,2,24,36.0000000001,4.35544503684
WALLABY J125931-140755,3,36.0000000001,48.0000000001,2.48418742736
WALLABY J125931-140755,4,48.0000000001,60.0000000001,1.73037249373
WALLABY J125931-140755,5,60.0000000001,72.0000000001,0.256493360503
WALLABY J125931-140755,6,72.0000000001,84.0000000002,0.0742127408185
WALLABY J125932-151419,0,4.4408920985e-16,12,5.37378124318
WALLABY J125932-151419,1,12,24,3.26738522045
WALLABY J125932-151419,2,24,36.0000000001,2.2195386563
WALLABY J125932-151419,3,36.0000000001,48.0000000001,0.386357440505
WALLABY J125932-151419,4,48.0000000001,60.0000000001,0.146067030039
WALLABY J125932-151419,5,60.0000000001,72.0000000001,0.0746332774097
WALLABY J125932-151419,6,72.0000000001,84.0000000002,0.0429475995294
WALLABY J125937+070246,0,6.00000000001,18,2.30587016357
WALLABY J125937+070246,1,18,30.0000000001,0.54848055295
WALLABY J125937+070246,2,30.0000000001,42.0000000001,0.234186282248
WALLABY J125937+070246,3,42.0000000001,54.0000000001,0.0157903810091
WALLABY J125937+070246,4,54.0000000001,66.0000000001,0.0288718183094
WALLABY J125937+070246,5,66.0000000001,78.0000000002,0.00436091828467
WALLABY J125939+045140,0,6.00000000001,18,2.49905745561
WALLABY J125939+045140,1,18,30.0000000001,1.27084496845
WALLABY J125939+045140,2,30.0000000001,42.0000000001,0.18393758602
WALLABY J125939+045140,3,42.0000000001,54.0000000001,0.0945274656847
WALLABY J125942-164952,0,6.00000000001,18,2.44921986841
WALLABY J125942-164952,1,18,30.0000000001,0.773781627308
WALLABY J125942-164952,2,30.0000000001,42.0000000001,0.345913718565
WALLABY J125942-164952,3,42.0000000001,54.0000000001,0.00388339341964
WALLABY J125943-150804,0,4.4408920985e-16,12,3.27164935165
WALLABY J125943-150804,1,12,24,1.70144446273
WALLABY J125943-150804,2,24,36.0000000001,1.30984435952
WALLABY J125943-150804,3,36.0000000001,48.0000000001,0.0610602734592
WALLABY J125943-150804,4,48.0000000001,60.0000000001,0.0124130365816
WALLABY J125943-150804,5,60.0000000001,72.0000000001,0.0139470675777
WALLABY J125943-150804,6,72.0000000001,84.0000000002,0.00967972425442
WALLABY J125943-150804,7,84.0000000002,96.0000000002,0.0109830473227
WALLABY J130003-183028,0,6.00000000001,18,0.823472099196
WALLABY J130003-183028,1,18,30.0000000001,1.22005683325
WALLABY J130003-183028,2,30.0000000001,42.0000000001,1.02053798945
WALLABY J130003-183028,3,42.0000000001,54.0000000001,0.371092472913
WALLABY J130003-183028,4,54.0000000001,66.0000000001,0.421175939308
WALLABY J130003-183028,5,66.0000000001,78.0000000002,0.115629219319
WALLABY J130003-183028,6,78.0000000002,90.0000000002,0.00187576731015
WALLABY J130003-183028,7,90.0000000002,102,0.00262096954112
WALLABY J130004-152151,0,4.4408920985e-16,12,3.690060303
WALLABY J130004-152151,1,12,24,5.33934345562
WALLABY J130004-152151,2,24,36.0000000001,4.22949528874
WALLABY J130004-152151,3,36.0000000001,48.0000000001,1.34324295462
WALLABY J130004-152151,4,48.0000000001,60.0000000001,0.733844988545
WALLABY J130004-152151,5,60.0000000001,72.0000000001,0.0493093564207
WALLABY J130004-152151,6,72.0000000001,84.0000000002,0.0451315623173
WALLABY J130004-152151,7,84.0000000002,96.0000000002,0.00359568127821
WALLABY J130010-130042,0,4.4408920985e-16,12,1.91103887919
WALLABY J130010-130042,1,12,24,1.64046611162
WALLABY J130010-130042,2,24,36.0000000001,0.979154720485
WALLABY J130010-130042,3,36.0000000001,48.0000000001,0.00298064868828
WALLABY J130012+054417,0,4.4408920985e-16,12,1.54160351147
WALLABY J130012+054417,1,12,24,1.34568580184
WALLABY J130012+054417,2,24,36.0000000001,1.05780669435
WALLABY J130012+054417,3,36.0000000001,48.0000000001,0.0373373143288
WALLABY J130012+054417,4,48.0000000001,60.0000000001,0.00544818558952
WALLABY J130016-170140,0,4.4408920985e-16,12,13.6831175649
WALLABY J130016-170140,1,12,24,9.4820731982
WALLABY J130016-170140,2,24,36.0000000001,2.56899159851
WALLABY J130016-170140,3,36.0000000001,48.0000000001,1.60771580642
WALLABY J130016-170140,4,48.0000000001,60.0000000001,0.100929032539
WALLABY J130016-170140,5,60.0000000001,72.0000000001,0.0487882840667
WALLABY J130018-115758,0,4.4408920985e-16,12,2.21882748956
WALLABY J130018-115758,1,12,24,2.10445611265
WALLABY J130018-115758,2,24,36.0000000001,1.76146795817
WALLABY J130018-115758,3,36.0000000001,48.0000000001,0.917546220784
WALLABY J130018-115758,4,48.0000000001,60.0000000001,0.463297657517
WALLABY J130018-115758,5,60.0000000001,72.0000000001,0.0534303005765
WALLABY J130018-115758,6,72.0000000001,84.0000000002,0.00463493270347
WALLABY J130018-115758,7,84.0000000002,96.0000000002,0.00127449432247
WALLABY J130026-151708,0,6.00000000001,18,5.58386671903
WALLABY J130026-151708,1,18,30.0000000001,3.9070247796
WALLABY J130026-151708,2,30.0000000001,42.0000000001,2.15787462519
WALLABY J130026-151708,3,42.0000000001,54.0000000001,3.15202051517
WALLABY J130026-151708,4,54.0000000001,66.0000000001,3.87651865631
WALLABY J130026-151708,5,66.0000000001,78.0000000002,2.32692216181
WALLABY J130026-151708,6,78.0000000002,90.0000000002,2.18162676523
WALLABY J130026-151708,7,90.0000000002,102,2.0904209566
WALLABY J130026-151708,8,102,114,1.36650755305
WALLABY J130026-151708,9,114,126,1.19497657581
WALLABY J130026-151708,10,126,138,1.20163241658
WALLABY J130026-151708,11,138,150,0.704904191861
WALLABY J130026-151708,12,150,162,0.501606075949
WALLABY J130026-151708,13,162,174,0.308939025538
WALLABY J130026-151708,14,174,186,0.268554259696
WALLABY J130026-151708,15,186,198,0.158496030104
WALLABY J130026-151708,16,198,210,0.157008007779
WALLABY J130026-151708,17,210,222,0.0836382483087
WALLABY J130026-151708,18,222,234,0.0267396025979
WALLABY J130026-151708,19,234,246,0.00271090317216
WALLABY J130026-151708,20,246,258.000000001,0.00282218477235
WALLABY J130026-151708,21,258.000000001,270.000000001,0.000646133589122
WALLABY J130029-133942,0,4.4408920985e-16,12,2.44098226537
WALLABY J130029-133942,1,12,24,1.67524596554
WALLABY J130029-133942,2,24,36.0000000001,0.78078116806
WALLABY J130029-133942,3,36.0000000001,48.0000000001,0.0305868303445
WALLABY J130029-133942,4,48.0000000001,60.0000000001,0.017173428386
WALLABY J130031+083118,0,6.00000000001,18,3.81691486535
WALLABY J130031+083118,1,18,30.0000000001,3.07878537004
WALLABY J130031+083118,2,30.0000000001,42.0000000001,0.951077967839
WALLABY J130031+083118,3,42.0000000001,54.0000000001,0.427682769764
WALLABY J130031+083118,4,54.0000000001,66.0000000001,0.0182990761008
WALLABY J130031+083118,5,66.0000000001,78.0000000002,0.0206781365388
WALLABY J130034+052831,0,6.00000000001,18,1.58761421224
WALLABY J130034+052831,1,18,30.0000000001,1.02541702076
WALLABY J130034+052831,2,30.0000000001,42.0000000001,0.50606309224
WALLABY J130034+052831,3,42.0000000001,54.0000000001,0.178181210284
WALLABY J130034+052831,4,54.0000000001,66.0000000001,0.0537826299426
WALLABY J130034+052831,5,66.0000000001,78.0000000002,0.00429112816599
WALLABY J130043+071159,0,6.00000000001,18,1.95904915346
WALLABY J130043+071159,1,18,30.0000000001,1.32593256414
WALLABY J130043+071159,2,30.0000000001,42.0000000001,0.0492523178193
WALLABY J130043+071159,3,42.0000000001,54.0000000001,0.00972851200026
WALLABY J130043-154253,0,6.00000000001,18,2.31057107289
WALLABY J130043-154253,1,18,30.0000000001,2.2432130954
WALLABY J130043-154253,2,30.0000000001,42.0000000001,2.58172990588
WALLABY J130043-154253,3,42.0000000001,54.0000000001,2.48416487892
WALLABY J130043-154253,4,54.0000000001,66.0000000001,1.6569321329
WALLABY J130043-154253,5,66.0000000001,78.0000000002,1.21647453209
WALLABY J130043-154253,6,78.0000000002,90.0000000002,0.381321589931
WALLABY J130043-154253,7,90.0000000002,102,0.270787206348
WALLABY J130043-154253,8,102,114,0.048065175768
WALLABY J130043-154253,9,114,126,0.0250257037718
WALLABY J130043-185429,0,6.00000000001,18,3.03989463838
WALLABY J130043-185429,1,18,30.0000000001,1.26949405667
WALLABY J130043-185429,2,30.0000000001,42.0000000001,0.766558623595
WALLABY J130043-185429,3,42.0000000001,54.0000000001,0.183712726819
WALLABY J130043-185429,4,54.0000000001,66.0000000001,0.0903222970618
WALLABY J130043-185429,5,66.0000000001,78.0000000002,0.00412258351677
WALLABY J130055+070243,0,6.00000000001,18,3.01436404332
WALLABY J130055+070243,1,18,30.0000000001,2.49383669978
WALLABY J130055+070243,2,30.0000000001,42.0000000001,0.608002045076
WALLABY J130055+070243,3,42.0000000001,54.0000000001,0.292515593489
WALLABY J130055+070243,4,54.0000000001,66.0000000001,0.0062343827893
WALLABY J130057-172247,0,4.4408920985e-16,12,9.50410561177
WALLABY J130057-172247,1,12,24,4.13747172921
WALLABY J130057-172247,2,24,36.0000000001,2.2461166367
WALLABY J130057-172247,3,36.0000000001,48.0000000001,0.715636919901
WALLABY J130057-172247,4,48.0000000001,60.0000000001,0.345736014191
WALLABY J130057-172247,5,60.0000000001,72.0000000001,0.00781635276498
WALLABY J130057-172247,6,72.0000000001,84.0000000002,0.0392765574681
WALLABY J130057-172247,7,84.0000000002,96.0000000002,0.00277380428213
WALLABY J130100+025004,0,4.4408920985e-16,12,4.07353708953
WALLABY J130100+025004,1,12,24,2.29424022324
WALLABY J130100+025004,2,24,36.0000000001,1.61135549417
WALLABY J130100+025004,3,36.0000000001,48.0000000001,0.817833124098
WALLABY J130100+025004,4,48.0000000001,60.0000000001,0.14920635887
WALLABY J130100+025004,5,60.0000000001,72.0000000001,0.04076895314
WALLABY J130100+025004,6,72.0000000001,84.0000000002,0.00561765496557
WALLABY J130108-181149,0,6.00000000001,18,2.37333530682
WALLABY J130108-181149,1,18,30.0000000001,2.83633903614
WALLABY J130108-181149,2,30.0000000001,42.0000000001,2.99587263428
WALLABY J130108-181149,3,42.0000000001,54.0000000001,2.50858738635
WALLABY J130108-181149,4,54.0000000001,66.0000000001,0.7233715805
WALLABY J130108-181149,5,66.0000000001,78.0000000002,0.235302811375
WALLABY J130108-181149,6,78.0000000002,90.0000000002,0.00486131943144
WALLABY J130116+045403,0,4.4408920985e-16,12,5.24683197908
WALLABY J130116+045403,1,12,24,2.06968512373
WALLABY J130116+045403,2,24,36.0000000001,0.459711053405
WALLABY J130116+045403,3,36.0000000001,48.0000000001,0.150528936689
WALLABY J130116+045403,4,48.0000000001,60.0000000001,0.0120137336738
WALLABY J130116+045403,5,60.0000000001,72.0000000001,0.00778316549141
WALLABY J130121-133904,0,6.00000000001,18,4.55177938187
WALLABY J130121-133904,1,18,30.0000000001,3.74824995337
WALLABY J130121-133904,2,30.0000000001,42.0000000001,0.618661490053
WALLABY J130121-133904,3,42.0000000001,54.0000000001,0.319173289634
WALLABY J130121-133904,4,54.0000000001,66.0000000001,0.000291603231654
WALLABY J130121-194538,0,6.00000000001,18,2.88944918287
WALLABY J130121-194538,1,18,30.0000000001,1.11119517524
WALLABY J130121-194538,2,30.0000000001,42.0000000001,0.565193223408
WALLABY J130121-194538,3,42.0000000001,54.0000000001,0.0127185319038
WALLABY J130121-194538,4,54.0000000001,66.0000000001,0.00773019332482
WALLABY J130121-194538,5,66.0000000001,78.0000000002,0.00950185942087
WALLABY J130125+042810,0,4.4408920985e-16,12,3.54541548517
WALLABY J130125+042810,1,12,24,2.64748385688
WALLABY J130125+042810,2,24,36.0000000001,0.947579428608
WALLABY J130125+042810,3,36.0000000001,48.0000000001,0.52304687828
WALLABY J130125+042810,4,48.0000000001,60.0000000001,0.0463192082588
WALLABY J130125+042810,5,60.0000000001,72.0000000001,0.00774727176278
WALLABY J130130-151321,0,6.00000000001,18,4.1697272191
WALLABY J130130-151321,1,18,30.0000000001,2.00700819173
WALLABY J130130-151321,2,30.0000000001,42.0000000001,0.979051096159
WALLABY J130130-151321,3,42.0000000001,54.0000000001,0.0574645966959
WALLABY J130130-151321,4,54.0000000001,66.0000000001,0.0041038346534
WALLABY J130130-151321,5,66.0000000001,78.0000000002,0.0103277200496
WALLABY J130132-190935,0,4.4408920985e-16,12,6.41683274848
WALLABY J130132-190935,1,12,24,4.06525532754
WALLABY J130132-190935,2,24,36.0000000001,2.55991362114
WALLABY J130132-190935,3,36.0000000001,48.0000000001,0.518201303129
WALLABY J130132-190935,4,48.0000000001,60.0000000001,0.240354313238
WALLABY J130132-190935,5,60.0000000001,72.0000000001,0.000495558783586
WALLABY J130132-190935,6,72.0000000001,84.0000000002,0.000423212958236
WALLABY J130133-192537,0,6.00000000001,18,2.53948016324
WALLABY J130133-192537,1,18,30.0000000001,2.02018920132
WALLABY J130133-192537,2,30.0000000001,42.0000000001,0.344235891447
WALLABY J130133-192537,3,42.0000000001,54.0000000001,0.0901632675621
WALLABY J130139+072923,0,6.00000000001,18,3.1848492342
WALLABY J130139+072923,1,18,30.0000000001,1.24201764515
WALLABY J130139+072923,2,30.0000000001,42.0000000001,0.543385298672
WALLABY J130139+072923,3,42.0000000001,54.0000000001,0.0303245834308
WALLABY J130143+040835,0,4.4408920985e-16,12,3.91512700185
WALLABY J130143+040835,1,12,24,2.70529775171
WALLABY J130143+040835,2,24,36.0000000001,0.43475246659
WALLABY J130143+040835,3,36.0000000001,48.0000000001,0.0493801240795
WALLABY J130143+040835,4,48.0000000001,60.0000000001,0.000207048923072
WALLABY J130147+053426,0,4.4408920985e-16,12,2.19310050634
WALLABY J130147+053426,1,12,24,1.73633113953
WALLABY J130147+053426,2,24,36.0000000001,0.876698153618
WALLABY J130147+053426,3,36.0000000001,48.0000000001,0.104465871557
WALLABY J130147+053426,4,48.0000000001,60.0000000001,0.0696201452107
WALLABY J130147+053426,5,60.0000000001,72.0000000001,0.000449683143892
WALLABY J130148+045931,0,6.00000000001,18,4.10779811862
WALLABY J130148+045931,1,18,30.0000000001,3.92190737209
WALLABY J130148+045931,2,30.0000000001,42.0000000001,1.49717043633
WALLABY J130148+045931,3,42.0000000001,54.0000000001,1.23310447375
WALLABY J130148+045931,4,54.0000000001,66.0000000001,0.266347263867
WALLABY J130148+045931,5,66.0000000001,78.0000000002,0.12525798929
WALLABY J130148+045931,6,78.0000000002,90.0000000002,0.00690294845474
WALLABY J130148+045931,7,90.0000000002,102,0.0123338048101
WALLABY J130148-114530,0,4.4408920985e-16,12,7.38494808537
WALLABY J130148-114530,1,12,24,4.88599924864
WALLABY J130148-114530,2,24,36.0000000001,4.54303657989
WALLABY J130148-114530,3,36.0000000001,48.0000000001,3.883771949
WALLABY J130148-114530,4,48.0000000001,60.0000000001,1.78797829358
WALLABY J130148-114530,5,60.0000000001,72.0000000001,1.47230934832
WALLABY J130148-114530,6,72.0000000001,84.0000000002,0.286873743135
WALLABY J130148-114530,7,84.0000000002,96.0000000002,0.159420101785
WALLABY J130148-114530,8,96.0000000002,108,0.0552623438476
WALLABY J130148-114530,9,108,120,0.0414613762063
WALLABY J130148-114530,10,120,132,0.00101128069453
WALLABY J130152-133135,0,6.00000000001,18,1.46043908606
WALLABY J130152-133135,1,18,30.0000000001,0.92535438343
WALLABY J130152-133135,2,30.0000000001,42.0000000001,0.235009886276
WALLABY J130152-133135,3,42.0000000001,54.0000000001,0.0932562189598
WALLABY J130152-133135,4,54.0000000001,66.0000000001,0.011483457383
WALLABY J130152-133135,5,66.0000000001,78.0000000002,0.0143307646455
WALLABY J130153-191443,0,4.4408920985e-16,12,5.22182152976
WALLABY J130153-191443,1,12,24,1.99759305251
WALLABY J130153-191443,2,24,36.0000000001,1.73281512529
WALLABY J130153-191443,3,36.0000000001,48.0000000001,0.239914485642
WALLABY J130153-191443,4,48.0000000001,60.0000000001,0.15567941378
WALLABY J130153-191443,5,60.0000000001,72.0000000001,0.0458930703845
WALLABY J130153-191443,6,72.0000000001,84.0000000002,0.050009766081
WALLABY J130153-191443,7,84.0000000002,96.0000000002,0.00675998165907
WALLABY J130158+030601,0,6.00000000001,18,3.28208884432
WALLABY J130158+030601,1,18,30.0000000001,2.01962616732
WALLABY J130158+030601,2,30.0000000001,42.0000000001,0.821962073719
WALLABY J130158+030601,3,42.0000000001,54.0000000001,0.392763701855
WALLABY J130158+030601,4,54.0000000001,66.0000000001,0.0666529397458
WALLABY J130158+030601,5,66.0000000001,78.0000000002,0.0487212769694
WALLABY J130158+030601,6,78.0000000002,90.0000000002,0.0179250317052
WALLABY J130158-164401,0,4.4408920985e-16,12,1.7839036355
WALLABY J130158-164401,1,12,24,1.18251725366
WALLABY J130158-164401,2,24,36.0000000001,0.357460532052
WALLABY J130158-164401,3,36.0000000001,48.0000000001,0.279686075059
WALLABY J130158-164401,4,48.0000000001,60.0000000001,0.0194771757327
WALLABY J130158-164401,5,60.0000000001,72.0000000001,0.0176857019449
WALLABY J130158-164401,6,72.0000000001,84.0000000002,0.00246276999002
WALLABY J130215-170254,0,4.4408920985e-16,12,3.57883624224
WALLABY J130215-170254,1,12,24,2.50256556419
WALLABY J130215-170254,2,24,36.0000000001,0.577891201884
WALLABY J130215-170254,3,36.0000000001,48.0000000001,0.293374629493
WALLABY J130215-170254,4,48.0000000001,60.0000000001,0.0127806645321
WALLABY J130216+060128,0,6.00000000001,18,1.55643579485
WALLABY J130216+060128,1,18,30.0000000001,1.32290399248
WALLABY J130216+060128,2,30.0000000001,42.0000000001,0.649217727067
WALLABY J130216+060128,3,42.0000000001,54.0000000001,0.490501751357
WALLABY J130216+060128,4,54.0000000001,66.0000000001,0.0298408932713
WALLABY J130216+060128,5,66.0000000001,78.0000000002,0.0172024360252
WALLABY J130216+060128,6,78.0000000002,90.0000000002,0.00427095355795
WALLABY J130216+063321,0,4.4408920985e-16,12,2.29167424011
WALLABY J130216+063321,1,12,24,2.34093142082
WALLABY J130216+063321,2,24,36.0000000001,0.848433916796
WALLABY J130216+063321,3,36.0000000001,48.0000000001,0.600754156907
WALLABY J130216+063321,4,48.0000000001,60.0000000001,0.0913591490999
WALLABY J130216+063321,5,60.0000000001,72.0000000001,0.0308743668863
WALLABY J130216+063321,6,72.0000000001,84.0000000002,0.000331935174224
WALLABY J130223-122031,0,6.00000000001,18,4.73545849025
WALLABY J130223-122031,1,18,30.0000000001,5.80639391667
WALLABY J130223-122031,2,30.0000000001,42.0000000001,5.04516077758
WALLABY J130223-122031,3,42.0000000001,54.0000000001,2.99351552129
WALLABY J130223-122031,4,54.0000000001,66.0000000001,2.17550592165
WALLABY J130223-122031,5,66.0000000001,78.0000000002,0.196935228883
WALLABY J130223-122031,6,78.0000000002,90.0000000002,0.14968210153
WALLABY J130223-122031,7,90.0000000002,102,0.0777348069478
WALLABY J130223-122031,8,102,114,0.0436514282889
WALLABY J130223-122031,9,114,126,0.00665978687385
WALLABY J130223-122031,10,126,138,0.00237780579757
WALLABY J130224-155038,0,6.00000000001,18,1.59044261133
WALLABY J130224-155038,1,18,30.0000000001,1.75439218708
WALLABY J130224-155038,2,30.0000000001,42.0000000001,0.224378532098
WALLABY J130224-155038,3,42.0000000001,54.0000000001,0.0824100799426
WALLABY J130224-155038,4,54.0000000001,66.0000000001,0.0324743639276
WALLABY J130224-155038,5,66.0000000001,78.0000000002,0.0218605835003
WALLABY J130224-155038,6,78.0000000002,90.0000000002,0.00660857614687
WALLABY J130228+063639,0,6.00000000001,18,1.85874781507
WALLABY J130228+063639,1,18,30.0000000001,1.08487266457
WALLABY J130228+063639,2,30.0000000001,42.0000000001,0.140367082161
WALLABY J130228+063639,3,42.0000000001,54.0000000001,0.059057235458
WALLABY J130228+063639,4,54.0000000001,66.0000000001,0.0125100061339
WALLABY J130228+063639,5,66.0000000001,78.0000000002,0.0176978006199
WALLABY J130235-113803,0,4.4408920985e-16,12,4.33803473353
WALLABY J130235-113803,1,12,24,5.44384994266
WALLABY J130235-113803,2,24,36.0000000001,3.09927187605
WALLABY J130235-113803,3,36.0000000001,48.0000000001,2.74800888944
WALLABY J130235-113803,4,48.0000000001,60.0000000001,1.85531896319
WALLABY J130235-113803,5,60.0000000001,72.0000000001,1.55334377198
WALLABY J130235-113803,6,72.0000000001,84.0000000002,0.940972894125
WALLABY J130235-113803,7,84.0000000002,96.0000000002,0.741997340803
WALLABY J130235-113803,8,96.0000000002,108,0.289708910429
WALLABY J130235-113803,9,108,120,0.202121801779
WALLABY J130235-113803,10,120,132,0.0792118752991
WALLABY J130235-113803,11,132,144,0.0583956679613
WALLABY J130235-113803,12,144,156,0.015717806694
WALLABY J130235-113803,13,156,168,0.00980543757224
WALLABY J130237+044721,0,6.00000000001,18,4.27722492989
WALLABY J130237+044721,1,18,30.0000000001,1.56146621162
WALLABY J130237+044721,2,30.0000000001,42.0000000001,0.873936363335
WALLABY J130237+044721,3,42.0000000001,54.0000000001,0.0427986947794
WALLABY J130237+044721,4,54.0000000001,66.0000000001,0.0217560559837
WALLABY J130237+044721,5,66.0000000001,78.0000000002,0.00564305601608
WALLABY J130241+055729,0,6.00000000001,18,5.99371470254
WALLABY J130241+055729,1,18,30.0000000001,3.28321138471
WALLABY J130241+055729,2,30.0000000001,42.0000000001,2.58921108242
WALLABY J130241+055729,3,42.0000000001,54.0000000001,0.494958424082
WALLABY J130241+055729,4,54.0000000001,66.0000000001,0.198798333716
WALLABY J130241+055729,5,66.0000000001,78.0000000002,0.0186955073596
WALLABY J130241+055729,6,78.0000000002,90.0000000002,0.0198949717949
WALLABY J130241+055729,7,90.0000000002,102,0.00480101980002
WALLABY J130241+055729,8,102,114,0.00674402570068
WALLABY J130242+032114,0,4.4408920985e-16,12,1.25547724692
WALLABY J130242+032114,1,12,24,0.947014231031
WALLABY J130242+032114,2,24,36.0000000001,0.291057363197
WALLABY J130242+032114,3,36.0000000001,48.0000000001,0.0499287729989
WALLABY J130242+032114,4,48.0000000001,60.0000000001,0.0264872247653
WALLABY J130242+032114,5,60.0000000001,72.0000000001,0.0310216982841
WALLABY J130244-125326,0,6.00000000001,18,2.80028867088
WALLABY J130244-125326,1,18,30.0000000001,3.07091352616
WALLABY J130244-125326,2,30.0000000001,42.0000000001,0.571854714359
WALLABY J130244-125326,3,42.0000000001,54.0000000001,0.341348234399
WALLABY J130244-125326,4,54.0000000001,66.0000000001,0.0216446509811
WALLABY J130244-125326,5,66.0000000001,78.0000000002,0.00225813747611
WALLABY J130252-113001,0,6.00000000001,18,4.43638378399
WALLABY J130252-113001,1,18,30.0000000001,2.88362397858
WALLABY J130252-113001,2,30.0000000001,42.0000000001,0.834471883723
WALLABY J130252-113001,3,42.0000000001,54.0000000001,0.30732081145
WALLABY J130252-113001,4,54.0000000001,66.0000000001,0.00520251848971
WALLABY J130252-113001,5,66.0000000001,78.0000000002,0.00166029494293
WALLABY J130254-155621,0,6.00000000001,18,2.56750345334
WALLABY J130254-155621,1,18,30.0000000001,1.64154964039
WALLABY J130254-155621,2,30.0000000001,42.0000000001,0.0227230216919
WALLABY J130254-155621,3,42.0000000001,54.0000000001,0.00740171041823
WALLABY J130315+074816,0,4.4408920985e-16,12,2.29707162337
WALLABY J130315+074816,1,12,24,2.30432876135
WALLABY J130315+074816,2,24,36.0000000001,3.41640668346
WALLABY J130315+074816,3,36.0000000001,48.0000000001,3.98436398092
WALLABY J130315+074816,4,48.0000000001,60.0000000001,4.98197027032
WALLABY J130315+074816,5,60.0000000001,72.0000000001,4.8895489717
WALLABY J130315+074816,6,72.0000000001,84.0000000002,3.88239863028
WALLABY J130315+074816,7,84.0000000002,96.0000000002,3.30200605431
WALLABY J130315+074816,8,96.0000000002,108,1.53756043052
WALLABY J130315+074816,9,108,120,1.25547197514
WALLABY J130315+074816,10,120,132,0.27408176499
WALLABY J130315+074816,11,132,144,0.181812326619
WALLABY J130315+074816,12,144,156,0.0418051865905
WALLABY J130315+074816,13,156,168,0.0129453577532
WALLABY J130315+074816,14,168,180,0.00144452795359
WALLABY J130316+044405,0,4.4408920985e-16,12,4.49319680573
WALLABY J130316+044405,1,12,24,2.72833168661
WALLABY J130316+044405,2,24,36.0000000001,1.88846224692
WALLABY J130316+044405,3,36.0000000001,48.0000000001,0.493966854183
WALLABY J130316+044405,4,48.0000000001,60.0000000001,0.191604355958
WALLABY J130316+044405,5,60.0000000001,72.0000000001,0.0285445463025
WALLABY J130316+044405,6,72.0000000001,84.0000000002,0.0261067482131
WALLABY J130316+044405,7,84.0000000002,96.0000000002,0.000786554975393
WALLABY J130320-112144,0,6.00000000001,18,2.5932922648
WALLABY J130320-112144,1,18,30.0000000001,1.58355064712
WALLABY J130320-112144,2,30.0000000001,42.0000000001,0.509879318024
WALLABY J130320-112144,3,42.0000000001,54.0000000001,0.27721004577
WALLABY J130320-112144,4,54.0000000001,66.0000000001,0.0270613554731
WALLABY J130320-112144,5,66.0000000001,78.0000000002,0.014312379924
WALLABY J130320-112144,6,78.0000000002,90.0000000002,0.00511071418707
WALLABY J130320-193543,0,4.4408920985e-16,12,2.64362602826
WALLABY J130320-193543,1,12,24,3.23004952213
WALLABY J130320-193543,2,24,36.0000000001,0.499150198411
WALLABY J130320-193543,3,36.0000000001,48.0000000001,0.0593018426663
WALLABY J130320-193543,4,48.0000000001,60.0000000001,0.0212325467272
WALLABY J130320-193543,5,60.0000000001,72.0000000001,0.0182179155954
WALLABY J130321-134144,0,6.00000000001,18,1.88532519695
WALLABY J130321-134144,1,18,30.0000000001,1.29740768716
WALLABY J130321-134144,2,30.0000000001,42.0000000001,0.971644062706
WALLABY J130321-134144,3,42.0000000001,54.0000000001,0.452785827487
WALLABY J130321-134144,4,54.0000000001,66.0000000001,0.264764769633
WALLABY J130321-134144,5,66.0000000001,78.0000000002,0.0521903404854
WALLABY J130321-134144,6,78.0000000002,90.0000000002,0.0145899901699
WALLABY J130322+073646,0,4.4408920985e-16,12,3.63759369224
WALLABY J130322+073646,1,12,24,1.9009767782
WALLABY J130322+073646,2,24,36.0000000001,0.963917145403
WALLABY J130322+073646,3,36.0000000001,48.0000000001,0.241723639854
WALLABY J130322+073646,4,48.0000000001,60.0000000001,0.218464267659
WALLABY J130322+073646,5,60.0000000001,72.0000000001,0.109283008238
WALLABY J130322+073646,6,72.0000000001,84.0000000002,0.0529590701129
WALLABY J130322+073646,7,84.0000000002,96.0000000002,0.000362843222247
WALLABY J130330+081941,0,4.4408920985e-16,12,6.88730093962
WALLABY J130330+081941,1,12,24,3.588790916
WALLABY J130330+081941,2,24,36.0000000001,2.41865371439
WALLABY J130330+081941,3,36.0000000001,48.0000000001,0.40584044718
WALLABY J130330+081941,4,48.0000000001,60.0000000001,0.162191744481
WALLABY J130330+081941,5,60.0000000001,72.0000000001,0.00502695823617
WALLABY J130331+075810,0,6.00000000001,18,5.82127600738
WALLABY J130331+075810,1,18,30.0000000001,3.6647035829
WALLABY J130331+075810,2,30.0000000001,42.0000000001,1.77088331534
WALLABY J130331+075810,3,42.0000000001,54.0000000001,0.466471924734
WALLABY J130331+075810,4,54.0000000001,66.0000000001,0.323067356901
WALLABY J130331+075810,5,66.0000000001,78.0000000002,0.0200816335764
WALLABY J130334-163733,0,6.00000000001,18,3.76821570578
WALLABY J130334-163733,1,18,30.0000000001,2.68158169943
WALLABY J130334-163733,2,30.0000000001,42.0000000001,0.761855022962
WALLABY J130334-163733,3,42.0000000001,54.0000000001,0.402317643289
WALLABY J130334-163733,4,54.0000000001,66.0000000001,0.0440452415236
WALLABY J130334-163733,5,66.0000000001,78.0000000002,0.0138753105085
WALLABY J130337-155652,0,6.00000000001,18,2.01572247178
WALLABY J130337-155652,1,18,30.0000000001,0.617926306895
WALLABY J130337-155652,2,30.0000000001,42.0000000001,0.375601554473
WALLABY J130337-155652,3,42.0000000001,54.0000000001,0.00946301122389
WALLABY J130338+075404,0,6.00000000001,18,2.87765086738
WALLABY J130338+075404,1,18,30.0000000001,1.09003104383
WALLABY J130338+075404,2,30.0000000001,42.0000000001,0.773553566497
WALLABY J130338+075404,3,42.0000000001,54.0000000001,0.00173591312702
WALLABY J130338+075404,4,54.0000000001,66.0000000001,0.010773966792
WALLABY J130339+043644,0,6.00000000001,18,2.87358338171
WALLABY J130339+043644,1,18,30.0000000001,1.70367230317
WALLABY J130339+043644,2,30.0000000001,42.0000000001,1.38863604068
WALLABY J130339+043644,3,42.0000000001,54.0000000001,0.00199090147297
WALLABY J130339+043644,4,54.0000000001,66.0000000001,0.0165598122426
WALLABY J130339+043644,5,66.0000000001,78.0000000002,0.00811121475334
WALLABY J130339+043644,6,78.0000000002,90.0000000002,0.00474661044805
WALLABY J130340-211340,0,4.4408920985e-16,12,4.97234853558
WALLABY J130340-211340,1,12,24,4.17472132729
WALLABY J130340-211340,2,24,36.0000000001,1.1363062862
WALLABY J130340-211340,3,36.0000000001,48.0000000001,0.752650343945
WALLABY J130340-211340,4,48.0000000001,60.0000000001,0.092805748603
WALLABY J130340-211340,5,60.0000000001,72.0000000001,0.0210992292547
WALLABY J130342+055733,0,6.00000000001,18,2.40577174848
WALLABY J130342+055733,1,18,30.0000000001,0.930693286593
WALLABY J130342+055733,2,30.0000000001,42.0000000001,0.380159642002
WALLABY J130342+055733,3,42.0000000001,54.0000000001,0.00731166422679
WALLABY J130344+061920,0,4.4408920985e-16,12,4.39849077662
WALLABY J130344+061920,1,12,24,3.03097219265
WALLABY J130344+061920,2,24,36.0000000001,1.89435678338
WALLABY J130344+061920,3,36.0000000001,48.0000000001,0.357807464768
WALLABY J130344+061920,4,48.0000000001,60.0000000001,0.201027145914
WALLABY J130344+061920,5,60.0000000001,72.0000000001,0.0368605502227
WALLABY J130344+061920,6,72.0000000001,84.0000000002,0.00993946374491
WALLABY J130347-180311,0,4.4408920985e-16,12,1.10941578444
WALLABY J130347-180311,1,12,24,1.54964021364
WALLABY J130347-180311,2,24,36.0000000001,0.680263867076
WALLABY J130347-180311,3,36.0000000001,48.0000000001,0.31076625929
WALLABY J130347-180311,4,48.0000000001,60.0000000001,0.00425478285118
WALLABY J130353-192550,0,6.00000000001,18,1.89854892606
WALLABY J130353-192550,1,18,30.0000000001,1.29714163127
WALLABY J130353-192550,2,30.0000000001,42.0000000001,0.00684242710559
WALLABY J130353-192550,3,42.0000000001,54.0000000001,0.00546374931024
WALLABY J130355-163807,0,4.4408920985e-16,12,2.42989887361
WALLABY J130355-163807,1,12,24,1.70617652096
WALLABY J130355-163807,2,24,36.0000000001,1.29663503187
WALLABY J130355-163807,3,36.0000000001,48.0000000001,0.232546327751
WALLABY J130355-163807,4,48.0000000001,60.0000000001,0.100300854878
WALLABY J130355-163807,5,60.0000000001,72.0000000001,0.00381516508321
WALLABY J130357-112956,0,4.4408920985e-16,12,1.8113329811
WALLABY J130357-112956,1,12,24,1.85618226978
WALLABY J130357-112956,2,24,36.0000000001,2.00486513311
WALLABY J130357-112956,3,36.0000000001,48.0000000001,1.7632202348
WALLABY J130357-112956,4,48.0000000001,60.0000000001,1.27311326009
WALLABY J130357-112956,5,60.0000000001,72.0000000001,0.785921170791
WALLABY J130357-112956,6,72.0000000001,84.0000000002,0.526140710585
WALLABY J130357-112956,7,84.0000000002,96.0000000002,0.227966132049
WALLABY J130357-112956,8,96.0000000002,108,0.177359449952
WALLABY J130357-112956,9,108,120,0.0766306327081
WALLABY J130357-112956,10,120,132,0.0581208233277
WALLABY J130357-112956,11,132,144,0.0443996725307
WALLABY J130357-112956,12,144,156,0.0230813927817
WALLABY J130357-112956,13,156,168,0.0108769326873
WALLABY J130357-112956,14,168,180,0.0138260686189
WALLABY J130357-112956,15,180,192,0.00771796806267
WALLABY J130357-112956,16,192,204,0.00735432923222
WALLABY J130357-112956,17,204,216,0.0016288197671
WALLABY J130357-112956,18,216,228,0.00156943366243
WALLABY J130358+054204,0,4.4408920985e-16,12,1.86536481037
WALLABY J130358+054204,1,12,24,1.69452720636
WALLABY J130358+054204,2,24,36.0000000001,2.78365892611
WALLABY J130358+054204,3,36.0000000001,48.0000000001,1.31451071948
WALLABY J130358+054204,4,48.0000000001,60.0000000001,1.08647123123
WALLABY J130358+054204,5,60.0000000001,72.0000000001,0.498216171695
WALLABY J130358+054204,6,72.0000000001,84.0000000002,0.281514775229
WALLABY J130358+054204,7,84.0000000002,96.0000000002,0.0969637072712
WALLABY J130358+054204,8,96.0000000002,108,0.100477245724
WALLABY J130358+054204,9,108,120,0.0464037072817
WALLABY J130358+054204,10,120,132,0.0410425557914
WALLABY J130358+054204,11,132,144,0.00619289043822
WALLABY J130358+054204,12,144,156,0.00447048325454
WALLABY J130358+054204,13,156,168,0.000772284767406
WALLABY J130358-164910,0,4.4408920985e-16,12,2.1155319816
WALLABY J130358-164910,1,12,24,2.02836029867
WALLABY J130358-164910,2,24,36.0000000001,0.462665732298
WALLABY J130358-164910,3,36.0000000001,48.0000000001,0.343893791618
WALLABY J130358-164910,4,48.0000000001,60.0000000001,0.00142383545864
WALLABY J130401-200110,0,4.4408920985e-16,12,4.28631632384
WALLABY J130401-200110,1,12,24,1.46709370565
WALLABY J130401-200110,2,24,36.0000000001,0.807926064087
WALLABY J130401-200110,3,36.0000000001,48.0000000001,0.0774178369273
WALLABY J130401-200110,4,48.0000000001,60.0000000001,0.0148043539558
WALLABY J130408-142339,0,4.4408920985e-16,12,3.63649474432
WALLABY J130408-142339,1,12,24,2.56134104314
WALLABY J130408-142339,2,24,36.0000000001,1.76782072934
WALLABY J130408-142339,3,36.0000000001,48.0000000001,0.959034641703
WALLABY J130408-142339,4,48.0000000001,60.0000000001,0.145410069963
WALLABY J130408-142339,5,60.0000000001,72.0000000001,0.0725131082157
WALLABY J130408-142339,6,72.0000000001,84.0000000002,0.0222394121921
WALLABY J130408-142339,7,84.0000000002,96.0000000002,0.0173156360821
WALLABY J130408-142339,8,96.0000000002,108,0.00744821340006
WALLABY J130408-142339,9,108,120,0.0066938266481
WALLABY J130408-142339,10,120,132,0.00310395881004
WALLABY J130414-191227,0,6.00000000001,18,2.98008669438
WALLABY J130414-191227,1,18,30.0000000001,1.97491168227
WALLABY J130414-191227,2,30.0000000001,42.0000000001,0.425989996802
WALLABY J130414-191227,3,42.0000000001,54.0000000001,0.148374184271
WALLABY J130414-191227,4,54.0000000001,66.0000000001,0.00129414366058
WALLABY J130415-102023,0,6.00000000001,18,1.25677102773
WALLABY J130415-102023,1,18,30.0000000001,3.04370737268
WALLABY J130415-102023,2,30.0000000001,42.0000000001,2.61222980694
WALLABY J130415-102023,3,42.0000000001,54.0000000001,3.45918543891
WALLABY J130415-102023,4,54.0000000001,66.0000000001,3.30977183434
WALLABY J130415-102023,5,66.0000000001,78.0000000002,4.30136998559
WALLABY J130415-102023,6,78.0000000002,90.0000000002,3.41307546281
WALLABY J130415-102023,7,90.0000000002,102,3.3096335126
WALLABY J130415-102023,8,102,114,3.26331861761
WALLABY J130415-102023,9,114,126,2.5118179828
WALLABY J130415-102023,10,126,138,2.8391149456
WALLABY J130415-102023,11,138,150,2.42592912335
WALLABY J130415-102023,12,150,162,2.47892572272
WALLABY J130415-102023,13,162,174,2.03909148777
WALLABY J130415-102023,14,174,186,1.76797544024
WALLABY J130415-102023,15,186,198,1.58019608186
WALLABY J130415-102023,16,198,210,1.31141885685
WALLABY J130415-102023,17,210,222,1.18351311268
WALLABY J130415-102023,18,222,234,0.717986283073
WALLABY J130415-102023,19,234,246,0.691132576107
WALLABY J130415-102023,20,246,258.000000001,0.340203771491
WALLABY J130415-102023,21,258.000000001,270.000000001,0.298711229275
WALLABY J130415-102023,22,270.000000001,282.000000001,0.12412438208
WALLABY J130415-102023,23,282.000000001,294.000000001,0.0931089287446
WALLABY J130415-102023,24,294.000000001,306.000000001,0.0334421027285
WALLABY J130415-102023,25,306.000000001,318.000000001,0.0238381607124
WALLABY J130415-102023,26,318.000000001,330.000000001,0.00981627216144
WALLABY J130415-102023,27,330.000000001,342.000000001,0.00949489734199
WALLABY J130415-102023,28,342.000000001,354.000000001,0.0097361236736
WALLABY J130415-102023,29,354.000000001,366.000000001,0.00612870151243
WALLABY J130415-102023,30,366.000000001,378.000000001,0.00128680451557
WALLABY J130415-102023,31,378.000000001,390.000000001,0
WALLABY J130417-202952,0,6.00000000001,18,3.172913531
WALLABY J130417-202952,1,18,30.0000000001,2.7590600324
WALLABY J130417-202952,2,30.0000000001,42.0000000001,0.308619518108
WALLABY J130417-202952,3,42.0000000001,54.0000000001,0.0689832706946
WALLABY J130419+081330,0,6.00000000001,18,2.03574776489
WALLABY J130419+081330,1,18,30.0000000001,0.995395829499
WALLABY J130419+081330,2,30.0000000001,42.0000000001,0.704634740518
WALLABY J130419+081330,3,42.0000000001,54.0000000001,0.0548398466994
WALLABY J130419+081330,4,54.0000000001,66.0000000001,0.0367990768555
WALLABY J130419+081330,5,66.0000000001,78.0000000002,0.00486335844919
WALLABY J130425-204308,0,6.00000000001,18,3.40497811622
WALLABY J130425-204308,1,18,30.0000000001,2.7944706239
WALLABY J130425-204308,2,30.0000000001,42.0000000001,1.36885020516
WALLABY J130425-204308,3,42.0000000001,54.0000000001,0.956788941344
WALLABY J130425-204308,4,54.0000000001,66.0000000001,0.450546833364
WALLABY J130425-204308,5,66.0000000001,78.0000000002,0.270438360557
WALLABY J130425-204308,6,78.0000000002,90.0000000002,0.0174011113262
WALLABY J130425-204308,7,90.0000000002,102,0.000203704334715
WALLABY J130428+043155,0,6.00000000001,18,1.81644010369
WALLABY J130428+043155,1,18,30.0000000001,2.1824874443
WALLABY J130428+043155,2,30.0000000001,42.0000000001,1.23978471755
WALLABY J130428+043155,3,42.0000000001,54.0000000001,0.859459151643
WALLABY J130428+043155,4,54.0000000001,66.0000000001,0.176741893038
WALLABY J130428+043155,5,66.0000000001,78.0000000002,0.0902796528507
WALLABY J130428+043155,6,78.0000000002,90.0000000002,0.000745577017501
WALLABY J130428+043155,7,90.0000000002,102,0.00372690250878
WALLABY J130428+043155,8,102,114,0.000220177496615
WALLABY J130428+043155,9,114,126,0.00453717926096
WALLABY J130430-180121,0,6.00000000001,18,2.35519389378
WALLABY J130430-180121,1,18,30.0000000001,2.34549098273
WALLABY J130430-180121,2,30.0000000001,42.0000000001,0.489457187999
WALLABY J130430-180121,3,42.0000000001,54.0000000001,0.297397185752
WALLABY J130430-180121,4,54.0000000001,66.0000000001,0.0160935282279
WALLABY J130430-180121,5,66.0000000001,78.0000000002,0.0161232839865
WALLABY J130430-180121,6,78.0000000002,90.0000000002,0.0023640734068
WALLABY J130440+075733,0,4.4408920985e-16,12,3.7089702795
WALLABY J130440+075733,1,12,24,2.6282224843
WALLABY J130440+075733,2,24,36.0000000001,0.83755340446
WALLABY J130440+075733,3,36.0000000001,48.0000000001,0.416001657078
WALLABY J130440+075733,4,48.0000000001,60.0000000001,0.028788832534
WALLABY J130440+075733,5,60.0000000001,72.0000000001,0.0172108613634
WALLABY J130444-160813,0,6.00000000001,18,2.32180253476
WALLABY J130444-160813,1,18,30.0000000001,1.54155368151
WALLABY J130444-160813,2,30.0000000001,42.0000000001,0.942168650266
WALLABY J130444-160813,3,42.0000000001,54.0000000001,0.13790928409
WALLABY J130444-160813,4,54.0000000001,66.0000000001,0.0867639868854
WALLABY J130444-160813,5,66.0000000001,78.0000000002,0.00147091217871
WALLABY J130445+062514,0,4.4408920985e-16,12,1.98532757564
WALLABY J130445+062514,1,12,24,1.53652940366
WALLABY J130445+062514,2,24,36.0000000001,0.39283573944
WALLABY J130445+062514,3,36.0000000001,48.0000000001,0.198975627219
WALLABY J130445+062514,4,48.0000000001,60.0000000001,0.0220105841845
WALLABY J130445+062514,5,60.0000000001,72.0000000001,0.0240758185178
WALLABY J130445+062514,6,72.0000000001,84.0000000002,0.0127645375645
WALLABY J130445+062514,7,84.0000000002,96.0000000002,0.00682668037985
WALLABY J130445-190601,0,6.00000000001,18,2.44433360274
WALLABY J130445-190601,1,18,30.0000000001,1.63381233077
WALLABY J130445-190601,2,30.0000000001,42.0000000001,0.0537346612782
WALLABY J130445-190601,3,42.0000000001,54.0000000001,0.00910464623796
WALLABY J130502-201243,0,4.4408920985e-16,12,2.76241417306
WALLABY J130502-201243,1,12,24,2.09092793119
WALLABY J130502-201243,2,24,36.0000000001,1.46466544055
WALLABY J130502-201243,3,36.0000000001,48.0000000001,0.599893607272
WALLABY J130502-201243,4,48.0000000001,60.0000000001,0.471953378379
WALLABY J130502-201243,5,60.0000000001,72.0000000001,0.180458624446
WALLABY J130502-201243,6,72.0000000001,84.0000000002,0.0996716246152
WALLABY J130502-201243,7,84.0000000002,96.0000000002,0.00075012321262
WALLABY J130504+071549,0,6.00000000001,18,3.90444343352
WALLABY J130504+071549,1,18,30.0000000001,1.17140372383
WALLABY J130504+071549,2,30.0000000001,42.0000000001,0.654668336625
WALLABY J130504+071549,3,42.0000000001,54.0000000001,0.035649774624
WALLABY J130504+071549,4,54.0000000001,66.0000000001,0.0217969508645
WALLABY J130504+071549,5,66.0000000001,78.0000000002,0.000493370731895
WALLABY J130510-161645,0,6.00000000001,18,1.99395373369
WALLABY J130510-161645,1,18,30.0000000001,1.37167894537
WALLABY J130510-161645,2,30.0000000001,42.0000000001,0.413463803696
WALLABY J130510-161645,3,42.0000000001,54.0000000001,0.267691765637
WALLABY J130510-161645,4,54.0000000001,66.0000000001,9.47336459574e-05
WALLABY J130522+043840,0,6.00000000001,18,2.01072812399
WALLABY J130522+043840,1,18,30.0000000001,1.65548763079
WALLABY J130522+043840,2,30.0000000001,42.0000000001,1.01399014002
WALLABY J130522+043840,3,42.0000000001,54.0000000001,1.01309612801
WALLABY J130522+043840,4,54.0000000001,66.0000000001,0.217935240071
WALLABY J130522+043840,5,66.0000000001,78.0000000002,0.0900695485347
WALLABY J130525-161217,0,6.00000000001,18,2.5307785429
WALLABY J130525-161217,1,18,30.0000000001,1.62940223162
WALLABY J130525-161217,2,30.0000000001,42.0000000001,0.00752135929401
WALLABY J130525-161217,3,42.0000000001,54.0000000001,0.0089906116397
WALLABY J130528-111138,0,4.4408920985e-16,12,2.98951572852
WALLABY J130528-111138,1,12,24,3.3606653862
WALLABY J130528-111138,2,24,36.0000000001,2.28062191805
WALLABY J130528-111138,3,36.0000000001,48.0000000001,0.527011023171
WALLABY J130528-111138,4,48.0000000001,60.0000000001,0.244079559587
WALLABY J130528-111138,5,60.0000000001,72.0000000001,0.0475956415471
WALLABY J130528-111138,6,72.0000000001,84.0000000002,0.00829136914031
WALLABY J130534-154506,0,4.4408920985e-16,12,7.604355015
WALLABY J130534-154506,1,12,24,7.41219120698
WALLABY J130534-154506,2,24,36.0000000001,6.19262131248
WALLABY J130534-154506,3,36.0000000001,48.0000000001,5.37632009865
WALLABY J130534-154506,4,48.0000000001,60.0000000001,1.55389488775
WALLABY J130534-154506,5,60.0000000001,72.0000000001,0.79343408236
WALLABY J130534-154506,6,72.0000000001,84.0000000002,0.0465482474147
WALLABY J130534-154506,7,84.0000000002,96.0000000002,0.08422326475
WALLABY J130534-154506,8,96.0000000002,108,0.0138176007527
WALLABY J130534-154506,9,108,120,0.00977947230876
WALLABY J130535+041627,0,4.4408920985e-16,12,7.27791321008
WALLABY J130535+041627,1,12,24,3.25081111605
WALLABY J130535+041627,2,24,36.0000000001,2.38443834466
WALLABY J130535+041627,3,36.0000000001,48.0000000001,0.402349181886
WALLABY J130535+041627,4,48.0000000001,60.0000000001,0.181927184225
WALLABY J130535+041627,5,60.0000000001,72.0000000001,0.0493564601424
WALLABY J130535+041627,6,72.0000000001,84.0000000002,0.0387848210215
WALLABY J130535+051140,0,4.4408920985e-16,12,3.32409660187
WALLABY J130535+051140,1,12,24,2.83160655794
WALLABY J130535+051140,2,24,36.0000000001,0.524610977489
WALLABY J130535+051140,3,36.0000000001,48.0000000001,0.175765331282
WALLABY J130535+051140,4,48.0000000001,60.0000000001,0.00032699632526
WALLABY J130544+073310,0,6.00000000001,18,3.84844409009
WALLABY J130544+073310,1,18,30.0000000001,1.77287336173
WALLABY J130544+073310,2,30.0000000001,42.0000000001,0.769898604927
WALLABY J130544+073310,3,42.0000000001,54.0000000001,0.00987396613599
WALLABY J130544+073310,4,54.0000000001,66.0000000001,0.00643693406409
WALLABY J130544+073310,5,66.0000000001,78.0000000002,0.0265957312877
WALLABY J130544+073310,6,78.0000000002,90.0000000002,0.025802541478
WALLABY J130545-193817,0,6.00000000001,18,2.06841676417
WALLABY J130545-193817,1,18,30.0000000001,1.93471706248
WALLABY J130545-193817,2,30.0000000001,42.0000000001,1.45904430178
WALLABY J130545-193817,3,42.0000000001,54.0000000001,1.16213025506
WALLABY J130545-193817,4,54.0000000001,66.0000000001,0.561338740278
WALLABY J130545-193817,5,66.0000000001,78.0000000002,0.404266614532
WALLABY J130545-193817,6,78.0000000002,90.0000000002,0.112334905616
WALLABY J130545-193817,7,90.0000000002,102,0.0481787574157
WALLABY J130545-193817,8,102,114,0.00954370008289
WALLABY J130545-193817,9,114,126,0.00246458009396
WALLABY J130546-133400,0,6.00000000001,18,3.26277538078
WALLABY J130546-133400,1,18,30.0000000001,0.882616963651
WALLABY J130546-133400,2,30.0000000001,42.0000000001,0.340854021177
WALLABY J130546-133400,3,42.0000000001,54.0000000001,0.00102783414842
WALLABY J130559-145906,0,4.4408920985e-16,12,4.91821022762
WALLABY J130559-145906,1,12,24,3.41318999966
WALLABY J130559-145906,2,24,36.0000000001,1.02009451127
WALLABY J130559-145906,3,36.0000000001,48.0000000001,0.596589892043
WALLABY J130559-145906,4,48.0000000001,60.0000000001,0.161640824886
WALLABY J130559-145906,5,60.0000000001,72.0000000001,0.0748014436065
WALLABY J130559-145906,6,72.0000000001,84.0000000002,0.0043572172037
WALLABY J130602-155021,0,4.4408920985e-16,12,2.57518625087
WALLABY J130602-155021,1,12,24,2.24413046266
WALLABY J130602-155021,2,24,36.0000000001,1.43367244373
WALLABY J130602-155021,3,36.0000000001,48.0000000001,0.163633107213
WALLABY J130602-155021,4,48.0000000001,60.0000000001,0.104447140745
WALLABY J130602-155021,5,60.0000000001,72.0000000001,0.0106629094094
WALLABY J130609+040911,0,6.00000000001,18,3.1913865984
WALLABY J130609+040911,1,18,30.0000000001,1.18061723627
WALLABY J130609+040911,2,30.0000000001,42.0000000001,0.818983028922
WALLABY J130609+040911,3,42.0000000001,54.0000000001,0.071033297142
WALLABY J130609+040911,4,54.0000000001,66.0000000001,0.0176474134113
WALLABY J130612-201622,0,6.00000000001,18,2.33771219161
WALLABY J130612-201622,1,18,30.0000000001,1.69120028943
WALLABY J130612-201622,2,30.0000000001,42.0000000001,1.35508145809
WALLABY J130612-201622,3,42.0000000001,54.0000000001,0.713362171636
WALLABY J130612-201622,4,54.0000000001,66.0000000001,0.339720984116
WALLABY J130612-201622,5,66.0000000001,78.0000000002,0.0306373102095
WALLABY J130612-201622,6,78.0000000002,90.0000000002,0.0100076316669
WALLABY J130612-201622,7,90.0000000002,102,0.00121681658585
WALLABY J130614-202212,0,4.4408920985e-16,12,4.37049336471
WALLABY J130614-202212,1,12,24,4.51939543216
WALLABY J130614-202212,2,24,36.0000000001,3.5715268203
WALLABY J130614-202212,3,36.0000000001,48.0000000001,1.33990824391
WALLABY J130614-202212,4,48.0000000001,60.0000000001,0.5663031131
WALLABY J130614-202212,5,60.0000000001,72.0000000001,0.103430152572
WALLABY J130614-202212,6,72.0000000001,84.0000000002,0.102713193444
WALLABY J130614-202212,7,84.0000000002,96.0000000002,0.00667903128951
WALLABY J130618-173039,0,6.00000000001,18,5.61029373258
WALLABY J130618-173039,1,18,30.0000000001,7.03598900172
WALLABY J130618-173039,2,30.0000000001,42.0000000001,6.42028935362
WALLABY J130618-173039,3,42.0000000001,54.0000000001,6.52680257767
WALLABY J130618-173039,4,54.0000000001,66.0000000001,4.91302755534
WALLABY J130618-173039,5,66.0000000001,78.0000000002,3.9131220253
WALLABY J130618-173039,6,78.0000000002,90.0000000002,1.75057068961
WALLABY J130618-173039,7,90.0000000002,102,1.27145043757
WALLABY J130618-173039,8,102,114,0.25532818414
WALLABY J130618-173039,9,114,126,0.13853700834
WALLABY J130618-173039,10,126,138,0.0202338476526
WALLABY J130618-173039,11,138,150,0.0117637030499
WALLABY J130618-173039,12,150,162,0.00662511442837
WALLABY J130618-173039,13,162,174,0.00614640029626
WALLABY J130622-161408,0,4.4408920985e-16,12,2.72711563798
WALLABY J130622-161408,1,12,24,1.19437442509
WALLABY J130622-161408,2,24,36.0000000001,0.754682678498
WALLABY J130622-161408,3,36.0000000001,48.0000000001,0.0431286835415
WALLABY J130622-161408,4,48.0000000001,60.0000000001,0.027109456576
WALLABY J130623+052247,0,4.4408920985e-16,12,2.91967574233
WALLABY J130623+052247,1,12,24,1.82062510438
WALLABY J130623+052247,2,24,36.0000000001,1.0285623378
WALLABY J130623+052247,3,36.0000000001,48.0000000001,0.580102189573
WALLABY J130623+052247,4,48.0000000001,60.0000000001,0.0896020845446
WALLABY J130623+052247,5,60.0000000001,72.0000000001,0.0635711729131
WALLABY J130623+052247,6,72.0000000001,84.0000000002,0.00022087918719
WALLABY J130629-133413,0,4.4408920985e-16,12,8.62456187823
WALLABY J130629-133413,1,12,24,9.52440579768
WALLABY J130629-133413,2,24,36.0000000001,8.25084412747
WALLABY J130629-133413,3,36.0000000001,48.0000000001,4.31558137927
WALLABY J130629-133413,4,48.0000000001,60.0000000001,3.22497489486
WALLABY J130629-133413,5,60.0000000001,72.0000000001,0.950269378195
WALLABY J130629-133413,6,72.0000000001,84.0000000002,0.475806245111
WALLABY J130629-133413,7,84.0000000002,96.0000000002,0.0556886501697
WALLABY J130629-133413,8,96.0000000002,108,0.0630708911141
WALLABY J130629-133413,9,108,120,0.0237972233121
WALLABY J130629-133413,10,120,132,0.0250500238057
WALLABY J130629-133413,11,132,144,0.000735331541902
WALLABY J130630-112046,0,4.4408920985e-16,12,3.16143656835
WALLABY J130630-112046,1,12,24,2.70619481782
WALLABY J130630-112046,2,24,36.0000000001,0.475223946263
WALLABY J130630-112046,3,36.0000000001,48.0000000001,0.261742748063
WALLABY J130630-112046,4,48.0000000001,60.0000000001,0.00260952348593
WALLABY J130643-155855,0,4.4408920985e-16,12,3.30483160414
WALLABY J130643-155855,1,12,24,1.82890042646
WALLABY J130643-155855,2,24,36.0000000001,1.26268206028
WALLABY J130643-155855,3,36.0000000001,48.0000000001,0.306640431276
WALLABY J130643-155855,4,48.0000000001,60.0000000001,0.154832411931
WALLABY J130643-155855,5,60.0000000001,72.0000000001,0.0104285179821
WALLABY J130643-155855,6,72.0000000001,84.0000000002,0.000799396601026
WALLABY J130645-164412,0,4.4408920985e-16,12,1.83358889896
WALLABY J130645-164412,1,12,24,1.97924229777
WALLABY J130645-164412,2,24,36.0000000001,0.667033446478
WALLABY J130645-164412,3,36.0000000001,48.0000000001,0.248051788575
WALLABY J130645-164412,4,48.0000000001,60.0000000001,0.00230388254266
WALLABY J130647-162241,0,6.00000000001,18,2.46726497092
WALLABY J130647-162241,1,18,30.0000000001,1.18950248338
WALLABY J130647-162241,2,30.0000000001,42.0000000001,0.804551422154
WALLABY J130647-162241,3,42.0000000001,54.0000000001,0.0344653108238
WALLABY J130647-162241,4,54.0000000001,66.0000000001,0.0228026706374
WALLABY J130647-162241,5,66.0000000001,78.0000000002,0.00444542885696
WALLABY J130654-154854,0,6.00000000001,18,4.44939857486
WALLABY J130654-154854,1,18,30.0000000001,2.97151546163
WALLABY J130654-154854,2,30.0000000001,42.0000000001,0.976532624764
WALLABY J130654-154854,3,42.0000000001,54.0000000001,0.566853979437
WALLABY J130654-154854,4,54.0000000001,66.0000000001,0.0127553930512
WALLABY J130654-154854,5,66.0000000001,78.0000000002,0.00223852043986
WALLABY J130659-151041,0,4.4408920985e-16,12,2.74052570585
WALLABY J130659-151041,1,12,24,1.83657261704
WALLABY J130659-151041,2,24,36.0000000001,0.100633899404
WALLABY J130659-151041,3,36.0000000001,48.0000000001,0.0488591625718
WALLABY J130659-151041,4,48.0000000001,60.0000000001,0.00240786788754
WALLABY J130703-185253,0,4.4408920985e-16,12,2.52834138421
WALLABY J130703-185253,1,12,24,1.83956887271
WALLABY J130703-185253,2,24,36.0000000001,1.2314969315
WALLABY J130703-185253,3,36.0000000001,48.0000000001,0.247812600426
WALLABY J130703-185253,4,48.0000000001,60.0000000001,0.145282681365
WALLABY J130703-185253,5,60.0000000001,72.0000000001,0.0181070553333
WALLABY J130703-185253,6,72.0000000001,84.0000000002,0.0123118375343
WALLABY J130703-185253,7,84.0000000002,96.0000000002,0.00332305602195
WALLABY J130718-162004,0,6.00000000001,18,6.42727964161
WALLABY J130718-162004,1,18,30.0000000001,5.19541766607
WALLABY J130718-162004,2,30.0000000001,42.0000000001,1.99459160378
WALLABY J130718-162004,3,42.0000000001,54.0000000001,1.1416900424
WALLABY J130718-162004,4,54.0000000001,66.0000000001,0.127258229919
WALLABY J130718-162004,5,66.0000000001,78.0000000002,0.131177105828
WALLABY J130718-162004,6,78.0000000002,90.0000000002,0.022896217807
WALLABY J130718-162004,7,90.0000000002,102,0.00883003739254
WALLABY J130721+070242,0,6.00000000001,18,3.13112239377
WALLABY J130721+070242,1,18,30.0000000001,0.57622480174
WALLABY J130721+070242,2,30.0000000001,42.0000000001,0.222412885817
WALLABY J130721+070242,3,42.0000000001,54.0000000001,0.0139906913948
WALLABY J130721+070242,4,54.0000000001,66.0000000001,0.00743650300175
WALLABY J130727+044550,0,4.4408920985e-16,12,4.32896648577
WALLABY J130727+044550,1,12,24,3.90026503292
WALLABY J130727+044550,2,24,36.0000000001,2.38706566732
WALLABY J130727+044550,3,36.0000000001,48.0000000001,0.879903582622
WALLABY J130727+044550,4,48.0000000001,60.0000000001,0.683625100284
WALLABY J130727+044550,5,60.0000000001,72.0000000001,0.102185677231
WALLABY J130727+044550,6,72.0000000001,84.0000000002,0.0125470445759
WALLABY J130727+044550,7,84.0000000002,96.0000000002,0.000408005282636
WALLABY J130733-140834,0,4.4408920985e-16,12,1.75035760464
WALLABY J130733-140834,1,12,24,1.82908421476
WALLABY J130733-140834,2,24,36.0000000001,0.103115603181
WALLABY J130733-140834,3,36.0000000001,48.0000000001,0.0207797310114
WALLABY J130737-151812,0,4.4408920985e-16,12,5.39267663575
WALLABY J130737-151812,1,12,24,3.67733281112
WALLABY J130737-151812,2,24,36.0000000001,2.74823153011
WALLABY J130737-151812,3,36.0000000001,48.0000000001,0.68332333961
WALLABY J130737-151812,4,48.0000000001,60.0000000001,0.406177822854
WALLABY J130737-151812,5,60.0000000001,72.0000000001,0.0703432668343
WALLABY J130737-151812,6,72.0000000001,84.0000000002,0.0243911111396
WALLABY J130739+075909,0,6.00000000001,18,2.02885143224
WALLABY J130739+075909,1,18,30.0000000001,1.17408084508
WALLABY J130739+075909,2,30.0000000001,42.0000000001,1.00816765396
WALLABY J130739+075909,3,42.0000000001,54.0000000001,0.112865670734
WALLABY J130739+075909,4,54.0000000001,66.0000000001,0.0128121072579
WALLABY J130753-205916,0,6.00000000001,18,5.76910250202
WALLABY J130753-205916,1,18,30.0000000001,3.71669608983
WALLABY J130753-205916,2,30.0000000001,42.0000000001,3.14329435284
WALLABY J130753-205916,3,42.0000000001,54.0000000001,1.11054350857
WALLABY J130753-205916,4,54.0000000001,66.0000000001,0.577802049936
WALLABY J130753-205916,5,66.0000000001,78.0000000002,0.105662062491
WALLABY J130753-205916,6,78.0000000002,90.0000000002,0.0652491864072
WALLABY J130753-205916,7,90.0000000002,102,0.0067110224312
WALLABY J130753-205916,8,102,114,0.00211166486281
WALLABY J130757-193648,0,6.00000000001,18,3.28951399292
WALLABY J130757-193648,1,18,30.0000000001,2.26359149518
WALLABY J130757-193648,2,30.0000000001,42.0000000001,1.58879366919
WALLABY J130757-193648,3,42.0000000001,54.0000000001,0.186481540074
WALLABY J130757-193648,4,54.0000000001,66.0000000001,0.0480784218657
WALLABY J130757-193648,5,66.0000000001,78.0000000002,7.69072611822e-05
WALLABY J130759-180456,0,6.00000000001,18,5.5965200015
WALLABY J130759-180456,1,18,30.0000000001,3.30515058516
WALLABY J130759-180456,2,30.0000000001,42.0000000001,1.94305662295
WALLABY J130759-180456,3,42.0000000001,54.0000000001,0.26275959815
WALLABY J130759-180456,4,54.0000000001,66.0000000001,0.253679438957
WALLABY J130759-180456,5,66.0000000001,78.0000000002,0.00572469561998
WALLABY J130802+062900,0,4.4408920985e-16,12,2.94811044034
WALLABY J130802+062900,1,12,24,2.853931302
WALLABY J130802+062900,2,24,36.0000000001,2.33091058941
WALLABY J130802+062900,3,36.0000000001,48.0000000001,2.14304128503
WALLABY J130802+062900,4,48.0000000001,60.0000000001,0.882473730822
WALLABY J130802+062900,5,60.0000000001,72.0000000001,0.522407485019
WALLABY J130802+062900,6,72.0000000001,84.0000000002,0.149129357501
WALLABY J130802+062900,7,84.0000000002,96.0000000002,0.083196665498
WALLABY J130802+062900,8,96.0000000002,108,0.00143184535862
WALLABY J130810+044441,0,4.4408920985e-16,12,0.435453501891
WALLABY J130810+044441,1,12,24,0.381299856116
WALLABY J130810+044441,2,24,36.0000000001,1.37532175454
WALLABY J130810+044441,3,36.0000000001,48.0000000001,1.2435590111
WALLABY J130810+044441,4,48.0000000001,60.0000000001,0.902409197493
WALLABY J130810+044441,5,60.0000000001,72.0000000001,0.931090515657
WALLABY J130810+044441,6,72.0000000001,84.0000000002,0.454899551615
WALLABY J130810+044441,7,84.0000000002,96.0000000002,0.300127350108
WALLABY J130810+044441,8,96.0000000002,108,0.283059314395
WALLABY J130810+044441,9,108,120,0.1305088351
WALLABY J130810+044441,10,120,132,0.155071106893
WALLABY J130810+044441,11,132,144,0.0565255648191
WALLABY J130810+044441,12,144,156,0.026517319908
WALLABY J130810+044441,13,156,168,0.000628012435021
WALLABY J130810+044441,14,168,180,0.00391723673273
WALLABY J130812-145720,0,6.00000000001,18,1.63663899966
WALLABY J130812-145720,1,18,30.0000000001,1.34555196325
WALLABY J130812-145720,2,30.0000000001,42.0000000001,0.175291299003
WALLABY J130812-145720,3,42.0000000001,54.0000000001,0.173682043641
WALLABY J130812-145720,4,54.0000000001,66.0000000001,0.0292973204635
WALLABY J130812-145720,5,66.0000000001,78.0000000002,0.0534524002307
WALLABY J130812-145720,6,78.0000000002,90.0000000002,0.00338883633976
WALLABY J130813+034746,0,6.00000000001,18,2.47849210508
WALLABY J130813+034746,1,18,30.0000000001,1.83491015678
WALLABY J130813+034746,2,30.0000000001,42.0000000001,0.444325322306
WALLABY J130813+034746,3,42.0000000001,54.0000000001,0.0775145210716
WALLABY J130813+034746,4,54.0000000001,66.0000000001,0.00145567810369
WALLABY J130813+053320,0,4.4408920985e-16,12,3.12550707087
WALLABY J130813+053320,1,12,24,1.26486489934
WALLABY J130813+053320,2,24,36.0000000001,0.898924218901
WALLABY J130813+053320,3,36.0000000001,48.0000000001,0.306829389109
WALLABY J130813+053320,4,48.0000000001,60.0000000001,0.166889239149
WALLABY J130813+053320,5,60.0000000001,72.0000000001,0.0222537076547
WALLABY J130813+053320,6,72.0000000001,84.0000000002,0.00516480809141
WALLABY J130813+064248,0,4.4408920985e-16,12,1.64800105163
WALLABY J130813+064248,1,12,24,1.5110556358
WALLABY J130813+064248,2,24,36.0000000001,0.819843952752
WALLABY J130813+064248,3,36.0000000001,48.0000000001,0.530780874768
WALLABY J130813+064248,4,48.0000000001,60.0000000001,0.0126445299331
WALLABY J130815-210002,0,6.00000000001,18,3.50806114807
WALLABY J130815-210002,1,18,30.0000000001,3.23967245699
WALLABY J130815-210002,2,30.0000000001,42.0000000001,2.54260951201
WALLABY J130815-210002,3,42.0000000001,54.0000000001,2.75056895984
WALLABY J130815-210002,4,54.0000000001,66.0000000001,1.48857019175
WALLABY J130815-210002,5,66.0000000001,78.0000000002,0.855398849173
WALLABY J130815-210002,6,78.0000000002,90.0000000002,0.356753811588
WALLABY J130815-210002,7,90.0000000002,102,0.171088991884
WALLABY J130815-210002,8,102,114,0.0193062237789
WALLABY J130815-210002,9,114,126,0.030988583658
WALLABY J130815-210002,10,126,138,0.0350600933691
WALLABY J130815-210002,11,138,150,0.0249610446096
WALLABY J130815-210002,12,150,162,0.000535900721873
WALLABY J130815-210002,13,162,174,0.0100746448159
WALLABY J130815-210002,14,174,186,0.00130018298372
WALLABY J130821-185647,0,6.00000000001,18,0.196848751227
WALLABY J130821-185647,1,18,30.0000000001,0.438526424189
WALLABY J130821-185647,2,30.0000000001,42.0000000001,0.622959756085
WALLABY J130821-185647,3,42.0000000001,54.0000000001,0.811697504827
WALLABY J130821-185647,4,54.0000000001,66.0000000001,0.242169291848
WALLABY J130821-185647,5,66.0000000001,78.0000000002,0.268783518314
WALLABY J130821-185647,6,78.0000000002,90.0000000002,0.0369979231956
WALLABY J130821-185647,7,90.0000000002,102,0.0121551767584
WALLABY J130821-185647,8,102,114,0.00467070590758
WALLABY J130825-194130,0,4.4408920985e-16,12,3.7083919586
WALLABY J130825-194130,1,12,24,3.44157619802
WALLABY J130825-194130,2,24,36.0000000001,1.57975285963
WALLABY J130825-194130,3,36.0000000001,48.0000000001,1.49955901191
WALLABY J130825-194130,4,48.0000000001,60.0000000001,0.637692103585
WALLABY J130825-194130,5,60.0000000001,72.0000000001,0.561347815235
WALLABY J130825-194130,6,72.0000000001,84.0000000002,0.0814825523013
WALLABY J130825-194130,7,84.0000000002,96.0000000002,0.0472456350774
WALLABY J130825-194130,8,96.0000000002,108,0.00387083192596
WALLABY J130826+064302,0,6.00000000001,18,3.3739084138
WALLABY J130826+064302,1,18,30.0000000001,1.10484880536
WALLABY J130826+064302,2,30.0000000001,42.0000000001,0.966503231095
WALLABY J130826+064302,3,42.0000000001,54.0000000001,0.220049571151
WALLABY J130826+064302,4,54.0000000001,66.0000000001,0.0425905967367
WALLABY J130829-204924,0,6.00000000001,18,3.95766360793
WALLABY J130829-204924,1,18,30.0000000001,2.23968274484
WALLABY J130829-204924,2,30.0000000001,42.0000000001,1.3958197888
WALLABY J130829-204924,3,42.0000000001,54.0000000001,0.123578350487
WALLABY J130829-204924,4,54.0000000001,66.0000000001,0.0431802709534
WALLABY J130846-175751,0,6.00000000001,18,7.83940369705
WALLABY J130846-175751,1,18,30.0000000001,3.33135099221
WALLABY J130846-175751,2,30.0000000001,42.0000000001,1.99593853223
WALLABY J130846-175751,3,42.0000000001,54.0000000001,0.065186560582
WALLABY J130846-175751,4,54.0000000001,66.0000000001,0.0410674433349
WALLABY J130852+055946,0,6.00000000001,18,3.39321478752
WALLABY J130852+055946,1,18,30.0000000001,2.54512969638
WALLABY J130852+055946,2,30.0000000001,42.0000000001,0.771033075912
WALLABY J130852+055946,3,42.0000000001,54.0000000001,0.461884957351
WALLABY J130852+055946,4,54.0000000001,66.0000000001,0.0492996314009
WALLABY J130852+055946,5,66.0000000001,78.0000000002,0.0350977171924
WALLABY J130852+055946,6,78.0000000002,90.0000000002,0.000957123776771
WALLABY J130854-171416,0,4.4408920985e-16,12,3.57337830245
WALLABY J130854-171416,1,12,24,3.00321253973
WALLABY J130854-171416,2,24,36.0000000001,2.38600431924
WALLABY J130854-171416,3,36.0000000001,48.0000000001,0.691275367444
WALLABY J130854-171416,4,48.0000000001,60.0000000001,0.285838028796
WALLABY J130854-171416,5,60.0000000001,72.0000000001,0.0182067374405
WALLABY J130854-171416,6,72.0000000001,84.0000000002,0.0124752148415
WALLABY J130854-171416,7,84.0000000002,96.0000000002,0.00801085836527
WALLABY J130857-153100,0,4.4408920985e-16,12,4.02939091978
WALLABY J130857-153100,1,12,24,1.98227535003
WALLABY J130857-153100,2,24,36.0000000001,2.31191568573
WALLABY J130857-153100,3,36.0000000001,48.0000000001,1.43627926319
WALLABY J130857-153100,4,48.0000000001,60.0000000001,0.378351051878
WALLABY J130857-153100,5,60.0000000001,72.0000000001,0.60568735601
WALLABY J130857-153100,6,72.0000000001,84.0000000002,0.26992291609
WALLABY J130857-153100,7,84.0000000002,96.0000000002,0.203173506748
WALLABY J130857-153100,8,96.0000000002,108,0.181182182731
WALLABY J130857-153100,9,108,120,0.183165222963
WALLABY J130857-153100,10,120,132,0.0643367356378
WALLABY J130857-153100,11,132,144,0.0216437723448
WALLABY J130857-153100,12,144,156,0.0019839819226
WALLABY J130901+072007,0,4.4408920985e-16,12,2.57757499013
WALLABY J130901+072007,1,12,24,2.20722294214
WALLABY J130901+072007,2,24,36.0000000001,0.416964711525
WALLABY J130901+072007,3,36.0000000001,48.0000000001,0.0689541666148
WALLABY J130901-172115,0,4.4408920985e-16,12,1.34865309327
WALLABY J130901-172115,1,12,24,0.798596600245
WALLABY J130901-172115,2,24,36.0000000001,0.692158403976
WALLABY J130901-172115,3,36.0000000001,48.0000000001,0.163404269009
WALLABY J130901-172115,4,48.0000000001,60.0000000001,0.0370194437669
WALLABY J130904+081148,0,4.4408920985e-16,12,3.96509483669
WALLABY J130904+081148,1,12,24,2.83005605432
WALLABY J130904+081148,2,24,36.0000000001,0.477057156744
WALLABY J130904+081148,3,36.0000000001,48.0000000001,0.0790972594468
WALLABY J130904+081148,4,48.0000000001,60.0000000001,0.0205151919808
WALLABY J130904+081148,5,60.0000000001,72.0000000001,0.0216654369182
WALLABY J130905+055109,0,6.00000000001,18,9.22203118272
WALLABY J130905+055109,1,18,30.0000000001,2.47887098484
WALLABY J130905+055109,2,30.0000000001,42.0000000001,1.30883942411
WALLABY J130905+055109,3,42.0000000001,54.0000000001,0.269670975758
WALLABY J130905+055109,4,54.0000000001,66.0000000001,0.142537468799
WALLABY J130905+055109,5,66.0000000001,78.0000000002,0.00226896284331
WALLABY J130906+051433,0,6.00000000001,18,2.18348085652
WALLABY J130906+051433,1,18,30.0000000001,2.01868114627
WALLABY J130906+051433,2,30.0000000001,42.0000000001,2.10530462628
WALLABY J130906+051433,3,42.0000000001,54.0000000001,1.69037590369
WALLABY J130906+051433,4,54.0000000001,66.0000000001,1.40285303842
WALLABY J130906+051433,5,66.0000000001,78.0000000002,1.0830516702
WALLABY J130906+051433,6,78.0000000002,90.0000000002,0.874949398736
WALLABY J130906+051433,7,90.0000000002,102,0.286643426242
WALLABY J130906+051433,8,102,114,0.202252279715
WALLABY J130906+051433,9,114,126,0.0918218424372
WALLABY J130906+051433,10,126,138,0.0542609872503
WALLABY J130906+051433,11,138,150,0.000994050532318
WALLABY J130914-183640,0,4.4408920985e-16,12,1.62621060141
WALLABY J130914-183640,1,12,24,1.44988306895
WALLABY J130914-183640,2,24,36.0000000001,0.462108764434
WALLABY J130914-183640,3,36.0000000001,48.0000000001,0.193272115217
WALLABY J130914-183640,4,48.0000000001,60.0000000001,0.0017619386364
WALLABY J130922-201247,0,4.4408920985e-16,12,6.1203910203
WALLABY J130922-201247,1,12,24,2.94175301154
WALLABY J130922-201247,2,24,36.0000000001,1.93074359878
WALLABY J130922-201247,3,36.0000000001,48.0000000001,0.596197298916
WALLABY J130922-201247,4,48.0000000001,60.0000000001,0.307840371648
WALLABY J130922-201247,5,60.0000000001,72.0000000001,0.00926023235593
WALLABY J130922-201247,6,72.0000000001,84.0000000002,0.0174246528077
WALLABY J130924-183226,0,4.4408920985e-16,12,2.70094556528
WALLABY J130924-183226,1,12,24,1.41067623903
WALLABY J130924-183226,2,24,36.0000000001,0.570933511566
WALLABY J130924-183226,3,36.0000000001,48.0000000001,0.22726289296
WALLABY J130924-183226,4,48.0000000001,60.0000000001,0.0354666612222
WALLABY J130924-183226,5,60.0000000001,72.0000000001,0.0335210655784
WALLABY J130924-183226,6,72.0000000001,84.0000000002,0.0262696489665
WALLABY J130924-183226,7,84.0000000002,96.0000000002,0.00800678705223
WALLABY J130932-145705,0,6.00000000001,18,0.985081798408
WALLABY J130932-145705,1,18,30.0000000001,0.631667106179
WALLABY J130932-145705,2,30.0000000001,42.0000000001,0.31165562254
WALLABY J130932-145705,3,42.0000000001,54.0000000001,0.199224308045
WALLABY J130932-145705,4,54.0000000001,66.0000000001,0.0447552704674
WALLABY J130932-145705,5,66.0000000001,78.0000000002,0.0276356249922
WALLABY J130932-145705,6,78.0000000002,90.0000000002,0.00254405488091
WALLABY J130934-145427,0,4.4408920985e-16,12,1.79741706031
WALLABY J130934-145427,1,12,24,1.35057185672
WALLABY J130934-145427,2,24,36.0000000001,0.801322051585
WALLABY J130934-145427,3,36.0000000001,48.0000000001,0.0208962907538
WALLABY J130934-145427,4,48.0000000001,60.0000000001,0.0143677836677
WALLABY J130937-150616,0,6.00000000001,18,1.75072501269
WALLABY J130937-150616,1,18,30.0000000001,0.971572048315
WALLABY J130937-150616,2,30.0000000001,42.0000000001,0.463980842682
WALLABY J130937-150616,3,42.0000000001,54.0000000001,0.0569440557192
WALLABY J130937-150616,4,54.0000000001,66.0000000001,0.0164256793571
WALLABY J130939-135908,0,4.4408920985e-16,12,2.76021036787
WALLABY J130939-135908,1,12,24,2.45673268309
WALLABY J130939-135908,2,24,36.0000000001,0.0711328896311
WALLABY J130939-135908,3,36.0000000001,48.0000000001,0.0349993345567
WALLABY J130941-132855,0,4.4408920985e-16,12,1.94763012537
WALLABY J130941-132855,1,12,24,1.79739493541
WALLABY J130941-132855,2,24,36.0000000001,0.526544983949
WALLABY J130941-132855,3,36.0000000001,48.0000000001,0.24704656355
WALLABY J130941-132855,4,48.0000000001,60.0000000001,5.80474314733e-05
WALLABY J130941-145553,0,4.4408920985e-16,12,1.78685808417
WALLABY J130941-145553,1,12,24,0.881057590361
WALLABY J130941-145553,2,24,36.0000000001,0.454653955062
WALLABY J130941-145553,3,36.0000000001,48.0000000001,0.0188895544203
WALLABY J130941-145553,4,48.0000000001,60.0000000001,0.0100790173068
WALLABY J130947-101916,0,6.00000000001,18,3.40674316366
WALLABY J130947-101916,1,18,30.0000000001,3.53503807402
WALLABY J130947-101916,2,30.0000000001,42.0000000001,3.09430614827
WALLABY J130947-101916,3,42.0000000001,54.0000000001,2.77300362298
WALLABY J130947-101916,4,54.0000000001,66.0000000001,3.15701154668
WALLABY J130947-101916,5,66.0000000001,78.0000000002,3.15628537268
WALLABY J130947-101916,6,78.0000000002,90.0000000002,2.33589161682
WALLABY J130947-101916,7,90.0000000002,102,2.07065712413
WALLABY J130947-101916,8,102,114,0.804685227462
WALLABY J130947-101916,9,114,126,0.52157383665
WALLABY J130947-101916,10,126,138,0.0063845189399
WALLABY J130954-104332,0,6.00000000001,18,5.39834098954
WALLABY J130954-104332,1,18,30.0000000001,5.31699539055
WALLABY J130954-104332,2,30.0000000001,42.0000000001,2.26225755929
WALLABY J130954-104332,3,42.0000000001,54.0000000001,1.42920341108
WALLABY J130954-104332,4,54.0000000001,66.0000000001,0.507319252639
WALLABY J130954-104332,5,66.0000000001,78.0000000002,0.326151633605
WALLABY J130954-104332,6,78.0000000002,90.0000000002,0.137772189955
WALLABY J130954-104332,7,90.0000000002,102,0.124414359992
WALLABY J130954-104332,8,102,114,0.0552998630122
WALLABY J130954-104332,9,114,126,0.0077386550714
WALLABY J131017-171323,0,6.00000000001,18,1.18076445752
WALLABY J131017-171323,1,18,30.0000000001,0.975694900866
WALLABY J131017-171323,2,30.0000000001,42.0000000001,0.351742616146
WALLABY J131017-171323,3,42.0000000001,54.0000000001,0.147280043206
WALLABY J131017-171323,4,54.0000000001,66.0000000001,0.0108992331965
WALLABY J131032-172527,0,6.00000000001,18,2.39462486336
WALLABY J131032-172527,1,18,30.0000000001,1.35234588335
WALLABY J131032-172527,2,30.0000000001,42.0000000001,1.17938914652
WALLABY J131032-172527,3,42.0000000001,54.0000000001,0.332108754023
WALLABY J131032-172527,4,54.0000000001,66.0000000001,0.235779633541
WALLABY J131032-172527,5,66.0000000001,78.0000000002,0.0124929619271
WALLABY J131032-172527,6,78.0000000002,90.0000000002,0.00464728471089
WALLABY J131033-170323,0,4.4408920985e-16,12,4.0975817267
WALLABY J131033-170323,1,12,24,2.43027956662
WALLABY J131033-170323,2,24,36.0000000001,0.787910052844
WALLABY J131033-170323,3,36.0000000001,48.0000000001,0.308088485887
WALLABY J131033-170323,4,48.0000000001,60.0000000001,0.000608435518211
WALLABY J131037-144407,0,6.00000000001,18,2.36731920935
WALLABY J131037-144407,1,18,30.0000000001,1.66620563644
WALLABY J131037-144407,2,30.0000000001,42.0000000001,0.427313963384
WALLABY J131037-144407,3,42.0000000001,54.0000000001,0.156689896318
WALLABY J131037-144407,4,54.0000000001,66.0000000001,0.00357830633323
WALLABY J131037-144407,5,66.0000000001,78.0000000002,0.00873028134162
WALLABY J131038-144004,0,6.00000000001,18,4.16033786639
WALLABY J131038-144004,1,18,30.0000000001,1.37969316916
WALLABY J131038-144004,2,30.0000000001,42.0000000001,0.715007689441
WALLABY J131038-144004,3,42.0000000001,54.0000000001,0.109820499503
WALLABY J131038-144004,4,54.0000000001,66.0000000001,0.115260660338
WALLABY J131038-144004,5,66.0000000001,78.0000000002,0.00103297891673
WALLABY J131041+053553,0,6.00000000001,18,4.02954423782
WALLABY J131041+053553,1,18,30.0000000001,2.29563926034
WALLABY J131041+053553,2,30.0000000001,42.0000000001,0.104930049892
WALLABY J131041+053553,3,42.0000000001,54.0000000001,0.0173543936142
WALLABY J131049-105237,0,4.4408920985e-16,12,7.52191158527
WALLABY J131049-105237,1,12,24,2.89856021423
WALLABY J131049-105237,2,24,36.0000000001,2.80791503035
WALLABY J131049-105237,3,36.0000000001,48.0000000001,0.417804781593
WALLABY J131049-105237,4,48.0000000001,60.0000000001,0.211711349974
WALLABY J131049-105237,5,60.0000000001,72.0000000001,0.013040231254
WALLABY J131049-105237,6,72.0000000001,84.0000000002,0.00761549796538
WALLABY J131049-105237,7,84.0000000002,96.0000000002,0.00133723140036
WALLABY J131049-182530,0,6.00000000001,18,2.55510020106
WALLABY J131049-182530,1,18,30.0000000001,0.955848437777
WALLABY J131049-182530,2,30.0000000001,42.0000000001,0.40692924704
WALLABY J131049-182530,3,42.0000000001,54.0000000001,0.041519526427
WALLABY J131049-182530,4,54.0000000001,66.0000000001,0.0111513906938
WALLABY J131049-182903,0,4.4408920985e-16,12,3.7858417011
WALLABY J131049-182903,1,12,24,2.31008066353
WALLABY J131049-182903,2,24,36.0000000001,1.67471080818
WALLABY J131049-182903,3,36.0000000001,48.0000000001,0.39289268332
WALLABY J131049-182903,4,48.0000000001,60.0000000001,0.232111461715
WALLABY J131049-182903,5,60.0000000001,72.0000000001,0.000284839267851
WALLABY J131051-190753,0,4.4408920985e-16,12,2.25621634845
WALLABY J131051-190753,1,12,24,2.07522385215
WALLABY J131051-190753,2,24,36.0000000001,0.305256889125
WALLABY J131051-190753,3,36.0000000001,48.0000000001,0.0814929772218
WALLABY J131051-190753,4,48.0000000001,60.0000000001,0.00530545905986
WALLABY J131104-185724,0,6.00000000001,18,2.42502496629
WALLABY J131104-185724,1,18,30.0000000001,0.847352907713
WALLABY J131104-185724,2,30.0000000001,42.0000000001,0.472643094568
WALLABY J131104-185724,3,42.0000000001,54.0000000001,0.00632529111846
WALLABY J131113+065134,0,4.4408920985e-16,12,1.52128304911
WALLABY J131113+065134,1,12,24,2.5586288137
WALLABY J131113+065134,2,24,36.0000000001,1.32795154591
WALLABY J131113+065134,3,36.0000000001,48.0000000001,0.850654778475
WALLABY J131113+065134,4,48.0000000001,60.0000000001,0.297606550501
WALLABY J131113+065134,5,60.0000000001,72.0000000001,0.0651730356799
WALLABY J131113+065134,6,72.0000000001,84.0000000002,0.00441035338565
WALLABY J131113+065134,7,84.0000000002,96.0000000002,0.00206778170756
WALLABY J131124-104927,0,6.00000000001,18,4.09685581241
WALLABY J131124-104927,1,18,30.0000000001,1.42040860531
WALLABY J131124-104927,2,30.0000000001,42.0000000001,0.62572884208
WALLABY J131124-104927,3,42.0000000001,54.0000000001,0.00121415940296
WALLABY J131132-144033,0,6.00000000001,18,5.60253898387
WALLABY J131132-144033,1,18,30.0000000001,5.20565531405
WALLABY J131132-144033,2,30.0000000001,42.0000000001,1.45250860247
WALLABY J131132-144033,3,42.0000000001,54.0000000001,0.920336698591
WALLABY J131132-144033,4,54.0000000001,66.0000000001,0.264883774011
WALLABY J131132-144033,5,66.0000000001,78.0000000002,0.230401562632
WALLABY J131132-144033,6,78.0000000002,90.0000000002,0.00813881047312
WALLABY J131142-103858,0,4.4408920985e-16,12,3.12540752521
WALLABY J131142-103858,1,12,24,2.90075486686
WALLABY J131142-103858,2,24,36.0000000001,2.05181514923
WALLABY J131142-103858,3,36.0000000001,48.0000000001,0.334380753402
WALLABY J131142-103858,4,48.0000000001,60.0000000001,0.11736073152
WALLABY J131142-103858,5,60.0000000001,72.0000000001,0.00456982282949
WALLABY J131145+075645,0,6.00000000001,18,2.61738097537
WALLABY J131145+075645,1,18,30.0000000001,1.97125301438
WALLABY J131145+075645,2,30.0000000001,42.0000000001,1.71132287504
WALLABY J131145+075645,3,42.0000000001,54.0000000001,0.649652725317
WALLABY J131145+075645,4,54.0000000001,66.0000000001,0.199018663642
WALLABY J131145+075645,5,66.0000000001,78.0000000002,0.00815645187907
WALLABY J131145-191544,0,6.00000000001,18,0.880655511833
WALLABY J131145-191544,1,18,30.0000000001,1.14866597593
WALLABY J131145-191544,2,30.0000000001,42.0000000001,1.54177476612
WALLABY J131145-191544,3,42.0000000001,54.0000000001,1.32142302002
WALLABY J131145-191544,4,54.0000000001,66.0000000001,0.459504314544
WALLABY J131145-191544,5,66.0000000001,78.0000000002,0.265183799016
WALLABY J131145-191544,6,78.0000000002,90.0000000002,0.00769910142858
WALLABY J131150-141025,0,4.4408920985e-16,12,1.46232759773
WALLABY J131150-141025,1,12,24,1.73078246326
WALLABY J131150-141025,2,24,36.0000000001,0.481083299345
WALLABY J131150-141025,3,36.0000000001,48.0000000001,0.398946015959
WALLABY J131150-141025,4,48.0000000001,60.0000000001,0.0521630441096
WALLABY J131150-141025,5,60.0000000001,72.0000000001,0.0223444219272
WALLABY J131150-141025,6,72.0000000001,84.0000000002,0.00559173349038
WALLABY J131208+025916,0,6.00000000001,18,7.55815043827
WALLABY J131208+025916,1,18,30.0000000001,3.68910469858
WALLABY J131208+025916,2,30.0000000001,42.0000000001,3.17343561291
WALLABY J131208+025916,3,42.0000000001,54.0000000001,1.40308371267
WALLABY J131208+025916,4,54.0000000001,66.0000000001,0.917454751399
WALLABY J131208+025916,5,66.0000000001,78.0000000002,0.198239898969
WALLABY J131208+025916,6,78.0000000002,90.0000000002,0.111812276305
WALLABY J131208+025916,7,90.0000000002,102,0.0147398169426
WALLABY J131208+025916,8,102,114,0.0088290658806
WALLABY J131222-143329,0,4.4408920985e-16,12,2.7840640642
WALLABY J131222-143329,1,12,24,2.71548729297
WALLABY J131222-143329,2,24,36.0000000001,0.218004238369
WALLABY J131222-143329,3,36.0000000001,48.0000000001,0.0476219681524
WALLABY J131222-143329,4,48.0000000001,60.0000000001,0.010058954579
WALLABY J131248-173738,0,4.4408920985e-16,12,5.34485631344
WALLABY J131248-173738,1,12,24,4.45953909308
WALLABY J131248-173738,2,24,36.0000000001,1.70072852424
WALLABY J131248-173738,3,36.0000000001,48.0000000001,0.922033479346
WALLABY J131248-173738,4,48.0000000001,60.0000000001,0.113353146811
WALLABY J131248-173738,5,60.0000000001,72.0000000001,0.0607655701707
WALLABY J131251-183142,0,4.4408920985e-16,12,4.63089656898
WALLABY J131251-183142,1,12,24,3.59686924401
WALLABY J131251-183142,2,24,36.0000000001,0.562307997911
WALLABY J131251-183142,3,36.0000000001,48.0000000001,0.221349240425
WALLABY J131251-183142,4,48.0000000001,60.0000000001,0.00308949174767
WALLABY J131253-105339,0,4.4408920985e-16,12,5.63100356032
WALLABY J131253-105339,1,12,24,4.68409109193
WALLABY J131253-105339,2,24,36.0000000001,3.14139008756
WALLABY J131253-105339,3,36.0000000001,48.0000000001,1.73524906363
WALLABY J131253-105339,4,48.0000000001,60.0000000001,0.258100099642
WALLABY J131253-105339,5,60.0000000001,72.0000000001,0.0621179185297
WALLABY J131253-105339,6,72.0000000001,84.0000000002,0.0286443502263
WALLABY J131253-105339,7,84.0000000002,96.0000000002,0.0217564242526
WALLABY J131321-185558,0,6.00000000001,18,6.75400328699
WALLABY J131321-185558,1,18,30.0000000001,6.22465007297
WALLABY J131321-185558,2,30.0000000001,42.0000000001,3.30064912078
WALLABY J131321-185558,3,42.0000000001,54.0000000001,2.50125245106
WALLABY J131321-185558,4,54.0000000001,66.0000000001,0.572435583192
WALLABY J131321-185558,5,66.0000000001,78.0000000002,0.321957423269
WALLABY J131321-185558,6,78.0000000002,90.0000000002,0.0180601560882
WALLABY J131321-185558,7,90.0000000002,102,0.00611363294832
WALLABY J131327-204640,0,6.00000000001,18,4.47605613457
WALLABY J131327-204640,1,18,30.0000000001,4.15438517485
WALLABY J131327-204640,2,30.0000000001,42.0000000001,0.970853627997
WALLABY J131327-204640,3,42.0000000001,54.0000000001,0.443129168361
WALLABY J131327-204640,4,54.0000000001,66.0000000001,0.00158296596617
WALLABY J131344-175928,0,4.4408920985e-16,12,4.36947038276
WALLABY J131344-175928,1,12,24,3.96140820038
WALLABY J131344-175928,2,24,36.0000000001,1.97783661998
WALLABY J131344-175928,3,36.0000000001,48.0000000001,1.26400164981
WALLABY J131344-175928,4,48.0000000001,60.0000000001,0.0502021609482
WALLABY J131344-175928,5,60.0000000001,72.0000000001,0.0421368997559
WALLABY J131344-175928,6,72.0000000001,84.0000000002,0.00103058181091
WALLABY J131431-105651,0,6.00000000001,18,4.53200256873
WALLABY J131431-105651,1,18,30.0000000001,3.12947962266
WALLABY J131431-105651,2,30.0000000001,42.0000000001,2.63918020642
WALLABY J131431-105651,3,42.0000000001,54.0000000001,0.434026151616
WALLABY J131431-105651,4,54.0000000001,66.0000000001,0.118518094856
WALLABY J131431-105651,5,66.0000000001,78.0000000002,0.00875606782377
WALLABY J131441-184647,0,6.00000000001,18,3.91519149671
WALLABY J131441-184647,1,18,30.0000000001,3.84237378072
WALLABY J131441-184647,2,30.0000000001,42.0000000001,1.04063383259
WALLABY J131441-184647,3,42.0000000001,54.0000000001,0.490233004363
WALLABY J131441-184647,4,54.0000000001,66.0000000001,0.041021851114
WALLABY J131441-184647,5,66.0000000001,78.0000000002,0.0209943544299
WALLABY J131441-184647,6,78.0000000002,90.0000000002,0.0014386719717
WALLABY J131451-143740,0,6.00000000001,18,2.47028813338
WALLABY J131451-143740,1,18,30.0000000001,1.83663617785
WALLABY J131451-143740,2,30.0000000001,42.0000000001,0.302900742624
WALLABY J131451-143740,3,42.0000000001,54.0000000001,0.0700021853676
WALLABY J131451-143740,4,54.0000000001,66.0000000001,0.0159349350993
WALLABY J131451-143740,5,66.0000000001,78.0000000002,0.00545373466341
WALLABY J131516-145919,0,6.00000000001,18,2.39073954833
WALLABY J131516-145919,1,18,30.0000000001,0.949883796828
WALLABY J131516-145919,2,30.0000000001,42.0000000001,0.502941782509
WALLABY J131516-145919,3,42.0000000001,54.0000000001,0.0440752501587
WALLABY J131516-145919,4,54.0000000001,66.0000000001,0.0309626121447
WALLABY J131600-185222,0,6.00000000001,18,1.53005627441
WALLABY J131600-185222,1,18,30.0000000001,1.00626411612
WALLABY J131600-185222,2,30.0000000001,42.0000000001,0.714375803721
WALLABY J131600-185222,3,42.0000000001,54.0000000001,0.0125493364531
WALLABY J131618-190711,0,4.4408920985e-16,12,3.1573719756
WALLABY J131618-190711,1,12,24,1.36328640254
WALLABY J131618-190711,2,24,36.0000000001,0.870361007497
WALLABY J131618-190711,3,36.0000000001,48.0000000001,0.0790391145002
WALLABY J131618-190711,4,48.0000000001,60.0000000001,0.0259897488785
WALLABY J131618-204147,0,4.4408920985e-16,12,6.01132522481
WALLABY J131618-204147,1,12,24,7.070943755
WALLABY J131618-204147,2,24,36.0000000001,3.52170514549
WALLABY J131618-204147,3,36.0000000001,48.0000000001,2.67569688736
WALLABY J131618-204147,4,48.0000000001,60.0000000001,1.02239388985
WALLABY J131618-204147,5,60.0000000001,72.0000000001,0.592651643125
WALLABY J131618-204147,6,72.0000000001,84.0000000002,0.088529203356
WALLABY J131618-204147,7,84.0000000002,96.0000000002,0.108423076847
WALLABY J131618-204147,8,96.0000000002,108,0.0237317100675
WALLABY J131618-204147,9,108,120,0.021719550189
WALLABY J131618-204147,10,120,132,0.00153180729971
WALLABY J131624-192614,0,4.4408920985e-16,12,3.30360551423
WALLABY J131624-192614,1,12,24,3.82883674917
WALLABY J131624-192614,2,24,36.0000000001,1.46732880708
WALLABY J131624-192614,3,36.0000000001,48.0000000001,0.94475404609
WALLABY J131624-192614,4,48.0000000001,60.0000000001,0.0776622088388
WALLABY J131624-192614,5,60.0000000001,72.0000000001,0.0678776945836
WALLABY J131624-192614,6,72.0000000001,84.0000000002,0.000452072192475
WALLABY J131650-184634,0,6.00000000001,18,0.734650070451
WALLABY J131650-184634,1,18,30.0000000001,1.15211811951
WALLABY J131650-184634,2,30.0000000001,42.0000000001,0.256711243791
WALLABY J131650-184634,3,42.0000000001,54.0000000001,0.0509382834884
WALLABY J131650-184634,4,54.0000000001,66.0000000001,0.00482160554555
WALLABY J131650-184634,5,66.0000000001,78.0000000002,0
WALLABY J131650-214015,0,4.4408920985e-16,12,6.46887342655
WALLABY J131650-214015,1,12,24,6.13173109271
WALLABY J131650-214015,2,24,36.0000000001,2.51277693745
WALLABY J131650-214015,3,36.0000000001,48.0000000001,1.72572970534
WALLABY J131650-214015,4,48.0000000001,60.0000000001,0.173080461848
WALLABY J131650-214015,5,60.0000000001,72.0000000001,0.0799382631421
WALLABY J131738-201111,0,4.4408920985e-16,12,4.51536951909
WALLABY J131738-201111,1,12,24,3.78738694104
WALLABY J131738-201111,2,24,36.0000000001,1.51938403602
WALLABY J131738-201111,3,36.0000000001,48.0000000001,1.1533083162
WALLABY J131738-201111,4,48.0000000001,60.0000000001,0.144043090213
WALLABY J131738-201111,5,60.0000000001,72.0000000001,0.0282015455549
WALLABY J131739-213708,0,6.00000000001,18,3.93993582072
WALLABY J131739-213708,1,18,30.0000000001,3.74586054247
WALLABY J131739-213708,2,30.0000000001,42.0000000001,2.97223808245
WALLABY J131739-213708,3,42.0000000001,54.0000000001,1.69210680365
WALLABY J131739-213708,4,54.0000000001,66.0000000001,1.50563113126
WALLABY J131739-213708,5,66.0000000001,78.0000000002,0.641141930904
WALLABY J131739-213708,6,78.0000000002,90.0000000002,0.579785139302
WALLABY J131739-213708,7,90.0000000002,102,0.091497254128
WALLABY J131739-213708,8,102,114,0.00496605275249
WALLABY J131744-185121,0,4.4408920985e-16,12,5.59772155799
WALLABY J131744-185121,1,12,24,1.61309451245
WALLABY J131744-185121,2,24,36.0000000001,1.2066511371
WALLABY J131744-185121,3,36.0000000001,48.0000000001,0.168863331595
WALLABY J131744-185121,4,48.0000000001,60.0000000001,0.0250774863722
WALLABY J131745-185133,0,6.00000000001,18,0.638923767401
WALLABY J131745-185133,1,18,30.0000000001,0.598816142786
WALLABY J131745-185133,2,30.0000000001,42.0000000001,0.450585850546
WALLABY J131745-185133,3,42.0000000001,54.0000000001,0.689898427969
WALLABY J131745-185133,4,54.0000000001,66.0000000001,0.488503178879
WALLABY J131745-185133,5,66.0000000001,78.0000000002,0.473161583976
WALLABY J131745-185133,6,78.0000000002,90.0000000002,0.165044106844
WALLABY J131745-185133,7,90.0000000002,102,0.0970976070077
WALLABY J131745-185133,8,102,114,0.0142324522729
WALLABY J131745-185133,9,114,126,0.00722979416013
WALLABY J131745-185133,10,126,138,0.00175325253445
WALLABY J131745-185133,11,138,150,0.00146326407869
WALLABY J131753-193408,0,4.4408920985e-16,12,4.60198335497
WALLABY J131753-193408,1,12,24,2.24252549343
WALLABY J131753-193408,2,24,36.0000000001,1.40519844839
WALLABY J131753-193408,3,36.0000000001,48.0000000001,0.204570934127
WALLABY J131753-193408,4,48.0000000001,60.0000000001,0.0428038637545
WALLABY J131805-191823,0,6.00000000001,18,4.93243518914
WALLABY J131805-191823,1,18,30.0000000001,1.54968646182
WALLABY J131805-191823,2,30.0000000001,42.0000000001,0.744822651737
WALLABY J131805-191823,3,42.0000000001,54.0000000001,0.0898871878382
WALLABY J131805-191823,4,54.0000000001,66.0000000001,0.019251881909
WALLABY J131844-113805,0,4.4408920985e-16,12,0.974848506845
WALLABY J131844-113805,1,12,24,0.690386988902
WALLABY J131844-113805,2,24,36.0000000001,0.880317156147
WALLABY J131844-113805,3,36.0000000001,48.0000000001,0.662022234802
WALLABY J131844-113805,4,48.0000000001,60.0000000001,0.226279802363
WALLABY J131844-113805,5,60.0000000001,72.0000000001,0.0635040570869
WALLABY J131844-113805,6,72.0000000001,84.0000000002,0.000772034018774
WALLABY J131844-113805,7,84.0000000002,96.0000000002,0.0010528571799
WALLABY J131844-113805,8,96.0000000002,108,0.0049175964377
WALLABY J131844-113805,9,108,120,0.00319747214236
WALLABY J131915-155513,0,6.00000000001,18,2.30075999922
WALLABY J131915-155513,1,18,30.0000000001,1.6164482527
WALLABY J131915-155513,2,30.0000000001,42.0000000001,1.65051670346
WALLABY J131915-155513,3,42.0000000001,54.0000000001,0.270187622979
WALLABY J131915-155513,4,54.0000000001,66.0000000001,0.0801205367728
WALLABY J131915-155513,5,66.0000000001,78.0000000002,0.00541271168864
WALLABY J132121-151214,0,6.00000000001,18,5.04395112008
WALLABY J132121-151214,1,18,30.0000000001,1.25860942366
WALLABY J132121-151214,2,30.0000000001,42.0000000001,0.528617128605
WALLABY J132121-151214,3,42.0000000001,54.0000000001,0.0444878774125
WALLABY J132121-151214,4,54.0000000001,66.0000000001,0.016145149648
WALLABY J132124-160619,0,4.4408920985e-16,12,3.12087679116
WALLABY J132124-160619,1,12,24,2.01633955509
WALLABY J132124-160619,2,24,36.0000000001,0.31420818927
WALLABY J132124-160619,3,36.0000000001,48.0000000001,0.17890764986
WALLABY J132124-160619,4,48.0000000001,60.0000000001,0.00161595969605
WALLABY J132132-152931,0,6.00000000001,18,7.88843572157
WALLABY J132132-152931,1,18,30.0000000001,3.67761254135
WALLABY J132132-152931,2,30.0000000001,42.0000000001,2.00837281788
WALLABY J132132-152931,3,42.0000000001,54.0000000001,0.0593832837231
WALLABY J132132-152931,4,54.0000000001,66.0000000001,0.05517908363
WALLABY J132132-152931,5,66.0000000001,78.0000000002,0.00180764735858
WALLABY J132136-203629,0,4.4408920985e-16,12,2.93727992643
WALLABY J132136-203629,1,12,24,2.2977471057
WALLABY J132136-203629,2,24,36.0000000001,1.91747166302
WALLABY J132136-203629,3,36.0000000001,48.0000000001,0.316207178166
WALLABY J132136-203629,4,48.0000000001,60.0000000001,0.0922247099997
WALLABY J132136-203629,5,60.0000000001,72.0000000001,0.00709366421397
WALLABY J132136-203629,6,72.0000000001,84.0000000002,0.011327451025
WALLABY J132136-203629,7,84.0000000002,96.0000000002,0.00664662389653
WALLABY J132145-154135,0,6.00000000001,18,6.61058323623
WALLABY J132145-154135,1,18,30.0000000001,3.02063008845
WALLABY J132145-154135,2,30.0000000001,42.0000000001,1.6140455654
WALLABY J132145-154135,3,42.0000000001,54.0000000001,0.0165276384268
WALLABY J132145-154135,4,54.0000000001,66.0000000001,0.0328455397912
WALLABY J132157-165559,0,4.4408920985e-16,12,2.28975990265
WALLABY J132157-165559,1,12,24,1.70824666115
WALLABY J132157-165559,2,24,36.0000000001,0.0872435085268
WALLABY J132157-165559,3,36.0000000001,48.0000000001,0.0103469743214
WALLABY J132208-164023,0,6.00000000001,18,1.33126791677
WALLABY J132208-164023,1,18,30.0000000001,1.04870723159
WALLABY J132208-164023,2,30.0000000001,42.0000000001,0.568390243911
WALLABY J132208-164023,3,42.0000000001,54.0000000001,0.222603664386
WALLABY J132208-164023,4,54.0000000001,66.0000000001,0.036886663405
WALLABY J132208-164023,5,66.0000000001,78.0000000002,0.0429560216697
WALLABY J132208-164023,6,78.0000000002,90.0000000002,0.0138939224644
WALLABY J132208-164023,7,90.0000000002,102,0.0060835342034
WALLABY J132211-160558,0,6.00000000001,18,0.394865311233
WALLABY J132211-160558,1,18,30.0000000001,0.983196869726
WALLABY J132211-160558,2,30.0000000001,42.0000000001,1.18546027152
WALLABY J132211-160558,3,42.0000000001,54.0000000001,0.77646377512
WALLABY J132211-160558,4,54.0000000001,66.0000000001,0.552238411053
WALLABY J132211-160558,5,66.0000000001,78.0000000002,0.0353884919006
WALLABY J132211-160558,6,78.0000000002,90.0000000002,0.0197411522101
WALLABY J132211-160558,7,90.0000000002,102,0.0213686545559
WALLABY J132211-160558,8,102,114,0.0150069044594
WALLABY J132219-164225,0,4.4408920985e-16,12,4.89568360091
WALLABY J132219-164225,1,12,24,6.66913279588
WALLABY J132219-164225,2,24,36.0000000001,4.50263502863
WALLABY J132219-164225,3,36.0000000001,48.0000000001,3.14208639758
WALLABY J132219-164225,4,48.0000000001,60.0000000001,1.11432525159
WALLABY J132219-164225,5,60.0000000001,72.0000000001,0.714348595738
WALLABY J132219-164225,6,72.0000000001,84.0000000002,0.0365783868937
WALLABY J132219-164225,7,84.0000000002,96.0000000002,0.0230521150121
WALLABY J132219-164225,8,96.0000000002,108,0.0480162709199
WALLABY J132219-164225,9,108,120,0.0257847046658
WALLABY J132219-164225,10,120,132,0.0012371040569
WALLABY J132229-214334,0,6.00000000001,18,3.96926779566
WALLABY J132229-214334,1,18,30.0000000001,1.05643110566
WALLABY J132229-214334,2,30.0000000001,42.0000000001,0.379779373889
WALLABY J132229-214334,3,42.0000000001,54.0000000001,0.00821891120271
WALLABY J132259-204701,0,4.4408920985e-16,12,4.65203150809
WALLABY J132259-204701,1,12,24,3.59959421794
WALLABY J132259-204701,2,24,36.0000000001,1.9938735986
WALLABY J132259-204701,3,36.0000000001,48.0000000001,0.354322985729
WALLABY J132259-204701,4,48.0000000001,60.0000000001,0.213665229557
WALLABY J132259-204701,5,60.0000000001,72.0000000001,0.013633709884
WALLABY J132313-152804,0,4.4408920985e-16,12,5.18304267098
WALLABY J132313-152804,1,12,24,1.61530234367
WALLABY J132313-152804,2,24,36.0000000001,1.41283407922
WALLABY J132313-152804,3,36.0000000001,48.0000000001,0.483210304728
WALLABY J132313-152804,4,48.0000000001,60.0000000001,0.162545415912
WALLABY J132313-152804,5,60.0000000001,72.0000000001,0.02183784098
WALLABY J132313-152804,6,72.0000000001,84.0000000002,0.0105020172699
WALLABY J132329-163056,0,6.00000000001,18,4.56544416801
WALLABY J132329-163056,1,18,30.0000000001,2.77438854043
WALLABY J132329-163056,2,30.0000000001,42.0000000001,1.40222513091
WALLABY J132329-163056,3,42.0000000001,54.0000000001,0.13496577886
WALLABY J132329-163056,4,54.0000000001,66.0000000001,0.024179439661
WALLABY J132329-163056,5,66.0000000001,78.0000000002,0.00243810972586
WALLABY J132329-232337,0,6.00000000001,18,3.56809847795
WALLABY J132329-232337,1,18,30.0000000001,2.24574868531
WALLABY J132329-232337,2,30.0000000001,42.0000000001,0.666209647912
WALLABY J132329-232337,3,42.0000000001,54.0000000001,0.441613055879
WALLABY J132329-232337,4,54.0000000001,66.0000000001,0.0275558785675
WALLABY J132329-232337,5,66.0000000001,78.0000000002,0.029122750392
WALLABY J132331-235339,0,6.00000000001,18,7.63130273023
WALLABY J132331-235339,1,18,30.0000000001,5.59182502207
WALLABY J132331-235339,2,30.0000000001,42.0000000001,1.71242249552
WALLABY J132331-235339,3,42.0000000001,54.0000000001,0.710090120334
WALLABY J132331-235339,4,54.0000000001,66.0000000001,0.0150626253378
WALLABY J132331-235339,5,66.0000000001,78.0000000002,0.0718908880723
WALLABY J132331-235339,6,78.0000000002,90.0000000002,0.00423829953043
WALLABY J132358-151422,0,4.4408920985e-16,12,1.99306574837
WALLABY J132358-151422,1,12,24,1.89725144637
WALLABY J132358-151422,2,24,36.0000000001,1.19115726199
WALLABY J132358-151422,3,36.0000000001,48.0000000001,1.16018120147
WALLABY J132358-151422,4,48.0000000001,60.0000000001,0.293849709268
WALLABY J132358-151422,5,60.0000000001,72.0000000001,0.0943698947517
WALLABY J132358-151422,6,72.0000000001,84.0000000002,0.00110012551958
WALLABY J132359-235510,0,4.4408920985e-16,12,0.713415559512
WALLABY J132359-235510,1,12,24,1.11218461914
WALLABY J132359-235510,2,24,36.0000000001,0.878068398529
WALLABY J132359-235510,3,36.0000000001,48.0000000001,0.351231899494
WALLABY J132359-235510,4,48.0000000001,60.0000000001,0.0835831860675
WALLABY J132415-164212,0,6.00000000001,18,7.25235857467
WALLABY J132415-164212,1,18,30.0000000001,4.20916525784
WALLABY J132415-164212,2,30.0000000001,42.0000000001,3.18073952096
WALLABY J132415-164212,3,42.0000000001,54.0000000001,1.38437946271
WALLABY J132415-164212,4,54.0000000001,66.0000000001,1.0081411776
WALLABY J132415-164212,5,66.0000000001,78.0000000002,0.273231619559
WALLABY J132415-164212,6,78.0000000002,90.0000000002,0.17663718049
WALLABY J132415-164212,7,90.0000000002,102,0.011024287726
WALLABY J132415-232043,0,4.4408920985e-16,12,4.79945445119
WALLABY J132415-232043,1,12,24,3.18252895059
WALLABY J132415-232043,2,24,36.0000000001,3.26314731368
WALLABY J132415-232043,3,36.0000000001,48.0000000001,1.99666576193
WALLABY J132415-232043,4,48.0000000001,60.0000000001,1.01159338788
WALLABY J132415-232043,5,60.0000000001,72.0000000001,0.635651435648
WALLABY J132415-232043,6,72.0000000001,84.0000000002,0.148680377698
WALLABY J132415-232043,7,84.0000000002,96.0000000002,0.0961664661335
WALLABY J132415-232043,8,96.0000000002,108,0.0133605295977
WALLABY J132415-232043,9,108,120,0.0276695787077
WALLABY J132415-232043,10,120,132,0.00472982688137
WALLABY J132415-232043,11,132,144,0.00408368544063
WALLABY J132415-232043,12,144,156,0.0011633317563
WALLABY J132415-232043,13,156,168,0
WALLABY J132422-162744,0,4.4408920985e-16,12,0.981760042764
WALLABY J132422-162744,1,12,24,0.854461141405
WALLABY J132422-162744,2,24,36.0000000001,0.629536744675
WALLABY J132422-162744,3,36.0000000001,48.0000000001,0.0113782761611
WALLABY J132531-212650,0,4.4408920985e-16,12,3.319419621
WALLABY J132531-212650,1,12,24,2.94940443365
WALLABY J132531-212650,2,24,36.0000000001,2.27531063571
WALLABY J132531-212650,3,36.0000000001,48.0000000001,0.000211315181627
WALLABY J132531-212650,4,48.0000000001,60.0000000001,0.00746668328767
WALLABY J132531-220703,0,6.00000000001,18,3.18198757106
WALLABY J132531-220703,1,18,30.0000000001,2.45587202189
WALLABY J132531-220703,2,30.0000000001,42.0000000001,0.345491361023
WALLABY J132531-220703,3,42.0000000001,54.0000000001,0.21944627927
WALLABY J132531-220703,4,54.0000000001,66.0000000001,0.00762091266683
WALLABY J132532-161724,0,4.4408920985e-16,12,0.454408640153
WALLABY J132532-161724,1,12,24,0.419285913746
WALLABY J132532-161724,2,24,36.0000000001,0.583288055731
WALLABY J132532-161724,3,36.0000000001,48.0000000001,0.303937863646
WALLABY J132532-161724,4,48.0000000001,60.0000000001,0.181263134793
WALLABY J132532-161724,5,60.0000000001,72.0000000001,0.0133458853384
WALLABY J132532-161724,6,72.0000000001,84.0000000002,0.00923395198938
WALLABY J132536-213356,0,6.00000000001,18,3.8984449666
WALLABY J132536-213356,1,18,30.0000000001,2.11664574419
WALLABY J132536-213356,2,30.0000000001,42.0000000001,0.986263079597
WALLABY J132536-213356,3,42.0000000001,54.0000000001,0.64050091553
WALLABY J132536-213356,4,54.0000000001,66.0000000001,0.173780980807
WALLABY J132536-213356,5,66.0000000001,78.0000000002,0.134910336449
WALLABY J132536-213356,6,78.0000000002,90.0000000002,0.0615045988341
WALLABY J132536-213356,7,90.0000000002,102,0.0238396474396
WALLABY J132536-213356,8,102,114,0.0204634781781
WALLABY J132536-213356,9,114,126,0.00437842996899
WALLABY J132538-163436,0,4.4408920985e-16,12,3.21110458779
WALLABY J132538-163436,1,12,24,1.57100863297
WALLABY J132538-163436,2,24,36.0000000001,0.904380773847
WALLABY J132538-163436,3,36.0000000001,48.0000000001,0.0392561709222
WALLABY J132538-163436,4,48.0000000001,60.0000000001,0.0164169444816
WALLABY J132542-164457,0,4.4408920985e-16,12,4.38931645982
WALLABY J132542-164457,1,12,24,3.27404188691
WALLABY J132542-164457,2,24,36.0000000001,2.28954329517
WALLABY J132542-164457,3,36.0000000001,48.0000000001,1.42863792029
WALLABY J132542-164457,4,48.0000000001,60.0000000001,0.828309634474
WALLABY J132542-164457,5,60.0000000001,72.0000000001,0.597967252677
WALLABY J132542-164457,6,72.0000000001,84.0000000002,0.176714053417
WALLABY J132542-164457,7,84.0000000002,96.0000000002,0.0547301326448
WALLABY J132542-164457,8,96.0000000002,108,0.0250178537872
WALLABY J132542-164457,9,108,120,0.014931226418
WALLABY J132542-164457,10,120,132,0.0063930599283
WALLABY J132542-164457,11,132,144,0.00800098649949
WALLABY J132542-164457,12,144,156,0.00140770731176
WALLABY J132542-164457,13,156,168,0.00131223868712
WALLABY J132551-162706,0,4.4408920985e-16,12,3.23379034145
WALLABY J132551-162706,1,12,24,2.52195943915
WALLABY J132551-162706,2,24,36.0000000001,0.501609899326
WALLABY J132551-162706,3,36.0000000001,48.0000000001,0.154898829615
WALLABY J132551-162706,4,48.0000000001,60.0000000001,0.00546543371337
WALLABY J132552-241252,0,4.4408920985e-16,12,2.29077561875
WALLABY J132552-241252,1,12,24,1.51158669985
WALLABY J132552-241252,2,24,36.0000000001,1.42077664572
WALLABY J132552-241252,3,36.0000000001,48.0000000001,0.718136127509
WALLABY J132552-241252,4,48.0000000001,60.0000000001,0.0300456446646
WALLABY J132552-241252,5,60.0000000001,72.0000000001,0.0183859001782
WALLABY J132558-233802,0,6.00000000001,18,3.96404946034
WALLABY J132558-233802,1,18,30.0000000001,2.48699778968
WALLABY J132558-233802,2,30.0000000001,42.0000000001,1.22294464056
WALLABY J132558-233802,3,42.0000000001,54.0000000001,0.658636890762
WALLABY J132558-233802,4,54.0000000001,66.0000000001,0.0424246866469
WALLABY J132558-233802,5,66.0000000001,78.0000000002,0.0457005356865
WALLABY J132558-233802,6,78.0000000002,90.0000000002,0.0452750824579
WALLABY J132558-233802,7,90.0000000002,102,0.0302615527448
WALLABY J132558-242128,0,4.4408920985e-16,12,0.847787845533
WALLABY J132558-242128,1,12,24,0.912176017401
WALLABY J132558-242128,2,24,36.0000000001,0.880034962915
WALLABY J132558-242128,3,36.0000000001,48.0000000001,0.821958241211
WALLABY J132558-242128,4,48.0000000001,60.0000000001,0.0546906664194
WALLABY J132558-242128,5,60.0000000001,72.0000000001,0.0252140284417
WALLABY J132607-171123,0,4.4408920985e-16,12,4.81135555045
WALLABY J132607-171123,1,12,24,1.83047829471
WALLABY J132607-171123,2,24,36.0000000001,1.30184975096
WALLABY J132607-171123,3,36.0000000001,48.0000000001,0.127202263706
WALLABY J132607-171123,4,48.0000000001,60.0000000001,0.0670302441853
WALLABY J132612-162649,0,6.00000000001,18,2.11957586354
WALLABY J132612-162649,1,18,30.0000000001,1.63165533725
WALLABY J132612-162649,2,30.0000000001,42.0000000001,0.105871758732
WALLABY J132612-162649,3,42.0000000001,54.0000000001,0.00285733871412
WALLABY J132612-162649,4,54.0000000001,66.0000000001,0.0114983035613
WALLABY J132612-162649,5,66.0000000001,78.0000000002,0.0129444040388
WALLABY J132620-223750,0,6.00000000001,18,2.84069953969
WALLABY J132620-223750,1,18,30.0000000001,2.87027568243
WALLABY J132620-223750,2,30.0000000001,42.0000000001,1.90658100539
WALLABY J132620-223750,3,42.0000000001,54.0000000001,1.15799893914
WALLABY J132620-223750,4,54.0000000001,66.0000000001,0.157518012099
WALLABY J132620-223750,5,66.0000000001,78.0000000002,0.033322069588
WALLABY J132620-223750,6,78.0000000002,90.0000000002,0.0107729083784
WALLABY J132621-155739,0,4.4408920985e-16,12,1.25444889689
WALLABY J132621-155739,1,12,24,1.30371682892
WALLABY J132621-155739,2,24,36.0000000001,0.1965463037
WALLABY J132621-155739,3,36.0000000001,48.0000000001,0.110007585648
WALLABY J132621-155739,4,48.0000000001,60.0000000001,0.0106906720081
WALLABY J132625-215123,0,4.4408920985e-16,12,4.66252736901
WALLABY J132625-215123,1,12,24,3.51760001211
WALLABY J132625-215123,2,24,36.0000000001,0.646457973028
WALLABY J132625-215123,3,36.0000000001,48.0000000001,0.171791617002
WALLABY J132634-222458,0,6.00000000001,18,3.79952724346
WALLABY J132634-222458,1,18,30.0000000001,1.47472516808
WALLABY J132634-222458,2,30.0000000001,42.0000000001,1.05539134817
WALLABY J132634-222458,3,42.0000000001,54.0000000001,0.0107364547508
WALLABY J132635-221419,0,6.00000000001,18,9.77743898495
WALLABY J132635-221419,1,18,30.0000000001,7.01251022286
WALLABY J132635-221419,2,30.0000000001,42.0000000001,5.99076605042
WALLABY J132635-221419,3,42.0000000001,54.0000000001,5.20445219589
WALLABY J132635-221419,4,54.0000000001,66.0000000001,2.90933084796
WALLABY J132635-221419,5,66.0000000001,78.0000000002,2.71930812951
WALLABY J132635-221419,6,78.0000000002,90.0000000002,1.25629717249
WALLABY J132635-221419,7,90.0000000002,102,0.939196493255
WALLABY J132635-221419,8,102,114,0.326425428186
WALLABY J132635-221419,9,114,126,0.14675564081
WALLABY J132635-221419,10,126,138,0.0230482918521
WALLABY J132635-221419,11,138,150,0.0260922498939
WALLABY J132635-221419,12,150,162,0.0247224450897
WALLABY J132635-221419,13,162,174,0.00297045700237
WALLABY J132635-221419,14,174,186,0.00485637317198
WALLABY J132648-250524,0,4.4408920985e-16,12,4.00727531095
WALLABY J132648-250524,1,12,24,3.59629257626
WALLABY J132648-250524,2,24,36.0000000001,0.29698587048
WALLABY J132648-250524,3,36.0000000001,48.0000000001,0.134064836094
WALLABY J132746-161514,0,4.4408920985e-16,12,0.0240427091171
WALLABY J132746-161514,1,12,24,0.0959307759696
WALLABY J132746-161514,2,24,36.0000000001,0.161627793102
WALLABY J132746-161514,3,36.0000000001,48.0000000001,0.47871256977
WALLABY J132746-161514,4,48.0000000001,60.0000000001,0.344012981557
WALLABY J132746-161514,5,60.0000000001,72.0000000001,0.308722786933
WALLABY J132746-161514,6,72.0000000001,84.0000000002,0.336334529053
WALLABY J132746-161514,7,84.0000000002,96.0000000002,0.125535341754
WALLABY J132746-161514,8,96.0000000002,108,0.0498270370779
WALLABY J132746-161514,9,108,120,0.0207189319493
WALLABY J132746-161514,10,120,132,0.00467234571256
WALLABY J132746-161514,11,132,144,0.00139875039513
WALLABY J132746-161514,12,144,156,0.0029850142579
WALLABY J132746-161514,13,156,168,0.00218315958538
WALLABY J132746-161514,14,168,180,0.00187814791065
WALLABY J132746-161514,15,180,192,0.00102453042096
WALLABY J132747-155109,0,6.00000000001,18,1.61502085479
WALLABY J132747-155109,1,18,30.0000000001,0.809918069364
WALLABY J132747-155109,2,30.0000000001,42.0000000001,0.483178802492
WALLABY J132747-155109,3,42.0000000001,54.0000000001,0.00371909240765
WALLABY J132749-240921,0,4.4408920985e-16,12,3.32665746903
WALLABY J132749-240921,1,12,24,2.50933164719
WALLABY J132749-240921,2,24,36.0000000001,0.743498197338
WALLABY J132749-240921,3,36.0000000001,48.0000000001,0.111476461961
WALLABY J132751-240335,0,4.4408920985e-16,12,2.9111763642
WALLABY J132751-240335,1,12,24,2.19359807723
WALLABY J132751-240335,2,24,36.0000000001,0.946490815079
WALLABY J132751-240335,3,36.0000000001,48.0000000001,0.616755571276
WALLABY J132751-240335,4,48.0000000001,60.0000000001,0.0540844153028
WALLABY J132751-240335,5,60.0000000001,72.0000000001,0.0229824051283
WALLABY J132807-162439,0,6.00000000001,18,1.55610251248
WALLABY J132807-162439,1,18,30.0000000001,1.43045802414
WALLABY J132807-162439,2,30.0000000001,42.0000000001,0.374500922826
WALLABY J132807-162439,3,42.0000000001,54.0000000001,0.117481695419
WALLABY J132811-240540,0,6.00000000001,18,6.69914688645
WALLABY J132811-240540,1,18,30.0000000001,4.95980835035
WALLABY J132811-240540,2,30.0000000001,42.0000000001,0.833773948003
WALLABY J132811-240540,3,42.0000000001,54.0000000001,0.339980865778
WALLABY J132811-240540,4,54.0000000001,66.0000000001,0.103846915621
WALLABY J132811-240540,5,66.0000000001,78.0000000002,0.0224108929956
WALLABY J132812-245827,0,6.00000000001,18,4.30027017039
WALLABY J132812-245827,1,18,30.0000000001,2.33488831744
WALLABY J132812-245827,2,30.0000000001,42.0000000001,1.38466088603
WALLABY J132812-245827,3,42.0000000001,54.0000000001,0.82189447777
WALLABY J132812-245827,4,54.0000000001,66.0000000001,0.029330395055
WALLABY J132812-245827,5,66.0000000001,78.0000000002,0.0762983562482
WALLABY J132812-245827,6,78.0000000002,90.0000000002,0.013910571478
WALLABY J132812-245827,7,90.0000000002,102,0.00947171619852
WALLABY J132812-245827,8,102,114,0.0015804358607
WALLABY J132859-234535,0,6.00000000001,18,1.62007608951
WALLABY J132859-234535,1,18,30.0000000001,0.663279307932
WALLABY J132859-234535,2,30.0000000001,42.0000000001,0.485000367962
WALLABY J132859-234535,3,42.0000000001,54.0000000001,0.0252976731313
WALLABY J132859-234535,4,54.0000000001,66.0000000001,0.0214462545632
WALLABY J132859-234535,5,66.0000000001,78.0000000002,0.0143478581711
WALLABY J132859-234535,6,78.0000000002,90.0000000002,0.00504343021724
WALLABY J132859-234535,7,90.0000000002,102,0.00229193168262
WALLABY J132911-224640,0,6.00000000001,18,7.1191344989
WALLABY J132911-224640,1,18,30.0000000001,1.96449597422
WALLABY J132911-224640,2,30.0000000001,42.0000000001,1.21370046767
WALLABY J132911-224640,3,42.0000000001,54.0000000001,0.288187224643
WALLABY J132911-224640,4,54.0000000001,66.0000000001,0.214764007121
WALLABY J132911-224640,5,66.0000000001,78.0000000002,0.0307877934853
WALLABY J132911-224640,6,78.0000000002,90.0000000002,0.00584163077923
WALLABY J132911-224640,7,90.0000000002,102,0.0122842014342
WALLABY J132919-162832,0,4.4408920985e-16,12,2.51162591468
WALLABY J132919-162832,1,12,24,2.12282323499
WALLABY J132919-162832,2,24,36.0000000001,0.861172918333
WALLABY J132919-162832,3,36.0000000001,48.0000000001,0.53701545691
WALLABY J132919-162832,4,48.0000000001,60.0000000001,0.0228054838964
WALLABY J132947-170153,0,4.4408920985e-16,12,2.49021736962
WALLABY J132947-170153,1,12,24,1.52771014234
WALLABY J132947-170153,2,24,36.0000000001,1.01686838235
WALLABY J132947-170153,3,36.0000000001,48.0000000001,0.260145854579
WALLABY J132947-170153,4,48.0000000001,60.0000000001,0.158794361369
WALLABY J132947-170153,5,60.0000000001,72.0000000001,0.0672566083803
WALLABY J132947-170153,6,72.0000000001,84.0000000002,0.0456987148676
WALLABY J132947-170153,7,84.0000000002,96.0000000002,0.0121053052163
WALLABY J132947-170153,8,96.0000000002,108,0.00814520968473
WALLABY J132947-170153,9,108,120,0.00478737303876
WALLABY J132947-170153,10,120,132,0.0022995020589
WALLABY J133019-220858,0,4.4408920985e-16,12,3.26308976248
WALLABY J133019-220858,1,12,24,5.20762339063
WALLABY J133019-220858,2,24,36.0000000001,2.61742753068
WALLABY J133019-220858,3,36.0000000001,48.0000000001,1.5416672689
WALLABY J133019-220858,4,48.0000000001,60.0000000001,0.668472913639
WALLABY J133019-220858,5,60.0000000001,72.0000000001,0.412928757895
WALLABY J133019-220858,6,72.0000000001,84.0000000002,0.227514906731
WALLABY J133019-220858,7,84.0000000002,96.0000000002,0.100441334552
WALLABY J133019-220858,8,96.0000000002,108,0.000559699093781
WALLABY J133020-221958,0,4.4408920985e-16,12,1.68632124952
WALLABY J133020-221958,1,12,24,1.73047818106
WALLABY J133020-221958,2,24,36.0000000001,1.16325076543
WALLABY J133020-221958,3,36.0000000001,48.0000000001,0.405048595639
WALLABY J133020-221958,4,48.0000000001,60.0000000001,0.424243635357
WALLABY J133020-221958,5,60.0000000001,72.0000000001,0.276015468026
WALLABY J133020-221958,6,72.0000000001,84.0000000002,0.167583823976
WALLABY J133020-221958,7,84.0000000002,96.0000000002,0.0226927380298
WALLABY J133020-221958,8,96.0000000002,108,0.00859129897921
WALLABY J133020-221958,9,108,120,0.00167201005404
WALLABY J133031-231420,0,4.4408920985e-16,12,3.4443663431
WALLABY J133031-231420,1,12,24,3.01042039336
WALLABY J133031-231420,2,24,36.0000000001,1.22566136006
WALLABY J133031-231420,3,36.0000000001,48.0000000001,0.799824431247
WALLABY J133031-231420,4,48.0000000001,60.0000000001,0.278897496991
WALLABY J133031-231420,5,60.0000000001,72.0000000001,0.252856126008
WALLABY J133031-231420,6,72.0000000001,84.0000000002,0.0562041760776
WALLABY J133031-231420,7,84.0000000002,96.0000000002,0.00639343936806
WALLABY J133031-231420,8,96.0000000002,108,0.00541786797848
WALLABY J133039-241626,0,4.4408920985e-16,12,1.63149293314
WALLABY J133039-241626,1,12,24,1.37917123026
WALLABY J133039-241626,2,24,36.0000000001,0.792713181266
WALLABY J133039-241626,3,36.0000000001,48.0000000001,0.0189432821557
WALLABY J133039-241626,4,48.0000000001,60.0000000001,0.0233013925401
WALLABY J133041-233009,0,6.00000000001,18,5.70891725216
WALLABY J133041-233009,1,18,30.0000000001,3.95612071103
WALLABY J133041-233009,2,30.0000000001,42.0000000001,2.48590567081
WALLABY J133041-233009,3,42.0000000001,54.0000000001,2.04801027839
WALLABY J133041-233009,4,54.0000000001,66.0000000001,0.698501363067
WALLABY J133041-233009,5,66.0000000001,78.0000000002,0.50217941218
WALLABY J133041-233009,6,78.0000000002,90.0000000002,0.152144313864
WALLABY J133041-233009,7,90.0000000002,102,0.0156186651659
WALLABY J133041-233009,8,102,114,0.00928689885316
WALLABY J133041-233009,9,114,126,0.010460846701
WALLABY J133041-233009,10,126,138,0.000485185818385
WALLABY J133048-251954,0,4.4408920985e-16,12,5.07307740698
WALLABY J133048-251954,1,12,24,5.47010562389
WALLABY J133048-251954,2,24,36.0000000001,3.12882262667
WALLABY J133048-251954,3,36.0000000001,48.0000000001,1.86507527344
WALLABY J133048-251954,4,48.0000000001,60.0000000001,0.109768625278
WALLABY J133048-251954,5,60.0000000001,72.0000000001,0.0708580287624
WALLABY J133059-160809,0,6.00000000001,18,1.3695541538
WALLABY J133059-160809,1,18,30.0000000001,1.57864154667
WALLABY J133059-160809,2,30.0000000001,42.0000000001,0.33851957367
WALLABY J133059-160809,3,42.0000000001,54.0000000001,0.068857411685
WALLABY J133059-160809,4,54.0000000001,66.0000000001,0.0174778533762
WALLABY J133108-164842,0,4.4408920985e-16,12,2.31522269043
WALLABY J133108-164842,1,12,24,1.30918298927
WALLABY J133108-164842,2,24,36.0000000001,0.78660717666
WALLABY J133108-164842,3,36.0000000001,48.0000000001,0.0599087573073
WALLABY J133108-164842,4,48.0000000001,60.0000000001,0.0153006180594
WALLABY J133113-220341,0,4.4408920985e-16,12,6.60619204926
WALLABY J133113-220341,1,12,24,3.12138699382
WALLABY J133113-220341,2,24,36.0000000001,3.5386669822
WALLABY J133113-220341,3,36.0000000001,48.0000000001,0.448520414567
WALLABY J133113-220341,4,48.0000000001,60.0000000001,0.230598560128
WALLABY J133113-220341,5,60.0000000001,72.0000000001,0.0138969173892
WALLABY J133113-220341,6,72.0000000001,84.0000000002,0.0798913573836
WALLABY J133113-220341,7,84.0000000002,96.0000000002,0.00462257503348
WALLABY J133115-250859,0,4.4408920985e-16,12,2.33322765271
WALLABY J133115-250859,1,12,24,3.88617105704
WALLABY J133115-250859,2,24,36.0000000001,3.87177015839
WALLABY J133115-250859,3,36.0000000001,48.0000000001,2.80712477527
WALLABY J133115-250859,4,48.0000000001,60.0000000001,2.51895270577
WALLABY J133115-250859,5,60.0000000001,72.0000000001,1.39207675715
WALLABY J133115-250859,6,72.0000000001,84.0000000002,1.03683661226
WALLABY J133115-250859,7,84.0000000002,96.0000000002,0.427044466216
WALLABY J133115-250859,8,96.0000000002,108,0.219799815964
WALLABY J133115-250859,9,108,120,0.0113269520807
WALLABY J133134-240142,0,4.4408920985e-16,12,3.4775930741
WALLABY J133134-240142,1,12,24,2.68077224444
WALLABY J133134-240142,2,24,36.0000000001,0.674153306833
WALLABY J133134-240142,3,36.0000000001,48.0000000001,0.422464979243
WALLABY J133134-240142,4,48.0000000001,60.0000000001,0.096165459669
WALLABY J133134-240142,5,60.0000000001,72.0000000001,0.0389747229277
WALLABY J133138-232047,0,6.00000000001,18,10.0275373441
WALLABY J133138-232047,1,18,30.0000000001,7.20999774012
WALLABY J133138-232047,2,30.0000000001,42.0000000001,3.5645456208
WALLABY J133138-232047,3,42.0000000001,54.0000000001,2.24472485305
WALLABY J133138-232047,4,54.0000000001,66.0000000001,0.226244994584
WALLABY J133138-232047,5,66.0000000001,78.0000000002,0.0244170669873
WALLABY J133138-232047,6,78.0000000002,90.0000000002,0.0361980884943
WALLABY J133138-232047,7,90.0000000002,102,0.011454393248
WALLABY J133141-173508,0,4.4408920985e-16,12,3.7440284031
WALLABY J133141-173508,1,12,24,1.93099552058
WALLABY J133141-173508,2,24,36.0000000001,0.487991331966
WALLABY J133141-173508,3,36.0000000001,48.0000000001,0.111122854198
WALLABY J133141-231608,0,4.4408920985e-16,12,1.77925720232
WALLABY J133141-231608,1,12,24,1.8196004604
WALLABY J133141-231608,2,24,36.0000000001,0.531523661406
WALLABY J133141-231608,3,36.0000000001,48.0000000001,0.257351543802
WALLABY J133141-231608,4,48.0000000001,60.0000000001,0.00247368385237
WALLABY J133151-173014,0,6.00000000001,18,1.00050384567
WALLABY J133151-173014,1,18,30.0000000001,0.725863676851
WALLABY J133151-173014,2,30.0000000001,42.0000000001,0.60595762401
WALLABY J133151-173014,3,42.0000000001,54.0000000001,0.60590372684
WALLABY J133151-173014,4,54.0000000001,66.0000000001,0.0974576189569
WALLABY J133151-173014,5,66.0000000001,78.0000000002,0.0935756848775
WALLABY J133151-173014,6,78.0000000002,90.0000000002,0.00277337565307
WALLABY J133151-173014,7,90.0000000002,102,0.000374895327444
WALLABY J133152-235603,0,4.4408920985e-16,12,1.1647759359
WALLABY J133152-235603,1,12,24,1.56017954245
WALLABY J133152-235603,2,24,36.0000000001,0.878324450856
WALLABY J133152-235603,3,36.0000000001,48.0000000001,0.451646918582
WALLABY J133152-235603,4,48.0000000001,60.0000000001,0.0070661582287
WALLABY J133207-220728,0,6.00000000001,18,3.41304459264
WALLABY J133207-220728,1,18,30.0000000001,0.764442294758
WALLABY J133207-220728,2,30.0000000001,42.0000000001,0.152059265706
WALLABY J133207-220728,3,42.0000000001,54.0000000001,0.00343827321911
WALLABY J133210-252901,0,4.4408920985e-16,12,9.22075548875
WALLABY J133210-252901,1,12,24,4.81291080203
WALLABY J133210-252901,2,24,36.0000000001,3.67311607745
WALLABY J133210-252901,3,36.0000000001,48.0000000001,1.72842569736
WALLABY J133210-252901,4,48.0000000001,60.0000000001,0.74959612228
WALLABY J133210-252901,5,60.0000000001,72.0000000001,0.00169384029853
WALLABY J133217-231924,0,6.00000000001,18,3.83684899399
WALLABY J133217-231924,1,18,30.0000000001,2.26629436449
WALLABY J133217-231924,2,30.0000000001,42.0000000001,0.47384879878
WALLABY J133217-231924,3,42.0000000001,54.0000000001,0.198383627341
WALLABY J133217-231924,4,54.0000000001,66.0000000001,0.00398836603951
WALLABY J133242-233015,0,4.4408920985e-16,12,3.39634695271
WALLABY J133242-233015,1,12,24,2.22103497201
WALLABY J133242-233015,2,24,36.0000000001,0.180817529001
WALLABY J133242-233015,3,36.0000000001,48.0000000001,0.0032405336584
WALLABY J133245-241711,0,6.00000000001,18,5.47327713105
WALLABY J133245-241711,1,18,30.0000000001,3.99201575437
WALLABY J133245-241711,2,30.0000000001,42.0000000001,0.861766975326
WALLABY J133245-241711,3,42.0000000001,54.0000000001,0.502943495809
WALLABY J133245-241711,4,54.0000000001,66.0000000001,0.0634431758516
WALLABY J133245-241711,5,66.0000000001,78.0000000002,0.0081321668917
WALLABY J133245-241711,6,78.0000000002,90.0000000002,0.00200318639711
WALLABY J133247-222656,0,6.00000000001,18,7.65514747778
WALLABY J133247-222656,1,18,30.0000000001,4.72015482171
WALLABY J133247-222656,2,30.0000000001,42.0000000001,0.693957336558
WALLABY J133247-222656,3,42.0000000001,54.0000000001,0.394845199531
WALLABY J133247-222656,4,54.0000000001,66.0000000001,0.0657829247234
WALLABY J133247-222656,5,66.0000000001,78.0000000002,0.0413180836312
WALLABY J133253-241226,0,6.00000000001,18,6.79666289461
WALLABY J133253-241226,1,18,30.0000000001,7.29748549369
WALLABY J133253-241226,2,30.0000000001,42.0000000001,2.81235592538
WALLABY J133253-241226,3,42.0000000001,54.0000000001,1.75803695583
WALLABY J133253-241226,4,54.0000000001,66.0000000001,0.4664753532
WALLABY J133253-241226,5,66.0000000001,78.0000000002,0.359398711461
WALLABY J133253-241226,6,78.0000000002,90.0000000002,0.0388449510389
WALLABY J133253-241226,7,90.0000000002,102,0.0189802239597
WALLABY J133255-154459,0,6.00000000001,18,1.34433301767
WALLABY J133255-154459,1,18,30.0000000001,0.844051368504
WALLABY J133255-154459,2,30.0000000001,42.0000000001,0.231813313755
WALLABY J133255-154459,3,42.0000000001,54.0000000001,0.042796245947
WALLABY J133255-154459,4,54.0000000001,66.0000000001,0.0149543176331
WALLABY J133255-154459,5,66.0000000001,78.0000000002,0.00734084295035
WALLABY J133255-154459,6,78.0000000002,90.0000000002,0.00187888445714
WALLABY J133255-154459,7,90.0000000002,102,5.98678826257e-05
WALLABY J133300-224718,0,6.00000000001,18,2.33580507146
WALLABY J133300-224718,1,18,30.0000000001,1.47410327268
WALLABY J133300-224718,2,30.0000000001,42.0000000001,0.106390311478
WALLABY J133300-224718,3,42.0000000001,54.0000000001,0.0113757715963
WALLABY J133301-161437,0,6.00000000001,18,4.94583447423
WALLABY J133301-161437,1,18,30.0000000001,3.51582056334
WALLABY J133301-161437,2,30.0000000001,42.0000000001,0.724878629009
WALLABY J133301-161437,3,42.0000000001,54.0000000001,0.501056514281
WALLABY J133301-161437,4,54.0000000001,66.0000000001,0.071124526144
WALLABY J133301-161437,5,66.0000000001,78.0000000002,0.048854202912
WALLABY J133301-161437,6,78.0000000002,90.0000000002,0.00998097078562
WALLABY J133301-161437,7,90.0000000002,102,0.00527643950229
WALLABY J133308-233234,0,4.4408920985e-16,12,9.12329274
WALLABY J133308-233234,1,12,24,6.04049750042
WALLABY J133308-233234,2,24,36.0000000001,2.21107349956
WALLABY J133308-233234,3,36.0000000001,48.0000000001,1.4158765253
WALLABY J133308-233234,4,48.0000000001,60.0000000001,0.0230213088932
WALLABY J133308-233234,5,60.0000000001,72.0000000001,0.0263345246657
WALLABY J133308-233234,6,72.0000000001,84.0000000002,0.00345854858444
WALLABY J133321-231451,0,6.00000000001,18,4.28107166353
WALLABY J133321-231451,1,18,30.0000000001,3.56735310321
WALLABY J133321-231451,2,30.0000000001,42.0000000001,0.824482581116
WALLABY J133321-231451,3,42.0000000001,54.0000000001,0.353020439718
WALLABY J133321-231451,4,54.0000000001,66.0000000001,0.0104813067369
WALLABY J133351-224126,0,6.00000000001,18,3.74088962937
WALLABY J133351-224126,1,18,30.0000000001,1.09099318008
WALLABY J133351-224126,2,30.0000000001,42.0000000001,0.467425737847
WALLABY J133351-224126,3,42.0000000001,54.0000000001,0.0334191704257
WALLABY J133351-224126,4,54.0000000001,66.0000000001,0.0150796698228
WALLABY J133413-225449,0,6.00000000001,18,3.97591937193
WALLABY J133413-225449,1,18,30.0000000001,2.35458781937
WALLABY J133413-225449,2,30.0000000001,42.0000000001,0.355225550498
WALLABY J133413-225449,3,42.0000000001,54.0000000001,0.149949278099
WALLABY J133413-225449,4,54.0000000001,66.0000000001,0.010107856762
WALLABY J133413-225449,5,66.0000000001,78.0000000002,0.00537574984626
WALLABY J133413-225449,6,78.0000000002,90.0000000002,0.00139648985403
WALLABY J133422-234348,0,4.4408920985e-16,12,2.94566025082
WALLABY J133422-234348,1,12,24,2.02868291383
WALLABY J133422-234348,2,24,36.0000000001,1.1717842214
WALLABY J133422-234348,3,36.0000000001,48.0000000001,0.0616712732674
WALLABY J133422-234348,4,48.0000000001,60.0000000001,0.03480810697
WALLABY J133424-141834,0,4.4408920985e-16,12,2.51330068985
WALLABY J133424-141834,1,12,24,1.55101322773
WALLABY J133424-141834,2,24,36.0000000001,0.727863976708
WALLABY J133424-141834,3,36.0000000001,48.0000000001,0.47932216384
WALLABY J133424-141834,4,48.0000000001,60.0000000001,0.0082172207196
WALLABY J133437-211108,0,6.00000000001,18,2.17664314957
WALLABY J133437-211108,1,18,30.0000000001,0.8307472847
WALLABY J133437-211108,2,30.0000000001,42.0000000001,0.467358488065
WALLABY J133437-211108,3,42.0000000001,54.0000000001,0.0350017402811
WALLABY J133437-211108,4,54.0000000001,66.0000000001,0.00423586181219
WALLABY J133437-211108,5,66.0000000001,78.0000000002,0.0082827517059
WALLABY J133440-234722,0,6.00000000001,18,3.65978548777
WALLABY J133440-234722,1,18,30.0000000001,3.44800832613
WALLABY J133440-234722,2,30.0000000001,42.0000000001,2.2478549833
WALLABY J133440-234722,3,42.0000000001,54.0000000001,2.16826291539
WALLABY J133440-234722,4,54.0000000001,66.0000000001,1.10432274968
WALLABY J133440-234722,5,66.0000000001,78.0000000002,0.764101055972
WALLABY J133440-234722,6,78.0000000002,90.0000000002,0.31776491581
WALLABY J133440-234722,7,90.0000000002,102,0.185630367914
WALLABY J133440-234722,8,102,114,0.0065797209452
WALLABY J133452-175929,0,4.4408920985e-16,12,2.12293868868
WALLABY J133452-175929,1,12,24,2.06140201331
WALLABY J133452-175929,2,24,36.0000000001,0.52814543229
WALLABY J133452-175929,3,36.0000000001,48.0000000001,0.189379546924
WALLABY J133452-175929,4,48.0000000001,60.0000000001,0.000168422438442
WALLABY J133506-233309,0,6.00000000001,18,1.75113882707
WALLABY J133506-233309,1,18,30.0000000001,0.635319984493
WALLABY J133506-233309,2,30.0000000001,42.0000000001,0.352384273464
WALLABY J133506-233309,3,42.0000000001,54.0000000001,0.0203132662597
WALLABY J133506-233309,4,54.0000000001,66.0000000001,0.017830828038
WALLABY J133506-233309,5,66.0000000001,78.0000000002,0.00270364445477
WALLABY J133522-223319,0,6.00000000001,18,1.97627906966
WALLABY J133522-223319,1,18,30.0000000001,0.834604691697
WALLABY J133522-223319,2,30.0000000001,42.0000000001,0.514487409759
WALLABY J133522-223319,3,42.0000000001,54.0000000001,0.005673173972
WALLABY J133522-232056,0,4.4408920985e-16,12,4.09280156742
WALLABY J133522-232056,1,12,24,2.5390679959
WALLABY J133522-232056,2,24,36.0000000001,1.9924167407
WALLABY J133522-232056,3,36.0000000001,48.0000000001,0.202203471246
WALLABY J133522-232056,4,48.0000000001,60.0000000001,0.0479998611267
WALLABY J133523-230609,0,6.00000000001,18,4.56985778732
WALLABY J133523-230609,1,18,30.0000000001,1.61662611236
WALLABY J133523-230609,2,30.0000000001,42.0000000001,0.968762846534
WALLABY J133523-230609,3,42.0000000001,54.0000000001,0.0806400277563
WALLABY J133523-230609,4,54.0000000001,66.0000000001,0.0209248239902
WALLABY J133523-230609,5,66.0000000001,78.0000000002,0.0164578807176
WALLABY J133540-251206,0,6.00000000001,18,5.97716771224
WALLABY J133540-251206,1,18,30.0000000001,5.53726917129
WALLABY J133540-251206,2,30.0000000001,42.0000000001,1.30187624548
WALLABY J133540-251206,3,42.0000000001,54.0000000001,0.673009092884
WALLABY J133540-251206,4,54.0000000001,66.0000000001,0.190476691934
WALLABY J133540-251206,5,66.0000000001,78.0000000002,0.0241939378608
WALLABY J133540-251206,6,78.0000000002,90.0000000002,0.00632138428567
WALLABY J133543-174712,0,6.00000000001,18,3.83232703342
WALLABY J133543-174712,1,18,30.0000000001,1.65269040992
WALLABY J133543-174712,2,30.0000000001,42.0000000001,0.844499228933
WALLABY J133543-174712,3,42.0000000001,54.0000000001,0.0892702188672
WALLABY J133543-174712,4,54.0000000001,66.0000000001,0.0185295013865
WALLABY J133545-231543,0,6.00000000001,18,6.62654775005
WALLABY J133545-231543,1,18,30.0000000001,3.25807087543
WALLABY J133545-231543,2,30.0000000001,42.0000000001,2.11308965209
WALLABY J133545-231543,3,42.0000000001,54.0000000001,0.287578331541
WALLABY J133545-231543,4,54.0000000001,66.0000000001,0.135004687493
WALLABY J133545-231543,5,66.0000000001,78.0000000002,0.125879968575
WALLABY J133545-231543,6,78.0000000002,90.0000000002,0.0544258812291
WALLABY J133545-231543,7,90.0000000002,102,0.00034362959893
WALLABY J133556-241859,0,4.4408920985e-16,12,2.2168458535
WALLABY J133556-241859,1,12,24,1.55202543761
WALLABY J133556-241859,2,24,36.0000000001,0.949291299463
WALLABY J133556-241859,3,36.0000000001,48.0000000001,0.311299343681
WALLABY J133556-241859,4,48.0000000001,60.0000000001,0.202165167222
WALLABY J133556-241859,5,60.0000000001,72.0000000001,0.0642946540171
WALLABY J133556-241859,6,72.0000000001,84.0000000002,7.46463366122e-05
WALLABY J133600-205437,0,4.4408920985e-16,12,7.75807509969
WALLABY J133600-205437,1,12,24,6.22749570973
WALLABY J133600-205437,2,24,36.0000000001,2.81373633862
WALLABY J133600-205437,3,36.0000000001,48.0000000001,1.87621142934
WALLABY J133600-205437,4,48.0000000001,60.0000000001,0.364296321816
WALLABY J133600-205437,5,60.0000000001,72.0000000001,0.25905945883
WALLABY J133600-205437,6,72.0000000001,84.0000000002,0.0298148318045
WALLABY J133600-205437,7,84.0000000002,96.0000000002,0.0257797824776
WALLABY J133600-205437,8,96.0000000002,108,4.30959865608e-05
WALLABY J133607-222504,0,4.4408920985e-16,12,6.44497378031
WALLABY J133607-222504,1,12,24,2.29022593762
WALLABY J133607-222504,2,24,36.0000000001,1.36773741197
WALLABY J133607-222504,3,36.0000000001,48.0000000001,0.192021657005
WALLABY J133607-222504,4,48.0000000001,60.0000000001,0.0450043259522
WALLABY J133607-222504,5,60.0000000001,72.0000000001,0.00450892135842
WALLABY J133607-222504,6,72.0000000001,84.0000000002,0.00871343298131
WALLABY J133611-234050,0,6.00000000001,18,5.24776725927
WALLABY J133611-234050,1,18,30.0000000001,2.98612919598
WALLABY J133611-234050,2,30.0000000001,42.0000000001,2.05716660654
WALLABY J133611-234050,3,42.0000000001,54.0000000001,0.547115227765
WALLABY J133611-234050,4,54.0000000001,66.0000000001,0.334138563841
WALLABY J133611-234050,5,66.0000000001,78.0000000002,0.0947231987101
WALLABY J133611-234050,6,78.0000000002,90.0000000002,0.0728685298126
WALLABY J133611-234050,7,90.0000000002,102,0.00139900459891
WALLABY J133624-165744,0,4.4408920985e-16,12,2.0378943217
WALLABY J133624-165744,1,12,24,1.6892338715
WALLABY J133624-165744,2,24,36.0000000001,0.233705363008
WALLABY J133624-165744,3,36.0000000001,48.0000000001,0.0726219008479
WALLABY J133624-165744,4,48.0000000001,60.0000000001,0.0035515907756
WALLABY J133627-171544,0,4.4408920985e-16,12,3.70027137261
WALLABY J133627-171544,1,12,24,1.32192112147
WALLABY J133627-171544,2,24,36.0000000001,0.752551780167
WALLABY J133627-171544,3,36.0000000001,48.0000000001,0.0326916371757
WALLABY J133627-171544,4,48.0000000001,60.0000000001,0.031832568987
WALLABY J133627-224910,0,4.4408920985e-16,12,2.92760144651
WALLABY J133627-224910,1,12,24,1.92346217353
WALLABY J133627-224910,2,24,36.0000000001,1.93997702403
WALLABY J133627-224910,3,36.0000000001,48.0000000001,0.414779719524
WALLABY J133627-224910,4,48.0000000001,60.0000000001,0.171947841561
WALLABY J133627-224910,5,60.0000000001,72.0000000001,0.0599652484076
WALLABY J133627-224910,6,72.0000000001,84.0000000002,0.00614503879642
WALLABY J133627-224910,7,84.0000000002,96.0000000002,0.00311043865043
WALLABY J133629-163858,0,6.00000000001,18,4.17402546257
WALLABY J133629-163858,1,18,30.0000000001,1.44826277751
WALLABY J133629-163858,2,30.0000000001,42.0000000001,0.736182062029
WALLABY J133629-163858,3,42.0000000001,54.0000000001,0.0058823062773
WALLABY J133629-163858,4,54.0000000001,66.0000000001,0.0190896624261
WALLABY J133643-201220,0,6.00000000001,18,2.01666950038
WALLABY J133643-201220,1,18,30.0000000001,1.52305309945
WALLABY J133643-201220,2,30.0000000001,42.0000000001,0.271277016312
WALLABY J133643-201220,3,42.0000000001,54.0000000001,0.150373482857
WALLABY J133702-205515,0,6.00000000001,18,4.42556619703
WALLABY J133702-205515,1,18,30.0000000001,2.18606770126
WALLABY J133702-205515,2,30.0000000001,42.0000000001,1.54014309688
WALLABY J133702-205515,3,42.0000000001,54.0000000001,0.0830017864676
WALLABY J133702-205515,4,54.0000000001,66.0000000001,0.0252389467047
WALLABY J133708-203705,0,4.4408920985e-16,12,1.10868280575
WALLABY J133708-203705,1,12,24,1.01388700417
WALLABY J133708-203705,2,24,36.0000000001,0.555896244696
WALLABY J133708-203705,3,36.0000000001,48.0000000001,0.0725359579045
WALLABY J133708-203705,4,48.0000000001,60.0000000001,0.0343519142235
WALLABY J133708-203705,5,60.0000000001,72.0000000001,0.0034329463419
WALLABY J133725-155412,0,4.4408920985e-16,12,2.41214025717
WALLABY J133725-155412,1,12,24,1.45621742572
WALLABY J133725-155412,2,24,36.0000000001,0.337500198212
WALLABY J133725-155412,3,36.0000000001,48.0000000001,0.03891480787
WALLABY J133727-223204,0,6.00000000001,18,1.1096915775
WALLABY J133727-223204,1,18,30.0000000001,2.16151019269
WALLABY J133727-223204,2,30.0000000001,42.0000000001,1.59808344213
WALLABY J133727-223204,3,42.0000000001,54.0000000001,1.1908849743
WALLABY J133727-223204,4,54.0000000001,66.0000000001,0.571048005841
WALLABY J133727-223204,5,66.0000000001,78.0000000002,0.541913883607
WALLABY J133727-223204,6,78.0000000002,90.0000000002,0.408759617937
WALLABY J133727-223204,7,90.0000000002,102,0.323832459511
WALLABY J133727-223204,8,102,114,0.204213705902
WALLABY J133727-223204,9,114,126,0.0560275495557
WALLABY J133727-223204,10,126,138,0.0157681605636
WALLABY J133727-223204,11,138,150,0.0275796762591
WALLABY J133727-223204,12,150,162,0.00391064534663
WALLABY J133727-223204,13,162,174,0.00881352132789
WALLABY J133735-163755,0,4.4408920985e-16,12,4.18764521248
WALLABY J133735-163755,1,12,24,3.72371746333
WALLABY J133735-163755,2,24,36.0000000001,1.52767140473
WALLABY J133735-163755,3,36.0000000001,48.0000000001,1.06774590476
WALLABY J133735-163755,4,48.0000000001,60.0000000001,0.0947788495264
WALLABY J133735-163755,5,60.0000000001,72.0000000001,0.0643192776701
WALLABY J133735-163755,6,72.0000000001,84.0000000002,0.0066972094925
WALLABY J133735-163755,7,84.0000000002,96.0000000002,0.00786979196292
WALLABY J133735-163755,8,96.0000000002,108,0.00566064804346
WALLABY J133735-163755,9,108,120,0.00350743203817
WALLABY J133735-163755,10,120,132,0.0039901937577
WALLABY J133735-163755,11,132,144,0.00363319018449
WALLABY J133739-213902,0,6.00000000001,18,2.29131185187
WALLABY J133739-213902,1,18,30.0000000001,1.38961120311
WALLABY J133739-213902,2,30.0000000001,42.0000000001,0.591017456484
WALLABY J133739-213902,3,42.0000000001,54.0000000001,0.220377402328
WALLABY J133739-213902,4,54.0000000001,66.0000000001,0.0101176509233
WALLABY J133739-213902,5,66.0000000001,78.0000000002,0.00312427503461
WALLABY J133756-240727,0,6.00000000001,18,2.68478814706
WALLABY J133756-240727,1,18,30.0000000001,2.42792487384
WALLABY J133756-240727,2,30.0000000001,42.0000000001,1.82190897153
WALLABY J133756-240727,3,42.0000000001,54.0000000001,1.66052438178
WALLABY J133756-240727,4,54.0000000001,66.0000000001,0.574066589587
WALLABY J133756-240727,5,66.0000000001,78.0000000002,0.296809643209
WALLABY J133756-240727,6,78.0000000002,90.0000000002,0.0449345941204
WALLABY J133801-225524,0,4.4408920985e-16,12,4.74037298268
WALLABY J133801-225524,1,12,24,3.369500742
WALLABY J133801-225524,2,24,36.0000000001,2.82099075135
WALLABY J133801-225524,3,36.0000000001,48.0000000001,1.91855150647
WALLABY J133801-225524,4,48.0000000001,60.0000000001,1.64748649344
WALLABY J133801-225524,5,60.0000000001,72.0000000001,0.908758245619
WALLABY J133801-225524,6,72.0000000001,84.0000000002,0.716461207885
WALLABY J133801-225524,7,84.0000000002,96.0000000002,0.355113206688
WALLABY J133801-225524,8,96.0000000002,108,0.333505403851
WALLABY J133801-225524,9,108,120,0.0734487614581
WALLABY J133801-225524,10,120,132,0.0420800164455
WALLABY J133801-225524,11,132,144,0.0152327380825
WALLABY J133801-225524,12,144,156,0.00530918024332
WALLABY J133809-241011,0,6.00000000001,18,4.14198427805
WALLABY J133809-241011,1,18,30.0000000001,1.21822781346
WALLABY J133809-241011,2,30.0000000001,42.0000000001,0.463952431789
WALLABY J133809-241011,3,42.0000000001,54.0000000001,0.00339308415717
WALLABY J133818-233325,0,4.4408920985e-16,12,3.14488568401
WALLABY J133818-233325,1,12,24,2.31393145309
WALLABY J133818-233325,2,24,36.0000000001,0.742154225584
WALLABY J133818-233325,3,36.0000000001,48.0000000001,0.41201496991
WALLABY J133818-233325,4,48.0000000001,60.0000000001,0.00230310467005
WALLABY J133818-233325,5,60.0000000001,72.0000000001,0.00189166619191
WALLABY J133819-203750,0,4.4408920985e-16,12,3.21725929705
WALLABY J133819-203750,1,12,24,2.26373787927
WALLABY J133819-203750,2,24,36.0000000001,0.995396780286
WALLABY J133819-203750,3,36.0000000001,48.0000000001,0.550690651212
WALLABY J133819-203750,4,48.0000000001,60.0000000001,0.0539563421844
WALLABY J133819-203750,5,60.0000000001,72.0000000001,0.00975767423759
WALLABY J133841-202243,0,4.4408920985e-16,12,4.03077764323
WALLABY J133841-202243,1,12,24,3.73653436343
WALLABY J133841-202243,2,24,36.0000000001,1.68237022904
WALLABY J133841-202243,3,36.0000000001,48.0000000001,1.0713131106
WALLABY J133841-202243,4,48.0000000001,60.0000000001,0.180357814422
WALLABY J133841-202243,5,60.0000000001,72.0000000001,0.0592744258324
WALLABY J133841-202243,6,72.0000000001,84.0000000002,0.0208201553783
WALLABY J133841-202243,7,84.0000000002,96.0000000002,0.00725673736117
WALLABY J133845-243304,0,4.4408920985e-16,12,0.925703881804
WALLABY J133845-243304,1,12,24,1.9476590455
WALLABY J133845-243304,2,24,36.0000000001,0.630582520551
WALLABY J133845-243304,3,36.0000000001,48.0000000001,0.499356636091
WALLABY J133845-243304,4,48.0000000001,60.0000000001,0.143526445768
WALLABY J133845-243304,5,60.0000000001,72.0000000001,0.0453954985291
WALLABY J133845-243304,6,72.0000000001,84.0000000002,0.00245404065189
WALLABY J133902-204211,0,4.4408920985e-16,12,1.77573518277
WALLABY J133902-204211,1,12,24,1.1285624318
WALLABY J133902-204211,2,24,36.0000000001,0.855459210501
WALLABY J133902-204211,3,36.0000000001,48.0000000001,0.120544321955
WALLABY J133902-204211,4,48.0000000001,60.0000000001,0.0337225154288
WALLABY J133902-204211,5,60.0000000001,72.0000000001,0.00216170795703
WALLABY J133904-240956,0,6.00000000001,18,5.60248771586
WALLABY J133904-240956,1,18,30.0000000001,3.91343696884
WALLABY J133904-240956,2,30.0000000001,42.0000000001,1.03009031497
WALLABY J133904-240956,3,42.0000000001,54.0000000001,0.728254434858
WALLABY J133904-240956,4,54.0000000001,66.0000000001,0.189668270199
WALLABY J133904-240956,5,66.0000000001,78.0000000002,0.0633504541264
WALLABY J133904-240956,6,78.0000000002,90.0000000002,0.00978411652665
WALLABY J133904-240956,7,90.0000000002,102,0.00698071348367
WALLABY J133933-145203,0,6.00000000001,18,2.80806938751
WALLABY J133933-145203,1,18,30.0000000001,1.90149347994
WALLABY J133933-145203,2,30.0000000001,42.0000000001,0.0306697018746
WALLABY J133933-145203,3,42.0000000001,54.0000000001,0.0160023552465
WALLABY J133933-222957,0,6.00000000001,18,6.14568318967
WALLABY J133933-222957,1,18,30.0000000001,4.06438128676
WALLABY J133933-222957,2,30.0000000001,42.0000000001,3.16974958473
WALLABY J133933-222957,3,42.0000000001,54.0000000001,1.23927313103
WALLABY J133933-222957,4,54.0000000001,66.0000000001,0.797992495687
WALLABY J133933-222957,5,66.0000000001,78.0000000002,0.318755596986
WALLABY J133933-222957,6,78.0000000002,90.0000000002,0.230356840706
WALLABY J133933-222957,7,90.0000000002,102,0.0724372510549
WALLABY J133933-222957,8,102,114,0.0577449498712
WALLABY J133933-222957,9,114,126,0.00699043048573
WALLABY J133933-222957,10,126,138,0.00535280528587
WALLABY J133939-234522,0,6.00000000001,18,2.84534896831
WALLABY J133939-234522,1,18,30.0000000001,2.26223898949
WALLABY J133939-234522,2,30.0000000001,42.0000000001,0.405734735348
WALLABY J133939-234522,3,42.0000000001,54.0000000001,0.161713287141
WALLABY J133939-234522,4,54.0000000001,66.0000000001,0.0161433927756
WALLABY J133942-250143,0,6.00000000001,18,4.19989443581
WALLABY J133942-250143,1,18,30.0000000001,2.3131682026
WALLABY J133942-250143,2,30.0000000001,42.0000000001,1.40746124548
WALLABY J133942-250143,3,42.0000000001,54.0000000001,0.618423664571
WALLABY J133942-250143,4,54.0000000001,66.0000000001,0.315617361623
WALLABY J133942-250143,5,66.0000000001,78.0000000002,0.049894081407
WALLABY J133942-250143,6,78.0000000002,90.0000000002,0.00242757731471
WALLABY J134002-252831,0,4.4408920985e-16,12,19.0552014041
WALLABY J134002-252831,1,12,24,11.0387212228
WALLABY J134002-252831,2,24,36.0000000001,8.40610732723
WALLABY J134002-252831,3,36.0000000001,48.0000000001,3.82598838182
WALLABY J134002-252831,4,48.0000000001,60.0000000001,2.9858660743
WALLABY J134002-252831,5,60.0000000001,72.0000000001,0.677307313829
WALLABY J134002-252831,6,72.0000000001,84.0000000002,0.511203918457
WALLABY J134002-252831,7,84.0000000002,96.0000000002,0.110436458758
WALLABY J134002-252831,8,96.0000000002,108,0.074042077989
WALLABY J134002-252831,9,108,120,0.0329227515867
WALLABY J134002-252831,10,120,132,0.027366867899
WALLABY J134002-252831,11,132,144,0.00752001375259
WALLABY J134004-235850,0,4.4408920985e-16,12,3.90014683767
WALLABY J134004-235850,1,12,24,2.45728880682
WALLABY J134004-235850,2,24,36.0000000001,0.724872442882
WALLABY J134004-235850,3,36.0000000001,48.0000000001,0.330480113786
WALLABY J134004-235850,4,48.0000000001,60.0000000001,0.0740386281823
WALLABY J134004-235850,5,60.0000000001,72.0000000001,0.0616387419096
WALLABY J134004-235850,6,72.0000000001,84.0000000002,0.0101338943118
WALLABY J134015-153211,0,4.4408920985e-16,12,2.31540634333
WALLABY J134015-153211,1,12,24,1.61967044714
WALLABY J134015-153211,2,24,36.0000000001,0.429538402078
WALLABY J134015-153211,3,36.0000000001,48.0000000001,0.243771760705
WALLABY J134015-153211,4,48.0000000001,60.0000000001,0.00414956427207
WALLABY J134018-211518,0,4.4408920985e-16,12,4.03924605951
WALLABY J134018-211518,1,12,24,2.88405922049
WALLABY J134018-211518,2,24,36.0000000001,1.78845208295
WALLABY J134018-211518,3,36.0000000001,48.0000000001,0.256437458155
WALLABY J134018-211518,4,48.0000000001,60.0000000001,0.150500077081
WALLABY J134018-211518,5,60.0000000001,72.0000000001,0.0215509408249
WALLABY J134018-211518,6,72.0000000001,84.0000000002,0.0180684158934
WALLABY J134018-211518,7,84.0000000002,96.0000000002,0.000729227564153
WALLABY J134019-235122,0,4.4408920985e-16,12,3.26930336328
WALLABY J134019-235122,1,12,24,4.99839538206
WALLABY J134019-235122,2,24,36.0000000001,5.6802847706
WALLABY J134019-235122,3,36.0000000001,48.0000000001,4.57403182148
WALLABY J134019-235122,4,48.0000000001,60.0000000001,3.17882165758
WALLABY J134019-235122,5,60.0000000001,72.0000000001,0.803596952447
WALLABY J134019-235122,6,72.0000000001,84.0000000002,0.491681558445
WALLABY J134019-235122,7,84.0000000002,96.0000000002,0.181601351195
WALLABY J134019-235122,8,96.0000000002,108,0.127000684982
WALLABY J134019-235122,9,108,120,0.000845025655384
WALLABY J134024-233429,0,4.4408920985e-16,12,1.96609997738
WALLABY J134024-233429,1,12,24,1.37704003368
WALLABY J134024-233429,2,24,36.0000000001,0.856893914029
WALLABY J134024-233429,3,36.0000000001,48.0000000001,0.0479842010751
WALLABY J134045-211913,0,6.00000000001,18,3.74162334879
WALLABY J134045-211913,1,18,30.0000000001,1.09511061002
WALLABY J134045-211913,2,30.0000000001,42.0000000001,0.755729060917
WALLABY J134045-211913,3,42.0000000001,54.0000000001,0.108955840104
WALLABY J134045-211913,4,54.0000000001,66.0000000001,0.104945610171
WALLABY J134045-211913,5,66.0000000001,78.0000000002,0.00445868019687
WALLABY J134056-233626,0,4.4408920985e-16,12,4.78481014311
WALLABY J134056-233626,1,12,24,3.34701284478
WALLABY J134056-233626,2,24,36.0000000001,1.1239309513
WALLABY J134056-233626,3,36.0000000001,48.0000000001,0.574524840395
WALLABY J134056-233626,4,48.0000000001,60.0000000001,0.0502131512749
WALLABY J134056-233626,5,60.0000000001,72.0000000001,0.0382307807697
WALLABY J134056-233626,6,72.0000000001,84.0000000002,0.00741762844501
WALLABY J134115-145751,0,4.4408920985e-16,12,3.32403172111
WALLABY J134115-145751,1,12,24,1.88136816978
WALLABY J134115-145751,2,24,36.0000000001,1.77453030891
WALLABY J134115-145751,3,36.0000000001,48.0000000001,0.302523418795
WALLABY J134115-145751,4,48.0000000001,60.0000000001,0.0546280921681
WALLABY J134115-145751,5,60.0000000001,72.0000000001,0.0247212997749
WALLABY J134115-145751,6,72.0000000001,84.0000000002,0.0172599206218
WALLABY J134115-145751,7,84.0000000002,96.0000000002,0.0200262822132
WALLABY J134115-145751,8,96.0000000002,108,0.0045475935584
WALLABY J134128-192219,0,4.4408920985e-16,12,9.93183024835
WALLABY J134128-192219,1,12,24,6.82740677053
WALLABY J134128-192219,2,24,36.0000000001,3.24626497247
WALLABY J134128-192219,3,36.0000000001,48.0000000001,1.27087431816
WALLABY J134128-192219,4,48.0000000001,60.0000000001,0.533767985795
WALLABY J134128-192219,5,60.0000000001,72.0000000001,0.0648555602918
WALLABY J134128-192219,6,72.0000000001,84.0000000002,0.0236941690033
WALLABY J134143-183508,0,6.00000000001,18,2.18928802494
WALLABY J134143-183508,1,18,30.0000000001,1.58471458497
WALLABY J134143-183508,2,30.0000000001,42.0000000001,0.343919354024
WALLABY J134143-183508,3,42.0000000001,54.0000000001,0.209185935944
WALLABY J134143-183508,4,54.0000000001,66.0000000001,0.00118973855644
WALLABY J134145-191825,0,6.00000000001,18,3.96442528427
WALLABY J134145-191825,1,18,30.0000000001,1.50514950433
WALLABY J134145-191825,2,30.0000000001,42.0000000001,1.08218700596
WALLABY J134145-191825,3,42.0000000001,54.0000000001,0.261472825039
WALLABY J134145-191825,4,54.0000000001,66.0000000001,0.107712741029
WALLABY J134145-191825,5,66.0000000001,78.0000000002,0.00538836419573
WALLABY J134150-175703,0,4.4408920985e-16,12,3.01740088217
WALLABY J134150-175703,1,12,24,1.36113809006
WALLABY J134150-175703,2,24,36.0000000001,0.411136430008
WALLABY J134150-175703,3,36.0000000001,48.0000000001,0.00261377078943
WALLABY J134201-221411,0,6.00000000001,18,3.33089715223
WALLABY J134201-221411,1,18,30.0000000001,2.07456610676
WALLABY J134201-221411,2,30.0000000001,42.0000000001,0.249548093361
WALLABY J134201-221411,3,42.0000000001,54.0000000001,0.0652628089846
WALLABY J134219-211125,0,6.00000000001,18,1.45691016394
WALLABY J134219-211125,1,18,30.0000000001,1.56890510975
WALLABY J134219-211125,2,30.0000000001,42.0000000001,0.328878503086
WALLABY J134219-211125,3,42.0000000001,54.0000000001,0.172357095491
WALLABY J134219-211125,4,54.0000000001,66.0000000001,0.00860591013972
WALLABY J134221-150432,0,6.00000000001,18,1.79861612613
WALLABY J134221-150432,1,18,30.0000000001,1.63298643408
WALLABY J134221-150432,2,30.0000000001,42.0000000001,0.4011372073
WALLABY J134221-150432,3,42.0000000001,54.0000000001,0.129151414244
WALLABY J134221-150432,4,54.0000000001,66.0000000001,0.0125418149766
WALLABY J134221-150432,5,66.0000000001,78.0000000002,0.00176700127156
WALLABY J134241-233218,0,6.00000000001,18,3.87195067776
WALLABY J134241-233218,1,18,30.0000000001,2.68815225791
WALLABY J134241-233218,2,30.0000000001,42.0000000001,0.278029041844
WALLABY J134241-233218,3,42.0000000001,54.0000000001,0.0388189475816
WALLABY J134241-233218,4,54.0000000001,66.0000000001,0.0429003393876
WALLABY J134241-233218,5,66.0000000001,78.0000000002,0.030749022275
WALLABY J134250-184550,0,6.00000000001,18,2.32563887467
WALLABY J134250-184550,1,18,30.0000000001,1.92937853135
WALLABY J134250-184550,2,30.0000000001,42.0000000001,0.133590651061
WALLABY J134250-184550,3,42.0000000001,54.0000000001,0.0676314135555
WALLABY J134250-184550,4,54.0000000001,66.0000000001,0.0118728456822
WALLABY J134259-182447,0,6.00000000001,18,0.476920562481
WALLABY J134259-182447,1,18,30.0000000001,0.519663997863
WALLABY J134259-182447,2,30.0000000001,42.0000000001,0.26728865006
WALLABY J134259-182447,3,42.0000000001,54.0000000001,0.0358194952806
WALLABY J134259-182447,4,54.0000000001,66.0000000001,0.0228080261002
WALLABY J134306-193556,0,6.00000000001,18,2.45289163606
WALLABY J134306-193556,1,18,30.0000000001,2.52172374398
WALLABY J134306-193556,2,30.0000000001,42.0000000001,0.735771263158
WALLABY J134306-193556,3,42.0000000001,54.0000000001,0.334549412314
WALLABY J134306-193556,4,54.0000000001,66.0000000001,0.0187763480011
WALLABY J134437-235646,0,6.00000000001,18,2.89978870202
WALLABY J134437-235646,1,18,30.0000000001,1.81354493484
WALLABY J134437-235646,2,30.0000000001,42.0000000001,0.611456832157
WALLABY J134437-235646,3,42.0000000001,54.0000000001,0.251857329916
WALLABY J134437-235646,4,54.0000000001,66.0000000001,0.00587342464167
WALLABY J134447-230014,0,6.00000000001,18,3.67294140473
WALLABY J134447-230014,1,18,30.0000000001,1.28300896771
WALLABY J134447-230014,2,30.0000000001,42.0000000001,0.89694154034
WALLABY J134447-230014,3,42.0000000001,54.0000000001,0.0498914321734
WALLABY J134447-230014,4,54.0000000001,66.0000000001,0.0277960576767
WALLABY J134447-230014,5,66.0000000001,78.0000000002,0.0017305755686
WALLABY J134514-151038,0,6.00000000001,18,5.42497994386
WALLABY J134514-151038,1,18,30.0000000001,2.60683037906
WALLABY J134514-151038,2,30.0000000001,42.0000000001,1.17915192103
WALLABY J134514-151038,3,42.0000000001,54.0000000001,0.0745634213858
WALLABY J134514-151038,4,54.0000000001,66.0000000001,0.0121302683526
WALLABY J134533-145830,0,6.00000000001,18,3.78638077715
WALLABY J134533-145830,1,18,30.0000000001,4.44663639469
WALLABY J134533-145830,2,30.0000000001,42.0000000001,5.03430733215
WALLABY J134533-145830,3,42.0000000001,54.0000000001,2.26007521004
WALLABY J134533-145830,4,54.0000000001,66.0000000001,1.50072199984
WALLABY J134533-145830,5,66.0000000001,78.0000000002,0.338051601199
WALLABY J134533-145830,6,78.0000000002,90.0000000002,0.163897509553
WALLABY J134533-145830,7,90.0000000002,102,0.0315662028685
WALLABY J134533-145830,8,102,114,0.0151865998915
WALLABY J134737-201752,0,6.00000000001,18,5.26706258189
WALLABY J134737-201752,1,18,30.0000000001,3.46279810178
WALLABY J134737-201752,2,30.0000000001,42.0000000001,0.786236725077
WALLABY J134737-201752,3,42.0000000001,54.0000000001,0.209742275342
