name,team_release,ra,dec,dist_h,log_m_hi_corr,ell_maj_beams_30arcsec,rel,qflag
WALLABY J124747+042017,NGC 4808 TR1,191.9459810189541,4.33817561380282,14.096033774125186,9.142746534547376,4.99031270675,1.0,0.0
WALLABY J124805+065910,NGC 4808 TR1,192.0229915320185,6.985678785336795,191.87696574141137,10.233681799891393,1.31649089306,0.9470649087528582,0.0
WALLABY J124822+082925,NGC 4808 TR1,192.0950923250069,8.490363494595087,14.339243618266547,9.051743506966991,9.88423379364,1.0,0.0
WALLABY J124911+032310,NGC 4808 TR1,192.2960295406077,3.386103078435421,10.378078085105273,9.070780502424217,6.55117370238,1.0,0.0
WALLABY J124915+043926,NGC 4808 TR1,192.3154380612388,4.657406292618122,38.14560329437675,9.370508789718214,2.6328437862,1.0,4.0
WALLABY J124923+050820,NGC 4808 TR1,192.3485186030474,5.139091016526071,177.32383048925374,9.933607451460231,1.20189566796,0.9981584514780432,0.0
WALLABY J124925+042328,NGC 4808 TR1,192.357623446316,4.391178624443283,37.734103118898936,9.121215529902514,2.09414270767,1.0,4.0
WALLABY J124935+033620,NGC 4808 TR1,192.3982396516564,3.605728214440297,101.36450745470123,9.456857162549015,1.19124738468,0.7233241910395967,0.0
WALLABY J124937+074725,NGC 4808 TR1,192.4049808079233,7.790540029347391,234.9691582459483,10.005996300195132,1.3268911092,0.8071318733711952,0.0
WALLABY J124944+044608,NGC 4808 TR1,192.4334619476552,4.768977476135122,120.45109854177848,9.656254621006218,1.5667076417,0.9814918770979906,4.0
WALLABY J124947+035042,NGC 4808 TR1,192.4493316830977,3.84520595750993,9.934752825343148,8.117000977372637,2.821439538,1.0,0.0
WALLABY J124950+025100,NGC 4808 TR1,192.4595884997897,2.850216662134315,16.638709549795898,8.62462579560936,3.12515687342,1.0,0.0
WALLABY J124957+040438,NGC 4808 TR1,192.4910961142583,4.077416689639204,145.41677464050812,9.667916752412557,1.08438498273,0.7669543242607977,0.0
WALLABY J124959+054921,NGC 4808 TR1,192.4967574632011,5.82272501348879,8.969202365967332,7.223925913620026,1.33294960879,0.9999247786970011,0.0
WALLABY J125012+073442,NGC 4808 TR1,192.5539661254201,7.578549532314525,163.52956694530005,10.240628946764588,2.71957128164,0.9999999999729445,0.0
WALLABY J125103+072753,NGC 4808 TR1,192.766219289885,7.464919454453462,216.84320660294952,9.837686261468553,1.14026574474,0.9519997068216303,0.0
WALLABY J125112+045132,NGC 4808 TR1,192.8030686820034,4.858921171442358,107.62385091643337,9.970032958698596,1.79411140746,1.0,0.0
WALLABY J125114+052031,NGC 4808 TR1,192.8121418746934,5.342108946184053,107.36059957704644,9.586701255646037,1.49992575181,1.0,0.0
WALLABY J125119+053108,NGC 4808 TR1,192.8315245712401,5.518948134599279,204.81355559526293,9.826325069220841,0.990208502328,0.8784917395203019,0.0
WALLABY J125121+063829,NGC 4808 TR1,192.8412619534736,6.641503386355568,214.23398297625994,9.857468398871994,0.946875318858,0.9153784047022981,0.0
WALLABY J125127+054748,NGC 4808 TR1,192.8648219825918,5.796820533504366,206.65809217715713,10.229940506066084,2.0618834843,0.9999999997051506,0.0
WALLABY J125133+080241,NGC 4808 TR1,192.8899593528852,8.04494296914028,51.3775869660559,9.081303856772864,2.02790876281,1.0,0.0
WALLABY J125134+055147,NGC 4808 TR1,192.8942096507674,5.863319171801239,208.61136972267892,9.92575690599399,1.18073983892,0.9771439232623473,0.0
WALLABY J125156+035954,NGC 4808 TR1,192.9869747160136,3.998375801367461,109.83768194320942,9.530017065519814,1.50317024943,0.9999975890659244,0.0
WALLABY J125211+043045,NGC 4808 TR1,193.0464192952799,4.512614208327101,276.0070176777949,10.109391095176358,1.63963403952,0.9802520135353187,0.0
WALLABY J125215+042728,NGC 4808 TR1,193.0642306454697,4.457818235634407,10.00945833195292,7.590380831356316,1.46502083664,1.0,0.0
WALLABY J125224+071046,NGC 4808 TR1,193.1000979113538,7.179529060961441,213.48467668715105,10.105435318389034,1.13732245678,0.9973279887433317,0.0
WALLABY J125233+031517,NGC 4808 TR1,193.139979158998,3.25473977709661,208.54415590275045,10.033285616607463,1.36617196153,0.9492852353597414,0.0
WALLABY J125243+075643,NGC 4808 TR1,193.1796800113196,7.945294777857378,165.42679427847636,9.859221344136813,1.74878737283,0.9890195664391747,0.0
WALLABY J125258+073025,NGC 4808 TR1,193.2428272650541,7.506939694063594,229.0625458285333,10.1755103771386,1.54434910963,0.9853514026013594,0.0
WALLABY J125303+070944,NGC 4808 TR1,193.2655461020801,7.162284844510796,217.16214592785272,9.904830084825802,1.53477257493,0.8746418366066294,0.0
WALLABY J125308+081035,NGC 4808 TR1,193.285961300674,8.176526063521193,212.0102361002386,9.61030554559534,1.31184654898,0.9182866807860639,0.0
WALLABY J125311+032639,NGC 4808 TR1,193.2969927834827,3.444176638081655,39.91027206101794,8.700038495621174,1.69408688955,1.0,0.0
WALLABY J125313+042746,NGC 4808 TR1,193.3064191476193,4.462789705748373,10.352223491641153,8.606759166370725,3.46903000639,1.0,0.0
WALLABY J125334+060947,NGC 4808 TR1,193.3928624733691,6.163236658481942,192.3081396050859,9.655900227256254,1.14641232387,0.8590187025228889,0.0
WALLABY J125339+040434,NGC 4808 TR1,193.4163002980719,4.076202169031759,12.669839249570481,7.1300555345454795,0.798391737365,0.8768067004541309,0.0
WALLABY J125340+064728,NGC 4808 TR1,193.4201111021162,6.791145887962279,108.86002383564106,9.476694468876198,1.11452271893,0.864380208071707,0.0
WALLABY J125341+034603,NGC 4808 TR1,193.423917883214,3.767607315262684,280.6607573678,10.514955903710625,1.4982565612,0.9999999602571099,0.0
WALLABY J125343+040920,NGC 4808 TR1,193.4300686105277,4.155657092317884,10.904099666985388,7.223658630742214,1.07133474436,0.9999999996968646,0.0
WALLABY J125413+052149,NGC 4808 TR1,193.5565597867674,5.363747328443702,206.7378099863384,10.20890243350081,1.4348180196,0.9999999999798236,0.0
WALLABY J125413+065150,NGC 4808 TR1,193.5544885978524,6.863947640958636,295.796797270404,9.999673693710307,0.866377374216,0.8175097057016663,0.0
WALLABY J125419+064115,NGC 4808 TR1,193.579481193714,6.687628028435333,51.95077480053546,8.499525546124469,0.887965997728,0.8098559805021878,0.0
WALLABY J125431+050959,NGC 4808 TR1,193.632090967897,5.166568987138748,280.47130179229583,10.151820014598135,1.19296879211,0.9949192558253,0.0
WALLABY J125441+050734,NGC 4808 TR1,193.6741934322853,5.126149963914346,179.82086524821628,9.473987184671877,0.812425027773,0.7391769251139598,0.0
WALLABY J125443+050110,NGC 4808 TR1,193.6805639079276,5.019579402429274,152.36900242096124,9.555799052515432,1.1946839207,0.714700739943757,4.0
WALLABY J125443+080310,NGC 4808 TR1,193.6829960314017,8.052875467120604,35.96011237187178,8.079973222851944,0.871659466638,0.8467086470233213,4.0
WALLABY J125445+045357,NGC 4808 TR1,193.6900932471086,4.899374936430098,106.45554615897352,9.53132847968803,1.19225545767,0.9999999999999936,0.0
WALLABY J125450+072542,NGC 4808 TR1,193.7101166312779,7.428452121151843,214.43232261625855,10.201282177688123,1.22831882198,0.9995649235957199,0.0
WALLABY J125451+023900,NGC 4808 TR1,193.7142210285405,2.650154335472928,13.301476139383134,8.835505457605873,2.68683579706,1.0,0.0
WALLABY J125500+051140,NGC 4808 TR1,193.7512234919725,5.19446279384593,282.000480800024,10.054921043294051,1.04993511265,0.9850686645692479,0.0
WALLABY J125507+040229,NGC 4808 TR1,193.7816442298976,4.041481801338374,206.74757469014799,9.849362835202884,1.35370020277,0.9670154278457048,0.0
WALLABY J125509+075453,NGC 4808 TR1,193.7914995776383,7.914871628058621,37.88367714379506,8.793979905191776,1.74068872213,1.0,4.0
WALLABY J125513+080246,NGC 4808 TR1,193.8050669971447,8.046370169133008,39.24238623170463,8.330413980963662,1.44030063644,0.9998235228842102,4.0
WALLABY J125515+081543,NGC 4808 TR1,193.8137732655482,8.262030013656128,305.5150819400749,10.4490389997833,2.56964515755,0.7707735498415152,0.0
WALLABY J125516+025347,NGC 4808 TR1,193.8168455226023,2.89661866867899,40.22557547357599,9.425409732116071,4.3866554595,0.9999999999999991,4.0
WALLABY J125520+050620,NGC 4808 TR1,193.8373388455427,5.105730437938067,153.20553605449672,9.680402430712906,1.2051176345,0.9808196196468816,4.0
WALLABY J125523+075436,NGC 4808 TR1,193.8487998157023,7.910181100384291,40.087366445067914,8.776928957775622,1.44746497064,1.0,0.0
WALLABY J125548+041805,NGC 4808 TR1,193.9523167650541,4.301583675537505,10.823171488195088,9.317548741913706,8.54703310128,1.0,0.0
WALLABY J125548+045901,NGC 4808 TR1,193.9516673031105,4.983869814641685,209.46690014413463,10.223297029937642,1.39457138293,0.9999999999974175,0.0
WALLABY J125549+040049,NGC 4808 TR1,193.9563512714917,4.013832697981899,10.242337079602523,8.612263192280468,3.77885171294,1.0,0.0
WALLABY J125556+075542,NGC 4808 TR1,193.9835076174109,7.928591567389739,178.36754075531408,9.830999170873174,1.14691412684,0.9975878727083897,0.0
WALLABY J125603+045202,NGC 4808 TR1,194.0145130641613,4.867470533228871,19.62626665196087,7.7710374877479165,1.1667181685,1.0,0.0
WALLABY J125604+034843,NGC 4808 TR1,194.0193267649271,3.812093902197743,8.845517427747259,8.333991227730554,3.21058254573,1.0,0.0
WALLABY J125604+064914,NGC 4808 TR1,194.016785458323,6.820731629179483,51.60664433457046,8.949214009715627,1.30785478368,1.0,0.0
WALLABY J125605+053051,NGC 4808 TR1,194.0248919002707,5.514225959749903,101.86071461806917,9.343668013462707,1.39221366376,0.7611337465354503,0.0
WALLABY J125618+052020,NGC 4808 TR1,194.0779779313592,5.3391519135389,274.8011410375828,10.323463606176617,1.08978968518,0.999999917888531,0.0
WALLABY J125620+052836,NGC 4808 TR1,194.0833619272955,5.47685612935656,104.20520245028098,9.793834062147226,1.96450310858,0.999999999951504,0.0
WALLABY J125627+060352,NGC 4808 TR1,194.1159196795489,6.064565763683702,164.38730756772188,10.178946952143832,2.05533356961,1.0,0.0
WALLABY J125631+071846,NGC 4808 TR1,194.1299502641753,7.312806953630737,183.57520319143427,9.691474240460048,1.25457748734,0.7630648726316102,0.0
WALLABY J125636+030211,NGC 4808 TR1,194.1512747026559,3.036499635686831,269.1708636343144,10.005780455912971,1.0540474526,0.8318170082381012,0.0
WALLABY J125646+034002,NGC 4808 TR1,194.1919049685518,3.667352128846241,39.92312021259635,8.309147177228581,2.06044851292,0.9018145408761524,0.0
WALLABY J125646+074748,NGC 4808 TR1,194.1936430168484,7.796689360545991,215.0304935554057,10.299417599748587,1.47152857392,0.9999999992001893,0.0
WALLABY J125647+055350,NGC 4808 TR1,194.1974258928433,5.897395101697982,203.72064947660473,9.81550340449677,1.06022496304,0.9745453969859832,0.0
WALLABY J125647+055512,NGC 4808 TR1,194.199239406065,5.920004963127693,135.7815962544929,9.683145767938688,1.83653255301,0.74178087909575,0.0
WALLABY J125652+045727,NGC 4808 TR1,194.2190818564591,4.957517697984626,104.94184636347359,9.432908898191286,1.10549715204,0.9973334376681008,0.0
WALLABY J125652+071852,NGC 4808 TR1,194.2189649688109,7.314500935444555,183.88829629147466,9.914282867498947,1.22320257831,0.9986194361686545,0.0
WALLABY J125653+080960,NGC 4808 TR1,194.2218038593214,8.166654946817138,36.00359571543404,8.336966650977446,1.01337929735,0.9990243047650229,4.0
WALLABY J125656+040352,NGC 4808 TR1,194.2369281915989,4.064596960498491,11.871982629785228,8.060335422497216,1.81645461346,1.0,0.0
WALLABY J125716+052221,NGC 4808 TR1,194.320120621628,5.372598022852637,159.36494876536315,9.459870645436943,1.03290008264,0.9653172310584356,0.0
WALLABY J125716+060334,NGC 4808 TR1,194.3202685040085,6.059514278757795,205.28431292809137,9.857503204367182,1.06111574556,0.9936263779256462,0.0
WALLABY J125718+045929,NGC 4808 TR1,194.3261254168258,4.991512970564355,12.628493244035244,7.5104984574777625,1.36772417461,1.0,0.0
WALLABY J125734+035519,NGC 4808 TR1,194.3922581540498,3.922133743602001,100.91534531730885,9.46335713704094,1.51177188915,0.9999832304511241,0.0
WALLABY J125743+024130,NGC 4808 TR1,194.4332293209142,2.691763809098157,13.230110776380654,8.418314454390613,2.3241010646,0.9999999994284906,0.0
WALLABY J125752+034320,NGC 4808 TR1,194.4706797749814,3.722291327336418,101.52268942926023,9.362461824409618,1.15305077571,0.9999976920415322,0.0
WALLABY J125753+065307,NGC 4808 TR1,194.4737256982105,6.885347357479502,294.83240160306,9.92361721833387,1.18010084874,0.7665816116416548,0.0
WALLABY J125811+045429,NGC 4808 TR1,194.5481800209102,4.908211644619094,152.61550850406502,9.371605285215026,0.902178735548,0.7128188677507458,4.0
WALLABY J125814+033205,NGC 4808 TR1,194.5616729644435,3.534761876642164,262.2578555322415,10.262293225367001,1.54883359013,0.9999999984391237,0.0
WALLABY J125814+061724,NGC 4808 TR1,194.5608884633553,6.290199043742475,50.72090850252904,8.403690580228643,1.15024029522,0.8996452623703275,0.0
WALLABY J125821+045311,NGC 4808 TR1,194.5893422287625,4.886586005395626,155.51507449551383,9.517709773581677,1.22723998555,0.8638034710123386,0.0
WALLABY J125822+041824,NGC 4808 TR1,194.5935303877118,4.306875213085506,203.5889436602355,9.392981068663424,0.816064900229,0.7424947777492591,0.0
WALLABY J125822+043843,NGC 4808 TR1,194.5948019891553,4.645522079304242,105.24508727638235,9.225741837239068,1.44927233861,0.8632206320610919,0.0
WALLABY J125823+024727,NGC 4808 TR1,194.5970064247506,2.791070001912478,39.65310779533847,9.268950555628413,2.04614732917,0.9999993909124816,4.0
WALLABY J125831+081329,NGC 4808 TR1,194.6319381013626,8.224875444495117,116.2556360553186,9.537778168449265,1.51966018757,0.9108940300740095,4.0
WALLABY J125832+081238,NGC 4808 TR1,194.6341978278549,8.21069421370126,121.07568873905049,9.581454748694426,1.33964134315,0.9249542965562337,4.0
WALLABY J125834+054735,NGC 4808 TR1,194.6451961607791,5.793220269142166,165.64947500106237,9.578950789751252,1.67375567183,0.9974584374124802,0.0
WALLABY J125851+052229,NGC 4808 TR1,194.7125833170963,5.374804132420861,181.47506694799324,10.096475200641434,2.05778472871,0.9999999999999982,0.0
WALLABY J125909+063848,NGC 4808 TR1,194.7878042187332,6.646669017067532,218.68376654037158,9.64787711618068,1.07679650788,0.8560002738100582,0.0
WALLABY J125937+070246,NGC 4808 TR1,194.9062576940751,7.046358440933668,260.4467478211136,9.796527252846468,1.15136876023,0.7633881635366095,0.0
WALLABY J125938+062651,NGC 4808 TR1,194.9087136518422,6.447752393391579,90.74560581944525,9.422361077036369,1.21501601772,0.9999998499224487,0.0
WALLABY J125939+045140,NGC 4808 TR1,194.913490687618,4.861166732170974,191.38888054426508,9.667548567791044,1.04993549893,0.9786147826728298,0.0
WALLABY J125941+031433,NGC 4808 TR1,194.9234335098181,3.242506076785469,203.18441867333442,10.044104715749357,1.7099313886,0.999999863709491,0.0
WALLABY J125941+054304,NGC 4808 TR1,194.9218334740973,5.71788087481727,271.6251824826232,9.837140288391412,1.00034074425,0.94474233378308,4.0
WALLABY J125941+072959,NGC 4808 TR1,194.9229233799057,7.499821051468,121.67874950915518,9.553109805506468,1.12618355782,0.9799354347748845,4.0
WALLABY J125948+045800,NGC 4808 TR1,194.9516158591327,4.966887568164555,103.16629136993043,9.452145611387214,1.98278467888,0.9999984926960005,0.0
WALLABY J125952+033800,NGC 4808 TR1,194.9679524409293,3.633396147127939,14.76801344560304,7.416848346759496,0.908854660452,0.9754396901361515,0.0
WALLABY J125953+041831,NGC 4808 TR1,194.9721520656642,4.30879277960218,229.17829331868342,10.123393398882449,1.63357540707,0.9999999819054256,0.0
WALLABY J130011+065105,NGC 4808 TR1,195.0497447673951,6.851392174905001,139.80927669994924,9.068887711728326,1.11937621304,0.823460864931552,0.0
WALLABY J130012+054417,NGC 4808 TR1,195.0528538078623,5.7381712416649,207.62919724721712,9.709606521381803,1.18686968327,0.7669243584633263,0.0
WALLABY J130026+070758,NGC 4808 TR1,195.1090630471368,7.132835513467483,240.28782857454988,9.859556304502203,0.954558000315,0.8037442380289436,0.0
WALLABY J130030+071721,NGC 4808 TR1,195.1253481652555,7.289218672550088,178.20517749016497,10.091639212444473,1.35150665261,0.9999999998869332,0.0
WALLABY J130031+083118,NGC 4808 TR1,195.1306926942061,8.521928821993091,222.85660628586876,10.192653333895798,1.38516686261,0.9372817791737076,0.0
WALLABY J130034+052831,NGC 4808 TR1,195.1452486719551,5.475410915383446,230.695776519757,9.843635582076073,1.51153330089,0.9736039044547083,0.0
WALLABY J130043+071159,NGC 4808 TR1,195.1828986148411,7.199890515023343,239.79255882130062,9.768386201839903,0.933208634538,0.8008405390449274,0.0
WALLABY J130055+070243,NGC 4808 TR1,195.232334241294,7.045426790341519,263.2744589651438,10.21097787010454,1.27172101164,0.9999996369024616,0.0
WALLABY J130100+025004,NGC 4808 TR1,195.2508786554781,2.83447750200797,99.69251064665931,9.448904920666052,1.56261412601,0.7106816324993112,0.0
WALLABY J130116+045403,NGC 4808 TR1,195.3180434743714,4.90094037187806,205.57644636772514,9.82875459879362,1.06988052122,0.9945028552358951,0.0
WALLABY J130119+053553,NGC 4808 TR1,195.3303004771067,5.598220615797876,367.56811358995253,10.433446994760285,1.56141850704,0.7811154275150575,0.0
WALLABY J130122+042728,NGC 4808 TR1,195.3418198413353,4.457960902657603,209.20864522010638,9.74165026992626,0.944989017849,0.7340785905642454,0.0
WALLABY J130125+042810,NGC 4808 TR1,195.3548696568909,4.469665516933914,101.17391915296824,9.346199116342769,1.28300572447,0.9944676730095,0.0
WALLABY J130130+064803,NGC 4808 TR1,195.3764437747744,6.801059310352048,269.0933852233729,9.94600299496362,1.21413941393,0.8861654212378083,0.0
WALLABY J130131+050335,NGC 4808 TR1,195.380902836821,5.059713014429193,193.86050552926292,9.875974194134194,1.56330812548,0.9999859211527465,0.0
WALLABY J130139+072923,NGC 4808 TR1,195.4128077157483,7.489769360827925,261.8495521421176,10.034219497174195,1.087876598,0.9268441135008776,0.0
WALLABY J130143+031600,NGC 4808 TR1,195.4296407132024,3.26676126092536,206.04598775034935,9.812448835469668,1.26460560435,0.9233757717578911,0.0
WALLABY J130143+040835,NGC 4808 TR1,195.4314096746711,4.14304955700825,160.1795768933809,9.598808227902694,0.985900184956,0.9942708088978317,0.0
WALLABY J130147+053426,NGC 4808 TR1,195.4487922356312,5.574003644306859,233.09740048611553,9.880608995192441,1.23142494228,0.9999999999859774,0.0
WALLABY J130148+045931,NGC 4808 TR1,195.4525200888066,4.992044900970917,169.09460367697085,10.156970633783905,1.69405634651,0.9999999999999996,0.0
WALLABY J130150+041953,NGC 4808 TR1,195.4601475254844,4.331431974127958,160.6810652625029,10.120281733307257,2.47296981481,1.0,0.0
WALLABY J130153+052307,NGC 4808 TR1,195.4739843823862,5.385378408805984,207.8174417093796,9.89248332182647,1.21511141146,0.9950032525166519,0.0
WALLABY J130158+030601,NGC 4808 TR1,195.4920216088625,3.100432383834511,100.10537889761635,9.411727746027093,1.52022291214,0.7521281535161984,0.0
WALLABY J130209+060100,NGC 4808 TR1,195.538307958686,6.016861538248732,209.37351313889735,9.556704059539749,1.12925502085,0.9605409854795468,0.0
WALLABY J130214+055401,NGC 4808 TR1,195.5610478383562,5.90032174116406,209.99318346234614,9.595582331108307,1.56268596849,0.7307917485256527,0.0
WALLABY J130216+060128,NGC 4808 TR1,195.5693146161167,6.02465970342411,210.61109288021638,9.89863491051126,1.68666816091,0.9990181643346332,0.0
WALLABY J130216+063321,NGC 4808 TR1,195.5682380715707,6.555965768662618,49.999389644649,8.701698129336151,1.44410073691,0.998758257808558,0.0
WALLABY J130224+032233,NGC 4808 TR1,195.6003566771188,3.37582029544055,100.1780601830584,9.605463402720954,1.43715093923,0.9999999999998441,0.0
WALLABY J130228+063639,NGC 4808 TR1,195.6173050777498,6.610869265015239,294.4704872571071,9.951925532095855,1.2365022137,0.8630893362816792,0.0
WALLABY J130237+044721,NGC 4808 TR1,195.6574509958324,4.789177195118865,195.3912860149258,9.923846566979387,1.22649272212,0.9999051415323312,0.0
WALLABY J130240+050621,NGC 4808 TR1,195.6667146866658,5.105916683700594,206.838692747534,9.364657993246396,0.792727997159,0.9211787044282616,0.0
WALLABY J130241+055729,NGC 4808 TR1,195.6745184032515,5.958274634103169,40.89666851696802,8.924938367024438,1.58130619046,1.0,0.0
WALLABY J130242+032114,NGC 4808 TR1,195.6790635435889,3.354074528610954,297.5042056929537,9.785285773611527,1.24726948567,0.7976082076248365,0.0
WALLABY J130247+052059,NGC 4808 TR1,195.6989233474241,5.349901899619439,169.48387811854442,9.604187507331337,1.4201206823,0.9328692846781494,0.0
WALLABY J130247+064707,NGC 4808 TR1,195.6993392888895,6.785285210563502,102.0176699283631,9.732871113759177,1.71371309631,1.0,0.0
WALLABY J130254+055411,NGC 4808 TR1,195.7254639328464,5.903291038480314,41.31278747375926,8.231172671455111,1.14907780023,0.8310807639766553,0.0
WALLABY J130305+035925,NGC 4808 TR1,195.7748594779248,3.99037967426574,40.91919828385834,9.592955004101306,2.38755136284,1.0,0.0
WALLABY J130305+070136,NGC 4808 TR1,195.7717524645209,7.026713008827969,235.0914987857051,9.764545447791628,0.90362780822,0.9033261868232989,0.0
WALLABY J130309+073306,NGC 4808 TR1,195.7891828619262,7.551678801261337,206.63135210913953,9.40825980500802,0.724652542188,0.7170394747500126,0.0
WALLABY J130312+080017,NGC 4808 TR1,195.8031797696131,8.004762152610619,252.14453375559833,9.974752572933292,1.20300479816,0.9999998379230309,0.0
WALLABY J130315+074816,NGC 4808 TR1,195.8130646476565,7.804479670054757,41.77399008543943,9.765643048108023,3.70011151133,1.0,0.0
WALLABY J130316+044405,NGC 4808 TR1,195.8192386945843,4.73493743852465,195.9921918985657,10.057799284331484,1.48000450296,0.9999998923536185,0.0
WALLABY J130317+043547,NGC 4808 TR1,195.8237539233894,4.596629445575658,168.07882591460339,10.401482521016469,2.94624718892,1.0,0.0
WALLABY J130322+073646,NGC 4808 TR1,195.8437730516504,7.612810865814629,43.90823328061028,8.606537088047288,1.72140518797,0.9999988912006263,0.0
WALLABY J130330+081941,NGC 4808 TR1,195.878583001016,8.328126639289716,91.8211278519026,9.485337989007895,1.26347480156,0.9999999976287564,0.0
WALLABY J130331+075810,NGC 4808 TR1,195.8828698557512,7.969431959510328,199.31027171822288,10.27045632135034,1.53165405938,0.9999999999986151,0.0
WALLABY J130338+075404,NGC 4808 TR1,195.9097467688156,7.901185902460026,197.51621510092374,9.790423087801566,1.15176850433,0.7943821299091944,0.0
WALLABY J130339+043644,NGC 4808 TR1,195.9129042320901,4.612425929316006,124.4077408043397,9.543490657123755,1.28560192355,0.9987186642539689,0.0
WALLABY J130342+055733,NGC 4808 TR1,195.9275536010416,5.959250139083627,267.3961192761557,9.91735235368122,1.02808132887,0.9419048500345711,0.0
WALLABY J130344+061920,NGC 4808 TR1,195.9370286521116,6.322356686427568,205.55494721175694,10.096746546820228,1.44888191579,0.9999999999975372,0.0
WALLABY J130345+044031,NGC 4808 TR1,195.9383387072368,4.67532582256565,272.59518457461616,10.101336840450575,1.31360097974,0.9978628137105556,4.0
WALLABY J130349+072123,NGC 4808 TR1,195.9544034849362,7.356423222662293,85.60850129220755,9.042660756281824,1.17077625632,0.8737850651206249,0.0
WALLABY J130358+054204,NGC 4808 TR1,195.9919439732283,5.701191368643388,208.81925061001039,10.39994845274108,2.55378185781,0.9999999999950888,0.0
WALLABY J130400+040855,NGC 4808 TR1,196.002601226309,4.148743438916148,274.1838238186352,9.788484871993344,1.03506590198,0.7555061482762631,0.0
WALLABY J130401+045203,NGC 4808 TR1,196.007018303548,4.867658918532734,272.04577522549425,9.833332245381685,1.20747748134,0.7200381570222375,4.0
WALLABY J130406+044139,NGC 4808 TR1,196.0257065649235,4.694361647405019,194.9330380933992,9.644305819359925,0.886595506995,0.8093929277692229,0.0
WALLABY J130407+053333,NGC 4808 TR1,196.0305927729124,5.559359081508994,101.2667499641279,9.849645586555091,1.56316126495,1.0,0.0
WALLABY J130410+052910,NGC 4808 TR1,196.0447017780421,5.48636453515698,40.412555206401976,8.649806465511478,1.49981772979,0.9764936623806526,0.0
WALLABY J130412+043057,NGC 4808 TR1,196.0537851062173,4.515874100787283,178.538329457182,9.688774742597015,0.96669213309,0.993700603044486,0.0
WALLABY J130419+081330,NGC 4808 TR1,196.0796926630499,8.22510452188931,252.2322500745954,9.949055538448482,1.39929013119,0.9533915741042789,0.0
WALLABY J130428+043155,NGC 4808 TR1,196.1185647289739,4.532064306218369,101.22780684824907,9.509912344818577,1.81577955327,0.9968661841413673,0.0
WALLABY J130436+045341,NGC 4808 TR1,196.1504604607453,4.894761848468598,206.14239007157298,9.569383711448632,1.40130638433,0.8046740934833052,0.0
WALLABY J130438+034245,NGC 4808 TR1,196.1601212939516,3.712608060701789,162.6889316940442,9.723125158571051,1.48417239992,0.9961204775525196,0.0
WALLABY J130438+061203,NGC 4808 TR1,196.1602230425285,6.201067742277683,164.01491565891675,9.988370469314424,1.63510163868,0.9665522311448689,0.0
WALLABY J130440+075733,NGC 4808 TR1,196.1671945150835,7.959241906193213,201.7318867557017,9.91819477490936,1.25925770495,0.9974146408588455,0.0
WALLABY J130445+062514,NGC 4808 TR1,196.1879960806795,6.420591216628842,203.90313484196912,9.674210951011244,1.37963359338,0.8446641466724804,0.0
WALLABY J130453+034934,NGC 4808 TR1,196.2223559900336,3.826365356258538,175.3039809670839,10.067457889647264,1.52235721771,0.9996739996612414,4.0
WALLABY J130504+071549,NGC 4808 TR1,196.2699700148136,7.263820372792376,263.39552490945664,10.096576880806909,1.21341140254,0.9998553954479004,0.0
WALLABY J130510+053040,NGC 4808 TR1,196.2918391483547,5.511241463102976,103.97055387341933,9.142462664539183,1.03129769157,0.9914273038198795,0.0
WALLABY J130512+034927,NGC 4808 TR1,196.3031694911503,3.824374992120449,206.20563890652357,9.876611539955153,1.27425362315,0.9997830243761116,0.0
WALLABY J130512+083423,NGC 4808 TR1,196.3039570252712,8.57305497814108,102.31610075138319,9.508491580463101,1.38325386025,0.7445768392873631,0.0
WALLABY J130522+043840,NGC 4808 TR1,196.3421289750555,4.644607819400523,200.98677071637667,10.081584396766385,1.86757381322,0.9960436484118335,0.0
WALLABY J130535+041627,NGC 4808 TR1,196.3965978361037,4.27442348052293,187.92677720779724,10.111872158978121,1.41609841485,0.9877935220901009,0.0
WALLABY J130535+051140,NGC 4808 TR1,196.397698989546,5.194619989003242,187.44414301107622,9.767620918195492,1.03759437196,0.9891568334844439,0.0
WALLABY J130544+073310,NGC 4808 TR1,196.4340725835904,7.552818324762374,265.6854684409026,10.181426185823119,1.31091009857,0.9999717552308354,0.0
WALLABY J130555+033208,NGC 4808 TR1,196.481834334551,3.535748784062823,187.20694885852225,9.878639203489133,1.2739593964,0.999999877461404,0.0
WALLABY J130558+035723,NGC 4808 TR1,196.4955249852761,3.956555189375222,100.07401652669934,10.0655560448871,3.39366720871,0.9999999835067713,0.0
WALLABY J130609+040911,NGC 4808 TR1,196.5405975528755,4.153210932040762,170.3547255879307,9.713745033773202,1.20738759495,0.9323276027006527,0.0
WALLABY J130620+040901,NGC 4808 TR1,196.5871582308659,4.150385354093191,100.55957448161257,9.306575244620204,1.22648342591,0.9396666157804303,0.0
WALLABY J130623+052247,NGC 4808 TR1,196.5998240350766,5.379889762738421,186.70749530694732,9.84987458808726,1.46131414556,0.9847661380319253,0.0
WALLABY J130635+042739,NGC 4808 TR1,196.6459994463994,4.460910746564205,91.14406860839874,9.481399555734159,1.61069005624,0.9999999999664653,0.0
WALLABY J130646+070404,NGC 4808 TR1,196.6938468515985,7.067973456225514,244.05907416313696,10.037098570406757,1.45021064619,0.9000834508153522,4.0
WALLABY J130656+074407,NGC 4808 TR1,196.7359482520617,7.735490442990973,126.19450142324445,9.785161165296078,1.98058233083,0.9999988590672866,0.0
WALLABY J130658+065934,NGC 4808 TR1,196.7452459190906,6.992929634246249,296.90007712807716,10.059798490441747,1.23276956676,0.9055642155069221,0.0
WALLABY J130659+042805,NGC 4808 TR1,196.7472903508548,4.468116251925033,169.4667791379532,9.788884465006598,1.19706812489,0.9985081214803848,0.0
WALLABY J130659+045802,NGC 4808 TR1,196.7488113544441,4.967483556772404,183.48185498518998,9.684139375108002,0.965088940646,0.9549201887011772,0.0
WALLABY J130705+031317,NGC 4808 TR1,196.7711961650677,3.221600833941211,206.98650464517712,10.108540983914645,1.23936530661,0.9999679270304251,0.0
WALLABY J130715+041132,NGC 4808 TR1,196.8128716828137,4.192266911298784,271.4886530910423,9.943411525601,0.877969419244,0.7971204059762861,4.0
WALLABY J130721+070242,NGC 4808 TR1,196.8416231261257,7.045078765598505,293.83988674230744,9.96668487384731,0.96914982253,0.8875325203285506,0.0
WALLABY J130727+044550,NGC 4808 TR1,196.8662930082749,4.763906116445493,200.91096018650617,10.251452672392018,1.66903950171,0.9256157365719104,0.0
WALLABY J130727+082924,NGC 4808 TR1,196.8646482139041,8.490214570229385,233.85433703467598,10.017059743220203,0.827850680201,0.9531297378736354,0.0
WALLABY J130738+041709,NGC 4808 TR1,196.9100165663692,4.286081474645817,104.59368782334556,9.117208220985196,0.889547384856,0.981168886800565,0.0
WALLABY J130739+062006,NGC 4808 TR1,196.9131038235034,6.335178860305128,102.16854834572835,10.13185367570176,2.63395476056,1.0,0.0
WALLABY J130739+075909,NGC 4808 TR1,196.915287541715,7.985940934714646,86.44026402023306,9.099687064482136,1.35140820869,0.9271944350996312,0.0
WALLABY J130802+062900,NGC 4808 TR1,197.0107142573469,6.48335110491253,101.90953950170577,9.783971089303845,2.14907994151,0.9999999923585594,0.0
WALLABY J130810+044441,NGC 4808 TR1,197.0433511724978,4.74482621452265,83.56740635858404,9.638499431264634,3.66421976814,1.0,0.0
WALLABY J130812+062455,NGC 4808 TR1,197.0531496374027,6.415470339418697,103.49044683504516,9.457260626317455,1.6760869437,0.9999999935676414,0.0
WALLABY J130813+034746,NGC 4808 TR1,197.0565003559996,3.796204925222519,85.22475756064365,9.08084167287132,1.19610605184,0.9999962892072859,0.0
WALLABY J130813+053320,NGC 4808 TR1,197.0545332161709,5.555655545145839,202.53039442326445,9.826499020261622,1.51163212909,0.9638975334866696,0.0
WALLABY J130813+064248,NGC 4808 TR1,197.0572239710904,6.713489201807413,194.39676074746671,9.753556529323285,1.434978961,0.9867177097004624,0.0
WALLABY J130826+064302,NGC 4808 TR1,197.1090262421718,6.71741020570482,211.70720312029178,9.960359609178196,1.32404275833,0.9997329888757135,0.0
WALLABY J130829+042207,NGC 4808 TR1,197.1211981903836,4.368813812098166,103.68496411071654,9.780247657753318,1.74522577739,0.8952743274354776,0.0
WALLABY J130844+040942,NGC 4808 TR1,197.1874382922866,4.161774552835395,125.75859053378576,9.588217681551507,1.50480505011,0.9925637138099764,0.0
WALLABY J130844+044424,NGC 4808 TR1,197.1837811521119,4.740100314997265,187.62236521024326,9.591619930452687,1.06772554497,0.805003895701606,0.0
WALLABY J130852+055946,NGC 4808 TR1,197.2193965817479,5.996224289050208,51.13442428389889,8.862651874178006,1.44791832653,0.9999999982199851,0.0
WALLABY J130901+072007,NGC 4808 TR1,197.2565860824336,7.335531829861735,91.06661298817339,9.016036865746742,0.981959925547,0.8423057244452898,0.0
WALLABY J130903+065753,NGC 4808 TR1,197.2635693549028,6.964764987996512,196.12123305707658,9.878732192484943,1.05646326056,0.9998011255677797,0.0
WALLABY J130904+081148,NGC 4808 TR1,197.2669371994904,8.196916480601656,101.95615454472694,9.242618217635558,1.08871524484,0.973255620881113,0.0
WALLABY J130905+055109,NGC 4808 TR1,197.2747727813376,5.852619893789429,103.29395677937502,9.654941023928687,1.30155570751,0.9999999999999902,0.0
WALLABY J130906+051433,NGC 4808 TR1,197.2774074671229,5.24273803296036,51.45675094907149,9.399677106286704,3.11721238329,1.0,0.0
WALLABY J130916+025905,NGC 4808 TR1,197.3199758377793,2.984882039915548,164.13986615498231,9.934976192168723,1.06599708512,0.9999978285110036,0.0
WALLABY J130923+065940,NGC 4808 TR1,197.3476098322861,6.994613562899328,52.03170116592606,9.543206617767206,1.94402267831,1.0,0.0
WALLABY J130929+045032,NGC 4808 TR1,197.3717513480856,4.842259951690912,171.33304689542396,9.958375819556935,1.39867896728,0.9964694898226857,4.0
WALLABY J130942+061307,NGC 4808 TR1,197.4272394592531,6.218736510275814,183.19405734664164,10.174431297020515,1.68534592183,0.9999999551736405,0.0
WALLABY J130950+062601,NGC 4808 TR1,197.4621705754511,6.433633603102503,166.91889532897693,9.52161386374377,0.928820649912,0.7656552324479285,0.0
WALLABY J131022+050058,NGC 4808 TR1,197.5935361848273,5.016325835489955,172.45871845550502,9.920678020083546,1.17292113372,0.9972722628528956,4.0
WALLABY J131041+053553,NGC 4808 TR1,197.6748514752886,5.598235483385067,252.0399658777391,10.085116105669025,0.939100465205,0.8843248838029535,0.0
WALLABY J131113+065134,NGC 4808 TR1,197.8078868602103,6.859440078610714,88.49738423140224,9.323217985779193,1.69590446773,0.928751051673348,0.0
WALLABY J131122+032431,NGC 4808 TR1,197.8437772524444,3.408681450595036,43.59123360106875,9.58990372448638,4.42132734208,1.0,0.0
WALLABY J131145+075645,NGC 4808 TR1,197.9378037835,7.94608464088534,279.47728120147644,10.40611133171507,1.65965676376,0.9973409097050691,0.0
WALLABY J131206+052832,NGC 4808 TR1,198.0262766311709,5.475565397811479,13.023183584225892,8.16448134670552,2.07544534884,1.0,0.0
WALLABY J131207+031203,NGC 4808 TR1,198.0305736463638,3.201041146768122,118.40201187468465,10.004240149488382,2.13000707359,0.9999959084579001,4.0
WALLABY J131208+025916,NGC 4808 TR1,198.0351325685212,2.988027246026582,43.405871392039224,9.168941015727592,2.02465529302,0.9999083118120629,0.0
WALLABY J131232+071059,NGC 4808 TR1,198.1374021433479,7.183157659286967,12.917384266471414,8.476629771153162,2.79402487161,1.0,0.0
WALLABY J131320+060327,NGC 4808 TR1,198.3371152997217,6.057740237483431,100.70467065643165,10.17412980528574,2.56951124412,0.9999999999908556,0.0
WALLABY J125656-202606,NGC 5044 TR3,194.2339784537322,-20.4351771433201,52.50232488585843,8.862091657849561,1.1191475476,0.76393791813633,4.0
WALLABY J125700-171910,NGC 5044 TR3,194.2517977610215,-17.31949605719287,56.83160804358685,9.817026695396642,2.08182523771,0.9999999999903784,0.0
WALLABY J125706-182159,NGC 5044 TR3,194.276281424406,-18.36645887157931,231.11707276027164,10.336987195270236,1.79153327881,0.9999599966296501,0.0
WALLABY J125721-171102,NGC 5044 TR3,194.338599301018,-17.18393353153632,69.00511558164087,9.022550139225848,1.00242619908,0.7176259801091448,0.0
WALLABY J125724-153912,NGC 5044 TR3,194.3521602318497,-15.65339410603507,79.90943427792978,9.233721077326171,1.03684204356,0.763244947119577,0.0
WALLABY J125757-130339,NGC 5044 TR3,194.4887689633614,-13.06086978532367,71.7414541984267,10.049119819638019,3.78941302735,1.0,0.0
WALLABY J125831-181843,NGC 5044 TR3,194.6298758820818,-18.31210370244634,217.64565394610048,10.229659736180075,1.36542588102,0.9984220733959568,0.0
WALLABY J125832-161038,NGC 5044 TR3,194.6349102022364,-16.17739797309239,76.15927716978376,9.24820192318853,1.20490790254,0.8644995098442314,0.0
WALLABY J125834-164819,NGC 5044 TR3,194.6446435020848,-16.80551233862494,54.89194451433962,9.179502519406448,1.27612741987,0.9980869578714276,0.0
WALLABY J125836-161333,NGC 5044 TR3,194.6515359926302,-16.22605449895057,75.14000375449228,9.1712153112067,1.19551517563,0.9808970963899758,0.0
WALLABY J125843-170913,NGC 5044 TR3,194.6799498045308,-17.15386472395141,118.89515235086809,9.744926282395538,1.54434857089,0.9769220203002527,4.0
WALLABY J125848-114647,NGC 5044 TR3,194.7029004710199,-11.77985046216893,68.81506421782457,9.037662005795296,1.78141739228,0.9284223094744551,0.0
WALLABY J125850-145324,NGC 5044 TR3,194.7103888187681,-14.89013751211414,69.71815765244517,9.197071542697765,1.16108362795,0.9995234133843589,0.0
WALLABY J125855-142319,NGC 5044 TR3,194.731314773987,-14.38868559500547,276.72690216291085,10.117921677066407,1.35264030951,0.8012117625097798,0.0
WALLABY J125859-135141,NGC 5044 TR3,194.7491421413461,-13.86139762025943,69.74627161952594,8.993047467935394,1.24623706419,0.9967971673413982,0.0
WALLABY J125907-121329,NGC 5044 TR3,194.7792844114985,-12.22481782798696,18.692699415857778,9.014019827334417,3.46519639675,1.0,0.0
WALLABY J125910-161749,NGC 5044 TR3,194.7918007214858,-16.29706721083766,184.62882710552955,10.020438939609386,1.15787008459,0.9763782979008355,0.0
WALLABY J125912-124101,NGC 5044 TR3,194.8039476995968,-12.68384524870303,55.33969119982663,8.990958376163317,1.26872306286,0.9769678282760322,0.0
WALLABY J125912-182326,NGC 5044 TR3,194.8009602364077,-18.39074532697991,218.60220878686974,9.889980565067885,0.98567677498,0.791476413088852,0.0
WALLABY J125915-150108,NGC 5044 TR3,194.81251137028,-15.01890981516812,17.265079225700468,8.212094552871433,3.85464232366,0.9998590178995224,0.0
WALLABY J125923-120455,NGC 5044 TR3,194.8459053009094,-12.0821467513741,90.53699330243973,9.668085487771464,1.42693522103,0.9999949065725721,0.0
WALLABY J125924-150253,NGC 5044 TR3,194.8504053804729,-15.04829780970868,20.68807293847937,8.286152795182659,2.95366219365,0.9999645495478877,0.0
WALLABY J125930-120652,NGC 5044 TR3,194.8774385795215,-12.11468124803459,91.40040869502451,9.389863409169111,1.29469973558,0.7335399360293225,0.0
WALLABY J125930-135159,NGC 5044 TR3,194.8757342390907,-13.86648646475514,199.9970055320237,9.828042939496765,1.1421690211,0.7086309387611309,0.0
WALLABY J125930-180055,NGC 5044 TR3,194.8767682095269,-18.01553667815207,70.87282612747508,9.24215642856476,1.16734408149,0.9999548366907081,0.0
WALLABY J125931-140755,NGC 5044 TR3,194.879868281827,-14.13200118184042,92.19604809620024,9.857906151749308,1.82144805665,1.0,0.0
WALLABY J125932-151419,NGC 5044 TR3,194.8866824966066,-15.23881391440914,20.28347851631015,8.141622739521514,1.43221021768,0.9999994544070449,0.0
WALLABY J125932-182203,NGC 5044 TR3,194.885934022739,-18.36762626496451,215.92795345490663,9.915612829995421,1.00471013305,0.7569602058091297,0.0
WALLABY J125939-145813,NGC 5044 TR3,194.9143508794794,-14.9702942752764,70.5275255538122,9.889977840634112,3.10027898173,1.0,0.0
WALLABY J125940-151600,NGC 5044 TR3,194.9190572595249,-15.26692401718968,69.46880130969375,9.01348843549523,1.02078333607,0.8652959974653446,0.0
WALLABY J125942-140140,NGC 5044 TR3,194.9276724955855,-14.02790015941997,62.05177281272649,9.519031732411845,3.13044091056,0.9999999999999873,4.0
WALLABY J125942-164952,NGC 5044 TR3,194.9284674948142,-16.83132796389312,19.49936591691593,7.611029425722946,1.02862349263,0.7258155621536795,0.0
WALLABY J125943-150804,NGC 5044 TR3,194.9311902867851,-15.13446673877278,191.62028033744699,9.793170004802697,1.28013889609,0.8899938999527393,0.0
WALLABY J125945-145159,NGC 5044 TR3,194.9381421932869,-14.86639282102058,37.91325059186601,8.818846633444966,1.94329674368,0.999997555107031,4.0
WALLABY J125949-200826,NGC 5044 TR3,194.9574691565107,-20.1405640201264,199.50922445439528,9.450166299975164,0.720094973984,0.8755705055255604,0.0
WALLABY J125951-150446,NGC 5044 TR3,194.9649380249254,-15.07953668445949,174.24811358728152,10.18107497019469,1.60805831103,0.9999999869967978,4.0
WALLABY J125956-192430,NGC 5044 TR3,194.9833370349134,-19.40843429410134,11.822187201840713,8.253953654297579,3.0312403596,1.0,0.0
WALLABY J125959-143124,NGC 5044 TR3,194.9990578426001,-14.52352226174944,36.80654737297873,8.728622637122985,1.66513291313,0.9999999999994618,4.0
WALLABY J130002-183046,NGC 5044 TR3,195.0087011953721,-18.51289156682023,197.42550129852916,10.151753772196512,3.05873289018,0.9999999015569965,0.0
WALLABY J130003-183028,NGC 5044 TR3,195.0130207018906,-18.50790904054714,196.6419392200717,9.94212162358858,2.11315038164,0.799782492427628,0.0
WALLABY J130004-152151,NGC 5044 TR3,195.0205923791294,-15.36438736750759,22.64060823768946,8.500209985835296,1.6166414542,1.0,0.0
WALLABY J130004-154055,NGC 5044 TR3,195.0186083394265,-15.6821393714835,16.1661577931796,7.758711544694582,1.75086207392,0.9619108420975431,0.0
WALLABY J130010-130042,NGC 5044 TR3,195.0439359194091,-13.01183146020194,67.77856252219776,8.758850495545797,1.10614897757,0.7715285807664766,0.0
WALLABY J130016-170140,NGC 5044 TR3,195.0689267568787,-17.02799322937134,70.17644253326247,9.549462395825058,1.2477654337,1.0,0.0
WALLABY J130017-122041,NGC 5044 TR3,195.0717585104816,-12.34494200307117,22.589893826816073,9.294110194137179,4.22481554897,1.0,0.0
WALLABY J130018-115758,NGC 5044 TR3,195.075721846821,-11.96620086397146,218.26330311199595,10.160976563348171,1.69910588639,0.8692287617054405,0.0
WALLABY J130026-151708,NGC 5044 TR3,195.1094561939788,-15.2855506030729,70.23420664162036,10.240804123585269,5.04264635312,1.0,0.0
WALLABY J130029-133839,NGC 5044 TR3,195.1234891307607,-13.64419912191181,61.804780085677926,9.249773271924964,1.42848398116,0.9999999999958376,4.0
WALLABY J130029-133942,NGC 5044 TR3,195.1230545042441,-13.66191782834417,91.49325624635613,9.019082271334751,1.04901857325,0.8692612178515446,0.0
WALLABY J130029-181400,NGC 5044 TR3,195.12293340683,-18.23358795537396,208.73468515282366,9.798491718204064,1.43986563218,0.931948455878746,0.0
WALLABY J130032-123039,NGC 5044 TR3,195.1333844795477,-12.51109283499297,90.85409099598164,9.486855777467744,1.29602423829,0.9999960119503569,0.0
WALLABY J130033-122307,NGC 5044 TR3,195.1406669932643,-12.38545003571449,35.73107890237514,8.096239592081055,0.766168861219,0.9882949888880512,0.0
WALLABY J130037-143948,NGC 5044 TR3,195.1558715734888,-14.66346385086928,38.55911519430731,9.268023185595565,5.51434571405,1.0,4.0
WALLABY J130043-154253,NGC 5044 TR3,195.1823353636783,-15.7149500773964,19.76404479063971,8.578225188988437,2.69598521029,0.999999998834965,0.0
WALLABY J130043-185429,NGC 5044 TR3,195.1813806339776,-18.90821102317548,148.71839334231268,9.63097371410426,1.40313253576,0.9314945412866227,0.0
WALLABY J130044-142906,NGC 5044 TR3,195.1874504761964,-14.4850523409197,91.71479363875768,9.411751294773627,1.23022113577,0.9999569281547501,0.0
WALLABY J130047-130944,NGC 5044 TR3,195.197468256379,-13.16237961450181,261.6214958677075,10.22662365831333,1.35399881667,0.9331599023692724,0.0
WALLABY J130047-141534,NGC 5044 TR3,195.1997141513735,-14.25961076604001,65.84591870337937,9.105970583434933,1.36910692256,0.9999998500113522,0.0
WALLABY J130049-143608,NGC 5044 TR3,195.2048783381207,-14.60221449991192,92.95255929000511,9.132771196610575,0.923349767488,0.7242085653589424,0.0
WALLABY J130049-170522,NGC 5044 TR3,195.2073824787416,-17.08964265250496,68.92422850673154,9.124301067174471,1.96406489836,0.9996618942922645,0.0
WALLABY J130052-145506,NGC 5044 TR3,195.2190003829445,-14.91849241125774,198.11348979971194,9.678890018662004,1.39659543654,0.7763900005471366,0.0
WALLABY J130052-164149,NGC 5044 TR3,195.2171946478649,-16.6969811278726,61.368961137810906,8.835614548567664,1.61421598637,0.8886474504127512,4.0
WALLABY J130053-132655,NGC 5044 TR3,195.2230295427899,-13.44860754089939,36.50800148130908,9.99636720373952,5.55347354533,1.0,4.0
WALLABY J130056-135640,NGC 5044 TR3,195.2334687062839,-13.94450480275077,38.00793370114788,9.813164715800934,5.05245986747,1.0,4.0
WALLABY J130057-172247,NGC 5044 TR3,195.2389016557584,-17.37990455316413,69.86872164106647,9.337507722987638,1.5193699916,1.0,0.0
WALLABY J130059-143042,NGC 5044 TR3,195.2477022640222,-14.5119215690099,37.468319353673955,9.782914545756055,4.28055702768,1.0,4.0
WALLABY J130105-165505,NGC 5044 TR3,195.2718823279866,-16.91831219432112,193.3904494508352,9.935844182175854,1.25332583688,0.9998080793717827,0.0
WALLABY J130107-133053,NGC 5044 TR3,195.28215276793,-13.51472683857046,18.65011258413017,8.882510435645672,3.0691444205,1.0,0.0
WALLABY J130108-181149,NGC 5044 TR3,195.2873718269972,-18.1971102998253,69.0440362435323,9.51286442003276,1.99216909223,1.0,0.0
WALLABY J130109-141528,NGC 5044 TR3,195.2894928657831,-14.25782420481582,38.98920600812876,8.818618736568446,2.13843897211,0.9999999998911094,4.0
WALLABY J130113-170851,NGC 5044 TR3,195.3044988027374,-17.14752543835866,188.69854072004375,9.538526657363885,0.933678108799,0.7382832560615563,0.0
WALLABY J130121-133904,NGC 5044 TR3,195.3413509115298,-13.65130019477887,130.94381091356993,9.743202903021873,1.17510942369,0.995078659508234,0.0
WALLABY J130121-194538,NGC 5044 TR3,195.3411281481512,-19.76080906124349,173.67158828418061,9.64938155059605,1.14872804108,0.717383073667853,0.0
WALLABY J130123-151152,NGC 5044 TR3,195.3480899976677,-15.19778018042154,173.6332870454488,10.202770025605767,1.68085893979,0.9999999999997986,4.0
WALLABY J130130-151321,NGC 5044 TR3,195.3751196957897,-15.2227197687042,69.24481322864897,9.066635939846918,1.22924788727,0.9975367452677445,0.0
WALLABY J130132-154057,NGC 5044 TR3,195.3874708993995,-15.68253902898364,70.69497968701462,9.15920613084797,1.43655803955,0.9999718761741546,0.0
WALLABY J130132-190935,NGC 5044 TR3,195.3840466774423,-19.15983550341603,187.86535872217215,10.145058569362575,1.28541216235,0.9999999116087493,0.0
WALLABY J130133-191211,NGC 5044 TR3,195.3878234585142,-19.20318473402296,185.91969678116484,9.85307715372929,1.26153942775,0.7255465413432405,0.0
WALLABY J130133-192537,NGC 5044 TR3,195.3884237879195,-19.42708450209177,166.6122765907277,9.672739801268015,1.16806189038,0.8536580392228366,0.0
WALLABY J130143-175939,NGC 5044 TR3,195.4298724334875,-17.99439172296108,44.233724859301276,8.618666594973588,1.03305139748,0.9999999931253511,0.0
WALLABY J130148-114530,NGC 5044 TR3,195.4534648419815,-11.75856299082241,84.78191649482166,9.932877513266307,2.21392602928,1.0,0.0
WALLABY J130152-133135,NGC 5044 TR3,195.4690411011469,-13.5264635010645,202.21322019846886,9.595658987509834,1.27235697336,0.7717769071212589,0.0
WALLABY J130153-191443,NGC 5044 TR3,195.4736204845551,-19.24551970320087,164.48944139291493,9.84303235998506,1.56376134284,0.9999461163827446,0.0
WALLABY J130154-144123,NGC 5044 TR3,195.478990671411,-14.68981810065106,70.26396903773882,9.26457566779703,1.0925833737,0.9999999927066142,0.0
WALLABY J130156-135401,NGC 5044 TR3,195.4853884837478,-13.90044492787503,36.319064683828955,8.592454881332898,1.12649240112,1.0,0.0
WALLABY J130157-165915,NGC 5044 TR3,195.4876881631947,-16.98772768172043,86.24440192452205,9.242535155619517,1.21244452502,0.9999979960974721,0.0
WALLABY J130158-164401,NGC 5044 TR3,195.4945407775092,-16.73375119950919,185.70942038042128,9.541065636639193,1.33214611478,0.831367631745345,0.0
WALLABY J130200-155427,NGC 5044 TR3,195.5000816096068,-15.90762762227449,76.15600258340501,9.119502744066843,1.46765680298,0.7397771488546474,0.0
WALLABY J130201-164147,NGC 5044 TR3,195.5047133185787,-16.69651881999078,198.16046579874987,9.44582734325539,1.04778819387,0.7007754015050022,0.0
WALLABY J130201-164641,NGC 5044 TR3,195.505507129535,-16.77820259931852,200.08739328207886,10.21080964005805,1.66679987891,0.9999999811475909,0.0
WALLABY J130202-115118,NGC 5044 TR3,195.5105464098229,-11.85505979592896,220.95758087220608,10.433437118138576,1.59031824963,0.9999999999998581,0.0
WALLABY J130203-145302,NGC 5044 TR3,195.5149418546055,-14.88408311636801,19.200008826423883,8.865599874205119,3.94662320891,1.0,0.0
WALLABY J130213-144945,NGC 5044 TR3,195.5566968622846,-14.82930062880589,198.3273716796975,10.091113540015911,1.88392360071,0.9999999673247059,0.0
WALLABY J130213-145817,NGC 5044 TR3,195.5552290364467,-14.97150116388425,69.40562248236358,10.10649606453988,3.85160549845,1.0,0.0
WALLABY J130213-171416,NGC 5044 TR3,195.5578293379022,-17.23782374438331,10.30454894016438,8.049348894670542,2.52401689623,1.0,0.0
WALLABY J130215-170254,NGC 5044 TR3,195.566461419854,-17.04859686880727,84.6634039436935,9.090081843159426,1.10093302353,0.8128443504682105,0.0
WALLABY J130216-145410,NGC 5044 TR3,195.5693467423081,-14.90295409348231,69.50486716272555,9.26178858679491,3.75101606995,0.999999999999215,0.0
WALLABY J130220-143758,NGC 5044 TR3,195.5839848978225,-14.63290056417671,70.10063079498727,9.025145227403305,1.35209577761,1.0,0.0
WALLABY J130221-154600,NGC 5044 TR3,195.590275974464,-15.76689407031091,69.28458002795942,10.12923822249869,3.98219110884,1.0,0.0
WALLABY J130223-122031,NGC 5044 TR3,195.5990001350209,-12.34198841911243,73.32659211813623,9.819181626737173,2.14807829035,1.0,0.0
WALLABY J130223-160911,NGC 5044 TR3,195.5992450289707,-16.15331766265529,197.262533250585,9.894672343976067,1.19130863331,0.9996492016194812,0.0
WALLABY J130223-174422,NGC 5044 TR3,195.5975162520432,-17.73943339363973,43.10937313616305,8.57004906718606,1.41888300424,0.9977662919633671,0.0
WALLABY J130224-155038,NGC 5044 TR3,195.6017505409316,-15.84401044556966,194.76936585680582,9.715740514038387,1.38579067252,0.8178026817144597,0.0
WALLABY J130225-174046,NGC 5044 TR3,195.6082197035192,-17.67947668245709,66.38130911035198,9.968947892034677,3.42196463483,1.0,4.0
WALLABY J130228-204117,NGC 5044 TR3,195.6190451746206,-20.68822782521503,119.98360927876973,10.091239835567118,2.03386198752,0.9999999999995395,4.0
WALLABY J130235-113803,NGC 5044 TR3,195.6498798271122,-11.63425482626171,49.790764641362465,9.517796295922604,3.0502408858,1.0,0.0
WALLABY J130241-192818,NGC 5044 TR3,195.6741878312995,-19.47191525925583,166.34149032341955,10.030869759419414,1.6754503466,0.8477584930404857,0.0
WALLABY J130244-125326,NGC 5044 TR3,195.6869496475261,-12.8906649267186,201.46622959522094,10.020488583917608,1.31526803663,0.9976175398230462,0.0
WALLABY J130246-115536,NGC 5044 TR3,195.6920021869265,-11.9268310345761,102.75908254158651,9.153824079270402,1.02427262039,0.9655819203317617,0.0
WALLABY J130246-151426,NGC 5044 TR3,195.6923714113919,-15.2407260303909,224.5270571254804,9.92847050585252,1.07020893695,0.9542544673525163,0.0
WALLABY J130252-113001,NGC 5044 TR3,195.716969972835,-11.50039328421804,160.57333478736865,9.884307005135827,1.2549520516,0.9975304989330763,0.0
WALLABY J130254-135530,NGC 5044 TR3,195.7278482852703,-13.9252163803222,308.9554147969699,10.091306538883915,1.14088951761,0.9318535989782367,0.0
WALLABY J130254-155621,NGC 5044 TR3,195.7288872462572,-15.93930163215684,77.50256580092606,8.88072286062085,0.903421790627,0.9423474453585865,0.0
WALLABY J130302-201332,NGC 5044 TR3,195.7612805768162,-20.22577939100441,98.14641951109805,9.602722824282123,1.26438389823,0.9999999985803152,0.0
WALLABY J130306-193614,NGC 5044 TR3,195.7756253336979,-19.60397593412932,180.93589962914962,10.08608754346702,1.34074803937,0.9937546913980704,0.0
WALLABY J130309-193935,NGC 5044 TR3,195.7906152262407,-19.65971665845064,224.6453744507466,10.111228033088,1.43137541876,0.7187705820803899,0.0
WALLABY J130311-134534,NGC 5044 TR3,195.7998390826053,-13.75960949175236,167.9173886439043,9.492084613007274,0.793784616322,0.8996254666116861,0.0
WALLABY J130311-172230,NGC 5044 TR3,195.7981672739039,-17.37508299509739,42.30899526023088,9.551888324548447,3.09044428329,1.0,0.0
WALLABY J130314-172514,NGC 5044 TR3,195.8118843077678,-17.42071223160784,10.623397295630417,9.523352913642809,9.31380611771,1.0,0.0
WALLABY J130315-140627,NGC 5044 TR3,195.8164769716052,-14.10755420854743,103.54246246132357,9.351825971437542,1.14472548327,0.9680428360117989,0.0
WALLABY J130315-193958,NGC 5044 TR3,195.8154073377128,-19.66637243019626,203.39808582111527,10.113340411421492,1.30913546753,0.983882380955608,0.0
WALLABY J130316-115951,NGC 5044 TR3,195.8189652324904,-11.99758671553825,102.69706818306695,9.14384527759154,0.934341131593,0.8306201005439863,0.0
WALLABY J130317-140446,NGC 5044 TR3,195.8229082762921,-14.07946994202629,262.81243961790153,10.097982632015844,1.17785006151,0.9991235363770421,0.0
WALLABY J130320-112144,NGC 5044 TR3,195.8357831028413,-11.3622438941235,302.76508543344704,10.227212282281542,1.47009607215,0.7107260448130404,0.0
WALLABY J130320-193543,NGC 5044 TR3,195.8336720361903,-19.59542013033915,166.74061264951894,9.66487411443862,1.06760145053,0.9898584456547632,0.0
WALLABY J130321-134144,NGC 5044 TR3,195.8406584450456,-13.69555148865209,199.07263789536867,9.964943378179512,1.82502032804,0.9982687099707617,0.0
WALLABY J130322-130612,NGC 5044 TR3,195.8427917260028,-13.10335883502569,204.84406370770748,9.886024016804809,1.47151485952,0.9945066481919687,0.0
WALLABY J130323-172339,NGC 5044 TR3,195.8475158370269,-17.39423644689528,43.69365762531951,9.03401730307927,1.37440638813,1.0,0.0
WALLABY J130324-144601,NGC 5044 TR3,195.8500085597362,-14.76710832939615,36.8178760350137,9.277255638474488,1.81368608343,1.0,4.0
WALLABY J130325-153818,NGC 5044 TR3,195.8580213063483,-15.63852452285849,64.50419052495151,9.121399950038647,1.3870172699,0.9999999999999971,0.0
WALLABY J130326-163847,NGC 5044 TR3,195.8587008708191,-16.64641104471525,200.5634084136918,9.6190716143688,0.948627585988,0.7879831269017917,0.0
WALLABY J130327-202706,NGC 5044 TR3,195.8644578804258,-20.45181421574739,194.85591857694797,9.917362114783666,1.08103161295,0.7543783591728523,0.0
WALLABY J130327-202922,NGC 5044 TR3,195.8640195680678,-20.48954632461465,61.34958773058114,9.082974511104249,1.44079918804,0.9999998402256737,4.0
WALLABY J130328-114125,NGC 5044 TR3,195.8667888215564,-11.69049299882685,38.97855721752173,8.333801599477766,1.1371239746,0.7456110948697698,4.0
WALLABY J130328-115201,NGC 5044 TR3,195.867433019725,-11.86700035551708,208.73213225338864,10.182760884881771,2.06013984471,0.9999997571735177,0.0
WALLABY J130328-120420,NGC 5044 TR3,195.8673265750892,-12.07248141691271,76.1974454843875,9.202376014709282,1.20874276344,0.9999969442572714,0.0
WALLABY J130334-163733,NGC 5044 TR3,195.891782347522,-16.62594151735318,198.96909018986048,10.050083463489047,1.39689170544,0.9796609172281091,0.0
WALLABY J130337-142537,NGC 5044 TR3,195.9072200805077,-14.42708354924168,37.94659892988332,9.010465202633956,1.64304792089,1.0,4.0
WALLABY J130337-155652,NGC 5044 TR3,195.9073183575748,-15.94793888341468,196.48294688587282,9.559393680420401,1.05715689767,0.9999999999994508,0.0
WALLABY J130340-113541,NGC 5044 TR3,195.9187358364233,-11.59479793149581,80.28660110188707,9.28801253692802,1.26903831227,1.0,0.0
WALLABY J130340-211340,NGC 5044 TR3,195.9175386825828,-21.22791908206629,99.05828386324733,9.488470882367826,1.30671969593,0.9999981974611818,0.0
WALLABY J130342-123045,NGC 5044 TR3,195.9289980190082,-12.51271340525349,216.2132756799333,9.987720241782956,1.35216586479,0.9999922976141572,0.0
WALLABY J130343-162557,NGC 5044 TR3,195.9330127300875,-16.43268674148739,180.15253667242425,10.026898976961604,1.21560891348,1.0,0.0
WALLABY J130343-165607,NGC 5044 TR3,195.9295297563113,-16.9353325952481,147.0009804637289,9.786547871642288,1.36585897191,0.9999999999923789,0.0
WALLABY J130346-113711,NGC 5044 TR3,195.9431158778101,-11.61989397540256,79.67837918316275,9.378102732803029,1.14423796573,0.9999999953391046,0.0
WALLABY J130347-180311,NGC 5044 TR3,195.9464995234696,-18.05323432875276,252.848723477805,9.88827060614634,1.27085759309,0.7180256751090992,0.0
WALLABY J130348-162236,NGC 5044 TR3,195.9501046892986,-16.37685325775749,244.0220389933144,10.0017509809058,1.25922959094,0.9668783419684557,4.0
WALLABY J130350-163312,NGC 5044 TR3,195.9598194734287,-16.5534209929338,182.05094422418344,10.467032652716837,2.12116833359,1.0,0.0
WALLABY J130353-192550,NGC 5044 TR3,195.9743806681757,-19.43063577266795,195.82958036474034,9.568046510036654,0.884872251562,0.7888683042389141,0.0
WALLABY J130354-110256,NGC 5044 TR3,195.9784508813602,-11.04894332855489,39.092285338038174,8.508144438092993,1.18471534963,0.9999999999999909,4.0
WALLABY J130355-163807,NGC 5044 TR3,195.9794978765012,-16.6353485480516,192.20967529966651,9.814427991625243,1.35676655902,0.9819052256765581,0.0
WALLABY J130357-112956,NGC 5044 TR3,195.9878894664428,-11.49888196804582,45.40372420375908,9.177743238364227,3.2975594439,1.0,0.0
WALLABY J130358-143526,NGC 5044 TR3,195.9947569161434,-14.59077408240786,201.90600151229486,9.736511477404388,1.18295443493,0.8866635663132771,0.0
WALLABY J130358-164910,NGC 5044 TR3,195.995555165237,-16.81948791260171,157.51669706543385,9.533048571305313,1.14011799721,0.9578897746480071,0.0
WALLABY J130400-165409,NGC 5044 TR3,196.0030931407061,-16.9025862915983,201.17539093407046,10.010284124574941,1.48303855863,0.999999219190538,0.0
WALLABY J130401-112916,NGC 5044 TR3,196.0060375508094,-11.48803337377258,83.32688106220735,9.258223766157496,1.367214333,0.9999999999919558,0.0
WALLABY J130401-170100,NGC 5044 TR3,196.0048882532951,-17.01688869012441,196.57486306236035,10.425379154391702,2.10220679214,1.0,0.0
WALLABY J130401-200110,NGC 5044 TR3,196.0054683962454,-20.01959323895771,165.69819703475082,9.592479974138275,1.03215254176,0.785391011573635,0.0
WALLABY J130405-141215,NGC 5044 TR3,196.0210746712954,-14.20425803682167,201.05954003400143,9.937037029776084,1.24474142469,1.0,0.0
WALLABY J130408-142339,NGC 5044 TR3,196.0354130751795,-14.39422535248967,103.08174235109476,9.527926739330118,1.69065642732,0.9999972989285468,0.0
WALLABY J130408-192102,NGC 5044 TR3,196.0339498996487,-19.35055534410884,189.15917912562722,10.212481646163159,1.62484472837,0.9870793897551281,0.0
WALLABY J130410-134334,NGC 5044 TR3,196.0417634241207,-13.72614624854557,43.35481564601897,8.900122900203081,1.53070695535,1.0,0.0
WALLABY J130410-174551,NGC 5044 TR3,196.0444262532565,-17.76434734760053,195.59279084407234,9.674551744394277,0.994213175401,0.8948313518091753,0.0
WALLABY J130413-113048,NGC 5044 TR3,196.0573865292773,-11.51357869416797,81.2657623101273,9.18446930083459,1.75676858864,0.9257353461046829,0.0
WALLABY J130414-191227,NGC 5044 TR3,196.0596487913186,-19.20753620012172,200.1979856344975,9.875481287647172,1.17851298306,0.9294722296319862,0.0
WALLABY J130415-102023,NGC 5044 TR3,196.0625609865608,-10.33984214631051,44.400693453694934,10.267410991282361,7.39081502996,1.0,0.0
WALLABY J130415-115926,NGC 5044 TR3,196.0665061342611,-11.99078515581678,37.89668348272113,8.191084009908325,0.929681051732,0.9940385995888555,4.0
WALLABY J130417-165026,NGC 5044 TR3,196.0739639895175,-16.84054608718065,168.3037929330805,9.679713751943265,1.68510046638,0.9896636749456583,0.0
WALLABY J130417-202952,NGC 5044 TR3,196.0749789550001,-20.49795255135566,67.84102759721777,8.985997266212648,1.07979214008,0.9992712631797067,0.0
WALLABY J130420-181518,NGC 5044 TR3,196.0856695936621,-18.25499626639328,39.02257713494888,8.569870456748175,1.40871452635,0.999999963288892,4.0
WALLABY J130421-111510,NGC 5044 TR3,196.0891617020742,-11.25301614494807,50.488394909231936,8.439477848856715,0.922883207289,0.7868264047681078,0.0
WALLABY J130422-170313,NGC 5044 TR3,196.092044341364,-17.05385627985771,195.2311929500984,9.625602886015368,1.00947810229,0.7494309494195451,0.0
WALLABY J130422-210413,NGC 5044 TR3,196.0938020008082,-21.07042140684789,43.792920421515134,8.64527074038627,1.13909849412,0.9989047160249652,0.0
WALLABY J130425-204308,NGC 5044 TR3,196.1068241380077,-20.71902924139554,187.25277329327673,10.193243704036249,1.96543461875,0.9623292851619482,0.0
WALLABY J130426-202720,NGC 5044 TR3,196.1108525780161,-20.45556189155397,224.75261160267135,10.02692181025431,2.2225625228,0.7171860865585084,0.0
WALLABY J130430-174819,NGC 5044 TR3,196.1268697927014,-17.80542178291862,156.82132122458987,9.564007349940647,1.00682465804,0.8208348576120924,0.0
WALLABY J130430-180121,NGC 5044 TR3,196.1261460880446,-18.02263353666683,200.33903397321046,9.92676595652454,1.32539235915,0.9999975756120019,0.0
WALLABY J130437-170033,NGC 5044 TR3,196.154997493207,-17.00921548424385,158.1682055129503,9.674664568107943,1.0560320662,0.9983807743143653,0.0
WALLABY J130438-113758,NGC 5044 TR3,196.1607658543865,-11.63297050590848,81.23386956456386,9.178879091948158,1.20030460635,0.9647121389355614,0.0
WALLABY J130441-123008,NGC 5044 TR3,196.1723652188126,-12.50242952874542,267.32924803770976,10.161705977325628,1.18673881428,0.9716857684452553,0.0
WALLABY J130444-160813,NGC 5044 TR3,196.183408821254,-16.13710390400569,257.24705831584566,10.1133921809973,1.4230595134,0.9548170655551314,0.0
WALLABY J130445-165416,NGC 5044 TR3,196.1900448165036,-16.90455224958354,154.57487659266775,10.019707593540426,1.29886238097,1.0,4.0
WALLABY J130445-183840,NGC 5044 TR3,196.1893836846043,-18.64448002770689,38.93530645296326,8.528343808423095,1.11018991998,0.9406343105679238,4.0
WALLABY J130445-190601,NGC 5044 TR3,196.1881121852649,-19.10027273997742,191.4057211691984,9.663158601171663,0.952770133423,0.792368506566221,0.0
WALLABY J130446-142034,NGC 5044 TR3,196.1938810195639,-14.34282521649772,306.3954984496622,10.139919218812976,1.89539760138,0.9346262369930302,0.0
WALLABY J130449-113123,NGC 5044 TR3,196.2081770274513,-11.52310010452306,80.8747205377455,9.12199822380388,1.13894889587,1.0,0.0
WALLABY J130449-171802,NGC 5044 TR3,196.207385163593,-17.300594008451,156.23879360755004,9.93967679155904,2.01376164587,0.9999999999982915,0.0
WALLABY J130450-141139,NGC 5044 TR3,196.2089421902219,-14.19416618916785,259.77341153168936,10.069325927819827,1.50574266524,0.9990077924217656,0.0
WALLABY J130456-181831,NGC 5044 TR3,196.2363242713127,-18.30882775400503,199.08060274455735,9.750062995386427,1.09196058823,0.9820874618873038,0.0
WALLABY J130457-201215,NGC 5044 TR3,196.2401058393413,-20.20426025476858,170.98471392382825,9.749060939353093,1.46846522994,0.9999535437254903,0.0
WALLABY J130500-111525,NGC 5044 TR3,196.25048920426,-11.25704912848619,189.96899583464892,9.762869938488143,1.15701619939,0.9999999999947362,0.0
WALLABY J130501-131601,NGC 5044 TR3,196.2573754649507,-13.2670503090413,77.15732876064143,9.007407341815567,1.30044126812,0.9905067830081064,0.0
WALLABY J130501-162151,NGC 5044 TR3,196.2568882145177,-16.3642724599455,180.31267723212008,10.042892666595874,1.60967241539,0.9996106401106873,0.0
WALLABY J130501-204158,NGC 5044 TR3,196.2565231564935,-20.69949297510881,100.7555463779998,9.342278834555986,1.1115328016,0.8191470192911156,0.0
WALLABY J130502-201243,NGC 5044 TR3,196.2591419894638,-20.2121300018348,101.52673454858848,9.488488893405117,1.92925898807,0.9906194814356721,0.0
WALLABY J130503-171522,NGC 5044 TR3,196.2643974600362,-17.25611744036375,10.35029095730446,7.652538802827776,1.594472267,1.0,0.0
WALLABY J130510-161645,NGC 5044 TR3,196.2951064248291,-16.27931541718403,195.0540637130754,9.756126145527356,1.32135105316,0.8897324492948068,0.0
WALLABY J130514-203447,NGC 5044 TR3,196.3097947555936,-20.57978368379227,192.7692202842521,9.603558084308242,1.08735017858,0.7417420543753549,0.0
WALLABY J130515-165316,NGC 5044 TR3,196.3144249735851,-16.8879611922462,40.58642948421713,9.392303305712458,2.21821134298,1.0,0.0
WALLABY J130516-171618,NGC 5044 TR3,196.3207488310438,-17.27185106120759,195.6538453052183,9.6787233656806,1.18762310779,0.9937242592355303,0.0
WALLABY J130516-172641,NGC 5044 TR3,196.3173143090456,-17.44484323720395,153.37530152409084,10.265012043567943,2.44333957954,1.0,4.0
WALLABY J130517-172223,NGC 5044 TR3,196.3245397780673,-17.373061045111,156.02824311602683,9.597942547500177,1.44859674663,0.9803495262658497,0.0
WALLABY J130520-112019,NGC 5044 TR3,196.3348051322747,-11.33882705229248,56.14083185571593,9.019226643517948,1.26022018426,1.0,0.0
WALLABY J130525-161217,NGC 5044 TR3,196.3550942579678,-16.20487410905504,175.1750848692974,9.58165226527611,0.853181774239,0.9683549049830256,0.0
WALLABY J130527-142801,NGC 5044 TR3,196.36613698946,-14.46698452153477,36.22617173780913,8.405221258425115,1.20180178802,0.999999999989067,0.0
WALLABY J130528-111138,NGC 5044 TR3,196.3704012877983,-11.19409179163113,46.46680012338159,8.852193794775276,1.47807139938,1.0,0.0
WALLABY J130528-111610,NGC 5044 TR3,196.3691388875764,-11.26951016601235,194.61051679736406,9.74994028572045,0.931987100808,0.8605437584975587,0.0
WALLABY J130528-154240,NGC 5044 TR3,196.3672105313302,-15.71109785425035,84.73427782451446,8.796099569261735,0.817093739008,0.7110400340481643,0.0
WALLABY J130532-124549,NGC 5044 TR3,196.3863061040925,-12.76379764910095,37.38604678283085,8.191371665122764,1.31392261601,0.9989358223671031,4.0
WALLABY J130532-200236,NGC 5044 TR3,196.3846098668693,-20.04343390747919,195.61414995304898,10.20940123319805,1.78154247805,0.9754446982600371,0.0
WALLABY J130534-154506,NGC 5044 TR3,196.3927152519412,-15.75171556056694,41.50747952690279,9.354371757076756,1.89655309927,1.0,0.0
WALLABY J130539-144459,NGC 5044 TR3,196.4126072797891,-14.7499804185793,203.848470760384,9.682426160564592,0.978361388964,0.9840250225367924,0.0
WALLABY J130545-130604,NGC 5044 TR3,196.4379053253799,-13.10124298515618,212.66614932985243,9.759569420513387,1.61629646589,0.9725107370418914,0.0
WALLABY J130545-193817,NGC 5044 TR3,196.4403386735816,-19.63814904532346,192.27811884126845,10.227547919923207,2.32859074,0.9549691976144312,0.0
WALLABY J130546-133400,NGC 5044 TR3,196.4448594975306,-13.56668846276973,18.526914591532158,7.645389682122517,0.929293114877,0.9999999947382272,0.0
WALLABY J130547-130037,NGC 5044 TR3,196.4459618831968,-13.01033417515941,263.08369671219486,9.997152552302309,1.14815389259,0.9981780437561268,0.0
WALLABY J130548-200037,NGC 5044 TR3,196.4526133601887,-20.01053900048564,204.5148789778426,9.937381260704717,1.42913656485,0.924367560418968,0.0
WALLABY J130548-210454,NGC 5044 TR3,196.451783365005,-21.08173265420051,121.64464349754391,9.442821853376287,1.89458436565,0.9938264420626786,0.0
WALLABY J130554-121523,NGC 5044 TR3,196.4757590688532,-12.25651057631063,161.7303301583132,9.58321671050514,1.06523732179,0.7841961567611957,0.0
WALLABY J130554-165937,NGC 5044 TR3,196.4757240634416,-16.99375477150619,37.29509316867115,8.28225459779424,1.03282046303,0.7796802902239389,4.0
WALLABY J130558-124006,NGC 5044 TR3,196.4934016813601,-12.66834320598776,37.53951132437749,8.25912201959079,0.850132506414,0.9999999982491872,4.0
WALLABY J130558-124008,NGC 5044 TR3,196.4941751097408,-12.66904524169898,37.97739265505666,8.53919197580704,0.902503471043,1.0,4.0
WALLABY J130558-124011,NGC 5044 TR3,196.4951033670832,-12.66987419671615,38.51703051264048,8.203277575152775,0.894446614999,0.9999999999519938,4.0
WALLABY J130559-133807,NGC 5044 TR3,196.498833824522,-13.63545305812135,165.15111976316106,9.984994417263152,1.50037660879,0.9999999999999849,0.0
WALLABY J130559-145906,NGC 5044 TR3,196.4970013115414,-14.98511965353696,80.30929952831359,9.263819580967983,1.49858328504,0.9999999999999996,0.0
WALLABY J130602-155021,NGC 5044 TR3,196.509868627366,-15.83932260839759,96.20005399392727,9.264359095104787,1.26256200997,0.9980588266920006,0.0
WALLABY J130606-172523,NGC 5044 TR3,196.5263904376663,-17.42311540886915,199.89181375549333,9.88735081814177,1.30222348394,0.999971195848198,0.0
WALLABY J130607-124509,NGC 5044 TR3,196.532143232309,-12.75255901482691,162.48417500607982,9.393226210560242,1.08668461136,0.9974335034027448,0.0
WALLABY J130607-201432,NGC 5044 TR3,196.5304333899441,-20.24239634168775,175.31515186485964,9.611305067780904,0.917451695919,0.7384120631148242,0.0
WALLABY J130608-172615,NGC 5044 TR3,196.5359246388717,-17.4375524193991,195.229688169558,9.623280208524475,1.28909759991,0.8368909836100091,0.0
WALLABY J130612-201622,NGC 5044 TR3,196.5513877956607,-20.27282500667344,216.63361615657547,10.163527064785606,1.739353328,0.9999999999817831,0.0
WALLABY J130614-202212,NGC 5044 TR3,196.5608013691367,-20.37024111013451,217.10226507697516,10.422917353805508,1.68581978936,0.8971523985425335,0.0
WALLABY J130615-135536,NGC 5044 TR3,196.5647199960979,-13.92690580532346,165.56611739857215,10.05319954606441,1.38018597589,1.0,0.0
WALLABY J130618-113220,NGC 5044 TR3,196.5765902430974,-11.53897819435225,84.37860463751342,9.242753223372864,1.14123830266,0.9999925939192473,0.0
WALLABY J130618-173039,NGC 5044 TR3,196.5768410869774,-17.51096062271869,20.990122420998897,9.117039838998918,2.92479961861,1.0,0.0
WALLABY J130618-193547,NGC 5044 TR3,196.5751502087019,-19.59638435985527,60.80806543639385,9.23968203937475,2.00127427062,1.0,4.0
WALLABY J130622-161408,NGC 5044 TR3,196.592874903122,-16.23570153425173,159.27661541050279,9.457480532376977,1.08437195729,0.7032840431664452,0.0
WALLABY J130623-145631,NGC 5044 TR3,196.5965581874457,-14.94208994491243,85.69783900811474,9.453828090957291,1.92163792574,1.0,0.0
WALLABY J130624-160656,NGC 5044 TR3,196.6019510963769,-16.11564165362774,80.93964578053301,8.78794235339517,1.08502894005,0.8882964465970355,0.0
WALLABY J130626-140731,NGC 5044 TR3,196.6120560519171,-14.12550263463648,37.15486978384667,8.516626173056196,1.36703461003,1.0,4.0
WALLABY J130626-182036,NGC 5044 TR3,196.6120423686307,-18.34351543777162,286.0040455401034,9.819709979544506,0.839118309204,0.7006991037119747,0.0
WALLABY J130627-153029,NGC 5044 TR3,196.6159672685592,-15.50804702986047,103.02364520809746,9.295680768664038,1.08077275367,0.9483014771558591,0.0
WALLABY J130629-133413,NGC 5044 TR3,196.6218391513807,-13.57052642779894,35.19782151889389,9.316220611356057,2.05837231271,1.0,0.0
WALLABY J130630-112046,NGC 5044 TR3,196.6290708578276,-11.34621999038667,222.44513165206823,9.911770825348814,1.10382041391,0.8932744761321332,0.0
WALLABY J130633-160714,NGC 5044 TR3,196.6414769433003,-16.12058580559134,81.65719792572467,9.017917841054484,0.959533645208,0.7641600844792882,0.0
WALLABY J130633-190609,NGC 5044 TR3,196.6406604683752,-19.10273870781845,230.05886080767237,10.153493775831022,1.42866225818,0.9999991102166362,0.0
WALLABY J130636-211139,NGC 5044 TR3,196.6521948982443,-21.19432696091341,191.88863676414897,9.412160675511183,0.669768885035,0.7647262582270064,0.0
WALLABY J130639-115418,NGC 5044 TR3,196.6658036429192,-11.90501350452312,101.85160374583012,8.977853978016409,0.891883976689,0.7352060893617407,0.0
WALLABY J130639-135036,NGC 5044 TR3,196.6646233836538,-13.84332817425331,91.91714566693086,9.322615581219944,1.29023373913,0.99923246850916,0.0
WALLABY J130643-155855,NGC 5044 TR3,196.6805164857174,-15.9820745893096,162.03719977783115,9.719356379682461,1.36691148518,0.999985914785412,0.0
WALLABY J130644-161702,NGC 5044 TR3,196.6857176834481,-16.28415030404357,35.66520532305654,8.103289803409599,1.10548098419,0.9831376462431523,0.0
WALLABY J130645-122324,NGC 5044 TR3,196.6905057616328,-12.39024104159168,47.25861538620113,8.35750140926266,0.937288618084,0.9108841928634832,0.0
WALLABY J130645-162250,NGC 5044 TR3,196.6882336813661,-16.38060539270505,156.93503368073223,9.764636359815476,3.32299895698,0.9765777593330447,0.0
WALLABY J130645-164412,NGC 5044 TR3,196.6913706571744,-16.73689441230137,267.6746155881592,9.991238341982154,1.17594972372,0.9713461794835676,0.0
WALLABY J130647-162241,NGC 5044 TR3,196.6975734868424,-16.37808297364895,156.17895590837466,9.59222041439519,1.25508425413,0.7196524854829469,0.0
WALLABY J130648-202247,NGC 5044 TR3,196.7023002924277,-20.37974104214292,41.58496531663432,8.964799070111013,1.64831570236,1.0,0.0
WALLABY J130654-154854,NGC 5044 TR3,196.7252928746578,-15.81524622040997,162.1331661706802,9.942412001060525,1.38487297545,0.9999999999513588,0.0
WALLABY J130656-184823,NGC 5044 TR3,196.7341268187865,-18.80662581588253,40.26833478287657,8.52878844679143,1.90240607759,0.9999993028482147,0.0
WALLABY J130659-151041,NGC 5044 TR3,196.7473793782272,-15.17824228528932,69.18719274623156,8.666570140784176,0.876462490205,0.8421161798243599,0.0
WALLABY J130659-211444,NGC 5044 TR3,196.7491557880394,-21.24558771934768,225.1643809250726,10.139107326521405,1.14236162538,0.7544436988174649,0.0
WALLABY J130703-185253,NGC 5044 TR3,196.7624841106888,-18.88159266657526,197.78760341703958,9.865948676667502,1.4989976081,0.9985061734023069,0.0
WALLABY J130706-171551,NGC 5044 TR3,196.7778812357517,-17.26417628652668,124.33303609569113,9.810932682101207,1.21008632453,1.0,0.0
WALLABY J130718-130903,NGC 5044 TR3,196.8279067481465,-13.15083078699333,21.77265798296513,7.77903028730011,0.995821637828,0.9999997817378408,0.0
WALLABY J130718-162004,NGC 5044 TR3,196.8285582459177,-16.33469846608205,35.30669072599853,8.886147189005461,1.64770535604,1.0,0.0
WALLABY J130719-161334,NGC 5044 TR3,196.831182470606,-16.22611232998583,193.94496087649986,10.14427572187239,1.60138217434,0.9999999999999618,0.0
WALLABY J130730-164622,NGC 5044 TR3,196.8790392023593,-16.77303402058861,196.6958291547934,9.76480934580498,1.03679032188,0.9835594656893153,0.0
WALLABY J130732-132154,NGC 5044 TR3,196.8860636562393,-13.36509251472262,69.9435539146288,9.210648746630474,1.21691407247,1.0,0.0
WALLABY J130733-120657,NGC 5044 TR3,196.8908697202871,-12.11601931494597,92.62191137195067,9.104305854341074,0.946176193486,0.9175153552207813,0.0
WALLABY J130733-140834,NGC 5044 TR3,196.8890529695692,-14.14287973826689,265.5131097710233,9.77238670824537,0.908002499778,0.7644147898443802,0.0
WALLABY J130734-145145,NGC 5044 TR3,196.8920470806227,-14.8625151091629,258.6478380958546,10.24906420473633,1.17886165813,0.9999999993829043,4.0
WALLABY J130735-200029,NGC 5044 TR3,196.8973183522278,-20.00806935125845,89.58084798415216,9.424061201505353,1.30302886449,0.9999998987868177,0.0
WALLABY J130737-151812,NGC 5044 TR3,196.9066253836829,-15.30342252446824,169.09937188262057,10.081687986248095,1.52998596374,1.0,0.0
WALLABY J130738-183754,NGC 5044 TR3,196.9101347114152,-18.63188292921788,250.21582579654424,10.237989249110479,1.24042365579,0.999998726271101,0.0
WALLABY J130739-153555,NGC 5044 TR3,196.9132982887809,-15.59867081694656,171.82539280152616,9.699528834966069,1.076189692,0.9964038020632432,0.0
WALLABY J130747-213240,NGC 5044 TR3,196.9480901638515,-21.54449909401015,107.3812564167088,9.482622997712038,1.07707620892,0.8330893594144857,0.0
WALLABY J130749-161828,NGC 5044 TR3,196.9560600641446,-16.30796595608979,70.4671621930378,9.185421596374024,1.30256011713,0.999999998452622,0.0
WALLABY J130752-194822,NGC 5044 TR3,196.9671107170595,-19.80626732384953,198.9753653081023,9.98320829844764,1.47093069913,0.8561693952434786,0.0
WALLABY J130753-205916,NGC 5044 TR3,196.9726424322203,-20.98793717684868,178.331542071359,10.323285297315248,1.78551144138,0.9999731421658065,0.0
WALLABY J130756-164123,NGC 5044 TR3,196.9853926461551,-16.68982837443717,13.570406295601845,8.047006199578124,1.52314342665,1.0,0.0
WALLABY J130757-193648,NGC 5044 TR3,196.9898903618053,-19.6135949601063,198.45398693223356,10.055587044273835,1.41155870608,0.7273313983433811,0.0
WALLABY J130758-121123,NGC 5044 TR3,196.994582601222,-12.18971755777114,179.1846788145156,10.281281214597046,2.06567086752,1.0,0.0
WALLABY J130759-180456,NGC 5044 TR3,196.9989657799867,-18.08222731451413,153.7927986534279,10.010976523481583,1.40974649588,0.999999999998921,0.0
WALLABY J130801-203117,NGC 5044 TR3,197.0043462889218,-20.52141040145165,64.85481084896026,9.367720060784045,1.57115945686,0.9999999999999583,0.0
WALLABY J130806-144640,NGC 5044 TR3,197.0252102660338,-14.77792002707602,37.055518329690095,9.299855365194206,2.43010072128,1.0,4.0
WALLABY J130806-174547,NGC 5044 TR3,197.0254181892311,-17.76328725099511,26.65533748708961,8.45717134418554,1.48953695104,1.0,0.0
WALLABY J130808-120042,NGC 5044 TR3,197.0371600802624,-12.01182862222108,161.0540260383052,10.082327205539677,1.63005791563,1.0,0.0
WALLABY J130812-145720,NGC 5044 TR3,197.0508411002928,-14.955555618409,165.21159864623547,9.544757453344406,1.52946834758,0.9142175572594136,0.0
WALLABY J130813-120248,NGC 5044 TR3,197.0582619578008,-12.04677668523579,90.71736019429507,9.285924384092176,1.11056293038,0.9973280322615812,0.0
WALLABY J130813-161425,NGC 5044 TR3,197.0572696111653,-16.2402747676122,40.44390747132668,8.716914385425845,1.36971019077,1.0,0.0
WALLABY J130815-210002,NGC 5044 TR3,197.0634083200353,-21.00073247125524,23.527355600534023,8.737310376951768,2.70699969432,1.0,0.0
WALLABY J130818-143213,NGC 5044 TR3,197.0755355493448,-14.53709900022556,38.21464758775209,9.23899274225358,3.01107483311,1.0,4.0
WALLABY J130821-185647,NGC 5044 TR3,197.0900918634908,-18.94647539830084,195.36924787373988,9.883057890173422,2.47742806256,0.9999750725190566,0.0
WALLABY J130825-194130,NGC 5044 TR3,197.1065369797604,-19.69178571578461,99.43844257361134,9.686192816373422,2.01692759954,1.0,0.0
WALLABY J130828-150130,NGC 5044 TR3,197.1185915770829,-15.02498650511809,165.29042826889446,9.96520281296443,1.17565766155,0.9999999999975695,0.0
WALLABY J130829-204924,NGC 5044 TR3,197.1231419662178,-20.82340565167733,20.720590664139678,8.08547971112962,1.27607458965,0.9999999999999982,0.0
WALLABY J130832-144904,NGC 5044 TR3,197.1364129560418,-14.81802296932497,82.8594718790931,9.315144366516991,1.21306311509,1.0,0.0
WALLABY J130835-143159,NGC 5044 TR3,197.1481663898199,-14.53304261940098,342.17816009870245,9.83361128509201,0.824392426322,0.8719078973970751,0.0
WALLABY J130837-155227,NGC 5044 TR3,197.1572837505446,-15.87430582064841,177.18087185807767,9.548897018513587,1.04453812001,1.0,0.0
WALLABY J130838-164909,NGC 5044 TR3,197.1587160447521,-16.81918495977182,72.65849720658419,8.6959283324248,0.788011357786,0.7418047231134314,0.0
WALLABY J130838-192128,NGC 5044 TR3,197.1591138349388,-19.35781389222714,67.38625690518356,9.049997451554116,1.27981679166,0.9999981066244146,0.0
WALLABY J130841-155908,NGC 5044 TR3,197.1739574423447,-15.98562315417004,83.65094987206585,8.961219505664802,0.992710964434,0.9995185292269128,0.0
WALLABY J130846-175751,NGC 5044 TR3,197.1921190634235,-17.96420543040498,195.12158942625942,10.229611232065219,1.18840559883,1.0,0.0
WALLABY J130850-125228,NGC 5044 TR3,197.2114859298381,-12.87461885989876,73.19478847415695,9.040199640466636,1.50192965287,1.0,0.0
WALLABY J130850-141531,NGC 5044 TR3,197.2095244983369,-14.25880067249539,197.58073482363778,10.084523576245505,1.26965884561,0.9999999999999997,0.0
WALLABY J130854-163609,NGC 5044 TR3,197.228340165338,-16.60264013832724,36.94704031618008,9.240983120717404,3.02108203811,1.0,4.0
WALLABY J130854-171416,NGC 5044 TR3,197.2254506725511,-17.23803352480999,140.01739720429367,9.829666564754753,1.51241995817,0.9999999803326111,0.0
WALLABY J130857-153100,NGC 5044 TR3,197.2411251344144,-15.51681511333676,17.898138619128186,8.285652390059433,2.98565672132,0.9999999999999991,0.0
WALLABY J130901-172115,NGC 5044 TR3,197.2572636283498,-17.35430252890258,71.41852635643806,8.672915644199827,1.37879983936,0.8869845389561744,0.0
WALLABY J130906-170551,NGC 5044 TR3,197.2776978380134,-17.09759507428761,69.66193465222705,8.750858437747526,1.24501541207,0.9871623998384912,0.0
WALLABY J130906-172108,NGC 5044 TR3,197.2751479478292,-17.35233744618859,68.43346619785751,8.742772713836546,1.39887733759,0.8154788867591576,0.0
WALLABY J130912-121116,NGC 5044 TR3,197.3038724429349,-12.18779428608191,92.7347268346811,9.468705452260345,1.35152646981,0.9999999996300473,0.0
WALLABY J130914-183640,NGC 5044 TR3,197.3112990665205,-18.61124344881285,249.35825245030833,9.805069329521876,1.17719079027,0.9391065392434793,0.0
WALLABY J130919-195729,NGC 5044 TR3,197.3300347534315,-19.95804277750269,247.92627928466467,10.214691720252478,1.07683330475,0.8262445002780199,4.0
WALLABY J130922-133559,NGC 5044 TR3,197.3425056443987,-13.59984722008729,201.47869989264552,10.40968425480786,1.59517447922,1.0,0.0
WALLABY J130922-195223,NGC 5044 TR3,197.3443507283633,-19.87330866377477,102.42397548885556,9.788699952895227,1.44407379384,1.0,0.0
WALLABY J130922-201247,NGC 5044 TR3,197.3419136857588,-20.21330464493339,239.93441876387516,10.290252370951137,1.42953493169,0.982250765722708,0.0
WALLABY J130924-183226,NGC 5044 TR3,197.3519624816343,-18.54073772913111,189.6297256461424,9.680357404762802,1.44422104966,0.9612835561026712,0.0
WALLABY J130925-155810,NGC 5044 TR3,197.3556275272132,-15.96959784078944,84.06264700393096,9.075844970341068,1.34416600139,0.9942032680269055,0.0
WALLABY J130932-145705,NGC 5044 TR3,197.3834144617694,-14.95155538999999,199.03902273337746,9.567803362878257,1.68351521537,0.9999810787201258,0.0
WALLABY J130934-145427,NGC 5044 TR3,197.3926746833904,-14.90767577980139,83.27717310807905,8.873380379112662,1.02545088925,0.7793895478216661,0.0
WALLABY J130934-165107,NGC 5044 TR3,197.3948533172897,-16.8519617306629,155.44160069028425,9.857100535543745,1.20364005205,0.9999999647237948,0.0
WALLABY J130935-124738,NGC 5044 TR3,197.3995024065027,-12.79395221192362,306.2614957433809,9.81096901788335,0.86211583995,0.8714318073522279,0.0
WALLABY J130936-185815,NGC 5044 TR3,197.4011047987682,-18.97107618262267,152.08758752542283,10.34009232281696,1.90919712169,1.0,4.0
WALLABY J130937-102944,NGC 5044 TR3,197.4047255776495,-10.49555088466997,157.93036916427883,9.98181590889586,1.51482115029,0.9967235226025578,0.0
WALLABY J130937-150616,NGC 5044 TR3,197.4060986641377,-15.10455920579173,198.3044722936738,9.654406215208951,1.24629551281,0.8612893246211268,0.0
WALLABY J130938-155416,NGC 5044 TR3,197.4097144552153,-15.90443622086985,83.26234231094207,9.170096233104395,1.00399787569,0.996324653050847,0.0
WALLABY J130939-135908,NGC 5044 TR3,197.4152779437082,-13.98557532871264,161.44245662953148,9.473340568700493,0.843690426877,0.9403496144033233,0.0
WALLABY J130941-132855,NGC 5044 TR3,197.4240890159487,-13.48199929032021,203.84488889882374,9.713536253335603,1.18284303683,0.8895832229016944,0.0
WALLABY J130941-145553,NGC 5044 TR3,197.4229132534506,-14.93143426311882,35.595664889448265,7.969953770035343,1.12949074837,0.8385245867560847,0.0
WALLABY J130943-163617,NGC 5044 TR3,197.4317179211032,-16.60493984517278,36.85324883859581,9.859084979443764,5.5006535237,1.0,4.0
WALLABY J130945-124014,NGC 5044 TR3,197.4392745080665,-12.67067700662966,202.57463429694948,9.735025806525403,1.44621313701,0.9449892758318367,0.0
WALLABY J130946-162959,NGC 5044 TR3,197.4447395005926,-16.49997332969809,35.41549463230802,8.117312803208645,2.06563785064,0.9999986278042116,0.0
WALLABY J130947-101916,NGC 5044 TR3,197.4481698050118,-10.32117640611391,17.22918992794034,8.845619731154851,3.52752602193,1.0,0.0
WALLABY J130947-171234,NGC 5044 TR3,197.4475316267733,-17.2094556336776,72.10685677462675,9.143066788419178,1.21975910198,0.9999999990820548,0.0
WALLABY J130949-154149,NGC 5044 TR3,197.4563442591865,-15.69699683483201,173.83637604754506,9.70612994370654,0.905267673493,0.9782786883353934,4.0
WALLABY J130950-212052,NGC 5044 TR3,197.4588174609399,-21.34776588053049,19.530700213068396,7.960357679321347,1.33751241105,0.9999999296649118,0.0
WALLABY J130951-163245,NGC 5044 TR3,197.4629801290061,-16.54598020800188,36.20366575277448,8.651464659047596,4.09234815309,0.999998574424806,4.0
WALLABY J130954-104332,NGC 5044 TR3,197.4782410943885,-10.7258072620533,86.35487654639992,9.751279235777583,2.05682397983,1.0,0.0
WALLABY J130958-171937,NGC 5044 TR3,197.4946875367091,-17.32698335796782,36.29983916064432,8.347488143029613,1.1356089909,0.9999263164556176,0.0
WALLABY J130959-155357,NGC 5044 TR3,197.4995621101243,-15.89940985458826,35.438937665178365,8.019769985156406,1.03239478886,0.8692952254683362,0.0
WALLABY J131001-162607,NGC 5044 TR3,197.5047260139062,-16.4353525220682,186.91067658276611,9.78312155129202,1.233618919,0.9999897576438281,0.0
WALLABY J131009-121223,NGC 5044 TR3,197.5378703379064,-12.20649633724647,56.90143025821228,8.593098813466057,1.08769528669,0.79914753113011,0.0
WALLABY J131009-171227,NGC 5044 TR3,197.5378443240724,-17.20763652863792,108.15396049452747,9.345626545757218,1.35174432801,0.7767817634279826,4.0
WALLABY J131011-112257,NGC 5044 TR3,197.5466880422257,-11.38267182036052,103.69085083067195,9.510783008080915,2.37803252866,0.9999921762408758,0.0
WALLABY J131017-171323,NGC 5044 TR3,197.5721537932745,-17.22329900788115,237.46985317943654,9.762945959401153,1.32022349579,0.897342748154583,0.0
WALLABY J131017-193255,NGC 5044 TR3,197.57389787304,-19.5485983239711,38.52856701795317,8.21547349595996,0.847180236411,0.9683310931020978,4.0
WALLABY J131021-214424,NGC 5044 TR3,197.5879636585477,-21.7401481911884,99.83683857744447,9.646675398213866,1.33909953869,0.809789027051648,0.0
WALLABY J131024-114121,NGC 5044 TR3,197.6032911691236,-11.68921040936622,184.85650241400901,10.090736892078134,1.57380706878,0.9999994481737692,0.0
WALLABY J131025-165550,NGC 5044 TR3,197.6053630962777,-16.93071254582796,34.9371206266864,8.65797241377997,1.68498771602,0.999999993108233,0.0
WALLABY J131026-153614,NGC 5044 TR3,197.6086237499995,-15.60407161600725,84.85609952057293,9.008989140618777,1.63322958992,0.9945719064617005,0.0
WALLABY J131029-213510,NGC 5044 TR3,197.6235699874821,-21.58614748039779,100.42254131743388,10.055595643771378,2.10310073724,0.9999999999999973,0.0
WALLABY J131030-171159,NGC 5044 TR3,197.6281466842605,-17.19981525897299,156.9657494526042,9.19256493691928,0.699131692471,0.7384825716139384,0.0
WALLABY J131032-172527,NGC 5044 TR3,197.6354207863164,-17.42416454384981,189.30797175356736,9.933271433793536,1.66478776661,0.9999999791257282,0.0
WALLABY J131033-170323,NGC 5044 TR3,197.6401967211993,-17.0564824647334,70.02388038815477,8.959945894283535,1.13836051656,0.9999298784923674,0.0
WALLABY J131033-173931,NGC 5044 TR3,197.6389206635682,-17.65873679422607,144.12492242993736,9.470624041442951,1.01188556619,0.7463598368625697,4.0
WALLABY J131035-214450,NGC 5044 TR3,197.6460172879057,-21.74743923598074,42.1596194635673,9.680161670671527,2.39516621539,1.0,0.0
WALLABY J131037-144407,NGC 5044 TR3,197.6573223547578,-14.73553502421977,203.15963817681933,9.828654948721436,1.21447454568,0.9962332096823421,0.0
WALLABY J131038-144004,NGC 5044 TR3,197.6593126665803,-14.66787552159157,47.854772126292374,8.691284402998281,1.26574988734,0.999996541042517,0.0
WALLABY J131038-175754,NGC 5044 TR3,197.6605758276996,-17.96508992048937,190.71609494470448,10.032939727567875,1.07184479438,1.0,0.0
WALLABY J131044-170801,NGC 5044 TR3,197.6869054292765,-17.13381060239735,183.24636619640975,10.023049251005702,1.22482457187,0.9999999991499042,0.0
WALLABY J131046-161341,NGC 5044 TR3,197.6930613652359,-16.22817467556983,36.984914480932225,8.697302383778418,1.57585044164,1.0,4.0
WALLABY J131049-105237,NGC 5044 TR3,197.707501257653,-10.87702200609282,157.30547143266736,9.968535555543482,1.33379166169,0.9978629120699436,0.0
WALLABY J131049-182530,NGC 5044 TR3,197.7045968280324,-18.42512378792835,191.3634646214382,9.662954993227478,1.12180068773,0.8922288389561545,0.0
WALLABY J131049-182903,NGC 5044 TR3,197.7058386612394,-18.48416064188153,193.81108426676428,9.980398730630565,1.36287389153,0.9999999948299105,0.0
WALLABY J131051-112542,NGC 5044 TR3,197.7126620890619,-11.42834619872842,240.48233338434594,9.828774754643774,0.886259713479,0.847799610189121,0.0
WALLABY J131051-190753,NGC 5044 TR3,197.7131212333096,-19.13147011309578,285.00808464433834,9.962761485996765,1.00883218755,0.7586701589705379,0.0
WALLABY J131051-205740,NGC 5044 TR3,197.7146738251096,-20.96113156277374,153.4297870584673,10.29767078975755,2.01284229525,0.9991085170396012,4.0
WALLABY J131052-185857,NGC 5044 TR3,197.7174676072685,-18.98266441569512,287.053222134957,10.24768889930164,1.24174211513,0.9999985373522332,0.0
WALLABY J131054-185747,NGC 5044 TR3,197.7262068890493,-18.96310867099542,231.28257974772293,9.819536986821907,0.921135806154,0.9680190173155762,0.0
WALLABY J131103-144149,NGC 5044 TR3,197.7652960186345,-14.69704730030897,44.968076988376325,8.521986891120248,0.962486360485,0.999978884823916,0.0
WALLABY J131104-185724,NGC 5044 TR3,197.768809181148,-18.95685105308462,230.6526499084508,9.798915024251972,1.13661805382,0.830330949954518,0.0
WALLABY J131109-163337,NGC 5044 TR3,197.7885659012166,-16.56047567772121,42.153829697102026,8.234467824071045,1.04179063786,0.9518797445624544,0.0
WALLABY J131113-162416,NGC 5044 TR3,197.8046344103377,-16.40458933176814,240.692129227137,9.686896483030928,0.804500077354,0.7041660358497469,0.0
WALLABY J131114-194440,NGC 5044 TR3,197.8107280854155,-19.74463903978402,37.68324646616373,8.762533998544779,1.38306775742,1.0,4.0
WALLABY J131115-180605,NGC 5044 TR3,197.8129729308706,-18.10155596460206,39.26967552816644,8.74858054899439,2.01227150859,0.9999999999995441,4.0
WALLABY J131115-202239,NGC 5044 TR3,197.8125886247975,-20.37770154465449,171.32030696623872,9.90932044839139,1.58263827274,0.9292219078873306,0.0
WALLABY J131117-194944,NGC 5044 TR3,197.8241613277994,-19.82891234397186,39.69110615986203,8.9704877189296,1.76005881185,1.0,4.0
WALLABY J131124-104927,NGC 5044 TR3,197.8512831890288,-10.82439949135646,87.48930544209273,9.157056641682551,0.987598814978,0.7565052367612601,0.0
WALLABY J131131-181235,NGC 5044 TR3,197.8827532129773,-18.20988290130834,36.165347726149584,8.820064579927235,1.9621522385,1.0,0.0
WALLABY J131132-144033,NGC 5044 TR3,197.8842002425692,-14.67600800467636,35.10377447195056,8.846802178557189,1.65920853051,1.0,0.0
WALLABY J131138-162351,NGC 5044 TR3,197.9086579995635,-16.39767634924566,178.1607815128608,9.94048090332204,1.54128443022,0.9994903658980387,0.0
WALLABY J131139-165121,NGC 5044 TR3,197.9147615420256,-16.85596490039466,18.379540205543954,7.352150797487162,1.11799697509,0.9923603548669014,0.0
WALLABY J131142-103858,NGC 5044 TR3,197.9259237011891,-10.64954287130421,157.55642744314716,9.828651973576706,1.24686713246,0.9865808972208913,0.0
WALLABY J131143-183858,NGC 5044 TR3,197.9322900208209,-18.64949985054617,36.26178481450863,8.094035142379278,0.893574043456,0.9998266817967456,0.0
WALLABY J131143-203210,NGC 5044 TR3,197.9325501040733,-20.53618462463861,40.3076361436563,8.8495391255626,1.64426598343,0.999999999999998,0.0
WALLABY J131145-191544,NGC 5044 TR3,197.941392387059,-19.26221189715345,39.706800663172125,8.756675343135207,2.16161048607,1.0,0.0
WALLABY J131146-184730,NGC 5044 TR3,197.9453620314884,-18.79181968545666,36.777787455385784,8.87989023521789,1.39734789368,1.0,4.0
WALLABY J131149-171308,NGC 5044 TR3,197.9558780624359,-17.21891789628114,74.41807369956362,9.235407054755054,1.45816592799,0.9999999999997553,0.0
WALLABY J131150-141025,NGC 5044 TR3,197.9594883231726,-14.17368267980236,204.64629803007992,9.750439708775748,1.50021927181,0.9902319802447918,0.0
WALLABY J131151-181937,NGC 5044 TR3,197.964054659285,-18.32715151053956,42.41234481938144,8.160937041842795,0.746349561774,0.7652440520152732,0.0
WALLABY J131152-214559,NGC 5044 TR3,197.9695631079124,-21.76662999472278,98.50571224205349,9.67529781713792,2.13316712162,0.9114027630373444,0.0
WALLABY J131153-145917,NGC 5044 TR3,197.9741669321346,-14.98828314165901,201.0124816975694,9.910790530426675,1.28842353258,0.9999583808919682,0.0
WALLABY J131156-145719,NGC 5044 TR3,197.9868930272039,-14.95541216773121,38.65208470004688,8.347054940205417,1.07926185725,0.9999329983918991,4.0
WALLABY J131156-184429,NGC 5044 TR3,197.9869880335566,-18.74150691092857,126.97555114331094,9.318337735144965,1.24838709327,0.9393897517198458,0.0
WALLABY J131157-120351,NGC 5044 TR3,197.9910817158778,-12.06427242760317,30.22886138822061,9.23466193815063,2.4582218179,1.0,0.0
WALLABY J131157-144032,NGC 5044 TR3,197.9889373932299,-14.67562017554816,35.706904136444116,8.844753924213165,3.95539805582,1.0,4.0
WALLABY J131159-134336,NGC 5044 TR3,197.9958770426962,-13.72684772302685,100.33957550286823,9.435137369217262,1.25881048181,0.9069629845368917,0.0
WALLABY J131204-131632,NGC 5044 TR3,198.0177147597025,-13.27577082853767,210.6260078366193,9.761595077955805,1.21534078531,0.9821870260368596,0.0
WALLABY J131205-144040,NGC 5044 TR3,198.0235064797922,-14.6778332346652,89.3771548251684,8.587401430811022,0.596983615683,0.7772353398896137,0.0
WALLABY J131206-181550,NGC 5044 TR3,198.027739943549,-18.26403801313922,39.995581241471655,8.400016104987689,1.07726849058,0.9586537946957095,0.0
WALLABY J131208-203337,NGC 5044 TR3,198.0372017665713,-20.5603248104155,171.21670134363808,9.656725727472322,1.01805156453,0.8553561653785483,0.0
WALLABY J131210-131509,NGC 5044 TR3,198.0457639914533,-13.2527388159035,206.85123672615237,10.15044065108042,1.52059821592,0.9999999999989774,0.0
WALLABY J131211-121847,NGC 5044 TR3,198.0495871773846,-12.31306731106378,55.97633852923557,8.65103225406541,1.32455135246,0.94172544648659,0.0
WALLABY J131218-192640,NGC 5044 TR3,198.0779663863468,-19.44468726290096,39.626793327923735,8.687962935675982,1.208682685,0.9995059059672399,4.0
WALLABY J131219-172528,NGC 5044 TR3,198.0813235978959,-17.42464085813177,284.4732338055789,10.097593274496344,0.963276088267,0.8858553456114434,0.0
WALLABY J131220-142824,NGC 5044 TR3,198.0834857524696,-14.47359615432691,89.34414515841164,9.699646125091052,1.8177891052,1.0,0.0
WALLABY J131222-143329,NGC 5044 TR3,198.0939447833318,-14.55813397034322,99.66844280383432,9.118752506037648,0.957414943973,0.8951634226460421,0.0
WALLABY J131225-185354,NGC 5044 TR3,198.1058300258311,-18.89852565283254,149.8300221361233,9.70718042357457,1.2920002043,0.9998957973591349,4.0
WALLABY J131228-173559,NGC 5044 TR3,198.1182973539184,-17.59988808193123,146.5818765662703,9.48850849330918,1.13509469264,0.8688426642810305,0.0
WALLABY J131234-173225,NGC 5044 TR3,198.1452134235389,-17.54042901333131,39.72832984503422,9.695277391263632,2.40561370122,1.0,4.0
WALLABY J131237-142630,NGC 5044 TR3,198.1566668683732,-14.44189483163003,88.80457539632353,9.912036873203677,2.73296374681,1.0,0.0
WALLABY J131244-155218,NGC 5044 TR3,198.1869315196725,-15.87190942938233,42.57851027654347,8.947030157930554,2.61302196843,0.9999999835197899,0.0
WALLABY J131247-132906,NGC 5044 TR3,198.1978351945882,-13.48503161268088,56.19337728779849,8.479923315501727,1.25246318547,0.7045982540349403,0.0
WALLABY J131247-192219,NGC 5044 TR3,198.1997342159268,-19.37198424072439,43.63679677897703,8.804511465587206,1.56194486358,0.9999999973909769,0.0
WALLABY J131248-115354,NGC 5044 TR3,198.2001303909871,-11.89833160621424,20.232641781466196,7.818656906365771,1.21684876349,1.0,0.0
WALLABY J131248-173738,NGC 5044 TR3,198.2011545683351,-17.62723698613601,197.02824373066065,10.16435351861182,1.35252619338,1.0,0.0
WALLABY J131248-191514,NGC 5044 TR3,198.2038276639652,-19.25405782641612,90.52260168348333,9.563362318120795,2.55964345987,0.9779070631768462,0.0
WALLABY J131251-134804,NGC 5044 TR3,198.2135568119773,-13.80136818778814,202.4215059333263,9.587277060419495,0.838526065277,0.9805748132215103,0.0
WALLABY J131251-183142,NGC 5044 TR3,198.2135433607558,-18.52859263184482,87.97537937584089,9.212275324676414,1.04294350251,0.8686438849641952,0.0
WALLABY J131253-105339,NGC 5044 TR3,198.2240859683092,-10.89416369222547,88.99884493882877,9.635055992626942,1.63383260179,0.9999999999999958,0.0
WALLABY J131256-181446,NGC 5044 TR3,198.2340229429788,-18.24625014854569,110.22173027867767,9.398588906222887,1.06551801064,0.8407106649942728,0.0
WALLABY J131300-190627,NGC 5044 TR3,198.2508285826018,-19.1077590002606,149.8458554382862,9.954423974086126,1.23253039162,0.876864827112874,4.0
WALLABY J131301-123644,NGC 5044 TR3,198.2573745245593,-12.61237653641144,217.82580147538786,10.105431488701202,1.36293593072,1.0,0.0
WALLABY J131301-143720,NGC 5044 TR3,198.2559673133931,-14.62248135874372,173.38955561600542,9.339344886567643,0.878197972941,0.8438822850124089,4.0
WALLABY J131301-193617,NGC 5044 TR3,198.2571229373033,-19.60496602207762,111.8738292669881,9.449107662126272,1.15695481617,0.8332675787263402,0.0
WALLABY J131301-195851,NGC 5044 TR3,198.2550537227808,-19.98094148665531,283.513066123157,10.195821791114316,1.46664338594,0.8093173397883758,0.0
WALLABY J131302-190848,NGC 5044 TR3,198.2618705420636,-19.14683636259509,149.94077721202206,9.92488381937389,1.34867501996,0.7629197904146685,4.0
WALLABY J131305-195830,NGC 5044 TR3,198.2713210755625,-19.97509824467095,39.545210141762844,9.758244803563256,3.75880533248,1.0,4.0
WALLABY J131307-164101,NGC 5044 TR3,198.2802567212837,-16.68374170349101,38.32016642911336,8.553722938251159,1.44836044021,0.9999760992256534,4.0
WALLABY J131312-182434,NGC 5044 TR3,198.3017183057716,-18.40952036190312,285.3314552998047,10.043315986682005,1.03500447962,0.9853000638384901,0.0
WALLABY J131318-110526,NGC 5044 TR3,198.3258332404595,-11.09067798814336,148.4121205711749,9.448151878002658,0.959739457884,0.9990961364654277,0.0
WALLABY J131321-185558,NGC 5044 TR3,198.339349303448,-18.93288961256165,87.69308514281454,9.857859582517666,1.8012152577,1.0,0.0
WALLABY J131324-124234,NGC 5044 TR3,198.3528156008235,-12.70946501825881,217.95081698027963,10.030517151357238,1.30996316272,0.9999941180019015,0.0
WALLABY J131324-183125,NGC 5044 TR3,198.3537171401684,-18.52377798975328,239.25289738685984,9.566640967102597,1.11296941595,0.7007589867941046,0.0
WALLABY J131326-143106,NGC 5044 TR3,198.3621290467027,-14.5185805219338,89.55470500559012,9.253843940347867,1.38184192285,0.9316558874894629,0.0
WALLABY J131327-204640,NGC 5044 TR3,198.3643547110788,-20.77803025079113,192.0927602862111,10.137201322806877,1.22733857838,0.9294065705487381,0.0
WALLABY J131330-170723,NGC 5044 TR3,198.3754435234698,-17.12310935587881,37.94751414269815,8.274948648218905,0.985557781703,0.999302574121138,4.0
WALLABY J131330-193244,NGC 5044 TR3,198.3757282742918,-19.54571842615524,42.93022863150502,9.592187404899647,3.16425631047,1.0,0.0
WALLABY J131331-160600,NGC 5044 TR3,198.3830437886483,-16.10011813666645,38.853288132230446,8.471843451508962,1.78802759082,0.9617207309123139,4.0
WALLABY J131332-170440,NGC 5044 TR3,198.3841016438643,-17.07789743018875,41.70785386308771,8.733908006752669,1.45559877406,0.9999988631412544,0.0
WALLABY J131333-104535,NGC 5044 TR3,198.3893667788924,-10.7597210738203,201.66561491431239,9.776222077780531,1.12594157463,0.7454856118774631,0.0
WALLABY J131334-152553,NGC 5044 TR3,198.3930237665805,-15.43162201129103,35.74081189140335,9.673556263288665,3.62972845933,1.0,4.0
WALLABY J131335-155702,NGC 5044 TR3,198.3981305992372,-15.95074148088802,35.5473551929674,8.665698315694907,1.72986532257,0.9999978165398674,0.0
WALLABY J131335-201725,NGC 5044 TR3,198.3979962927599,-20.29039828995503,24.5221419734548,8.18756517501591,1.22556916453,0.9999345374094156,0.0
WALLABY J131336-122813,NGC 5044 TR3,198.4014467450517,-12.47032265438495,55.84003657808526,8.584429386421323,1.08288984179,0.9266999190936026,0.0
WALLABY J131337-155035,NGC 5044 TR3,198.406612445666,-15.84311605699926,50.927715707074185,8.702522298018337,1.15990759534,0.999108841534569,0.0
WALLABY J131342-181322,NGC 5044 TR3,198.4291349413882,-18.22296370404628,99.78185068875977,9.323180176194837,1.14692942961,0.9999999990501273,0.0
WALLABY J131344-175928,NGC 5044 TR3,198.4351207142344,-17.99121970409895,101.6076793565878,9.595846806837832,1.42739567482,1.0,0.0
WALLABY J131346-144345,NGC 5044 TR3,198.4457679576642,-14.72919539029046,34.49239039672085,8.617148550623929,1.48353087619,0.9999999979355655,0.0
WALLABY J131350-160525,NGC 5044 TR3,198.4600289535165,-16.09052369338295,36.09127811441499,8.380357911706753,1.53811327529,0.9886397963082574,4.0
WALLABY J131350-173043,NGC 5044 TR3,198.4594619372064,-17.51196651963056,31.61446908908925,8.647709158672267,1.31607311578,1.0,0.0
WALLABY J131352-144156,NGC 5044 TR3,198.4706694423369,-14.69897711430054,172.63713960038217,10.05027008305718,1.51292333671,0.9999999999925007,4.0
WALLABY J131352-191608,NGC 5044 TR3,198.4692809465216,-19.26902348055335,102.61340609334773,9.814773491539755,1.56457464956,0.999999999999037,0.0
WALLABY J131352-204405,NGC 5044 TR3,198.4670012295117,-20.73477589493805,41.48315558353832,8.711505233612408,1.69520552021,0.9999926852715916,0.0
WALLABY J131353-192500,NGC 5044 TR3,198.4748857644695,-19.41671753113961,39.15221508401488,8.767515196780165,1.55820219532,1.0,4.0
WALLABY J131355-115301,NGC 5044 TR3,198.4829023566631,-11.88379351129867,216.30495418375014,9.66198731077331,1.26093453108,0.9278550053924987,0.0
WALLABY J131359-183536,NGC 5044 TR3,198.4995556681713,-18.59349364878704,90.16508328299872,9.447499724249086,1.37389648269,0.9999999996944658,0.0
WALLABY J131400-164707,NGC 5044 TR3,198.5022627245684,-16.78531598868686,44.00820003375336,9.310255156736785,2.42576205624,1.0,0.0
WALLABY J131403-120644,NGC 5044 TR3,198.5163537955872,-12.112270916266,94.23135569987373,9.088561385308761,1.05745678989,0.9032393862941612,0.0
WALLABY J131405-155538,NGC 5044 TR3,198.5224378581237,-15.92739504553301,197.13515296836817,9.700071903238161,1.12544711573,0.9523809757184475,0.0
WALLABY J131408-141038,NGC 5044 TR3,198.5342650429588,-14.17727130211835,99.38751010072859,9.43380968116886,1.02272776417,0.9999964605775367,0.0
WALLABY J131409-171242,NGC 5044 TR3,198.5381902130896,-17.2118357693435,326.0331811338756,10.115998130838385,1.25227997292,0.767288942189063,0.0
WALLABY J131410-132513,NGC 5044 TR3,198.542828251958,-13.42054023131539,209.64681500078086,9.809444562322781,1.45333758233,0.9971628551576579,0.0
WALLABY J131410-213942,NGC 5044 TR3,198.541739347451,-21.66183662084433,42.728398187646754,9.28400434868285,2.10015744877,1.0,0.0
WALLABY J131413-125346,NGC 5044 TR3,198.5546505950913,-12.89633516174442,198.89980739979313,9.635237509951736,1.15324288122,0.9858568297970908,0.0
WALLABY J131415-141108,NGC 5044 TR3,198.5648728019934,-14.18571020147203,90.63722733705474,9.516751321503964,1.74231845382,0.9999999999994733,0.0
WALLABY J131417-120754,NGC 5044 TR3,198.5725339203161,-12.13175675103453,41.311543399866345,8.713798352193129,1.43062800179,0.9999999999999802,0.0
WALLABY J131420-115314,NGC 5044 TR3,198.5841459153782,-11.88738316472428,207.26709803768813,9.672284739873101,2.07446396499,0.7385462116323808,0.0
WALLABY J131420-122736,NGC 5044 TR3,198.5869879436015,-12.46009253917626,275.5712897488474,10.340522464717603,1.48483345458,0.9999998624718901,0.0
WALLABY J131425-150115,NGC 5044 TR3,198.6065225096399,-15.02100672116656,76.83560776362515,9.084613440280972,1.4475068102,0.9990358080780645,0.0
WALLABY J131425-161751,NGC 5044 TR3,198.6063499764809,-16.29756767028224,243.67473928362918,9.872302000774381,0.97057827934,0.886825236334196,4.0
WALLABY J131426-203916,NGC 5044 TR3,198.6114529036427,-20.65465378649857,66.57439599833825,9.283679209199235,1.57233180976,1.0,0.0
WALLABY J131430-102917,NGC 5044 TR3,198.6284931088691,-10.48813979003269,237.21970988559337,10.123659163699706,1.23855485274,0.7120560234373836,0.0
WALLABY J131430-173154,NGC 5044 TR3,198.626622630575,-17.53181079379835,35.48547186211829,8.98815902597974,2.22268404964,1.0,4.0
WALLABY J131431-105651,NGC 5044 TR3,198.6324116190438,-10.94775314896868,28.796781504676044,8.570451096994807,1.48672322973,1.0,0.0
WALLABY J131431-162247,NGC 5044 TR3,198.6301987384938,-16.37979507195245,21.111040715415132,8.594933012681329,1.65737030385,1.0,0.0
WALLABY J131434-145005,NGC 5044 TR3,198.6457679520595,-14.83483833727789,76.64926749534284,9.217910407137959,2.83333284754,0.9999999986816144,0.0
WALLABY J131435-181723,NGC 5044 TR3,198.6473728037221,-18.28980899994624,21.56780990910718,7.667753397334225,1.09834243255,0.9276524257813632,0.0
WALLABY J131435-195619,NGC 5044 TR3,198.6459416739691,-19.93883068574696,295.7580548176259,9.688071338836803,0.618725788193,0.7483894465107853,0.0
WALLABY J131439-155030,NGC 5044 TR3,198.6632436586835,-15.84186871185744,33.56213571642693,8.280405047324527,1.27402551053,0.9956249685650207,0.0
WALLABY J131441-112033,NGC 5044 TR3,198.6749158732251,-11.34267028118461,99.08888655812811,9.872332612230162,1.71331338046,1.0,0.0
WALLABY J131441-184647,NGC 5044 TR3,198.6737385077159,-18.77974470656728,98.67013170958538,9.547123045492201,1.44142051228,0.7794295334814656,0.0
WALLABY J131444-172117,NGC 5044 TR3,198.6855554486099,-17.35488822314012,169.425858239314,9.82742723559699,1.10392561828,0.9999964409327826,0.0
WALLABY J131447-112436,NGC 5044 TR3,198.6990700962621,-11.41005782988993,31.697591065496624,8.082389189492718,1.06250981879,0.9734711066917635,0.0
WALLABY J131448-163249,NGC 5044 TR3,198.7022203520411,-16.54712288181058,312.84221177514416,9.950144810434173,1.2993355984,0.73889119864796,0.0
WALLABY J131448-202411,NGC 5044 TR3,198.7021113453318,-20.40331686342804,147.20947545278838,10.094971513019198,1.47440714187,0.8787067169714874,4.0
WALLABY J131449-134343,NGC 5044 TR3,198.7052605076125,-13.72875387516004,93.02408257356588,9.74832167776286,2.01557256863,1.0,0.0
WALLABY J131451-143740,NGC 5044 TR3,198.7160032826288,-14.62794470308484,169.28317909844878,9.65676507333962,1.19318099694,0.998543917402376,0.0
WALLABY J131459-120748,NGC 5044 TR3,198.7466371400285,-12.13014544920676,241.50823329273828,9.681357263395585,0.856561130279,0.751560515000587,0.0
WALLABY J131459-171601,NGC 5044 TR3,198.7486679641574,-17.2671965189473,34.11367154445447,8.922971542265948,1.27870661645,1.0,0.0
WALLABY J131502-183430,NGC 5044 TR3,198.7593659194739,-18.57513970155818,68.537434341085,8.695339575014401,1.25093840766,0.7861803841634358,0.0
WALLABY J131503-192914,NGC 5044 TR3,198.7654239369629,-19.48732822725,114.5422543238526,9.506909948508568,1.17642896695,0.711694650989333,0.0
WALLABY J131509-210140,NGC 5044 TR3,198.791129251899,-21.02801572293643,186.26149956660356,10.224759523652553,1.5103435994,0.8083626303860729,0.0
WALLABY J131512-175802,NGC 5044 TR3,198.8038055795827,-17.96731624552884,39.615135946190115,9.213520917487891,2.24921700987,1.0,0.0
WALLABY J131516-145919,NGC 5044 TR3,198.817852417643,-14.98864897198021,33.25403568886677,8.158872921516672,1.25807656027,0.7684609042262713,0.0
WALLABY J131524-154106,NGC 5044 TR3,198.8536813092381,-15.6851753279442,40.923281679922084,8.335251085648911,1.06802186544,0.9999693260446713,0.0
WALLABY J131526-132732,NGC 5044 TR3,198.8591870321082,-13.45893590228304,209.29728125625252,9.691419515755243,1.82172757085,0.9642719063217838,0.0
WALLABY J131528-131929,NGC 5044 TR3,198.8706875429479,-13.32490250651892,194.17323661871126,9.9905226090976,1.34327177597,0.9999999999986869,0.0
WALLABY J131528-151151,NGC 5044 TR3,198.8695446153633,-15.19753723910056,33.18371533842921,7.929322248018037,0.944316648141,0.9409738616398784,0.0
WALLABY J131532-161726,NGC 5044 TR3,198.8843663419285,-16.29064234419109,46.3799999215541,8.53470226339382,1.49775141889,0.9998728394289002,0.0
WALLABY J131533-170024,NGC 5044 TR3,198.8890601738383,-17.0066857911248,34.90645228800821,8.276595399579012,1.96379050128,0.968644951680613,0.0
WALLABY J131535-142104,NGC 5044 TR3,198.8973986368676,-14.3511434652729,99.58840245893559,9.295436407713071,1.05886484432,0.9619903472680863,0.0
WALLABY J131543-124057,NGC 5044 TR3,198.9320406765947,-12.68255051214883,329.81947848090294,10.208933100005844,0.996426540929,0.9635275772032648,0.0
WALLABY J131547-155957,NGC 5044 TR3,198.946337784104,-15.99931781244218,165.49267554553236,9.966464486581733,1.45784455958,0.9999999825664417,0.0
WALLABY J131547-173827,NGC 5044 TR3,198.9493682923758,-17.64090646996521,192.83010096903345,9.906720983074136,2.60855161206,0.9985645244564478,0.0
WALLABY J131548-150626,NGC 5044 TR3,198.9522313080854,-15.10737534555486,177.0070230151734,9.866224587941856,1.47643641503,0.999270649378271,0.0
WALLABY J131548-170147,NGC 5044 TR3,198.9520184928121,-17.02973453084115,200.6776324728402,9.776163963785839,1.52538583874,0.9678477976328471,0.0
WALLABY J131551-131140,NGC 5044 TR3,198.9628049229925,-13.19453948024481,190.59060567303217,9.647260283847869,1.18023668874,0.773210572365033,0.0
WALLABY J131551-161220,NGC 5044 TR3,198.9626237908921,-16.20575391511587,129.64573915114644,9.582814803685372,1.16267939695,0.9185250943647096,0.0
WALLABY J131554-145828,NGC 5044 TR3,198.9762571174392,-14.97467929674697,210.5977039578124,9.725845992294454,1.41305778651,0.96601820982835,0.0
WALLABY J131557-145150,NGC 5044 TR3,198.9889940686372,-14.86405648069034,174.5451291803459,9.48982814569022,1.40001883471,0.847044979227273,4.0
WALLABY J131600-185222,NGC 5044 TR3,199.0017438266887,-18.87293471300055,251.72430168236195,9.888144656185704,1.23925870391,0.8662179995712798,0.0
WALLABY J131601-174034,NGC 5044 TR3,199.0068153428545,-17.67625422298911,149.37830445141805,9.881602302554807,1.32456109527,0.9999999967045461,4.0
WALLABY J131608-165949,NGC 5044 TR3,199.0341156361665,-16.99698445441332,76.6055541244801,9.011360037759932,0.996950432065,0.9948819019053011,0.0
WALLABY J131611-174521,NGC 5044 TR3,199.0478215886051,-17.75587273571552,196.93506588767787,9.64281853752236,0.751393404795,0.7096783493401769,0.0
WALLABY J131611-191738,NGC 5044 TR3,199.0462207701643,-19.29413873299288,287.7885848782682,10.245243384813971,1.07610474148,0.8891104000876872,0.0
WALLABY J131613-114335,NGC 5044 TR3,199.058282046126,-11.72662919779406,202.38791375121932,9.833199853193372,2.76890672475,0.764306070759217,0.0
WALLABY J131616-122639,NGC 5044 TR3,199.0694233615356,-12.44437933948924,98.36558951651777,9.073160647623899,0.991605777082,0.9744314890969415,0.0
WALLABY J131618-190711,NGC 5044 TR3,199.076912411234,-19.11988372002299,91.21833251596837,9.03976506753679,1.16953180129,0.8861520597430769,0.0
WALLABY J131618-204147,NGC 5044 TR3,199.0767147035013,-20.69660704301662,41.393100769718984,9.179118532905802,1.98329730738,1.0,0.0
WALLABY J131619-214517,NGC 5044 TR3,199.0801705341375,-21.75478431976079,42.15600828988859,8.977037494002504,1.53702156054,0.7902056970944056,0.0
WALLABY J131620-164013,NGC 5044 TR3,199.0835712409507,-16.67040752001989,77.82638910379816,9.551742905767249,1.67156349848,0.9999999999999923,0.0
WALLABY J131623-133604,NGC 5044 TR3,199.0977907932824,-13.60110931897034,94.98975306983299,9.246228522203456,1.13009161903,0.9642086107461503,0.0
WALLABY J131624-192614,NGC 5044 TR3,199.1002059444695,-19.43734044291001,107.20894812159031,9.567009284384259,1.42584477744,0.8237341488297597,0.0
WALLABY J131626-173326,NGC 5044 TR3,199.1101956043944,-17.55720851244784,31.056908246816477,8.305064417389685,1.08098853453,0.9984371600208478,0.0
WALLABY J131631-134126,NGC 5044 TR3,199.1300853971618,-13.69064534166925,199.7034270568676,9.636312751353735,1.39346204153,0.946013533789504,0.0
WALLABY J131638-174225,NGC 5044 TR3,199.1619404461908,-17.70718383974848,195.2427948283414,9.762342894831246,1.91788251197,0.9994933286099585,0.0
WALLABY J131641-192652,NGC 5044 TR3,199.173598059626,-19.44778559441298,114.92432719294648,10.03391912572297,1.94664165238,0.9999979069415771,4.0
WALLABY J131643-142608,NGC 5044 TR3,199.1830874951561,-14.43562571580979,155.35638570144536,9.649804781522215,1.28748089228,0.9469196670577409,0.0
WALLABY J131644-153150,NGC 5044 TR3,199.1864624910389,-15.53077568234888,42.460676419565395,8.486043981713422,1.66634066971,0.9939941108129015,0.0
WALLABY J131648-142008,NGC 5044 TR3,199.2036094266053,-14.3355443750383,153.92415232617705,9.394703569558965,1.07145046462,0.7412698330694952,0.0
WALLABY J131649-133623,NGC 5044 TR3,199.2054044048268,-13.60653419636822,95.9444593063983,9.907194123376708,1.84343643369,1.0,0.0
WALLABY J131650-184634,NGC 5044 TR3,199.210465582407,-18.77629881959891,111.21654344780775,9.026076849877473,1.29285158135,0.8976920039183016,0.0
WALLABY J131650-214015,NGC 5044 TR3,199.2087751121115,-21.67105584689086,27.568901461711526,8.623045643960738,1.48148838938,0.7830457631691105,0.0
WALLABY J131652-175359,NGC 5044 TR3,199.2204167002904,-17.89995036556701,40.17522413917211,8.516400056730188,1.50798659339,1.0,0.0
WALLABY J131655-134334,NGC 5044 TR3,199.2297083312919,-13.72610613190946,94.98557213185462,9.637820059820822,1.4404589271,1.0,0.0
WALLABY J131655-163531,NGC 5044 TR3,199.2325057410368,-16.59194021248359,30.272283825580054,8.582568847003243,1.70414752956,0.9999999998824187,0.0
WALLABY J131657-170718,NGC 5044 TR3,199.2413359705081,-17.12181402325382,89.60118449554092,9.468921926649942,3.75462661505,0.9999997928075727,0.0
WALLABY J131658-163757,NGC 5044 TR3,199.2447804061402,-16.632747000155,24.883284340502403,9.486665379880327,5.11021628532,1.0,0.0
WALLABY J131702-104612,NGC 5044 TR3,199.2588501125245,-10.77025703810503,40.48447219535739,9.53458275411726,2.38347192728,1.0,4.0
WALLABY J131704-171858,NGC 5044 TR3,199.2694577129341,-17.31626668434148,26.050445834642744,7.965058011336082,2.02747392072,0.7544986453985585,0.0
WALLABY J131706-161516,NGC 5044 TR3,199.2758863498761,-16.25452054297091,37.6526156562937,9.422889560883736,2.61064758442,1.0,4.0
WALLABY J131707-183238,NGC 5044 TR3,199.2827644602073,-18.54411388881776,111.8049258352977,9.790621545258123,1.94336493797,0.9999999999639668,0.0
WALLABY J131708-202436,NGC 5044 TR3,199.2848000399129,-20.41011595397528,100.6232384209914,9.819299165230147,1.72180110216,1.0,0.0
WALLABY J131708-202440,NGC 5044 TR3,199.2842056998715,-20.41115577203638,44.114787003437165,7.995711638247564,0.710993588563,0.7017622066835922,0.0
WALLABY J131712-171511,NGC 5044 TR3,199.3010306727904,-17.25328485413454,35.94938858382149,9.207579176668288,2.45667341174,1.0,4.0
WALLABY J131713-125334,NGC 5044 TR3,199.3082883287817,-12.89284904110623,97.79736768291261,9.32355526370447,2.45760984084,0.9856239808323857,0.0
WALLABY J131713-130921,NGC 5044 TR3,199.3049043117126,-13.15582872517125,98.64080261911565,9.821165907551782,1.56196233948,1.0,0.0
WALLABY J131714-125817,NGC 5044 TR3,199.3123083111289,-12.97149511872881,98.10401983150169,9.638519619298545,1.28949966474,1.0,0.0
WALLABY J131716-183306,NGC 5044 TR3,199.3206654994008,-18.55181818692303,110.80850507873667,9.764038860286119,1.4028474894,0.9999999999948868,0.0
WALLABY J131717-132332,NGC 5044 TR3,199.3233361914536,-13.39233218893276,188.66722534434479,9.542309716802428,1.23094000501,0.8479647686258692,0.0
WALLABY J131721-175129,NGC 5044 TR3,199.337707236126,-17.85813521688259,34.204214452668644,8.287435956243547,1.22024872519,1.0,0.0
WALLABY J131727-161741,NGC 5044 TR3,199.3650872775431,-16.29474117027479,91.11777171057972,9.54019404408685,1.26566322831,1.0,0.0
WALLABY J131729-145304,NGC 5044 TR3,199.3717459466557,-14.88448466605479,140.26771754681005,9.957317133711022,1.5585727817,0.999999999999705,4.0
WALLABY J131732-121430,NGC 5044 TR3,199.3860851731896,-12.2418364113707,91.43282660907069,9.624552205262335,1.45555214026,1.0,0.0
WALLABY J131734-161058,NGC 5044 TR3,199.3920098936671,-16.18286981582153,198.64579240265286,9.890680651732012,1.18920874179,0.9917347101283549,0.0
WALLABY J131736-172215,NGC 5044 TR3,199.4021278211218,-17.37082821776773,35.260761108424035,8.710366088966987,1.36668680628,1.0,0.0
WALLABY J131737-172013,NGC 5044 TR3,199.4062225806431,-17.33696536119175,35.71607597003888,8.320624134079008,1.01816610663,0.9985403048945876,4.0
WALLABY J131738-151033,NGC 5044 TR3,199.4091401914278,-15.17587160007737,40.11150903597412,8.214784884997702,1.50315365309,0.9955094855100421,0.0
WALLABY J131738-201111,NGC 5044 TR3,199.4114637739498,-20.18659310267962,299.7796064756604,10.500804999231969,1.41870704184,0.7222704941394187,0.0
WALLABY J131739-152824,NGC 5044 TR3,199.4133137993157,-15.47356124525571,36.03413406666993,8.109962277938909,0.977218370973,0.8659247567169956,4.0
WALLABY J131739-164913,NGC 5044 TR3,199.4149389320205,-16.82034320469304,102.37163796844958,9.419744545292286,1.38098623774,0.9995671974573461,0.0
WALLABY J131739-213708,NGC 5044 TR3,199.4153093665174,-21.61913840175578,41.88026713971815,9.208469340010923,2.45523729925,0.9999999672036989,0.0
WALLABY J131742-120143,NGC 5044 TR3,199.4257969633337,-12.02880391408721,35.349110038345124,8.72500691488674,1.34706784608,1.0,0.0
WALLABY J131742-141341,NGC 5044 TR3,199.4270690778312,-14.22825627132551,172.12661223308876,9.834543054398145,1.24759985554,0.9989459168773533,0.0
WALLABY J131743-181822,NGC 5044 TR3,199.4294314940345,-18.30626544369093,70.17688669515594,8.745838509086898,1.34421928059,0.7709206089784357,0.0
WALLABY J131744-185121,NGC 5044 TR3,199.4348368796828,-18.85596928772706,103.62492348957802,9.309909513119052,1.17651859259,0.9861497023435982,0.0
WALLABY J131745-150812,NGC 5044 TR3,199.4380834073546,-15.1369094441861,186.61994056709,9.54027373170728,1.449867427,0.9603875643021553,0.0
WALLABY J131745-153134,NGC 5044 TR3,199.4397680580288,-15.52618794652648,163.95792565446735,10.09131919698528,1.79314243765,0.9999999999999951,0.0
WALLABY J131745-185133,NGC 5044 TR3,199.4412552968485,-18.85924856181272,103.42899583910906,9.484039933938453,2.85012837052,0.9957452791973485,0.0
WALLABY J131749-150807,NGC 5044 TR3,199.4553174696306,-15.13538109265806,195.94346090666775,9.570408422388192,1.41004229865,0.7175230909442092,0.0
WALLABY J131751-125058,NGC 5044 TR3,199.4641820437066,-12.84966496416821,199.81609490380487,9.849244045976961,1.32696294964,0.9626483290183061,0.0
WALLABY J131751-185007,NGC 5044 TR3,199.4652006702712,-18.83544139102843,103.52390681170648,9.141704925819898,1.04854974552,0.8389346935963349,0.0
WALLABY J131753-193408,NGC 5044 TR3,199.4719763386612,-19.56890263981284,224.96727830797616,10.035666632012662,1.18991392163,0.919132735407341,0.0
WALLABY J131754-133617,NGC 5044 TR3,199.4760295702928,-13.60496786294313,90.93411341468554,9.704729138949459,1.62289207545,1.0,0.0
WALLABY J131755-134723,NGC 5044 TR3,199.4800688679083,-13.78989555079473,74.53296410265416,8.979785827263452,1.16255301567,0.8946618272184537,0.0
WALLABY J131757-215154,NGC 5044 TR3,199.4880385067026,-21.86517823674205,43.99208816880735,9.41387265915132,2.22331123309,0.999999491335153,0.0
WALLABY J131758-151541,NGC 5044 TR3,199.4949152718503,-15.26153497506285,190.59711133811413,10.354623504645023,2.23750579117,1.0,0.0
WALLABY J131801-192931,NGC 5044 TR3,199.5079628590435,-19.49213659363754,87.70121416897267,9.381505474460518,1.20845325458,0.9995633367053599,0.0
WALLABY J131802-151824,NGC 5044 TR3,199.5105287343084,-15.30681006128866,160.65962180549448,10.38541481086417,2.10843769683,1.0,0.0
WALLABY J131805-110325,NGC 5044 TR3,199.5237877101488,-11.0569642565849,200.3003640425184,9.480981232715123,0.771387800162,0.7368319707812057,0.0
WALLABY J131805-191823,NGC 5044 TR3,199.5246093520433,-19.3064179324061,197.28819765067104,9.948173519228398,1.15508336895,0.9989545941190777,0.0
WALLABY J131805-200055,NGC 5044 TR3,199.521707532747,-20.0153221839549,183.77773715244604,9.138029112610418,0.811223828153,0.8266458059139598,0.0
WALLABY J131806-135023,NGC 5044 TR3,199.5286061582553,-13.83977633469468,37.57602181523993,8.242421755950522,1.03222548277,0.9999999873328083,4.0
WALLABY J131806-181910,NGC 5044 TR3,199.5264879545949,-18.31965951853257,76.83709131233475,8.880429588199217,0.905449710931,0.9741980124938017,0.0
WALLABY J131807-154958,NGC 5044 TR3,199.5293327439417,-15.83279707408289,248.2545475760653,10.290345172255474,1.30346487561,0.9999999754438909,0.0
WALLABY J131812-120301,NGC 5044 TR3,199.5520678389325,-12.05034366903937,38.536329920154756,8.10245805539533,0.81518792707,0.798180161138403,4.0
WALLABY J131812-154126,NGC 5044 TR3,199.5514702924632,-15.69073510524909,162.284335257462,10.152173646842096,1.77855627167,0.9999999999999994,0.0
WALLABY J131814-120257,NGC 5044 TR3,199.5592909556167,-12.04932765420792,37.19032908300433,8.414631530894422,1.32328219141,0.9999963724678883,4.0
WALLABY J131815-133536,NGC 5044 TR3,199.5642656364796,-13.59356297964459,148.53864944968544,9.397032202126995,1.18122748154,0.8957350402205636,0.0
WALLABY J131818-145755,NGC 5044 TR3,199.5750092575865,-14.96551320373002,156.08750086748583,9.716845446865875,1.38981886229,1.0,0.0
WALLABY J131824-152926,NGC 5044 TR3,199.6002836123367,-15.49054387371102,248.8269605597437,9.960816049623183,1.24064444727,0.9914811260293727,0.0
WALLABY J131826-154604,NGC 5044 TR3,199.6096264543901,-15.76793196440847,40.59452702986323,8.662149597613906,1.36370263796,0.999999859480826,0.0
WALLABY J131827-141337,NGC 5044 TR3,199.6130855732312,-14.22706968899492,152.51381567380915,10.201304947461194,2.27874603061,0.99999999999998,4.0
WALLABY J131830-134228,NGC 5044 TR3,199.6291417206509,-13.70785065717905,148.65832876456412,9.779678524033637,1.28360123413,0.9841270635412634,0.0
WALLABY J131830-143635,NGC 5044 TR3,199.6280088690722,-14.60998329484377,41.531841017659104,9.52245466888144,3.09922258445,1.0,0.0
WALLABY J131830-204114,NGC 5044 TR3,199.6270420722268,-20.68737984828526,22.337107390389946,8.380649458486284,1.68118913694,1.0,0.0
WALLABY J131831-134916,NGC 5044 TR3,199.6304817807435,-13.82132839123802,152.49292860909773,9.499586280913851,0.978314394628,0.9728899541194589,4.0
WALLABY J131833-144940,NGC 5044 TR3,199.6400635380158,-14.82785038753414,156.49734844980864,9.43533381011945,0.970682281336,0.8594063856445384,0.0
WALLABY J131835-173432,NGC 5044 TR3,199.6477461496244,-17.57568562357812,36.114263888699185,8.679450808640713,1.50530010245,1.0,4.0
WALLABY J131835-183814,NGC 5044 TR3,199.6459882247256,-18.63745748433701,110.28988896067901,9.555051165242585,1.08969566443,0.9999999997442317,0.0
WALLABY J131835-211758,NGC 5044 TR3,199.6465884855385,-21.29967019922753,27.944788914029708,8.86525020395848,2.45266570569,1.0,0.0
WALLABY J131836-145740,NGC 5044 TR3,199.6503808470867,-14.96126878268048,30.334447889638074,8.289877497556226,1.25025233995,0.9999999999999118,0.0
WALLABY J131840-150339,NGC 5044 TR3,199.6667382600184,-15.06106840509361,45.71407078945771,9.15833348071083,2.02792258434,1.0,0.0
WALLABY J131841-190450,NGC 5044 TR3,199.6732143438261,-19.08054283071497,39.10917341567903,8.689034523398972,1.22038902925,1.0,4.0
WALLABY J131842-191600,NGC 5044 TR3,199.6750863024548,-19.26679618208967,224.9807898339733,10.15757943687153,1.1623837937,0.9947431237886013,0.0
WALLABY J131843-172044,NGC 5044 TR3,199.6810571374335,-17.34566047449268,234.39379304421658,10.00053351928599,1.40355546525,0.9912623648330515,0.0
WALLABY J131843-181853,NGC 5044 TR3,199.6819596627982,-18.31485523692555,99.12994663900116,9.472489492012091,1.28396195162,0.9999999981344799,0.0
WALLABY J131844-113805,NGC 5044 TR3,199.6844423571446,-11.63484158887445,127.683133886063,9.414643703568824,1.82348515696,0.733593986143935,0.0
WALLABY J131845-153954,NGC 5044 TR3,199.6895509086783,-15.66504385501177,92.59538389225807,9.404702310584119,1.20548404446,1.0,0.0
WALLABY J131846-133637,NGC 5044 TR3,199.6938279144213,-13.61052720379282,92.88717462024167,9.134380329638944,1.18531465528,0.7016705406923358,0.0
WALLABY J131847-210939,NGC 5044 TR3,199.6990188406545,-21.16082906086593,285.70000887253786,10.454289711129228,1.08480451646,0.8047601875363359,0.0
WALLABY J131851-123625,NGC 5044 TR3,199.7127706609342,-12.60716070697107,42.735023725975715,9.152650715976005,1.868460864,1.0,0.0
WALLABY J131853-160803,NGC 5044 TR3,199.7226710496172,-16.13418309838072,203.70398717054,9.891464131242042,1.0496666173,0.9830364628053532,0.0
WALLABY J131854-183512,NGC 5044 TR3,199.7270130960243,-18.58667961500534,34.86941413547334,8.48246603215305,1.90217874325,0.9999976976943866,0.0
WALLABY J131855-170333,NGC 5044 TR3,199.7322777622092,-17.05934297047196,283.4556065115852,10.318363787986282,1.80264661658,0.9999935028799373,0.0
WALLABY J131855-173800,NGC 5044 TR3,199.7333042115919,-17.63358288407448,35.728889975968436,9.125238645478284,2.15709500053,1.0,4.0
WALLABY J131858-150054,NGC 5044 TR3,199.7430782810686,-15.01509658021431,157.43480512459044,9.625616330773104,1.11927669675,0.9895509304693747,0.0
WALLABY J131858-183353,NGC 5044 TR3,199.7456771906365,-18.56489633052047,77.01718617067657,8.969757479500013,0.971047517247,0.9254672052933898,0.0
WALLABY J131859-183522,NGC 5044 TR3,199.7471127477329,-18.58953422679195,36.11033606483069,8.832057190706857,4.57771056318,0.9999999999999991,4.0
WALLABY J131905-142915,NGC 5044 TR3,199.7742414799583,-14.48774665818568,97.92034936661095,9.231944712436903,1.19403601279,0.9997721058228441,0.0
WALLABY J131905-175622,NGC 5044 TR3,199.7738857661113,-17.93967103605084,97.16202656076564,9.402286096298175,1.19130799103,0.9999999314197704,0.0
WALLABY J131913-140221,NGC 5044 TR3,199.8073993125248,-14.03940233181228,37.13763615082065,8.61598222062413,1.14547425613,1.0,4.0
WALLABY J131913-185018,NGC 5044 TR3,199.8069078257007,-18.8385333262436,200.7741488810702,9.914579764370684,1.19207039181,0.9999903334569941,0.0
WALLABY J131915-155513,NGC 5044 TR3,199.8135361965542,-15.92051322792393,96.76090297870755,9.378238277772853,1.40794807769,0.9991896770038167,0.0
WALLABY J131917-121713,NGC 5044 TR3,199.8212848830719,-12.28695997915627,99.45348800178974,9.561019802976507,1.23490616993,0.9999946143591834,4.0
WALLABY J131917-143959,NGC 5044 TR3,199.8217664322487,-14.66644055429387,38.401135336837655,8.411335006925333,1.26084516493,0.9999802033795915,4.0
WALLABY J131918-155021,NGC 5044 TR3,199.8265499759787,-15.83923935819059,195.23328571549578,9.619346416552256,0.953379741667,0.8235835821519688,0.0
WALLABY J131918-161609,NGC 5044 TR3,199.8256245015823,-16.26934174880387,201.3623214963057,9.654248061211304,0.810956438716,0.8102936209883801,0.0
WALLABY J131919-170339,NGC 5044 TR3,199.8296459312354,-17.0610191473605,282.61601526125395,10.035989541175947,1.08885136707,0.9627452040120703,0.0
WALLABY J131920-145037,NGC 5044 TR3,199.8357254341059,-14.8438671894404,39.24063285768235,9.662268330883196,3.96505575925,1.0,4.0
WALLABY J131920-170105,NGC 5044 TR3,199.8338640072811,-17.01804449876221,146.84718080287857,9.50614359869594,1.5237281785,0.7343151654255283,0.0
WALLABY J131922-150923,NGC 5044 TR3,199.8421204288446,-15.15663154929893,41.55035047643264,8.773645280306072,1.35911149555,0.9281535247884274,0.0
WALLABY J131923-161251,NGC 5044 TR3,199.8480394905408,-16.21436805841906,201.69671589795504,9.589060180444516,0.884727705494,0.7287410937427236,0.0
WALLABY J131928-123828,NGC 5044 TR3,199.8670535750092,-12.64112569734686,35.9778850244243,8.436981730381786,2.16212740708,0.9788883108906412,4.0
WALLABY J131929-200819,NGC 5044 TR3,199.8713699845459,-20.13875490394174,27.937710190568204,8.49607574311404,1.48909140631,1.0,0.0
WALLABY J131934-124159,NGC 5044 TR3,199.8946245362015,-12.69982579428789,41.975186023851286,8.764826230198391,3.58162109051,0.9999394095849867,0.0
WALLABY J131938-124148,NGC 5044 TR3,199.9094157315559,-12.69683596009949,31.776703651046592,8.953430053589912,1.65402013558,1.0,0.0
WALLABY J131943-112828,NGC 5044 TR3,199.9295820481653,-11.47448467406236,36.69881728806769,8.799782050526629,1.31737429583,0.9999999999993087,4.0
WALLABY J131943-121613,NGC 5044 TR3,199.932888325902,-12.27036679250462,39.58716306491117,8.59845871347866,1.20815290016,0.999999999999194,0.0
WALLABY J131947-205901,NGC 5044 TR3,199.945838845101,-20.98368716974647,102.53538903700982,9.917864972019405,4.72040463464,0.9999999999994259,0.0
WALLABY J131954-163715,NGC 5044 TR3,199.9755420298507,-16.62085746913579,32.79880743817813,8.769327288338035,1.57348244241,0.9999559842818244,0.0
WALLABY J131954-215051,NGC 5044 TR3,199.9760999955782,-21.8475723775804,28.791541059949996,9.466458112964787,3.1036316821,1.0,4.0
WALLABY J131955-115759,NGC 5044 TR3,199.9814832306542,-11.96649759130725,102.56476152937206,9.392571490348468,1.1964042209,0.9804729950230561,0.0
WALLABY J131955-171849,NGC 5044 TR3,199.9791940689649,-17.31385050618117,38.46093824098024,9.306123258836182,2.57566103929,1.0,4.0
WALLABY J131957-124805,NGC 5044 TR3,199.9885002550511,-12.80146765958172,42.945028700740785,8.239011829357992,1.24857768272,0.8938275246709644,0.0
WALLABY J131959-171534,NGC 5044 TR3,199.9980792093175,-17.25963469718017,92.24680695779095,9.64260617373551,1.46705782176,1.0,0.0
WALLABY J132001-195929,NGC 5044 TR3,200.0045830764715,-19.99142710004077,87.53683651499189,9.668325399656396,1.86742244705,0.9999991701040641,0.0
WALLABY J132004-165233,NGC 5044 TR3,200.0204514722881,-16.8760713287385,78.96013485941755,9.777805528138702,2.57857462597,1.0,0.0
WALLABY J132005-144515,NGC 5044 TR3,200.0238897790147,-14.75440867172524,100.51066855260555,9.749510719695097,1.45214446968,1.0,0.0
WALLABY J132007-170653,NGC 5044 TR3,200.0301043430589,-17.11495621213922,94.94965304240243,10.131731826129268,5.55826990497,1.0,4.0
WALLABY J132009-174141,NGC 5044 TR3,200.0383083530957,-17.69478504670975,104.3400644303452,9.363243719429907,1.16387686462,0.9996286790535398,0.0
WALLABY J132011-184001,NGC 5044 TR3,200.0493274930121,-18.66697322057948,71.94324248306602,8.932590056326651,0.949833754868,0.9999690836484569,0.0
WALLABY J132011-201121,NGC 5044 TR3,200.0465447918032,-20.18928799786506,45.81337916479192,8.476752969114331,1.05904212958,0.7838117479274186,0.0
WALLABY J132014-141744,NGC 5044 TR3,200.0590420094937,-14.29573489621601,99.025224377909,9.787342832351891,1.91433405426,0.999998328980475,0.0
WALLABY J132014-142732,NGC 5044 TR3,200.060679529114,-14.4589282110759,39.31317049564844,9.238903218889565,2.48363774869,1.0,4.0
WALLABY J132017-144841,NGC 5044 TR3,200.0726600586841,-14.81156518387092,41.53834323256658,9.148331486973866,2.58714295871,0.999999999999349,0.0
WALLABY J132018-163208,NGC 5044 TR3,200.078147775586,-16.53567405654125,32.48463933863032,8.53011807620195,1.2734927037,0.9996795018335619,0.0
WALLABY J132018-214925,NGC 5044 TR3,200.0803042324982,-21.82325276553342,24.216364476236528,10.1419233865335,17.3414266316,1.0,0.0
WALLABY J132019-123420,NGC 5044 TR3,200.082851298194,-12.57226127459358,20.438209559271836,9.666952590824996,6.30460403204,1.0,0.0
WALLABY J132020-124006,NGC 5044 TR3,200.0848718767422,-12.668325001234,20.778602059050378,8.154903154583844,1.32205613358,1.0,0.0
WALLABY J132022-240400,NGC 5044 TR3,200.0917808179792,-24.06676787403543,250.55407383361594,10.396672080219634,0.935951502393,0.7936285254114467,0.0
WALLABY J132024-143418,NGC 5044 TR3,200.1015434492149,-14.57176485943598,93.40742174505284,9.222787371918457,0.974163111847,0.9982022323195475,0.0
WALLABY J132025-164032,NGC 5044 TR3,200.1058020250172,-16.67573972210188,89.07428632321123,9.497026196572243,1.54214426952,0.9999999106812005,0.0
WALLABY J132029-195030,NGC 5044 TR3,200.1211776002339,-19.841721047883,24.505708682143904,8.352634880605338,1.77614039594,0.999999999613667,0.0
WALLABY J132029-214845,NGC 5044 TR3,200.1222125788741,-21.81261613374588,22.472320288140434,9.919137377337554,11.8069260799,1.0,4.0
WALLABY J132030-202723,NGC 5044 TR3,200.1256904080115,-20.45639655088667,23.223628634080118,7.57502525904425,0.804725319242,0.9997569436383278,0.0
WALLABY J132032-170535,NGC 5044 TR3,200.1363924958821,-17.09308831815241,98.82769868221635,9.287743636622835,1.13746643352,0.9910402867415121,0.0
WALLABY J132034-183542,NGC 5044 TR3,200.1449681764915,-18.59502162619176,171.81781725988375,10.213543223784392,1.52350394614,1.0,0.0
WALLABY J132036-173846,NGC 5044 TR3,200.1515612727701,-17.64635854832564,70.18006128506413,8.992241522883713,1.81451430128,0.9662852118133559,0.0
WALLABY J132037-142743,NGC 5044 TR3,200.1568186152438,-14.46202157734555,154.0657092841158,9.756049678310589,1.19707765544,0.9998861037527801,0.0
WALLABY J132040-165353,NGC 5044 TR3,200.1703224150013,-16.89824055777568,23.94073998636923,8.41445362134126,1.55504161625,0.9999999999999997,0.0
WALLABY J132040-170623,NGC 5044 TR3,200.1692290866305,-17.10639615259293,102.91495717124404,9.314680563318275,1.08600802377,0.9800405046775414,0.0
WALLABY J132042-173916,NGC 5044 TR3,200.178382847752,-17.65458987559917,74.01554419334519,9.015170737151037,1.75065579506,0.9490345511454932,0.0
WALLABY J132043-180215,NGC 5044 TR3,200.1812607480811,-18.03769053399604,72.78681502757811,9.6484556175114,2.01379217411,1.0,4.0
WALLABY J132043-220256,NGC 5044 TR3,200.181887595371,-22.04794885308586,29.966774354768365,9.622183209084312,3.64472173437,1.0,4.0
WALLABY J132046-124531,NGC 5044 TR3,200.195072601996,-12.75864481760356,76.11032138556985,9.086482386034756,1.24561737318,0.9194433431974737,0.0
WALLABY J132050-232904,NGC 5044 TR3,200.2102295928549,-23.48439321725803,29.515879736201953,8.97070226671761,2.05870012579,0.9999999994384583,4.0
WALLABY J132059-122814,NGC 5044 TR3,200.249215155124,-12.47070385026127,34.274448975918624,9.376135828225292,3.29189478147,1.0,0.0
WALLABY J132059-173347,NGC 5044 TR3,200.2464278168946,-17.56325401165413,33.113856140734306,8.080168426029422,0.933726986367,0.7065378153975942,0.0
WALLABY J132104-144331,NGC 5044 TR3,200.2702020866947,-14.72539747594569,319.719621256503,10.197472022415225,1.306595221,0.98663681538562,0.0
WALLABY J132109-114742,NGC 5044 TR3,200.2915887745317,-11.79525546668656,41.89459912132337,8.982255123624046,1.72832346331,0.9999999999995837,0.0
WALLABY J132110-154938,NGC 5044 TR3,200.2932145262238,-15.82723348973044,93.6086129083908,9.428152885569219,1.33375108143,0.9999999999611461,0.0
WALLABY J132112-182156,NGC 5044 TR3,200.302465416173,-18.36567674826034,102.69548809888036,8.969197697127544,0.696056718658,0.7584662860950325,0.0
WALLABY J132113-131115,NGC 5044 TR3,200.3048217414045,-13.18761259046795,279.5331829048677,9.81325123340612,1.32988304416,0.9999935986145873,0.0
WALLABY J132113-164953,NGC 5044 TR3,200.3061176746829,-16.83163519482488,94.5501572311797,8.90131565996405,1.10450514713,0.7103180462392273,0.0
WALLABY J132114-210618,NGC 5044 TR3,200.3111561019001,-21.10524636667276,69.94325699850562,8.968328366120774,0.996427629316,0.7317463716107172,0.0
WALLABY J132115-171527,NGC 5044 TR3,200.3156753641153,-17.25758610523435,233.63210457121298,9.886634120369433,1.31757676759,0.9549805205999267,0.0
WALLABY J132119-130231,NGC 5044 TR3,200.3315871791042,-13.0419805039468,18.73168160587699,8.576999860701001,1.76742836709,1.0,0.0
WALLABY J132121-151214,NGC 5044 TR3,200.3403423933912,-15.20397795713184,100.27235561033133,9.30344558766049,1.08096161989,0.9997684591061756,0.0
WALLABY J132123-171906,NGC 5044 TR3,200.349353469711,-17.31851345983682,70.45390023062868,8.931816638322404,1.51185195847,0.9412232187857263,0.0
WALLABY J132124-160619,NGC 5044 TR3,200.3537142254434,-16.10549034618702,73.23422299451424,8.835554915256468,1.04139096234,0.9288151911772288,0.0
WALLABY J132132-152931,NGC 5044 TR3,200.3864085581115,-15.49211121499582,74.78404426191292,9.413628078510008,1.28253219981,1.0,0.0
WALLABY J132134-151101,NGC 5044 TR3,200.395790298884,-15.18370820449609,37.949137949139,8.211271195249521,1.03465351727,0.9991771079828116,4.0
WALLABY J132136-203629,NGC 5044 TR3,200.4020611383117,-20.60813274018308,31.288589053324383,8.37510860590893,1.35904188771,0.999897856168933,0.0
WALLABY J132137-145127,NGC 5044 TR3,200.407643328568,-14.85775983381296,36.98777711993479,8.323064748023835,1.20161635114,0.9811663242312819,4.0
WALLABY J132141-143530,NGC 5044 TR3,200.4215982652817,-14.59170160724795,102.50503329498095,9.326275900668255,1.15831606023,0.9802961754606057,0.0
WALLABY J132145-154135,NGC 5044 TR3,200.4390665531368,-15.69305629796722,74.02709454253615,9.315043044834734,1.13134905465,0.9938762693365434,0.0
WALLABY J132145-184438,NGC 5044 TR3,200.4387679734611,-18.74399995713283,124.60452876385095,9.078740419005669,0.98748122087,0.7147400276049863,0.0
WALLABY J132148-131222,NGC 5044 TR3,200.4535705676634,-13.20614993439617,41.4451355611504,9.704267648162563,2.71596455497,1.0,0.0
WALLABY J132148-150324,NGC 5044 TR3,200.4524933611253,-15.05668764837442,39.268718071132895,8.490470697692064,1.1281250172,0.9999911559122594,4.0
WALLABY J132151-144210,NGC 5044 TR3,200.4654845470004,-14.70276812519585,94.14804409441352,9.169742333758993,1.11423139083,0.9401078437198098,0.0
WALLABY J132151-171211,NGC 5044 TR3,200.4638696670302,-17.20325930147789,103.92422929027612,9.766795809144519,1.76083966347,1.0,0.0
WALLABY J132154-193738,NGC 5044 TR3,200.4785485815875,-19.62802589520787,74.94301575528492,9.53708786770902,1.83522636134,0.9999999999592087,0.0
WALLABY J132157-165559,NGC 5044 TR3,200.4908948952882,-16.93325656775316,89.39534181929078,8.828189549486527,0.855878492529,0.7396283061355912,0.0
WALLABY J132158-170021,NGC 5044 TR3,200.4940233675733,-17.00602675034161,74.3209810859014,8.834813279185457,1.05378236012,0.9011441696147486,0.0
WALLABY J132201-165247,NGC 5044 TR3,200.5062891777032,-16.87990721768949,105.62794983123808,9.616899035923465,1.29495559318,0.9999999999890418,0.0
WALLABY J132202-161829,NGC 5044 TR3,200.5115512293015,-16.3082661206056,100.40210725208658,9.227968300426669,1.39999741331,0.9618407661817032,0.0
WALLABY J132202-174134,NGC 5044 TR3,200.5124197840595,-17.69294491555679,198.5666770803539,9.962666004258967,1.1759238458,0.9999999419938365,0.0
WALLABY J132202-201335,NGC 5044 TR3,200.5119056392954,-20.22631744384862,26.93476179243172,8.739460482700977,2.14108813537,1.0,0.0
WALLABY J132205-130816,NGC 5044 TR3,200.5249208281183,-13.13776513549086,74.19639121224773,9.236407569689913,1.2112327061,0.994520306224812,0.0
WALLABY J132207-172410,NGC 5044 TR3,200.5317928545499,-17.40289125396496,104.42331959960234,9.260985203465513,1.01847854166,0.8195781093545617,0.0
WALLABY J132208-164023,NGC 5044 TR3,200.5358542092067,-16.67327757127942,72.15780018306633,8.864615347218441,1.65609139725,0.7690283569140655,0.0
WALLABY J132209-154439,NGC 5044 TR3,200.5412709630311,-15.74436592473347,100.59788298965023,9.39642831644394,1.45972740503,0.9999943436201298,0.0
WALLABY J132210-175218,NGC 5044 TR3,200.5435778387006,-17.87180847051214,100.9519850061216,9.519117598431638,1.31198433098,0.9999999999999878,0.0
WALLABY J132211-160558,NGC 5044 TR3,200.5496693012093,-16.09952177562725,108.07273012320562,9.489987219120222,2.21513411551,0.9999979593076335,0.0
WALLABY J132216-153002,NGC 5044 TR3,200.5692107685085,-15.50057893268733,40.043764622447945,8.920121987125023,1.93243640993,1.0,4.0
WALLABY J132218-173518,NGC 5044 TR3,200.5787724612328,-17.58851775394838,102.01284660868043,9.046034121853094,0.89845635093,0.9877225893164828,0.0
WALLABY J132219-164225,NGC 5044 TR3,200.5801690791438,-16.70713853900251,98.25258598970125,9.962935713314247,1.95947932007,1.0,0.0
WALLABY J132220-143127,NGC 5044 TR3,200.586755677454,-14.52442872052708,94.79411294692015,9.404466849128733,1.17922944351,0.9999999672031022,0.0
WALLABY J132222-185842,NGC 5044 TR3,200.5924854843111,-18.97855461629631,111.12054026296305,9.364384771890881,0.906387577468,0.9981300178121567,0.0
WALLABY J132223-163258,NGC 5044 TR3,200.5961373055594,-16.54947257929822,74.0898372008424,9.303036548319911,1.18654723688,0.9999996833151574,0.0
WALLABY J132228-185728,NGC 5044 TR3,200.6186339289287,-18.95787470655139,110.36813024928416,9.164984404959679,1.11120277242,0.7762214726283037,0.0
WALLABY J132229-214334,NGC 5044 TR3,200.6232034092806,-21.72606743595332,23.469591989799962,7.929301305687322,0.98026586756,0.9961350955436403,0.0
WALLABY J132238-204726,NGC 5044 TR3,200.6600418021146,-20.79077388888838,376.38645736300066,10.13861734095062,0.898732266661,0.9859568297880433,0.0
WALLABY J132239-214836,NGC 5044 TR3,200.664713692532,-21.81011806596401,29.51711164064376,8.230828592268546,1.03778649984,0.9971061250300491,0.0
WALLABY J132241-184811,NGC 5044 TR3,200.6731803919805,-18.80307295204962,74.879069321782,9.181087275538669,1.59986222451,0.999799579686522,0.0
WALLABY J132243-172410,NGC 5044 TR3,200.6817005393772,-17.40290303277874,104.57650599644086,9.144755622221423,1.0672075435,0.9113932072940087,0.0
WALLABY J132247-175705,NGC 5044 TR3,200.6977515752,-17.9514097059096,229.3379641472135,9.826101988229553,1.45159055241,0.9542666728386663,0.0
WALLABY J132247-210725,NGC 5044 TR3,200.6991879772464,-21.12362834045295,228.27390469954466,9.995857123874307,1.99457784146,0.770822539620748,0.0
WALLABY J132251-183904,NGC 5044 TR3,200.7148727936055,-18.65122662521907,110.29095262628044,9.154217723928639,1.09581689959,0.755292753149237,0.0
WALLABY J132255-173325,NGC 5044 TR3,200.7303626449162,-17.55707464570761,73.44742160935593,9.376067505580714,1.57013978716,1.0,0.0
WALLABY J132256-170904,NGC 5044 TR3,200.7363069306648,-17.15120211274913,233.62694724198903,10.051487355947748,1.37701931328,0.9985411346946637,0.0
WALLABY J132256-191611,NGC 5044 TR3,200.7365834544455,-19.26997347270161,74.46545179321309,8.995186161082517,1.04419227718,0.9111332167057897,0.0
WALLABY J132257-194004,NGC 5044 TR3,200.7393535485472,-19.66783529151683,98.18156957360124,9.100445812914414,0.906423386113,0.7360779489969769,0.0
WALLABY J132258-144345,NGC 5044 TR3,200.7416830750686,-14.72917303260747,73.15840460971687,9.455028521323024,1.68831370837,1.0,0.0
WALLABY J132259-172513,NGC 5044 TR3,200.7475880114091,-17.42041852463825,190.1760292695244,9.496168579767787,1.02187810626,0.7448397209802571,0.0
WALLABY J132259-204701,NGC 5044 TR3,200.747032391989,-20.78392713835893,103.34962175485111,9.532015904389622,1.35222772324,0.902406603224803,0.0
WALLABY J132303-134113,NGC 5044 TR3,200.7628904766725,-13.68699454832049,76.56105672943556,9.299609415150789,1.37522796553,0.8104118499951602,0.0
WALLABY J132304-235016,NGC 5044 TR3,200.7684398374581,-23.8378889516042,141.28868798947565,9.560424448316907,1.3900781956,0.9225458015827281,4.0
WALLABY J132306-164944,NGC 5044 TR3,200.7757852443959,-16.82901421705243,96.25525771710645,9.323747541902756,1.03924386621,0.9994657638346054,0.0
WALLABY J132311-171200,NGC 5044 TR3,200.7983678891422,-17.20019650884533,101.04203299554335,9.323483778072903,1.11873487065,0.9999997594350764,0.0
WALLABY J132313-152804,NGC 5044 TR3,200.8053760830163,-15.46798025173516,95.3628461220084,9.334022135986105,1.44474278148,0.9998759745359576,0.0
WALLABY J132314-165544,NGC 5044 TR3,200.8114587199044,-16.92909518220915,97.63165567865768,9.456361617023047,1.94828392255,0.9999999952604307,0.0
WALLABY J132318-182146,NGC 5044 TR3,200.825912249799,-18.36298531148867,106.82846061250942,9.277520293579448,1.309281104,0.9999999999883186,0.0
WALLABY J132321-163748,NGC 5044 TR3,200.8396081249057,-16.63000475323528,102.43916982335593,8.910325849690471,0.772053144463,0.7755514315771914,0.0
WALLABY J132321-191517,NGC 5044 TR3,200.8391165445444,-19.25498601589839,197.58017398882288,10.00275833792553,1.07420720123,0.9923290994909051,0.0
WALLABY J132322-173508,NGC 5044 TR3,200.8438816199705,-17.58566345161269,145.9396829268149,9.664705896945497,1.03401500403,0.9961651966841416,0.0
WALLABY J132328-172821,NGC 5044 TR3,200.8706178686954,-17.47261112042787,53.82135419669738,8.510777999908798,1.21477126341,0.7872539294844813,0.0
WALLABY J132329-163056,NGC 5044 TR3,200.8745164409881,-16.51563277639544,73.75883854916691,9.23930393621938,1.36901273224,0.999999999999998,0.0
WALLABY J132329-164053,NGC 5044 TR3,200.8717659319815,-16.68147666383927,98.44664703569627,9.277576160413863,1.16808286492,0.9999268499563099,0.0
WALLABY J132329-165844,NGC 5044 TR3,200.8708391610486,-16.97897593025109,99.11490117615071,9.099199335773891,0.994384334276,0.9087116684956992,0.0
WALLABY J132329-175427,NGC 5044 TR3,200.8749086250515,-17.90753920239722,103.38438679347739,9.460682440484677,1.08525214852,0.9999950781969599,0.0
WALLABY J132329-232337,NGC 5044 TR3,200.8719757826079,-23.39387575124684,22.61883883581642,8.120750961169746,1.38306627904,0.9905737050041987,0.0
WALLABY J132331-235339,NGC 5044 TR3,200.8799080469495,-23.89412682697595,179.4357809251482,10.272132459771406,1.43417447719,1.0,0.0
WALLABY J132336-170314,NGC 5044 TR3,200.9019233570262,-17.05408442862788,101.5206295078053,9.626398420166804,1.64078712335,0.9999999999993198,0.0
WALLABY J132339-190221,NGC 5044 TR3,200.9138180655435,-19.03917857894107,105.67501717301683,9.724719456288302,1.33014972065,0.9999999999999988,0.0
WALLABY J132343-162121,NGC 5044 TR3,200.9305016189057,-16.35591419112904,99.7136976697545,9.50604447004917,1.46187532588,0.9999999999349056,0.0
WALLABY J132344-231048,NGC 5044 TR3,200.9367536520512,-23.1798206319041,68.10698658918618,9.49326800003976,1.96776039848,1.0,0.0
WALLABY J132347-193322,NGC 5044 TR3,200.9477103392023,-19.55625300170945,76.23303153439224,8.742003003797274,0.9511550587,0.9231360694739327,0.0
WALLABY J132350-235951,NGC 5044 TR3,200.9595733245666,-23.99760780964867,194.44201748381286,9.7935760541755,1.15634125661,0.9066290091856087,0.0
WALLABY J132351-143606,NGC 5044 TR3,200.9630086676966,-14.60177616818977,19.742841675524108,8.238116097946188,1.39162000281,1.0,0.0
WALLABY J132353-180755,NGC 5044 TR3,200.9730417923531,-18.1319552332149,230.95339264046976,10.112563215531539,1.27487179122,0.9998536176632147,0.0
WALLABY J132353-184841,NGC 5044 TR3,200.9730072170092,-18.81159195856872,101.31445052865448,9.417580719335547,1.20884874522,0.9999985998997799,0.0
WALLABY J132353-230518,NGC 5044 TR3,200.974046466773,-23.08816773647414,127.14693217585622,9.498705001960063,1.35092070991,0.7339994301421223,0.0
WALLABY J132358-151422,NGC 5044 TR3,200.9955630396745,-15.23946197313126,204.77697793516114,10.055063867449563,1.64037593445,0.9999871777474941,0.0
WALLABY J132358-190341,NGC 5044 TR3,200.9926487324703,-19.06152300549203,98.7737255226776,9.638721443574694,1.27839153956,0.9999968230614797,0.0
WALLABY J132359-235510,NGC 5044 TR3,200.9982322979386,-23.91966438106944,267.9416304271622,9.949112527668285,1.41677674833,0.7163654013583113,0.0
WALLABY J132400-175431,NGC 5044 TR3,201.0014095088435,-17.90860041646465,100.8233142858138,9.479671117624916,1.35721457742,0.9999999957640473,0.0
WALLABY J132401-232015,NGC 5044 TR3,201.0067574612989,-23.3375137843956,194.56721899331552,9.627934347709923,1.01394112898,0.7143790750602907,0.0
WALLABY J132403-170220,NGC 5044 TR3,201.0140818162205,-17.03898464176863,100.7672750865684,9.797222388847079,1.67077481258,1.0,0.0
WALLABY J132409-175407,NGC 5044 TR3,201.0413761203696,-17.90206000455764,109.8067021188464,9.914443384284077,1.81103151042,1.0,0.0
WALLABY J132410-235238,NGC 5044 TR3,201.0437258235519,-23.87714610862027,107.21449098823311,9.845285915268917,1.53158999863,0.9999999999999561,0.0
WALLABY J132415-164212,NGC 5044 TR3,201.0648131159837,-16.70347268629918,21.34705374184001,8.574697690835865,1.95888866491,1.0,0.0
WALLABY J132415-232043,NGC 5044 TR3,201.0635646152559,-23.34536668763781,68.17346475367867,9.507383561593905,2.20805996118,1.0,0.0
WALLABY J132416-164248,NGC 5044 TR3,201.0695819159155,-16.71356629455877,366.4336340995206,10.125326602304305,1.51129196149,0.7412649177717184,0.0
WALLABY J132419-185912,NGC 5044 TR3,201.0822306190693,-18.98667025343429,71.4601138549041,8.812195259523254,1.01909169141,0.7551233467322078,0.0
WALLABY J132422-162744,NGC 5044 TR3,201.0939346487607,-16.46230570084084,312.29220298937616,9.84653179954402,1.06399955306,0.876689614271386,0.0
WALLABY J132422-171945,NGC 5044 TR3,201.0937000063324,-17.3292565100339,99.88834875006214,9.796431617871841,1.8048802621,1.0,0.0
WALLABY J132425-204354,NGC 5044 TR3,201.1074513180825,-20.73200383601247,119.22957189583886,9.679614430504348,1.20465731947,0.9507975309499109,4.0
WALLABY J132427-170303,NGC 5044 TR3,201.1154600405956,-17.05085886658399,100.03784735566379,9.42095177790762,1.16813037011,0.9999999924449459,0.0
WALLABY J132427-201307,NGC 5044 TR3,201.1166427523968,-20.21916881575829,101.33987611518151,9.790506108171536,1.50023577451,1.0,0.0
WALLABY J132427-202554,NGC 5044 TR3,201.1151139097504,-20.43179744241425,75.7344703439603,9.304434992074281,1.441088149,0.8892179298915522,0.0
WALLABY J132429-181124,NGC 5044 TR3,201.1231885510562,-18.19021890867507,111.02010213350624,9.21716937979513,1.34181134988,0.7996286126975917,0.0
WALLABY J132429-203859,NGC 5044 TR3,201.1242660823379,-20.64854780245407,117.83781343386968,9.74896249545647,2.27749383753,0.9223126718134416,4.0
WALLABY J132430-210729,NGC 5044 TR3,201.1270239767547,-21.12484840007935,36.98408910381077,9.318837941447974,3.81349896083,1.0,4.0
WALLABY J132432-151614,NGC 5044 TR3,201.133712683567,-15.27057879007842,38.9635448603497,8.64425880907273,1.68884357912,0.9999750614358826,4.0
WALLABY J132432-155124,NGC 5044 TR3,201.1359447597752,-15.85692170843329,296.89430919715574,10.171582368504373,1.68965102811,0.9993178107002836,0.0
WALLABY J132433-210813,NGC 5044 TR3,201.1375673619852,-21.13871746053412,38.0752132811155,9.545570842442942,5.72752372752,1.0,4.0
WALLABY J132438-224607,NGC 5044 TR3,201.1611126906244,-22.76883652254761,129.07959912639126,9.622980715825092,1.32160628919,0.9985068921919348,0.0
WALLABY J132440-194953,NGC 5044 TR3,201.1703298275225,-19.8316037866047,114.56707544226909,9.784451157295349,1.70948685807,0.9400224729601253,0.0
WALLABY J132441-194214,NGC 5044 TR3,201.174946160689,-19.70382490612406,28.292740696047726,9.537372596486975,3.94759518458,1.0,0.0
WALLABY J132442-211714,NGC 5044 TR3,201.1756265703436,-21.28734481161168,75.86082125560819,8.747159663047286,0.798474538473,0.9999998775223994,0.0
WALLABY J132451-212416,NGC 5044 TR3,201.2135033834546,-21.40448898479649,172.79977705507397,9.648429065082585,1.23155527315,0.8974884343300473,4.0
WALLABY J132454-201759,NGC 5044 TR3,201.2278759129651,-20.29981239138882,24.902192867439556,8.331245904205145,1.5174324009,1.0,0.0
WALLABY J132455-192622,NGC 5044 TR3,201.2321164442082,-19.43948714548396,114.2924810079016,9.697091214616542,1.42158550299,0.9999999999476595,0.0
WALLABY J132457-182105,NGC 5044 TR3,201.2393361841544,-18.35164703678407,47.80675424567005,8.254759995607486,0.811041985177,0.9264270894193768,0.0
WALLABY J132500-240035,NGC 5044 TR3,201.2512515742237,-24.00977681453469,105.66969685413773,10.02100928001147,2.6735493475,1.0,0.0
WALLABY J132501-144523,NGC 5044 TR3,201.257192847126,-14.75642577009771,205.11685851864988,10.011644796097187,1.29433805193,0.9999881363479317,0.0
WALLABY J132506-240322,NGC 5044 TR3,201.2786206541892,-24.05601142980211,194.1622143533711,9.931319179050778,1.25328921518,0.9993111467531491,0.0
WALLABY J132508-194605,NGC 5044 TR3,201.2858945508958,-19.7686615883645,74.21606802923392,9.689849616175211,1.59913948164,1.0,0.0
WALLABY J132516-203855,NGC 5044 TR3,201.3179996025189,-20.64873102661649,38.29284757943017,8.555788457871012,1.00315623882,0.9947773531058235,4.0
WALLABY J132518-211223,NGC 5044 TR3,201.3261116474091,-21.20657060033135,104.38806926984901,9.56290842305878,1.34858093089,0.9999999998833611,0.0
WALLABY J132518-232409,NGC 5044 TR3,201.326022048247,-23.40269994903552,126.30393275995789,9.40256615869194,1.34557201324,0.9234710282017703,0.0
WALLABY J132519-210812,NGC 5044 TR3,201.3330138420414,-21.1369897644396,24.933684140427633,9.122203647114523,5.53111686854,1.0,0.0
WALLABY J132529-174924,NGC 5044 TR3,201.3718313170248,-17.82343493073927,76.2505028877606,9.03931212090666,1.48972545712,0.9789979844596498,0.0
WALLABY J132529-201001,NGC 5044 TR3,201.3742351884143,-20.16749989566893,115.64199852207314,10.265466507660408,2.85636842734,1.0,4.0
WALLABY J132531-212650,NGC 5044 TR3,201.380622379915,-21.44740115883765,69.62946631383974,9.085396923933784,1.13668153734,0.9996822501663178,0.0
WALLABY J132531-220703,NGC 5044 TR3,201.3803810665879,-22.11785928955874,132.79599628965929,9.576059354250694,1.25438397331,0.9690730560983298,0.0
WALLABY J132532-161724,NGC 5044 TR3,201.3844693874367,-16.29020860106268,96.7329996515089,8.935052690390824,1.80585625121,0.731719854458853,0.0
WALLABY J132534-150540,NGC 5044 TR3,201.392292170065,-15.09462807225007,99.44713125824511,9.085144337230773,1.20919211322,0.7079433696226802,0.0
WALLABY J132536-213356,NGC 5044 TR3,201.4011309427162,-21.56544358838694,127.06660022012147,9.744736149438246,2.01835724519,0.999999996781969,0.0
WALLABY J132538-163436,NGC 5044 TR3,201.4098158931727,-16.5767427068688,97.70525379818012,9.116028561364406,1.11182679716,0.8996658463098367,0.0
WALLABY J132540-155525,NGC 5044 TR3,201.4205779666336,-15.92362914231312,165.44349090591717,9.709751829172824,2.03992032131,0.9971004462734879,0.0
WALLABY J132542-164457,NGC 5044 TR3,201.4249888237653,-16.74930541843242,77.23102146110043,9.53390034295109,2.26005308067,1.0,0.0
WALLABY J132543-201405,NGC 5044 TR3,201.4294899610194,-20.23489472789288,39.25264857254612,8.606877236726836,1.45223950769,0.7503663645152919,4.0
WALLABY J132551-162706,NGC 5044 TR3,201.4658679645865,-16.4518513702751,96.3212383149648,9.153709461592603,1.04331924521,0.928046602076221,0.0
WALLABY J132552-203408,NGC 5044 TR3,201.4670625621053,-20.56915141334312,103.12084005392053,9.631809156162111,1.80347371543,0.999990560880111,0.0
WALLABY J132552-241252,NGC 5044 TR3,201.4697867299596,-24.2153053491788,177.67308436871156,9.814356445736264,1.43316197768,0.8980491602956365,0.0
WALLABY J132558-163627,NGC 5044 TR3,201.4943048537727,-16.60761976268876,97.88888258336945,9.219703603085318,2.20042811928,0.9995357648617036,0.0
WALLABY J132558-233802,NGC 5044 TR3,201.4998980734568,-23.63170509166678,194.18021850188794,10.115937059571667,1.65200421165,0.9999999935465632,0.0
WALLABY J132558-242128,NGC 5044 TR3,201.4950267312549,-24.35797695854149,177.7578764255307,9.68792042841408,1.61242427307,0.9144431074196364,0.0
WALLABY J132603-170150,NGC 5044 TR3,201.5138579175056,-17.03057317224014,281.49500340348214,10.182911347198266,1.37611229992,0.9999999999848419,0.0
WALLABY J132603-225332,NGC 5044 TR3,201.5155858120976,-22.89235739320616,319.24553822411434,9.939049387942113,1.92190417731,0.8214073281041785,0.0
WALLABY J132605-241223,NGC 5044 TR3,201.5226815000474,-24.20649922141989,139.94035057244727,9.968125016830493,1.55256995218,0.9999999617240921,4.0
WALLABY J132607-171123,NGC 5044 TR3,201.5326382738662,-17.18989096249473,231.71106042745686,10.019142614786109,1.21533261306,0.9595799849623698,0.0
WALLABY J132607-202810,NGC 5044 TR3,201.5330772964406,-20.46948145672217,114.31226293701336,9.417919495331905,1.37210879177,0.9591293862733138,4.0
WALLABY J132608-163111,NGC 5044 TR3,201.5349252929639,-16.51991595790436,98.37171454732834,10.096667373542303,1.60207916683,1.0,0.0
WALLABY J132612-162649,NGC 5044 TR3,201.5541132905561,-16.44702088543814,345.11671087842245,10.17056378425089,1.0873630867,0.8165158171521844,0.0
WALLABY J132614-195933,NGC 5044 TR3,201.5578199150031,-19.99174245584216,109.40069727075877,9.175835328778502,1.23702313485,0.7067263931331247,0.0
WALLABY J132618-214400,NGC 5044 TR3,201.578198223593,-21.73348559509108,122.0864910699944,9.37178789571678,1.09182508029,0.9279343069538769,0.0
WALLABY J132619-193833,NGC 5044 TR3,201.5814573862062,-19.64264486328644,111.78392643998659,9.35712625950016,1.35818760527,0.9991008055202074,0.0
WALLABY J132620-223750,NGC 5044 TR3,201.5847726572546,-22.63049319548307,129.88720928296337,9.855766310818222,1.76194380207,0.9999998920597732,0.0
WALLABY J132620-230233,NGC 5044 TR3,201.5860395909652,-23.0450160242031,75.31014405932676,9.223406161781565,1.96495591663,0.9978254344048791,0.0
WALLABY J132621-155739,NGC 5044 TR3,201.5888589598058,-15.96106904795916,295.54512873071303,9.813912623541512,1.15316470222,0.9382847366189361,0.0
WALLABY J132625-215123,NGC 5044 TR3,201.6072884818515,-21.85646403837498,127.6245466446576,9.531896582944187,0.989438232501,0.9614889302392877,0.0
WALLABY J132630-214027,NGC 5044 TR3,201.626084752462,-21.6742267668885,103.35014623613586,9.579348261583382,1.25652868373,0.9999997839834012,0.0
WALLABY J132634-222458,NGC 5044 TR3,201.6446580382134,-22.41634424683108,103.05675255064996,9.352021372109627,1.14484387006,0.9954986979752984,0.0
WALLABY J132635-221419,NGC 5044 TR3,201.6494655242224,-22.23866903704058,20.369713182443807,9.0070034336205,2.86775564195,1.0,0.0
WALLABY J132637-192904,NGC 5044 TR3,201.6581766763866,-19.48453332209215,111.67661071028884,9.008130837062211,1.04211033395,0.7266469715817291,0.0
WALLABY J132638-215333,NGC 5044 TR3,201.6591821835658,-21.89257496860369,124.65446366510912,9.399055213920127,1.02417685467,0.8995979668705127,0.0
WALLABY J132648-185557,NGC 5044 TR3,201.7016808293143,-18.9327028125729,200.88705121138466,10.103855565189715,1.42360623865,0.999981870003494,0.0
WALLABY J132648-250524,NGC 5044 TR3,201.7009475707277,-25.09053712504445,159.94320886643587,9.67061515896345,0.959279380926,0.944288869428262,0.0
WALLABY J132654-145758,NGC 5044 TR3,201.7270363291244,-14.96635638542763,79.5631063611943,9.0856970272827,0.982533136498,0.9605349249026978,0.0
WALLABY J132655-231825,NGC 5044 TR3,201.7324865318799,-23.3071636228317,194.3719421478398,9.756668776111377,1.72350296635,0.7812900085374709,0.0
WALLABY J132656-203533,NGC 5044 TR3,201.7369287175686,-20.5925278084625,120.60746001555718,9.34581803234183,1.42905296948,0.8242368573990332,4.0
WALLABY J132700-205735,NGC 5044 TR3,201.7536772666427,-20.95993532724393,68.83866036712935,9.360744784149924,1.30957561938,0.9999999999997223,0.0
WALLABY J132709-163509,NGC 5044 TR3,201.7899659485157,-16.58607750266128,119.98154240662859,9.191792589264224,1.8341928583,0.8701968998129289,0.0
WALLABY J132713-202729,NGC 5044 TR3,201.8074836446877,-20.45819837713485,96.7002612556317,9.62494569530268,1.71117193602,0.9999999997311223,0.0
WALLABY J132719-170237,NGC 5044 TR3,201.8328504091414,-17.04370369510747,273.10073815946737,9.7450164546714,1.21149096647,0.7650853661320014,4.0
WALLABY J132720-200304,NGC 5044 TR3,201.83704439172,-20.05054985749186,118.85062273270768,9.553421519773918,1.41260750661,0.9761058365746613,4.0
WALLABY J132726-173924,NGC 5044 TR3,201.859953400579,-17.65668619029877,23.13048070587044,7.817863955200992,0.953687691097,0.9963828941133916,0.0
WALLABY J132729-163924,NGC 5044 TR3,201.8728360177522,-16.65673968531687,78.26052309984236,9.125449717842516,1.63053091529,0.999735123684024,0.0
WALLABY J132729-244239,NGC 5044 TR3,201.8745930923712,-24.71113177061205,179.14501507108875,9.671986653904618,1.12321093665,0.8194602271502741,0.0
WALLABY J132732-142623,NGC 5044 TR3,201.8869440877339,-14.43987927326835,147.43063228016848,9.78589515585428,1.82873960531,0.9972235803008662,0.0
WALLABY J132741-234601,NGC 5044 TR3,201.9243872583649,-23.76702319118702,137.49104200165195,9.788290667398366,1.82184575817,0.9998967835919425,0.0
WALLABY J132746-161514,NGC 5044 TR3,201.9422180203214,-16.25395675024872,99.99740804515454,9.301010272491151,3.28744609436,0.9999149365945107,0.0
WALLABY J132747-155109,NGC 5044 TR3,201.9486619357335,-15.85251933245931,77.64595174961354,8.77996010677663,1.13723126161,0.9999997766795122,0.0
WALLABY J132749-180135,NGC 5044 TR3,201.9575026255272,-18.02650815543403,104.15417785383723,9.056289319872356,1.12554748725,0.8248868242150101,0.0
WALLABY J132749-240921,NGC 5044 TR3,201.9549805141728,-24.15594341162857,133.901892755967,9.466414031960012,1.04892579712,0.9123425826736563,0.0
WALLABY J132751-240335,NGC 5044 TR3,201.9652142604467,-24.05982434960843,133.86460082270403,9.56512945139962,1.37729308047,0.9845206002634391,0.0
WALLABY J132754-155850,NGC 5044 TR3,201.9755415952287,-15.98063217634577,205.51794255190566,9.791249166165478,1.17584749383,0.9824146827508173,0.0
WALLABY J132759-152532,NGC 5044 TR3,201.9967814478032,-15.42565432660683,293.2636009491146,9.954995390884362,0.932441124999,0.9092140881900016,0.0
WALLABY J132803-152028,NGC 5044 TR3,202.0145316350654,-15.34136814914811,346.6773647469866,10.289833633110907,1.06990392811,0.942581175164132,0.0
WALLABY J132804-234953,NGC 5044 TR3,202.0193465842822,-23.83160120619967,342.46856590217834,10.01879994085172,1.39105078989,0.7005850863763133,0.0
WALLABY J132805-150633,NGC 5044 TR3,202.0240712454206,-15.10926460713658,337.71561893812714,10.08185146291099,0.937350392672,0.7632840933509392,0.0
WALLABY J132807-162439,NGC 5044 TR3,202.0303223893037,-16.41097070052135,26.2689382777685,7.945483986450219,1.2110495402,0.9133355329832583,0.0
WALLABY J132807-200957,NGC 5044 TR3,202.0321227994222,-20.16610707134544,67.87780274573554,8.803989994530184,0.804997624016,0.8787606623769233,0.0
WALLABY J132807-205527,NGC 5044 TR3,202.0329205736401,-20.92420791836848,83.30295777848129,8.891954769976367,1.93402827025,0.9661860475207209,4.0
WALLABY J132807-243847,NGC 5044 TR3,202.029849796989,-24.64619521266854,77.41674892753336,9.441333399231336,1.79563345466,0.9999999999928831,0.0
WALLABY J132810-151352,NGC 5044 TR3,202.0418309518977,-15.23124315982749,234.69689595004107,9.473664613235904,1.04616506846,0.7462835958306405,0.0
WALLABY J132811-240540,NGC 5044 TR3,202.04844465164,-24.0945719635059,161.7771705775711,10.070502284735342,1.27007977312,0.9999999999999999,0.0
WALLABY J132812-245827,NGC 5044 TR3,202.0524572730972,-24.97516363237248,197.76577668284972,10.155609193532117,1.70055143735,0.999999999986096,0.0
WALLABY J132814-165706,NGC 5044 TR3,202.0597445781094,-16.95184496843009,143.75426204365445,9.277379618224929,1.27818408853,0.9099807135842507,0.0
WALLABY J132814-212253,NGC 5044 TR3,202.0621431087751,-21.38155866961242,76.09836695247493,9.416843037273159,1.29518036018,1.0,0.0
WALLABY J132821-193108,NGC 5044 TR3,202.0902290721848,-19.51903737473445,105.16699154625572,9.589583737619437,1.45149817718,0.9999999999960388,0.0
WALLABY J132825-253528,NGC 5044 TR3,202.1066852027902,-25.59123599388925,254.6380016457277,10.314972849402144,1.16372628675,0.9339753834936314,0.0
WALLABY J132826-182936,NGC 5044 TR3,202.1103093421292,-18.49333318612945,90.29909598339265,9.231408443900687,1.33872142492,0.9999999999518949,0.0
WALLABY J132831-171324,NGC 5044 TR3,202.133132506183,-17.22358619220779,22.903360219313107,7.541202735590155,0.882508109794,0.9946679100535912,0.0
WALLABY J132844-210150,NGC 5044 TR3,202.1860690289138,-21.03060398064243,98.9648656761617,9.466440417194107,1.16886088562,0.9999942855652729,0.0
WALLABY J132846-155832,NGC 5044 TR3,202.1937221006219,-15.97568553270893,291.47665253604373,9.901548476834774,1.54596781686,0.9635855154661843,0.0
WALLABY J132848-143813,NGC 5044 TR3,202.2020142315499,-14.6369375882611,294.57141801980526,9.744193846400478,0.909540609888,0.7474712633716233,0.0
WALLABY J132850-144019,NGC 5044 TR3,202.21031035831,-14.67196915063103,208.85010578869526,9.891885339378447,1.10702995557,0.9848107125956896,0.0
WALLABY J132856-235000,NGC 5044 TR3,202.2340090268166,-23.83337599868649,70.4248602441675,8.65957266138003,0.900081206652,0.7407884697743137,0.0
WALLABY J132857-242427,NGC 5044 TR3,202.2407390797961,-24.40761614644547,65.28061345328217,8.864003863464749,1.37437896451,0.7068760779453771,0.0
WALLABY J132858-241435,NGC 5044 TR3,202.2433281396393,-24.24315051311222,174.3236518889025,9.801768008497062,1.30255323363,0.9635489484714161,4.0
WALLABY J132859-234535,NGC 5044 TR3,202.2494241806449,-23.75991596776123,134.70377193307723,9.263125503584595,1.52014921027,0.7115018627838077,0.0
WALLABY J132903-163458,NGC 5044 TR3,202.2643645818915,-16.58300585369107,233.60397522815623,10.196953925717299,1.21357777545,0.9999999994067341,0.0
WALLABY J132905-205629,NGC 5044 TR3,202.2723794059632,-20.94150154080795,79.32716470945392,9.650485185957109,1.56929409381,1.0,0.0
WALLABY J132906-151215,NGC 5044 TR3,202.2783859666355,-15.20436989740212,287.06090769728434,9.873718423507178,1.61008950263,0.8304473840410043,0.0
WALLABY J132906-210123,NGC 5044 TR3,202.2788941155835,-21.0235311544069,82.79969690468678,9.139901526317228,1.02283235256,0.9999999523425801,4.0
WALLABY J132907-215149,NGC 5044 TR3,202.2793445851113,-21.86384884234957,79.95301540845514,9.310929164579498,1.45778970862,0.9999998537117659,4.0
WALLABY J132908-171617,NGC 5044 TR3,202.2861959180941,-17.27147156427036,78.86626282718747,9.290076550721658,1.48529908922,1.0,0.0
WALLABY J132911-224640,NGC 5044 TR3,202.3000752970802,-22.77790682333577,127.4971701126712,9.775222601141376,1.52436875199,0.9999989448901401,0.0
WALLABY J132919-162832,NGC 5044 TR3,202.3293518516909,-16.47570244277138,84.30558720879716,9.112646984999705,1.32473295132,0.9999929643892829,0.0
WALLABY J132920-211042,NGC 5044 TR3,202.3370786382787,-21.17851962938806,9.718182591016172,7.374636552764585,1.72083644548,1.0,0.0
WALLABY J132922-221123,NGC 5044 TR3,202.3451548404521,-22.18986402243111,78.62717325520947,9.643291351431822,1.76898846674,1.0,0.0
WALLABY J132926-210008,NGC 5044 TR3,202.3614073706671,-21.00226439125976,95.21673784332356,9.417049918508516,1.39396211238,0.9999980282893222,0.0
WALLABY J132929-235535,NGC 5044 TR3,202.3722684948164,-23.92660580253705,197.50222907780483,9.973811256531546,1.48308702199,0.999999993467256,0.0
WALLABY J132929-251945,NGC 5044 TR3,202.3708396489208,-25.33030725663757,191.61552839420523,10.328646819699031,2.17586569838,0.9999809899909564,0.0
WALLABY J132930-165046,NGC 5044 TR3,202.378204362828,-16.84632398388079,228.30315302716508,9.864790996245786,0.989375634261,0.8927823666910044,0.0
WALLABY J132931-181615,NGC 5044 TR3,202.3809604051775,-18.27091195460624,18.84123810824093,7.687065405272321,1.46365931173,0.768820184150207,0.0
WALLABY J132935-153750,NGC 5044 TR3,202.3974085705774,-15.63071382320141,213.43660017386733,9.417732654134424,0.790816614548,0.8170678739589297,0.0
WALLABY J132937-230656,NGC 5044 TR3,202.4066761917635,-23.11572524916008,137.36178032592338,9.659659302840534,1.23070612923,0.9996377189919478,0.0
WALLABY J132938-154327,NGC 5044 TR3,202.4108823405583,-15.72434138101208,209.25073418675296,10.104132790623753,2.16640022464,0.9999999962247228,0.0
WALLABY J132943-161354,NGC 5044 TR3,202.43235640464,-16.23165937745227,225.58290405885765,10.004483183278383,1.26083876915,0.9999963752733722,0.0
WALLABY J132944-211051,NGC 5044 TR3,202.4365933386917,-21.18087437571329,80.00020406559672,9.414170524968997,1.48622803892,0.9999999999995205,4.0
WALLABY J132947-162327,NGC 5044 TR3,202.4479862669049,-16.3908239800482,233.60855178642885,10.138417101973447,1.62974281153,0.9993047587407287,0.0
WALLABY J132947-170153,NGC 5044 TR3,202.4461835419404,-17.03159507210092,226.4046219788429,9.97198797983431,1.81156974904,0.9995653805377657,0.0
WALLABY J132947-175747,NGC 5044 TR3,202.4485494945577,-17.9631064138782,21.691127066406064,10.001288649063246,10.2466101911,1.0,0.0
WALLABY J132947-234056,NGC 5044 TR3,202.4496713260966,-23.68235689604427,72.7137019647831,9.228173869274796,1.25671098399,0.999999999998927,0.0
WALLABY J132948-180438,NGC 5044 TR3,202.4532446255795,-18.07731361455164,19.18947735668251,7.8263508659089585,1.7294777479,0.9506530773422328,0.0
WALLABY J132949-220314,NGC 5044 TR3,202.4555895929506,-22.05397258097478,103.20871461827582,9.337197173590122,1.25763768267,0.9957156357959005,0.0
WALLABY J132957-150800,NGC 5044 TR3,202.4889193265088,-15.13359521212953,192.7800086393766,9.465423753602227,1.27732029489,0.7054908839153027,0.0
WALLABY J132958-211444,NGC 5044 TR3,202.4939381057303,-21.24754431363884,223.2809765878285,10.407306764291505,1.84338654048,0.999999999218905,4.0
WALLABY J132959-235726,NGC 5044 TR3,202.4989439351113,-23.95731290096458,133.29418265021621,9.844047780206337,1.32709512149,0.9999999934744938,0.0
WALLABY J133004-165534,NGC 5044 TR3,202.5175014546134,-16.92634601227186,84.40777265562117,9.008901734576341,1.29363323852,0.9524109473392808,0.0
WALLABY J133004-205549,NGC 5044 TR3,202.5184408305779,-20.93189543939197,75.77540354576433,9.165534762562203,1.07216379534,0.9831379922007819,4.0
WALLABY J133004-221319,NGC 5044 TR3,202.5182351744335,-22.22209294826828,73.52732092330335,9.446231940663571,1.28564335392,1.0,0.0
WALLABY J133005-173426,NGC 5044 TR3,202.5239556273755,-17.57404513915154,227.48385596578254,10.010343994868338,1.07181124337,0.9999976737212444,0.0
WALLABY J133006-205341,NGC 5044 TR3,202.526555843207,-20.89472008883713,74.5677472977972,8.959455549082257,1.79146410387,0.9278053698020117,0.0
WALLABY J133007-212715,NGC 5044 TR3,202.5305217480835,-21.45409869562491,82.67799293712929,9.411490408659137,1.43774984955,0.9999999999998588,4.0
WALLABY J133008-203319,NGC 5044 TR3,202.5333700985624,-20.555339196014,83.30940957055682,9.048158369791635,1.73349767504,0.9356471853562365,0.0
WALLABY J133008-221059,NGC 5044 TR3,202.533715012041,-22.1831483019308,103.56468484668065,9.60662211156807,1.32846375005,1.0,0.0
WALLABY J133010-240841,NGC 5044 TR3,202.5429624256414,-24.14462975213077,70.6018160911634,9.799559000336446,2.45170791876,1.0,0.0
WALLABY J133011-210731,NGC 5044 TR3,202.5467780880669,-21.12550285108131,77.36272131017546,8.956518004209823,1.76526197514,0.9632028485025964,0.0
WALLABY J133017-214446,NGC 5044 TR3,202.571126273483,-21.74632818456768,104.33525049421897,10.014599494039148,1.54927779804,1.0,0.0
WALLABY J133019-220858,NGC 5044 TR3,202.579548517484,-22.14935413391487,78.39283333541798,9.577120641609348,2.01838403201,1.0,0.0
WALLABY J133020-221958,NGC 5044 TR3,202.5858175274202,-22.33397733880687,78.87711426924902,9.219900553117997,2.24149299913,0.9965947675933722,0.0
WALLABY J133027-143749,NGC 5044 TR3,202.6150786766676,-14.63051272690866,362.2759652436109,10.414932664648992,0.726771910901,0.9864152277020845,0.0
WALLABY J133027-210654,NGC 5044 TR3,202.6157957829791,-21.11483246376491,81.57630458587974,9.192962456966178,1.18416211476,0.9999992683255458,4.0
WALLABY J133028-154233,NGC 5044 TR3,202.6171208017817,-15.70932141088087,206.04734762939336,9.6404670108171,1.088913258,0.9059155813640453,0.0
WALLABY J133031-231420,NGC 5044 TR3,202.6289733612403,-23.23915794755333,132.63566272145627,9.75503998227042,1.88377577919,0.9999995235018218,0.0
WALLABY J133033-193217,NGC 5044 TR3,202.6396523250638,-19.53827793205698,80.76462700418698,8.817365506376106,0.862793826935,0.944527166207429,0.0
WALLABY J133035-150112,NGC 5044 TR3,202.649200463666,-15.02022643481309,61.19231622205515,9.105193568914018,1.30734034587,1.0,0.0
WALLABY J133035-205429,NGC 5044 TR3,202.6463012885568,-20.90831412986476,87.94171969951587,9.570299538906502,1.58068064103,0.9999999999999952,0.0
WALLABY J133035-211808,NGC 5044 TR3,202.6471020216703,-21.30280171466114,83.43362019988994,9.795131734079492,3.10625770261,1.0,4.0
WALLABY J133035-223035,NGC 5044 TR3,202.6491054453826,-22.50973996268653,78.53337607671527,9.747162804558224,2.03407619562,1.0,0.0
WALLABY J133037-205541,NGC 5044 TR3,202.6571802948535,-20.92808615941489,76.791797531138,9.619249572520749,1.70907616342,1.0,0.0
WALLABY J133037-243158,NGC 5044 TR3,202.6557606088711,-24.53253345081948,186.21274812594967,9.807011117796728,1.21632834508,0.9429206790029117,0.0
WALLABY J133039-213728,NGC 5044 TR3,202.6638917883099,-21.6245660583804,102.11423132352236,9.808960189948001,1.42079854868,1.0,0.0
WALLABY J133039-214217,NGC 5044 TR3,202.6640028330834,-21.70484280573849,105.71318899013978,9.264819454266656,1.27047451085,0.9709465927276695,0.0
WALLABY J133039-241626,NGC 5044 TR3,202.6657223665214,-24.27405377621292,109.78791853254614,9.111011429736347,1.12185008274,0.7237789955887319,0.0
WALLABY J133041-180108,NGC 5044 TR3,202.6708686953675,-18.01905709629502,37.357920670818565,8.65844784472856,1.07358138514,0.9999999999998632,4.0
WALLABY J133041-233009,NGC 5044 TR3,202.6741234209146,-23.50271564864846,184.38408343337525,10.429214507481513,2.12744460212,1.0,0.0
WALLABY J133042-213957,NGC 5044 TR3,202.678744833093,-21.66624246175665,106.00445902121234,9.22495229742579,1.36359144644,0.9794711914803395,0.0
WALLABY J133043-234430,NGC 5044 TR3,202.681974293522,-23.74171765294105,108.79026729300334,9.35331439485054,1.31829905457,0.9991626948931197,0.0
WALLABY J133048-251954,NGC 5044 TR3,202.7042342809551,-25.33179803419538,113.6103394781881,9.853086628028015,1.5287209522,0.9998686216961554,0.0
WALLABY J133056-213801,NGC 5044 TR3,202.7366556794891,-21.63387999139868,102.19625188780705,9.47285291329077,1.47434355278,0.9999999815153334,0.0
WALLABY J133057-203736,NGC 5044 TR3,202.740239191379,-20.62724845445621,81.17905714674673,9.318410327869536,1.41852098705,0.9999999624548763,4.0
WALLABY J133057-211755,NGC 5044 TR3,202.7377432533065,-21.2987956872996,77.06142735580586,8.732308669069818,1.22405078822,0.8298022718282144,0.0
WALLABY J133057-212143,NGC 5044 TR3,202.7409248150178,-21.3621028161862,84.50541151682118,9.0569429471131,1.1867592641,0.9631204179314071,0.0
WALLABY J133058-215044,NGC 5044 TR3,202.7428579512032,-21.84576232834223,105.10880252958917,10.171057535654853,2.67252411425,1.0,0.0
WALLABY J133058-231656,NGC 5044 TR3,202.7417276844867,-23.28242328843061,132.74065095829616,9.463016892872437,1.09181682006,1.0,0.0
WALLABY J133059-160809,NGC 5044 TR3,202.7490441562356,-16.13605903732318,234.61076092464236,9.83962365581754,1.29939085156,0.9968959154740898,0.0
WALLABY J133059-224147,NGC 5044 TR3,202.7494715044158,-22.69645690642163,106.72810446584559,9.465965708332742,1.19599449724,0.9985698689125035,0.0
WALLABY J133100-173451,NGC 5044 TR3,202.7514397518841,-17.58103285021655,349.2813756020201,9.972924009319351,0.816405558758,0.9791235041372075,4.0
WALLABY J133102-211704,NGC 5044 TR3,202.7617297594643,-21.28446894020917,84.04452701575835,8.942914352631195,0.876033773926,0.9997693228906657,0.0
WALLABY J133102-211852,NGC 5044 TR3,202.7615384252674,-21.31439697957132,81.00224898886506,9.10164060190966,0.985858126778,0.9987017012722189,4.0
WALLABY J133103-150604,NGC 5044 TR3,202.7644779979298,-15.10124979087575,60.29428722208744,9.796746937296533,2.24768383316,1.0,4.0
WALLABY J133103-160750,NGC 5044 TR3,202.7649897735948,-16.13071942261691,83.58869213874752,9.768806586604306,2.67448935211,1.0,0.0
WALLABY J133104-212509,NGC 5044 TR3,202.7688431418972,-21.4193995338563,80.18237025760354,9.164112532679702,1.22814905758,0.9840911683550646,0.0
WALLABY J133105-223647,NGC 5044 TR3,202.7742006273345,-22.61306559503942,131.91909222643895,9.444640461424278,1.60668082204,0.8562090792803622,0.0
WALLABY J133106-233722,NGC 5044 TR3,202.7769962784695,-23.62289433553028,186.23388242008588,10.120705411373228,1.47681969565,0.9999999997764224,0.0
WALLABY J133107-190909,NGC 5044 TR3,202.780993704968,-19.15249608707152,232.33708764704727,10.14833625777632,1.63057447026,0.9986478863387005,0.0
WALLABY J133108-164842,NGC 5044 TR3,202.7840605376777,-16.81187375495683,103.73842888500118,9.089257478432353,1.08073325626,0.7007888164160867,0.0
WALLABY J133108-202916,NGC 5044 TR3,202.7855610984893,-20.48795680547344,96.43753703168974,9.809280329205643,3.31791397304,1.0,0.0
WALLABY J133113-220341,NGC 5044 TR3,202.8045130524556,-22.06165023990638,132.37071531448345,9.873817999159684,1.49113961905,1.0,0.0
WALLABY J133115-250859,NGC 5044 TR3,202.8139286361248,-25.14960684470872,113.85772575178652,10.199405541756581,2.64688866066,1.0,0.0
WALLABY J133117-152046,NGC 5044 TR3,202.8209953290672,-15.346367264738,147.2157066306073,9.662343470140005,1.38412378166,0.9999999965843549,0.0
WALLABY J133117-211744,NGC 5044 TR3,202.8227536164669,-21.2958232984311,77.19092849872916,9.119633879209037,1.63228781761,1.0,0.0
WALLABY J133120-231334,NGC 5044 TR3,202.8343341193801,-23.22621145664943,107.75684699440376,9.389053998982135,1.31608115707,0.9999156231050047,0.0
WALLABY J133122-150652,NGC 5044 TR3,202.8438233794031,-15.1144933830334,61.809407917413644,9.3730188876401,1.84594921024,1.0,4.0
WALLABY J133123-211457,NGC 5044 TR3,202.8480757879298,-21.24994693034177,79.84891134076692,9.462846743496751,1.65759823992,1.0,4.0
WALLABY J133126-211009,NGC 5044 TR3,202.8611133921503,-21.16929509694594,76.77113638465612,9.59802079664151,1.57596712442,1.0,0.0
WALLABY J133126-232824,NGC 5044 TR3,202.8613468871244,-23.47345475350804,129.58409215861317,9.500300142357565,1.06424224469,0.9950868698648169,0.0
WALLABY J133128-184541,NGC 5044 TR3,202.8670159209543,-18.76160626821923,83.1114587274952,9.31708248750946,1.22073438988,0.9999999999485839,0.0
WALLABY J133128-212511,NGC 5044 TR3,202.8685954823805,-21.41967994960323,36.579316887561966,8.507920095603085,1.49101156791,0.9226001457166685,0.0
WALLABY J133129-244032,NGC 5044 TR3,202.8725348621056,-24.67594288640659,148.90705996922978,10.019838337946528,1.43849639623,0.9999999999990634,4.0
WALLABY J133134-240142,NGC 5044 TR3,202.8952624545263,-24.02844145115752,110.23474485751784,9.393289640990721,1.36550066055,0.9850073198549193,0.0
WALLABY J133138-232047,NGC 5044 TR3,202.9117168903747,-23.34665968442661,107.2822807708172,10.049071007986301,1.66290100029,1.0,0.0
WALLABY J133138-233834,NGC 5044 TR3,202.9081558170292,-23.64364270578877,141.8903692069927,9.546226547908264,1.46066289888,0.8294822054483539,4.0
WALLABY J133139-212053,NGC 5044 TR3,202.9165510365268,-21.34817942949173,78.83514166524132,8.904320440928352,1.07562164696,0.8662346285237722,0.0
WALLABY J133140-190616,NGC 5044 TR3,202.9183962962785,-19.10456748126571,82.35741476205139,8.835343494991383,1.39650877831,0.8858282635288058,0.0
WALLABY J133141-173508,NGC 5044 TR3,202.9215237819835,-17.58572556471705,103.56066843951308,9.16272651755082,0.994139829653,0.9999712577315819,0.0
WALLABY J133141-190837,NGC 5044 TR3,202.9228272954491,-19.14374818234235,82.03114462955645,9.293093663534012,1.24560625217,0.9999999988322424,0.0
WALLABY J133141-231608,NGC 5044 TR3,202.9222759979866,-23.26893052085811,131.41434926897264,9.332853085367402,1.18118164334,0.9996936405614055,0.0
WALLABY J133150-212650,NGC 5044 TR3,202.9591455577811,-21.44726087548982,79.87313180140401,9.051722449513413,1.29419300513,0.9794490323391133,0.0
WALLABY J133151-173014,NGC 5044 TR3,202.9627407833339,-17.50405230166597,199.07813806219286,9.815873646007256,2.02718342297,0.9943882675156976,0.0
WALLABY J133152-235603,NGC 5044 TR3,202.9681230098364,-23.93424030321746,106.67277857277726,9.211880857127008,1.3400772806,0.8650703485702855,0.0
WALLABY J133153-240241,NGC 5044 TR3,202.9723448840012,-24.04482464697742,67.60304658609498,9.254271322819633,1.27422769442,1.0,0.0
WALLABY J133154-212445,NGC 5044 TR3,202.9749125224935,-21.41287340951151,82.08185743473247,9.25331450448574,1.6641543074,0.973783683328678,4.0
WALLABY J133158-205217,NGC 5044 TR3,202.9935060777838,-20.87151825487449,92.6993692170358,9.289184913751768,1.17897271101,0.9990552692147675,0.0
WALLABY J133200-231730,NGC 5044 TR3,203.0029919225168,-23.29192880550173,182.41836641148626,10.047598151981438,1.59992291654,0.9999999999768785,0.0
WALLABY J133206-220705,NGC 5044 TR3,203.0281558907313,-22.11821342296521,131.59509190384466,9.315756533379023,0.84016288533,0.9017148340688266,0.0
WALLABY J133207-184012,NGC 5044 TR3,203.0305723838425,-18.66998717313782,81.90392320583689,9.347163711794826,1.36679371369,0.9999999999999329,0.0
WALLABY J133207-220728,NGC 5044 TR3,203.0315589649437,-22.12468723805969,135.89568941687259,9.327450015591602,0.880746870026,0.7541403106344079,0.0
WALLABY J133208-225710,NGC 5044 TR3,203.0342585657203,-22.9530088426751,72.22174686437458,9.697887003319194,2.02663370763,1.0,0.0
WALLABY J133209-245132,NGC 5044 TR3,203.0381327500109,-24.85919147539857,111.1705063244808,10.146316199737248,2.49099527163,1.0,0.0
WALLABY J133210-252901,NGC 5044 TR3,203.0453148447343,-25.48367411039664,145.56040968466337,10.137287803079479,1.54739452581,0.9562349612798172,0.0
WALLABY J133212-211202,NGC 5044 TR3,203.0540912602214,-21.20054973337722,85.72815229308263,9.739940623162179,1.69984041142,1.0,0.0
WALLABY J133213-223743,NGC 5044 TR3,203.0554634109578,-22.62886053425234,129.36123808596994,9.440289968222753,1.07664465817,0.8370546054296637,0.0
WALLABY J133214-210542,NGC 5044 TR3,203.0588157542317,-21.09540063609771,82.92402492737544,9.66825637004801,2.0829397912,1.0,4.0
WALLABY J133217-164324,NGC 5044 TR3,203.0733633641865,-16.72341724291431,83.68836756799578,8.908387845614463,1.73409494754,0.968194768198995,0.0
WALLABY J133217-210813,NGC 5044 TR3,203.0757344965955,-21.13610866203625,85.70554110661192,8.960222146886945,1.34864009823,0.7086497295878633,0.0
WALLABY J133217-231924,NGC 5044 TR3,203.0710658887626,-23.32337707705301,190.90740979590078,9.91482624164984,1.19120699948,0.9998356742614986,0.0
WALLABY J133218-233549,NGC 5044 TR3,203.0778832974985,-23.59719927624286,182.3468637226873,9.86647787178642,1.55157934951,0.9999998056069621,0.0
WALLABY J133222-200358,NGC 5044 TR3,203.0941200502041,-20.06610098024544,24.444516627541915,7.9549892268218345,1.1369002725,0.9984265405620577,0.0
WALLABY J133224-192120,NGC 5044 TR3,203.1024496461387,-19.35564028407533,226.01755642344284,9.753930998990587,0.878664629587,0.7835991676771874,0.0
WALLABY J133232-140759,NGC 5044 TR3,203.1349092732013,-14.13328130691523,229.32722872619414,9.920412003760031,0.906766457354,0.9014772703943329,0.0
WALLABY J133236-225242,NGC 5044 TR3,203.1525268148543,-22.87851171368332,101.46937592082675,9.146002140888088,1.00120025797,0.7416070013753308,0.0
WALLABY J133240-192505,NGC 5044 TR3,203.1706066349926,-19.4181897417659,78.37078115177118,9.602153844651697,2.98240038865,1.0,0.0
WALLABY J133240-203615,NGC 5044 TR3,203.1678568271274,-20.60422537951504,141.47358511754828,9.58215141665894,1.10087096093,0.9825653842079688,4.0
WALLABY J133242-233015,NGC 5044 TR3,203.1771639577617,-23.50443831867114,144.6833006481411,9.388347333897771,0.928443260754,0.9038753144196765,0.0
WALLABY J133242-252831,NGC 5044 TR3,203.1755474116926,-25.47509735504464,112.21715990230268,10.05453170220356,1.65692827266,0.9999932145636188,0.0
WALLABY J133245-211455,NGC 5044 TR3,203.1908250920369,-21.24884711627115,76.15818610380252,9.222738059256555,1.32158891857,1.0,0.0
WALLABY J133245-241711,NGC 5044 TR3,203.1889062331366,-24.28657750667531,199.66106947574943,10.193908234176206,1.31930719672,0.9999999999665958,0.0
WALLABY J133247-222656,NGC 5044 TR3,203.197040098721,-22.44900728223053,101.19730972702587,9.667092813550155,1.25415017858,0.9999999999987219,0.0
WALLABY J133248-184038,NGC 5044 TR3,203.2010194457808,-18.67744070030704,229.38238418533217,9.803264516582786,1.03424198207,0.8281451717011108,0.0
WALLABY J133253-241226,NGC 5044 TR3,203.2233017092307,-24.20729406619552,69.54263748620647,9.633093973991484,1.75847375242,1.0,0.0
WALLABY J133255-154459,NGC 5044 TR3,203.2301280355483,-15.74983983748732,235.1730237539921,9.675934675927225,1.41289917684,0.8565631118094981,0.0
WALLABY J133256-233558,NGC 5044 TR3,203.2354691339235,-23.59943806544223,109.35475190042598,9.493351111677224,1.42895928277,0.9993122042929659,0.0
WALLABY J133256-251035,NGC 5044 TR3,203.2345945927026,-25.17682094912179,111.48605390128583,10.004101105228077,2.9989849571,0.9999999999998557,0.0
WALLABY J133300-224718,NGC 5044 TR3,203.2522739522627,-22.78857214419596,179.90351931944934,9.589718818444137,0.98635133797,0.822745352126187,0.0
WALLABY J133301-161437,NGC 5044 TR3,203.2568968135815,-16.24360358004118,103.65929523496679,9.587236149643305,1.46619215009,0.9999999999999951,0.0
WALLABY J133304-215852,NGC 5044 TR3,203.269608357824,-21.9812388286091,84.17715639566063,9.461549505078093,1.41300148537,1.0,0.0
WALLABY J133304-241753,NGC 5044 TR3,203.2697258999285,-24.29812222155546,268.62216035131047,9.887418035296756,1.20628175242,0.7343830186273503,0.0
WALLABY J133308-233234,NGC 5044 TR3,203.2867437073674,-23.54342910460805,146.6502195603129,10.047229957280335,1.34974996831,1.0,0.0
WALLABY J133310-240706,NGC 5044 TR3,203.293517653753,-24.11899606313786,68.29855570326035,9.547097389531,1.71626338636,1.0,4.0
WALLABY J133314-160715,NGC 5044 TR3,203.3085043975418,-16.12108730840259,87.8021034421503,10.274757579616274,3.99132272543,1.0,0.0
WALLABY J133318-210547,NGC 5044 TR3,203.3288269784728,-21.09661415756248,83.61838517758902,9.013948330049558,1.39192238031,0.7925230472510061,0.0
WALLABY J133319-183129,NGC 5044 TR3,203.3322149845796,-18.52477938445923,352.26910676278743,10.116015478196044,0.943324819604,0.7425038152669117,0.0
WALLABY J133321-231451,NGC 5044 TR3,203.3405200826457,-23.2474924137301,184.83640377345986,10.047480558360325,1.24690630816,0.9999984359223664,0.0
WALLABY J133325-220257,NGC 5044 TR3,203.3580011063873,-22.04940803380708,100.19275409138656,9.437608143974355,1.49950465048,0.9999858300626991,0.0
WALLABY J133328-205305,NGC 5044 TR3,203.3682255020388,-20.88482012524489,128.1589359576503,9.610082731130992,1.69429354742,0.9999623936823934,0.0
WALLABY J133329-211151,NGC 5044 TR3,203.3744347221712,-21.19711017054754,101.52877056047457,9.914518132886048,2.26555466786,1.0,0.0
WALLABY J133336-174246,NGC 5044 TR3,203.4020106411765,-17.71294869418844,207.1164236569335,9.429506992825857,0.789027268511,0.7695830339316388,0.0
WALLABY J133337-144806,NGC 5044 TR3,203.4060723770025,-14.80168989674135,147.66176068686437,9.90580946360293,1.40456992221,0.9999999999971764,4.0
WALLABY J133339-160930,NGC 5044 TR3,203.4161786253409,-16.15842991401895,209.48504717417842,9.963181645767499,1.21211737899,0.9508886358226722,0.0
WALLABY J133348-244525,NGC 5044 TR3,203.4516591985548,-24.75728229085173,66.2025206988564,9.814954845950671,2.25569542415,1.0,0.0
WALLABY J133351-224126,NGC 5044 TR3,203.4629076072475,-22.6906983233394,189.6242861898531,9.760518784155828,1.061003034,0.9781118619217514,0.0
WALLABY J133402-144915,NGC 5044 TR3,203.5099229470626,-14.82102660544575,294.68464009089985,10.311945732973602,1.46167095549,0.9999984980554891,0.0
WALLABY J133404-173739,NGC 5044 TR3,203.5199325537566,-17.6274950868495,207.87738066557532,10.226083816986971,1.70695980876,1.0,0.0
WALLABY J133404-205326,NGC 5044 TR3,203.5197833606067,-20.89067174637202,183.96727349960634,9.917525440175814,1.03258735103,0.7719803726339896,0.0
WALLABY J133409-203829,NGC 5044 TR3,203.5407932463423,-20.64140863202292,81.04976089464274,9.105214850090526,1.24556572988,0.8330942278793666,4.0
WALLABY J133413-225449,NGC 5044 TR3,203.5550697671939,-22.9138658431124,184.42584801732528,9.878166688699043,1.19222584029,0.9959040068741741,0.0
WALLABY J133416-194756,NGC 5044 TR3,203.5694041227764,-19.79891079982349,228.39090200087287,10.120654532415946,2.35614419831,0.9999932498756782,0.0
WALLABY J133418-245545,NGC 5044 TR3,203.5762555339889,-24.92934794682652,68.23608054510721,9.081628267726874,1.10271341653,0.996585016369583,0.0
WALLABY J133422-161951,NGC 5044 TR3,203.5942564398416,-16.33091999124828,62.60617510962715,8.427580347265232,0.896521942227,0.7009825864471515,4.0
WALLABY J133422-234348,NGC 5044 TR3,203.5937368466121,-23.72934122247191,145.8121872528499,9.548364354067061,1.12567653087,0.8377283857374263,0.0
WALLABY J133423-154937,NGC 5044 TR3,203.5998370708366,-15.82719664571345,61.29934767481868,8.990223012774011,1.21477267136,1.0,4.0
WALLABY J133424-141834,NGC 5044 TR3,203.6013149745849,-14.30964281314393,94.92103271232027,9.134740524769434,1.33572922326,0.7974743703121724,0.0
WALLABY J133425-153304,NGC 5044 TR3,203.6064689724639,-15.55134921985647,218.73271461742374,9.855799960257855,1.57374283546,0.9516676539725278,0.0
WALLABY J133431-211305,NGC 5044 TR3,203.6302863047066,-21.21827413612461,183.78700001998354,9.541972066581561,1.11585768543,0.7858778857741892,0.0
WALLABY J133431-221037,NGC 5044 TR3,203.631588784921,-22.17708216909564,101.41674583610902,9.124860009112384,1.05005316892,0.8555280414504274,0.0
WALLABY J133434-245325,NGC 5044 TR3,203.6439033822599,-24.89054701685858,144.51213618128074,9.707792321045261,1.00599505474,0.9980681785020147,0.0
WALLABY J133437-211108,NGC 5044 TR3,203.6566856150425,-21.18578619862959,223.64294658100889,9.763286332954936,1.28366550583,0.8624966143663886,0.0
WALLABY J133439-154115,NGC 5044 TR3,203.663965627673,-15.68754959648735,217.90957833426847,9.798958799170565,1.47622119732,0.9530675440625377,0.0
WALLABY J133439-234044,NGC 5044 TR3,203.663363474842,-23.6791483759322,37.090867655158355,9.208407766561606,1.77966104841,1.0,4.0
WALLABY J133440-232652,NGC 5044 TR3,203.6682861287166,-23.44725326729048,146.9148382917326,9.545451816635532,1.13709242218,0.8224326803332969,0.0
WALLABY J133440-234722,NGC 5044 TR3,203.6672049819966,-23.78948427016499,111.4226978068618,10.022037827848465,2.43899942304,1.0,0.0
WALLABY J133441-191736,NGC 5044 TR3,203.6715640220398,-19.29352283352204,133.2621250584832,9.253454321008201,0.837138658985,0.9483437344347542,0.0
WALLABY J133446-182427,NGC 5044 TR3,203.6917089438536,-18.40774928672896,231.36442327292102,9.86445227667789,1.38706728185,0.9199888357202033,0.0
WALLABY J133446-224630,NGC 5044 TR3,203.6934348398642,-22.7750064766571,115.93629871524375,9.35800216099431,0.933484470383,0.9962262968200464,0.0
WALLABY J133446-233550,NGC 5044 TR3,203.689462318831,-23.60380324196743,154.37777176527925,9.357020618315047,0.784956489735,0.991698160497289,0.0
WALLABY J133452-175929,NGC 5044 TR3,203.7185168606598,-17.99159493138324,294.53532543864634,10.053959954109928,1.11918967964,0.7264744280900944,0.0
WALLABY J133457-234236,NGC 5044 TR3,203.741155584073,-23.71022563586062,145.71048667263142,9.795998441208665,1.27980268233,0.9999999998697126,0.0
WALLABY J133458-235846,NGC 5044 TR3,203.7422914645235,-23.97952785560494,160.93174074276888,9.481749955488183,1.30010845431,0.8208105718906977,0.0
WALLABY J133502-221122,NGC 5044 TR3,203.7598739296851,-22.18933073768657,182.4076935926827,9.730015990427182,1.47178916084,0.987360363037692,0.0
WALLABY J133505-155156,NGC 5044 TR3,203.7730998966551,-15.86562174617854,144.50418050106313,9.795645565682216,1.78208012637,0.9999995965157116,4.0
WALLABY J133506-154918,NGC 5044 TR3,203.7774898794482,-15.82190185698663,146.5123903518441,9.5089038681165,1.2501301898,0.9955909354101967,0.0
WALLABY J133506-233309,NGC 5044 TR3,203.775293154395,-23.5523803490717,147.422886503573,9.294798040028157,1.15915759188,0.999325492635002,0.0
WALLABY J133511-223024,NGC 5044 TR3,203.7984081969727,-22.50687233092482,71.7287088901806,9.032741967701355,0.979534243622,0.9999999999914868,0.0
WALLABY J133513-214851,NGC 5044 TR3,203.8071846683215,-21.81426579037188,88.50005965128403,9.579853319007219,3.64263639023,1.0,0.0
WALLABY J133516-223211,NGC 5044 TR3,203.8195813031037,-22.53645134563061,114.08406987436626,9.908507168248263,1.33800546353,1.0,0.0
WALLABY J133521-145344,NGC 5044 TR3,203.841199964328,-14.89557474621204,207.76073739174075,9.71509606397356,0.869106257215,0.9929183261629178,0.0
WALLABY J133522-223319,NGC 5044 TR3,203.843716040719,-22.55537996516891,183.7122573849841,9.572943051590721,1.12749986667,0.749082240923716,0.0
WALLABY J133522-225937,NGC 5044 TR3,203.8441756597799,-22.99368773137082,35.91729925901158,8.974376665127632,1.76239136499,1.0,0.0
WALLABY J133522-232056,NGC 5044 TR3,203.8418082203819,-23.34893100407197,113.3220435914611,9.506719206079824,1.20393362969,0.9999805294911508,0.0
WALLABY J133523-170107,NGC 5044 TR3,203.8474438954147,-17.0187482592615,211.75527412634312,9.409383432827005,0.848300616083,0.9996701468279484,0.0
WALLABY J133523-230609,NGC 5044 TR3,203.8487579576939,-23.10248706435084,113.12272101714889,9.48537761548331,1.26764803185,0.9998991956422664,0.0
WALLABY J133526-145103,NGC 5044 TR3,203.8597230080262,-14.85085671027649,91.24803883806692,9.521240923918171,1.31655916985,1.0,0.0
WALLABY J133530-225209,NGC 5044 TR3,203.8784126591969,-22.86931773115748,116.64748295559761,9.664164643889006,1.30505843421,0.9999999994351085,4.0
WALLABY J133530-242103,NGC 5044 TR3,203.8770454823596,-24.35096725441746,110.08659706016071,9.98947560866597,1.74801819767,1.0,0.0
WALLABY J133533-225159,NGC 5044 TR3,203.8896324787771,-22.86663831981959,120.1080226897649,9.43046935843584,1.14952851105,0.9937113545922995,4.0
WALLABY J133535-212716,NGC 5044 TR3,203.8962537240686,-21.45423820942985,80.79391302985911,9.162644043092564,1.20030394148,0.9999999999815086,4.0
WALLABY J133537-232753,NGC 5044 TR3,203.9083765966654,-23.4652914173535,216.3475485742391,10.039845639768476,1.60250993965,0.9999497869579589,0.0
WALLABY J133538-231852,NGC 5044 TR3,203.9089197387688,-23.31405427266075,149.67119584889576,9.604329306550788,1.223333448,0.9827535490597387,4.0
WALLABY J133540-163840,NGC 5044 TR3,203.9184056733902,-16.64468058949168,18.871149109983556,7.857612808300135,1.41530972396,1.0,0.0
WALLABY J133540-251206,NGC 5044 TR3,203.9179450896778,-25.20170540319367,145.50869570972247,10.0477669771786,1.45400605369,0.9999934257528662,0.0
WALLABY J133541-170015,NGC 5044 TR3,203.9232849482665,-17.00421247396195,181.20544786523033,9.388378686242962,0.890735973961,0.7460203710050789,0.0
WALLABY J133541-240428,NGC 5044 TR3,203.9234381893391,-24.07585148829603,36.57606049055187,9.397450768851188,2.46342733049,1.0,4.0
WALLABY J133543-174712,NGC 5044 TR3,203.9324671486429,-17.78667518638819,209.31833799486216,9.974527239041384,1.19063763109,0.9999999999408439,0.0
WALLABY J133545-231543,NGC 5044 TR3,203.9414849903706,-23.26204981414257,75.14984291956267,9.43069311280568,1.60202670393,1.0,0.0
WALLABY J133553-204426,NGC 5044 TR3,203.9718060645696,-20.7406414375937,22.847334426922178,8.084025953697498,1.68311088893,0.9999998658389371,0.0
WALLABY J133556-153510,NGC 5044 TR3,203.9868684779352,-15.58611269711359,333.6576250752948,9.801777836459248,1.20005457053,0.7740979120865201,0.0
WALLABY J133556-241859,NGC 5044 TR3,203.9859411959417,-24.31666876550621,277.4136477031555,10.125802116386863,1.62850783789,0.9976320785839862,0.0
WALLABY J133557-215713,NGC 5044 TR3,203.9884865756542,-21.953904640262,183.62671168427565,9.925652238091283,1.58433793383,0.99999932845776,0.0
WALLABY J133557-234115,NGC 5044 TR3,203.9900325831966,-23.68768049755908,162.86023988276756,9.599353784987088,1.26900597127,0.9999999732465652,0.0
WALLABY J133558-163414,NGC 5044 TR3,203.9931881616717,-16.57070050948811,60.32753189712073,8.760012484203155,0.975893859077,0.9977579925156209,4.0
WALLABY J133559-221607,NGC 5044 TR3,203.9999303051053,-22.26871167462589,126.06519547047453,9.406266117790988,1.14172907163,0.9341705338518762,0.0
WALLABY J133600-205437,NGC 5044 TR3,204.0021409286826,-20.9103459150554,194.60946367235664,10.387075947509556,1.61285273374,1.0,0.0
WALLABY J133600-235517,NGC 5044 TR3,204.0023049689391,-23.92138427023001,37.21024907314268,8.77881460093345,1.25801323692,1.0,4.0
WALLABY J133601-171551,NGC 5044 TR3,204.0065616723743,-17.26433238434801,215.4792625032762,9.766053277019823,0.993487847483,0.9024392381020293,0.0
WALLABY J133604-195904,NGC 5044 TR3,204.019731214371,-19.98468452620788,95.41179432618985,8.984390083837203,1.30792106984,0.704757406425138,0.0
WALLABY J133605-145402,NGC 5044 TR3,204.0233047448485,-14.90065752150901,92.51503614339197,9.811397110745336,1.55096549764,1.0,0.0
WALLABY J133605-202342,NGC 5044 TR3,204.0215840176883,-20.39486566540484,185.29812866879863,9.651352723640215,1.19056441555,0.824467373103891,0.0
WALLABY J133607-222504,NGC 5044 TR3,204.0327322057806,-22.41759156619483,126.59485798263972,9.575225755039465,1.22440424325,0.9999210439676782,0.0
WALLABY J133609-200251,NGC 5044 TR3,204.0379139850679,-20.04770444411881,194.87572805331172,9.592436616786749,1.11788186208,0.8337437381130411,0.0
WALLABY J133610-220440,NGC 5044 TR3,204.0447853209866,-22.07807146838985,129.55140414254262,9.414239889126435,1.37258703862,0.9115564456277983,0.0
WALLABY J133610-223112,NGC 5044 TR3,204.0430912702255,-22.51965568682493,121.08956823559622,9.887779157401914,2.21226223003,0.9999999999999996,4.0
WALLABY J133610-234710,NGC 5044 TR3,204.042637292066,-23.78629576848347,162.4716203100637,10.302418571107214,2.2582971217,1.0,0.0
WALLABY J133611-234050,NGC 5044 TR3,204.0472298178287,-23.68090425175009,166.1859200569923,10.117969354852645,1.74366226127,0.9999999999999925,0.0
WALLABY J133613-205108,NGC 5044 TR3,204.0574904400777,-20.85237459837474,81.28025161352653,9.124360295421491,1.20010222719,0.9838094821246015,4.0
WALLABY J133617-172451,NGC 5044 TR3,204.0739062630611,-17.41428223063681,216.33571453300087,9.903016597850158,1.10376571805,0.9933795116596565,0.0
WALLABY J133621-200033,NGC 5044 TR3,204.0897783534473,-20.0092775338591,224.45374189587315,9.633402806110507,1.11797707393,0.7164355384928718,0.0
WALLABY J133624-165744,NGC 5044 TR3,204.0999869676198,-16.96240576622585,181.74152420352115,9.49076517475936,1.00239851846,0.8712876280158441,0.0
WALLABY J133627-171544,NGC 5044 TR3,204.1149138905593,-17.2623860442406,169.40760174314983,9.561682343910938,1.08201837917,0.9870438635130411,0.0
WALLABY J133627-224910,NGC 5044 TR3,204.1142944354842,-22.81950462384765,100.69819464101376,9.406261469231774,1.56859956957,0.9887784311240139,0.0
WALLABY J133629-163858,NGC 5044 TR3,204.1210381943245,-16.64953545141569,204.51566555842643,9.92218414835546,1.05679940706,0.9999336082879121,0.0
WALLABY J133633-224238,NGC 5044 TR3,204.1378071185243,-22.71067492123645,98.71641846638747,8.709137231066844,0.755951039389,0.7113881667664081,0.0
WALLABY J133636-182418,NGC 5044 TR3,204.1524426023859,-18.40515473248573,170.132245249362,10.109376157646158,1.61651165553,0.9999999999998492,0.0
WALLABY J133637-201456,NGC 5044 TR3,204.155527219147,-20.24823320375379,140.6108731007918,9.50098756735753,1.26428913149,0.9647935564968412,0.0
WALLABY J133639-153513,NGC 5044 TR3,204.1642062702846,-15.58694738487221,230.46665850260848,10.09965504532478,1.18694790225,0.9842427271296331,0.0
WALLABY J133639-234202,NGC 5044 TR3,204.1655239024039,-23.70070569785181,174.61799515288365,9.5267159975246,0.79388339802,0.8956900914038795,4.0
WALLABY J133643-201220,NGC 5044 TR3,204.1816757504557,-20.20510280174689,197.2287316692734,9.729080151202952,1.14579085859,0.8741586876388275,0.0
WALLABY J133646-240632,NGC 5044 TR3,204.1924749359429,-24.10904412124792,131.47140194714453,9.875836853613853,1.34279312842,0.9999999999999993,0.0
WALLABY J133652-205552,NGC 5044 TR3,204.2173840888612,-20.93113503390224,137.92778567864733,9.690557909327376,1.24861461901,0.9973539311563634,0.0
WALLABY J133658-203244,NGC 5044 TR3,204.243888269955,-20.54558427219268,129.04646695970942,9.91391411790585,1.68207123215,1.0,0.0
WALLABY J133659-153212,NGC 5044 TR3,204.2462660232632,-15.53692490560016,93.04720055100866,9.13083094080634,1.01421313531,0.9942625439155377,0.0
WALLABY J133659-173451,NGC 5044 TR3,204.247031990871,-17.58086131909232,165.90937276045167,9.409234374634263,1.05646499146,0.7442548033204847,0.0
WALLABY J133701-155704,NGC 5044 TR3,204.2576330776141,-15.95131667281428,61.31976548171114,8.61752763495634,1.08692306447,0.8707057143127426,4.0
WALLABY J133701-244552,NGC 5044 TR3,204.2554000019176,-24.76448050463058,74.5545815520486,9.400531649631523,1.83766040865,0.9999999999967337,0.0
WALLABY J133702-175223,NGC 5044 TR3,204.2613647610197,-17.87312452097598,183.10175875032814,9.973530488757595,2.12101775536,0.9999807449131729,0.0
WALLABY J133702-205515,NGC 5044 TR3,204.261621333705,-20.92095005625085,110.19705237862722,9.55430675601966,1.24418306714,1.0,0.0
WALLABY J133708-171154,NGC 5044 TR3,204.2844730349394,-17.19851354263777,167.39135020847198,9.9441812483608,1.37882303525,0.9999999999992049,0.0
WALLABY J133708-203705,NGC 5044 TR3,204.2866962656135,-20.61831856029339,320.8357024086551,9.930458558297559,1.37434811374,0.8955646453399047,0.0
WALLABY J133711-175505,NGC 5044 TR3,204.2983730533167,-17.91814319820687,183.81842112627342,9.462147515802132,0.882463624256,0.7495716458316698,0.0
WALLABY J133711-184457,NGC 5044 TR3,204.2974699611642,-18.74918998959174,169.81616557494536,9.933918924345482,1.16646793234,1.0,0.0
WALLABY J133713-153712,NGC 5044 TR3,204.3059399558296,-15.6201534033517,61.002644534894976,8.703437457263533,1.68251350226,0.9999983746889767,0.0
WALLABY J133715-222946,NGC 5044 TR3,204.3148059143509,-22.49617074944764,81.2217676154297,9.496469765467074,1.25920514599,1.0,4.0
WALLABY J133716-150451,NGC 5044 TR3,204.3184435464097,-15.08093329346112,94.03062287326205,9.51051774509102,1.82889722503,0.9999999982924007,4.0
WALLABY J133717-174332,NGC 5044 TR3,204.3233406117297,-17.72560020063948,296.2129550907728,10.013115504283533,1.53353262031,0.8638214267845205,0.0
WALLABY J133717-200343,NGC 5044 TR3,204.3212138984355,-20.06199852973848,198.95432440643103,9.6702185785805,1.25130741928,0.8821310295764047,0.0
WALLABY J133718-194336,NGC 5044 TR3,204.3273428899168,-19.72696518943379,185.650088569165,9.968979514652432,1.28367326116,0.9928680524571387,0.0
WALLABY J133720-200032,NGC 5044 TR3,204.334689182288,-20.0090045971241,198.94439345340913,9.701630149344952,1.53903331597,0.7604478455659187,0.0
WALLABY J133722-195652,NGC 5044 TR3,204.3444186020137,-19.94776762425485,129.7997558304772,9.436486338956893,1.17492839809,0.9961227118700413,0.0
WALLABY J133725-150627,NGC 5044 TR3,204.3542552401953,-15.10760838554413,114.37665624160938,9.209245323822508,1.11574027653,0.9220042561973629,4.0
WALLABY J133725-155412,NGC 5044 TR3,204.3561899382262,-15.90357705260516,210.53048053941492,9.61483813639455,0.994155181171,0.9701139867128205,0.0
WALLABY J133727-223204,NGC 5044 TR3,204.3670028231241,-22.53493996875881,130.25803539906056,10.028974672139826,3.24461990034,1.0,0.0
WALLABY J133735-163755,NGC 5044 TR3,204.3958654076802,-16.63206331918533,203.98004584695911,10.158618395618147,1.61037866216,0.9999926371582547,0.0
WALLABY J133735-211259,NGC 5044 TR3,204.3985574737021,-21.21488445828209,224.41316611271958,10.085336726907256,1.21328646105,0.9999868511901229,4.0
WALLABY J133735-232851,NGC 5044 TR3,204.3995091399511,-23.48083819461311,185.89684025767497,9.561958105187855,1.59309561601,0.8273871489446829,0.0
WALLABY J133736-185135,NGC 5044 TR3,204.4030317532213,-18.85976605195324,110.52601765407458,9.20928842101946,1.13821630348,0.8517609725790573,0.0
WALLABY J133737-234516,NGC 5044 TR3,204.4063976879202,-23.75480607985792,132.47993775873863,9.56261109080374,1.32237493723,0.9965805786582619,0.0
WALLABY J133739-213902,NGC 5044 TR3,204.4159498450209,-21.65061998269065,180.07940577656683,9.730404560930399,1.29918172428,0.9880856225667961,0.0
WALLABY J133741-150605,NGC 5044 TR3,204.4217999440328,-15.10139360397983,114.05083140098114,10.142169673480055,2.65844691352,1.0,4.0
WALLABY J133744-144639,NGC 5044 TR3,204.4354732430386,-14.77774653726393,154.30247442387287,9.874706402538862,1.59273335282,0.9999999997151233,0.0
WALLABY J133747-175606,NGC 5044 TR3,204.4485375641008,-17.93518703199466,19.783546634867157,7.782965776722223,3.69457879153,0.9266876823731545,0.0
WALLABY J133752-204640,NGC 5044 TR3,204.4698052770689,-20.77801456621957,134.07003200293374,9.759198675357425,1.23830176816,0.9999991263435217,0.0
WALLABY J133756-182406,NGC 5044 TR3,204.4856856716795,-18.40173332274262,156.71403785169602,9.741932435402644,0.953518087227,0.9954661592770969,0.0
WALLABY J133756-240727,NGC 5044 TR3,204.4868996317963,-24.12435097478599,130.46683080193915,9.949877962251096,2.07641108782,0.9999999848263065,0.0
WALLABY J133801-211734,NGC 5044 TR3,204.5065676971256,-21.29259092290687,177.77058001656755,9.909121076085198,2.16998345456,0.999982714407597,0.0
WALLABY J133801-225524,NGC 5044 TR3,204.5061192555524,-22.92373544526665,99.5520049609908,9.978353592173994,2.85476688229,1.0,0.0
WALLABY J133802-175254,NGC 5044 TR3,204.5119834031337,-17.88176428673797,19.356809133643484,9.679316640712184,6.28377746711,1.0,0.0
WALLABY J133806-205136,NGC 5044 TR3,204.5288090721251,-20.86011403973667,172.96025214567945,9.822264277388266,1.24252110196,0.9975848405496263,4.0
WALLABY J133809-152425,NGC 5044 TR3,204.5393027603832,-15.40704344949516,57.36945344041916,8.851519526268786,1.26753343391,0.9999990236568581,4.0
WALLABY J133809-195322,NGC 5044 TR3,204.5396447671972,-19.88992231674488,227.06970263526122,10.332464673080679,1.40135279933,1.0,0.0
WALLABY J133809-241011,NGC 5044 TR3,204.5400185528948,-24.16988513141204,98.25792630255326,9.21464071424808,0.988081023199,0.9691997817262078,0.0
WALLABY J133811-204047,NGC 5044 TR3,204.5463416546297,-20.6798529053906,184.55509412287827,10.477452147331961,1.73492626524,1.0,0.0
WALLABY J133815-172755,NGC 5044 TR3,204.563967644486,-17.46542383228111,61.43895311055261,8.992635863915313,1.03220049379,0.9999995005496976,4.0
WALLABY J133815-211811,NGC 5044 TR3,204.5628855313546,-21.30308912665702,184.17444996449092,10.206994405443238,1.69600043691,0.999999999690899,0.0
WALLABY J133815-212023,NGC 5044 TR3,204.565087446508,-21.33976223718675,140.37520211103134,9.615832587121425,1.05441202584,0.9999999922538487,4.0
WALLABY J133818-233325,NGC 5044 TR3,204.5765918042904,-23.5571663430436,165.46834296150058,9.687408519009765,1.18392521186,0.9844668725685738,0.0
WALLABY J133819-180033,NGC 5044 TR3,204.5816993325978,-18.0092612329708,198.8553609433354,9.747304049751104,0.903516210525,0.9954865144130813,0.0
WALLABY J133819-203750,NGC 5044 TR3,204.5816357981822,-20.63120524566293,227.33246832274153,10.028530088654414,1.32188598003,0.9982987084821479,0.0
WALLABY J133821-225200,NGC 5044 TR3,204.5887716706891,-22.86648324821883,130.48286723898923,9.557743906639761,1.3075006555,0.9475070129120012,0.0
WALLABY J133822-195211,NGC 5044 TR3,204.5925232199686,-19.8697292799374,235.4763453061309,9.77758547646103,1.06531421106,0.7231481486820894,0.0
WALLABY J133823-202709,NGC 5044 TR3,204.5969300686082,-20.45297150874041,25.594762995984237,8.094295240610448,1.41359549779,0.9999882972136314,4.0
WALLABY J133825-165250,NGC 5044 TR3,204.6061294079004,-16.88059170101153,194.45743438234504,9.795121106699744,0.946332319185,0.9940661142319784,0.0
WALLABY J133825-214905,NGC 5044 TR3,204.605842716016,-21.81868591054609,83.65291634381082,9.819206929853522,1.84807316141,1.0,4.0
WALLABY J133830-174448,NGC 5044 TR3,204.6282780066334,-17.74687642080357,183.8814493376071,9.426041160448474,0.808847004605,0.9569653688717685,0.0
WALLABY J133832-200024,NGC 5044 TR3,204.6369251640051,-20.00678801417477,234.58724111860326,9.772611729319475,0.907261157916,0.9533041607617238,0.0
WALLABY J133834-174954,NGC 5044 TR3,204.6424928336768,-17.83166546164334,181.38204781980028,10.056261521085624,2.02486947973,0.9999999999947384,0.0
WALLABY J133836-202908,NGC 5044 TR3,204.6503806091493,-20.48575157057009,9.410998821070258,7.6807716956784855,2.31118611862,1.0,0.0
WALLABY J133837-240848,NGC 5044 TR3,204.6567395668928,-24.14685670294606,78.06319688004267,9.507822996087603,1.06618518355,0.9999999998142958,0.0
WALLABY J133840-135814,NGC 5044 TR3,204.6685519972923,-13.97054456128081,212.46844007135627,10.016039401735473,1.35476711089,0.79553418880339,0.0
WALLABY J133841-182702,NGC 5044 TR3,204.671896422436,-18.45062492703252,145.18165669767183,9.33698766386161,0.897456100073,0.7618048337879337,0.0
WALLABY J133841-202243,NGC 5044 TR3,204.6727272415774,-20.37819067231012,183.91752319284214,10.084904362690182,1.50977234539,0.9999794479992112,0.0
WALLABY J133841-225918,NGC 5044 TR3,204.6716776136557,-22.9886485775655,81.58310610227343,8.981613966342536,1.11092900182,0.8573711756760795,4.0
WALLABY J133842-214839,NGC 5044 TR3,204.676696707035,-21.81090601596576,82.67144302377066,9.699576351656411,1.46793567937,1.0,4.0
WALLABY J133842-222443,NGC 5044 TR3,204.6754892080464,-22.41211101384153,145.99290349465747,9.3073317129644,0.807539364285,0.8039689258377549,0.0
WALLABY J133844-153815,NGC 5044 TR3,204.6859413905051,-15.63752630119929,212.0816054006549,10.194593093078064,1.39120349901,0.9999999999996328,0.0
WALLABY J133845-243304,NGC 5044 TR3,204.6881099353609,-24.5514307486082,239.963157945208,9.969938513829227,1.59465520734,0.8058779596590094,0.0
WALLABY J133851-165026,NGC 5044 TR3,204.7163642030499,-16.84081837349538,194.16475975451257,9.780915609027943,1.29208396373,0.9998841959512004,0.0
WALLABY J133854-190117,NGC 5044 TR3,204.7260143023331,-19.02155847026349,134.10892054618475,9.417391358722801,1.00634200354,0.8165245272728652,0.0
WALLABY J133900-160039,NGC 5044 TR3,204.7514847941214,-16.0109758906131,30.611549748665247,7.972267568267406,1.30636380885,0.7650439303313655,0.0
WALLABY J133902-204211,NGC 5044 TR3,204.7613222046876,-20.7030470420111,326.78967493024584,10.080906366397615,1.26254992482,0.8553627756028804,0.0
WALLABY J133903-211446,NGC 5044 TR3,204.7641944130709,-21.2462757218007,143.1218350787411,9.541784885489388,1.28168538419,0.9772406470865136,4.0
WALLABY J133904-240956,NGC 5044 TR3,204.7674646745861,-24.16565853557432,134.5457982468069,9.905275772486922,1.55830397582,0.9999986769978431,0.0
WALLABY J133905-201720,NGC 5044 TR3,204.7745122566585,-20.28864838661967,135.84678419397343,9.525682980806824,1.17838961238,0.999936394097331,0.0
WALLABY J133910-174532,NGC 5044 TR3,204.7918043960864,-17.75900749426812,185.09461757616364,9.584354627562806,0.883894685171,0.7547746570223144,0.0
WALLABY J133912-153835,NGC 5044 TR3,204.8024185865081,-15.64317798623979,165.78534366935568,9.876708984230929,1.76662514435,0.9999999999862925,0.0
WALLABY J133916-181515,NGC 5044 TR3,204.8177970327112,-18.25427956363206,145.40683834103197,9.680702103886222,1.23347829413,0.9994335894607467,0.0
WALLABY J133917-181144,NGC 5044 TR3,204.8214310946044,-18.195770272394,199.8693916325891,9.523995662678786,1.05406003248,0.73833608422884,0.0
WALLABY J133924-151331,NGC 5044 TR3,204.8533292215965,-15.22527494097245,116.47190409792427,9.362996603412812,1.30959694999,0.9999941178156908,4.0
WALLABY J133925-155322,NGC 5044 TR3,204.8582103996721,-15.88955761710283,185.33325802849177,9.822717371757326,1.07330573931,0.9999092383069299,0.0
WALLABY J133925-191308,NGC 5044 TR3,204.8577498313167,-19.21896785243627,20.84121265124678,7.872068368953335,1.18768438057,0.9998704694224115,0.0
WALLABY J133929-192931,NGC 5044 TR3,204.8697129504409,-19.49364573123835,135.85497253886882,10.118254246939276,2.97036864116,1.0,0.0
WALLABY J133931-181852,NGC 5044 TR3,204.8817322960799,-18.31452101229711,183.41208171599905,9.573617518716008,1.70082537132,0.7650813490190755,0.0
WALLABY J133933-145203,NGC 5044 TR3,204.8888709097802,-14.86771912533518,155.94029111692748,9.544009757139403,0.941105274546,0.8844643216685312,0.0
WALLABY J133933-222957,NGC 5044 TR3,204.8909435518751,-22.49930605045906,99.97102865101009,9.901283665112304,2.12162555836,1.0,0.0
WALLABY J133939-234522,NGC 5044 TR3,204.9152996308132,-23.7564146140077,167.49780367654307,9.744874596101193,1.22560742397,0.9946274273234723,0.0
WALLABY J133940-171258,NGC 5044 TR3,204.9180620911209,-17.21632269905636,148.855735729995,9.597412168148669,1.50977526013,0.9995445927749057,4.0
WALLABY J133942-250143,NGC 5044 TR3,204.9262021451449,-25.02812018310723,185.30000078901222,10.104410143567522,1.65396536176,0.9999972762138829,0.0
WALLABY J133944-165003,NGC 5044 TR3,204.9349880415787,-16.83440083154269,186.31940166126148,9.798281409405348,1.07345481262,0.9999999999999942,0.0
WALLABY J133949-220132,NGC 5044 TR3,204.9584213559631,-22.02556413308159,83.37706294013802,9.863458438743093,1.65065708632,1.0,4.0
WALLABY J133949-221815,NGC 5044 TR3,204.9578175373873,-22.30432988972141,81.91417591094694,9.783879765480625,1.81840954368,1.0,4.0
WALLABY J133950-163125,NGC 5044 TR3,204.959249093565,-16.5237844931894,192.87793531223718,9.790764575688414,1.20727933176,0.9991369204935059,0.0
WALLABY J133950-195837,NGC 5044 TR3,204.9615240487306,-19.97729910412098,172.6572709947759,9.933350274697126,1.48252895503,0.9761060083623274,0.0
WALLABY J133951-233716,NGC 5044 TR3,204.9662212800156,-23.62100506255063,169.85718274759947,9.753587134500185,0.940813049611,0.9999991632522612,0.0
WALLABY J133953-182902,NGC 5044 TR3,204.9719046234389,-18.48410708381241,232.75933512153446,10.279578307914251,1.18696032812,0.9999999999998095,0.0
WALLABY J134002-252831,NGC 5044 TR3,205.0124543312774,-25.47524904711673,73.47555811624738,9.979686303904312,2.03544479644,0.9999999999999923,0.0
WALLABY J134004-235850,NGC 5044 TR3,205.0169543901854,-23.9806869707751,281.7383785468995,10.197866994842622,1.38096013987,0.999334052304539,0.0
WALLABY J134006-195923,NGC 5044 TR3,205.0277244212748,-19.99004349295317,177.39426390582062,9.676070498144947,1.01152683159,0.8977791828060988,0.0
WALLABY J134008-190909,NGC 5044 TR3,205.0338850340858,-19.1526242158108,209.72720565069855,9.398129275232174,0.822094973621,0.9984516683164149,0.0
WALLABY J134015-153211,NGC 5044 TR3,205.0655419129359,-15.53650858397524,166.07965893502765,9.511280083822154,1.11594353517,0.7006318060537589,0.0
WALLABY J134017-200502,NGC 5044 TR3,205.0707656756805,-20.08470467576307,167.5316348465526,9.80805232991308,1.32097570785,0.9224249503235962,0.0
WALLABY J134018-200556,NGC 5044 TR3,205.075636422848,-20.09881071379293,172.88733535991727,10.068771993002768,1.76390981565,0.9999999999862998,0.0
WALLABY J134018-200615,NGC 5044 TR3,205.0785500159946,-20.10421806888991,174.58670732326604,9.738610532958397,1.23373963345,0.8773446682712439,4.0
WALLABY J134018-211518,NGC 5044 TR3,205.0754551252988,-21.25532320266421,181.21220770147852,9.94557581705498,1.3417790107,0.9999999900239269,0.0
WALLABY J134019-235122,NGC 5044 TR3,205.082692315635,-23.85631890730078,92.99213648933171,10.068805937830746,2.27665539393,1.0,0.0
WALLABY J134020-222109,NGC 5044 TR3,205.086169039755,-22.35261725523857,83.0295064801224,9.017020562066493,1.45513431111,0.7348906708945779,4.0
WALLABY J134024-233429,NGC 5044 TR3,205.1009848387204,-23.57472289549575,160.5498322371442,9.467978506313308,1.06890179499,0.9723672960621478,0.0
WALLABY J134026-235514,NGC 5044 TR3,205.1102896770949,-23.92064827989268,282.04843266745746,10.698838347893275,1.72299767229,1.0,0.0
WALLABY J134027-234458,NGC 5044 TR3,205.1155592647013,-23.74949072571003,283.93022297038664,9.906571960833661,1.17750494386,0.7784326130724106,0.0
WALLABY J134028-151237,NGC 5044 TR3,205.1174930225982,-15.210407360153,185.80860106765795,9.876436489082954,1.22084135911,0.9999999992085772,0.0
WALLABY J134029-234529,NGC 5044 TR3,205.1234836867571,-23.75821806290616,277.69580785665664,9.89217274114486,1.09223284422,0.756187030742849,0.0
WALLABY J134030-172613,NGC 5044 TR3,205.1273308022336,-17.43697772267664,259.05270138000884,10.275722590001333,1.54092358581,0.9999999999209336,0.0
WALLABY J134032-210112,NGC 5044 TR3,205.1366443592878,-21.02013713196098,328.44622538034275,9.856519862424781,0.996399123595,0.7254651635327012,0.0
WALLABY J134034-183340,NGC 5044 TR3,205.1434330780191,-18.56112805999475,185.08005272848604,9.535941940156468,0.867460615929,0.7515150262771781,0.0
WALLABY J134034-215548,NGC 5044 TR3,205.1433080706274,-21.93014114477399,142.06132575408378,10.195562611533314,1.91731447909,1.0,4.0
WALLABY J134042-173330,NGC 5044 TR3,205.1773351447342,-17.55846203232414,210.79315502145232,10.307314961217811,3.26008511174,0.9999999999076028,0.0
WALLABY J134042-210217,NGC 5044 TR3,205.1782319440096,-21.03816450900055,187.49727400497753,9.712898023877324,1.07630451839,0.8031538355179308,4.0
WALLABY J134045-211913,NGC 5044 TR3,205.1899012453326,-21.32042441264961,138.705959087898,9.575024623800935,1.37866484836,0.9037104710220333,0.0
WALLABY J134053-184433,NGC 5044 TR3,205.2237026192935,-18.74268341213172,111.55059687336663,9.464245792994191,1.39931641903,0.9999842681590787,0.0
WALLABY J134054-194402,NGC 5044 TR3,205.228903684471,-19.73401686132054,207.6542750735664,9.989098236355098,0.979175448678,0.8389920530765016,0.0
WALLABY J134056-233626,NGC 5044 TR3,205.2359644654354,-23.60753523366808,160.44027288272719,9.842738781811791,1.31722242702,0.9989832495441019,0.0
WALLABY J134059-191452,NGC 5044 TR3,205.2470811563002,-19.24778127817493,111.40281262179938,9.320370063639519,1.56394935718,0.9531965771076262,0.0
WALLABY J134102-231256,NGC 5044 TR3,205.2601145684878,-23.21579673141846,99.84830156529416,10.063098839380554,1.9920104811,1.0,0.0
WALLABY J134103-181309,NGC 5044 TR3,205.2651773682879,-18.2192207085485,236.6041009579969,10.005608486310788,1.15221582062,0.9990167600579616,0.0
WALLABY J134112-233409,NGC 5044 TR3,205.3037225499137,-23.56911611922241,181.59432987601045,9.678598927671183,0.989715925453,0.9639806496474549,0.0
WALLABY J134115-145751,NGC 5044 TR3,205.3157526128213,-14.9643304083977,233.8385755943171,10.093365552966878,1.56291882116,0.9999935152153626,0.0
WALLABY J134120-181446,NGC 5044 TR3,205.3355483338835,-18.24624492624519,334.0903826425226,9.77666770613651,0.784695699429,0.8741859529382947,0.0
WALLABY J134123-164916,NGC 5044 TR3,205.3482637616825,-16.82110427231695,368.4261153525661,10.252135551026509,1.4633387681,0.7287867424086603,0.0
WALLABY J134123-191204,NGC 5044 TR3,205.3490221112654,-19.20135291451172,166.71720916192473,9.528074286238574,1.00707958189,0.8114587532615444,0.0
WALLABY J134126-174706,NGC 5044 TR3,205.3616037565797,-17.78510735455021,207.60662387777862,9.690772686083875,0.936128530975,0.7337023939595756,0.0
WALLABY J134126-191407,NGC 5044 TR3,205.3585254725904,-19.23549345203528,101.38027998329095,9.150968092751699,1.37036311813,0.7560044488706973,0.0
WALLABY J134126-203030,NGC 5044 TR3,205.3621798814314,-20.50867816778685,101.290361106156,9.389754204748789,1.06690527396,0.9915865563729824,0.0
WALLABY J134128-192219,NGC 5044 TR3,205.3703430962706,-19.37212452070501,110.48220687887472,9.901180560656544,1.49630351049,1.0,0.0
WALLABY J134129-134624,NGC 5044 TR3,205.3735000175689,-13.77346403026531,363.8857588624001,10.309551912550008,0.898027311867,0.954234269921333,0.0
WALLABY J134129-155821,NGC 5044 TR3,205.3725807327366,-15.9725662506203,108.90243800321802,9.398063149567564,1.13849257667,0.9972794605500661,0.0
WALLABY J134138-155809,NGC 5044 TR3,205.4119812728546,-15.96936592886104,231.40738089769533,9.859362070096974,0.998602103177,0.8330840802666855,0.0
WALLABY J134143-183508,NGC 5044 TR3,205.4291704655748,-18.58568226567353,211.67567636217245,9.838362540257954,1.25597728521,0.9097525832884329,0.0
WALLABY J134145-191825,NGC 5044 TR3,205.4378272897482,-19.30719359091336,232.63489090820062,10.13432271892294,1.45827210335,0.9834093481834829,0.0
WALLABY J134146-240828,NGC 5044 TR3,205.4437680586364,-24.14123357865134,93.95748577182897,9.572064253672126,1.32940538732,0.9999976185312328,0.0
WALLABY J134147-233627,NGC 5044 TR3,205.4493376993903,-23.6075307683004,160.7709293180284,10.294106052226502,1.90095212982,1.0,0.0
WALLABY J134150-175703,NGC 5044 TR3,205.4614568150503,-17.95104211223377,238.36226341039568,9.74373340741968,0.843323353155,0.7146285198188502,0.0
WALLABY J134150-180435,NGC 5044 TR3,205.4617290406982,-18.07644158460957,142.8620953616075,9.490347614439935,0.978668834077,0.9547008053883971,4.0
WALLABY J134152-183716,NGC 5044 TR3,205.4692432861255,-18.62120913060176,235.0549398738958,9.7487930256053,1.00315267632,0.7445678258449938,0.0
WALLABY J134152-233157,NGC 5044 TR3,205.4673903560986,-23.53262542478965,334.23024758940863,10.517158856671836,1.32500920948,0.9985322323453742,0.0
WALLABY J134155-204254,NGC 5044 TR3,205.4830676162312,-20.7151551918245,233.9703088895147,10.010575325197964,1.01570927234,0.9543201709486608,0.0
WALLABY J134201-221411,NGC 5044 TR3,205.5072721636919,-22.2363770771911,211.4449806828276,9.906980471314114,1.14033005417,0.7266179637713679,0.0
WALLABY J134207-214746,NGC 5044 TR3,205.530773886679,-21.79623243572956,127.71474884187607,9.097666479694036,1.25671827405,0.7519782610180997,0.0
WALLABY J134211-151930,NGC 5044 TR3,205.5468656051584,-15.32502382849997,231.4643145123068,9.820248836650102,0.985213855041,0.7844106383940538,0.0
WALLABY J134219-211125,NGC 5044 TR3,205.5805472651251,-21.19152701616603,235.172198588489,9.87075582453458,1.27609171368,0.9907649390385094,0.0
WALLABY J134221-150432,NGC 5044 TR3,205.5906401272297,-15.07557781343579,290.61584533920995,10.090522920822407,1.24029793238,0.8635713222932065,0.0
WALLABY J134223-203030,NGC 5044 TR3,205.5968916816915,-20.50838302882693,107.81412679674311,9.323890146492692,1.39991187823,0.9793735784219544,0.0
WALLABY J134227-152601,NGC 5044 TR3,205.615239270903,-15.43386505510212,233.017611193649,10.043246685325235,1.12985809747,0.999661672530643,0.0
WALLABY J134230-171445,NGC 5044 TR3,205.6262547177035,-17.24606102305934,92.05247248903241,9.21072798237848,1.3949889235,0.9999999999999996,0.0
WALLABY J134233-194620,NGC 5044 TR3,205.6407900950982,-19.77239353204283,224.05067946069647,10.171756593615326,1.28813487427,0.9995665786675502,0.0
WALLABY J134233-200414,NGC 5044 TR3,205.6365013512991,-20.07227744199062,143.9158481137304,9.766478527162102,1.55015316617,0.9996973485988723,4.0
WALLABY J134237-205247,NGC 5044 TR3,205.6530133192199,-20.87740521275008,208.2284743501891,10.189032688467352,2.00253967175,0.9999631487206085,4.0
WALLABY J134241-233218,NGC 5044 TR3,205.6709182533575,-23.53830848098768,100.41116176793865,9.358059474626288,1.24989399514,0.995401291208185,0.0
WALLABY J134247-193454,NGC 5044 TR3,205.6985504884107,-19.58040548945518,20.155061231095903,8.489860974352451,1.67155675446,1.0,0.0
WALLABY J134248-171356,NGC 5044 TR3,205.7003820939981,-17.23232648728719,237.9989376300022,10.057303152172613,1.31282246689,0.9999992351970095,0.0
WALLABY J134249-182801,NGC 5044 TR3,205.7064844672425,-18.4669385544139,167.37484381637987,9.977396640777723,1.41670920011,0.9999999903184597,0.0
WALLABY J134250-184550,NGC 5044 TR3,205.7111496991973,-18.76388373272117,137.85683502347558,9.446344514065933,1.12216946039,0.9509322887065933,0.0
WALLABY J134250-184928,NGC 5044 TR3,205.7111078228832,-18.82446698598593,171.5294660758203,9.72725447998206,1.2446233836,0.9200485481804709,0.0
WALLABY J134251-171732,NGC 5044 TR3,205.7155764263937,-17.29232512431577,239.12919179888294,10.063236599408281,1.30506447956,0.9946112047840581,0.0
WALLABY J134251-194244,NGC 5044 TR3,205.7172424866912,-19.71069885768418,146.80119927182304,9.822331119728934,1.53314672962,0.9999999999873427,0.0
WALLABY J134251-220324,NGC 5044 TR3,205.7138743507486,-22.05667818162902,84.53648059484071,9.250787496551059,1.23849515908,0.9999999845047555,0.0
WALLABY J134255-205424,NGC 5044 TR3,205.7319315943441,-20.90704249233177,140.17259102673918,9.912862813673007,1.42354442339,0.999999999907938,4.0
WALLABY J134258-193943,NGC 5044 TR3,205.7404598952905,-19.66535690858853,143.8190563733129,9.75854140784515,1.44408964867,0.9927882105493259,4.0
WALLABY J134259-182447,NGC 5044 TR3,205.7469609154332,-18.41312615759503,217.5198845151311,9.413540214209466,1.35588450518,0.7524084012298196,0.0
WALLABY J134259-182459,NGC 5044 TR3,205.7489333603604,-18.41663395820892,165.3402571193977,9.545250379848984,1.04180131649,0.8833769774385775,4.0
WALLABY J134303-195001,NGC 5044 TR3,205.7665671792354,-19.83375813296693,238.22875737867923,9.749950733265809,1.06178599746,0.7540891037541085,0.0
WALLABY J134306-193556,NGC 5044 TR3,205.7753761451923,-19.59910264630044,146.92501580037364,9.70860236846115,1.32418815135,0.9924748424310438,0.0
WALLABY J134308-201304,NGC 5044 TR3,205.7834506899119,-20.21733973571709,137.3843634796373,9.981969931423254,2.16106404403,0.9999999999995163,0.0
WALLABY J134310-185010,NGC 5044 TR3,205.7943667236576,-18.83628493172443,168.01734134877324,9.58117439922568,1.1261922024,0.8241302435814831,0.0
WALLABY J134312-192238,NGC 5044 TR3,205.8002955870587,-19.37743762020751,152.2582623688689,9.544027140610469,1.17789684763,0.8843615323963651,4.0
WALLABY J134327-172004,NGC 5044 TR3,205.8632418128062,-17.33446773253119,131.33534439756312,10.024527743701475,2.14398937096,1.0,4.0
WALLABY J134337-210403,NGC 5044 TR3,205.9049288387499,-21.0678469823288,180.57753564198865,10.06321418740929,1.24960544403,0.9999999996422253,0.0
WALLABY J134339-192202,NGC 5044 TR3,205.9142813880445,-19.36736963423587,150.16934948129264,10.038300237227919,1.67317585732,1.0,4.0
WALLABY J134352-235533,NGC 5044 TR3,205.9674768148208,-23.92623007437196,96.69365127770249,9.251234162453807,1.19050277015,0.9879109427395001,0.0
WALLABY J134354-192105,NGC 5044 TR3,205.977040147599,-19.35139440271675,149.13109880920666,9.659052324123827,1.02004411405,0.9999844220539739,4.0
WALLABY J134405-193119,NGC 5044 TR3,206.0227119055432,-19.52193249908161,140.9610933998851,9.506314999464022,1.06331211634,0.9095113943487505,4.0
WALLABY J134414-182804,NGC 5044 TR3,206.0621342690668,-18.46793080213364,101.5324747167662,9.438773379181747,1.08164574328,0.999999999694388,0.0
WALLABY J134418-223401,NGC 5044 TR3,206.0752720199907,-22.56695290191023,98.37457192913196,9.404285127270885,1.70662570779,0.996350125425829,0.0
WALLABY J134437-200614,NGC 5044 TR3,206.154848333587,-20.1044244137002,109.98805241392203,9.402906218240169,1.28068564882,0.9348676970580422,0.0
WALLABY J134437-235646,NGC 5044 TR3,206.1572947687354,-23.94613101035721,95.97545177765022,9.265049968140621,1.25523013699,0.8897747837687227,0.0
WALLABY J134447-230014,NGC 5044 TR3,206.1971380530454,-23.00411810404794,84.53204551662803,9.149222612494505,1.32005871392,0.9923619523402135,0.0
WALLABY J134455-201659,NGC 5044 TR3,206.2305030914163,-20.28311089296437,338.38219575943356,9.94929662646614,0.905712482973,0.780811367152051,0.0
WALLABY J134456-151509,NGC 5044 TR3,206.2373811033711,-15.25250910008095,125.1926960727019,9.810164880272803,1.3221988552,0.9999537788659609,0.0
WALLABY J134456-200837,NGC 5044 TR3,206.2374743592444,-20.14386291778564,177.1471870128342,9.765931807874521,1.28183235597,0.7945403748154193,0.0
WALLABY J134501-155202,NGC 5044 TR3,206.2569250301483,-15.86746047666474,126.97793411490875,10.076942530859753,2.19126283066,0.9999999999992446,0.0
WALLABY J134510-222447,NGC 5044 TR3,206.2955105018935,-22.41330168387397,97.91665431439962,9.21530463000514,1.19039903239,0.8880655092783442,0.0
WALLABY J134513-191046,NGC 5044 TR3,206.3073178664266,-19.17960202289311,142.45701096122505,9.546655923588963,2.26612376973,0.7131103389989278,4.0
WALLABY J134514-151038,NGC 5044 TR3,206.3121530026291,-15.17739940435436,126.10914204530054,9.69160031695313,1.2234200864,0.8647322666924183,0.0
WALLABY J134533-145830,NGC 5044 TR3,206.3876984403641,-14.97513224664495,167.8262171278096,10.457668218695247,2.05580748021,0.9999999999998367,0.0
WALLABY J134539-240853,NGC 5044 TR3,206.4154824978084,-24.14879994202595,79.8537075712871,9.589588832725674,1.5627128367,0.9999999942476554,4.0
WALLABY J134600-212228,NGC 5044 TR3,206.50301732151,-21.37462637886359,86.47574285312113,9.438940296558838,1.27018156982,0.9999151073459833,0.0
WALLABY J134603-230141,NGC 5044 TR3,206.5130126494601,-23.02825904541005,84.49836157459059,9.164451973829635,1.04868538894,0.9085529325516151,0.0
WALLABY J134705-163120,NGC 5044 TR3,206.7720267083502,-16.52230420089553,62.33220380240443,9.464327120869187,1.70606639578,0.799051694936086,4.0
WALLABY J134710-205822,NGC 5044 TR3,206.7926839517322,-20.97294190169926,92.87113425375634,9.744926315817965,1.83090591584,0.9996590712576239,0.0
WALLABY J134737-201752,NGC 5044 TR3,206.9068939061416,-20.29801546109473,235.2546386106671,10.258016644377845,1.13022743911,0.8241518344755483,0.0
WALLABY J094138-433151,Vela TR1,145.4118883554378,-43.53100182412146,266.71125113308165,10.122125551965249,0.846505406605,0.9052311073045991,0.0
WALLABY J094234-470424,Vela TR1,145.645289432793,-47.07356393035629,241.9588344371806,10.246375591961957,1.29167409537,0.9999999999418243,0.0
WALLABY J094254-463705,Vela TR1,145.7260825954704,-46.61808045228427,166.37247631151877,9.962743580687794,1.55905388023,0.9999430593847773,0.0
WALLABY J094317-452105,Vela TR1,145.8208931143386,-45.35157504437457,76.1945034898035,9.627514707410201,1.72387500486,0.9999749916673429,0.0
WALLABY J094325-453019,Vela TR1,145.8582894444432,-45.50538451248961,172.52985621364712,9.994976721545317,1.67114023796,0.9999957859426196,0.0
WALLABY J094333-452200,Vela TR1,145.8901067770613,-45.36669926940335,260.18294703699104,10.176864819772335,1.63003647752,0.9978004014359428,0.0
WALLABY J094402-445751,Vela TR1,146.0086997669729,-44.96420339568142,244.53079064341557,10.22474572620654,1.70642785866,0.9999562587709091,0.0
WALLABY J094404-462300,Vela TR1,146.0206405986607,-46.38355601432205,249.02787171338989,10.101339892016334,1.76266713052,0.9941258993549459,0.0
WALLABY J094425-474959,Vela TR1,146.1068359614915,-47.83312977050841,173.54538296399156,9.753989775714453,1.72654661993,0.9472809826690531,0.0
WALLABY J094429-464515,Vela TR1,146.1217017138112,-46.75434269357045,246.53951345279987,9.918187179146743,1.11070072905,0.7383724247973965,0.0
WALLABY J094444-481857,Vela TR1,146.1833661551046,-48.31597963721633,292.54199322961193,10.372197163219159,1.59020907488,0.9556768279296146,0.0
WALLABY J094449-463217,Vela TR1,146.2061289146907,-46.53809458593947,162.82663639122666,10.143046749327326,1.71162831325,0.9999999999999999,0.0
WALLABY J094524-480828,Vela TR1,146.3525983751377,-48.1411600342557,12.618986431650834,8.521672836713119,3.42371913378,1.0,0.0
WALLABY J094530-470014,Vela TR1,146.3764538480128,-47.00397154744917,244.2580488737564,10.045296876547553,0.897737472808,0.9960390565801884,0.0
WALLABY J094533-462130,Vela TR1,146.3905078952207,-46.35859182261332,107.15592028701057,9.38659353242266,1.29482929668,0.9912040158108323,0.0
WALLABY J094609-453327,Vela TR1,146.5404636571995,-45.55773588043339,297.58261731965604,10.341580278733128,1.7165945363,0.9961423793889231,0.0
WALLABY J094613-471709,Vela TR1,146.5569056761999,-47.2859867811384,201.23297577763753,9.881172037686593,1.02348936834,0.9915950489683596,0.0
WALLABY J094622-463856,Vela TR1,146.5939203377487,-46.64899043738142,38.56733807118059,9.758407433479919,4.47842272781,1.0,0.0
WALLABY J094651-444108,Vela TR1,146.7135774774346,-44.68555191656235,270.6319020441023,10.077540569280297,1.47789131703,0.9390597826932426,4.0
WALLABY J094713-444612,Vela TR1,146.805206551714,-44.77025509818867,196.8949069704859,9.728646240960863,1.57034229711,0.7317985172508488,0.0
WALLABY J094723-431306,Vela TR1,146.8494367453696,-43.21851203175993,75.85626180332335,9.19062421342049,1.36896954749,0.881663074880141,0.0
WALLABY J094744-454320,Vela TR1,146.9347576481758,-45.72228613765706,258.0579718693551,10.180651121353348,2.00295765876,0.999999587400718,0.0
WALLABY J094808-473113,Vela TR1,147.037466277839,-47.52034933008797,276.5552978894623,9.955711385864733,1.1643907967,0.8185026073704335,0.0
WALLABY J094811-473133,Vela TR1,147.0492255685027,-47.52602773349246,271.79042293495223,10.037622386258112,1.35094596827,0.994411809881087,4.0
WALLABY J094814-464424,Vela TR1,147.0583437104498,-46.7402628540017,250.03313337156177,9.965669458117677,1.04952825906,0.9097973676156581,4.0
WALLABY J094819-442224,Vela TR1,147.0812049051537,-44.37339081016088,258.9575360463258,10.10467415293024,1.07653149359,0.9515219691745099,0.0
WALLABY J094821-452603,Vela TR1,147.0903045344817,-45.4341811258285,172.89614677100082,9.520626297199446,1.07891929475,0.7454415622446483,0.0
WALLABY J094828-472216,Vela TR1,147.1184038344637,-47.37132820417796,244.0430062611554,10.22216210206271,1.11947518622,0.9999999846183619,0.0
WALLABY J094830-464320,Vela TR1,147.1283309461115,-46.72243601808463,247.84566005981847,10.148419210375375,1.11997599486,0.999993410228174,0.0
WALLABY J094840-452959,Vela TR1,147.1672705781327,-45.49979709712386,192.1300904614795,10.371927787141377,2.14499571703,1.0,0.0
WALLABY J094854-462741,Vela TR1,147.2250438582097,-46.46153535547793,246.00909715126068,10.188480634409677,1.20755793413,0.9999976378720448,0.0
WALLABY J094855-435404,Vela TR1,147.2309957193618,-43.90133377934267,277.9745578131565,10.223548326348908,1.17335127628,0.9982171889200436,0.0
WALLABY J094855-474548,Vela TR1,147.2332840780384,-47.76334152028348,200.60129399002065,9.726631026769883,1.07580706289,0.7433920950429501,0.0
WALLABY J094919-475749,Vela TR1,147.3313894420345,-47.96376325069142,27.560238637308043,9.636825681832978,10.7736792317,1.0,0.0
WALLABY J094920-474006,Vela TR1,147.335440710211,-47.66843740792262,248.5221267990375,9.93243916951469,1.17845366158,0.887314296361432,0.0
WALLABY J094924-454230,Vela TR1,147.3523090441645,-45.70838503257088,75.67282397764176,9.644193261423217,2.23191972465,1.0,0.0
WALLABY J094926-435730,Vela TR1,147.3619471291863,-43.95849299194068,277.77939868630693,10.402274668644676,2.04700333594,0.9999999404220319,0.0
WALLABY J094930-475941,Vela TR1,147.3770442561318,-47.99494069856052,244.2937608781619,9.868930780139197,1.22260542074,0.9984192716311697,0.0
WALLABY J094940-454322,Vela TR1,147.4198354328571,-45.72292326706182,233.54364390099389,10.471721105038917,1.56316318659,1.0,0.0
WALLABY J094944-471059,Vela TR1,147.4335267815356,-47.1830618949566,76.68423339551839,10.021863604182158,3.0390754403,1.0,0.0
WALLABY J094954-485521,Vela TR1,147.4780061470003,-48.92255910239989,24.595789803923285,8.525198848363088,3.51048342494,0.9989136793645736,0.0
WALLABY J094959-481705,Vela TR1,147.4963252870312,-48.2849071270005,74.3145734553682,9.426312546550786,1.30797828424,0.9999998112653407,0.0
WALLABY J095019-441017,Vela TR1,147.5824773999348,-44.17142082231437,276.8681971615815,9.966632016791182,1.4324886997,0.9729125902352339,0.0
WALLABY J095019-452605,Vela TR1,147.5795913974806,-45.43482340449476,173.39496432802747,9.814057195735458,1.3090980083,0.9999900901216608,0.0
WALLABY J095031-461322,Vela TR1,147.6303606131838,-46.22299205194917,193.4490231625191,9.720202469386576,1.61333425747,0.9905015969671052,0.0
WALLABY J095053-432902,Vela TR1,147.7242111755944,-43.48413715888361,38.52811419059513,8.662723471503577,1.43062704889,0.9999999998436857,0.0
WALLABY J095101-451536,Vela TR1,147.7577523216187,-45.26022239238789,161.14231557155583,9.518671870019768,0.860748761191,0.8096269995891293,0.0
WALLABY J095126-452831,Vela TR1,147.8585151340134,-45.47532310448405,173.1042936742638,10.046240908774758,1.34029078592,0.9999999999996287,0.0
WALLABY J095131-440121,Vela TR1,147.8805032684681,-44.02255440292009,186.8902789270424,10.135754518644656,1.74055897307,0.9999999999935264,0.0
WALLABY J095159-443357,Vela TR1,147.9990033619982,-44.56603712799571,275.6105492285777,9.837131036842393,1.273388588,0.8171715049410213,0.0
WALLABY J095205-443809,Vela TR1,148.0234811954695,-44.63590951789838,257.9389560381958,10.07193001891723,1.50582729892,0.9978501395886282,0.0
WALLABY J095211-464251,Vela TR1,148.0486005641718,-46.71440334988169,194.40471162059063,10.38896157277521,1.93075812774,1.0,0.0
WALLABY J095234-475517,Vela TR1,148.1443642063229,-47.92139494617174,246.10179298083307,9.814794938114666,0.872114149229,0.9633292751759185,0.0
WALLABY J095237-454134,Vela TR1,148.1581749637625,-45.69290219745444,293.7337258480862,10.248591932026258,1.27985803511,0.7598779729580644,0.0
WALLABY J095238-461131,Vela TR1,148.159285753803,-46.19216137024265,231.17360700721892,10.045481926603225,2.17445409149,0.999999943492511,0.0
WALLABY J095239-470647,Vela TR1,148.1666110994539,-47.11310020150388,25.98612991518004,8.528318832813902,1.78618234617,1.0,0.0
WALLABY J095244-474722,Vela TR1,148.1833909815024,-47.78953135441223,76.93797670379827,9.25593482969277,1.21467681526,0.9999999999999998,0.0
WALLABY J095249-440054,Vela TR1,148.2053444885129,-44.01511745599988,265.306895339305,10.142176739734476,1.33846234541,0.9868795182244952,0.0
WALLABY J095311-451624,Vela TR1,148.299884998643,-45.27332615455915,160.8045273538401,9.757345897430952,1.16685620317,0.9985673322280227,0.0
WALLABY J095313-460846,Vela TR1,148.308234382924,-46.14620463502239,249.13764831895617,9.787073610222976,0.944264579383,0.8558805363537473,0.0
WALLABY J095316-431054,Vela TR1,148.3173833452367,-43.18173944945256,270.59901202905746,9.987076123860565,1.21065186358,0.7535000933806442,4.0
WALLABY J095347-455759,Vela TR1,148.4479200419347,-45.96660869553719,101.2896314655033,9.987907832405927,1.86386798012,0.9999999999999996,0.0
WALLABY J095354-433845,Vela TR1,148.4774674308413,-43.64591854476444,110.68523582420015,9.956042733809117,1.51379810545,1.0,0.0
WALLABY J095423-443318,Vela TR1,148.5987442731686,-44.55510914624767,143.35062435774327,9.792612964727354,1.15129419697,0.9999999999999993,0.0
WALLABY J095433-440456,Vela TR1,148.6387400394262,-44.08222368142844,253.65962606309208,10.198809238103777,1.3244475988,0.9997712012786713,0.0
WALLABY J095441-440640,Vela TR1,148.6712545178406,-44.11117478313336,255.1902600353695,9.778631846664316,1.14464759197,0.7011971018142861,0.0
WALLABY J095448-462159,Vela TR1,148.700768313564,-46.36653898173842,101.0303528712959,9.371678766122093,1.03275214253,0.7531732210799458,0.0
WALLABY J095449-461903,Vela TR1,148.7042086597195,-46.31763908164032,230.95194144244752,10.047796240333371,1.06840933374,0.9999522234847809,0.0
WALLABY J095454-472801,Vela TR1,148.7282592152625,-47.46706090821601,273.3185253774778,10.161481956295793,1.31539357859,0.9999999999158589,0.0
WALLABY J095457-480416,Vela TR1,148.7388589744897,-48.07116148663219,165.0701673911815,10.140519878028845,1.41921901915,0.9999999999985063,0.0
WALLABY J095503-483432,Vela TR1,148.7632586885955,-48.5756343847744,244.5101940142764,10.287974151877362,1.29463951742,0.9999834358750379,0.0
WALLABY J095513-455152,Vela TR1,148.8055985213271,-45.86460971035184,177.28609952464532,10.16135125106492,2.31861146147,1.0,0.0
WALLABY J095532-443931,Vela TR1,148.8866162394723,-44.65866711006497,267.09836787846467,10.11317073658584,1.07132069379,0.9938243931410764,0.0
WALLABY J095552-455731,Vela TR1,148.9697613731683,-45.95862642566733,177.28517823605063,9.672198267124125,1.229603595,0.9921107034314609,0.0
WALLABY J095558-472929,Vela TR1,148.9947684475066,-47.49156502592491,273.46873619799976,9.966945953720906,1.04458024417,0.8245223413907778,0.0
WALLABY J095635-453219,Vela TR1,149.1461336588016,-45.53881766429953,197.01658842443834,9.555838390061062,1.17592517642,0.941587615822672,0.0
WALLABY J095648-450253,Vela TR1,149.2021867151426,-45.04816771137753,274.0510241493287,9.979645943243135,0.909216258616,0.9628264072802352,0.0
WALLABY J095710-485624,Vela TR1,149.2946729781148,-48.94016897211922,53.235110071761035,9.77399712590062,3.66930928055,1.0,0.0
WALLABY J095719-465024,Vela TR1,149.3294057466773,-46.84003820327256,185.7684841158162,9.991038194118389,1.41296305215,0.9999999983237661,0.0
WALLABY J095802-444730,Vela TR1,149.5106035225426,-44.79172681385906,339.6142701688206,10.110932541018125,0.982962705694,0.8593242754140692,0.0
WALLABY J095809-472057,Vela TR1,149.540309424494,-47.34937048719868,52.00967607519994,9.343473947479872,1.96228601534,1.0,0.0
WALLABY J095813-430817,Vela TR1,149.5548377083245,-43.13824693046259,104.3191045631549,9.662389915548347,1.3799546696,0.8616799998799867,0.0
WALLABY J095824-433328,Vela TR1,149.6001746272064,-43.55785582233826,260.5578846293075,10.003869587271131,1.10548752243,0.909163728041072,0.0
WALLABY J095836-470454,Vela TR1,149.6535068896348,-47.08191210614665,51.82495646416709,9.14737105885136,1.96831084545,1.0,0.0
WALLABY J095848-455156,Vela TR1,149.702858557222,-45.86573023957163,52.43843757669727,9.212753561354598,2.31710804905,0.9999989092988568,0.0
WALLABY J095901-480714,Vela TR1,149.7576241911613,-48.12066025962268,178.90300149980894,9.923815301901856,1.46678666584,0.9999206294970573,0.0
WALLABY J095917-440347,Vela TR1,149.8215891133909,-44.06321193721158,243.40028441614803,9.803626345032459,1.02995522533,0.721104255899508,0.0
WALLABY J095936-452856,Vela TR1,149.9026580921216,-45.4822946657924,33.63514034259238,8.927045494188384,2.02709380369,1.0,0.0
WALLABY J095955-464721,Vela TR1,149.9822014740147,-46.78924050337198,183.56183764960593,9.707403086626629,1.2306360649,0.9825540347949324,0.0
WALLABY J100001-443326,Vela TR1,150.0050393818212,-44.55744232411588,184.18411885444917,10.258997176868926,1.65961716025,1.0,0.0
WALLABY J100029-454401,Vela TR1,150.1223460801936,-45.73384810706622,51.904954618485135,9.012776385737128,1.97292098991,1.0,0.0
WALLABY J100033-444604,Vela TR1,150.1395904312692,-44.7679725595326,184.26369918984534,9.694901720039795,1.02062192752,0.9963048810798414,0.0
WALLABY J100036-465940,Vela TR1,150.1527269322858,-46.99455281779643,52.74551129294465,9.343376462735327,2.21985264909,1.0,0.0
WALLABY J100050-445210,Vela TR1,150.2118068638713,-44.86969406919133,177.46501185932235,9.816895196227973,1.19080874213,0.9997882950176736,0.0
WALLABY J100102-481259,Vela TR1,150.2618762910696,-48.21656753997796,181.02096230320217,9.954884110366526,1.66019404004,0.9999974536321087,0.0
WALLABY J100123-434533,Vela TR1,150.3485208613377,-43.75939165205764,50.696977942887955,9.662213809556405,2.97497135562,1.0,0.0
WALLABY J100143-441338,Vela TR1,150.4295057788743,-44.22722510236445,58.568012514559825,8.793896831381941,1.28519602567,0.9973024907785533,0.0
WALLABY J100145-471627,Vela TR1,150.4386150610816,-47.2743896640544,79.35896181800395,9.136955277250392,1.57124160674,0.9999866655769726,0.0
WALLABY J100151-454502,Vela TR1,150.4648303946827,-45.75065239821173,258.226192860044,10.028729827200785,1.15515894185,0.9962199555926944,0.0
WALLABY J100212-445101,Vela TR1,150.551853589939,-44.8505241785813,49.04758762505001,8.562439824563924,1.95335838011,0.9999992868373478,0.0
WALLABY J100221-454646,Vela TR1,150.5883335672281,-45.77956131601503,50.78444768844394,9.195513540902686,1.87441774291,1.0,0.0
WALLABY J100229-433859,Vela TR1,150.6212965211599,-43.64981859102152,176.53183378528547,10.25573432459483,3.25454529958,0.9999999999999996,0.0
WALLABY J100239-452950,Vela TR1,150.6627853167272,-45.49748415018546,50.199163667074316,9.670622477589315,2.44865926424,1.0,0.0
WALLABY J100246-465217,Vela TR1,150.6953287116233,-46.87149584712202,182.93435450822665,9.978732325847291,1.39042762267,0.9999999945666618,0.0
WALLABY J100259-472937,Vela TR1,150.7458156009691,-47.49364412106176,192.73408217479547,9.604524566657467,1.52807674481,0.7284386978399552,0.0
WALLABY J100307-453140,Vela TR1,150.7797434634091,-45.52789075759671,184.05391165185534,9.799944237496282,1.29520387269,0.9959256431851743,0.0
WALLABY J100311-424909,Vela TR1,150.7973342186481,-42.81931589548788,66.4505737811746,9.709573992362397,2.08939692799,0.9999930905151838,0.0
WALLABY J100317-440128,Vela TR1,150.8234917521114,-44.02465843431757,49.791413769093744,8.677944553410471,0.914517489844,0.998986497353604,0.0
WALLABY J100319-443142,Vela TR1,150.8309823309149,-44.52832970636892,47.739539397563995,9.006379714094255,1.43598578634,1.0,0.0
WALLABY J100352-443211,Vela TR1,150.970172219439,-44.53648490642918,49.30696532439756,9.127132190576472,1.5555888213,0.9999999999893021,0.0
WALLABY J100415-445304,Vela TR1,151.0656495164489,-44.88450590539931,336.3565382223931,10.226498179783464,1.33699744246,0.980374417646235,0.0
WALLABY J100421-442527,Vela TR1,151.0876816123107,-44.42442951657097,54.32744677285246,9.417372916129896,2.67396417704,0.9999999999985028,0.0
WALLABY J100423-452230,Vela TR1,151.0989565483311,-45.37511272836838,62.740725188242386,8.745781435779643,1.04280436101,0.9504579996336863,4.0
WALLABY J100425-444951,Vela TR1,151.1065705574669,-44.8310633660558,340.2571000056415,10.496386849240787,1.50830159539,0.9999768357378407,0.0
WALLABY J100426-455138,Vela TR1,151.1115088131064,-45.86070693093258,258.6253153780589,10.305079143283464,1.48427551609,0.9999999845573363,0.0
WALLABY J100437-490338,Vela TR1,151.1549996028851,-49.06054311550522,48.58980313937411,9.385290895733558,2.45895932984,0.999999995960908,0.0
WALLABY J100442-444506,Vela TR1,151.1786035067265,-44.75191935362896,335.9419460934672,10.115810572166689,1.20551016211,0.816265484212525,0.0
WALLABY J100444-443016,Vela TR1,151.1858370173332,-44.50465047354498,336.54859895931787,9.798762271484222,1.16251914696,0.7476902636501525,0.0
WALLABY J100447-484422,Vela TR1,151.1972360629496,-48.73954578045878,95.96107404479477,9.530459629371009,1.05281153518,0.7170087228730903,0.0
WALLABY J100451-435701,Vela TR1,151.2126281553552,-43.95051319431841,258.18008470413525,10.139402441471825,1.18896810871,0.997171782909555,0.0
WALLABY J100452-452932,Vela TR1,151.2186834840093,-45.4923259853029,277.3022303230129,10.057271879602819,1.16685392369,0.996512523268595,0.0
WALLABY J100456-445724,Vela TR1,151.2361624168768,-44.95677267726058,262.2933004584031,10.327670380529801,1.47578841641,0.9999999951245733,0.0
WALLABY J100508-445144,Vela TR1,151.2874477362579,-44.86229630890521,54.54530618421196,8.885325532664327,1.35549500229,1.0,0.0
WALLABY J100509-444852,Vela TR1,151.2913825261832,-44.81457386520116,54.72423998867314,9.426930570282527,1.89743581864,1.0,0.0
WALLABY J100535-465131,Vela TR1,151.3969788831425,-46.85884420958143,158.8564735138804,9.54451167449323,1.41613584748,0.9960978615441958,0.0
WALLABY J100540-455426,Vela TR1,151.4175056659561,-45.9072684465154,254.65339936906472,10.016000151300545,1.23672546919,0.9953884773559449,0.0
WALLABY J100541-471231,Vela TR1,151.4243676493069,-47.20887090484648,252.15356910982166,10.131907127909525,1.12262351181,0.9999930500596211,0.0
WALLABY J100542-442711,Vela TR1,151.4265554230806,-44.45321945362031,47.78642212962297,9.006338348527112,1.53868670381,0.9999999963084812,0.0
WALLABY J100542-480241,Vela TR1,151.4273929220507,-48.04488496218956,57.38644253340868,9.513721171442665,3.78270629477,1.0,0.0
WALLABY J100550-433754,Vela TR1,151.4584387414393,-43.63186516106186,51.059467341121156,9.075686730829785,1.50276379544,0.9999999970387362,0.0
WALLABY J100550-441338,Vela TR1,151.4598550789682,-44.22724474526973,47.55962814762239,9.95660717781554,4.8297410999,1.0,0.0
WALLABY J100552-450111,Vela TR1,151.4700259080632,-45.01976327266539,57.246471329447196,8.851221047857958,1.38968262273,0.9861678498884466,0.0
WALLABY J100610-464716,Vela TR1,151.5449111934918,-46.78800572072264,160.71049738454968,9.873366970570036,1.48148610839,0.9999773266868897,0.0
WALLABY J100619-442643,Vela TR1,151.5811102632294,-44.44527938260619,266.84142191274225,10.304561971726374,2.4194281507,0.9999994271451942,0.0
WALLABY J100629-462816,Vela TR1,151.6248212042405,-46.47111912634531,168.31505464352742,9.812683336272386,1.43913668845,0.9999974797026888,0.0
WALLABY J100633-442552,Vela TR1,151.6413533482273,-44.43117209336817,240.27391130148192,9.6553768433009,1.02166557306,0.7665696268063141,0.0
WALLABY J100645-474147,Vela TR1,151.6909691134493,-47.69657413263839,57.75438664935244,9.431349418290937,2.49135126252,1.0,0.0
WALLABY J100647-473156,Vela TR1,151.696545891082,-47.53226628795957,185.44221723464875,9.671204328670173,1.11297510641,0.8171533152222222,0.0
WALLABY J100650-464555,Vela TR1,151.7088972568106,-46.76544900328637,274.89271701833025,9.691563433874348,0.85075716573,0.9383524180096278,0.0
WALLABY J100656-450242,Vela TR1,151.7347815011327,-45.04507462855512,55.740823279771824,9.968919568875581,2.66942851364,1.0,0.0
WALLABY J100700-430434,Vela TR1,151.7540595133784,-43.07623709579052,87.25924854075544,9.888349899167649,1.75135361725,0.9999999962806653,0.0
WALLABY J100707-460954,Vela TR1,151.7800350803067,-46.16517662438625,264.4227472709399,10.027555966062195,1.11316662928,0.9999384104809831,0.0
WALLABY J100713-445637,Vela TR1,151.8050302740059,-44.94360585215976,54.998974547264524,9.064148742209028,1.35109721924,0.99999996051528,0.0
WALLABY J100732-471911,Vela TR1,151.8840483803929,-47.31973175062893,48.03743358464043,8.781212543896599,1.2044403426,0.9999999730337054,0.0
WALLABY J100733-460851,Vela TR1,151.8914568395624,-46.14756140713568,256.3538059497541,10.332303171951107,2.12106431542,0.9999999959347443,0.0
WALLABY J100739-471949,Vela TR1,151.913177361708,-47.33031627497495,191.44883317429384,10.076897377101163,1.26932128865,0.9999999854565733,0.0
WALLABY J100743-445722,Vela TR1,151.9303444950885,-44.95628649927737,150.51162358207608,10.217654359154885,1.90804668019,1.0,4.0
WALLABY J100745-432954,Vela TR1,151.9403938875982,-43.49844999871028,45.47982677611362,9.287371008731359,1.98358698412,1.0,0.0
WALLABY J100745-462101,Vela TR1,151.9382453896767,-46.3502802449674,266.76508059574104,9.913474092192702,1.16316979764,0.7936026335069049,0.0
WALLABY J100748-430145,Vela TR1,151.9515847040315,-43.02939541636121,89.32148147283692,9.776523591978597,2.0410957609,0.9999152896855518,0.0
WALLABY J100801-473847,Vela TR1,152.0057660323939,-47.64655497195623,47.91851352362152,9.321607846357873,2.33874761844,1.0,0.0
WALLABY J100803-425316,Vela TR1,152.0129234197753,-42.88795566400505,142.56539767576314,9.558494814778921,1.1545378915,0.9067833658640115,0.0
WALLABY J100817-475436,Vela TR1,152.0713023272671,-47.91020142900997,38.083993214169986,8.595850266353022,1.14124832507,0.9999999999964788,0.0
WALLABY J100820-483803,Vela TR1,152.0873302834316,-48.63440354534062,39.375958619019734,8.86055286156144,1.68230000776,0.9999552062651134,0.0
WALLABY J100824-473333,Vela TR1,152.1025837554692,-47.55932508963962,195.9087681214162,9.477183850222733,0.794393560093,0.850721011277719,0.0
WALLABY J100846-472728,Vela TR1,152.1940616883978,-47.45778067119444,231.9505318967846,10.200924580116588,1.27026588259,0.9999980542028586,0.0
WALLABY J100847-430256,Vela TR1,152.1999486653653,-43.04893816322087,63.867819760986265,9.649166571502649,1.80377994691,1.0,4.0
WALLABY J100850-443119,Vela TR1,152.2098132237824,-44.52206147809171,75.89336102920868,9.07706320203976,0.98056196698,0.9957862985328525,0.0
WALLABY J100853-431058,Vela TR1,152.2215455302248,-43.18293709497304,354.44785906005467,10.041452537010516,1.16965827099,0.7611192592211438,0.0
WALLABY J100855-444107,Vela TR1,152.2316720244014,-44.68527783653338,91.20750020262943,9.357084541753684,1.5683134623,0.9998992445094674,0.0
WALLABY J100859-431530,Vela TR1,152.246252619427,-43.25849892211541,181.12971121949548,9.722550692220192,1.2737089163,0.7451638335912654,0.0
WALLABY J100859-445345,Vela TR1,152.2484120213618,-44.89583845603952,149.93272768950246,9.44315616484328,1.6897860388,0.9470286121489593,0.0
WALLABY J100913-430010,Vela TR1,152.3049233608324,-43.0029926474409,65.02883157834172,9.18251467056386,1.04179046727,0.9979136614444616,0.0
WALLABY J100916-430948,Vela TR1,152.3190800754232,-43.16334392397983,63.471099414922094,9.601940744581519,1.90833789528,1.0,4.0
WALLABY J100916-431959,Vela TR1,152.3183582804295,-43.33309955638129,65.69942184930298,10.098564019575427,4.02787205302,1.0,0.0
WALLABY J100936-450306,Vela TR1,152.400451914513,-45.05173660721776,53.290844400379285,8.835950794342033,1.19725353807,1.0,0.0
WALLABY J100944-434707,Vela TR1,152.4366479448742,-43.78530910977535,145.21104265248456,10.513835520928183,7.87686399649,1.0,0.0
WALLABY J101000-462652,Vela TR1,152.5019738835024,-46.44778467845481,186.48777971217396,9.846879529663886,1.50788641941,0.9999874462224492,0.0
WALLABY J101031-470644,Vela TR1,152.6298920728278,-47.11234419524475,38.36017286378655,8.826111997418241,1.94203596561,1.0,0.0
WALLABY J101036-433659,Vela TR1,152.6516257210581,-43.61654482481744,261.08295454122015,10.444212015755395,1.70449094572,0.9999999871226574,0.0
WALLABY J101053-473338,Vela TR1,152.7246624856384,-47.5605656440212,91.05437943390699,9.263862529657562,1.48296899541,0.8733410227190532,0.0
WALLABY J101057-473250,Vela TR1,152.7414458182193,-47.54725416874162,61.37372123866865,8.893754389487333,1.25879573113,0.9980932584130878,4.0
WALLABY J101059-450851,Vela TR1,152.7469634341318,-45.14753735862972,57.728445486330834,9.663144438947818,3.07299675852,1.0,0.0
WALLABY J101102-453912,Vela TR1,152.7592382824686,-45.65336609082453,260.4209086609066,10.089053926031836,1.46757386561,0.9924966457952521,0.0
WALLABY J101113-435133,Vela TR1,152.8054886990456,-43.85932300920499,88.99476833256286,9.426301267851867,1.33452773612,0.9998270929817754,0.0
WALLABY J101115-432421,Vela TR1,152.8158267065103,-43.40585167946444,275.48010711543674,10.228454714685796,1.35679744584,0.9972665674167156,0.0
WALLABY J101143-455557,Vela TR1,152.9297687934684,-45.932570433567,27.354822736588797,8.70086568547971,1.91945418237,1.0,0.0
WALLABY J101144-430308,Vela TR1,152.9370207886164,-43.0522296788638,43.7812114915267,8.6806766359879,1.65796453923,0.8029726305310851,0.0
WALLABY J101144-455153,Vela TR1,152.9342652158824,-45.86473670042668,259.26961852816174,10.445959323625026,1.41110850271,0.9999999999963541,0.0
WALLABY J101146-461636,Vela TR1,152.9448129064159,-46.27666279288285,264.54485466880845,9.973961133327869,1.11179868019,0.7454375512863084,0.0
WALLABY J101214-430504,Vela TR1,153.0588595908845,-43.08451305061018,214.84571035888385,10.110344158540663,2.02145735912,0.9914873706458746,0.0
WALLABY J101219-471739,Vela TR1,153.0816577346399,-47.29432561544795,36.18679181114248,9.831178735412287,4.24565902743,1.0,0.0
WALLABY J101232-451408,Vela TR1,153.1359537820738,-45.23571521552709,58.83606827812438,10.12378478791454,3.49275880613,1.0,0.0
WALLABY J101237-425619,Vela TR1,153.1556657431128,-42.93871858480925,42.752965723326255,9.046163630239457,1.52563248984,0.9999991619806078,0.0
WALLABY J101239-444058,Vela TR1,153.1658175257855,-44.68277769681697,281.91107770875107,10.021113422798566,1.1826758128,0.9054681210064501,0.0
WALLABY J101303-440332,Vela TR1,153.2626097098727,-44.05901730609428,89.4895604583289,9.652398925432237,1.84068835258,0.9999999998832437,0.0
WALLABY J101312-484049,Vela TR1,153.3022476164686,-48.68047761772429,198.48545720748993,10.036839526473212,1.29398048127,0.8372905844101595,0.0
WALLABY J101329-444504,Vela TR1,153.3715676899386,-44.75116104166244,52.485429001507285,9.118689112601121,2.06874219946,0.9999999985969662,0.0
WALLABY J101330-434301,Vela TR1,153.3753450044368,-43.71700135586159,65.21067278404824,9.905773457164832,2.47774650111,1.0,4.0
WALLABY J101331-434904,Vela TR1,153.3795323541981,-43.81792670205889,60.216935098176805,9.818747218338068,2.8271595405,1.0,4.0
WALLABY J101333-432720,Vela TR1,153.3914030183913,-43.45554345702163,65.10004012903443,9.555415852345334,1.67623178115,0.9999999999999858,4.0
WALLABY J101351-483153,Vela TR1,153.4653954054823,-48.53151481605509,217.7222086374286,9.93211107374102,1.13556625114,0.9499433711917826,0.0
WALLABY J101423-432437,Vela TR1,153.5984316720505,-43.41048827216974,41.753419769058894,8.762771906392816,1.55250691612,0.9966833985783576,0.0
WALLABY J101440-470058,Vela TR1,153.6687116956601,-47.01613806722977,249.78690428166124,10.130047136085997,1.45128728501,0.8681511776094853,0.0
WALLABY J101442-445108,Vela TR1,153.6759889734361,-44.85238050340688,15.77405682565925,8.654172139160544,2.09201353529,1.0,0.0
WALLABY J101448-433152,Vela TR1,153.701143655608,-43.53130865082349,43.93128332630719,9.008802599348842,2.18666226229,0.999990664888723,0.0
WALLABY J101451-474402,Vela TR1,153.7151487013592,-47.73413484972277,263.02101863474223,9.917816772762983,0.724103130478,0.8130535795623807,0.0
WALLABY J101455-471852,Vela TR1,153.7316594152349,-47.31454144795975,158.02751716573388,9.537327355527845,1.15505811859,0.8430539904121239,0.0
WALLABY J101457-433710,Vela TR1,153.7377914732147,-43.61965737500125,43.355501051420326,10.143259928052432,7.30111512565,1.0,0.0
WALLABY J101500-464718,Vela TR1,153.7515968290772,-46.78858199943979,93.40373401512349,9.579986339500465,1.73964796083,0.9571676325752344,0.0
WALLABY J101628-455103,Vela TR1,154.1188859446588,-45.85088194573986,27.34227616561063,9.06347629831358,3.48555299717,1.0,0.0
WALLABY J101655-485238,Vela TR1,154.2297749022268,-48.8773454083931,39.22986770299381,10.308940095628625,7.64210345675,1.0,4.0
WALLABY J101703-442447,Vela TR1,154.2644377764308,-44.41310831239891,70.80232953109171,9.156765673909577,1.22605497279,0.97032071256054,0.0
