name,ra,dec,dist_h,ell_maj,ell_min,ell_pa,log_m_hi,log_m_hi_corr,rel,rms,team_release,qflag
WALLABY J101655-485238,154.2297749022268,-48.8773454083931,39.22986770299381,38.21051728375561,21.87322711006504,17.80994806306344,10.239972898827773,10.308940095628625,1.0,0.005805636959464781,Vela TR1,4.0
WALLABY J101457-433710,153.7377914732147,-43.61965737500125,43.355501051420326,36.50557562826244,8.699923970089253,80.2409382853523,10.064794974690047,10.143259928052432,1.0,0.003085121603194475,Vela TR1,0.0
WALLABY J094919-475749,147.3313894420345,-47.96376325069142,27.560238637308043,53.86839615851112,11.70581139443884,-16.04467143476631,9.553815922734787,9.636825681832978,1.0,0.001981910100245848,Vela TR1,0.0
WALLABY J101219-471739,153.0816577346399,-47.29432561544795,36.18679181114248,21.22829513715651,4.978383603912969,-69.21860969227984,9.746423594087654,9.831178735412287,1.0,0.001889055690451049,Vela TR1,0.0
WALLABY J100550-441338,151.4598550789682,-44.22724474526973,47.55962814762239,24.14870549949509,15.23638494418089,23.51043660567325,9.867093926283049,9.95660717781554,1.0,0.001635744182445099,Vela TR1,0.0
WALLABY J094622-463856,146.5939203377487,-46.64899043738142,38.56733807118059,22.39211363904855,4.780447935310531,4.178411690416738,9.668192102411753,9.758407433479919,1.0,0.00177539670941066,Vela TR1,0.0
WALLABY J101232-451408,153.1359537820738,-45.23571521552709,58.83606827812438,17.4637940306281,12.91200089149992,-12.65770639142245,10.0335053849293,10.12378478791454,1.0,0.001870533981552435,Vela TR1,0.0
WALLABY J100656-450242,151.7347815011327,-45.04507462855512,55.740823279771824,13.34714256818088,7.220198554547014,69.27864555063123,9.873851358482609,9.968919568875581,1.0,0.001541952567604062,Vela TR1,0.0
WALLABY J100916-431959,152.3183582804295,-43.33309955638129,65.69942184930298,20.13936026508464,13.27797708289223,77.46833559097253,10.00290143679573,10.098564019575427,1.0,0.002143222505935202,Vela TR1,0.0
WALLABY J095710-485624,149.2946729781148,-48.94016897211922,53.235110071761035,18.3465464027312,14.95748661503005,20.42490688176076,9.671752397853833,9.77399712590062,1.0,0.004411811806888975,Vela TR1,0.0
WALLABY J094524-480828,146.3525983751377,-48.1411600342557,12.618986431650834,17.11859566889198,6.236088125646935,32.38599651134831,8.419334262387553,8.521672836713119,1.0,0.002251629686764364,Vela TR1,0.0
WALLABY J101330-434301,153.3753450044368,-43.71700135586159,65.21067278404824,12.38873250555175,5.129741244698808,-50.23218161582556,9.801404023151315,9.905773457164832,1.0,0.002238880073585611,Vela TR1,4.0
WALLABY J100239-452950,150.6627853167272,-45.49748415018546,50.199163667074316,12.24329632117951,7.685132517047687,33.99131868537404,9.565872161774957,9.670622477589315,1.0,0.001599873392840162,Vela TR1,0.0
WALLABY J101331-434904,153.3795323541981,-43.81792670205889,60.216935098176805,14.13579770248878,9.63670406096056,43.24335516974674,9.713517735755111,9.818747218338068,1.0,0.002204513817385474,Vela TR1,4.0
WALLABY J101442-445108,153.6759889734361,-44.85238050340688,15.77405682565925,10.46006767642978,8.076917059842696,6.711898968997957,8.548893077654824,8.654172139160544,1.0,0.002496365509700806,Vela TR1,0.0
WALLABY J094944-471059,147.4335267815356,-47.1830618949566,76.68423339551839,15.19537720148657,13.22829609639313,-21.55595015238299,9.916301967147179,10.021863604182158,1.0,0.001735089125529735,Vela TR1,0.0
WALLABY J100123-434533,150.3485208613377,-43.75939165205764,50.696977942887955,14.87485677809187,12.95258066286848,40.88820730551893,9.556642389496444,9.662213809556405,1.0,0.001681472108107721,Vela TR1,0.0
WALLABY J100944-434707,152.4366479448742,-43.78530910977535,145.21104265248456,39.38431998244421,8.015109144720878,31.08141017266547,10.405209087001591,10.513835520928183,1.0,0.001822475815497681,Vela TR1,0.0
WALLABY J101628-455103,154.1188859446588,-45.85088194573986,27.34227616561063,17.4277649858255,7.904065767997454,7.158707316706597,8.954848416469963,9.06347629831358,1.0,0.004116175048889662,Vela TR1,0.0
WALLABY J101059-450851,152.7469634341318,-45.14753735862972,57.728445486330834,15.36498379260573,7.948386353259427,-49.81739590252602,9.552055230190405,9.663144438947818,1.0,0.001709692594752802,Vela TR1,0.0
WALLABY J100311-424909,150.7973342186481,-42.81931589548788,66.4505737811746,10.44698463997239,6.82401577004264,83.04900533323055,9.594641001805595,9.709573992362397,0.9999930905151838,0.00484865101843124,Vela TR1,0.0
WALLABY J100847-430256,152.1999486653653,-43.04893816322087,63.867819760986265,9.018899734557364,4.730507121788065,10.60913123906448,9.532896450946312,9.649166571502649,1.0,0.002765639966971763,Vela TR1,4.0
WALLABY J100437-490338,151.1549996028851,-49.06054311550522,48.58980313937411,12.2947966492017,5.097483090533036,-0.463674060255201,9.26765125857748,9.385290895733558,0.999999995960908,0.006215410621298781,Vela TR1,0.0
WALLABY J100700-430434,151.7540595133784,-43.07623709579052,87.25924854075544,8.75676808624938,4.260840411416585,-64.58091701349697,9.770425022695255,9.888349899167649,0.9999999962806653,0.002726338281987611,Vela TR1,0.0
WALLABY J100916-430948,152.3190800754232,-43.16334392397983,63.471099414922094,9.541689476424162,8.54439938954612,35.67205504276563,9.483496820675752,9.601940744581519,1.0,0.002470930058161824,Vela TR1,4.0
WALLABY J100542-480241,151.4273929220507,-48.04488496218956,57.38644253340868,18.91353147386312,4.99367538019519,-6.995169276898281,9.39524135766276,9.513721171442665,1.0,0.001851864874291115,Vela TR1,0.0
WALLABY J095347-455759,148.4479200419347,-45.96660869553719,101.2896314655033,9.319339900604716,5.544655064305715,-49.94100508799657,9.868414294929378,9.987907832405927,0.9999999999999996,0.001622373649348511,Vela TR1,0.0
WALLABY J100745-432954,151.9403938875982,-43.49844999871028,45.47982677611362,9.91793492057718,5.890988274944862,27.3699070891613,9.167611927796667,9.287371008731359,1.0,0.002019690337258987,Vela TR1,0.0
WALLABY J100801-473847,152.0057660323939,-47.64655497195623,47.91851352362152,11.69373809222495,5.089244656360738,-42.49697560459686,9.20126140317316,9.321607846357873,1.0,0.001822051656860272,Vela TR1,0.0
WALLABY J100509-444852,151.2913825261832,-44.81457386520116,54.72423998867314,9.487179093211735,7.707715193645481,-36.39118450185893,9.306053319819842,9.426930570282527,1.0,0.001567882425009517,Vela TR1,0.0
WALLABY J100421-442527,151.0876816123107,-44.42442951657097,54.32744677285246,13.36982088519542,9.889470089958708,5.102767734198835,9.296324047657144,9.417372916129896,0.9999999999985028,0.001589099849748774,Vela TR1,0.0
WALLABY J101333-432720,153.3914030183913,-43.45554345702163,65.10004012903443,8.381158905744059,5.118354802583847,80.85619298876881,9.433352075563027,9.555415852345334,0.9999999999999858,0.002492984926526191,Vela TR1,4.0
WALLABY J095809-472057,149.540309424494,-47.34937048719868,52.00967607519994,9.811430076681724,6.19971838820555,-32.24070504754837,9.22050412964905,9.343473947479872,1.0,0.001598690236193391,Vela TR1,0.0
WALLABY J100645-474147,151.6909691134493,-47.69657413263839,57.75438664935244,12.45675631260215,8.97335578328083,-39.59877292812304,9.308211998457752,9.431349418290937,1.0,0.00173585079880212,Vela TR1,0.0
WALLABY J100036-465940,150.1527269322858,-46.99455281779643,52.74551129294465,11.09926324545806,8.20568739762176,-76.3477839359408,9.21974635079362,9.343376462735327,1.0,0.00159926843820166,Vela TR1,0.0
WALLABY J094924-454230,147.3523090441645,-45.70838503257088,75.67282397764176,11.15959862325512,9.638244976251874,-2.916857898744126,9.519879426009474,9.644193261423217,1.0,0.001732331274547906,Vela TR1,0.0
WALLABY J100748-430145,151.9515847040315,-43.02939541636121,89.32148147283692,10.20547880449218,7.447743314142834,10.42403937384574,9.651577233564051,9.776523591978597,0.9999152896855518,0.002984873974586483,Vela TR1,0.0
WALLABY J095936-452856,149.9026580921216,-45.4822946657924,33.63514034259238,10.13546901843262,5.060253832688017,-38.72385471796074,8.802036711588219,8.927045494188384,1.0,0.001684207693997291,Vela TR1,0.0
WALLABY J095354-433845,148.4774674308413,-43.64591854476444,110.68523582420015,7.56899052725852,6.007430362009089,-16.45362578165107,9.830730654351589,9.956042733809117,1.0,0.001711158207395553,Vela TR1,0.0
WALLABY J094317-452105,145.8208931143386,-45.35157504437457,76.1945034898035,8.619375024308786,5.786029769635335,45.83927416386192,9.501974888284632,9.627514707410201,0.9999749916673429,0.002964197815966012,Vela TR1,0.0
WALLABY J100743-445722,151.9303444950885,-44.95628649927737,150.51162358207608,9.540233400960577,9.175855856010049,-20.87200908888215,10.092051905444341,10.217654359154885,1.0,0.001515120628766899,Vela TR1,4.0
WALLABY J101143-455557,152.9297687934684,-45.932570433567,27.354822736588797,9.597270911856548,7.480500874679362,43.61793133077418,8.573313273716192,8.70086568547971,1.0,0.001747321377359298,Vela TR1,0.0
WALLABY J095211-464251,148.0486005641718,-46.71440334988169,194.40471162059063,9.653790638696737,5.350585296249093,33.29756415205026,10.260570706712913,10.38896157277521,1.0,0.001493541870921878,Vela TR1,0.0
WALLABY J094840-452959,147.1672705781327,-45.49979709712386,192.1300904614795,10.72497858516841,4.799520424382402,-80.39743709671443,10.243161307050448,10.371927787141377,1.0,0.001536719321636384,Vela TR1,0.0
WALLABY J101237-425619,153.1556657431128,-42.93871858480925,42.752965723326255,7.628162449209162,4.204931531898214,-56.38357359390547,8.916262041308517,9.046163630239457,0.9999991619806078,0.003775327036186458,Vela TR1,0.0
WALLABY J100221-454646,150.5883335672281,-45.77956131601503,50.78444768844394,9.372088714572474,4.97775974635967,-4.937567547715886,9.06560201202574,9.195513540902686,1.0,0.001559690424436839,Vela TR1,0.0
WALLABY J095848-455156,149.702858557222,-45.86573023957163,52.43843757669727,11.58554024524,6.351211320028651,70.22699929337807,9.082252849709176,9.212753561354598,0.9999989092988568,0.001629104352218798,Vela TR1,0.0
WALLABY J100229-433859,150.6212965211599,-43.64981859102152,176.53183378528547,16.27272649791395,5.812935056311574,-72.36817391382606,10.124599851292007,10.25573432459483,0.9999999999999996,0.001577545820245029,Vela TR1,0.0
WALLABY J101303-440332,153.2626097098727,-44.05901730609428,89.4895604583289,9.20344176288618,4.97236030896926,46.06675122969693,9.520524042874,9.652398925432237,0.9999999998832437,0.002068358894777097,Vela TR1,0.0
WALLABY J094954-485521,147.4780061470003,-48.92255910239989,24.595789803923285,17.55241712471981,6.068607452131301,-60.90488329985473,8.3930223835708,8.525198848363088,0.9989136793645736,0.005516991267837091,Vela TR1,0.0
WALLABY J100352-443211,150.970172219439,-44.53648490642918,49.30696532439756,7.77794410648919,5.88781548942787,-55.09085502575127,8.994834359097373,9.127132190576472,0.9999999999893021,0.001579253242145567,Vela TR1,0.0
WALLABY J094940-454322,147.4198354328571,-45.72292326706182,233.54364390099389,7.815815932927037,6.519480312205064,35.60559857178635,10.339067427747088,10.471721105038917,1.0,0.001410997795370799,Vela TR1,0.0
WALLABY J100001-443326,150.0050393818212,-44.55744232411588,184.18411885444917,8.29808580125169,4.194661187579591,40.20411916487066,10.125977939710578,10.258997176868926,1.0,0.001473018978983003,Vela TR1,0.0
WALLABY J101448-433152,153.701143655608,-43.53130865082349,43.93128332630719,10.93331131146728,6.406840365069376,27.92970258744734,8.875487954785914,9.008802599348842,0.999990664888723,0.00308318505796081,Vela TR1,0.0
WALLABY J094449-463217,146.2061289146907,-46.53809458593947,162.82663639122666,8.558141566255381,7.184243062131711,-22.79786454521712,10.0095255038447,10.143046749327326,0.9999999999999999,0.00185599280513612,Vela TR1,0.0
WALLABY J095836-470454,149.6535068896348,-47.08191210614665,51.82495646416709,9.841554227248187,5.792418439020366,-43.75789718188586,9.01377620833066,9.14737105885136,1.0,0.001561160265721143,Vela TR1,0.0
WALLABY J095457-480416,148.7388589744897,-48.07116148663219,165.0701673911815,7.096095095740888,6.566409618341887,-35.84794034636891,10.006182820729897,10.140519878028845,0.9999999999985063,0.001659620646031935,Vela TR1,0.0
WALLABY J095239-470647,148.1666110994539,-47.11310020150388,25.98612991518004,8.93091173087191,7.121151487800035,27.17792836530535,8.393621514702824,8.528318832813902,1.0,0.001677227932769412,Vela TR1,0.0
WALLABY J094959-481705,147.4963252870312,-48.2849071270005,74.3145734553682,6.539891421219056,4.390249482739385,-53.16467073769606,9.290780156100586,9.426312546550786,0.9999998112653407,0.00205718216365845,Vela TR1,0.0
WALLABY J101329-444504,153.3715676899386,-44.75116104166244,52.485429001507285,10.34371099731663,6.910564690777254,73.37522173791872,8.982839793274783,9.118689112601121,0.9999999985969662,0.001981475499452766,Vela TR1,0.0
WALLABY J100820-483803,152.0873302834316,-48.63440354534062,39.375958619019734,8.411500038813696,5.842560745416884,21.33901635395881,8.724216300632818,8.86055286156144,0.9999552062651134,0.00286323459764868,Vela TR1,0.0
WALLABY J095513-455152,148.8055985213271,-45.86460971035184,177.28609952464532,11.59305730735577,6.001729391231248,-33.48164787452634,10.024665855285912,10.16135125106492,1.0,0.001479630244304119,Vela TR1,0.0
WALLABY J100550-433754,151.4584387414393,-43.63186516106186,51.059467341121156,7.513818977175128,6.298194025256904,6.217065795621011,8.938745009093,9.075686730829785,0.9999999970387362,0.001814039071507771,Vela TR1,0.0
WALLABY J101031-470644,152.6298920728278,-47.11234419524475,38.36017286378655,9.710179828064271,4.304173453856508,-19.06426559830362,8.689102335921657,8.826111997418241,1.0,0.001780288298400616,Vela TR1,0.0
WALLABY J100319-443142,150.8309823309149,-44.52832970636892,47.739539397563995,7.179928931723854,6.244761288332541,20.84973724569002,8.86881072346834,9.006379714094255,1.0,0.001606641290496354,Vela TR1,0.0
WALLABY J100542-442711,151.4265554230806,-44.45321945362031,47.78642212962297,7.693433519074374,5.591926431805489,83.83169772888013,8.868717884348056,9.006338348527112,0.9999999963084812,0.001584029190733869,Vela TR1,0.0
WALLABY J101500-464718,153.7515968290772,-46.78858199943979,93.40373401512349,8.698239804165985,4.751108262227551,27.07018081062452,9.441877483449435,9.579986339500465,0.9571676325752344,0.002386963907716228,Vela TR1,0.0
WALLABY J095813-430817,149.5548377083245,-43.13824693046259,104.3191045631549,6.899773348008138,6.094177853185701,-53.63366742020994,9.523494960031227,9.662389915548347,0.8616799998799867,0.002327487632779077,Vela TR1,0.0
WALLABY J101144-455153,152.9342652158824,-45.86473670042668,259.26961852816174,7.055542513530257,5.153968729211805,-89.03049823312817,10.306646565050261,10.445959323625026,0.9999999999963541,0.001546957035433841,Vela TR1,0.0
WALLABY J101036-433659,152.6516257210581,-43.61654482481744,261.08295454122015,8.522454728581966,4.597227674879436,-46.31103193880183,10.304446065789227,10.444212015755395,0.9999999871226574,0.001764371001204621,Vela TR1,0.0
WALLABY J095131-440121,147.8805032684681,-44.02255440292009,186.8902789270424,8.702794865327904,4.782129512614633,52.35367755107652,9.99493502258553,10.135754518644656,0.9999999999935264,0.001609052306572029,Vela TR1,0.0
WALLABY J100713-445637,151.8050302740059,-44.94360585215976,54.998974547264524,6.755486096213826,4.789555750830083,17.73016633528152,8.922794473481616,9.064148742209028,0.99999996051528,0.001594310485428964,Vela TR1,0.0
WALLABY J100029-454401,150.1223460801936,-45.73384810706622,51.904954618485135,9.864604949537862,7.138296099017553,31.59473456261017,8.871358806388962,9.012776385737128,1.0,0.00159320611959317,Vela TR1,0.0
WALLABY J095126-452831,147.8585151340134,-45.47532310448405,173.1042936742638,6.701453929577532,4.490906890439162,30.66495691625317,9.904076088832296,10.046240908774758,0.9999999999996287,0.001587925236683916,Vela TR1,0.0
WALLABY J100447-484422,151.1972360629496,-48.73954578045878,95.96107404479477,5.264057675907447,4.658094017552952,11.45988624303226,9.388097467629201,9.530459629371009,0.7170087228730903,0.00309890559387638,Vela TR1,0.0
WALLABY J100913-430010,152.3049233608324,-43.0029926474409,65.02883157834172,5.208952336366871,4.30352486512886,-69.47385596694122,9.039565391493253,9.18251467056386,0.9979136614444616,0.003021227692316535,Vela TR1,0.0
WALLABY J101113-435133,152.8054886990456,-43.85932300920499,88.99476833256286,6.672638680604827,5.317914710497105,-45.02110116784624,9.281651016243396,9.426301267851867,0.9998270929817754,0.001888139369716154,Vela TR1,0.0
WALLABY J101423-432437,153.5984316720505,-43.41048827216974,41.753419769058894,7.762534580603274,5.224922893670425,-88.74653450854807,8.617753847891068,8.762771906392816,0.9966833985783576,0.002888740555313149,Vela TR1,0.0
WALLABY J094325-453019,145.8582894444432,-45.50538451248961,172.52985621364712,8.355701189784881,5.066337362411399,-71.9410315147095,9.849950354939587,9.994976721545317,0.9999957859426196,0.002432784949791824,Vela TR1,0.0
WALLABY J094254-463705,145.7260825954704,-46.61808045228427,166.37247631151877,7.795269401166123,5.418006451470816,-41.25665097384673,9.817677475051072,9.962743580687794,0.9999430593847773,0.002618714780626671,Vela TR1,0.0
WALLABY J094926-435730,147.3619471291863,-43.95849299194068,277.77939868630693,10.23501667970073,6.575839967177796,4.70811754283028,10.256868623073,10.402274668644676,0.9999999404220319,0.001603258636150366,Vela TR1,0.0
WALLABY J100733-460851,151.8914568395624,-46.14756140713568,256.3538059497541,10.60532157711426,4.748915689428308,6.75521310284617,10.1868821632391,10.332303171951107,0.9999999959347443,0.001375962593966618,Vela TR1,0.0
WALLABY J100739-471949,151.913177361708,-47.33031627497495,191.44883317429384,6.346606443261701,4.465911269632155,86.9460483993537,9.931367130300664,10.076897377101163,0.9999999854565733,0.001585514134309434,Vela TR1,0.0
WALLABY J095503-483432,148.7632586885955,-48.5756343847744,244.5101940142764,6.473197587103775,5.247577136599415,-35.82770184703535,10.14235967882728,10.287974151877362,0.9999834358750379,0.002367414034828581,Vela TR1,0.0
WALLABY J095053-432902,147.7242111755944,-43.48413715888361,38.52811419059513,7.153135244426037,4.858648652455074,-5.976583630303054,8.515899734122147,8.662723471503577,0.9999999998436857,0.001794921987138254,Vela TR1,0.0
WALLABY J100456-445724,151.2361624168768,-44.95677267726058,262.2933004584031,7.378942082070941,6.047178970076498,-23.15646676897231,10.180782334538012,10.327670380529801,0.9999999951245733,0.001396386242277209,Vela TR1,0.0
WALLABY J095244-474722,148.1833909815024,-47.78953135441223,76.93797670379827,6.073384076308649,5.585948902690661,85.32962716263724,9.108659904468695,9.25593482969277,0.9999999999999998,0.001706107224508691,Vela TR1,0.0
WALLABY J095423-443318,148.5987442731686,-44.55510914624767,143.35062435774327,5.756470984866668,4.962636607357815,-47.83754250449824,9.645107175852278,9.792612964727354,0.9999999999999993,0.001459944191898703,Vela TR1,0.0
WALLABY J100426-455138,151.1115088131064,-45.86070693093258,258.6253153780589,7.421377580443395,5.399415536701421,-45.99702234957292,10.157568739826104,10.305079143283464,0.9999999845573363,0.001359234260580517,Vela TR1,0.0
WALLABY J094234-470424,145.645289432793,-47.07356393035629,241.9588344371806,6.458370476873049,5.85459742783782,-36.50107848710093,10.098814381580992,10.246375591961957,0.9999999999418243,0.002586820898954131,Vela TR1,0.0
WALLABY J100846-472728,152.1940616883978,-47.45778067119444,231.9505318967846,6.351329412970418,5.814639813281721,50.53814395322328,10.05283574625627,10.200924580116588,0.9999980542028586,0.001580435794700688,Vela TR1,0.0
WALLABY J100610-464716,151.5449111934918,-46.78800572072264,160.71049738454968,7.407430541943111,4.736008641094797,29.12470935143256,9.724743497187879,9.873366970570036,0.9999773266868897,0.001481086881870921,Vela TR1,0.0
WALLABY J101703-442447,154.2644377764308,-44.41310831239891,70.80232953109171,6.130274863957598,3.911976985226991,53.07512147524561,9.00786352241382,9.156765673909577,0.97032071256054,0.00556424141815999,Vela TR1,0.0
WALLABY J100246-465217,150.6953287116233,-46.87149584712202,182.93435450822665,6.952138113347148,4.90702205698174,-31.91832187604798,9.829677098832935,9.978732325847291,0.9999999945666618,0.001381718120315497,Vela TR1,0.0
WALLABY J095719-465024,149.3294057466773,-46.84003820327256,185.7684841158162,7.064815260766447,6.227884430597974,-77.25291049381828,9.841919520071817,9.991038194118389,0.9999999983237661,0.001435731292411981,Vela TR1,0.0
WALLABY J100619-442643,151.5811102632294,-44.44527938260619,266.84142191274225,12.09714075351886,5.020614894488952,-61.33989397747028,10.15538038040816,10.304561971726374,0.9999994271451942,0.001387923522346331,Vela TR1,0.0
WALLABY J094402-445751,146.0086997669729,-44.96420339568142,244.53079064341557,8.532139293309223,5.137418112508944,-61.14496067778138,10.075323076656826,10.22474572620654,0.9999562587709091,0.002162014675295595,Vela TR1,0.0
WALLABY J094828-472216,147.1184038344637,-47.37132820417796,244.0430062611554,5.597375931082697,5.156089816665908,12.46658618908151,10.07268794332443,10.22216210206271,0.9999999846183619,0.001582342653144675,Vela TR1,0.0
WALLABY J101214-430504,153.0588595908845,-43.08451305061018,214.84571035888385,10.10728679559337,4.911035946144956,89.34065760955569,9.960800924466607,10.110344158540663,0.9914873706458746,0.00282887369197459,Vela TR1,0.0
WALLABY J101312-484049,153.3022476164686,-48.68047761772429,198.48545720748993,6.46990240636192,3.66934344398612,-33.7905759370012,9.88701041811419,10.036839526473212,0.8372905844101595,0.002728060806179409,Vela TR1,0.0
WALLABY J094444-481857,146.1833661551046,-48.31597963721633,292.54199322961193,7.951045374409492,5.084794307832034,-50.39101474093672,10.222273182152138,10.372197163219159,0.9556768279296146,0.002263249907453234,Vela TR1,0.0
WALLABY J100102-481259,150.2618762910696,-48.21656753997796,181.02096230320217,8.300970200183263,6.013203231164218,8.09212929964525,9.80493616160809,9.954884110366526,0.9999974536321087,0.001659009305281699,Vela TR1,0.0
WALLABY J100855-444107,152.2316720244014,-44.68527783653338,91.20750020262943,7.841567311489193,5.356101937439038,-68.26523445596735,9.206990500150637,9.357084541753684,0.9998992445094674,0.001654488628565108,Vela TR1,0.0
WALLABY J100817-475436,152.0713023272671,-47.91020142900997,38.083993214169986,5.706241625337969,5.017084698094228,25.02746457415401,8.445594512695985,8.595850266353022,0.9999999999964788,0.001907181719318632,Vela TR1,0.0
WALLABY J100425-444951,151.1065705574669,-44.8310633660558,340.2571000056415,7.54150797696091,5.137183319336048,55.10948076337326,10.346034141429811,10.496386849240787,0.9999768357378407,0.001347784480035875,Vela TR1,0.0
WALLABY J094723-431306,146.8494367453696,-43.21851203175993,75.85626180332335,6.844847737450813,4.814516777063681,8.035009341681814,9.040141724497326,9.19062421342049,0.881663074880141,0.00249157117946657,Vela TR1,0.0
WALLABY J095901-480714,149.7576241911613,-48.12066025962268,178.90300149980894,7.333933329175994,3.635080247182987,59.13684662766127,9.772596988279798,9.923815301901856,0.9999206294970573,0.00164216886974504,Vela TR1,0.0
WALLABY J100732-471911,151.8840483803929,-47.31973175062893,48.03743358464043,6.022201713000179,5.448966721350664,57.1893352848704,8.629962021465117,8.781212543896599,0.9999999730337054,0.00161317971962419,Vela TR1,0.0
WALLABY J100508-445144,151.2874477362579,-44.86229630890521,54.54530618421196,6.777475011470395,5.216780648739159,14.09883044656618,8.733693261567474,8.885325532664327,1.0,0.001572900269154413,Vela TR1,0.0
WALLABY J094854-462741,147.2250438582097,-46.46153535547793,246.00909715126068,6.037789670658414,5.417243053762663,50.00963948269452,10.036527903441508,10.188480634409677,0.9999976378720448,0.001556595835509299,Vela TR1,0.0
WALLABY J101144-430308,152.9370207886164,-43.0522296788638,43.7812114915267,8.289822696172227,7.233114211104154,1.319871388936747,8.52820382355606,8.6806766359879,0.8029726305310851,0.002940799275173473,Vela TR1,0.0
WALLABY J094609-453327,146.5404636571995,-45.55773588043339,297.58261731965604,8.582972681490931,5.657777275581171,-17.62938362190758,10.188877915231293,10.341580278733128,0.9961423793889231,0.001694181247145895,Vela TR1,0.0
WALLABY J095433-440456,148.6387400394262,-44.08222368142844,253.65962606309208,6.622237994014513,5.149920434132824,-77.04810447026759,10.045857250648893,10.198809238103777,0.9997712012786713,0.001493653110084365,Vela TR1,0.0
WALLABY J100936-450306,152.400451914513,-45.05173660721776,53.290844400379285,5.986267690351736,4.161090486367423,-87.44348013392951,8.682526929209278,8.835950794342033,1.0,0.001649379393983383,Vela TR1,0.0
WALLABY J095448-462159,148.700768313564,-46.36653898173842,101.0303528712959,5.163760712630812,4.850450889005697,63.35552676453909,9.217026751025207,9.371678766122093,0.7531732210799458,0.001580296422127053,Vela TR1,0.0
WALLABY J100629-462816,151.6248212042405,-46.47111912634531,168.31505464352742,7.195683442254386,5.024257145184156,-80.29939737288962,9.657886438399524,9.812683336272386,0.9999974797026888,0.00147337867241143,Vela TR1,0.0
WALLABY J094830-464320,147.1283309461115,-46.72243601808463,247.84566005981847,5.599879974304003,4.516038646833233,-63.87199169888382,9.993598700661131,10.148419210375375,0.999993410228174,0.00150258667630735,Vela TR1,0.0
WALLABY J094744-454320,146.9347576481758,-45.72228613765706,258.0579718693551,10.01478829379334,6.891152800122557,-8.686428327921746,10.025654460324555,10.180651121353348,0.999999587400718,0.001523440783068275,Vela TR1,0.0
WALLABY J101115-432421,152.8158267065103,-43.40585167946444,275.48010711543674,6.783987229212343,4.823224774270363,-85.53309866594033,10.072902592710822,10.228454714685796,0.9972665674167156,0.001922061877449646,Vela TR1,0.0
WALLABY J094333-452200,145.8901067770613,-45.36669926940335,260.18294703699104,8.15018238762104,5.226237844094171,-47.92362500794898,10.021190345949849,10.176864819772335,0.9978004014359428,0.002336297360213724,Vela TR1,0.0
WALLABY J101053-473338,152.7246624856384,-47.5605656440212,91.05437943390699,7.414844977038524,5.857701021096121,-11.59880632857882,9.108122950316972,9.263862529657562,0.8733410227190532,0.001746099990340935,Vela TR1,0.0
WALLABY J095311-451624,148.299884998643,-45.27332615455915,160.8045273538401,5.834281015851267,5.018093840327073,0.07302669136510076,9.601574485027488,9.757345897430952,0.9985673322280227,0.001601980637114477,Vela TR1,0.0
WALLABY J100145-471627,150.4386150610816,-47.2743896640544,79.35896181800395,7.856208033722594,5.264918684691827,-53.02259822211776,8.980748680379428,9.136955277250392,0.9999866655769726,0.001583026571191769,Vela TR1,0.0
WALLABY J095019-452605,147.5795913974806,-45.43482340449476,173.39496432802747,6.545490041518569,5.026127948793738,-88.18150298617007,9.657739653220906,9.814057195735458,0.9999900901216608,0.001562327370789775,Vela TR1,0.0
WALLABY J100552-450111,151.4700259080632,-45.01976327266539,57.246471329447196,6.94841311364831,6.102254989626671,-31.75241116939879,8.694887247291568,8.851221047857958,0.9861678498884466,0.001512518806028496,Vela TR1,0.0
WALLABY J094855-435404,147.2309957193618,-43.90133377934267,277.9745578131565,5.866756381403452,3.867290351289365,5.52433467244407,10.0672029629376,10.223548326348908,0.9982171889200436,0.001684758625582484,Vela TR1,0.0
WALLABY J101440-470058,153.6687116956601,-47.01613806722977,249.78690428166124,7.256436425064179,5.191948001919026,-10.58227712883748,9.973662442461071,10.130047136085997,0.8681511776094853,0.002008557100739171,Vela TR1,0.0
WALLABY J100541-471231,151.4243676493069,-47.20887090484648,252.15356910982166,5.613117559037411,4.753752577435153,16.89274361430921,9.975127128243182,10.131907127909525,0.9999930500596211,0.001337702794481844,Vela TR1,0.0
WALLABY J094533-462130,146.3905078952207,-46.35859182261332,107.15592028701057,6.474146483397824,4.489126771066624,-25.19365511969762,9.229687541043734,9.38659353242266,0.9912040158108323,0.00173963189474097,Vela TR1,0.0
WALLABY J095449-461903,148.7042086597195,-46.31763908164032,230.95194144244752,5.342046668719808,4.308320272864816,-32.06922673137865,9.890526856382738,10.047796240333371,0.9999522234847809,0.001507850730949199,Vela TR1,0.0
WALLABY J100050-445210,150.2118068638713,-44.86969406919133,177.46501185932235,5.954043710649301,4.987041547524321,-62.95200399924091,9.659495342370201,9.816895196227973,0.9997882950176736,0.001543343186583352,Vela TR1,0.0
WALLABY J101057-473250,152.7414458182193,-47.54725416874162,61.37372123866865,6.293978655644624,4.524462095785278,30.12268643878451,8.736299388604428,8.893754389487333,0.9980932584130878,0.001898107572338711,Vela TR1,4.0
WALLABY J095238-461131,148.159285753803,-46.19216137024265,231.17360700721892,10.87227045743312,6.144146304292706,89.70626110249975,9.888015394351148,10.045481926603225,0.999999943492511,0.001447080405398019,Vela TR1,0.0
WALLABY J100850-443119,152.2098132237824,-44.52206147809171,75.89336102920868,4.902809834898397,4.049044871946685,3.931519688920901,8.919537148550134,9.07706320203976,0.9957862985328525,0.001663008219409933,Vela TR1,0.0
WALLABY J100451-435701,151.2126281553552,-43.95051319431841,258.18008470413525,5.944840543557418,4.894252272518198,-45.27615152925451,9.981807521472543,10.139402441471825,0.997171782909555,0.001487822503773219,Vela TR1,0.0
WALLABY J095237-454134,148.1581749637625,-45.69290219745444,293.7337258480862,6.399290175565805,4.863861217703753,-75.38163786000815,10.0908168583216,10.248591932026258,0.7598779729580644,0.001502497788535929,Vela TR1,0.0
WALLABY J094404-462300,146.0206405986607,-46.38355601432205,249.02787171338989,8.813335652591135,4.442863576574129,68.57756965395495,9.94332377956733,10.101339892016334,0.9941258993549459,0.002046073694896302,Vela TR1,0.0
WALLABY J101000-462652,152.5019738835024,-46.44778467845481,186.48777971217396,7.539432097042179,5.69461438454551,-43.36345016878314,9.688658296371777,9.846879529663886,0.9999874462224492,0.00158538399570817,Vela TR1,0.0
WALLABY J095249-440054,148.2053444885129,-44.01511745599988,265.306895339305,6.692311727036699,3.733918691811204,-80.82373353347037,9.98326962733517,10.142176739734476,0.9868795182244952,0.001539646663475562,Vela TR1,0.0
WALLABY J095454-472801,148.7282592152625,-47.46706090821601,273.3185253774778,6.576967892969614,5.419231721056387,85.74909909056714,10.002162661517968,10.161481956295793,0.9999999999158589,0.001348078456922617,Vela TR1,0.0
WALLABY J100317-440128,150.8234917521114,-44.02465843431757,49.791413769093744,4.57258744921897,4.239922615488822,47.84493146873268,8.518340564009746,8.677944553410471,0.998986497353604,0.001601402262508594,Vela TR1,0.0
WALLABY J094819-442224,147.0812049051537,-44.37339081016088,258.9575360463258,5.382657467931155,3.805341916177468,34.28022509108763,9.944727561092657,10.10467415293024,0.9515219691745099,0.001631083011270379,Vela TR1,0.0
WALLABY J094425-474959,146.1068359614915,-47.83312977050841,173.54538296399156,8.63273309965039,4.23762996538912,-50.24863938612874,9.593849924971321,9.753989775714453,0.9472809826690531,0.002170880755851346,Vela TR1,0.0
WALLABY J094613-471709,146.5569056761999,-47.2859867811384,201.23297577763753,5.117446841679385,4.52783574795619,67.3536645460806,9.720944167565152,9.881172037686593,0.9915950489683596,0.001788531560464774,Vela TR1,0.0
WALLABY J100307-453140,150.7797434634091,-45.52789075759671,184.05391165185534,6.476019363462682,4.291602570233842,14.64244858088028,9.63948066677139,9.799944237496282,0.9959256431851743,0.001477688434843214,Vela TR1,0.0
WALLABY J094138-433151,145.4118883554378,-43.53100182412146,266.71125113308165,4.232527033022853,3.672008782907504,27.7396629965734,9.961661267809886,10.122125551965249,0.9052311073045991,0.005594913567618938,Vela TR1,0.0
WALLABY J094530-470014,146.3764538480128,-47.00397154744917,244.2580488737564,4.488687364042216,4.139811053465364,-33.2685201565469,9.884804457588878,10.045296876547553,0.9960390565801884,0.00167581884584538,Vela TR1,0.0
WALLABY J095532-443931,148.8866162394723,-44.65866711006497,267.09836787846467,5.356603468955445,3.746064218686991,-84.32589532019166,9.952058076655751,10.11317073658584,0.9938243931410764,0.001459623160335903,Vela TR1,0.0
WALLABY J100143-441338,150.4295057788743,-44.22722510236445,58.568012514559825,6.425980128339005,3.839373630934747,-40.09163681285848,8.632704562103717,8.793896831381941,0.9973024907785533,0.001698086095574277,Vela TR1,0.0
WALLABY J101102-453912,152.7592382824686,-45.65336609082453,260.4209086609066,7.337869328047777,5.777900573421146,84.29321891715605,9.927806111379844,10.089053926031836,0.9924966457952521,0.001504134531713366,Vela TR1,0.0
WALLABY J101351-483153,153.4653954054823,-48.53151481605509,217.7222086374286,5.67783125567634,4.910436270865449,13.55963462881297,9.770774436590276,9.93211107374102,0.9499433711917826,0.002518581152742995,Vela TR1,0.0
WALLABY J100803-425316,152.0129234197753,-42.88795566400505,142.56539767576314,5.772689457524208,4.581537349903312,-38.91958042311669,9.396786495152794,9.558494814778921,0.9067833658640115,0.003683671144226114,Vela TR1,0.0
WALLABY J095205-443809,148.0234811954695,-44.63590951789838,257.9389560381958,7.529136494622263,4.474691029252038,57.83526896749048,9.910121645379714,10.07193001891723,0.9978501395886282,0.001420760132188771,Vela TR1,0.0
WALLABY J094651-444108,146.7135774774346,-44.68555191656235,270.6319020441023,7.389456585155554,4.949163286604958,-45.60592293459798,9.913420760761962,10.077540569280297,0.9390597826932426,0.0015954345273928,Vela TR1,4.0
WALLABY J100859-431530,152.246252619427,-43.25849892211541,181.12971121949548,6.368544581517401,5.644619793818715,-59.6910641377757,9.558031289734782,9.722550692220192,0.7451638335912654,0.00223504590388033,Vela TR1,0.0
WALLABY J100151-454502,150.4648303946827,-45.75065239821173,258.226192860044,5.775794709271511,5.012227087936772,-66.9288261808731,9.864091803285316,10.028729827200785,0.9962199555926944,0.001459693407564968,Vela TR1,0.0
WALLABY J100540-455426,151.4175056659561,-45.9072684465154,254.65339936906472,6.183627345938302,3.915183893083075,-74.5477952032902,9.851321671514668,10.016000151300545,0.9953884773559449,0.001352782734351536,Vela TR1,0.0
WALLABY J100707-460954,151.7800350803067,-46.16517662438625,264.4227472709399,5.565833146423039,4.946710395955392,-83.58074032114214,9.8615119817503,10.027555966062195,0.9999384104809831,0.001398116964855692,Vela TR1,0.0
WALLABY J100212-445101,150.551853589939,-44.8505241785813,49.04758762505001,9.766791900566034,4.128012486785161,-28.23231522457631,8.39628225693617,8.562439824563924,0.9999992868373478,0.001610451037639197,Vela TR1,0.0
WALLABY J095955-464721,149.9822014740147,-46.78924050337198,183.56183764960593,6.153180324493167,5.12161778393412,-64.53566232515408,9.541157005915402,9.707403086626629,0.9825540347949324,0.00152416327668219,Vela TR1,0.0
WALLABY J095552-455731,148.9697613731683,-45.95862642566733,177.28517823605063,6.14801797498806,5.008024681818312,3.356168513636874,9.505628983672423,9.672198267124125,0.9921107034314609,0.0014947052651418,Vela TR1,0.0
WALLABY J100415-445304,151.0656495164489,-44.88450590539931,336.3565382223931,6.684987212281426,4.953189588305741,8.114059373998373,10.059802036721742,10.226498179783464,0.980374417646235,0.001393372385883809,Vela TR1,0.0
WALLABY J095824-433328,149.6001746272064,-43.55785582233826,260.5578846293075,5.527437612150188,4.254108599070558,-42.91675555791225,9.837119094095627,10.003869587271131,0.909163728041072,0.001595613511118942,Vela TR1,0.0
WALLABY J100452-452932,151.2186834840093,-45.4923259853029,277.3022303230129,5.834269618428738,4.473785560843073,-10.26224500355904,9.890476199556698,10.057271879602819,0.996512523268595,0.001384380309069539,Vela TR1,0.0
WALLABY J094814-464424,147.0583437104498,-46.7402628540017,250.03313337156177,5.24764129528424,3.661834503638882,48.78975173858379,9.798763971117637,9.965669458117677,0.9097973676156581,0.00146226407643397,Vela TR1,4.0
WALLABY J094811-473133,147.0492255685027,-47.52602773349246,271.79042293495223,6.754729841335138,4.329027029582186,-46.79941814591518,9.87068310417853,10.037622386258112,0.994411809881087,0.001640542568723274,Vela TR1,4.0
WALLABY J100033-444604,150.1395904312692,-44.7679725595326,184.26369918984534,5.10310963758308,3.900108521680693,-3.851657121016927,9.52762884066912,9.694901720039795,0.9963048810798414,0.001511834974280208,Vela TR1,0.0
WALLABY J100423-452230,151.0989565483311,-45.37511272836838,62.740725188242386,5.214021805053114,4.245542890816722,-19.66235904061617,8.57763949514084,8.745781435779643,0.9504579996336863,0.001545700956294982,Vela TR1,4.0
WALLABY J095031-461322,147.6303606131838,-46.22299205194917,193.4490231625191,8.066671287353053,3.332475899611798,42.97459373758898,9.551824673477082,9.720202469386576,0.9905015969671052,0.001518476703080268,Vela TR1,0.0
WALLABY J100535-465131,151.3969788831425,-46.85884420958143,158.8564735138804,7.080679237408678,4.954112239409052,-54.44505900131232,9.375835416977196,9.54451167449323,0.9960978615441958,0.001499957237950641,Vela TR1,0.0
WALLABY J094920-474006,147.335440710211,-47.66843740792262,248.5221267990375,5.892268307914271,4.003060507742383,8.376706435768028,9.763711074758934,9.93243916951469,0.887314296361432,0.001679742075919696,Vela TR1,0.0
WALLABY J094713-444612,146.805206551714,-44.77025509818867,196.8949069704859,7.851711485538722,4.309260503578989,4.826474729814265,9.559817962441892,9.728646240960863,0.7317985172508488,0.001768381651970635,Vela TR1,0.0
WALLABY J101455-471852,153.7316594152349,-47.31454144795975,158.02751716573388,5.77529059295424,5.003768992116199,-6.730247179989107,9.368478447021502,9.537327355527845,0.8430539904121239,0.002036891070315725,Vela TR1,0.0
WALLABY J100647-473156,151.696545891082,-47.53226628795957,185.44221723464875,5.564875532041033,4.306240053283275,-22.78562804991256,9.502023221249479,9.671204328670173,0.8171533152222222,0.001547877843706711,Vela TR1,0.0
WALLABY J094429-464515,146.1217017138112,-46.75434269357045,246.53951345279987,5.553503645269947,3.504786649613631,3.222065707218093,9.748981639523096,9.918187179146743,0.7383724247973965,0.001836582045925686,Vela TR1,0.0
WALLABY J101146-461636,152.9448129064159,-46.27666279288285,264.54485466880845,5.558993400963683,4.672059665239158,-41.06439886528123,9.804398250035375,9.973961133327869,0.7454375512863084,0.001501978528612981,Vela TR1,0.0
WALLABY J095316-431054,148.3173833452367,-43.18173944945256,270.59901202905746,6.053259317905698,3.669726518008032,31.34737901591876,9.81708402311218,9.987076123860565,0.7535000933806442,0.002159893968407356,Vela TR1,4.0
WALLABY J094855-474548,147.2332840780384,-47.76334152028348,200.60129399002065,5.379035314437833,4.714621360434813,-38.48206072875052,9.556608696133472,9.726631026769883,0.7433920950429501,0.001763568681194042,Vela TR1,0.0
WALLABY J101239-444058,153.1658175257855,-44.68277769681697,281.91107770875107,5.91337906399114,4.706247997865713,-73.82635761661552,9.851020493376593,10.021113422798566,0.9054681210064501,0.001634936253012052,Vela TR1,0.0
WALLABY J095101-451536,147.7577523216187,-45.26022239238789,161.14231557155583,4.303743805953554,3.726146819771105,-41.59902930496244,9.34748348490754,9.518671870019768,0.8096269995891293,0.001637713003432658,Vela TR1,0.0
WALLABY J095648-450253,149.2021867151426,-45.04816771137753,274.0510241493287,4.546081293079986,3.75253560453918,-21.55879545013245,9.808439771401497,9.979645943243135,0.9628264072802352,0.001396289069820297,Vela TR1,0.0
WALLABY J095558-472929,148.9947684475066,-47.49156502592491,273.46873619799976,5.222901220869151,4.396396517677695,53.33550204849861,9.7950228058077,9.966945953720906,0.8245223413907778,0.00132039669058151,Vela TR1,0.0
WALLABY J094930-475941,147.3770442561318,-47.99494069856052,244.2937608781619,6.113027103684764,4.208044479520384,-88.21543761419952,9.697006007718059,9.868930780139197,0.9984192716311697,0.001766124161472977,Vela TR1,0.0
WALLABY J100859-445345,152.2484120213618,-44.89583845603952,149.93272768950246,8.448930194001202,4.754138889619105,-41.51992065953065,9.271116084480143,9.44315616484328,0.9470286121489593,0.001481812568540702,Vela TR1,0.0
WALLABY J095019-441017,147.5824773999348,-44.17142082231437,276.8681971615815,7.162443498479295,6.574460958492856,-24.01233949512257,9.793977303963235,9.966632016791182,0.9729125902352339,0.00161491579272872,Vela TR1,0.0
WALLABY J101451-474402,153.7151487013592,-47.73413484972277,263.02101863474223,3.620515652388821,3.351603285145445,-83.26645112411563,9.744880045407761,9.917816772762983,0.8130535795623807,0.002232234202442806,Vela TR1,0.0
WALLABY J094808-473113,147.037466277839,-47.52034933008797,276.5552978894623,5.821953983517295,3.746948809825161,-67.8876309715562,9.782396753017949,9.955711385864733,0.8185026073704335,0.001599686987416601,Vela TR1,0.0
WALLABY J100442-444506,151.1786035067265,-44.75191935362896,335.9419460934672,6.027550810554834,3.872261305973272,-25.41224575581596,9.94190597235617,10.115810572166689,0.816265484212525,0.001419379308124098,Vela TR1,0.0
WALLABY J100745-462101,151.9382453896767,-46.3502802449674,266.76508059574104,5.815848988203288,4.342823825150353,82.70256163889417,9.739431829774654,9.913474092192702,0.7936026335069049,0.001335027876653739,Vela TR1,0.0
WALLABY J095802-444730,149.5106035225426,-44.79172681385906,339.6142701688206,4.914813528468136,3.497070081929955,-47.62094768501662,9.936072283839438,10.110932541018125,0.8593242754140692,0.001408701772455724,Vela TR1,0.0
WALLABY J094821-452603,147.0903045344817,-45.4341811258285,172.89614677100082,5.394596473747551,3.705658521483721,-27.16239482760323,9.345504904297671,9.520626297199446,0.7454415622446483,0.001627399778178898,Vela TR1,0.0
WALLABY J100259-472937,150.7458156009691,-47.49364412106176,192.73408217479547,7.64038372406406,4.099154547063505,-65.90065574516743,9.428703312301655,9.604524566657467,0.7284386978399552,0.001462501052958553,Vela TR1,0.0
WALLABY J095234-475517,148.1443642063229,-47.92139494617174,246.10179298083307,4.360570746143254,3.162863148012963,84.41368245394092,9.63883669241668,9.814794938114666,0.9633292751759185,0.001523164799482836,Vela TR1,0.0
WALLABY J095917-440347,149.8215891133909,-44.06321193721158,243.40028441614803,5.149776126669612,4.805193106102351,89.61598408440479,9.627561984131463,9.803626345032459,0.721104255899508,0.00149621135192513,Vela TR1,0.0
WALLABY J095313-460846,148.308234382924,-46.14620463502239,249.13764831895617,4.721322896914427,4.370946913757319,43.40077996396775,9.608529233159183,9.787073610222976,0.8558805363537473,0.001397065241292293,Vela TR1,0.0
WALLABY J095635-453219,149.1461336588016,-45.53881766429953,197.01658842443834,5.879625882116058,2.944023181511605,1.638136993086135,9.37543572278551,9.555838390061062,0.941587615822672,0.00151265481294865,Vela TR1,0.0
WALLABY J095441-440640,148.6712545178406,-44.11117478313336,255.1902600353695,5.723237959838899,3.265784493032934,72.9516696531715,9.598097718250756,9.778631846664316,0.7011971018142861,0.001457274279401416,Vela TR1,0.0
WALLABY J095159-443357,147.9990033619982,-44.56603712799571,275.6105492285777,6.366942940024712,6.003627157014914,31.9805994509056,9.656026248100389,9.837131036842393,0.8171715049410213,0.001498240495778925,Vela TR1,0.0
WALLABY J100853-431058,152.2215455302248,-43.18293709497304,354.44785906005467,5.848291354951786,3.912701577474536,41.55489959139754,9.859377002833014,10.041452537010516,0.7611192592211438,0.002302259729871421,Vela TR1,0.0
WALLABY J100633-442552,151.6413533482273,-44.43117209336817,240.27391130148192,5.10832786531325,3.507526854556644,-20.67303817834041,9.469967849397582,9.6553768433009,0.7665696268063141,0.001531752480086546,Vela TR1,0.0
WALLABY J100824-473333,152.1025837554692,-47.55932508963962,195.9087681214162,3.971967800464927,3.495138475337486,-18.79419799814171,9.291713366621869,9.477183850222733,0.850721011277719,0.001540739033777154,Vela TR1,0.0
WALLABY J100650-464555,151.7088972568106,-46.76544900328637,274.89271701833025,4.253785828652036,3.855199905105409,-50.77734236042284,9.500510524653691,9.691563433874348,0.9383524180096278,0.001331846686873169,Vela TR1,0.0
WALLABY J100444-443016,151.1858370173332,-44.50465047354498,336.54859895931787,5.812595734815119,3.222139302654612,-18.01081432610988,9.602834367617115,9.798762271484222,0.7476902636501525,0.001371352080191727,Vela TR1,0.0
WALLABY J125548+041805,193.9523167650541,4.301583675537505,10.823171488195088,42.7351655063793,22.81447081699807,-41.78051514315576,9.25301650024994,9.317548741913706,1.0,0.001694712847798274,NGC 4808 TR1,0.0
WALLABY J124911+032310,192.2960295406077,3.386103078435421,10.378078085105273,32.75586851190757,25.69827280966016,36.15448842067008,8.998787090386472,9.070780502424217,1.0,0.003323520677315518,NGC 4808 TR1,0.0
WALLABY J124747+042017,191.9459810189541,4.33817561380282,14.096033774125186,24.95156353375521,20.83869060017235,12.78744047614501,9.063306417812441,9.142746534547376,1.0,0.006298373461811819,NGC 4808 TR1,0.0
WALLABY J124822+082925,192.0950923250069,8.490363494595087,14.339243618266547,49.421168968195,16.27281985060084,-13.51915151160992,8.968009931949062,9.051743506966991,1.0,0.004201384592549457,NGC 4808 TR1,0.0
WALLABY J125549+040049,193.9563512714917,4.013832697981899,10.242337079602523,18.89425856468722,10.96894730268963,33.05652239932917,8.52228707240587,8.612263192280468,1.0,0.001724769341566627,NGC 4808 TR1,0.0
WALLABY J125451+023900,193.7142210285405,2.650154335472928,13.301476139383134,13.43417898530699,7.429488071805219,54.15697819381288,8.745365791178049,8.835505457605873,1.0,0.00622862124270562,NGC 4808 TR1,0.0
WALLABY J125313+042746,193.3064191476193,4.462789705748373,10.352223491641153,17.3451500319385,13.89077766668462,29.94673009408456,8.516139146362837,8.606759166370725,1.0,0.001739269353451905,NGC 4808 TR1,0.0
WALLABY J130315+074816,195.8130646476565,7.804479670054757,41.77399008543943,18.50055755665129,14.24821841630536,-37.46208356110215,9.672692832289352,9.765643048108023,1.0,0.001688158453391105,NGC 4808 TR1,0.0
WALLABY J125604+034843,194.0193267649271,3.812093902197743,8.845517427747259,16.05291272866709,12.24344774236879,-78.4177729929263,8.237286240071244,8.333991227730554,1.0,0.001765617846371109,NGC 4808 TR1,0.0
WALLABY J130305+035925,195.7748594779248,3.99037967426574,40.91919828385834,11.93775681418525,10.83744646222925,3.21018909726655,9.492947648273377,9.592955004101306,1.0,0.001668765903228992,NGC 4808 TR1,0.0
WALLABY J131122+032431,197.8437772524444,3.408681450595036,43.59123360106875,22.10663671038118,9.638389189498909,79.11416106187816,9.487160126712674,9.58990372448638,1.0,0.002723644551019535,NGC 4808 TR1,0.0
WALLABY J131232+071059,198.1374021433479,7.183157659286967,12.917384266471414,13.9701243580605,5.268137782150897,51.70314407843856,8.371156784851737,8.476629771153162,1.0,0.004139904286711407,NGC 4808 TR1,0.0
WALLABY J125516+025347,193.8168455226023,2.89661866867899,40.22557547357599,21.93327729752497,6.593506207522458,-86.25860989707787,9.318090883770138,9.425409732116071,0.9999999999999991,0.003538427144944169,NGC 4808 TR1,4.0
WALLABY J124915+043926,192.3154380612388,4.657406292618122,38.14560329437675,13.16421893097548,10.13439122469909,-74.89481648423185,9.262758733715707,9.370508789718214,1.0,0.002581530177980856,NGC 4808 TR1,4.0
WALLABY J124950+025100,192.4595884997897,2.850216662134315,16.638709549795898,15.62578436708067,4.890449587674697,2.070616964505462,8.515630833886673,8.62462579560936,1.0,0.005760504409273061,NGC 4808 TR1,0.0
WALLABY J125743+024130,194.4332293209142,2.691763809098157,13.230110776380654,11.62050532297848,9.172495264279263,-70.46447165732766,8.308962582622623,8.418314454390613,0.9999999994284906,0.005758994697939829,NGC 4808 TR1,0.0
WALLABY J131320+060327,198.3371152997217,6.057740237483431,100.70467065643165,12.84755622061126,10.23165367843017,-35.9610269441716,10.064422349758306,10.17412980528574,0.9999999999908556,0.005215499826159421,NGC 4808 TR1,0.0
WALLABY J124947+035042,192.4493316830977,3.84520595750993,9.934752825343148,14.10719769000285,11.05716463749479,2.945338082802778,8.005022869260868,8.117000977372637,1.0,0.00244436918387809,NGC 4808 TR1,0.0
WALLABY J130739+062006,196.9131038235034,6.335178860305128,102.16854834572835,13.1697738028,8.966194441280704,61.67550295531626,10.019397593600665,10.13185367570176,1.0,0.001574059521031589,NGC 4808 TR1,0.0
WALLABY J130923+065940,197.3476098322861,6.994613562899328,52.03170116592606,9.720113391553166,6.629272308437359,-39.20612695154717,9.430621635019353,9.543206617767206,1.0,0.001741824574834418,NGC 4808 TR1,0.0
WALLABY J125823+024727,194.5970064247506,2.791070001912478,39.65310779533847,10.2307366458463,6.699320304433482,66.59335749259606,9.154418130220808,9.268950555628413,0.9999993909124816,0.004236708938107177,NGC 4808 TR1,4.0
WALLABY J130558+035723,196.4955249852761,3.956555189375222,100.07401652669934,16.96833604355943,5.253444012963262,-80.50967614225243,9.95064032960352,10.0655560448871,0.9999999835067713,0.001669843084940516,NGC 4808 TR1,0.0
WALLABY J130906+051433,197.2774074671229,5.24273803296036,51.45675094907149,15.58606191647291,8.866679783232989,-22.79922348881551,9.28018433277164,9.399677106286704,1.0,0.001731570205367171,NGC 4808 TR1,0.0
WALLABY J124925+042328,192.357623446316,4.391178624443283,37.734103118898936,10.47071353834918,8.808554903238706,49.06732475615632,9.001246355662472,9.121215529902514,1.0,0.002557669334478123,NGC 4808 TR1,4.0
WALLABY J130317+043547,195.8237539233894,4.596629445575658,168.07882591460339,14.73123594458353,6.826664589536876,75.41291621645475,10.280599198633526,10.401482521016469,1.0,0.001429279636734789,NGC 4808 TR1,0.0
WALLABY J131206+052832,198.0262766311709,5.475565397811479,13.023183584225892,10.37722674420501,6.759954818566755,-29.89394854389366,8.042779547683324,8.16448134670552,1.0,0.003386334644920104,NGC 4808 TR1,0.0
WALLABY J125656+040352,194.2369281915989,4.064596960498491,11.871982629785228,9.082273067286101,6.188545584453614,-55.0499162338143,7.937364704062623,8.060335422497216,1.0,0.001606297130853223,NGC 4808 TR1,0.0
WALLABY J125112+045132,192.8030686820034,4.858921171442358,107.62385091643337,8.970557037316468,7.979796800824642,31.85491755741896,9.846790192710085,9.970032958698596,1.0,0.001646432807510198,NGC 4808 TR1,0.0
WALLABY J131208+025916,198.0351325685212,2.988027246026582,43.405871392039224,10.12327646509811,5.256530355401145,40.62485940654352,9.045033151883882,9.168941015727592,0.9999083118120629,0.004051582980661438,NGC 4808 TR1,0.0
WALLABY J131207+031203,198.0305736463638,3.201041146768122,118.40201187468465,10.65003536796243,8.371379874979855,-27.0870495200277,9.878366298606386,10.004240149488382,0.9999959084579001,0.003600930954635663,NGC 4808 TR1,4.0
WALLABY J130407+053333,196.0305927729124,5.559359081508994,101.2667499641279,7.815806324767588,5.305248881675717,-35.64344440786162,9.72274577077022,9.849645586555091,1.0,0.001513858163516307,NGC 4808 TR1,0.0
WALLABY J125012+073442,192.5539661254201,7.578549532314525,163.52956694530005,13.5978564081785,7.019747659770834,83.67172341535901,10.112342096696283,10.240628946764588,0.9999999999729445,0.002026231182753425,NGC 4808 TR1,0.0
WALLABY J130810+044441,197.0433511724978,4.74482621452265,83.56740635858404,18.32109884068057,6.898546560921314,28.22801393226331,9.509162955890872,9.638499431264634,1.0,0.00166466412092257,NGC 4808 TR1,0.0
WALLABY J130802+062900,197.0107142573469,6.48335110491253,101.90953950170577,10.74539970757373,6.099242354922624,-29.15518697642371,9.65314093035404,9.783971089303845,0.9999999923585594,0.001600084307124969,NGC 4808 TR1,0.0
WALLABY J130358+054204,195.9919439732283,5.701191368643388,208.81925061001039,12.76890928906984,6.25491192298349,46.21881568143408,10.268720086943652,10.39994845274108,0.9999999999950888,0.001374228031091215,NGC 4808 TR1,0.0
WALLABY J125620+052836,194.0833619272955,5.47685612935656,104.20520245028098,9.822515542924506,7.528470765252539,-21.79191998452369,9.662474235545462,9.793834062147226,0.999999999951504,0.001495590086812066,NGC 4808 TR1,0.0
WALLABY J130829+042207,197.1211981903836,4.368813812098166,103.68496411071654,8.726128886962107,5.576867939927968,-85.5245608050496,9.648370640923988,9.780247657753318,0.8952743274354776,0.001740884176732312,NGC 4808 TR1,0.0
WALLABY J125627+060352,194.1159196795489,6.064565763683702,164.38730756772188,10.27666784807351,5.939599683038521,-12.89560558624515,10.046979918983636,10.178946952143832,1.0,0.001507659406493627,NGC 4808 TR1,0.0
WALLABY J130247+064707,195.6993392888895,6.785285210563502,102.0176699283631,8.568565481552868,4.148266509007382,-47.92525918106404,9.5991195055916,9.732871113759177,1.0,0.001537881162477776,NGC 4808 TR1,0.0
WALLABY J130150+041953,195.4601475254844,4.331431974127958,160.6810652625029,12.36484907404738,10.2155005910585,21.68804054038469,9.98612435440703,10.120281733307257,1.0,0.001457641912320106,NGC 4808 TR1,0.0
WALLABY J130241+055729,195.6745184032515,5.958274634103169,40.89666851696802,7.906530952293037,4.853038964218129,-69.50202434752515,8.790395902289127,8.924938367024438,1.0,0.001544659070795604,NGC 4808 TR1,0.0
WALLABY J130148+045931,195.4525200888066,4.992044900970917,169.09460367697085,8.470281732572166,5.330082228364754,32.70120100439263,10.022379835430145,10.156970633783905,0.9999999999999996,0.001456390234420415,NGC 4808 TR1,0.0
WALLABY J130331+075810,195.8828698557512,7.969431959510328,199.31027171822288,7.658270296890447,5.435155094065022,53.05340833561232,10.134194533477864,10.27045632135034,0.9999999999986151,0.001636156000353078,NGC 4808 TR1,0.0
WALLABY J124805+065910,192.0229915320185,6.985678785336795,191.87696574141137,6.582454465307812,5.878624799529562,-38.86020643215616,10.097204686023522,10.233681799891393,0.9470649087528582,0.004481945121527789,NGC 4808 TR1,0.0
WALLABY J125133+080241,192.8899593528852,8.04494296914028,51.3775869660559,10.13954381406472,5.645958585450905,19.94829208982097,8.944374895045506,9.081303856772864,1.0,0.00189154368506275,NGC 4808 TR1,0.0
WALLABY J130942+061307,197.4272394592531,6.218736510275814,183.19405734664164,8.426729609149717,5.90221484760156,-33.65500572449596,10.036861459230026,10.174431297020515,0.9999999551736405,0.001646191688642869,NGC 4808 TR1,0.0
WALLABY J130727+044550,196.8662930082749,4.763906116445493,200.91096018650617,8.345197508544212,4.814282045591281,-74.40159296708171,10.113700646388189,10.251452672392018,0.9256157365719104,0.001524854875323126,NGC 4808 TR1,0.0
WALLABY J125509+075453,193.7914995776383,7.914871628058621,37.88367714379506,8.703443610658256,8.06861731770766,25.08858548300122,8.655745062971773,8.793979905191776,1.0,0.001788288284127265,NGC 4808 TR1,4.0
WALLABY J125646+074748,194.1936430168484,7.796689360545991,215.0304935554057,7.357642869612345,6.608313987765436,21.88067131405498,10.161029197836845,10.299417599748587,0.9999999992001893,0.001554683626539266,NGC 4808 TR1,0.0
WALLABY J130905+055109,197.2747727813376,5.852619893789429,103.29395677937502,6.507778537552257,5.680997489368002,-88.30595565141033,9.516111453502907,9.654941023928687,0.9999999999999902,0.001605694592581323,NGC 4808 TR1,0.0
WALLABY J125341+034603,193.423917883214,3.767607315262684,280.6607573678,7.491282806005485,6.729556947655561,-67.59858942117745,10.3756510638251,10.514955903710625,0.9999999602571099,0.001637611170840157,NGC 4808 TR1,0.0
WALLABY J130224+032233,195.6003566771188,3.37582029544055,100.1780601830584,7.185754696129632,6.57074236961168,-16.07531270564026,9.46530534016086,9.605463402720954,0.9999999999998441,0.001747030981873055,NGC 4808 TR1,0.0
WALLABY J125127+054748,192.8648219825918,5.796820533504366,206.65809217715713,10.30941742151713,4.13665022408452,59.1995088788218,10.089521158624052,10.229940506066084,0.9999999997051506,0.001521587947677599,NGC 4808 TR1,0.0
WALLABY J130030+071721,195.1253481652555,7.289218672550088,178.20517749016497,6.757533263064792,5.151152871518502,2.752093314977344,9.950657076858224,10.091639212444473,0.9999999998869332,0.001429635878210929,NGC 4808 TR1,0.0
WALLABY J125215+042728,193.0642306454697,4.457818235634407,10.00945833195292,7.325104183214498,5.046034782510803,76.05916422719687,7.4493847208084025,7.590380831356316,1.0,0.00171343269875823,NGC 4808 TR1,0.0
WALLABY J130656+074407,196.7359482520617,7.735490442990973,126.19450142324445,9.902911654149412,5.1721953362299,28.49643732850279,9.643785854879228,9.785161165296078,0.9999988590672866,0.001688294632908874,NGC 4808 TR1,0.0
WALLABY J125548+045901,193.9516673031105,4.983869814641685,209.46690014413463,6.972856914672423,4.626861140896206,64.47387192455362,10.08180371473671,10.223297029937642,0.9999999999974175,0.001461742054949191,NGC 4808 TR1,0.0
WALLABY J130453+034934,196.2223559900336,3.826365356258538,175.3039809670839,7.611786088547372,6.916246487660136,58.59628207675449,9.925894712630258,10.067457889647264,0.9996739996612414,0.001601919192363748,NGC 4808 TR1,4.0
WALLABY J125851+052229,194.7125833170963,5.374804132420861,181.47506694799324,10.28892364354992,6.253929554839842,77.88866164899511,9.9548514536501,10.096475200641434,0.9999999999999982,0.001381075366799439,NGC 4808 TR1,0.0
WALLABY J125413+052149,193.5565597867674,5.363747328443702,206.7378099863384,7.17409009801233,5.887850301604266,-25.81467312846578,10.067233021803274,10.20890243350081,0.9999999999798236,0.001504931587496706,NGC 4808 TR1,0.0
WALLABY J125523+075436,193.8487998157023,7.910181100384291,40.087366445067914,7.237324853194168,6.823264270668719,-77.54026108826908,8.63483987296492,8.776928957775622,1.0,0.001797731358507984,NGC 4808 TR1,0.0
WALLABY J130535+041627,196.3965978361037,4.27442348052293,187.92677720779724,7.080492074264731,5.274891284472216,-54.27551520912621,9.96937025226619,10.111872158978121,0.9877935220901009,0.001544062400842593,NGC 4808 TR1,0.0
WALLABY J130635+042739,196.6459994463994,4.460910746564205,91.14406860839874,8.053450281192179,3.935925166987738,71.74359481756255,9.3387827033452,9.481399555734159,0.9999999999664653,0.001692609745866705,NGC 4808 TR1,0.0
WALLABY J130330+081941,195.878583001016,8.328126639289716,91.8211278519026,6.317374007806171,5.367938922901299,-56.30558832273662,9.342574433607384,9.485337989007895,0.9999999976287564,0.002002811671350736,NGC 4808 TR1,0.0
WALLABY J130438+061203,196.1602230425285,6.201067742277683,164.01491565891675,8.175508193416054,4.512178325469008,32.42625724784196,9.84555687401647,9.988370469314424,0.9665522311448689,0.001394258156840954,NGC 4808 TR1,0.0
WALLABY J125450+072542,193.7101166312779,7.428452121151843,214.43232261625855,6.141594109907593,4.436213757307834,-65.89131403484886,10.057292336247212,10.201282177688123,0.9995649235957199,0.001555288581177768,NGC 4808 TR1,0.0
WALLABY J125114+052031,192.8121418746934,5.342108946184053,107.36059957704644,7.499628759037472,6.187163081355008,28.72070374214138,9.44189877222027,9.586701255646037,1.0,0.001581534723711628,NGC 4808 TR1,0.0
WALLABY J125604+064914,194.016785458323,6.820731629179483,51.60664433457046,6.539273918384023,5.304512242572956,36.67392550908798,8.804339644487598,8.949214009715627,1.0,0.001541608235363316,NGC 4808 TR1,0.0
WALLABY J131145+075645,197.9378037835,7.94608464088534,279.47728120147644,8.29828381878751,6.206854635810977,-73.48702490069624,10.260618446641537,10.40611133171507,0.9973409097050691,0.00259269957370089,NGC 4808 TR1,0.0
WALLABY J125938+062651,194.9087136518422,6.447752393391579,90.74560581944525,6.075080088612257,4.55787258137602,34.3972922651302,9.276467742307457,9.422361077036369,0.9999998499224487,0.001499284366150869,NGC 4808 TR1,0.0
WALLABY J130916+025905,197.3199758377793,2.984882039915548,164.13986615498231,5.329985425615749,4.411265518611263,35.24306893111623,9.788953664039841,9.934976192168723,0.9999978285110036,0.00291346481838196,NGC 4808 TR1,0.0
WALLABY J130428+043155,196.1185647289739,4.532064306218369,101.22780684824907,9.078897766331842,5.865772019527236,4.328942841498559,9.363576647317737,9.509912344818577,0.9968661841413673,0.001476625233538457,NGC 4808 TR1,0.0
WALLABY J125311+032639,193.2969927834827,3.444176638081655,39.91027206101794,8.470434447771641,6.518142888725509,68.4365532721268,8.553616371471728,8.700038495621174,1.0,0.002013784219491538,NGC 4808 TR1,0.0
WALLABY J130031+083118,195.1306926942061,8.521928821993091,222.85660628586876,6.925834313052638,5.311966933534348,76.18447706900767,10.046155341428031,10.192653333895798,0.9372817791737076,0.00204950510806836,NGC 4808 TR1,0.0
WALLABY J124944+044608,192.4334619476552,4.768977476135122,120.45109854177848,7.833538208513152,5.590709609476621,-14.65921272880121,9.50963864246084,9.656254621006218,0.9814918770979906,0.002263938744532339,NGC 4808 TR1,4.0
WALLABY J130929+045032,197.3717513480856,4.842259951690912,171.33304689542396,6.993394836378767,4.291389465839268,77.79816115665031,9.811523624131803,9.958375819556935,0.9964694898226857,0.001694081226828346,NGC 4808 TR1,4.0
WALLABY J130512+083423,196.3039570252712,8.57305497814108,102.31610075138319,6.916269301228107,5.426749367231313,26.58012283340156,9.361513975219221,9.508491580463101,0.7445768392873631,0.002612872782872974,NGC 4808 TR1,0.0
WALLABY J125515+081543,193.8137732655482,8.262030013656128,305.5150819400749,12.84822578774209,6.144884219322844,46.30669747233463,10.301482667349818,10.4490389997833,0.7707735498415152,0.001719055152346399,NGC 4808 TR1,0.0
WALLABY J125445+045357,193.6900932471086,4.899374936430098,106.45554615897352,5.961277288373681,4.571509971653979,-89.7850663551281,9.383652870521614,9.53132847968803,0.9999999999999936,0.001503155989538476,NGC 4808 TR1,0.0
WALLABY J130705+031317,196.7711961650677,3.221600833941211,206.98650464517712,6.196826533066727,4.460104842025316,-21.22998739561203,9.960845208417192,10.108540983914645,0.9999679270304251,0.002074236792834591,NGC 4808 TR1,0.0
WALLABY J130522+043840,196.3421289750555,4.644607819400523,200.98677071637667,9.33786906612307,7.882015994182772,58.93146558125399,9.933803867362444,10.081584396766385,0.9960436484118335,0.001460968731337833,NGC 4808 TR1,0.0
WALLABY J130316+044405,195.8192386945843,4.73493743852465,195.9921918985657,7.4000225147937,5.02938277470137,-69.22060919122136,9.909902624406241,10.057799284331484,0.9999998923536185,0.001370441455178107,NGC 4808 TR1,0.0
WALLABY J130344+061920,195.9370286521116,6.322356686427568,205.55494721175694,7.244409578955109,4.574621475149487,-87.58336073511303,9.94870335128659,10.096746546820228,0.9999999999975372,0.001362477628651677,NGC 4808 TR1,0.0
WALLABY J125258+073025,193.2428272650541,7.506939694063594,229.0625458285333,7.721745548145259,4.260357009475865,-83.94109562782029,10.026543566532892,10.1755103771386,0.9853514026013594,0.001631576295252359,NGC 4808 TR1,0.0
WALLABY J125734+035519,194.3922581540498,3.922133743602001,100.91534531730885,7.558859445745439,5.962753830102695,-74.07528670374272,9.314380671656219,9.46335713704094,0.9999832304511241,0.001606598141092752,NGC 4808 TR1,0.0
WALLABY J130100+025004,195.2508786554781,2.83447750200797,99.69251064665931,7.813070630050325,4.513135010749378,-60.46541564692043,9.299694511621599,9.448904920666052,0.7106816324993112,0.003921723297142195,NGC 4808 TR1,0.0
WALLABY J125156+035954,192.9869747160136,3.998375801367461,109.83768194320942,7.515851247165481,5.823308808818044,21.55386782994336,9.380620839166294,9.530017065519814,0.9999975890659244,0.001750847632920474,NGC 4808 TR1,0.0
WALLABY J131022+050058,197.5935361848273,5.016325835489955,172.45871845550502,5.864605668622926,4.703986333663154,10.40967758231645,9.771208613301873,9.920678020083546,0.9972722628528956,0.001808594134566021,NGC 4808 TR1,4.0
WALLABY J125224+071046,193.1000979113538,7.179529060961441,213.48467668715105,5.6866122838817,5.105114825558807,-69.65391457159039,9.955929161875552,10.105435318389034,0.9973279887433317,0.001576656424737981,NGC 4808 TR1,0.0
WALLABY J125618+052020,194.0779779313592,5.3391519135389,274.8011410375828,5.448948425891642,4.680187973823923,86.28916357304774,10.173880064936576,10.323463606176617,0.999999917888531,0.001454113844483979,NGC 4808 TR1,0.0
WALLABY J130852+055946,197.2193965817479,5.996224289050208,51.13442428389889,7.239591632637482,5.073849629851447,83.1400935242398,8.713056108757042,8.862651874178006,0.9999999982199851,0.001632901327138174,NGC 4808 TR1,0.0
WALLABY J124935+033620,192.3982396516564,3.605728214440297,101.36450745470123,5.956236923393924,5.230100072994913,89.72041378616021,9.307252913191418,9.456857162549015,0.7233241910395967,0.002322884281805184,NGC 4808 TR1,0.0
WALLABY J130410+052910,196.0447017780421,5.48636453515698,40.412555206401976,7.499088648966389,5.461315562437314,-19.52182978227739,8.499697243375035,8.649806465511478,0.9764936623806526,0.001479138254804247,NGC 4808 TR1,0.0
WALLABY J124923+050820,192.3485186030474,5.139091016526071,177.32383048925374,6.009478339778931,5.496249213674543,36.12548973794111,9.78345561628507,9.933607451460231,0.9981584514780432,0.002330302354674854,NGC 4808 TR1,0.0
WALLABY J131113+065134,197.8078868602103,6.859440078610714,88.49738423140224,8.479522338666738,5.655799942831085,-89.50358657636328,9.172657256800903,9.323217985779193,0.928751051673348,0.002222049993905816,NGC 4808 TR1,0.0
WALLABY J125941+031433,194.9234335098181,3.242506076785469,203.18441867333442,8.549656943011808,6.370896575411496,23.26034211060517,9.893481021687352,10.044104715749357,0.999999863709491,0.001894263650868216,NGC 4808 TR1,0.0
WALLABY J130812+062455,197.0531496374027,6.415470339418697,103.49044683504516,8.380434718482949,5.103800685730029,88.06682622056195,9.306584276901786,9.457260626317455,0.9999999935676414,0.001628435450164157,NGC 4808 TR1,0.0
WALLABY J125948+045800,194.9516158591327,4.966887568164555,103.16629136993043,9.913923394406874,5.47182374120037,87.19317129004632,9.301323507940715,9.452145611387214,0.9999984926960005,0.001496589081804263,NGC 4808 TR1,0.0
WALLABY J125814+033205,194.5616729644435,3.534761876642164,262.2578555322415,7.744167950637675,5.377670091559206,86.46395909952773,10.111456862488678,10.262293225367001,0.9999999984391237,0.001458164020103692,NGC 4808 TR1,0.0
WALLABY J125243+075643,193.1796800113196,7.945294777857378,165.42679427847636,8.743936864133744,6.292648914638349,60.12233484097908,9.708212487942427,9.859221344136813,0.9890195664391747,0.001730267438573614,NGC 4808 TR1,0.0
WALLABY J125647+055512,194.199239406065,5.920004963127693,135.7815962544929,9.182662765071262,5.951650458934491,60.98245113686754,9.53185925082529,9.683145767938688,0.74178087909575,0.001510368930143421,NGC 4808 TR1,0.0
WALLABY J125832+081238,194.6341978278549,8.21069421370126,121.07568873905049,6.698206715753093,5.594140302899239,20.82223370366833,9.43003843900134,9.581454748694426,0.9249542965562337,0.001735360966772428,NGC 4808 TR1,4.0
WALLABY J130158+030601,195.4920216088625,3.100432383834511,100.10537889761635,7.601114560688631,4.205790260454485,78.59682107748972,9.260034395207601,9.411727746027093,0.7521281535161984,0.002336540291356004,NGC 4808 TR1,0.0
WALLABY J125831+081329,194.6319381013626,8.224875444495117,116.2556360553186,7.598300937840682,5.056701644957622,27.2677999407297,9.385848224065095,9.537778168449265,0.9108940300740095,0.001712072715855497,NGC 4808 TR1,4.0
WALLABY J125953+041831,194.9721520656642,4.30879277960218,229.17829331868342,8.167877035358742,7.198757162861619,32.90157751357071,9.971224121400438,10.123393398882449,0.9999999819054256,0.001411378071064745,NGC 4808 TR1,0.0
WALLABY J125340+064728,193.4201111021162,6.791145887962279,108.86002383564106,5.572613594628549,4.715559881871184,-45.84379742730146,9.324519742970306,9.476694468876198,0.864380208071707,0.001648757006985825,NGC 4808 TR1,0.0
WALLABY J125233+031517,193.139979158998,3.25473977709661,208.54415590275045,6.83085980764794,4.766754137353895,-76.86505474919392,9.880615488034827,10.033285616607463,0.9492852353597414,0.002027940158032492,NGC 4808 TR1,0.0
WALLABY J125652+045727,194.2190818564591,4.957517697984626,104.94184636347359,5.527485760195858,4.374009128048532,-68.95117920086473,9.280000286579819,9.432908898191286,0.9973334376681008,0.001460466990072747,NGC 4808 TR1,0.0
WALLABY J130844+040942,197.1874382922866,4.161774552835395,125.75859053378576,7.524025250548876,7.131615421943567,27.63462281557798,9.435194044256441,9.588217681551507,0.9925637138099764,0.001859354920365993,NGC 4808 TR1,0.0
WALLABY J125652+071852,194.2189649688109,7.314500935444555,183.88829629147466,6.116012891540168,4.480216284523916,-17.96298235976629,9.761014883281854,9.914282867498947,0.9986194361686545,0.001444429910132352,NGC 4808 TR1,0.0
WALLABY J125941+072959,194.9229233799057,7.499821051468,121.67874950915518,5.630917789101735,3.780622034525691,55.27778013919982,9.399688082813702,9.553109805506468,0.9799354347748845,0.001636643761211397,NGC 4808 TR1,4.0
WALLABY J130055+070243,195.232334241294,7.045426790341519,263.2744589651438,6.358605058200282,4.818228558997182,-55.6668119257419,10.056783039639134,10.21097787010454,0.9999996369024616,0.001424941309397821,NGC 4808 TR1,0.0
WALLABY J130339+043644,195.9129042320901,4.612425929316006,124.4077408043397,6.428009617760686,5.328809738799785,39.34014212440349,9.388281661224033,9.543490657123755,0.9987186642539689,0.001656537534845753,NGC 4808 TR1,0.0
WALLABY J125752+034320,194.4706797749814,3.722291327336418,101.52268942926023,5.76525387856926,4.964525148902189,-78.9144707706283,9.206975694487761,9.362461824409618,0.9999976920415322,0.001595691093746619,NGC 4808 TR1,0.0
WALLABY J124957+040438,192.4910961142583,4.077416689639204,145.41677464050812,5.421924913630138,4.893119937648903,-9.05908381140084,9.512016993211112,9.667916752412557,0.7669543242607977,0.00210314508097309,NGC 4808 TR1,0.0
WALLABY J130237+044721,195.6574509958324,4.789177195118865,195.3912860149258,6.132463610606822,5.141383122229308,8.152080034156825,9.767906231556616,9.923846566979387,0.9999051415323312,0.001381351436683685,NGC 4808 TR1,0.0
WALLABY J130125+042810,195.3548696568909,4.469665516933914,101.17391915296824,6.415028622348534,5.3720144886484,-50.00798086644796,9.189886422249625,9.346199116342769,0.9944676730095,0.001590471828185708,NGC 4808 TR1,0.0
WALLABY J130555+033208,196.481834334551,3.535748784062823,187.20694885852225,6.369796981995576,5.718141183815365,72.91441399124065,9.722197569026113,9.878639203489133,0.999999877461404,0.001692933193796107,NGC 4808 TR1,0.0
WALLABY J130544+073310,196.4340725835904,7.552818324762374,265.6854684409026,6.554550492847625,5.006868102013049,-6.440670228471703,10.024903118135704,10.181426185823119,0.9999717552308354,0.001378307159960745,NGC 4808 TR1,0.0
WALLABY J130659+042805,196.7472903508548,4.468116251925033,169.4667791379532,5.985340624471317,5.479176874731257,43.52120585497721,9.632238059085077,9.788884465006598,0.9985081214803848,0.001550475955596404,NGC 4808 TR1,0.0
WALLABY J125556+075542,193.9835076174109,7.928591567389739,178.36754075531408,5.734570634175721,3.980779112804216,-25.99159443239655,9.674206087550193,9.830999170873174,0.9975878727083897,0.001582979279445421,NGC 4808 TR1,0.0
WALLABY J125605+053051,194.0248919002707,5.514225959749903,101.86071461806917,6.961068318803971,4.058634994275157,-20.15890381602537,9.186830371993262,9.343668013462707,0.7611337465354503,0.001510063432365918,NGC 4808 TR1,0.0
WALLABY J130322+073646,195.8437730516504,7.612810865814629,43.90823328061028,8.607025939844148,5.620253957557032,-29.38562830950303,8.449311035588437,8.606537088047288,0.9999988912006263,0.001743829986516232,NGC 4808 TR1,0.0
WALLABY J124959+054921,192.4967574632011,5.82272501348879,8.969202365967332,6.664748043935817,4.913478397133958,45.98996013158487,7.066510301672419,7.223925913620026,0.9999247786970011,0.00219571297872797,NGC 4808 TR1,0.0
WALLABY J125520+050620,193.8373388455427,5.105730437938067,153.20553605449672,6.025588172511871,4.299942906815644,-27.92292139819784,9.52244970387734,9.680402430712906,0.9808196196468816,0.00150151027128509,NGC 4808 TR1,4.0
WALLABY J130826+064302,197.1090262421718,6.71741020570482,211.70720312029178,6.620213791664365,4.233859361175455,-80.33398052380205,9.802346282357428,9.960359609178196,0.9997329888757135,0.001542401839194367,NGC 4808 TR1,0.0
WALLABY J130440+075733,196.1671945150835,7.959241906193213,201.7318867557017,6.296288524749812,4.137248266205241,-3.991900684275521,9.76016620961754,9.91819477490936,0.9974146408588455,0.001572912350987422,NGC 4808 TR1,0.0
WALLABY J125718+045929,194.3261254168258,4.991512970564355,12.628493244035244,6.838620873070088,5.005390826145576,-84.89373349006013,7.352416485615985,7.5104984574777625,1.0,0.001682756665852958,NGC 4808 TR1,0.0
WALLABY J130623+052247,196.5998240350766,5.379889762738421,186.70749530694732,7.306570727778415,4.366478122670655,57.01042563885517,9.691777275354244,9.84987458808726,0.9847661380319253,0.001474961910328401,NGC 4808 TR1,0.0
WALLABY J130216+063321,195.5682380715707,6.555965768662618,49.999389644649,7.22050368453709,6.075752024363513,-43.06919608220166,8.543363116416192,8.701698129336151,0.998758257808558,0.001657642245876776,NGC 4808 TR1,0.0
WALLABY J130119+053553,195.3303004771067,5.598220615797876,367.56811358995253,7.807092535222903,6.872898774864469,-59.53141419799204,10.27504926595214,10.433446994760285,0.7811154275150575,0.001868905436761682,NGC 4808 TR1,0.0
WALLABY J130620+040901,196.5871582308659,4.150385354093191,100.55957448161257,6.132417129528604,4.75968755866239,-84.2697273437832,9.148111917246064,9.306575244620204,0.9396666157804303,0.00166187451197969,NGC 4808 TR1,0.0
WALLABY J130131+050335,195.380902836821,5.059713014429193,193.86050552926292,7.81654062740447,5.089615203720381,17.45940789660094,9.71746476112307,9.875974194134194,0.9999859211527465,0.001404297426531244,NGC 4808 TR1,0.0
WALLABY J130438+034245,196.1601212939516,3.712608060701789,162.6889316940442,7.420861999598094,4.007014124389685,50.68127757123804,9.564578830630355,9.723125158571051,0.9961204775525196,0.001669772924010259,NGC 4808 TR1,0.0
WALLABY J130903+065753,197.2635693549028,6.964764987996512,196.12123305707658,5.282316302794933,4.782084037895878,83.24273095674056,9.719762265845477,9.878732192484943,0.9998011255677797,0.001625941242038338,NGC 4808 TR1,0.0
WALLABY J125134+055147,192.8942096507674,5.863319171801239,208.61136972267892,5.903699194588828,3.870736256024461,83.58788846074638,9.766370519329055,9.92575690599399,0.9771439232623473,0.00160767584059712,NGC 4808 TR1,0.0
WALLABY J131041+053553,197.6748514752886,5.598235483385067,252.0399658777391,4.695502326026239,3.714985626970897,35.65684658441268,9.925419953958793,10.085116105669025,0.8843248838029535,0.001797811271203455,NGC 4808 TR1,0.0
WALLABY J130727+082924,196.8646482139041,8.490214570229385,233.85433703467598,4.139253401005424,3.944800235079247,50.12796606501001,9.857173366729938,10.017059743220203,0.9531297378736354,0.002392368111620978,NGC 4808 TR1,0.0
WALLABY J124937+074725,192.4049808079233,7.790540029347391,234.9691582459483,6.634455546024717,4.061583092549193,-21.48237957816161,9.845147023771114,10.005996300195132,0.8071318733711952,0.002201685287680545,NGC 4808 TR1,0.0
WALLABY J130646+070404,196.6938468515985,7.067973456225514,244.05907416313696,7.251053230931451,5.354154672136749,-33.11779298332353,9.876130798875602,10.037098570406757,0.9000834508153522,0.001369068095960257,NGC 4808 TR1,4.0
WALLABY J130153+052307,195.4739843823862,5.385378408805984,207.8174417093796,6.075557057299045,4.314006895783104,58.58257685290178,9.731198439753923,9.89248332182647,0.9950032525166519,0.001313021594517828,NGC 4808 TR1,0.0
WALLABY J125431+050959,193.632090967897,5.166568987138748,280.47130179229583,5.964843960544728,3.389004968900949,29.03897129412348,9.99046668228526,10.151820014598135,0.9949192558253,0.001409766052495572,NGC 4808 TR1,0.0
WALLABY J130504+071549,196.2699700148136,7.263820372792376,263.39552490945664,6.067057012706052,4.554888929051293,76.96725523378522,9.935180093337845,10.096576880806909,0.9998553954479004,0.001371760489296821,NGC 4808 TR1,0.0
WALLABY J130216+060128,195.5693146161167,6.02465970342411,210.61109288021638,8.433340804567433,5.891740768987133,-30.53944134844081,9.737003393582672,9.89863491051126,0.9990181643346332,0.001344215290818115,NGC 4808 TR1,0.0
WALLABY J130609+040911,196.5405975528755,4.153210932040762,170.3547255879307,6.036937974734474,3.935684879807048,29.34437857300128,9.552073027489463,9.713745033773202,0.9323276027006527,0.001564000273167431,NGC 4808 TR1,0.0
WALLABY J130512+034927,196.3031694911503,3.824374992120449,206.20563890652357,6.371268115749048,3.970618538180595,-71.2622297948623,9.714746721134059,9.876611539955153,0.9997830243761116,0.001573980816519418,NGC 4808 TR1,0.0
WALLABY J125716+060334,194.3202685040085,6.059514278757795,205.28431292809137,5.305578727816489,4.179783266085375,4.809036985804312,9.694666573062667,9.857503204367182,0.9936263779256462,0.001432969860029654,NGC 4808 TR1,0.0
WALLABY J125303+070944,193.2655461020801,7.162284844510796,217.16214592785272,7.673862874647048,5.620861473685248,-87.39430636332465,9.741895564841235,9.904830084825802,0.8746418366066294,0.00154046753772969,NGC 4808 TR1,0.0
WALLABY J130345+044031,195.9383387072368,4.67532582256565,272.59518457461616,6.568004898697911,4.863642466615707,-82.79892131562409,9.938340788531665,10.101336840450575,0.9978628137105556,0.00128777833042249,NGC 4808 TR1,4.0
WALLABY J125211+043045,193.0464192952799,4.512614208327101,276.0070176777949,8.198170197590036,4.81401647771365,-29.59834250701558,9.94621897223218,10.109391095176358,0.9802520135353187,0.001564537828437506,NGC 4808 TR1,0.0
WALLABY J130739+075909,196.915287541715,7.985940934714646,86.44026402023306,6.757041043432436,4.664730721340606,-49.90783258679233,8.936431914952802,9.099687064482136,0.9271944350996312,0.001949268612006497,NGC 4808 TR1,0.0
WALLABY J130904+081148,197.2669371994904,8.196916480601656,101.95615454472694,5.443576224183472,3.81146634854781,-64.1413209193445,9.07933336283077,9.242618217635558,0.973255620881113,0.002043992167666534,NGC 4808 TR1,0.0
WALLABY J125653+080960,194.2218038593214,8.166654946817138,36.00359571543404,5.066896486768795,4.581068168558407,-11.92652624627829,8.173584600062199,8.336966650977446,0.9990243047650229,0.001591324460400887,NGC 4808 TR1,4.0
WALLABY J130535+051140,196.397698989546,5.194619989003242,187.44414301107622,5.187971859778734,4.417495007901849,-63.75200513460761,9.604085113712067,9.767620918195492,0.9891568334844439,0.001308570819835072,NGC 4808 TR1,0.0
WALLABY J130813+034746,197.0565003559996,3.796204925222519,85.22475756064365,5.980530259204287,4.710287169827985,-23.94884957776706,8.917166828902255,9.08084167287132,0.9999962892072859,0.00182211284271458,NGC 4808 TR1,0.0
WALLABY J125507+040229,193.7816442298976,4.041481801338374,206.74757469014799,6.768501013828948,6.499392356299698,85.32418518963576,9.685609161194748,9.849362835202884,0.9670154278457048,0.001549502332453525,NGC 4808 TR1,0.0
WALLABY J130813+053320,197.0545332161709,5.555655545145839,202.53039442326445,7.558160645449864,5.601246029143621,10.72468674581324,9.662426522256768,9.826499020261622,0.9638975334866696,0.001517427309584663,NGC 4808 TR1,0.0
WALLABY J125119+053108,192.8315245712401,5.518948134599279,204.81355559526293,4.951042511640333,4.016078953167882,25.50690161634176,9.661614794799997,9.826325069220841,0.8784917395203019,0.001573996177707101,NGC 4808 TR1,0.0
WALLABY J130116+045403,195.3180434743714,4.90094037187806,205.57644636772514,5.34940260610227,4.484192403175953,-62.09205669790657,9.66399279092137,9.82875459879362,0.9945028552358951,0.001446907850933014,NGC 4808 TR1,0.0
WALLABY J130338+075404,195.9097467688156,7.901185902460026,197.51621510092374,5.758842521640408,4.138850077379816,-38.8881458982614,9.625429818803134,9.790423087801566,0.7943821299091944,0.00157675307940205,NGC 4808 TR1,0.0
WALLABY J130139+072923,195.4128077157483,7.489769360827925,261.8495521421176,5.439382990005265,4.23906847021173,-89.20237230427188,9.869155160033452,10.034219497174195,0.9268441135008776,0.00134705059497941,NGC 4808 TR1,0.0
WALLABY J125647+055350,194.1974258928433,5.897395101697982,203.72064947660473,5.30112481518585,4.449456123942917,-66.86940493534092,9.650395031655068,9.81550340449677,0.9745453969859832,0.001380827516625148,NGC 4808 TR1,0.0
WALLABY J125121+063829,192.8412619534736,6.641503386355568,214.23398297625994,4.734376594288024,4.510825235544505,-41.92877083675442,9.692247625905846,9.857468398871994,0.9153784047022981,0.001655270323160765,NGC 4808 TR1,0.0
WALLABY J125443+050110,193.6805639079276,5.019579402429274,152.36900242096124,5.973419603487002,4.888242886888598,85.38079818499025,9.390210999132346,9.555799052515432,0.714700739943757,0.001484109583892059,NGC 4808 TR1,4.0
WALLABY J130143+040835,195.4314096746711,4.14304955700825,160.1795768933809,4.929500924777567,3.94377754386819,53.50841899055305,9.433193550755988,9.598808227902694,0.9942708088978317,0.001432490254408616,NGC 4808 TR1,0.0
WALLABY J125603+045202,194.0145130641613,4.867470533228871,19.62626665196087,5.833590842500064,5.684078655248057,-4.230494413918123,7.605149096949457,7.7710374877479165,1.0,0.001512814897236014,NGC 4808 TR1,0.0
WALLABY J130412+043057,196.0537851062173,4.515874100787283,178.538329457182,4.833460665447893,3.950113280482425,-79.70936510086754,9.522883100289334,9.688774742597015,0.993700603044486,0.001336021866315118,NGC 4808 TR1,0.0
WALLABY J130143+031600,195.4296407132024,3.26676126092536,206.04598775034935,6.323028021747584,4.565866558506519,68.72073009009384,9.646505981439867,9.812448835469668,0.9233757717578911,0.001762409601914481,NGC 4808 TR1,0.0
WALLABY J125822+043843,194.5948019891553,4.645522079304242,105.24508727638235,7.246361693043775,4.226186969713163,57.63066586441472,9.059592927581264,9.225741837239068,0.8632206320610919,0.001448466105345299,NGC 4808 TR1,0.0
WALLABY J130349+072123,195.9544034849362,7.356423222662293,85.60850129220755,5.853881281603639,3.614725665236701,55.69128643421219,8.876271348191503,9.042660756281824,0.8737850651206249,0.001578357374227979,NGC 4808 TR1,0.0
WALLABY J130813+064248,197.0572239710904,6.713489201807413,194.39676074746671,7.17489480501806,6.42468109436749,-7.137494894464638,9.587073196724326,9.753556529323285,0.9867177097004624,0.001582848364154892,NGC 4808 TR1,0.0
WALLABY J130312+080017,195.8031797696131,8.004762152610619,252.14453375559833,6.015023990822028,4.790089980331682,-74.92203370935752,9.80796262632373,9.974752572933292,0.9999998379230309,0.001535417676727321,NGC 4808 TR1,0.0
WALLABY J125103+072753,192.766219289885,7.464919454453462,216.84320660294952,5.701328723719858,4.352461597978414,-84.05311624474591,9.670502638613655,9.837686261468553,0.9519997068216303,0.00177424686410347,NGC 4808 TR1,0.0
WALLABY J125631+071846,194.1299502641753,7.312806953630737,183.57520319143427,6.272887436706657,4.302307251041897,8.373296849991448,9.524189916757429,9.691474240460048,0.7630648726316102,0.001418431056830537,NGC 4808 TR1,0.0
WALLABY J130659+045802,196.7488113544441,4.967483556772404,183.48185498518998,4.825444703231855,4.645948466554087,16.04210499417707,9.516406308483344,9.684139375108002,0.9549201887011772,0.001430598670853504,NGC 4808 TR1,0.0
WALLABY J125500+051140,193.7512234919725,5.19446279384593,282.000480800024,5.249675563235481,5.017289407369105,89.41814721350123,9.887022970264091,10.054921043294051,0.9850686645692479,0.00132696320997109,NGC 4808 TR1,0.0
WALLABY J125343+040920,193.4300686105277,4.155657092317884,10.904099666985388,5.356673721817266,3.894951688733493,-48.69842332423621,7.0553728738637655,7.223658630742214,0.9999999996968646,0.001816241071872397,NGC 4808 TR1,0.0
WALLABY J130247+052059,195.6989233474241,5.349901899619439,169.48387811854442,7.100603411494764,4.945130470502679,-52.33728426648103,9.435735336908358,9.604187507331337,0.9328692846781494,0.001420280699165347,NGC 4808 TR1,0.0
WALLABY J125636+030211,194.1512747026559,3.036499635686831,269.1708636343144,5.270237262983091,3.65678684237552,83.17983506527902,9.837314804508406,10.005780455912971,0.8318170082381012,0.002268526906916164,NGC 4808 TR1,0.0
WALLABY J130147+053426,195.4487922356312,5.574003644306859,233.09740048611553,6.157124711417135,4.360326450544665,79.3566797253761,9.712130916179813,9.880608995192441,0.9999999999859774,0.00137916177704849,NGC 4808 TR1,0.0
WALLABY J130419+081330,196.0796926630499,8.22510452188931,252.2322500745954,6.996450655971377,4.283019319310935,56.87635523025213,9.780572244298424,9.949055538448482,0.9533915741042789,0.001837419144355568,NGC 4808 TR1,0.0
WALLABY J125513+080246,193.8050669971447,8.046370169133008,39.24238623170463,7.201503182215509,6.187086029234755,-47.94071675618028,8.161763959487203,8.330413980963662,0.9998235228842102,0.001843538765372041,NGC 4808 TR1,4.0
WALLABY J125834+054735,194.6451961607791,5.793220269142166,165.64947500106237,8.368778359146425,5.272171289263738,-72.85476130400909,9.410148243641409,9.578950789751252,0.9974584374124802,0.001438273612122817,NGC 4808 TR1,0.0
WALLABY J125821+045311,194.5893422287625,4.886586005395626,155.51507449551383,6.136199927727493,4.671649407098205,5.186824216315699,9.348487901320695,9.517709773581677,0.8638034710123386,0.001384221519264283,NGC 4808 TR1,0.0
WALLABY J130034+052831,195.1452486719551,5.475410915383446,230.695776519757,7.557666504445754,4.748633454774507,35.49373290687086,9.673323542168596,9.843635582076073,0.9736039044547083,0.001425311186085498,NGC 4808 TR1,0.0
WALLABY J130658+065934,196.7452459190906,6.992929634246249,296.90007712807716,6.163847833807228,4.703471518944177,-43.8773246102861,9.8892904939407,10.059798490441747,0.9055642155069221,0.001460396397648454,NGC 4808 TR1,0.0
WALLABY J130510+053040,196.2918391483547,5.511241463102976,103.97055387341933,5.156488457874061,3.69170780595744,49.89215422677023,8.97156371824325,9.142462664539183,0.9914273038198795,0.001557420420612137,NGC 4808 TR1,0.0
WALLABY J125646+034002,194.1919049685518,3.667352128846241,39.92312021259635,10.30224256461069,5.053254944100393,-80.6923874677244,8.138120093475125,8.309147177228581,0.9018145408761524,0.001702853155385437,NGC 4808 TR1,0.0
WALLABY J125939+045140,194.913490687618,4.861166732170974,191.38888054426508,5.249677494648519,4.378220829785578,-78.401970436504,9.4963247176582,9.667548567791044,0.9786147826728298,0.001416613517652006,NGC 4808 TR1,0.0
WALLABY J130122+042728,195.3418198413353,4.457960902657603,209.20864522010638,4.724945089243829,4.501739502584726,-39.7927678130058,9.570213593430383,9.74165026992626,0.7340785905642454,0.001528411508064438,NGC 4808 TR1,0.0
WALLABY J130026+070758,195.1090630471368,7.132835513467483,240.28782857454988,4.772790001576686,3.688637302710571,62.76576328419019,9.687961213477044,9.859556304502203,0.8037442380289436,0.001410496528749153,NGC 4808 TR1,0.0
WALLABY J130901+072007,197.2565860824336,7.335531829861735,91.06661298817339,4.909799627736477,4.356094505631763,69.87498798542225,8.844390611993099,9.016036865746742,0.8423057244452898,0.001728787155133638,NGC 4808 TR1,0.0
WALLABY J125334+060947,193.3928624733691,6.163236658481942,192.3081396050859,5.732061619337231,4.555810481806164,-78.96813925566273,9.483631184589122,9.655900227256254,0.8590187025228889,0.001500372162615679,NGC 4808 TR1,0.0
WALLABY J130130+064803,195.3764437747744,6.801059310352048,269.0933852233729,6.070697069636241,4.436433764094565,-49.63489440991563,9.773620809050971,9.94600299496362,0.8861654212378083,0.001373453887641188,NGC 4808 TR1,0.0
WALLABY J125952+033800,194.9679524409293,3.633396147127939,14.76801344560304,4.544273302260316,4.089182219069799,-26.51747930043621,7.243936067413758,7.416848346759496,0.9754396901361515,0.001649539133075518,NGC 4808 TR1,0.0
WALLABY J130738+041709,196.9100165663692,4.286081474645817,104.59368782334556,4.447736924281713,3.704847446783763,-26.82651654171018,8.944295485881169,9.117208220985196,0.981168886800565,0.001645879718454826,NGC 4808 TR1,0.0
WALLABY J130950+062601,197.4621705754511,6.433633603102503,166.91889532897693,4.644103249560616,3.612263611130084,-11.22995205588626,9.348595266046429,9.52161386374377,0.7656552324479285,0.001722227323901616,NGC 4808 TR1,0.0
WALLABY J130715+041132,196.8128716828137,4.192266911298784,271.4886530910423,4.389847096220926,4.06874439517476,-80.87402260531246,9.77034679011616,9.943411525601,0.7971204059762861,0.001483603268790192,NGC 4808 TR1,4.0
WALLABY J130012+054417,195.0528538078623,5.7381712416649,207.62919724721712,5.934348416343879,5.27032846383776,79.1372031661445,9.536483430967214,9.709606521381803,0.7669243584633263,0.001237450419439455,NGC 4808 TR1,0.0
WALLABY J125419+064115,193.579481193714,6.687628028435333,51.95077480053546,4.439829988640489,3.866295875829417,-10.16804784819699,8.325957786620375,8.499525546124469,0.8098559805021878,0.001625073852727127,NGC 4808 TR1,0.0
WALLABY J130406+044139,196.0257065649235,4.694361647405019,194.9330380933992,4.432977534976891,4.333817303683001,1.625837852693792,9.470484665855219,9.644305819359925,0.8093929277692229,0.001406588918758941,NGC 4808 TR1,0.0
WALLABY J130342+055733,195.9275536010416,5.959250139083627,267.3961192761557,5.140406644354413,4.378837111144241,39.35582567895742,9.743431768518663,9.91735235368122,0.9419048500345711,0.001326293401778974,NGC 4808 TR1,0.0
WALLABY J125413+065150,193.5544885978524,6.863947640958636,295.796797270404,4.331886871078142,3.817614591536136,-59.01190130424521,9.825396103019653,9.999673693710307,0.8175097057016663,0.001396587577394417,NGC 4808 TR1,0.0
WALLABY J130445+062514,196.1879960806795,6.420591216628842,203.90313484196912,6.898167966912757,6.121000605846937,50.94912436051331,9.499778322027215,9.674210951011244,0.8446641466724804,0.001290297133708362,NGC 4808 TR1,0.0
WALLABY J125716+052221,194.320120621628,5.372598022852637,159.36494876536315,5.164500413175009,3.690800619081133,-36.38396585442574,9.285419454070356,9.459870645436943,0.9653172310584356,0.001389119062871936,NGC 4808 TR1,0.0
WALLABY J130844+044424,197.1837811521119,4.740100314997265,187.62236521024326,5.338627724848914,3.779724802523122,-13.29731218905684,9.416498206368694,9.591619930452687,0.805003895701606,0.001629989260187871,NGC 4808 TR1,0.0
WALLABY J130721+070242,196.8416231261257,7.045078765598505,293.83988674230744,4.84574911265233,3.791087520391455,-23.75775162224473,9.790585552953473,9.96668487384731,0.8875325203285506,0.001382310949971587,NGC 4808 TR1,0.0
WALLABY J130305+070136,195.7717524645209,7.026713008827969,235.0914987857051,4.518139041097641,3.499950725976132,48.33164762529839,9.587882225643195,9.764545447791628,0.9033261868232989,0.001382510170768018,NGC 4808 TR1,0.0
WALLABY J130228+063639,195.6173050777498,6.610869265015239,294.4704872571071,6.182511068485832,4.99868360909623,-15.11935734105204,9.774708233420915,9.951925532095855,0.8630893362816792,0.001325098681092037,NGC 4808 TR1,0.0
WALLABY J130043+071159,195.1828986148411,7.199890515023343,239.79255882130062,4.666043172688382,3.950495852310044,-70.16949673526747,9.590823167415843,9.768386201839903,0.8008405390449274,0.00149573411952129,NGC 4808 TR1,0.0
WALLABY J125811+045429,194.5481800209102,4.908211644619094,152.61550850406502,4.5108936777411,3.202274101701942,73.41126964690393,9.193751513047811,9.371605285215026,0.7128188677507458,0.001387755067074668,NGC 4808 TR1,4.0
WALLABY J130254+055411,195.7254639328464,5.903291038480314,41.31278747375926,5.745389001171074,3.62957799941789,-48.81975465390309,8.05295366612572,8.231172671455111,0.8310807639766553,0.001625009646414567,NGC 4808 TR1,0.0
WALLABY J125814+061724,194.5608884633553,6.290199043742475,50.72090850252904,5.751201476114461,4.755163136488261,-40.61376986078087,8.225086731462662,8.403690580228643,0.8996452623703275,0.001497939226642975,NGC 4808 TR1,0.0
WALLABY J125753+065307,194.4737256982105,6.885347357479502,294.83240160306,5.900504243698874,4.54510302434282,61.32799567817656,9.74441350728904,9.92361721833387,0.7665816116416548,0.001365512671402246,NGC 4808 TR1,0.0
WALLABY J125941+054304,194.9218334740973,5.71788087481727,271.6251824826232,5.001703721237969,4.290721919433492,74.8178392779746,9.65689886913153,9.837140288391412,0.94474233378308,0.001296021290440822,NGC 4808 TR1,4.0
WALLABY J125443+080310,193.6829960314017,8.052875467120604,35.96011237187178,4.35829733319155,2.465123763252616,67.93321572476043,7.8996726180892685,8.079973222851944,0.8467086470233213,0.001810507206524127,NGC 4808 TR1,4.0
WALLABY J125909+063848,194.7878042187332,6.646669017067532,218.68376654037158,5.383982539415324,3.862286721242874,-29.38576490416512,9.46757057957344,9.64787711618068,0.8560002738100582,0.001338182702148707,NGC 4808 TR1,0.0
WALLABY J125937+070246,194.9062576940751,7.046358440933668,260.4467478211136,5.756843801154211,3.712957260016118,-60.93853482609615,9.616005782674243,9.796527252846468,0.7633881635366095,0.001432516532395409,NGC 4808 TR1,0.0
WALLABY J125441+050734,193.6741934322853,5.126149963914346,179.82086524821628,4.062125138862941,3.234676833062343,-8.204414215255028,9.293412386419488,9.473987184671877,0.7391769251139598,0.001612251834849129,NGC 4808 TR1,0.0
WALLABY J130401+045203,196.007018303548,4.867658918532734,272.04577522549425,6.037387406679574,4.156276839982805,65.58555573552997,9.652739808232836,9.833332245381685,0.7200381570222375,0.001420549649397999,NGC 4808 TR1,4.0
WALLABY J125308+081035,193.285961300674,8.176526063521193,212.0102361002386,6.559232744916149,4.921967828542591,-71.9756300681013,9.429272626429565,9.61030554559534,0.9182866807860639,0.001837866344774501,NGC 4808 TR1,0.0
WALLABY J130214+055401,195.5610478383562,5.90032174116406,209.99318346234614,7.813429842454063,4.456991684367903,-80.43367014914685,9.414110766052698,9.595582331108307,0.7307917485256527,0.001328322890827998,NGC 4808 TR1,0.0
WALLABY J130436+045341,196.1504604607453,4.894761848468598,206.14239007157298,7.0065319216392,4.579435497687858,54.48526400176932,9.387219182117414,9.569383711448632,0.8046740934833052,0.001349161118608399,NGC 4808 TR1,0.0
WALLABY J125339+040434,193.4163002980719,4.076202169031759,12.669839249570481,3.991958686823021,3.481008464623603,36.64845285764579,6.946755567415879,7.1300555345454795,0.8768067004541309,0.001899506821198722,NGC 4808 TR1,0.0
WALLABY J130209+060100,195.538307958686,6.016861538248732,209.37351313889735,5.646275104272866,4.152726376759897,51.82834930879696,9.372739298636352,9.556704059539749,0.9605409854795468,0.001338501187896695,NGC 4808 TR1,0.0
WALLABY J130400+040855,196.002601226309,4.148743438916148,274.1838238186352,5.175329509899916,3.941086102771712,41.09858438537313,9.60435049662217,9.788484871993344,0.7555061482762631,0.001450216762948246,NGC 4808 TR1,0.0
WALLABY J130242+032114,195.6790635435889,3.354074528610954,297.5042056929537,6.236347428341491,3.206233547115988,-20.8926116011087,9.595996108108219,9.785285773611527,0.7976082076248365,0.001794693640494391,NGC 4808 TR1,0.0
WALLABY J130309+073306,195.7891828619262,7.551678801261337,206.63135210913953,3.623262710940338,3.523624854742896,-30.47362259644228,9.214701603483226,9.40825980500802,0.7170394747500126,0.001605178784610663,NGC 4808 TR1,0.0
WALLABY J130011+065105,195.0497447673951,6.851392174905001,139.80927669994924,5.596881065188915,5.194359818159734,-37.37679615831061,8.875325838104512,9.068887711728326,0.823460864931552,0.001445566724319655,NGC 4808 TR1,0.0
WALLABY J125822+041824,194.5935303877118,4.306875213085506,203.5889436602355,4.080324501147327,3.138861161570613,-74.17863969565897,9.19925253144474,9.392981068663424,0.7424947777492591,0.001414832526018327,NGC 4808 TR1,0.0
WALLABY J130240+050621,195.6667146866658,5.105916683700594,206.838692747534,3.963639985795229,3.120621791890904,12.23977930483892,9.167921552308469,9.364657993246396,0.9211787044282616,0.001565234691305681,NGC 4808 TR1,0.0
WALLABY J132018-214925,200.0787965011531,-21.82383035046134,24.247418989413056,87.40958421044988,11.49135153752995,72.83543739381619,10.091743637920288,10.151860719180965,1.0,0.007557062966991139,NGC 5044 TR1,0.0
WALLABY J132018-242610,200.0786909560408,-24.43633235591475,27.922326479684482,59.39547791054314,37.60639036961017,36.00416921059036,10.085883825331425,10.15009880507565,1.0,0.008949586733554303,NGC 5044 TR1,0.0
WALLABY J132441-194214,201.1744568865921,-19.70404144652511,28.313972262684512,20.30928641347478,10.66141596875054,2.358496564976747,9.490368744594457,9.57685478266525,1.0,0.003647007958973427,NGC 5044 TR1,0.0
WALLABY J132043-220256,200.1819191831189,-22.0488982468202,29.892436288395004,17.83334744881016,8.57052444786907,-16.85960372075094,9.534523708052868,9.621130139671758,1.0,0.006980885528739151,NGC 5044 TR1,0.0
WALLABY J132433-210813,201.1384445438695,-21.13719070934903,38.072117241106675,30.14869710238095,15.3738280200953,-35.29440778046059,9.472767427647664,9.570890017674992,1.0,0.002248467784767205,NGC 5044 TR1,4.0
WALLABY J132635-221419,201.6492436957658,-22.2387729538197,20.371480607869813,14.46487806247115,8.249382983641622,80.63485958376401,8.910856917996863,9.009808570553528,1.0,0.002141435602833229,NGC 5044 TR1,0.0
WALLABY J132519-210812,201.3325603542398,-21.13691918697219,24.932876704797227,30.15307438222243,19.19415364362418,6.860706443891104,9.05937015421313,9.159523540475364,1.0,0.002093088163176726,NGC 5044 TR1,0.0
WALLABY J133541-240428,203.9220967574722,-24.07448820607754,36.87475233910438,13.36295835284164,5.124494340523503,-44.3535867651544,9.352424082056444,9.454686490614819,1.0,0.002180829800138704,NGC 5044 TR1,4.0
WALLABY J134002-252831,205.012446592053,-25.47530390468324,73.48979501743784,10.23336711287187,7.073002847152249,-55.90017703864724,9.876648884065688,9.982335181925253,0.9999999975533298,0.007561451779130322,NGC 5044 TR1,0.0
WALLABY J132402-243938,201.0114532599365,-24.66071131301737,29.247972216974212,16.71403186491061,9.89086247871969,-45.68387124306643,9.054191710786132,9.160908215761943,1.0,0.002825620313241795,NGC 5044 TR1,0.0
WALLABY J133348-244525,203.4513634065274,-24.75713538443222,66.19350342718784,11.33821289260637,5.534171558854092,83.23952852217049,9.708181619675488,9.817499670514005,1.0,0.002191290337456363,NGC 5044 TR1,0.0
WALLABY J132529-201001,201.3741561193723,-20.16718711990879,115.70442636229757,14.60138505645106,11.48291625479029,24.65212774025588,10.18214166171305,10.29198569537896,1.0,0.002175933982507196,NGC 5044 TR1,4.0
WALLABY J134321-251560,205.8382038629939,-25.26665875033205,77.8732031759839,19.07482073732793,6.461294385356203,-75.48852433620664,9.831659175808792,9.941814486169926,0.9999999999710679,0.005048318670086136,NGC 5044 TR1,0.0
WALLABY J134019-235122,205.0827368045072,-23.85617436673001,92.99638850821881,11.56040039869938,10.71964612681645,0.9714019695517777,9.960890112117747,10.07223344732923,1.0,0.001852105475365601,NGC 5044 TR1,0.0
WALLABY J133058-215044,202.7428420954531,-21.84581212586704,105.11523490964117,13.36541037198181,6.172978244166842,-8.832280164017675,10.05886435405974,10.170611063927518,1.0,0.001699710584321091,NGC 5044 TR1,0.0
WALLABY J132018-200848,200.078000719577,-20.14669103455996,87.02849977260782,8.038190654321701,4.731207435479462,-10.38479748255256,9.887013481703288,9.99913650514951,0.9998305709273703,0.00896566730809353,NGC 5044 TR1,0.0
WALLABY J133010-240841,202.5428118406122,-24.144752215778,70.60209041412695,12.26195981406626,11.22209155534324,-61.21934164012865,9.689877393108112,9.802743998410802,1.0,0.001971622074243791,NGC 5044 TR1,0.0
WALLABY J133115-250859,202.8137515123197,-25.14974885596296,113.86033095032882,13.53939587024242,11.45413261562141,41.99205698628458,10.088184500907515,10.20186337633936,1.0,0.003139670734033103,NGC 5044 TR1,0.0
WALLABY J133439-234044,203.663381310307,-23.67891032440821,37.091457306775844,9.849299298353118,6.805363048514182,-5.309929442569469,9.101810282024559,9.21608009821894,1.0,0.002104540187490355,NGC 5044 TR1,4.0
WALLABY J134102-231256,205.2601073603433,-23.21578122664715,99.84382720359265,10.00112149340052,6.442417015759429,36.87215956447741,9.948262073956355,10.063196230000905,1.0,0.00181727631236362,NGC 5044 TR1,0.0
WALLABY J133209-245132,203.0381455306558,-24.85891157318506,111.19662760436987,12.51444123535579,5.117212809704122,-31.12479526939136,10.033563409164358,10.1488999493398,1.0,0.002245875713794016,NGC 5044 TR1,0.0
WALLABY J132050-232904,200.2110000350682,-23.48444552024013,29.39229376651072,10.46547563213922,5.860238955780551,-48.92169176850857,8.873816641734239,8.989350336485112,0.9999997293282582,0.006192575266522058,NGC 5044 TR1,0.0
WALLABY J132508-194605,201.2856577376805,-19.7682454435364,74.09533731139628,8.062137679180696,6.262085885387019,-88.59744935884652,9.651025145865082,9.767831056400208,0.9999999999998742,0.002806433499436056,NGC 5044 TR1,0.0
WALLABY J133949-220132,204.9582798747381,-22.0257109405107,83.35628105574938,8.508481852406591,5.12054461375332,58.80945645628725,9.75074926921884,9.867681898566868,1.0,0.001751473644467934,NGC 5044 TR1,0.0
WALLABY J133825-214905,204.6050997334085,-21.81817555475902,83.64242893973966,9.30106817407031,7.32984943683553,-15.79394836559408,9.719887018057392,9.838495578417438,1.0,0.001731339873850743,NGC 5044 TR1,0.0
WALLABY J133801-225524,204.5061923400933,-22.92350747073549,99.55442674381575,14.6254370494989,7.571852780697054,59.60783407118171,9.869879902757308,9.988551898136489,1.0,0.001752912590779259,NGC 5044 TR1,0.0
WALLABY J133138-232047,202.911792294971,-23.34663062733414,107.27953054026095,8.343093907475751,6.531539505294043,-69.2943574719277,9.930591114767891,10.04947228995598,1.0,0.001790135510095473,NGC 5044 TR1,0.0
WALLABY J132500-240035,201.2509277789711,-24.0098516933332,105.6508541552344,13.66411219003909,6.082850869328047,65.08598013509538,9.90988603878594,10.029137069886126,1.0,0.002103611698623644,NGC 5044 TR1,0.0
WALLABY J133208-225710,203.0342261947739,-22.95301892133731,72.21697835951528,10.16184536259627,5.862249923735112,60.06569542081277,9.577902200480443,9.697228934117929,1.0,0.00189714758440737,NGC 5044 TR1,0.0
WALLABY J133017-214446,202.5711294938374,-21.74633973336162,104.3366665741126,7.721461123098356,5.32620152095154,-84.55414179078494,9.894449033314249,10.013928038630615,1.0,0.001742390522412064,NGC 5044 TR1,0.0
WALLABY J132202-201335,200.5115526201652,-20.22642656138139,26.8935401132884,9.93337654609713,7.752324312890908,75.2501598997067,8.704269134684115,8.82437888626144,1.0,0.003903938148563069,NGC 5044 TR1,0.0
WALLABY J133949-221815,204.9577889517454,-22.30429754505186,81.92664003698296,9.00308633464123,5.201941139387257,-50.44343751640677,9.670034909526949,9.790234345864992,1.0,0.001708236733875265,NGC 5044 TR1,0.0
WALLABY J133035-211808,202.6469375589221,-21.30234346017203,83.36694460204309,15.31656723948949,7.010143887893247,-38.88629485833012,9.683668525066292,9.803943403519622,1.0,0.001749035875762026,NGC 5044 TR1,0.0
WALLABY J133035-223035,202.649032688557,-22.50977563781934,78.53748344807545,10.28325621688462,8.17759113947945,38.32708494789202,9.631417929233105,9.751713721269832,1.0,0.001872603426949195,NGC 5044 TR1,0.0
WALLABY J133242-252831,203.1756351001777,-25.47533375286848,112.22677959161885,8.234522287457166,5.965236621458934,-78.64659861195152,9.93533990159453,10.055942892302484,0.9985795106572422,0.005909770278165956,NGC 5044 TR1,0.0
WALLABY J133253-241226,203.2233269565616,-24.20737406079446,69.55553346154328,9.017138872337725,6.781882861093422,73.21733277169658,9.515580494051207,9.636396186570508,1.0,0.001974879854215754,NGC 5044 TR1,0.0
WALLABY J133811-204047,204.5462937037081,-20.67982544386753,184.5565654693029,8.681236861245756,8.08770403722963,75.11244136522778,10.357235639057986,10.478350447807708,1.0,0.00168200957707899,NGC 5044 TR1,0.0
WALLABY J134455-250226,206.2325963715966,-25.04074949561253,182.41743203393116,12.73453252041611,5.777163120205133,-56.85348654283617,10.342201733128789,10.46356399305493,0.9999999999999124,0.002839538671166516,NGC 5044 TR1,0.0
WALLABY J133440-234722,203.6671470404761,-23.78952666349068,111.42090219616574,12.2835025209123,9.861191643284709,30.74071686205116,9.904329399929116,10.026180303555941,1.0,0.001768121202170492,NGC 5044 TR1,0.0
WALLABY J133256-251035,203.2350082348556,-25.1765555447997,111.51438423254278,14.67064780084634,7.717852585687224,71.07745824964616,9.885761034879021,10.008590345140426,0.9999950580123559,0.003086254188740225,NGC 5044 TR1,0.0
WALLABY J134749-221757,206.9554277135171,-22.29916438400875,187.35606528850286,8.183496605722349,3.921030474926067,75.84060965486934,10.332772683187876,10.455788214207782,0.9866981720002115,0.007731524635635409,NGC 5044 TR1,0.0
WALLABY J133329-211151,203.3744363899783,-21.1977095312297,101.55208427097173,12.29312493505683,6.879842789600047,-7.46445491807529,9.798361826331528,9.921502193332897,1.0,0.001636463569301954,NGC 5044 TR1,0.0
WALLABY J133530-242103,203.8770302910333,-24.35109514710701,110.0712368677563,8.837215428437313,4.836911959777057,-52.64135174584973,9.866841904943279,9.99005813318629,1.0,0.001940595581882462,NGC 5044 TR1,0.0
WALLABY J134247-193454,205.6994477455044,-19.58167971782021,20.232869896998576,8.74575951091625,7.276142931662894,-32.07636478670084,8.393261163589683,8.516597004205309,1.0,0.003380213815720329,NGC 5044 TR1,0.0
WALLABY J133933-222957,204.8909370834144,-22.49928787054224,99.97705278702345,10.6663478667749,7.972536100268632,33.11431575422412,9.777889004785603,9.90138071824932,0.9999999999999526,0.001721595271437651,NGC 5044 TR1,0.0
WALLABY J133041-233009,202.6740169256435,-23.50266473416206,184.38609876480842,10.71668537467946,6.25003608048042,-77.91910727596272,10.309341343750393,10.432843427211596,0.9999966555085974,0.001686182383303741,NGC 5044 TR1,0.0
WALLABY J134034-215548,205.1434163528254,-21.93014515516241,142.07410442642825,9.654668648081358,8.449498380358357,6.836415617757666,10.074438840182866,10.198373645401233,1.0,0.001717071142768772,NGC 5044 TR1,4.0
WALLABY J133610-234710,204.0428411200554,-23.78622100535278,162.4716246589975,11.42338226358831,9.01428297984736,33.05243405445316,10.184450673911249,10.30871863212547,1.0,0.001662777974192312,NGC 5044 TR1,0.0
WALLABY J133310-240706,203.2937173985645,-24.11853141504235,68.28416623210731,9.799261500493444,7.471584414133294,25.75347314172097,9.430086387917035,9.554428549579487,1.0,0.001963379157374862,NGC 5044 TR1,4.0
WALLABY J134147-233627,205.4492825398151,-23.60751678505937,160.76017784808235,9.547187015449593,5.038893891341632,-69.06143437535316,10.168786774011668,10.293385994307016,0.9999988532340388,0.001870253769325442,NGC 5044 TR1,0.0
WALLABY J133842-214839,204.6766745781873,-21.81091724088438,82.69611673989623,7.327921681251934,5.789388212224483,12.64878775987358,9.59106973788304,9.715685895873877,1.0,0.001690386688593121,NGC 5044 TR1,0.0
WALLABY J133212-211202,203.054071306002,-21.20058816354302,85.74430133490596,8.673975337430635,6.122973488379214,14.21684764400283,9.61910681020198,9.74389755637879,1.0,0.001723532507061774,NGC 5044 TR1,0.0
WALLABY J133239-192504,203.1627931975804,-19.41798434079951,78.4396205729984,9.114979093149783,6.137603074091682,-83.6246357905927,9.521178782278255,9.647028918008283,0.9759548905828573,0.004569160076869399,NGC 5044 TR1,0.0
WALLABY J134128-192219,205.3703732156985,-19.37211262078572,110.53067838337655,8.403699315608057,5.463491396153011,67.8582645412477,9.818328506245372,9.944217077480577,0.9895231046877494,0.004682752090035397,NGC 5044 TR1,0.0
WALLABY J132922-221123,202.3453806090817,-22.18996551147226,78.61732048652883,8.80858309542659,4.579596557202708,49.50439604389479,9.519333061944295,9.645379905867168,1.0,0.001803469021003771,NGC 5044 TR1,0.0
WALLABY J133037-205541,202.6571606652281,-20.92807200133253,76.78947175646674,8.52133231272942,4.421297364555298,-87.86867844984674,9.49280297111662,9.619164886711149,1.0,0.001790839880959875,NGC 5044 TR1,0.0
WALLABY J132154-193738,200.4790352023606,-19.62739141551133,74.94217510074986,8.607657391484851,5.838018627815788,56.66860233743334,9.471206202880955,9.59759118490374,0.9999978621900995,0.004443126019473523,NGC 5044 TR1,0.0
WALLABY J132905-205629,202.2724047788683,-20.94149588536663,79.32532431495012,7.887851581149545,5.422086591665063,-68.5439446718282,9.5200140083433,9.646428128265816,1.0,0.001772817496959745,NGC 5044 TR1,0.0
WALLABY J133522-225937,203.8435734839472,-22.99362735408378,35.85146907396637,8.584802384469363,5.750807032328857,-75.55299494437827,8.829845279730508,8.956277968394296,1.0,0.001996210502990062,NGC 5044 TR1,4.0
WALLABY J132415-232043,201.0634540259369,-23.34547537681414,68.1926373057154,11.56428136573687,5.569417151078416,70.4559323522047,9.386974896803334,9.51347647662191,0.9999999999999999,0.002133251628049621,NGC 5044 TR1,0.0
WALLABY J133108-202916,202.7855298962012,-20.48803973231355,96.43640806492324,16.61101671689025,6.082673343946783,31.21269855012665,9.683678134631743,9.81040256102014,1.0,0.001825923970638337,NGC 5044 TR1,0.0
WALLABY J132344-231048,200.9367482658707,-23.18026239747443,68.09833072600557,9.929797330001048,6.231724552601229,62.43024249477361,9.376742603882619,9.503712032679942,1.0,0.002224220063711776,NGC 5044 TR1,0.0
WALLABY J133214-210542,203.0586160077673,-21.09502319848053,82.91755744761208,10.37547933360845,6.761248941424634,-87.6160643475124,9.542987151448619,9.670204420511965,1.0,0.001756559319475292,NGC 5044 TR1,0.0
WALLABY J132929-251945,202.3722137405354,-25.32941669127958,191.24654221789726,10.10717754775639,5.015552555349434,21.58552616658255,10.268136846785962,10.39539277943799,0.9999841400390375,0.003967219165312245,NGC 5044 TR1,0.0
WALLABY J133126-211009,202.8611009046351,-21.16929778573044,76.77033074814388,7.913418222108627,5.749873790296521,18.9295221081409,9.470909398377952,9.59839539413808,1.0,0.001765457503187323,NGC 5044 TR1,0.0
WALLABY J134026-235514,205.1101294198086,-23.92076903824965,281.9739313376452,8.598232892296256,5.505818168021001,-17.08303353306768,10.597838351292788,10.725485706270403,0.9999999999999982,0.001662897066546254,NGC 5044 TR1,0.0
WALLABY J134255-250726,205.7293032037084,-25.12408584595554,78.36606087812302,7.260116910795796,4.701990077549223,67.47379567391351,9.482635565089108,9.61044121534865,0.9999981425157802,0.00357455217083513,NGC 5044 TR1,0.0
WALLABY J132428-201343,201.1190229035326,-20.2287953758511,117.34315370128238,24.44437481094223,6.255443751388482,42.95249688385826,9.833042153574532,9.960860973161301,0.9999999984932338,0.002185636729998793,NGC 5044 TR1,4.0
WALLABY J132427-201307,201.1163586300153,-20.21881911068003,101.25974375252956,7.658923874374218,6.300351647093986,2.014495109422768,9.704662721446866,9.832499121736445,1.0,0.002312128084774043,NGC 5044 TR1,0.0
WALLABY J133929-192931,204.8721094013098,-19.49196566409668,136.00308159513506,11.46615082862902,8.395990658105623,-23.99087882377221,9.953680092391538,10.08189215827644,0.9957964883697994,0.003464746949329257,NGC 5044 TR1,0.0
WALLABY J134319-251610,205.8294205995223,-25.26960265487801,359.5746579157055,18.0692874374827,6.711674438949852,-56.83872689866793,10.796803631859111,10.9250865173071,0.771968262803165,0.004118117635039831,NGC 5044 TR1,0.0
WALLABY J133210-252901,203.0455205585343,-25.48379997463421,145.56234418226177,7.811910020496469,6.526109448948707,51.73252308231545,10.009682607238215,10.138051156405892,0.711776639219678,0.006573591059038516,NGC 5044 TR1,0.0
WALLABY J133600-205437,204.0022880204398,-20.9103371008603,194.62064861697718,8.100097568073382,5.388381267019337,54.33968686110424,10.258888207718357,10.387417331401874,0.9999999915713402,0.001617929778570331,NGC 5044 TR1,0.0
WALLABY J133727-223204,204.3665185657717,-22.53458806368252,130.26314854515343,16.81192237528554,6.757334570790241,-63.76337186038128,9.908898281432263,10.037493006180485,0.9999999999990621,0.001666660989022471,NGC 5044 TR1,0.0
WALLABY J134608-194517,206.5363630748707,-19.75483305656097,375.827016055032,11.14453749674713,4.720775610593607,-35.84344354849926,10.827839106647964,10.9565066045069,0.8508178842895561,0.005436236641202797,NGC 5044 TR1,0.0
WALLABY J132958-211444,202.4935424198571,-21.2455913907044,222.80790933496544,9.652742909527161,9.053392076431226,-20.66154102077938,10.369315100418158,10.498213272288165,0.9998920191438821,0.001610035077388472,NGC 5044 TR1,0.0
WALLABY J133516-223211,203.8195566703875,-22.53644226098165,114.08719172407986,6.729131813531791,6.310427967608136,-62.95257389245194,9.778157720019534,9.907567912644698,1.0,0.001672114642143749,NGC 5044 TR1,0.0
WALLABY J133039-213728,202.6638382140784,-21.62462204745587,102.12099469364962,7.159583691109022,5.51553176536373,71.68567008086457,9.680762370823937,9.810232999477833,1.0,0.001711469228296717,NGC 5044 TR1,0.0
WALLABY J133019-220858,202.5796182260862,-22.14945546617385,78.37943120830921,10.34929671079431,7.27852032364511,-88.09033092573138,9.448449645713131,9.57805083895711,1.0,0.001771424893107888,NGC 5044 TR1,0.0
WALLABY J134243-242004,205.6829829878585,-24.33470674472769,96.36082974446064,8.087209273020742,6.887913176518942,77.84891110665781,9.612855589078135,9.743245517464338,0.9999999994523467,0.002131874816879483,NGC 5044 TR1,0.0
WALLABY J132331-235339,200.8795637184972,-23.89424539976007,179.44861868212035,7.178566700985848,6.263961056721988,79.42197465906915,10.148059630149547,10.278706684451462,0.9999999999999982,0.002211480892688694,NGC 5044 TR1,0.0
WALLABY J132410-235238,201.044314950499,-23.87722032318818,106.93229626686578,7.795835863252906,4.412396581311974,-87.11973773221129,9.695311972228605,9.826121906077725,0.9999999593034993,0.002245054321747045,NGC 5044 TR1,0.0
WALLABY J134539-240853,206.4152058573299,-24.14816246202114,79.8483319894184,7.374301068519065,6.438542995725507,-81.02775930025017,9.431152296440102,9.562516085443539,0.996997887221349,0.002635441819530664,NGC 5044 TR1,0.0
WALLABY J134722-243908,206.8426100191461,-24.65223393783176,101.8377342041233,8.813940847831331,6.921472004471759,-85.60564204670428,9.642420311528676,9.773785039929354,0.927698896006747,0.004746623735821079,NGC 5044 TR1,0.0
WALLABY J133048-251954,202.7040957779569,-25.33180382595446,113.6127045978697,7.574775512584052,6.398913715781607,3.492441276172258,9.72582379646031,9.857805344136079,0.9766032175313859,0.004646374208639327,NGC 5044 TR1,0.0
WALLABY J134308-201304,205.7834950267326,-20.21779851702336,137.3845792504716,11.23653535282241,7.032661775097064,9.870281319649962,9.882095169568375,10.01454186916119,0.9999998939283904,0.002122628590077997,NGC 5044 TR1,0.0
WALLABY J133836-202908,204.6504338658841,-20.48574094680471,9.409486123408186,11.5513089269144,6.668809683162435,44.61036792336159,7.548276815165999,7.680993693102735,1.0,0.001921164369854721,NGC 5044 TR1,0.0
WALLABY J134454-242225,206.2270453901039,-24.37385188524995,183.35239336200573,9.551563702258159,6.083911516530504,-11.53120238187611,10.120261701309524,10.25337619169868,0.9999999997057426,0.002287738661077185,NGC 5044 TR1,0.0
WALLABY J133610-223112,204.0430569838688,-22.52010189181046,121.06889565920308,11.56564771189161,8.874398151045318,-22.54609671488173,9.75804358984622,9.891249373400157,0.9999999990521266,0.001742389055332342,NGC 5044 TR1,4.0
WALLABY J133837-240848,204.6565060879172,-24.14676929835861,78.06087386845154,5.490478705178313,4.749040196944014,-61.81136770987375,9.3759659636265,9.509218702045823,0.9999960920065452,0.001927354410697873,NGC 5044 TR1,0.0
WALLABY J134331-252439,205.8822636963158,-25.41099598540194,145.47641075218937,4.949578149992803,3.871799953147533,-79.00925684292716,9.91638429861658,10.04965305942622,0.5503187176310441,0.006667036097869821,NGC 5044 TR1,0.0
WALLABY J133756-240727,204.4870235718527,-24.12425976209188,130.44770847664518,10.50843124447207,8.093437295833283,43.86122702771945,9.82076928011622,9.954086263867616,0.9999999936121278,0.001884644268024379,NGC 5044 TR1,0.0
WALLABY J133004-221319,202.5182387991725,-22.22215099784138,73.53487809502094,6.473145339915509,4.519475551986047,-70.06702232063623,9.316119784239717,9.449798376277613,0.9999999999997238,0.001867096009671029,NGC 5044 TR1,0.0
WALLABY J133308-233234,203.2866403438583,-23.54299838733667,146.6490944134737,6.756886050938859,5.681348075092904,60.88773583405373,9.911919975819156,10.045800487675551,0.9999844254386624,0.001631476274934809,NGC 5044 TR1,0.0
WALLABY J132118-193418,200.3256470847036,-19.57183636270016,24.084947520095014,5.710167712013553,5.156711622489095,-57.00587132762883,8.33864353878723,8.472749597066851,0.7490284787588373,0.005998173050289927,NGC 5044 TR1,0.0
WALLABY J133513-214851,203.8072605259212,-21.81431877020882,88.48377525312048,18.17425613507875,9.566862168410022,34.13285465056842,9.463503671496733,9.5978981211344,0.9999999999981052,0.001682159478107104,NGC 5044 TR1,0.0
WALLABY J133540-251206,203.9175913188299,-25.20176077243189,145.5042068027069,7.187405778381994,5.660263340687447,-14.8987283493819,9.893494787310198,10.027998381987274,0.9985872337085047,0.003195340368584471,NGC 5044 TR1,0.0
WALLABY J133658-203244,204.2438803404581,-20.54566486793579,129.03419807616677,8.46701945585693,7.221012729261527,-13.85967059938135,9.780000079224036,9.91499581723948,0.9999999998359662,0.001750722327052413,NGC 5044 TR1,0.0
WALLABY J133715-222946,204.3147863119725,-22.49631622217156,81.25246985299368,6.334817733170575,5.084073134145608,-70.68304391067673,9.376601552873607,9.511686768562875,0.9999999999999798,0.001691138523801485,NGC 5044 TR1,0.0
WALLABY J132700-205735,201.7537396908989,-20.9599516521146,68.86012351139807,6.588049023499697,5.177027245600605,-38.17922346627228,9.230237998922565,9.365464662905756,0.9999999999939957,0.001980501876309887,NGC 5044 TR1,0.0
WALLABY J132558-233802,201.4957808244993,-23.63397331758689,193.86850742697666,12.46846501921077,6.312899648323368,63.52606665800515,10.125059633266602,10.260515802685951,0.9999999999905064,0.001884738420023038,NGC 5044 TR1,0.0
WALLABY J133545-231543,203.9414959662284,-23.2621379596397,75.15294510731725,8.183983502688099,6.904072598823458,33.93903807667169,9.301121364804969,9.436621537117507,1.0,0.001760934496402937,NGC 5044 TR1,0.0
WALLABY J133611-234050,204.0473006861277,-23.68080638007306,166.18642093757094,8.761989499926587,5.814225155356568,-36.48560332098138,9.984196624915656,10.120032800243884,0.9999999999392362,0.001701112594742933,NGC 5044 TR1,0.0
WALLABY J133035-205429,202.6462757911075,-20.9083017591151,87.94029784103493,7.879882821035062,4.966452160412611,-53.73600232226016,9.43092560765527,9.566786410786102,0.9999999909602176,0.001747711016473825,NGC 5044 TR1,0.0
WALLABY J133815-211811,204.5628192184717,-21.30313980177113,184.1743648504892,8.469146217768392,6.242535428610748,-84.25017583608447,10.072612079972982,10.208494282136543,0.9999999811521362,0.001592059553640653,NGC 5044 TR1,0.0
WALLABY J132605-241223,201.5227477357961,-24.20650670986553,139.9448945166695,7.75534769322532,5.092125660867914,-11.770950462995,9.829635666378683,9.965757500819768,0.999988168284735,0.002044701284965332,NGC 5044 TR1,4.0
WALLABY J132807-243847,202.030202917273,-24.64657002558911,77.39505973584414,9.024568543250522,5.458452171406707,-64.72384174804657,9.30766869927283,9.44419549004682,0.9999999422258998,0.002246165159993379,NGC 5044 TR1,0.0
WALLABY J133123-211457,202.8476321604431,-21.2493668192092,79.85650670413081,8.231197305857833,7.699650742656072,-86.79366054800775,9.334016315995466,9.470588985641202,1.0,0.001753099341398049,NGC 5044 TR1,0.0
WALLABY J133809-195322,204.5397658185129,-19.88944991958124,227.10876195447293,7.615689362013238,6.577524121888006,-44.9738448963795,10.240477377044785,10.377125188826508,0.9999999999960997,0.001968552253073918,NGC 5044 TR1,0.0
WALLABY J133129-244032,202.8719367408315,-24.67580765316858,148.9033226120599,7.061838482208823,4.891708046594776,71.03929957549808,9.873141184103284,10.00982571651221,0.9999849369851663,0.002054946334161401,NGC 5044 TR1,4.0
WALLABY J133701-244552,204.2557152675175,-24.76445536347132,74.5682811855708,9.3684597597705,6.081497534810633,-62.35341041476599,9.26728718991123,9.404251362752104,0.9999998695757304,0.002017053563503666,NGC 5044 TR1,0.0
WALLABY J133247-222656,203.1970688657859,-22.44901686477826,101.20720634929806,6.282122260261226,4.619607590711619,73.61417003503544,9.529152617489133,9.666304142139243,0.9999996783688898,0.0017756535346609,NGC 5044 TR1,0.0
WALLABY J132814-212253,202.0621892057069,-21.38142210632478,76.10015908851972,6.531650913025866,6.084130914464679,-57.49144100549697,9.277684043482045,9.415043068994116,1.0,0.001769253269923399,NGC 5044 TR1,0.0
WALLABY J132713-202729,201.807444546602,-20.45828703289976,96.68015846922559,8.471502808012367,4.463651926437752,30.10661988680778,9.485299543441656,9.622674237677865,0.9999859749821387,0.002070050523995916,NGC 5044 TR1,0.0
WALLABY J132811-240540,202.0485208885701,-24.09463429893192,161.76650552426605,6.388964188200706,5.81915046942867,-89.11917888826952,9.931908338768189,10.069309888456827,0.999999999739929,0.001873695193159136,NGC 5044 TR1,0.0
WALLABY J133904-240956,204.7674235165406,-24.16576384365429,134.52960437031558,7.818334244761352,5.473147310167199,13.55351536618002,9.768218909357628,9.905813546604552,0.9999998114191047,0.0018053955555758,NGC 5044 TR1,0.0
WALLABY J134251-194244,205.7133308587771,-19.71237922514547,146.73782807782092,10.92124398231886,6.813197598981849,51.58424940931312,9.841835206879887,9.97952961713641,0.9996283090270912,0.002560594691444736,NGC 5044 TR1,0.0
WALLABY J134255-205424,205.7320097151776,-20.90672036937617,140.19712699370217,7.539034669604498,6.237522489707255,73.2297941924922,9.79462889710098,9.932737662215944,0.9999999994254337,0.001924344826095429,NGC 5044 TR1,4.0
WALLABY J133646-240632,204.1924633660737,-24.10903994611785,131.46745109000958,6.714549132262674,5.612019112739128,78.51629037140268,9.737161679839017,9.875359158947646,0.9999999999604734,0.001863739072369587,NGC 5044 TR1,0.0
WALLABY J133600-235517,204.0023408920362,-23.92139001283773,37.21561352679359,6.24605741963842,4.376535709322575,-86.52481268199665,8.638442666172663,8.77677845270269,1.0,0.002090889096971546,NGC 5044 TR1,4.0
WALLABY J132620-223750,201.584709503068,-22.6305684139918,129.86199860276778,8.85848979917293,7.049729929246857,40.41376385781001,9.723640472088315,9.861993517816542,0.9999963503870228,0.001965152684161718,NGC 5044 TR1,0.0
WALLABY J134146-240828,205.4439034259334,-24.14114513841482,93.92707117356478,6.812200367506931,5.65905441074745,47.7908915256676,9.440101995902516,9.578572835145021,0.9998236047709143,0.001971643821543206,NGC 5044 TR1,0.0
WALLABY J133113-220341,202.8044447079538,-22.061635054796,132.3958690785524,7.440848849781588,4.619628396666679,-69.27076295845204,9.735166542829928,9.87380701696405,0.9999999999975567,0.001671748907798817,NGC 5044 TR1,0.0
WALLABY J132349-242918,200.9577094146429,-24.48838809507464,28.621015062948604,8.370692885677935,6.185216337644365,26.74951520679133,8.391996318902061,8.531337441664167,0.9999999999988726,0.00277193356638356,NGC 5044 TR1,0.0
WALLABY J133110-221104,202.7925958161878,-22.18452460160299,219.81633557590285,5.975301377716581,5.448473897223495,-70.51093712140025,10.157823690887543,10.297435002483104,0.999937370203709,0.001952314959900809,NGC 5044 TR1,0.0
WALLABY J134237-205247,205.6544071381247,-20.87971822188669,207.84452991261514,9.409684409226136,6.586482158846355,8.479293075066693,10.108292734290194,10.24795283309345,0.9998410258594578,0.002429574288968594,NGC 5044 TR1,0.0
WALLABY J133245-241711,203.1891425373643,-24.28647373899211,199.63853961383523,6.836631181146522,5.839460788419323,59.90865109759847,10.072278404286344,10.211994864835743,0.9999999861713403,0.00182207763280124,NGC 5044 TR1,0.0
WALLABY J133304-215852,203.269543166686,-21.98136391006908,84.17680955368839,7.086889427251234,6.05236738583102,-49.08821588600234,9.31821733464138,9.458151327878161,1.0,0.001772811887537276,NGC 5044 TR1,0.0
WALLABY J132944-211051,202.4365024951131,-21.18092415245858,80.00656270741246,7.486211581420932,5.412081728943119,74.8688304436485,9.273853432346868,9.41380008639916,0.9999998432725575,0.001773538178298708,NGC 5044 TR1,0.0
WALLABY J132552-203408,201.4670351968613,-20.56905469074135,103.11812780624128,9.095274560736469,7.326140741931876,63.99366574477062,9.490030126404037,9.63021021049762,0.9999999405042954,0.002149820394941201,NGC 5044 TR1,0.0
WALLABY J134621-195905,206.5881276526542,-19.98485074050019,75.99594714211766,8.051298249680489,4.099590307230632,18.98814909855727,9.22134878958744,9.361726720445954,0.9368488886769061,0.004996388535448546,NGC 5044 TR1,0.0
WALLABY J132959-235726,202.4989941658305,-23.95733760627801,133.29225712385357,6.665647475262144,5.734034280203756,-37.35674878142776,9.705771503835585,9.846348225148086,0.9999879610930373,0.001791685091477634,NGC 5044 TR1,0.0
WALLABY J133153-240241,202.972299028028,-24.04487665827937,67.61785484127206,6.402430277133226,4.420654079103175,67.18030426018926,9.1144479125049,9.255125934738468,0.999999999997292,0.001889876305808755,NGC 5044 TR1,0.0
WALLABY J132435-194801,201.1494078467387,-19.80034896839969,115.04387791836457,12.59134233874167,7.867866066045415,28.21538761603509,9.575762392853324,9.716456401923642,0.9986309209653874,0.002802347337213738,NGC 5044 TR1,0.0
WALLABY J132429-203859,201.1238003317876,-20.6498011493767,117.83312884546737,8.29138779423983,4.696873312217043,76.9392164201241,9.588743602119221,9.729869833210977,0.9999930869110211,0.002063031842005988,NGC 5044 TR1,4.0
WALLABY J133841-202243,204.6738982889046,-20.37884040659412,184.05867494425272,7.828748840775851,5.327859928554453,-57.43742031037849,9.972592337980643,10.113913717311675,0.9997789469115717,0.001780449504572474,NGC 5044 TR1,0.0
WALLABY J132809-245752,202.0400455899679,-24.96467827343569,203.20043789091852,11.22610760953635,5.880845047191723,33.2713932468755,10.057168036075655,10.198564718898528,0.9991234962248127,0.002744862493551634,NGC 5044 TR1,0.0
WALLABY J132121-195926,200.3405028801242,-19.99072066453002,86.9029125506476,7.578184714588065,3.977714277356396,55.01134863818183,9.317188722510307,9.458707109324727,0.8046716073107184,0.004390029642755373,NGC 5044 TR1,0.0
WALLABY J133007-212715,202.5305199133882,-21.4542005331011,82.6552253101576,7.072740229007024,4.876741223431631,-69.74323155847058,9.271470614663874,9.413110289584417,0.999999999668022,0.001800393072618587,NGC 5044 TR1,0.0
WALLABY J133106-233722,202.7768685520178,-23.6228361061123,186.28095898482746,7.269477229229492,4.841569924734867,85.99866017119223,9.976915563262809,10.118574701805365,0.8450452355128534,0.001720631313761179,NGC 5044 TR1,0.0
WALLABY J133942-250143,204.926678000852,-25.02869451505105,185.2699964006274,8.83028392018334,6.220769804045145,-19.18141806100634,9.971031239375797,10.112754515932354,0.9993787650198906,0.002596836048127808,NGC 5044 TR1,0.0
WALLABY J133008-221059,202.5336308407401,-22.18317830741015,103.55587502100381,6.621357353152103,5.493654314575857,77.32087681779454,9.465054807602188,9.606817749545305,0.9999999999999993,0.001758214962091507,NGC 5044 TR1,0.0
WALLABY J132812-245827,202.0522732925497,-24.97441779827008,197.78983926617826,9.046060968120875,5.16714445038518,-36.26241043896316,10.02040951021533,10.1625442890985,0.9999999791048605,0.002506801365559604,NGC 5044 TR1,0.0
WALLABY J132427-202554,201.1148123813116,-20.43184013680402,75.76098879096982,7.111097828778969,5.582418812398807,-57.71496381600991,9.18501509819937,9.327254133068793,0.9999993308991817,0.002149653061554032,NGC 5044 TR1,0.0
WALLABY J134600-212228,206.5027086021554,-21.37460952918802,86.4364841725474,6.26294329132269,5.156110750373782,23.40149982537582,9.296904538979113,9.439288755584952,0.9985591817075502,0.002998005546285922,NGC 5044 TR1,0.0
WALLABY J132911-224640,202.2999766748046,-22.77794517809753,127.51261885366176,7.677412692987525,6.416908244174777,18.82155442231954,9.628512278844251,9.771235945349686,0.9998361874864036,0.001957658754640516,NGC 5044 TR1,0.0
WALLABY J132454-201759,201.2275807172306,-20.29985424514084,24.910135388857185,7.170649074417603,6.527028540075554,-49.70774829536084,8.201856481873687,8.345042554263449,1.0,0.00225739764014148,NGC 5044 TR1,0.0
WALLABY J134337-210403,205.9048424645265,-21.06762200125823,180.57008162876153,6.253498666805141,5.611784339256277,-59.75348562888349,9.922291735881148,10.065483613599364,0.9999999259901681,0.001795706874789778,NGC 5044 TR1,0.0
WALLABY J132630-214027,201.6261230764154,-21.67424997012335,103.35783163225325,6.303912134889694,4.429786117727353,-7.645575214963372,9.437639322756409,9.580833854871942,0.9996185652511798,0.001894048594240663,NGC 5044 TR1,0.0
WALLABY J133735-211259,204.3962840908113,-21.21647426038683,223.12657125545067,6.60934684560852,4.569431715681716,56.86738808951344,10.10591920921756,10.249121319363866,0.9912234798818317,0.001697902538011353,NGC 5044 TR1,0.0
WALLABY J132536-213356,201.4016938175436,-21.56575901951389,127.0763248978184,10.81399910358681,5.531810901246665,-67.56587852446022,9.615434712155672,9.758721098378357,0.9999989539165938,0.0018846145812347,NGC 5044 TR1,0.0
WALLABY J132425-204354,201.1066657081012,-20.73186966069559,119.25200570191627,7.385557994477844,5.7353956559922,38.614946080962,9.547590046865716,9.691582863087563,0.9999813305484336,0.002100515728915188,NGC 5044 TR1,4.0
WALLABY J134018-200556,205.0752682550109,-20.09887935296121,172.92309324671626,8.700265380902028,6.65357057631148,-52.17654074319162,9.870284894076953,10.014282171952702,0.9997559098742471,0.001927110961762749,NGC 5044 TR1,4.0
WALLABY J134432-244925,206.1367425362275,-24.82372652760987,45.96279022632601,8.044182715264228,5.801783566052931,-9.205918086063775,8.71688793703115,8.861025318169563,0.9982983729971763,0.002604982655527896,NGC 5044 TR1,0.0
WALLABY J133530-225209,203.8784054147009,-22.86922424412311,116.6511048171191,6.728056654539904,5.340018466664412,83.65710334339244,9.5215336291572,9.665912893190495,0.9999999999228069,0.001808266630592681,NGC 5044 TR1,4.0
WALLABY J132518-211223,201.3261368509538,-21.20654231157158,104.38354009038945,6.754679514788591,4.209947603059488,68.16985523905859,9.420072526496577,9.564729148915594,0.9999985312060359,0.001913458145267796,NGC 5044 TR1,0.0
WALLABY J133200-231730,203.0030718228192,-23.2918785660987,182.4110257029485,8.053415447950336,6.082334902504001,23.97196898321027,9.900172952053921,10.045095470713187,0.9999999011062973,0.00171549903739793,NGC 5044 TR1,0.0
WALLABY J132741-234601,201.9244187132997,-23.76705404533893,137.49137694062105,9.204858127434363,7.362884379773426,-75.59371157360117,9.644876829973954,9.790347175312458,0.9989135901482737,0.001882102681853404,NGC 5044 TR1,0.0
WALLABY J134256-244601,205.7365346480716,-24.76716979493378,152.2212788830043,7.690476516867588,4.444141671281376,-33.61161679552,9.731187105140888,9.876775077057815,0.9741917329101909,0.002282619415833824,NGC 5044 TR1,4.0
WALLABY J132907-215149,202.2794758199839,-21.86380632886654,79.97155690744614,7.388695418122058,4.925797452364887,64.43567195255457,9.1706623505279,9.316331706393818,0.9999595139110455,0.00179042607817933,NGC 5044 TR1,0.0
WALLABY J133031-231420,202.6292804282665,-23.2389598611887,132.67597219922467,9.625575831878026,6.195171673434895,87.74517308635026,9.60877216220991,9.754531860104356,0.9995555026694519,0.001868170343521915,NGC 5044 TR1,0.0
WALLABY J133752-204640,204.469836955731,-20.77803339846764,134.0794866199731,6.296429512003093,5.619335642934795,-17.94478666148513,9.617228099508838,9.763026351347525,0.9957739927525301,0.001692068307150305,NGC 5044 TR1,0.0
WALLABY J132947-234056,202.4496989565268,-23.68235519878609,72.71339155090023,6.438346924730689,4.324961692787625,36.4515947122417,9.082417297310691,9.2284024326067,0.9999999781962765,0.00187377225799397,NGC 5044 TR1,0.0
WALLABY J132259-204701,200.7469755207181,-20.78368552404887,103.50422701790777,5.864805324630405,4.182823031222325,88.8725435252053,9.37881359791035,9.525379807174724,0.999752806941052,0.002220094290336951,NGC 5044 TR1,0.0
WALLABY J133057-203736,202.740947087118,-20.62673844133105,81.1589722842598,6.625195356994952,6.133556779229052,59.14101245312618,9.167428788386186,9.314003009106118,0.9997961186955737,0.001872943357950772,NGC 5044 TR1,0.0
WALLABY J133457-234236,203.7409042476369,-23.71014220872695,145.67244243823566,6.67596254433322,5.804539120026168,87.3066441350371,9.658502740749649,9.80604031189313,0.999999828444384,0.001724103805165467,NGC 5044 TR1,0.0
WALLABY J132844-210150,202.18608970574,-21.03058282712877,98.97622369726595,5.852234706460087,5.673093450025055,-53.18216967984802,9.320862718459011,9.468510808083773,0.9921573826178969,0.001760171701246058,NGC 5044 TR1,0.0
WALLABY J134152-233157,205.4672570041711,-23.5325673797679,334.18607165479904,6.646953826585346,5.420653181621866,-18.44642938377699,10.37459339937913,10.522422344751126,0.8347588273563187,0.001725832197676155,NGC 5044 TR1,0.0
WALLABY J133702-205515,204.2615984798251,-20.92098067664956,110.19941200201535,6.198496417389545,5.86603117183422,-76.50116959451,9.41021505853494,9.558087201024321,1.0,0.001762404941778892,NGC 5044 TR1,0.0
WALLABY J133004-205549,202.5190343591151,-20.93047170744098,75.75020342791223,6.201520444055568,4.9411852068328,50.65083227137598,9.08364630957732,9.23157402442092,0.9355313693290654,0.001812924781309149,NGC 5044 TR1,4.0
WALLABY J132445-194548,201.1895910185634,-19.76353714481472,115.79169685922041,7.247130897569019,4.777609560823879,-63.80448903811555,9.440602499228552,9.589192195002022,0.859820301003907,0.002852919301223547,NGC 5044 TR1,0.0
WALLABY J133245-211455,203.1907127579631,-21.24860188640124,76.17061990012198,6.501720544520093,5.201770942427016,-43.13193822571565,9.076201522886176,9.224826619051969,0.9999999999944078,0.001648789023843298,NGC 5044 TR1,0.0
WALLABY J132926-210008,202.3614348455336,-21.00232178467096,95.21643259478246,7.001536675830843,5.509073277959125,-52.55009947572322,9.269642871024239,9.418291193899536,0.9999306215627506,0.001747409402142646,NGC 5044 TR1,0.0
WALLABY J133056-213801,202.7366248215435,-21.6338669457621,102.19484638019158,7.324820132472381,5.724456904526881,65.06791964760626,9.323207794044425,9.472305089796082,0.9999922425773431,0.001748322184626446,NGC 5044 TR1,0.0
WALLABY J134252-224411,205.7186582241942,-22.73662689240129,203.34131573982836,5.95528366386567,4.985132819803983,-49.8379778914332,9.91817170389017,10.067419192930284,0.9532151819400547,0.002115441970609249,NGC 5044 TR1,0.0
WALLABY J133950-195837,204.9606132081016,-19.97712993339787,172.78240664790798,6.960446572855737,4.788795470751168,-73.44334942281574,9.767583031431528,9.917353103808345,0.9666727604612729,0.001985014095743373,NGC 5044 TR1,4.0
WALLABY J133154-212445,202.975110268001,-21.41275245082002,82.07312545149202,8.23082474040252,6.242459950760569,-70.77007325103827,9.119518359455276,9.269372474555837,0.9971197798371292,0.001707038043443196,NGC 5044 TR1,0.0
WALLABY J132441-194942,201.1717950584093,-19.82835803755721,115.51616021161266,6.165877745725513,5.310421656315147,27.16073940014087,9.414525908636401,9.564487494713624,0.902252904681519,0.002787133547894073,NGC 5044 TR1,0.0
WALLABY J132154-245209,200.4753622730609,-24.86927696591994,70.20269589256627,6.578615585174192,4.875781545319721,35.49785284252806,8.981156949813363,9.131163867144362,0.839004020013318,0.004399699596700233,NGC 5044 TR1,0.0
WALLABY J133325-220257,203.3580387758302,-22.04941664756413,100.19310796442312,7.479129980847364,5.651202111242119,-46.11916129098891,9.285491978993678,9.435764556088113,0.9808640037597547,0.001733523751465855,NGC 5044 TR1,0.0
WALLABY J134018-211518,205.0755503234433,-21.25523871390916,181.1937454214025,6.683220217800677,5.215536524994704,40.06521028838679,9.796415884105228,9.946900058996386,0.9948533581235002,0.001614833722563068,NGC 5044 TR1,0.0
WALLABY J134056-233626,205.2360538864038,-23.60747487969429,160.46059093046054,6.479651243908314,5.131675448331005,54.57893259950936,9.689835983758716,9.840379320719636,0.9971090100332767,0.001858478728576448,NGC 5044 TR1,0.0
WALLABY J133418-245545,203.5761630403753,-24.92936137738779,68.24027908890629,5.571476886293467,3.61412656931073,-82.03658992477894,8.940438716185035,9.091369547459518,0.9551146673521147,0.002417057855166907,NGC 5044 TR1,0.0
WALLABY J133059-224147,202.7495651140252,-22.69647049410473,106.72763218288527,6.064781367308635,4.982494656725089,-73.82116378036265,9.32583827080958,9.476945890906471,0.9916824632520731,0.00181127975344622,NGC 5044 TR1,0.0
WALLABY J132543-201405,201.4292852869963,-20.23478889931335,39.30583670203221,7.413732781831475,5.566709105361037,-72.62637427576254,8.45695923922529,8.608138204804673,0.7598520190239999,0.002367371316919015,NGC 5044 TR1,0.0
WALLABY J133652-205552,204.2174501206658,-20.93112782979918,137.9462599440902,6.378970440485335,5.038823840509272,72.52022832584748,9.544678340525707,9.696017791964765,0.9545653370566319,0.001636485144003755,NGC 5044 TR1,0.0
WALLABY J133256-233558,203.2356061866224,-23.59946589939052,109.33654925006027,7.400183773521084,4.867522917329104,89.03529866741061,9.341165125890619,9.492598155990631,0.995757113580282,0.00178369175075914,NGC 5044 TR1,0.0
WALLABY J134418-223401,206.0753145017594,-22.56701214176252,98.37480075338067,8.520390392036955,4.60256437427218,-89.66987331160219,9.248611267389403,9.400089878969933,0.9909092572352893,0.002049320342322136,NGC 5044 TR1,0.0
WALLABY J132516-203855,201.3181053104045,-20.64859891184885,38.308706044728744,5.226999437320968,4.574389799118413,-53.36501112145405,8.428847559122834,8.580360235866047,0.9941807915192282,0.002379345880510266,NGC 5044 TR1,4.0
WALLABY J132620-230233,201.5846837140978,-23.04276018544081,75.59658531837758,6.961331860060847,5.086315316692346,-31.64646509349835,9.018074532237186,9.169655380974287,0.9642087963377993,0.002166086080421881,NGC 5044 TR1,0.0
WALLABY J132329-232337,200.8719649674691,-23.39382635633266,22.619830488992967,6.909305999378524,5.298205548399595,-59.94236345305185,7.9685573641315965,8.1202242334191,0.9647207854506954,0.002533321334208723,NGC 5044 TR1,0.0
WALLABY J133434-245325,203.6434089392793,-24.89038476653894,144.53687243523825,5.359016261875829,5.039414995001716,-56.27044842379646,9.576592553280987,9.728429259457343,0.9939320568259291,0.002218421042764067,NGC 5044 TR1,0.0
WALLABY J132438-224607,201.1608115542825,-22.76871345784583,129.07042045953403,6.75566166738145,5.166354605848056,-64.54950128869943,9.477217807169335,9.62911633270005,0.9918105389146676,0.00193265557382682,NGC 5044 TR1,0.0
WALLABY J133557-215713,203.9884159148438,-21.95369762205837,183.63104982447697,8.070554411492047,5.697135789302841,-43.00208190543333,9.780875359145746,9.932922952274376,0.9259974883986206,0.001571306675380578,NGC 5044 TR1,0.0
WALLABY J133627-224910,204.1142998684518,-22.81948666048314,100.69411465499678,7.828911962226221,5.154311912749894,79.8503223903363,9.258293372150957,9.410381286073873,0.9800904710349008,0.00170915150123163,NGC 5044 TR1,0.0
WALLABY J132531-212650,201.3805405522178,-21.44747191749446,69.63674787113686,5.682744527570117,4.922488145433793,-79.53248434672932,8.937630657318596,9.089737725082106,0.9953749544173438,0.001875730119033014,NGC 5044 TR1,0.0
WALLABY J133801-211734,204.5067897085046,-21.29279317726329,177.77434376193008,10.77678895781181,4.767053530075517,-41.72690793122563,9.750919353803292,9.903071060955657,0.9955608735476568,0.00158749693570376,NGC 5044 TR1,0.0
WALLABY J132920-211042,202.337084284383,-21.17856537747221,9.722424431627445,8.65626855305476,4.972492906944361,74.26940490287208,7.2247336240074995,7.377000753533964,1.0,0.00186424184922036,NGC 5044 TR1,0.0
WALLABY J133522-232056,203.8417786265219,-23.34892791376998,113.3183054487296,5.97579575679988,5.668936124682687,-33.89358725285007,9.354558347295542,9.507012069140467,0.9978862459398662,0.001736018822579747,NGC 5044 TR1,0.0
WALLABY J134251-220324,205.7137194498603,-22.05679976707816,84.54344141265807,5.953786011306211,5.804992568976279,-42.37265870952669,9.0980122673816,9.250587853950037,0.9999999828533045,0.001875643733927003,NGC 5044 TR1,0.0
WALLABY J133607-222504,204.0328919755198,-22.41787265661106,126.54949074495562,6.522851868544143,4.765291713820308,-32.07540491380733,9.444373348015791,9.597180570489732,0.9995763340187447,0.001686505831233142,NGC 5044 TR1,0.0
WALLABY J132929-235535,202.3723242838753,-23.92655415037241,197.49708799895734,7.591717281307412,4.626780461336128,-64.2319224310791,9.830278534902696,9.98312604957752,0.9999541851456939,0.001683453183525904,NGC 5044 TR1,0.0
WALLABY J133328-205305,203.3682080368884,-20.88476718002565,128.14956597094798,8.432865527495801,4.396629639071759,62.85374753482986,9.453930387489976,9.606816209093003,0.9966268477657922,0.001697239676873217,NGC 5044 TR1,0.0
WALLABY J132531-220703,201.3795182075047,-22.11766856577419,132.8451249062803,6.600235965938667,5.503527519606275,-77.83581474663134,9.474357874996683,9.627872065090846,0.9956554681113231,0.001795084056298184,NGC 5044 TR1,0.0
WALLABY J132937-230656,202.4066766422876,-23.11570940989588,137.35686563142107,6.064763543666993,4.798567913502131,89.29338411235288,9.503160903688954,9.656687088796772,0.9929331950243583,0.001795463598452268,NGC 5044 TR1,0.0
WALLABY J132720-200304,201.8368477367775,-20.05119888375763,118.95568559584676,6.402812610444534,5.388315977381429,-85.81590123147078,9.37707225368229,9.530665741419101,0.9397198967941685,0.002183606982053346,NGC 5044 TR1,4.0
WALLABY J133535-212716,203.8969331883894,-21.45461490638179,80.91253534467205,6.880638981290487,5.151104175565266,82.73789043343918,9.038260029288216,9.192090337009565,0.9999997584800489,0.001804016845831904,NGC 5044 TR1,0.0
WALLABY J133523-230609,203.8488553021018,-23.10249192440872,113.13783021546162,6.210551220271771,5.227962199031762,-78.23922940517247,9.329124105255106,9.482973025611711,0.9998387034862285,0.001776713801806213,NGC 5044 TR1,0.0
WALLABY J132506-240322,201.2776863949233,-24.05617118716759,194.10050470981864,6.794836597529414,5.13820966298153,70.17153961052878,9.797955834195594,9.951805098079546,0.9847036873214357,0.002029588810445324,NGC 5044 TR1,0.0
WALLABY J133128-212511,202.8686954305534,-21.41976214674949,36.57358662501944,7.346165795698208,5.326890640356124,-42.3187293066781,8.347496403443332,8.501388786633246,0.8841360744089599,0.002021422699514807,NGC 5044 TR1,0.0
WALLABY J133104-212509,202.7690856801412,-21.41921424421595,80.17579399793352,6.425882597867093,5.187523612632617,67.6657249481043,9.024940367690077,9.179083468123629,0.9988121285153875,0.001757059593660656,NGC 5044 TR1,0.0
WALLABY J133718-194336,204.3276826198106,-19.72678277248342,185.71145544877965,6.079218352337036,3.707965447464425,55.7775200771818,9.753688439731878,9.907880621876295,0.9623981630743271,0.002309847811391283,NGC 5044 TR1,0.0
WALLABY J133553-204426,203.9718982500038,-20.74063007223401,22.853596072369864,8.45158888888735,4.720676837230373,-75.0504375034827,7.932560707685867,8.086832083196043,0.9999734512970775,0.001839462268616131,NGC 5044 TR1,0.0
WALLABY J133819-203750,204.5810590617678,-20.63081368420775,227.3719242614588,7.425001945084413,4.156758878007297,-75.28027939249054,9.924845659129483,10.079308178095975,0.9989973136035819,0.001699595548011088,NGC 5044 TR1,0.0
WALLABY J134126-203030,205.3621192223767,-20.50858296307581,101.29203498452975,5.15085752872911,4.446367876014378,67.42135818564587,9.218784738139979,9.373465278031876,0.9103988640002678,0.001944362352219316,NGC 5044 TR1,0.0
WALLABY J134606-241006,206.5264370432183,-24.16839464481539,126.96568231540566,9.392133113033504,5.852076570383937,16.1800077996532,9.414917490930312,9.569603244891482,0.8087306168244044,0.002856782639925663,NGC 5044 TR1,0.0
WALLABY J134241-233218,205.6708240017489,-23.53841474725076,100.41551986203368,6.214217786607929,5.694795928367653,-32.97857422528321,9.210237945275225,9.364976720099929,0.9734877131926112,0.001926880630246321,NGC 5044 TR1,0.0
WALLABY J132500-242521,201.2502305637273,-24.42271131227843,29.230035897025843,4.464226818352841,3.777126351808142,-27.13767501149645,8.137019063577151,8.291832317972583,0.9994339237044817,0.002628201263307414,NGC 5044 TR1,0.0
WALLABY J133440-232652,203.6669805303917,-23.447829913365,146.87441643789055,7.576742150792955,5.190380045807625,71.61474070999306,9.538916039001185,9.693748945791981,0.9403176031462799,0.001733436071877736,NGC 5044 TR1,0.0
WALLABY J134730-242254,206.8787239377954,-24.38169419188283,117.50140142196697,4.757810516846931,3.443852482523091,-31.23345187415572,9.340985669571538,9.49605947796068,0.8028338616918859,0.005699659607851264,NGC 5044 TR1,4.0
WALLABY J134017-200502,205.0708385804602,-20.0841010075123,167.51558742838608,6.021563219831013,5.765042480848051,60.87545220117907,9.648115838890405,9.803241907632293,0.9269837093973597,0.001964206590338337,NGC 5044 TR1,0.0
WALLABY J133217-231924,203.0710983657071,-23.32332266769509,190.89873455677517,6.009000911282887,5.718878346210345,-30.81399012481087,9.759507554542427,9.914756627720138,0.9020222176297076,0.001622805920073797,NGC 5044 TR1,0.0
WALLABY J133218-233549,203.0779985900787,-23.59711300380885,182.34054458046066,7.962193771717609,4.798460364415201,64.54324352736356,9.716892001814418,9.872303455518844,0.9999129725687408,0.001654918396624985,NGC 5044 TR1,0.0
WALLABY J133158-205217,202.9934833125097,-20.8714085480994,92.73327628191184,5.783501648501844,4.22894282847205,-70.84224977193682,9.124550746278278,9.280257621216503,0.9932102267009327,0.001769521141420961,NGC 5044 TR1,0.0
WALLABY J133117-211744,202.8228030694165,-21.2958063252564,77.18978029451472,8.170341188051601,5.210986555399288,85.5386973405303,8.963498761491866,9.119305261270659,0.9999999999999643,0.001748578146888614,NGC 5044 TR1,0.0
WALLABY J133537-232753,203.9080205995955,-23.46477839133231,216.36857683882022,7.941539437202466,4.56063699936156,50.50787514311642,9.857216766611616,10.013114156717041,0.9635689039598152,0.00211056160046423,NGC 5044 TR1,0.0
WALLABY J134625-245801,206.6064342304855,-24.96715955077827,361.1683330217741,7.720089165262219,6.108150198966428,12.5912874258091,10.300911974389106,10.456887677777674,0.737434633549679,0.002999488504988921,NGC 5044 TR1,0.0
WALLABY J133027-210654,202.6155059377663,-21.11523561013299,81.58736052270324,6.041107302149431,4.63499292519601,54.53558334164137,9.007757545219107,9.16379077103456,0.9999876196541931,0.001797917850230352,NGC 5044 TR1,0.0
WALLABY J132625-215123,201.6073060618191,-21.8564628158432,127.62257866203753,5.004906460875644,4.212258196318206,-8.46423543684746,9.38914226075886,9.545599544690724,0.8505238274987972,0.001892962955246032,NGC 5044 TR1,0.0
WALLABY J132858-241435,202.243254473426,-24.24312128964016,174.3055530036826,6.446325525471007,4.111409235104968,-84.44934933668539,9.6548606075019,9.811614655398328,0.9353258719180558,0.00186662058954214,NGC 5044 TR1,0.0
WALLABY J132353-230518,200.973814349687,-23.08842258242863,127.14445727113886,6.708480224756527,4.293797182573756,48.09355899754877,9.377846100242694,9.534775862614799,0.8607643692842779,0.002067312090245709,NGC 5044 TR1,0.0
WALLABY J133120-231334,202.8343876358431,-23.22625894556016,107.7593044332363,6.529310238085873,4.39567515740007,-47.59993505324108,9.230953862217515,9.388072409606997,0.9996978147926502,0.001859988267312066,NGC 5044 TR1,0.0
WALLABY J133511-223024,203.7983511149067,-22.50687320806244,71.73027186361985,4.920350301093624,3.969306160326922,-28.01043792762331,8.873776510468737,9.031111427439976,0.999995424763806,0.001766866331214934,NGC 5044 TR1,0.0
WALLABY J133815-212023,204.5651885849725,-21.33980204300811,140.36929815767928,5.274227617375274,5.173911445640782,57.51957230665084,9.455395082769098,9.612819639767528,0.9999902749013945,0.001569191664213614,NGC 5044 TR1,0.0
WALLABY J133821-225200,204.5887536593242,-22.86667809104328,130.51271745676468,6.471484118395673,4.631655391444378,1.443825047210396,9.392136805607228,9.549562523177096,0.9288611823109757,0.001678223907303358,NGC 5044 TR1,0.0
WALLABY J133737-234516,204.4064865983561,-23.75462169729065,132.46394325202633,6.609837469940168,4.129712203339891,20.07182938632934,9.404871447369459,9.562306306275444,0.8393106307509773,0.00182267464794948,NGC 5044 TR1,0.0
WALLABY J132634-222458,201.6445828505145,-22.41630632022222,103.05306752228118,5.64367951832264,3.949113008719442,-17.23441227911965,9.183336776703689,9.340975774909221,0.8822625059530367,0.001968268157400602,NGC 5044 TR1,0.0
WALLABY J132751-240335,201.9651891220887,-24.05981316435379,133.86064033429574,6.902790395340381,5.590053344926175,-31.96691489059398,9.40945559699039,9.567157447433583,0.9231033020010806,0.002008066750916636,NGC 5044 TR1,0.0
WALLABY J132906-210123,202.2790614256606,-21.02315540021163,82.77880790131881,5.21514468433327,5.075751012827215,50.98970538875426,8.991505379735914,9.149235722333943,0.9999995249812936,0.001800754578321966,NGC 5044 TR1,0.0
WALLABY J133845-243304,204.6880538141294,-24.55137272930228,240.0688179370336,7.832256716486591,3.660896801858112,-83.58041426181342,9.91402674125571,10.071893566199842,0.9744594512184739,0.001847274036644266,NGC 5044 TR1,0.0
WALLABY J134004-235850,205.0170945928232,-23.98074814348238,281.7063260902868,6.934317018121847,4.505205744827233,-17.65644614673158,10.052300582630979,10.210205667140901,0.983787871033689,0.001689242021214363,NGC 5044 TR1,0.0
WALLABY J133134-240142,202.895204497368,-24.02846020610968,110.24557462975572,6.793820583049088,4.556491648326332,12.6906030995064,9.237017328442823,9.394946770044001,0.9135069803802974,0.001869502624507536,NGC 5044 TR1,0.0
WALLABY J132607-202810,201.533182177011,-20.46947731015366,114.31073318748747,6.996050311514492,3.740150498276186,-68.23682889533711,9.266377660078673,9.42443065752093,0.8663148322855528,0.001967916230864823,NGC 5044 TR1,4.0
WALLABY J132949-220314,202.4555914283593,-22.05389704807212,103.21239783302619,6.252809883058284,5.453364061593538,-22.64221123166446,9.175977877145684,9.334130730083992,0.9326362468772998,0.00180688990572135,NGC 5044 TR1,0.0
WALLABY J134603-230141,206.5129792340082,-23.0282926863046,84.49924895588254,5.158113824946284,5.045946069553756,71.61969052532413,8.99771178499917,9.156131260586275,0.6058102838053805,0.002682263237379373,NGC 5044 TR1,0.0
WALLABY J133613-205108,204.0574598796986,-20.85229813180209,81.28197820550598,5.891790263996276,4.095238069845556,-65.01454911971686,8.962843547023587,9.121331143035132,0.7804132332984935,0.001766527694695464,NGC 5044 TR1,4.0
WALLABY J134045-211913,205.1900639182604,-21.3204140375852,138.6956041612731,7.017114305683751,5.185706346402125,77.40310903757197,9.426760865447816,9.585261455826448,0.7514502899145129,0.001735319198149741,NGC 5044 TR1,0.0
WALLABY J134233-200414,205.6382353905927,-20.07072156595077,144.1592214946673,5.25913401226125,4.911703965573092,34.38225618303892,9.456657008427893,9.615374518476731,0.517602069341344,0.002133119936069827,NGC 5044 TR1,0.0
WALLABY J133020-221958,202.5844968946326,-22.33290519812346,78.81731882397501,10.19162366126068,3.969733510769115,-50.77899115128535,8.928986317613354,9.087895182165214,0.7450837637948445,0.001823594506935471,NGC 5044 TR1,0.0
WALLABY J133951-233716,204.966189240349,-23.62110686988095,169.84580408609867,4.76028052567784,4.242188324727415,36.55432658364211,9.594096364994044,9.753109360147285,0.9963115033193112,0.001701197081275186,NGC 5044 TR1,0.0
WALLABY J133037-243158,202.6554921762749,-24.53293125707358,186.1882059225001,6.696626352903889,5.846319164729044,18.57363674659246,9.673162370217247,9.832218581106632,0.9478933866133353,0.001905029340768149,NGC 5044 TR1,0.0
WALLABY J133939-234522,204.9153319400163,-23.75636232846615,167.51417513865562,6.043485961512138,5.440852003527745,-14.15871372813486,9.58088731017184,9.73997162730924,0.9748446846413874,0.001777137011156743,NGC 5044 TR1,0.0
WALLABY J133102-211852,202.7613990859959,-21.31444794553513,81.03488137641357,4.963277213194362,4.379597786488484,-49.9988407254394,8.949671078874303,9.108782512080829,0.9372836605437722,0.001789709798079534,NGC 5044 TR1,0.0
WALLABY J134447-230014,206.1974982730858,-23.00389347430303,84.51292067396142,6.116394748847673,4.951514910878151,-30.7520951034214,8.980638361673801,9.140078343002655,0.9067528098862042,0.002095422373313989,NGC 5044 TR1,0.0
WALLABY J132239-214836,200.6646922123874,-21.81017408978806,29.523062945581895,5.07361043529218,4.014873097247935,77.88640183701776,8.066234007023711,8.225726318836607,0.9570923139587186,0.002667638005924841,NGC 5044 TR1,0.0
WALLABY J134258-193943,205.7427310878481,-19.66220759278574,144.45425711905148,7.019674328020214,4.749797076670149,66.60762812493579,9.44414373175816,9.60370901069172,0.7363390609559167,0.002729531683049399,NGC 5044 TR1,4.0
WALLABY J133533-225159,203.889396843635,-22.86653159035808,120.05479673787465,5.757703677743924,4.52355361505223,-33.43693491155267,9.283188013389575,9.442768389631231,0.9569805009590565,0.001861060357393965,NGC 5044 TR1,4.0
WALLABY J133409-203829,203.5409111109636,-20.64138821245796,81.06619682451587,6.128771138462893,4.615225600954839,-39.43492946992045,8.940694301680807,9.100358734576046,0.8234302931433503,0.001688782911560036,NGC 5044 TR1,0.0
WALLABY J133043-234430,202.682042634769,-23.74175143105585,108.78204482437303,6.518345646205199,3.542093728876358,-55.78439977789873,9.192569779932274,9.352445874730416,0.9757813142886645,0.001857271580861274,NGC 5044 TR1,0.0
WALLABY J134437-235646,206.1570223477283,-23.94630731272204,95.95731921135939,6.201370988557428,4.012128490245761,-21.375288497553,9.082166319470478,9.242128403909641,0.665958153633075,0.002191110922236185,NGC 5044 TR1,0.0
WALLABY J134510-252114,206.2944288468021,-25.35390552588568,254.37162548163667,7.176112872471378,4.288717425403745,16.80397998511529,9.925694452386919,10.085850183014948,0.7123496047949757,0.005508301668342072,NGC 5044 TR1,0.0
WALLABY J133126-232824,202.8613443933066,-23.47342934229152,129.57917021246723,5.319322013337061,4.613933047785159,-77.48281844955075,9.339697844148652,9.49986129674684,0.9609706778817868,0.001799283011061518,NGC 5044 TR1,0.0
WALLABY J132506-212109,201.2763493612883,-21.35253373744445,116.64300030911944,6.184607133794475,4.847433186024113,-43.11977683624874,9.248073172008768,9.408252802147171,0.8795096740049448,0.001914113929903741,NGC 5044 TR1,4.0
WALLABY J133538-231852,203.9088555142391,-23.31459160990194,149.68902950603092,6.141600936521057,3.833195708213128,84.97529950385042,9.463856956981559,9.624088928734416,0.9806757023989026,0.001734674200864696,NGC 5044 TR1,4.0
WALLABY J134352-235533,205.9677044942311,-23.92584038405652,96.68813747611739,5.768744355090131,4.392559217321333,-44.61306198579331,9.081595124347386,9.241983697731206,0.8773536932704955,0.002104354903951288,NGC 5044 TR1,0.0
WALLABY J134155-204254,205.4831013981401,-20.71510476587361,233.9794607363106,4.970730488795203,4.558920696360395,80.05032845924907,9.848026885089574,10.008485635761188,0.7442591818822233,0.001797047354162082,NGC 5044 TR1,0.0
WALLABY J133905-201720,204.7744739324385,-20.28906260049814,135.86346256240765,5.865108439519959,5.360560094912409,-79.46158470577778,9.375538860404086,9.536017756682979,0.9947846073122791,0.001894311115212178,NGC 5044 TR1,0.0
WALLABY J134437-200614,206.1550920634268,-20.10401429754818,109.92757435272267,6.1264877123004,4.803292442493303,-38.34226570939559,9.18888756582279,9.349525050426864,0.8827882482576993,0.002620714237690788,NGC 5044 TR1,0.0
WALLABY J133823-202709,204.5968391575931,-20.45273706442247,25.65741053631179,7.319745342475636,5.375276551467008,-49.3460971692556,7.9247965329757335,8.085452118316924,0.9998771705720573,0.001904405659288483,NGC 5044 TR1,0.0
WALLABY J133443-191955,203.6795863755516,-19.33205907392813,136.04516231881593,6.053271987070535,3.846208971894965,86.44211176800376,9.364808306774078,9.52599707804277,0.8166256362966224,0.004293918661171913,NGC 5044 TR1,0.0
WALLABY J132528-210926,201.3668628804367,-21.15737654571877,125.6434459248075,8.873563375767432,4.017110091391891,4.217984671029171,9.291163961569262,9.452625301974004,0.7004668634387279,0.001926874244134588,NGC 5044 TR1,0.0
WALLABY J134223-203030,205.5971695119665,-20.50835291136483,107.82855451566343,6.906591753854494,6.156875910875445,24.71621975536829,9.156037832533206,9.317637659736548,0.8096435192136053,0.001947580089544737,NGC 5044 TR1,0.0
WALLABY J133818-233325,204.5766280531515,-23.55715254625914,165.469368360752,5.923386459705432,4.460291854685562,-10.98197527999889,9.527793854725488,9.689406350538247,0.9637900908456695,0.001737157276444386,NGC 5044 TR1,0.0
WALLABY J133556-241859,203.9860803432628,-24.31654548058325,277.4154227506066,8.151934227043093,4.108669141845085,72.66725158805889,9.97035105211324,10.132339079161442,0.9498350985591411,0.001766346035706299,NGC 5044 TR1,0.0
WALLABY J134257-251242,205.7400096577357,-25.21182002870877,201.04841247207867,6.183071743879448,4.885281796934499,-4.230615631053766,9.685504899110667,9.847803991068485,0.8740107943371864,0.004119495309198041,NGC 5044 TR1,0.0
WALLABY J132922-233204,202.3433635827525,-23.5347082769228,180.54381505208613,7.785490938205582,3.729488677145459,84.32557358832436,9.591328523470022,9.753672046651609,0.7801663339265074,0.001718297448819145,NGC 5044 TR1,0.0
WALLABY J133422-234348,203.593720231342,-23.73012725954895,145.79980751180003,6.277629034187097,5.204356616067255,-21.95347010190626,9.402944836572658,9.56545240898192,0.9370130397330237,0.001715521561386611,NGC 5044 TR1,0.0
WALLABY J132350-235951,200.9598223296014,-23.99754088474405,194.43296343271658,5.871735036432911,3.576011056481958,-30.57355868133001,9.652537360751477,9.815070960922403,0.774172024575892,0.002226456411001669,NGC 5044 TR1,0.0
WALLABY J132549-243411,201.4580133056897,-24.56983435787448,172.51007263984854,4.530395222541102,3.118207614836869,-9.787927699329941,9.547124242533151,9.709748085967167,0.8748075338660014,0.002071733178138786,NGC 5044 TR1,0.0
WALLABY J133446-224630,203.6933684586014,-22.77499171799649,115.94076878735335,4.724967248640898,4.518611050137517,-20.69665095906797,9.201731117117543,9.364369174127148,0.9708739193615277,0.00174951328076348,NGC 5044 TR1,0.0
WALLABY J133739-213902,204.4161492308427,-21.65069597838793,180.07990916827507,6.648148120413838,5.185764296410737,26.82349134538273,9.583380380634239,9.746067045127347,0.7870930277027783,0.001602740584410719,NGC 5044 TR1,0.0
WALLABY J134505-202927,206.2727802422758,-20.49107799367621,237.2371273725217,7.728229362134765,5.520304742559438,22.5314635802298,9.82143536123989,9.984204958084996,0.9474225667890974,0.002319217790682301,NGC 5044 TR1,0.0
WALLABY J134236-195822,205.6510410627938,-19.97277778040722,143.34402516606232,7.965245209608875,5.298736858832929,19.46643805402141,9.38354809178823,9.546334589975322,0.7176454070854528,0.002107567549647083,NGC 5044 TR1,4.0
WALLABY J133907-211818,204.7794389690185,-21.30504543952693,358.01357107446887,6.880389417077414,6.242926901173607,-71.88981432340448,10.175893506087727,10.338842028246958,0.8171699047689496,0.001462805083656334,NGC 5044 TR1,0.0
WALLABY J133809-241011,204.53995891063,-24.16988858513256,98.26098182462836,4.92926099545559,4.358330145755287,88.27708373725888,9.050402807865547,9.21349897646681,0.8067185010269834,0.001818112893000659,NGC 5044 TR1,0.0
WALLABY J133502-221122,203.7597991980917,-22.18949163057247,182.37502760543134,7.58155739564253,4.388749365753121,35.35987873483558,9.587123975512313,9.750247069637066,0.7949615843279817,0.001635944827171849,NGC 5044 TR1,0.0
WALLABY J133138-233834,202.908940784927,-23.64292890374514,141.87149644017438,6.391089125115003,4.067678440581512,57.52171201034449,9.368150349912492,9.53132359714335,0.7860023954533718,0.001829605822948903,NGC 5044 TR1,4.0
WALLABY J132440-233511,201.1705649688384,-23.58658136208486,146.14329517174838,6.699705353063735,6.056010413529088,30.21037289473676,9.390979454062537,9.554329647311155,0.7740524509118186,0.002136484812861531,NGC 5044 TR1,0.0
WALLABY J133058-231656,202.7417393361831,-23.28245030908339,132.7431101698377,5.473830094976745,4.335225975034958,13.22401677140897,9.303411980178703,9.46700525685317,0.9999999999921871,0.00170571059519078,NGC 5044 TR1,0.0
WALLABY J133213-223743,203.0553924339703,-22.62879679379117,129.36540906916267,5.344649557091897,4.025870701811763,-61.21119901405942,9.277891330009236,9.441673557965064,0.8181201398221115,0.001790434966956472,NGC 5044 TR1,0.0
WALLABY J134510-222447,206.2954514583578,-22.41331574571243,97.92375236782999,5.952955339226057,4.006007430895099,84.20102539878123,9.035305370388228,9.199131384740316,0.8239423580850426,0.002385212904918053,NGC 5044 TR1,0.0
WALLABY J132638-215333,201.6592608905685,-21.89264691088782,124.68604984550257,5.193460482834983,4.148661284532699,77.4942905126591,9.241770505375598,9.405801416516237,0.7044893695511103,0.001952247387934769,NGC 5044 TR1,0.0
WALLABY J133039-214217,202.6639887131272,-21.70477011718532,105.6973206061398,6.367569032916077,4.713992267367145,-81.23414340034327,9.098223720855229,9.26225698753367,0.8421442647668926,0.001774961331928315,NGC 5044 TR1,0.0
WALLABY J133559-221607,203.9999770687988,-22.26868672252656,126.07549470667261,5.76027626976994,4.829895297260006,80.4880572031848,9.2501028071725,9.414211824423228,0.8150513214674413,0.001659096467076976,NGC 5044 TR1,0.0
WALLABY J133222-200358,203.0946249519964,-20.0661143556457,24.36409336210271,5.775717583843296,4.920414083954268,-46.32438267247144,7.821521586873584,7.985680160578379,0.9892391281144453,0.002036820564190239,NGC 5044 TR1,0.0
WALLABY J134006-195923,205.0277286856538,-19.98988936620121,177.33843491886995,5.103171505950383,4.46167263773484,-47.16030439088431,9.543373940472938,9.707668642462421,0.7190119760956731,0.002063654229003546,NGC 5044 TR1,0.0
WALLABY J134552-250552,206.469628208424,-25.09778059691737,176.15763223762588,7.352457742053624,5.280232974419127,-13.49574519748995,9.536865942911469,9.701203269095815,0.9304923946734015,0.003132355356744006,NGC 5044 TR1,4.0
WALLABY J133916-205049,204.8198875621069,-20.84693787911031,320.0226068149424,8.412128855833219,5.216225980738027,-32.91956248704344,10.053779060277188,10.218215858226849,0.7344543291930538,0.001593816942550562,NGC 5044 TR1,0.0
WALLABY J132552-241252,201.4702149744467,-24.21460900392571,177.81628969414749,6.677648158418455,3.58049154033358,13.76721957522489,9.542881703292716,9.707347475683122,0.7427761719491747,0.001908971729177664,NGC 5044 TR1,4.0
WALLABY J133105-223647,202.7742510614446,-22.61308894103745,131.9317994500799,8.058968745017067,3.810633354849774,-79.48965999287397,9.280885459495217,9.445517718692837,0.7809033511563144,0.001849878793542115,NGC 5044 TR1,0.0
WALLABY J132729-244239,201.8745685806774,-24.71105763481295,179.07339593676983,5.62456544656626,3.626069140583378,-43.81223029662851,9.543826986374574,9.708605820518342,0.7967207650558411,0.002179925820133239,NGC 5044 TR1,4.0
WALLABY J133637-201456,204.1560794074682,-20.24891607338246,140.6248205345476,6.009254712565792,4.202209612020495,-79.36892180287413,9.333264977267007,9.498081582555546,0.8184828948896604,0.00172335050287738,NGC 5044 TR1,4.0
WALLABY J134305-242303,205.7738684127035,-24.38431473228217,93.35352369623111,6.778519110276216,4.183700736716786,-0.07471032760062712,8.975472334559703,9.140405833912416,0.7649371466266972,0.002204879292833985,NGC 5044 TR1,0.0
WALLABY J133316-240803,203.3171756202935,-24.13429260744026,187.1682627080576,5.558430843239027,3.398657768681831,-69.20771017990717,9.579471876868116,9.74441770003742,0.780740274520827,0.001781536524348019,NGC 5044 TR1,4.0
WALLABY J132807-200957,202.0314805102023,-20.16591597178022,67.79669165336401,4.644371614250207,3.735333883813858,88.5944043805169,8.696879570774943,8.861858404993113,0.9628855786983472,0.002327397364226741,NGC 5044 TR1,0.0
WALLABY J134633-232010,206.6375037805453,-23.33634143010496,276.5115074417375,6.030395265414991,5.342071896593884,-52.11285909426,9.911529009738393,10.07689342577948,0.7474120248771008,0.003226518401651251,NGC 5044 TR1,0.0
WALLABY J133610-220440,204.0446533206092,-22.07788912297577,129.5455480150268,7.075509166780393,4.641571654327691,-47.65188461941224,9.251679956975611,9.417121286712671,0.8753634566203166,0.00165728712628513,NGC 5044 TR1,0.0
WALLABY J134043-210212,205.1792795845887,-21.03688066923974,187.31892491246185,5.630005710193565,4.276046878648193,67.3131576441312,9.570485466132766,9.736018614008463,0.5508212771427826,0.001821659256183914,NGC 5044 TR1,4.0
WALLABY J132518-232409,201.3258835409483,-23.40266508767589,126.29264468186666,6.52630927054845,5.777393446432966,7.22876490515074,9.224890713625912,9.390617422146738,0.8912236570390272,0.002050647963172167,NGC 5044 TR1,0.0
WALLABY J133042-213957,202.6787611041532,-21.66592691856145,105.95468450638393,6.648272086732931,5.248111452255926,13.02175389572363,9.066312373505005,9.232407584849263,0.8516686795981007,0.001769926832113628,NGC 5044 TR1,0.0
WALLABY J133557-234115,203.9901747600839,-23.68769560008593,162.86629300097852,6.491434729330662,4.481564804062266,-58.57890898717757,9.438990746426365,9.605131196386415,0.9992098242647559,0.001666392340835644,NGC 5044 TR1,0.0
WALLABY J132229-214334,200.6232118154154,-21.72626017935012,23.463098344499198,4.679786539952008,3.592959591115965,5.922098229706137,7.751524705563116,7.917943559434545,0.941861270394868,0.002396687021726325,NGC 5044 TR1,0.0
WALLABY J134401-240935,206.0046807646403,-24.15977058582013,126.90889027476065,6.29471263524578,5.713019522708086,-4.012125111276845,9.217357658176374,9.383799675099086,0.9190004756374062,0.002140309662295634,NGC 5044 TR1,0.0
WALLABY J133841-225918,204.6721073901845,-22.98853010397821,81.61818223401723,5.579037866380755,4.341028336691537,59.0934494268366,8.828733234537829,8.995492949137637,0.750719181541702,0.001745784740798217,NGC 5044 TR1,0.0
WALLABY J134112-233409,205.3036985286238,-23.56916607526098,181.59494554907187,4.965528137742762,4.372764576389645,-49.40876932171989,9.512237713080882,9.679676698425219,0.5283864940505273,0.001841596524417101,NGC 5044 TR1,0.0
WALLABY J132648-250524,201.7008163764501,-25.09015838255456,159.83765709314633,4.233551283238079,3.35472088398171,-83.84410753875171,9.40116470925243,9.568617364628041,0.7052352095169143,0.002923286830825113,NGC 5044 TR1,0.0
WALLABY J133011-210731,202.5465032099922,-21.12547823641612,77.36893596933652,8.170587407892196,4.914524410724881,-80.76685708791057,8.769519014483796,8.937058503827547,0.8978989295708407,0.001720673427579095,NGC 5044 TR1,0.0
WALLABY J133443-235453,203.6791846429588,-23.91493029633664,187.02710819703026,4.048580054570999,3.270093281860413,-48.36607466193105,9.532805655872451,9.700552395642994,0.8998088704146414,0.001708482771774604,NGC 5044 TR1,4.0
WALLABY J133217-210813,203.0749006623077,-21.13707689684373,85.65067301804245,7.165018607426299,5.376538692654657,-58.03111542768468,8.84785679724221,9.016007631339427,0.716721082610962,0.001728594967689995,NGC 5044 TR1,0.0
WALLABY J133434-250142,203.6418444197841,-25.02854146321582,360.079018104497,5.913140988593919,5.343984959471204,-40.82451702179117,10.091574764958068,10.259947194032895,0.710097136495353,0.002278858600114667,NGC 5044 TR1,0.0
WALLABY J134416-201923,206.0680360443616,-20.32307032989039,77.17507405719837,7.480641160208533,5.549802951279422,-27.5049052948221,8.750802879290926,8.919355005890907,0.8173158342808381,0.002182249847011251,NGC 5044 TR1,0.0
WALLABY J133236-225242,203.1525966205481,-22.87846536436542,101.47089572345428,5.196868137561405,4.263817388311987,5.436704087586349,8.98850616116448,9.157059857710884,0.7551746325865456,0.001814157300873641,NGC 5044 TR1,0.0
WALLABY J133601-231252,204.0047684924761,-23.21444999396459,374.49102873134467,8.228940406709278,5.040479345355004,-35.16386788558768,10.120318652711163,10.289018829921687,0.8676516636227128,0.001629019951985352,NGC 5044 TR1,0.0
WALLABY J134219-211125,205.5813798208427,-21.1905363504437,235.06579208330425,6.531531409585559,4.666449968444669,48.02328078224974,9.70991645339159,9.878978843523797,0.9330479652302204,0.001801050583230677,NGC 5044 TR1,0.0
WALLABY J133643-201220,204.1814151172334,-20.2057760530188,197.20529930407974,5.045689880211511,4.782756413584412,34.06465881792673,9.546377517062146,9.716116450210734,0.7225717730348045,0.001759270827997652,NGC 5044 TR1,0.0
WALLABY J133012-205435,202.5513697163376,-20.90972366859243,147.22328671092313,7.955068618745753,5.207161618640003,-88.44409512266054,9.283551138954326,9.453841342659784,0.7408941244016974,0.00166863075929691,NGC 5044 TR1,0.0
WALLABY J133139-212053,202.9166223516326,-21.34823025285065,78.83462274661194,5.454114289158256,4.316239419089542,6.404240458252247,8.740730767874878,8.911039566908519,0.7935722410527383,0.001680379478909707,NGC 5044 TR1,0.0
WALLABY J133431-221037,203.6315531613143,-22.17703475919626,101.40519876188077,5.285239044670156,3.940886961282628,87.81644522505962,8.955896051252576,9.126422219764228,0.8125542471255371,0.001627981691035877,NGC 5044 TR1,0.0
WALLABY J134411-202246,206.0488103234404,-20.37960139567068,241.7091417371097,5.427556857985909,4.534529488282168,46.62633211240407,9.707419003963913,9.878126957795216,0.8132934456367292,0.002053068817311863,NGC 5044 TR1,0.0
WALLABY J132504-211732,201.2674986825617,-21.29233677123237,114.26722376683577,6.833676574585621,5.704045746297569,81.41333063609615,9.0555367147702,9.226315089499419,0.7804722168675481,0.001928609281653431,NGC 5044 TR1,0.0
WALLABY J132614-195933,201.5584849580364,-19.99256460817054,109.46581099575583,6.038821173066642,3.74699039633657,-51.2288542093127,9.00738072380573,9.178831686184107,0.7164087411784256,0.002271855797105264,NGC 5044 TR1,0.0
WALLABY J133141-231608,202.922302657088,-23.26891505820414,131.41444898702645,5.900944774717051,4.4741997475642,80.82617869664054,9.159057025021063,9.330945221640368,0.9851255521880048,0.001935783560392748,NGC 5044 TR1,0.0
WALLABY J133102-211704,202.7617051878166,-21.28447946201535,84.04671004068405,4.38726042656964,2.964076286464697,-48.974191532978,8.770200964320724,8.942127085351428,0.9109724058155781,0.00164328013948541,NGC 5044 TR1,0.0
WALLABY J134025-195723,205.1053852662868,-19.95656097111844,215.99100986482284,5.179724610791931,4.2805029547462,-12.17665618620768,9.5815344698845,9.753988229111647,0.9186660414045326,0.002893577603456951,NGC 5044 TR1,0.0
WALLABY J133605-202342,204.0214091437398,-20.39513025265556,185.34417698043367,5.486777823001767,4.68869176632665,-78.98897467533585,9.445212431496435,9.617878129966716,0.7271719358050486,0.001741005944349278,NGC 5044 TR1,0.0
WALLABY J133206-220705,203.0281773355017,-22.11814544937469,131.5953442582505,4.148161960488282,3.708518263497107,83.40711262831468,9.144552304172818,9.317416068742926,0.9077095832464973,0.001708054902288485,NGC 5044 TR1,0.0
WALLABY J133242-233015,203.1771656724785,-23.50437908469016,144.68304960058353,4.608282474082166,4.092497330745411,30.9375942076189,9.211643977723803,9.385459205502677,0.8208736932543741,0.001644782774316451,NGC 5044 TR1,0.0
WALLABY J134024-233429,205.1010560653504,-23.57471469229242,160.53737022057828,5.376020752666274,4.318990530999867,-42.57603911207117,9.301529914084286,9.475372056564611,0.5940016654168973,0.001746015935302718,NGC 5044 TR1,0.0
WALLABY J133446-233550,203.6931855681567,-23.59731888885566,154.52329954582652,10.89181617523067,3.397190371013444,34.25355004438694,9.250264553042081,9.425239100289948,0.8045093797324331,0.001738564205898239,NGC 5044 TR1,0.0
WALLABY J133248-230737,203.2007495740305,-23.12693621678119,124.8900104442353,5.635210483876822,4.944991887961729,37.81848758381645,9.062380903732041,9.237540473753272,0.714391561832328,0.001847497464256118,NGC 5044 TR1,0.0
WALLABY J133726-231132,204.3612550746041,-23.19235959673662,374.54268088501067,7.322209719291187,5.276379248880067,0.9237289787141378,10.003742580157706,10.179692474678365,0.7213119447338963,0.001523264043111121,NGC 5044 TR1,0.0
WALLABY J132442-211714,201.1758043766884,-21.2873136036537,75.85298124973885,4.105343293957286,3.68955567041094,2.713934530389793,8.594656380868265,8.77199452300126,0.9998332545018966,0.001937951300130914,NGC 5044 TR1,0.0
WALLABY J133823-233440,204.5978293147916,-23.57796835234219,360.8940841678401,5.886444331219718,4.831608476979753,-85.7782101719081,9.932983076123524,10.111364346472916,0.715360383006641,0.001485245276194868,NGC 5044 TR1,0.0
WALLABY J133057-211755,202.7377922151835,-21.29877797371002,77.0625526438419,6.10718578884063,4.978111267491515,63.23187131542952,8.547883504081794,8.72906743407483,0.8254957536743545,0.001862142371838693,NGC 5044 TR1,0.0
WALLABY J133506-233309,203.7751243836783,-23.55261811262439,147.41977688231674,5.258977140156544,4.59985626107471,28.55383280587722,9.099633793922793,9.281565087259843,0.9221163484977366,0.001718398418423574,NGC 5044 TR1,0.0
WALLABY J134334-220713,205.8933551602689,-22.12045022475376,77.05367938972827,5.468868929284242,4.320171932725096,-20.04690175785846,8.417241856023887,8.606882747815927,0.7128542547623654,0.001837870314519632,NGC 5044 TR1,0.0
WALLABY J133906-245551,204.7774299022693,-24.93086316137453,252.32111477571567,5.340114371569253,3.637666532080825,56.89341269371485,9.437897723883268,9.628173457954249,0.7091099720410591,0.002088708498711107,NGC 5044 TR1,0.0
WALLABY J134414-231547,206.0586737670744,-23.26321527118279,50.507715607379716,6.154688079922152,4.430776380504492,-20.44248192845933,8.036735232048326,8.227272146004411,0.9670331513514654,0.002414710355013335,NGC 5044 TR1,0.0
WALLABY J133903-231528,204.7630034344323,-23.25790674468111,356.0148946720276,5.193358261369756,4.018621686505393,-40.38344124976169,9.727977606417088,9.918842271300347,0.8652570820005676,0.001619913011458694,NGC 5044 TR1,0.0
WALLABY J134411-241624,206.0498717439603,-24.27335448116711,227.60084729117705,5.823556390942047,4.507164489555358,19.67365386665148,9.273172623224703,9.46842693390116,0.7226285833728653,0.002020942015158679,NGC 5044 TR1,0.0
WALLABY J132738-233323,201.9121967807468,-23.55653305302648,23.908683582697023,3.16469987008615,2.970571275919847,-89.60040162117787,7.314218553829515,7.509587486227427,0.8779906203228641,0.001863561987217204,NGC 5044 TR1,0.0
WALLABY J132525-210135,201.3549433826079,-21.02638144767804,373.55250685302957,4.169180077806748,3.313297201041878,-51.82495309275762,9.606275778900503,9.808079699628989,0.8113971413496724,0.001732736965240573,NGC 5044 TR1,0.0
WALLABY J133343-205041,203.4302456328498,-20.84486155510776,361.7629442176533,8.040898767901774,3.44873181440439,-10.05276140280598,9.57392107909719,9.77603098094929,0.8324234548413804,0.001413353019267616,NGC 5044 TR1,0.0
WALLABY J130943-163617,197.4317179211032,-16.60493984517278,36.85324883859581,27.50326761851561,13.58608838054528,-84.97871314024324,9.774831291712003,9.859084979443764,1.0,0.001826586055087209,NGC 5044 TR2,4.0
WALLABY J131658-163757,199.2447804061402,-16.632747000155,24.883284340502403,25.55108142658085,14.64146006876291,-11.26497644414523,9.401105988221733,9.486665379880327,1.0,0.001981473946074237,NGC 5044 TR2,0.0
WALLABY J131334-152553,198.3930237665805,-15.43162201129103,35.74081189140335,18.1486422966647,16.83339580002899,85.12167853989519,9.582522050440483,9.673556263288665,1.0,0.001690697019103828,NGC 5044 TR2,4.0
WALLABY J131305-195830,198.2713210755625,-19.97509824467095,39.545210141762844,18.7940266623915,5.045438798236129,1.827942178850833,9.667071549184847,9.758244803563256,1.0,0.001772257245103374,NGC 5044 TR2,4.0
WALLABY J131234-173225,198.1452134235389,-17.54042901333131,39.72832984503422,12.0280685061161,6.032276002156537,-56.48781751698665,9.60113214949876,9.695277391263632,1.0,0.00178562415365006,NGC 5044 TR2,4.0
WALLABY J130618-173039,196.5768410869774,-17.51096062271869,20.990122420998897,14.6239980930733,10.91220567162149,-66.33085634974417,9.021810613996951,9.117039838998918,1.0,0.001814808339075191,NGC 5044 TR2,0.0
WALLABY J132635-221419,201.6494655242224,-22.23866903704058,20.369713182443807,14.33877820974281,8.14498945343056,80.8548275302913,8.907925020618027,9.0070034336205,1.0,0.002148000180499648,NGC 5044 TR2,0.0
WALLABY J131330-193244,198.3757282742918,-19.54571842615524,42.93022863150502,15.82128155236939,10.78734916256541,33.41038835249941,9.490182614981617,9.592187404899647,1.0,0.001724426562704411,NGC 5044 TR2,0.0
WALLABY J130311-172230,195.7981672739039,-17.37508299509739,42.30899526023088,15.4522214164361,13.57062633084344,-16.01135524205942,9.448568396567277,9.551888324548447,1.0,0.001946741955529168,NGC 5044 TR2,0.0
WALLABY J131830-143635,199.6280088690722,-14.60998329484377,41.531841017659104,15.49611292227163,10.18027502148442,-27.95252419610274,9.418496364343774,9.52245466888144,1.0,0.001760379336176192,NGC 5044 TR2,0.0
WALLABY J131157-120351,197.9910817158778,-12.06427242760317,30.22886138822061,12.2911090895106,8.482484370525096,89.02623744177104,9.130132791769512,9.23466193815063,1.0,0.001574237641769658,NGC 5044 TR2,0.0
WALLABY J131706-161516,199.2758863498761,-16.25452054297091,37.6526156562937,13.05323792210948,4.47852847516572,-8.63194305728507,9.318239039593552,9.422889560883736,1.0,0.001923497889601526,NGC 5044 TR2,4.0
WALLABY J133541-240428,203.9234381893391,-24.07585148829603,36.57606049055187,12.31713665244587,5.148508709829045,-45.6473366386245,9.292788565950534,9.397450768851188,1.0,0.002258595640183091,NGC 5044 TR2,4.0
WALLABY J130629-133413,196.6218391513807,-13.57052642779894,35.19782151889389,10.29186156354824,8.331071336466755,79.37071941614703,9.209233943592508,9.316220611356057,1.0,0.001689258072792503,NGC 5044 TR2,0.0
WALLABY J130515-165316,196.3144249735851,-16.8879611922462,40.58642948421713,11.09105671491468,6.061220755847749,-50.46085326635212,9.282969011413709,9.392303305712458,1.0,0.001844139491368991,NGC 5044 TR2,0.0
WALLABY J130806-144640,197.0252102660338,-14.77792002707602,37.055518329690095,12.15050360637523,9.438290200069277,-3.281070385153456,9.189855142272533,9.299855365194206,1.0,0.001619001523457001,NGC 5044 TR2,4.0
WALLABY J130324-144601,195.8500085597362,-14.76710832939615,36.8178760350137,9.068430417141396,7.543346780348057,9.134004775114477,9.16640565216543,9.277255638474488,1.0,0.001685001125230728,NGC 5044 TR2,4.0
WALLABY J134019-235122,205.082692315635,-23.85631890730078,92.99213648933171,11.38327696966327,10.57377678399495,-0.3782205667339298,9.957292359905889,10.068805937830746,1.0,0.001852293520466499,NGC 5044 TR2,0.0
WALLABY J133058-215044,202.7428579512032,-21.84576232834223,105.10880252958917,13.3626205712426,6.160010608565593,-9.06315931734666,10.059335978228521,10.171057535654853,1.0,0.001700841789085926,NGC 5044 TR2,0.0
WALLABY J130534-154506,196.3927152519412,-15.75171556056694,41.50747952690279,9.482765496330558,8.150291676018025,73.85233411469491,9.242163211534862,9.354371757076756,1.0,0.001826727671429831,NGC 5044 TR2,0.0
WALLABY J130854-163609,197.228340165338,-16.60264013832724,36.94704031618008,15.10541019052826,4.560448046342405,-17.74223378358951,9.128152742065014,9.240983120717404,1.0,0.001833896772240716,NGC 5044 TR2,4.0
WALLABY J133010-240841,202.5429624256414,-24.14462975213077,70.6018160911634,12.25853959379527,11.14960531340488,-62.30613393590467,9.686531081636888,9.799559000336446,1.0,0.001968311997194661,NGC 5044 TR2,0.0
WALLABY J131712-171511,199.3010306727904,-17.25328485413454,35.94938858382149,12.28336705870711,8.166857321672575,54.19383005215164,9.094260299320347,9.207579176668288,1.0,0.001785273262699967,NGC 5044 TR2,4.0
WALLABY J130818-143213,197.0755355493448,-14.53709900022556,38.21464758775209,15.05537416554598,7.323711703436603,-83.6324337578348,9.12456962389756,9.23899274225358,1.0,0.001474959407662992,NGC 5044 TR2,4.0
WALLABY J133439-234044,203.663363474842,-23.6791483759322,37.090867655158355,8.898305242053489,6.589934963566661,-2.743421162931824,9.093746233001566,9.208407766561606,1.0,0.002114274002552546,NGC 5044 TR2,4.0
WALLABY J134102-231256,205.2601145684878,-23.21579673141846,99.84830156529416,9.9600524054912,6.403344808801045,37.43305384707355,9.948157692320567,10.063098839380554,1.0,0.001828214513579154,NGC 5044 TR2,0.0
WALLABY J131400-164707,198.5022627245684,-16.78531598868686,44.00820003375336,12.12881028119025,5.837797491850877,-80.31683610768658,9.193186726656993,9.310255156736785,1.0,0.00185017065610808,NGC 5044 TR2,0.0
WALLABY J133949-220132,204.9584213559631,-22.02556413308159,83.37706294013802,8.253285431621991,5.088864360526778,61.16090874848055,9.746295376978908,9.863458438743093,1.0,0.001739833920248636,NGC 5044 TR2,4.0
WALLABY J131855-173800,199.7333042115919,-17.63358288407448,35.728889975968436,10.78547500266408,7.626387530471706,74.84643241661222,9.007963079184076,9.125238645478284,1.0,0.001930303931330502,NGC 5044 TR2,4.0
WALLABY J131512-175802,198.8038055795827,-17.96731624552884,39.615135946190115,11.24608504932964,9.43045672055986,10.94319438733936,9.09617253431259,9.213520917487891,1.0,0.001792382385839845,NGC 5044 TR2,0.0
WALLABY J131237-142630,198.1566668683732,-14.44189483163003,88.80457539632353,13.66481873406892,4.323689541009431,59.50282555805698,9.794551588837354,9.912036873203677,1.0,0.001525409172561799,NGC 5044 TR2,0.0
WALLABY J133138-232047,202.9117168903747,-23.34665968442661,107.2822807708172,8.314505001470424,6.502983507010515,-69.33805402941391,9.930167625905966,10.049071007986301,1.0,0.001795992782738045,NGC 5044 TR2,0.0
WALLABY J133801-225524,204.5061192555524,-22.92373544526665,99.5520049609908,14.2738344114343,7.171805996193319,60.65762093077373,9.859147866742909,9.978353592173994,1.0,0.001753628266787405,NGC 5044 TR2,0.0
WALLABY J133208-225710,203.0342585657203,-22.9530088426751,72.22174686437458,10.13316853817327,5.86037817224536,60.10041415383672,9.578591837680552,9.697887003319194,1.0,0.001896439243797837,NGC 5044 TR2,0.0
WALLABY J133017-214446,202.571126273483,-21.74632818456768,104.33525049421897,7.746388990220728,5.314024262105658,-84.8258621975667,9.895156422846904,10.014599494039148,1.0,0.001741520112642601,NGC 5044 TR2,0.0
WALLABY J130936-185815,197.4011047987682,-18.97107618262267,152.08758752542283,9.545985608428634,6.503132086820846,18.40694901286852,10.220552854007899,10.34009232281696,1.0,0.001559944660722863,NGC 5044 TR2,4.0
WALLABY J133825-214905,204.605842716016,-21.81868591054609,83.65291634381082,9.24036580702633,7.451001150737304,-17.76866641476825,9.699580096525715,9.819206929853522,1.0,0.001734082191047274,NGC 5044 TR2,4.0
WALLABY J131802-151824,199.5105287343084,-15.30681006128866,160.65962180549448,10.54218848416216,6.953413710579756,36.8778028791931,10.265754104253212,10.38541481086417,1.0,0.001739118589435719,NGC 5044 TR2,0.0
WALLABY J131321-185558,198.339349303448,-18.93288961256165,87.69308514281454,9.00607628852388,6.150730316849687,14.07743607093244,9.738110799483838,9.857859582517666,1.0,0.001677930146163634,NGC 5044 TR2,0.0
WALLABY J133949-221815,204.9578175373873,-22.30432988972141,81.91417591094694,9.092047718415778,5.243612405347585,-49.85315813624148,9.663351467670763,9.783879765480625,1.0,0.00171553485140292,NGC 5044 TR2,4.0
WALLABY J133035-223035,202.6491054453826,-22.50973996268653,78.53337607671527,10.17038097810323,8.023021949040583,38.25817085874971,9.626628827327918,9.747162804558224,1.0,0.00187549133023348,NGC 5044 TR2,0.0
WALLABY J133035-211808,202.6471020216703,-21.30280171466114,83.43362019988994,15.53128851303528,6.819143576502471,-39.48722995868035,9.674354010571465,9.795131734079492,1.0,0.001750297736920968,NGC 5044 TR2,4.0
WALLABY J133253-241226,203.2233017092307,-24.20729406619552,69.54263748620647,8.792368762117162,6.703197307168097,74.29364690172544,9.51211179005995,9.633093973991484,1.0,0.001970859710580948,NGC 5044 TR2,0.0
WALLABY J130350-163312,195.9598194734287,-16.5534209929338,182.05094422418344,10.60584166796823,5.137808006158437,62.20415689774239,10.345947310088489,10.467032652716837,1.0,0.001760796677207832,NGC 5044 TR2,0.0
WALLABY J131431-162247,198.6301987384938,-16.37979507195245,21.111040715415132,8.286851519266909,5.622854271245768,71.91070548613745,8.473808770375143,8.594933012681329,1.0,0.001854333710567617,NGC 5044 TR2,0.0
WALLABY J131618-204147,199.0767147035013,-20.69660704301662,41.393100769718984,9.916486536910252,7.793589364590646,43.58227852756346,9.057959735987664,9.179118532905802,1.0,0.002022682144307147,NGC 5044 TR2,0.0
WALLABY J133811-204047,204.5463416546297,-20.6798529053906,184.55509412287827,8.674631326217577,8.104455505547946,74.93090355675145,10.356290032169616,10.477452147331961,1.0,0.001682274082923071,NGC 5044 TR2,0.0
WALLABY J131649-133623,199.2054044048268,-13.60653419636822,95.9444593063983,9.217182168459896,7.747865340483956,-65.64416585990169,9.785923392232336,9.907194123376708,1.0,0.001540653425360408,NGC 5044 TR2,0.0
WALLABY J133440-234722,203.6672049819966,-23.78948427016499,111.4226978068618,12.19499711519969,9.811527647750982,31.42261392664352,9.899965365875046,10.022037827848465,1.0,0.001765604642653607,NGC 5044 TR2,0.0
WALLABY J131641-192652,199.173598059626,-19.44778559441298,114.92432719294648,9.733208261922684,6.801482540356345,69.07494615286646,9.911045183480018,10.03391912572297,0.9999979069415771,0.001711103062457749,NGC 5044 TR2,4.0
WALLABY J133530-242103,203.8770454823596,-24.35096725441746,110.08659706016071,8.740090988351746,4.692739702383019,-52.48298619978807,9.866221616093581,9.98947560866597,1.0,0.001933216516073648,NGC 5044 TR2,0.0
WALLABY J133933-222957,204.8909435518751,-22.49930605045906,99.97102865101009,10.60812779179106,7.912145169568552,34.38904972083836,9.777789548872837,9.901283665112304,1.0,0.001719250705443524,NGC 5044 TR2,0.0
WALLABY J133329-211151,203.3744347221712,-21.19711017054754,101.52877056047457,11.32777333929307,6.839933126952904,-9.771550094291172,9.791013512818347,9.914518132886048,1.0,0.001637734405536845,NGC 5044 TR2,0.0
WALLABY J133041-233009,202.6741234209146,-23.50271564864846,184.38408343337525,10.63722301058571,6.121203393498662,-78.83829250755002,10.305517822901166,10.429214507481513,1.0,0.00169126710902422,NGC 5044 TR2,0.0
WALLABY J130516-172641,196.3173143090456,-17.44484323720395,153.37530152409084,12.21669789768454,5.01465363091931,38.09845602422919,10.141085715371949,10.265012043567943,1.0,0.001723757315454541,NGC 5044 TR2,4.0
WALLABY J131851-123625,199.7127706609342,-12.60716070697107,42.735023725975715,9.342304319978677,8.614397740190597,-26.58794554114004,9.028594095529826,9.152650715976005,1.0,0.00172681583148067,NGC 5044 TR2,0.0
WALLABY J134034-215548,205.1433080706274,-21.93014114477399,142.06132575408378,9.586572395452961,8.352555259273137,5.845023373284789,10.071480556107527,10.195562611533314,1.0,0.001713832607430815,NGC 5044 TR2,4.0
WALLABY J131430-173154,198.626622630575,-17.53181079379835,35.48547186211829,11.11342024822249,6.164108607149357,-22.47287515740985,8.863939309116411,8.98815902597974,1.0,0.001768750234176205,NGC 5044 TR2,4.0
WALLABY J134147-233627,205.4493376993903,-23.6075307683004,160.7709293180284,9.504760649097877,5.064492465559056,-69.28920553847237,10.169542605265496,10.294106052226502,1.0,0.001869079242559391,NGC 5044 TR2,0.0
WALLABY J133610-234710,204.042637292066,-23.78629576848347,162.4716203100637,11.29148560849647,9.009960387348972,33.27881302760625,10.177810406546959,10.302418571107214,1.0,0.001657285055113757,NGC 5044 TR2,0.0
WALLABY J133310-240706,203.293517653753,-24.11899606313786,68.29855570326035,8.581316931789791,7.405895043358041,28.56657076901635,9.422349232206207,9.547097389531,1.0,0.001959969836697448,NGC 5044 TR2,4.0
WALLABY J133212-211202,203.0540912602214,-21.20054973337722,85.72815229308263,8.499202057122618,6.102932087727375,13.96227497257715,9.614944552094528,9.739940623162179,1.0,0.001727953422357237,NGC 5044 TR2,0.0
WALLABY J133842-214839,204.676696707035,-21.81090601596576,82.67144302377066,7.339678396867393,5.777797715542012,11.31686037652736,9.574101577068042,9.699576351656411,1.0,0.001685623167033057,NGC 5044 TR2,4.0
WALLABY J133522-225937,203.8441756597799,-22.99368773137082,35.91729925901158,8.811956824948739,5.708731063883463,-75.52480489467925,8.848842378918745,8.974376665127632,1.0,0.002019535344601248,NGC 5044 TR2,0.0
WALLABY J130357-112956,195.9878894664428,-11.49888196804582,45.40372420375908,16.48779721951677,10.273278906597,47.39266356351163,9.052197600251608,9.177743238364227,1.0,0.001834016382387501,NGC 5044 TR2,0.0
WALLABY J131459-171601,198.7486679641574,-17.2671965189473,34.11367154445447,6.393533082244923,5.029629869863441,-69.15508222661857,8.797075527513936,8.922971542265948,1.0,0.001638248056037325,NGC 5044 TR2,0.0
WALLABY J132922-221123,202.3451548404521,-22.18986402243111,78.62717325520947,8.844942333690296,4.509382388600177,49.48420537139825,9.517124824540982,9.643291351431822,1.0,0.001826359952212333,NGC 5044 TR2,0.0
WALLABY J130337-142537,195.9072200805077,-14.42708354924168,37.94659892988332,8.215239604472478,5.715242362798356,56.40868243080028,8.884297229060337,9.010465202633956,1.0,0.00154906013736541,NGC 5044 TR2,4.0
WALLABY J132905-205629,202.2723794059632,-20.94150154080795,79.32716470945392,7.846470469036145,5.459529579678959,-68.86543029736835,9.524291159710923,9.650485185957109,1.0,0.001775810512191205,NGC 5044 TR2,0.0
WALLABY J133037-205541,202.6571802948535,-20.92808615941489,76.791797531138,8.545380817093772,4.422063349818621,-87.82437792367163,9.492890840664833,9.619249572520749,1.0,0.001790153632844986,NGC 5044 TR2,0.0
WALLABY J133108-202916,202.7855610984893,-20.48795680547344,96.43753703168974,16.58956986518923,6.09981233422632,31.24682202517283,9.682494022297762,9.809280329205643,1.0,0.001825093776113032,NGC 5044 TR2,0.0
WALLABY J130401-170100,196.0048882532951,-17.01688869012441,196.57486306236035,10.51103396068723,9.688403281147535,55.20186978536508,10.298458084170697,10.425379154391702,1.0,0.00176855528517073,NGC 5044 TR2,0.0
WALLABY J131840-150339,199.6667382600184,-15.06106840509361,45.71407078945771,10.13961292170598,5.288687905791191,17.1965128565667,9.031407514371338,9.15833348071083,1.0,0.001852842208282704,NGC 5044 TR2,0.0
WALLABY J131827-141337,199.6130855732312,-14.22706968899492,152.51381567380915,11.39373015306755,6.9601941700785,6.835202255887367,10.074184885774113,10.201304947461194,0.99999999999998,0.001560165240474078,NGC 5044 TR2,4.0
WALLABY J131713-130921,199.3049043117126,-13.15582872517125,98.64080261911565,7.809811697406803,7.418720191819617,87.22811241720372,9.693956377523211,9.821165907551782,1.0,0.001589572680913446,NGC 5044 TR2,0.0
WALLABY J133214-210542,203.0588157542317,-21.09540063609771,82.92402492737544,10.41469895600754,6.77222520589762,-88.92865993477444,9.540928658593133,9.66825637004801,1.0,0.001750123413330415,NGC 5044 TR2,4.0
WALLABY J133126-211009,202.8611133921503,-21.16929509694594,76.77113638465612,7.879835622111524,5.713397645852968,18.14187202011638,9.470513754130433,9.59802079664151,1.0,0.001764075341491139,NGC 5044 TR2,0.0
WALLABY J131708-202436,199.2848000399129,-20.41011595397528,100.6232384209914,8.609005510789446,4.688240966310877,-47.44408095743503,9.69103798661696,9.819299165230147,1.0,0.001811794266934772,NGC 5044 TR2,0.0
WALLABY J131449-134343,198.7052605076125,-13.72875387516004,93.02408257356588,10.07786284317471,8.381866780300319,74.0043414774018,9.619907828481123,9.74832167776286,1.0,0.001497065192323609,NGC 5044 TR2,0.0
WALLABY J133600-205437,204.0021409286826,-20.9103459150554,194.60946367235664,8.064263668682043,5.339845438008274,53.54779785203425,10.258530753402393,10.387075947509556,1.0,0.001612996507256495,NGC 5044 TR2,0.0
WALLABY J130922-133559,197.3425056443987,-13.59984722008729,201.47869989264552,7.975872396103274,4.232942299918421,-64.29124791295517,10.280723872618523,10.40968425480786,1.0,0.001386933157234854,NGC 5044 TR2,0.0
WALLABY J133727-223204,204.3670028231241,-22.53493996875881,130.25803539906056,16.22309950171289,6.486325958702313,-64.06422365864145,9.899911473525354,10.028974672139826,1.0,0.001663357384383882,NGC 5044 TR2,0.0
WALLABY J134026-235514,205.1102896770949,-23.92064827989268,282.04843266745746,8.614988361462101,5.173996771242276,-14.36639839095007,10.56971020250638,10.698838347893275,1.0,0.001661713133210218,NGC 5044 TR2,0.0
WALLABY J131220-142824,198.0834857524696,-14.47359615432691,89.34414515841164,9.088945526010038,4.501923871754404,67.17503753652164,9.570480536259238,9.699646125091052,1.0,0.001526399192478047,NGC 5044 TR2,0.0
WALLABY J131758-151541,199.4949152718503,-15.26153497506285,190.59711133811413,11.18752895586276,7.607460732334928,50.04678749525604,10.225285108351615,10.354623504645023,1.0,0.001729401171146897,NGC 5044 TR2,0.0
WALLABY J133516-223211,203.8195813031037,-22.53645134563061,114.08406987436626,6.690027317662016,6.300966269954165,-64.55285177269597,9.779150297287908,9.908507168248263,1.0,0.001673138318594806,NGC 5044 TR2,0.0
WALLABY J131352-191608,198.4692809465216,-19.26902348055335,102.61340609334773,7.822873247813857,7.342384342438178,-76.48195084424563,9.685322933909427,9.814773491539755,0.999999999999037,0.001677609718692484,NGC 5044 TR2,0.0
WALLABY J133039-213728,202.6638917883099,-21.6245660583804,102.11423132352236,7.103992743397822,5.48087260238344,71.31498647508593,9.679422232178958,9.808960189948001,1.0,0.001711291366455069,NGC 5044 TR2,0.0
WALLABY J130718-162004,196.8285582459177,-16.33469846608205,35.30669072599853,8.238526780221335,6.247410507658867,-24.6116966840091,8.756589586826248,8.886147189005461,1.0,0.0018537693163685,NGC 5044 TR2,0.0
WALLABY J133019-220858,202.579548517484,-22.14935413391487,78.39283333541798,10.09192016005694,7.036602493906019,89.45555793309369,9.447459648469584,9.577120641609348,1.0,0.001776153032156999,NGC 5044 TR2,0.0
WALLABY J131754-133617,199.4760295702928,-13.60496786294313,90.93411341468554,8.114460377255298,6.053720134152342,-86.37143511889528,9.57499647325059,9.704729138949459,1.0,0.001518488094522819,NGC 5044 TR2,0.0
WALLABY J130756-164123,196.9853926461551,-16.68982837443717,13.570406295601845,7.615717133257415,5.821153892856865,-65.00142400716487,7.916970747315867,8.047006199578124,1.0,0.001864500918239587,NGC 5044 TR2,0.0
WALLABY J130857-153100,197.2411251344144,-15.51681511333676,17.898138619128186,14.92828360658288,8.781884723190599,7.684179760066144,8.155517827174275,8.285652390059433,0.9999999999999991,0.001667545551796316,NGC 5044 TR2,0.0
WALLABY J130758-121123,196.994582601222,-12.18971755777114,179.1846788145156,10.32835433758064,6.959147049648223,-30.90612206260181,10.150848715203189,10.281281214597046,1.0,0.001435209314076606,NGC 5044 TR2,0.0
WALLABY J131117-194944,197.8241613277994,-19.82891234397186,39.69110615986203,8.800294059267227,4.574694588370562,-68.95794718772302,8.839967366293829,8.9704877189296,1.0,0.001769486967093308,NGC 5044 TR2,4.0
WALLABY J131620-164013,199.0835712409507,-16.67040752001989,77.82638910379816,8.357817492394254,5.511359688018485,27.08651996788475,9.421021330993876,9.551742905767249,0.9999999999999923,0.001876109143394256,NGC 5044 TR2,0.0
WALLABY J130922-195223,197.3443507283633,-19.87330866377477,102.42397548885556,7.22036896920023,4.728350267145362,-47.22256797209489,9.657889605051666,9.788699952895227,1.0,0.001650592582615061,NGC 5044 TR2,0.0
WALLABY J131132-144033,197.8842002425692,-14.67600800467636,35.10377447195056,8.29604265253816,6.878727560828904,-50.50792293114024,8.715332702380428,8.846802178557189,1.0,0.001643349005933559,NGC 5044 TR2,0.0
WALLABY J130323-172339,195.8475158370269,-17.39423644689528,43.69365762531951,6.872031940670602,5.32235303441106,63.66872743745405,8.902384757840538,9.03401730307927,1.0,0.001973114784712004,NGC 5044 TR2,0.0
WALLABY J130614-202212,196.5608013691367,-20.37024111013451,217.10226507697516,8.42909894680769,6.925801134295952,-4.463378181184297,10.291083632792004,10.422917353805508,0.8971523985425335,0.001744024935521707,NGC 5044 TR2,0.0
WALLABY J131146-184730,197.9453620314884,-18.79181968545666,36.777787455385784,6.986739468385293,4.506207813643917,-88.0196676423567,8.748007777414003,8.87989023521789,1.0,0.001833627865157468,NGC 5044 TR2,4.0
WALLABY J130801-203117,197.0043462889218,-20.52141040145165,64.85481084896026,7.855797284324367,5.680465266588187,85.28883457572584,9.235563711275242,9.367720060784045,0.9999999999999583,0.001792390497927722,NGC 5044 TR2,0.0
WALLABY J131157-144032,197.9889373932299,-14.67562017554816,35.706904136444116,19.77699027910703,5.755008813148683,-62.86056838184779,8.712340022504302,8.844753924213165,1.0,0.001549400672458638,NGC 5044 TR2,4.0
WALLABY J133836-202908,204.6503806091493,-20.48575157057009,9.410998821070258,11.55593059307849,6.659474867937622,44.47847361373886,7.548034466260078,7.6807716956784855,1.0,0.001921511463657296,NGC 5044 TR2,0.0
WALLABY J131812-154126,199.5514702924632,-15.69073510524909,162.284335257462,8.892781358341146,5.072030695436737,-21.60519628475919,10.019330599130722,10.152173646842096,0.9999999999999994,0.001742249855356321,NGC 5044 TR2,0.0
WALLABY J130648-202247,196.7023002924277,-20.37974104214292,41.58496531663432,8.24157851179226,5.171087766893975,-50.55601879315295,8.831691533723486,8.964799070111013,1.0,0.001840300488930506,NGC 5044 TR2,0.0
WALLABY J133837-240848,204.6567395668928,-24.14685670294606,78.06319688004267,5.330925917771855,4.688255622455994,-53.56709632369657,9.374490038288132,9.507822996087603,0.9999999998142958,0.001896346386281285,NGC 5044 TR2,0.0
WALLABY J133610-223112,204.0430912702255,-22.51965568682493,121.08956823559622,11.06131115012665,8.556631278042676,-24.85980539633478,9.754369163596744,9.887779157401914,0.9999999999999996,0.001755340003628302,NGC 5044 TR2,4.0
WALLABY J133756-240727,204.4868996317963,-24.12435097478599,130.46683080193915,10.38205543911219,8.063704032367633,43.26706455160632,9.816316145077439,9.949877962251096,0.9999999848263065,0.001884331866342299,NGC 5044 TR2,0.0
WALLABY J133308-233234,203.2867437073674,-23.54342910460805,146.6502195603129,6.748749841542377,5.814419339549276,60.91905300964224,9.913429945067213,10.047229957280335,1.0,0.001618037134286493,NGC 5044 TR2,0.0
WALLABY J133004-221319,202.5182351744335,-22.22209294826828,73.52732092330335,6.428216769608082,4.435533358640088,-70.02222628911642,9.312356676371385,9.446231940663571,1.0,0.001869072511252429,NGC 5044 TR2,0.0
WALLABY J132958-211444,202.4939381057303,-21.24754431363884,223.2809765878285,9.216932702393398,8.2690418572035,-89.06685605188804,10.273220258808783,10.407306764291505,0.999999999218905,0.001588395910378408,NGC 5044 TR2,4.0
WALLABY J131131-181235,197.8827532129773,-18.20988290130834,36.165347726149584,9.810761192499788,5.606307438853498,-26.47963876316788,8.685630896503856,8.820064579927235,1.0,0.001762185915406207,NGC 5044 TR2,0.0
WALLABY J131732-121430,199.3860851731896,-12.2418364113707,91.43282660907069,7.277760701312766,6.353798884863667,-73.76709871050124,9.490054321684749,9.624552205262335,1.0,0.001597425095679775,NGC 5044 TR2,0.0
WALLABY J131707-183238,199.2827644602073,-18.54411388881776,111.8049258352977,9.71682468984438,4.865159622066683,57.4714054577387,9.655632264236186,9.790621545258123,0.9999999999639668,0.001669678426816371,NGC 5044 TR2,0.0
WALLABY J133658-203244,204.243888269955,-20.54558427219268,129.04646695970942,8.410356160743447,7.179353109090624,-14.73965858544661,9.778852135775084,9.91391411790585,1.0,0.001749524327010803,NGC 5044 TR2,0.0
WALLABY J130825-194130,197.1065369797604,-19.69178571578461,99.43844257361134,10.08463799771279,7.612115237180818,88.47881228527467,9.551054698119492,9.686192816373422,1.0,0.001608167139706534,NGC 5044 TR2,0.0
WALLABY J133513-214851,203.8071846683215,-21.81426579037188,88.50005965128403,18.21318195116302,9.111860521793039,33.8087426729638,9.444423653369162,9.579853319007219,1.0,0.001686004262565671,NGC 5044 TR2,0.0
WALLABY J132700-205735,201.7536772666427,-20.95993532724393,68.83866036712935,6.547878096884274,5.03629681516659,-36.35219085930967,9.225264593693673,9.360744784149924,0.9999999999997223,0.00201060652481266,NGC 5044 TR2,0.0
WALLABY J131830-204114,199.6270420722268,-20.68737984828526,22.337107390389946,8.405945684700713,6.357800174080429,-25.94315709567,8.245027566415095,8.380649458486284,1.0,0.002120414853075592,NGC 5044 TR2,0.0
WALLABY J131655-134334,199.2297083312919,-13.72610613190946,94.98557213185462,7.202294635476289,6.044765347235622,-18.75761690174676,9.50219298798256,9.637820059820822,1.0,0.001455044836016099,NGC 5044 TR2,0.0
WALLABY J133035-205429,202.6463012885568,-20.90831412986476,87.94171969951587,7.903403205171744,5.017402439855211,-54.20122998904642,9.434638507360283,9.570299538906502,0.9999999999999952,0.001748652709058039,NGC 5044 TR2,0.0
WALLABY J133545-231543,203.9414849903706,-23.26204981414257,75.14984291956267,8.010133519636586,6.802955850978767,38.21184758145515,9.294856664481216,9.43069311280568,1.0,0.001756225774585448,NGC 5044 TR2,0.0
WALLABY J133715-222946,204.3148059143509,-22.49617074944764,81.2217676154297,6.296025729951737,4.855559221356131,-70.72067317579737,9.360535514158027,9.496469765467074,1.0,0.001678182915369936,NGC 5044 TR2,4.0
WALLABY J133611-234050,204.0472298178287,-23.68090425175009,166.1859200569923,8.718311306357874,5.679005927875639,-36.86306073331502,9.98201544792916,10.117969354852645,0.9999999999999925,0.001697717081874671,NGC 5044 TR2,0.0
WALLABY J133815-211811,204.5628855313546,-21.30308912665702,184.17444996449092,8.480002184530903,6.219617899548317,-84.65420870064376,10.071026482912181,10.206994405443238,0.999999999690899,0.001592211008047297,NGC 5044 TR2,0.0
WALLABY J132605-241223,201.5226815000474,-24.20649922141989,139.94035057244727,7.762849760875708,5.094119880379285,-12.54387304917896,9.83214014689221,9.968125016830493,0.9999999617240921,0.002047440409105997,NGC 5044 TR2,4.0
WALLABY J131716-183306,199.3206654994008,-18.55181818692303,110.80850507873667,7.014237447010729,4.675864990014472,-30.06245293508864,9.627977024719469,9.764038860286119,0.9999999999948868,0.001695808670052155,NGC 5044 TR2,0.0
WALLABY J130618-193547,196.5751502087019,-19.59638435985527,60.80806543639385,10.00637135310996,3.975999164602046,50.33367789550942,9.103441006076102,9.23968203937475,1.0,0.001784270125365024,NGC 5044 TR2,4.0
WALLABY J130808-120042,197.0371600802624,-12.01182862222108,161.0540260383052,8.150289578143564,6.251612411171593,19.86646998985393,9.945892930623973,10.082327205539677,1.0,0.0015142090544664,NGC 5044 TR2,0.0
WALLABY J131729-145304,199.3717459466557,-14.88448466605479,140.26771754681005,7.792863908507492,5.574888954312101,-44.23850647140053,9.820597319951236,9.957317133711022,0.999999999999705,0.0016477996080187,NGC 5044 TR2,4.0
WALLABY J131745-153134,199.4397680580288,-15.52618794652648,163.95792565446735,8.965712188266053,7.381802581239205,60.28823232355305,9.95451063022649,10.09131919698528,0.9999999999999951,0.001664786147435957,NGC 5044 TR2,0.0
WALLABY J130545-193817,196.4403386735816,-19.63814904532346,192.27811884126845,11.64295369999411,7.054679838086961,40.11505355106829,10.09061504067574,10.227547919923207,0.9549691976144312,0.001634854182846401,NGC 5044 TR2,0.0
WALLABY J130408-192102,196.0339498996487,-19.35055534410884,189.15917912562722,8.124223641840311,5.170932400727591,-83.13946793413746,10.075499313791065,10.212481646163159,0.9870793897551281,0.00166607760908577,NGC 5044 TR2,0.0
WALLABY J133123-211457,202.8480757879298,-21.24994693034177,79.84891134076692,8.287991199600933,7.752710785837162,89.3174056271637,9.325834662841809,9.462846743496751,1.0,0.001759342024513596,NGC 5044 TR2,4.0
WALLABY J133247-222656,203.197040098721,-22.44900728223053,101.19730972702587,6.270750892895019,4.62403931133239,74.02038643817019,9.529991483035271,9.667092813550155,0.9999999999987219,0.001758226180936444,NGC 5044 TR2,0.0
WALLABY J131714-125817,199.3123083111289,-12.97149511872881,98.10401983150169,6.447498323720166,5.560324836959077,59.43600575059423,9.501325840868553,9.638519619298545,1.0,0.001509390819462568,NGC 5044 TR2,0.0
WALLABY J132814-212253,202.0621431087751,-21.38155866961242,76.09836695247493,6.475901800890095,5.940889022592141,-58.33159434520768,9.279588692932906,9.416843037273159,1.0,0.001767064904770311,NGC 5044 TR2,0.0
WALLABY J132713-202729,201.8074836446877,-20.45819837713485,96.7002612556317,8.555859680104371,4.516460930064676,30.30331498225459,9.487691238296364,9.62494569530268,0.9999999997311223,0.002072539899388532,NGC 5044 TR2,0.0
WALLABY J132811-240540,202.04844465164,-24.0945719635059,161.7771705775711,6.350398865575572,5.736874668053291,84.77195955565969,9.933166028190646,10.070502284735342,0.9999999999999999,0.001864239087658529,NGC 5044 TR2,0.0
WALLABY J131248-191514,198.2038276639652,-19.25405782641612,90.52260168348333,12.798217299347,4.307513013141414,-14.62838907540583,9.425863843824498,9.563362318120795,0.9779070631768462,0.001666127144601105,NGC 5044 TR2,0.0
WALLABY J130846-175751,197.1921190634235,-17.96420543040498,195.12158942625942,5.942027994154572,5.023762416190987,-24.60369555932496,10.092063964695056,10.229611232065219,1.0,0.001621813138595718,NGC 5044 TR2,0.0
WALLABY J130425-204308,196.1068241380077,-20.71902924139554,187.25277329327673,9.827173093725317,5.610541216234997,37.7434300406581,10.055661122148475,10.193243704036249,0.9623292851619482,0.001853623902878361,NGC 5044 TR2,0.0
WALLABY J131350-173043,198.4594619372064,-17.51196651963056,31.61446908908925,6.580365578877598,4.458063518798328,-88.52830352700433,8.51010067473288,8.647709158672267,1.0,0.001698896268776311,NGC 5044 TR2,0.0
WALLABY J133904-240956,204.7674646745861,-24.16565853557432,134.5457982468069,7.79151987907777,5.460731941876322,13.45200767751763,9.76764414706066,9.905275772486922,0.9999986769978431,0.001802352314438547,NGC 5044 TR2,0.0
WALLABY J130445-165416,196.1900448165036,-16.90455224958354,154.57487659266775,6.494311904859712,6.060991321734297,-42.46203695369208,9.881724056328753,10.019707593540426,1.0,0.001762708540982637,NGC 5044 TR2,4.0
WALLABY J131143-203210,197.9325501040733,-20.53618462463861,40.3076361436563,8.221329917148518,4.893514255471369,89.17040200214402,8.711401789855033,8.8495391255626,0.999999999999998,0.001887502829714215,NGC 5044 TR2,0.0
WALLABY J133646-240632,204.1924749359429,-24.10904412124792,131.47140194714453,6.713965642092615,5.657539152318042,78.41833088131044,9.737665447707167,9.875836853613853,0.9999999999999993,0.001864226142837449,NGC 5044 TR2,0.0
WALLABY J133600-235517,204.0023049689391,-23.92138427023001,37.21024907314268,6.290066184604088,4.368594975554497,-86.78485430407781,8.640603653833624,8.77881460093345,1.0,0.002078885882176303,NGC 5044 TR2,4.0
WALLABY J130759-180456,196.9989657799867,-18.08222731451413,153.7927986534279,7.048732479405476,6.331786004611924,34.92895331456066,9.872743349788184,10.010976523481583,0.999999999998921,0.001682341223395076,NGC 5044 TR2,0.0
WALLABY J131426-203916,198.6114529036427,-20.65465378649857,66.57439599833825,7.861659048814817,6.025885061108894,-84.44375988515863,9.145443737487714,9.283679209199235,1.0,0.001921182492604233,NGC 5044 TR2,0.0
WALLABY J133113-220341,202.8045130524556,-22.06165023990638,132.37071531448345,7.455698095270984,4.643903985122254,-69.41407250372603,9.735187708722586,9.873817999159684,1.0,0.001670417317203654,NGC 5044 TR2,0.0
WALLABY J132620-223750,201.5847726572546,-22.63049319548307,129.88720928296337,8.809719010343958,7.003381144794818,39.91021803187795,9.717043398197545,9.855766310818222,0.9999998920597732,0.001969211230765731,NGC 5044 TR2,0.0
WALLABY J131742-120143,199.4257969633337,-12.02880391408721,35.349110038345124,6.735339230406106,5.5163439536718,37.88552096469513,8.58626179815744,8.72500691488674,1.0,0.001688321817033143,NGC 5044 TR2,0.0
WALLABY J130532-200236,196.3846098668693,-20.04343390747919,195.61414995304898,8.907712390228784,4.973468335458538,48.16291737009283,10.070560631790341,10.20940123319805,0.9754446982600371,0.001719651304506567,NGC 5044 TR2,0.0
WALLABY J134146-240828,205.4437680586364,-24.14123357865134,93.95748577182897,6.64702693657835,5.538450841481493,49.76913423167051,9.433200532134284,9.572064253672126,0.9999976185312328,0.001996212919356664,NGC 5044 TR2,0.0
WALLABY J130410-134334,196.0417634241207,-13.72614624854557,43.35481564601897,7.653534776752082,5.418198262046488,51.54454097101711,8.7612503011729,8.900122900203081,1.0,0.001794406869558052,NGC 5044 TR2,0.0
WALLABY J130737-151812,196.9066253836829,-15.30342252446824,169.09937188262057,7.649929818685335,6.416439084478029,51.89569730126698,9.942778073558069,10.081687986248095,1.0,0.0016508769371848,NGC 5044 TR2,0.0
WALLABY J130503-171522,196.2643974600362,-17.25611744036375,10.35029095730446,7.97236133498753,7.211940642368008,-9.52746174785257,7.51346834834783,7.652538802827776,1.0,0.001905054453721045,NGC 5044 TR2,0.0
WALLABY J130706-171551,196.7778812357517,-17.26417628652668,124.33303609569113,6.050431622629288,4.867334265380718,59.24367649205682,9.671811556708057,9.810932682101207,1.0,0.001699196933820611,NGC 5044 TR2,0.0
WALLABY J131727-161741,199.3650872775431,-16.29474117027479,91.11777171057972,6.328316141563985,5.590238745912011,-71.00230335783017,9.401028165844757,9.54019404408685,1.0,0.001844896935999823,NGC 5044 TR2,0.0
WALLABY J131655-163531,199.2325057410368,-16.59194021248359,30.272283825580054,8.520737647779951,6.932318625756943,-12.85888315303812,8.443373423354801,8.582568847003243,0.9999999998824187,0.001902433817842671,NGC 5044 TR2,0.0
WALLABY J130302-201332,195.7612805768162,-20.22577939100441,98.14641951109805,6.321919491157494,4.702491958258705,46.21789152198255,9.463440115288432,9.602722824282123,0.9999999985803152,0.001869258398883148,NGC 5044 TR2,0.0
WALLABY J131736-172215,199.4021278211218,-17.37082821776773,35.260761108424035,6.833434031387617,5.1432164567467,-78.3869637743365,8.570898130193717,8.710366088966987,1.0,0.001827762825622247,NGC 5044 TR2,0.0
WALLABY J130615-135536,196.5647199960979,-13.92690580532346,165.56611739857215,6.900929879446751,4.431173458816267,-39.24663005032391,9.913701033070446,10.05319954606441,1.0,0.001487224453039293,NGC 5044 TR2,0.0
WALLABY J133304-215852,203.269608357824,-21.9812388286091,84.17715639566063,7.065007426853772,6.032711123877449,-50.7980311335896,9.321812979537475,9.461549505078093,1.0,0.001756390950502437,NGC 5044 TR2,0.0
WALLABY J131114-194440,197.8107280854155,-19.74463903978402,37.68324646616373,6.915338787102458,6.218115235612278,45.4328813393949,8.62274376110891,8.762533998544779,1.0,0.00180907758048398,NGC 5044 TR2,4.0
WALLABY J132944-211051,202.4365933386917,-21.18087437571329,80.00020406559672,7.431140194580952,5.432468687731064,74.81850530035247,9.274249446993645,9.414170524968997,0.9999999999995205,0.001768988591481703,NGC 5044 TR2,4.0
WALLABY J130806-174547,197.0254181892311,-17.76328725099511,26.65533748708961,7.447684755182874,5.032715048075007,80.00442258443888,8.31711140815427,8.45717134418554,1.0,0.001867413848177962,NGC 5044 TR2,0.0
WALLABY J131300-190627,198.2508285826018,-19.1077590002606,149.8458554382862,6.162651958115914,4.758964709238625,-42.39548793938053,9.814220254005573,9.954423974086126,0.876864827112874,0.001612605746257474,NGC 5044 TR2,4.0
WALLABY J131415-141108,198.5648728019934,-14.18571020147203,90.63722733705474,8.71159226910321,5.312840365647602,82.86671544826979,9.376489535154722,9.516751321503964,0.9999999999994733,0.001521034254530576,NGC 5044 TR2,0.0
WALLABY J132959-235726,202.4989439351113,-23.95731290096458,133.29418265021621,6.635475607453051,5.673983432907233,-36.2183417356726,9.7033360186774,9.844047780206337,0.9999999934744938,0.001788836195254205,NGC 5044 TR2,0.0
WALLABY J133153-240241,202.9723448840012,-24.04482464697742,67.60304658609498,6.371138472079096,4.403052830527428,66.82797175955587,9.113554503147276,9.254271322819633,1.0,0.001855725365132594,NGC 5044 TR2,0.0
WALLABY J133245-241711,203.1889062331366,-24.28657750667531,199.66106947574943,6.596535983585501,5.71670773657083,62.72375831739866,10.05313199224344,10.193908234176206,0.9999999999665958,0.0018218806989232,NGC 5044 TR2,0.0
WALLABY J130623-145631,196.5965581874457,-14.94208994491243,85.69783900811474,9.60818962870411,8.530086979592339,-67.27631216147338,9.312734232704234,9.453828090957291,1.0,0.001666884848128359,NGC 5044 TR2,0.0
WALLABY J131353-192500,198.4748857644695,-19.41671753113961,39.15221508401488,7.791010976607596,6.65054389073266,68.84279371934824,8.626076745948007,8.767515196780165,1.0,0.00171041992109992,NGC 5044 TR2,4.0
WALLABY J131344-175928,198.4351207142344,-17.99121970409895,101.6076793565878,7.136978374118265,6.153022095213502,11.22419565934669,9.454407842573072,9.595846806837832,1.0,0.00172986658061415,NGC 5044 TR2,0.0
WALLABY J133106-233722,202.7769962784695,-23.62289433553028,186.23388242008588,7.384098478250754,4.87960641279872,87.33465812062737,9.979184069232042,10.120705411373228,0.9999999997764224,0.001723198962171929,NGC 5044 TR2,0.0
WALLABY J133007-212715,202.5305217480835,-21.45409869562491,82.67799293712929,7.188749247738729,4.845152156310416,-70.81731975895754,9.269741682882923,9.411490408659137,0.9999999999998588,0.001788659800492279,NGC 5044 TR2,4.0
WALLABY J133008-221059,202.533715012041,-22.1831483019308,103.56468484668065,6.642318750230579,5.500317853416463,77.4888470132638,9.464843354299123,9.60662211156807,1.0,0.001759470437138716,NGC 5044 TR2,0.0
WALLABY J131352-144156,198.4706694423369,-14.69897711430054,172.63713960038217,7.564616683566207,5.289606172706971,57.32802434936882,9.908479758998794,10.05027008305718,0.9999999999925007,0.001447981192347618,NGC 5044 TR2,4.0
WALLABY J130346-113711,195.9431158778101,-11.61989397540256,79.67837918316275,5.721189828626332,4.153140265557506,26.64477279259455,9.236278377389894,9.378102732803029,0.9999999953391046,0.001856087820122852,NGC 5044 TR2,0.0
WALLABY J131248-173738,198.2011545683351,-17.62723698613601,197.02824373066065,6.76263096689442,5.445641907445796,-26.94460574678917,10.02252181507951,10.16435351861182,1.0,0.001582598356510421,NGC 5044 TR2,0.0
WALLABY J131302-190848,198.2618705420636,-19.14683636259509,149.94077721202206,6.743375099820815,4.627836141095847,8.706085634138162,9.78291988465444,9.92488381937389,0.7629197904146685,0.001546645841935062,NGC 5044 TR2,4.0
WALLABY J131025-165550,197.6053630962777,-16.93071254582796,34.9371206266864,8.424938580114226,5.394089364867344,-20.06840310522732,8.51591178413472,8.65797241377997,0.999999993108233,0.001867036722390479,NGC 5044 TR2,0.0
WALLABY J130306-193614,195.7756253336979,-19.60397593412932,180.93589962914962,6.70374019686541,6.103021947549327,69.60694457966093,9.944005754839017,10.08608754346702,0.9937546913980704,0.001679542207882211,NGC 5044 TR2,0.0
WALLABY J130719-161334,196.831182470606,-16.22611232998583,193.94496087649986,8.00691087170085,5.745876046058745,47.0733306544808,10.002069369379345,10.14427572187239,0.9999999999999618,0.001569478521448762,NGC 5044 TR2,0.0
WALLABY J131657-170718,199.2413359705081,-17.12181402325382,89.60118449554092,18.77313307523492,6.297073827486018,1.382966248981916,9.326443541949823,9.468921926649942,0.9999997928075727,0.001759058446633122,NGC 5044 TR2,0.0
WALLABY J132911-224640,202.3000752970802,-22.77790682333577,127.4971701126712,7.621843759943811,6.627254186927935,19.14988788021282,9.632739924707,9.775222601141376,0.9999989448901401,0.001955038981750214,NGC 5044 TR2,0.0
WALLABY J131835-173432,199.6477461496244,-17.57568562357812,36.114263888699185,7.526500512249133,4.888217039058676,34.82726761436655,8.536960582497901,8.679450808640713,1.0,0.001936172854312047,NGC 5044 TR2,4.0
WALLABY J131335-155702,198.3981305992372,-15.95074148088802,35.5473551929674,8.649326612852532,5.094557266178284,-72.14819312693552,8.523207527589074,8.665698315694907,0.9999978165398674,0.0017290238727618,NGC 5044 TR2,0.0
WALLABY J131046-161341,197.6930613652359,-16.22817467556983,36.984914480932225,7.879252208197689,4.65632769920195,-12.53030331417862,8.554644911439528,8.697302383778418,1.0,0.001809650431966202,NGC 5044 TR2,4.0
WALLABY J131115-180605,197.8129729308706,-18.10155596460206,39.26967552816644,10.06135754295809,5.549805989142354,-6.12310256778143,8.60587669780856,8.74858054899439,0.9999999999995441,0.001855875007264286,NGC 5044 TR2,4.0
WALLABY J131145-191544,197.941392387059,-19.26221189715345,39.706800663172125,10.80805243035476,9.282266325227866,-19.87519234002065,8.613881892985372,8.756675343135207,1.0,0.001659876780891717,NGC 5044 TR2,0.0
WALLABY J131441-184647,198.6737385077159,-18.77974470656728,98.67013170958538,7.207102561391099,5.406246266775052,-69.52068405498996,9.404318165431327,9.547123045492201,0.7794295334814656,0.001630824028549959,NGC 5044 TR2,0.0
WALLABY J131024-114121,197.6032911691236,-11.68921040936622,184.85650241400901,7.869035343903716,5.513914547249872,-41.82335639213549,9.947832712143033,10.090736892078134,0.9999994481737692,0.001512839492396067,NGC 5044 TR2,0.0
WALLABY J130449-171802,196.207385163593,-17.300594008451,156.23879360755004,10.06880822937398,7.712774489047347,-22.15696971687044,9.79647942307733,9.93967679155904,0.9999999999982915,0.001617911742119625,NGC 5044 TR2,0.0
WALLABY J132630-214027,201.626084752462,-21.6742267668885,103.35014623613586,6.282643418629051,4.448368149498146,-7.69323726714245,9.43606980639807,9.579348261583382,0.9999997839834012,0.001889685153950798,NGC 5044 TR2,0.0
WALLABY J130559-133807,196.498833824522,-13.63545305812135,165.15111976316106,7.501883043932493,3.886910578173699,48.22303644397641,9.841627653579305,9.984994417263152,0.9999999999999849,0.001522345651204853,NGC 5044 TR2,0.0
WALLABY J130328-115201,195.867433019725,-11.86700035551708,208.73213225338864,10.30069922355131,5.400968206614639,-11.8468288652395,10.03906005566482,10.182760884881771,0.9999997571735177,0.001646995993526014,NGC 5044 TR2,0.0
WALLABY J131346-144345,198.4457679576642,-14.72919539029046,34.49239039672085,7.417654380960578,6.394510568094907,-84.23073419547164,8.473336417955695,8.617148550623929,0.9999999979355655,0.001649383363728514,NGC 5044 TR2,0.0
WALLABY J131359-183536,198.4995556681713,-18.59349364878704,90.16508328299872,6.869482413474283,5.472117160433788,74.32815998009043,9.30343409987281,9.447499724249086,0.9999999996944658,0.001627346272918431,NGC 5044 TR2,0.0
WALLABY J130854-171416,197.2254506725511,-17.23803352480999,140.01739720429367,7.5620997908629,5.708661675922045,-46.96137288198646,9.685593804924554,9.829666564754753,0.9999999803326111,0.001679182514453783,NGC 5044 TR2,0.0
WALLABY J130912-121116,197.3038724429349,-12.18779428608191,92.7347268346811,6.757632349064204,4.38633852747979,-70.49369127400246,9.32444993777521,9.468705452260345,0.9999999996300473,0.001478282688429623,NGC 5044 TR2,0.0
WALLABY J131601-174034,199.0068153428545,-17.67625422298911,149.37830445141805,6.622805476362262,4.616569021739861,-59.55409116243526,9.737275981190415,9.881602302554807,0.9999999967045461,0.001652594542344587,NGC 5044 TR2,4.0
WALLABY J130501-162151,196.2568882145177,-16.3642724599455,180.31267723212008,8.048362076972618,6.150460106952464,-72.97110769520742,9.898436523276787,10.042892666595874,0.9996106401106873,0.001714249862163648,NGC 5044 TR2,0.0
WALLABY J133530-225209,203.8784126591969,-22.86931773115748,116.64748295559761,6.525292171033979,5.09975359274578,89.47504882162157,9.519683190972028,9.664164643889006,0.9999999994351085,0.001808978854648538,NGC 5044 TR2,4.0
WALLABY J130922-201247,197.3419136857588,-20.21330464493339,239.93441876387516,7.147674658444879,4.682162718857152,79.83791108100071,10.145750333878613,10.290252370951137,0.982250765722708,0.001545523439648562,NGC 5044 TR2,0.0
WALLABY J131547-155957,198.946337784104,-15.99931781244218,165.49267554553236,7.289222797913141,6.150446206271018,-54.40651188254705,9.821893530918576,9.966464486581733,0.9999999825664417,0.001601758417685926,NGC 5044 TR2,0.0
WALLABY J130828-150130,197.1185915770829,-15.02498650511809,165.29042826889446,5.878288307739554,5.233050140774066,77.87501603910488,9.820620004134627,9.96520281296443,0.9999999999975695,0.001460857492175347,NGC 5044 TR2,0.0
WALLABY J133200-231730,203.0029919225168,-23.29192880550173,182.41836641148626,7.999614582679187,6.118737245320872,24.83211932719794,9.902822403935971,10.047598151981438,0.9999999999768785,0.001715357938848151,NGC 5044 TR2,0.0
WALLABY J131247-192219,198.1997342159268,-19.37198424072439,43.63679677897703,7.809724317909597,4.238542779285115,-21.79034404307397,8.659696751657291,8.804511465587206,0.9999999973909769,0.001715405575789728,NGC 5044 TR2,0.0
WALLABY J130654-154854,196.7252928746578,-15.81524622040997,162.1331661706802,6.924364877228891,4.969642037857974,30.86895861800747,9.79747014412192,9.942412001060525,0.9999999999513588,0.00161814526669192,NGC 5044 TR2,0.0
WALLABY J130732-132154,196.8860636562393,-13.36509251472262,69.9435539146288,6.084570362328906,5.639672996547199,-23.15470646968359,9.065616734084673,9.210648746630474,1.0,0.001492922245486151,NGC 5044 TR2,0.0
WALLABY J130735-200029,196.8973183522278,-20.00806935125845,89.58084798415216,6.515144322432664,4.851179325916636,-60.21121290911482,9.278938547803067,9.424061201505353,0.9999998987868177,0.001716816992781555,NGC 5044 TR2,0.0
WALLABY J131210-131509,198.0457639914533,-13.2527388159035,206.85123672615237,7.60299107958508,6.104714144313163,51.76708951899434,10.005287838128668,10.15044065108042,0.9999999999989774,0.001438290699286644,NGC 5044 TR2,0.0
WALLABY J130343-162557,195.9330127300875,-16.43268674148739,180.15253667242425,6.078044567387732,4.931221905042844,-33.00760882051106,9.881537260788814,10.026898976961604,1.0,0.001933976981162733,NGC 5044 TR2,0.0
WALLABY J133321-231451,203.3405200826457,-23.2474924137301,184.83640377345986,6.234531540785522,5.230717802002643,-50.40550639821599,9.902016730389173,10.047480558360325,0.9999984359223664,0.001632804327278876,NGC 5044 TR2,0.0
WALLABY J132741-234601,201.9243872583649,-23.76702319118702,137.49104200165195,9.109228790863241,7.338785462764996,-75.6175135723852,9.642697773889129,9.788290667398366,0.9998967835919425,0.001894040999945629,NGC 5044 TR2,0.0
WALLABY J133031-231420,202.6289733612403,-23.23915794755333,132.63566272145627,9.418878895943132,6.331322201445779,85.51101432091882,9.60932637961309,9.75503998227042,0.9999995235018218,0.001870227707085667,NGC 5044 TR2,0.0
WALLABY J130327-202922,195.8640195680678,-20.48954632461465,61.34958773058114,7.203995940222141,5.640198192403473,25.99215769855016,8.93711948994732,9.082974511104249,0.9999998402256737,0.00204012934675726,NGC 5044 TR2,4.0
WALLABY J131624-192614,199.1002059444695,-19.43734044291001,107.20894812159031,7.129223887211598,5.099508255189535,65.93165567514231,9.421106231834429,9.567009284384259,0.8237341488297597,0.00165429316176679,NGC 5044 TR2,0.0
WALLABY J132907-215149,202.2793445851113,-21.86384884234957,79.95301540845514,7.288948543112307,4.965503055410794,63.86788506245597,9.164949159829028,9.310929164579498,0.9999998537117659,0.001788346363224513,NGC 5044 TR2,4.0
WALLABY J132947-234056,202.4496713260966,-23.68235689604427,72.7137019647831,6.283554919942847,4.2150917282811,35.66364856912833,9.082174851086796,9.228173869274796,0.999999999998927,0.001868070668399594,NGC 5044 TR2,0.0
WALLABY J133752-204640,204.4698052770689,-20.77801456621957,134.07003200293374,6.19150884079024,5.508046194959315,-12.82024746370092,9.61317538240387,9.759198675357425,0.9999991263435217,0.001687469098519157,NGC 5044 TR2,0.0
WALLABY J131841-190450,199.6732143438261,-19.08054283071497,39.10917341567903,6.101945146266293,5.373004806448956,8.006801629833404,8.543007762176115,8.689034523398972,1.0,0.001819267571041053,NGC 5044 TR2,4.0
WALLABY J130813-161425,197.0572696111653,-16.2402747676122,40.44390747132668,6.848550953874739,5.079945957969314,-81.74086955789357,8.570811747489305,8.716914385425845,1.0,0.001751159085315674,NGC 5044 TR2,0.0
WALLABY J130325-153818,195.8580213063483,-15.63852452285849,64.50419052495151,6.935086349512328,5.301054269218746,13.78548027196922,8.975238458793397,9.121399950038647,0.9999999999999971,0.001879729896149321,NGC 5044 TR2,0.0
WALLABY J130408-142339,196.0354130751795,-14.39422535248967,103.08174235109476,8.453282136613723,4.651465190155035,-13.45985652003235,9.381725717068086,9.527926739330118,0.9999972989285468,0.00163052362240208,NGC 5044 TR2,0.0
WALLABY J131807-154958,199.5293327439417,-15.83279707408289,248.2545475760653,6.51732437803338,4.530107651644546,27.21617443097185,10.144083571409775,10.290345172255474,0.9999999754438909,0.001689297079853359,NGC 5044 TR2,0.0
WALLABY J133057-203736,202.740239191379,-20.62724845445621,81.17905714674673,7.092604935250405,6.125964898055806,67.13498488324947,9.172087178149548,9.318410327869536,0.9999999624548763,0.001823321889003512,NGC 5044 TR2,4.0
WALLABY J131044-170801,197.6869054292765,-17.13381060239735,183.24636619640975,6.124122859363478,5.628469161090792,-80.5651574196905,9.876573791753014,10.023049251005702,0.9999999991499042,0.001664378817065953,NGC 5044 TR2,0.0
WALLABY J130315-193958,195.8154073377128,-19.66637243019626,203.39808582111527,6.545677337658293,4.88289665028871,-31.85085482960626,9.966845077271651,10.113340411421492,0.983882380955608,0.001583748633311648,NGC 5044 TR2,0.0
WALLABY J131801-192931,199.5079628590435,-19.49213659363754,87.70121416897267,6.042266272885799,5.341743982119731,9.241240711385728,9.234941100239029,9.381505474460518,0.9995633367053599,0.001783215640239794,NGC 5044 TR2,0.0
WALLABY J131332-170440,198.3841016438643,-17.07789743018875,41.70785386308771,7.277993870294306,4.977196396314825,-62.43560135448858,8.58722245171857,8.733908006752669,0.9999988631412544,0.00174685148035407,NGC 5044 TR2,0.0
WALLABY J130850-141531,197.2095244983369,-14.25880067249539,197.58073482363778,6.348294228046372,5.61126221437914,-48.61095697279085,9.93781176745339,10.084523576245505,0.9999999999999997,0.001370936551435038,NGC 5044 TR2,0.0
WALLABY J130612-201622,196.5513877956607,-20.27282500667344,216.63361615657547,8.696766640002073,5.427407078260615,-34.92471419736327,10.016757751313152,10.163527064785606,0.9999999999817831,0.00160856299233518,NGC 5044 TR2,0.0
WALLABY J131149-171308,197.9558780624359,-17.21891789628114,74.41807369956362,7.290829639966277,5.18522551892955,55.85367621916348,9.088636231911153,9.235407054755054,0.9999999999997553,0.001838743831046155,NGC 5044 TR2,0.0
WALLABY J131218-192640,198.0779663863468,-19.44468726290096,39.626793327923735,6.043413424994146,4.206999203940327,-29.58096749767876,8.541188206216228,8.687962935675982,0.9995059059672399,0.001773143533853363,NGC 5044 TR2,4.0
WALLABY J130749-161828,196.9560600641446,-16.30796595608979,70.4671621930378,6.512800585662797,4.363965178595706,-3.917257784901906,9.038494669433994,9.185421596374024,0.999999998452622,0.001764838913337283,NGC 5044 TR2,0.0
WALLABY J131417-120754,198.5725339203161,-12.13175675103453,41.311543399866345,7.153140008925398,4.888167444779158,53.32279055314831,8.566403330361844,8.713798352193129,0.9999999999999802,0.00157008822252166,NGC 5044 TR2,0.0
WALLABY J131843-181853,199.6819596627982,-18.31485523692555,99.12994663900116,6.41980975809633,5.712406070899227,82.6238701880112,9.324999701994281,9.472489492012091,0.9999999981344799,0.00174174828668885,NGC 5044 TR2,0.0
WALLABY J130340-113541,195.9187358364233,-11.59479793149581,80.28660110188707,6.345191561344314,5.414109009442745,57.62266196542467,9.140441323266312,9.28801253692802,1.0,0.001734650468692715,NGC 5044 TR2,0.0
WALLABY J130832-144904,197.1364129560418,-14.81802296932497,82.8594718790931,6.06531557546518,5.053920114091064,70.47615847887175,9.167557125023446,9.315144366516991,1.0,0.00160876363706193,NGC 5044 TR2,0.0
WALLABY J131352-204405,198.4670012295117,-20.73477589493805,41.48315558353832,8.476027601028932,5.341756945721039,-7.488621659379149,8.563755550460083,8.711505233612408,0.9999926852715916,0.001942027796886825,NGC 5044 TR2,0.0
WALLABY J132844-210150,202.1860690289138,-21.03060398064243,98.9648656761617,5.844304428104132,5.637251746279607,-69.46721423938844,9.318673672425362,9.466440417194107,0.9999942855652729,0.001751208103038166,NGC 5044 TR2,0.0
WALLABY J130934-165107,197.3948533172897,-16.8519617306629,155.44160069028425,6.018200260225258,4.407255047495909,85.49732763993883,9.709242694606921,9.857100535543745,0.9999999647237948,0.001757295362001938,NGC 5044 TR2,0.0
WALLABY J131038-175754,197.6605758276996,-17.96508992048937,190.71609494470448,5.359223971905364,4.872483063272274,53.02092166872384,9.884973356862291,10.032939727567875,1.0,0.001584813042799706,NGC 5044 TR2,0.0
WALLABY J131845-153954,199.6895509086783,-15.66504385501177,92.59538389225807,6.027420222305908,5.524693934131704,-49.16905559867708,9.256697275803395,9.404702310584119,1.0,0.00182544880940587,NGC 5044 TR2,0.0
WALLABY J131835-183814,199.6459882247256,-18.63745748433701,110.28988896067901,5.448478322174031,4.783446977918642,81.9487277150316,9.406953039568812,9.555051165242585,0.9999999997442317,0.001720083488933046,NGC 5044 TR2,0.0
WALLABY J133702-205515,204.261621333705,-20.92095005625085,110.19705237862722,6.220915335716127,5.842791264468328,-81.21353868268554,9.406207848375425,9.55430675601966,1.0,0.001762532146220711,NGC 5044 TR2,0.0
WALLABY J132620-230233,201.5860395909652,-23.0450160242031,75.31014405932676,9.824779583169423,4.920446501520435,-29.09038890146438,9.07529111487987,9.223406161781565,0.9978254344048791,0.002105821638478532,NGC 5044 TR2,0.0
WALLABY J134152-233157,205.4673903560986,-23.53262542478965,334.23024758940863,6.625046047381147,5.39627629313691,-16.15940475319455,10.369005698381407,10.517158856671836,0.9985322323453742,0.001726058127953416,NGC 5044 TR2,0.0
WALLABY J133457-234236,203.741155584073,-23.71022563586062,145.71048667263142,6.399013411665499,5.741574343581841,76.97983128634922,9.647842234442644,9.795998441208665,0.9999999998697126,0.001763871503708522,NGC 5044 TR2,0.0
WALLABY J130757-193648,196.9898903618053,-19.6135949601063,198.45398693223356,7.057793530399723,4.445926647865161,-86.30345927039454,9.906902449853071,10.055587044273835,0.7273313983433811,0.001579108001253042,NGC 5044 TR2,0.0
WALLABY J131420-122736,198.5869879436015,-12.46009253917626,275.5712897488474,7.424167272885026,5.371584270440416,40.93565184351817,10.191825000831624,10.340522464717603,0.9999998624718901,0.001373541998723344,NGC 5044 TR2,0.0
WALLABY J132926-210008,202.3614073706671,-21.00226439125976,95.21673784332356,6.969810561895256,5.521656263374602,-52.61678011865882,9.268326381413358,9.417049918508516,0.9999980282893222,0.001748307513829222,NGC 5044 TR2,0.0
WALLABY J133245-211455,203.1908250920369,-21.24884711627115,76.15818610380252,6.607944592831808,5.261761135433813,-42.90959428564182,9.073995265349856,9.222738059256555,1.0,0.001649936021289851,NGC 5044 TR2,0.0
WALLABY J131745-185133,199.4412552968485,-18.85924856181272,103.42899583910906,14.25064185261986,5.464629604869125,-60.40814157218553,9.335021854958105,9.484039933938453,0.9957452791973485,0.001660152591879542,NGC 5044 TR2,0.0
WALLABY J130559-145906,196.4970013115414,-14.98511965353696,80.30929952831359,7.49291642517642,5.841186999102771,-19.38308913279533,9.114773201536781,9.263819580967983,0.9999999999999996,0.001691109958896301,NGC 5044 TR2,0.0
WALLABY J133056-213801,202.7366556794891,-21.63387999139868,102.19625188780705,7.371717763885786,5.714959802765588,65.03908359467198,9.323788069824245,9.47285291329077,0.9999999815153334,0.001748322184626446,NGC 5044 TR2,0.0
WALLABY J131842-191600,199.6750863024548,-19.26679618208967,224.9807898339733,5.811918968484513,4.864559735781255,51.05361492255923,10.008472539747826,10.15757943687153,0.9947431237886013,0.001651424157921282,NGC 5044 TR2,0.0
WALLABY J130334-163733,195.891782347522,-16.62594151735318,198.96909018986048,6.984458527197752,4.600050219248302,-19.69678848080051,9.900929542894454,10.050083463489047,0.9796609172281091,0.001850006515776777,NGC 5044 TR2,0.0
WALLABY J130343-165607,195.9295297563113,-16.9353325952481,147.0009804637289,6.829294859572133,6.153068938772602,67.30900440087868,9.63735730916868,9.786547871642288,0.9999999999923789,0.001844004433735716,NGC 5044 TR2,0.0
WALLABY J131434-145005,198.6457679520595,-14.83483833727789,76.64926749534284,14.16666423769218,5.54110194766789,9.472354316062223,9.068537224826882,9.217910407137959,0.9999999986816144,0.001607508852405179,NGC 5044 TR2,0.0
WALLABY J131826-154604,199.6096264543901,-15.76793196440847,40.59452702986323,6.818513189793733,5.341436816650034,63.92539333710306,8.512553194225644,8.662149597613906,0.999999859480826,0.001918030860165131,NGC 5044 TR2,0.0
WALLABY J131115-202239,197.8125886247975,-20.37770154465449,171.32030696623872,7.913191363683686,3.984885906537952,-10.92207204595815,9.759510816399166,9.90932044839139,0.9292219078873306,0.001637137821882641,NGC 5044 TR2,0.0
WALLABY J130738-183754,196.9101347114152,-18.63188292921788,250.21582579654424,6.202118278941151,3.780204176648378,85.98177062309465,10.088158777436615,10.237989249110479,0.999998726271101,0.001536891746653178,NGC 5044 TR2,0.0
WALLABY J131408-141038,198.5342650429588,-14.17727130211835,99.38751010072859,5.113638820860326,4.794348820799819,-42.63839601886988,9.283844694448598,9.43380968116886,0.9999964605775367,0.001519528771838896,NGC 5044 TR2,0.0
WALLABY J131138-162351,197.9086579995635,-16.39767634924566,178.1607815128608,7.706422151107369,6.380887499284197,13.86692729919622,9.790498327064038,9.94048090332204,0.9994903658980387,0.001612073455214638,NGC 5044 TR2,0.0
WALLABY J130328-120420,195.8673265750892,-12.07248141691271,76.1974454843875,6.043713817191898,5.345378320948675,31.93778355432602,9.05237146255472,9.202376014709282,0.9999969442572714,0.001673578269913934,NGC 5044 TR2,0.0
WALLABY J133325-220257,203.3580011063873,-22.04940803380708,100.19275409138656,7.497523252382488,5.652285396055906,-46.13550729669872,9.287447930286744,9.437608143974355,0.9999858300626991,0.001723266361540356,NGC 5044 TR2,0.0
WALLABY J131830-134228,199.6291417206509,-13.70785065717905,148.65832876456412,6.418006170670233,4.547843535528658,-30.99805328527754,9.629479649260045,9.779678524033637,0.9841270635412634,0.00153851045337991,NGC 5044 TR2,0.0
WALLABY J131159-134336,197.9958770426962,-13.72684772302685,100.33957550286823,6.294052409035927,4.608435013206296,67.76351166035323,9.28474937111164,9.435137369217262,0.9069629845368917,0.001576933961701951,NGC 5044 TR2,0.0
WALLABY J134056-233626,205.2359644654354,-23.60753523366808,160.44027288272719,6.586112135077377,5.09394780524262,55.47330067910934,9.692345860737007,9.842738781811791,0.9989832495441019,0.001852066554603552,NGC 5044 TR2,0.0
WALLABY J131301-123644,198.2573745245593,-12.61237653641144,217.82580147538786,6.814679653620614,5.501197936273306,9.547777807880038,9.954861969015495,10.105431488701202,1.0,0.001487185618576051,NGC 5044 TR2,0.0
WALLABY J134018-211518,205.0754551252988,-21.25532320266421,181.21220770147852,6.708895053515948,5.138355591191277,39.98700667347154,9.795005570153029,9.94557581705498,0.9999999900239269,0.001596810820770095,NGC 5044 TR2,0.0
WALLABY J131905-175622,199.7738857661113,-17.93967103605084,97.16202656076564,5.956539955173283,4.687360459327421,23.48473195194845,9.25159955753646,9.402286096298175,0.9999999314197704,0.00180578666177005,NGC 5044 TR2,0.0
WALLABY J130947-171234,197.4475316267733,-17.2094556336776,72.10685677462675,6.098795509900523,4.656025611847058,-48.98909733710259,8.992369317534243,9.143066788419178,0.9999999990820548,0.001847274640735917,NGC 5044 TR2,0.0
WALLABY J133020-221958,202.5858175274202,-22.33397733880687,78.87711426924902,11.20746499565129,4.802518045700545,-52.09219203630698,9.06913508461447,9.219900553117997,0.9965947675933722,0.001827602655036076,NGC 5044 TR2,0.0
WALLABY J133154-212445,202.9749125224935,-21.41287340951151,82.08185743473247,8.320771536992899,6.370988107042055,-75.23290550420369,9.102477161337232,9.25331450448574,0.973783683328678,0.001727568357079492,NGC 5044 TR2,4.0
WALLABY J130734-145145,196.8920470806227,-14.8625151091629,258.6478380958546,5.894308290636959,5.331326296617604,-31.56957180983773,10.098155253974804,10.24906420473633,0.9999999993829043,0.001400232882160131,NGC 5044 TR2,4.0
WALLABY J130401-112916,196.0060375508094,-11.48803337377258,83.32688106220735,6.83607166497667,5.018673001118372,22.6888507706341,9.106887712150543,9.258223766157496,0.9999999999919558,0.001792023727997104,NGC 5044 TR2,0.0
WALLABY J133256-233558,203.2354691339235,-23.59943806544223,109.35475190042598,7.144796413826374,4.933817200927367,86.64593532551169,9.341955282649415,9.493351111677224,0.9993122042929659,0.001786692532883249,NGC 5044 TR2,0.0
WALLABY J131528-131929,198.8706875429479,-13.32490250651892,194.17323661871126,6.71635887982887,5.14153819350063,43.0927756197232,9.839033093086371,9.9905226090976,0.9999999999986869,0.001383157498120858,NGC 5044 TR2,0.0
WALLABY J131855-170333,199.7322777622092,-17.05934297047196,283.4556065115852,9.013233082890167,4.935294371527072,-23.62527478841275,10.166828380149575,10.318363787986282,0.9999935028799373,0.001789605117626395,NGC 5044 TR2,0.0
WALLABY J133652-205552,204.2173840888612,-20.93113503390224,137.92778567864733,6.243073095062851,4.994304597984802,72.24847417487275,9.538891583420476,9.690557909327376,0.9973539311563634,0.001644041812757795,NGC 5044 TR2,0.0
WALLABY J133059-224147,202.7494715044158,-22.69645690642163,106.72810446584559,5.979972486212355,4.919275777991955,-74.93599350175532,9.314186340664335,9.465965708332742,0.9985698689125035,0.00181127975344622,NGC 5044 TR2,0.0
WALLABY J133801-211734,204.5065676971256,-21.29259092290687,177.77058001656755,10.84991727281863,4.774980774486902,-42.14934511800652,9.75734129106748,9.909121076085198,0.999982714407597,0.001587069066217641,NGC 5044 TR2,0.0
WALLABY J131335-201725,198.3979962927599,-20.29039828995503,24.5221419734548,6.127845822634769,5.728916339910302,55.28989314336883,8.035727022140865,8.18756517501591,0.9999345374094156,0.001788905924690426,NGC 5044 TR2,0.0
WALLABY J130309-193935,195.7906152262407,-19.65971665845064,224.6453744507466,7.156877093822719,4.099264820126621,-83.70954700301164,9.959376693717736,10.111228033088,0.7187705820803899,0.001708952323584603,NGC 5044 TR2,0.0
WALLABY J133004-205549,202.5184408305779,-20.93189543939197,75.77540354576433,5.360818976677288,4.304849703510779,35.91960178379694,9.013575899184552,9.165534762562203,0.9831379922007819,0.001787761775104511,NGC 5044 TR2,4.0
WALLABY J131049-182903,197.7058386612394,-18.48416064188153,193.81108426676428,6.814369457631958,5.430015932303894,-72.91750132407338,9.828388581510275,9.980398730630565,0.9999999948299105,0.001512713668735163,NGC 5044 TR2,0.0
WALLABY J130400-165409,196.0030931407061,-16.9025862915983,201.17539093407046,7.415192793163086,5.478556117396594,65.72466907548528,9.858120243623256,10.010284124574941,0.999999219190538,0.001813524040226376,NGC 5044 TR2,0.0
WALLABY J133627-224910,204.1142944354842,-22.81950462384765,100.69819464101376,7.842997847865252,5.100847679817849,78.81193915021716,9.253918641034332,9.406261469231774,0.9887784311240139,0.001709148308175764,NGC 5044 TR2,0.0
WALLABY J132920-211042,202.3370786382787,-21.17851962938806,9.718182591016172,8.604182227376587,4.90111088503221,73.69704948941798,7.22224757550542,7.374636552764585,1.0,0.001866119366069897,NGC 5044 TR2,0.0
WALLABY J131739-164913,199.4149389320205,-16.82034320469304,102.37163796844958,6.904931188678303,5.393307625607417,-62.85195162055338,9.267350588270062,9.419744545292286,0.9995671974573461,0.001876593452300287,NGC 5044 TR2,0.0
WALLABY J133522-232056,203.8418082203819,-23.34893100407197,113.3220435914611,6.019668148427288,5.656670530592308,-32.09508294680988,9.35424573886166,9.506719206079824,0.9999805294911508,0.001724203566586595,NGC 5044 TR2,0.0
WALLABY J133557-215713,203.9884865756542,-21.953904640262,183.62671168427565,7.921689669136299,5.677888519320161,-43.76159479555333,9.773159738368435,9.925652238091283,0.99999932845776,0.001563670180229874,NGC 5044 TR2,0.0
WALLABY J131854-183512,199.7270130960243,-18.58667961500534,34.86941413547334,9.510893716238092,7.662436091801166,1.667403142115717,8.32996101359383,8.48246603215305,0.9999976976943866,0.001980456742033719,NGC 5044 TR2,0.0
WALLABY J133328-205305,203.3682255020388,-20.88482012524489,128.1589359576503,8.471467737092963,4.456500379653157,63.48814678880774,9.45739387789112,9.610082731130992,0.9999623936823934,0.001703265059592223,NGC 5044 TR2,0.0
WALLABY J130838-192128,197.1591138349388,-19.35781389222714,67.38625690518356,6.399083958298619,4.910930186972905,-85.60380490063348,8.897202221905161,9.049997451554116,0.9999981066244146,0.001813915146420626,NGC 5044 TR2,0.0
WALLABY J130618-113220,196.5765902430974,-11.53897819435225,84.37860463751342,5.706191513286208,4.178121174961952,-33.98387791428397,9.089800127946631,9.242753223372864,0.9999925939192473,0.001692680683486227,NGC 5044 TR2,0.0
WALLABY J131503-192914,198.7654239369629,-19.48732822725,114.5422543238526,5.882144834760719,5.173144373420767,-68.72456378840059,9.353876224545248,9.506909948508568,0.711694650989333,0.001592928064836358,NGC 5044 TR2,0.0
WALLABY J133404-205326,203.5197833606067,-20.89067174637202,183.96727349960634,5.162936755168135,4.09753384877948,-64.03063697498821,9.764434203670898,9.917525440175814,0.7719803726339896,0.001606105288604808,NGC 5044 TR2,0.0
WALLABY J130420-181518,196.0856695936621,-18.25499626639328,39.02257713494888,7.043572631732182,5.345850944123897,-59.17790121134936,8.416729604194117,8.569870456748175,0.999999963288892,0.001818876119651574,NGC 5044 TR2,4.0
WALLABY J131307-164101,198.2802567212837,-16.68374170349101,38.32016642911336,7.241802201031086,4.014148547060616,-63.79246807773938,8.40055927439109,8.553722938251159,0.9999760992256534,0.001803722221704108,NGC 5044 TR2,4.0
WALLABY J130752-194822,196.9671107170595,-19.80626732384953,198.9753653081023,7.354653495637932,4.526634727181763,-60.36098493370181,9.82996711462701,9.98320829844764,0.8561693952434786,0.001595123851686865,NGC 5044 TR2,0.0
WALLABY J132937-230656,202.4066761917635,-23.11572524916008,137.36178032592338,6.153530646173986,4.861455186903084,89.3518610958931,9.506314459587356,9.659659302840534,0.9996377189919478,0.001786723773051457,NGC 5044 TR2,0.0
WALLABY J133735-211259,204.3985574737021,-21.21488445828209,224.41316611271958,6.066432305272094,4.423424991380179,62.01771793832594,9.931949511480248,10.085336726907256,0.9999868511901229,0.001559654696730657,NGC 5044 TR2,4.0
WALLABY J132929-235535,202.3722684948164,-23.92660580253705,197.50222907780483,7.415435109959573,4.547133778072462,-62.29843168515806,9.820388727817456,9.973811256531546,0.999999993467256,0.001700522742395691,NGC 5044 TR2,0.0
WALLABY J133128-212511,202.8685954823805,-21.41967994960323,36.579316887561966,7.455057839544129,5.262615408679304,-41.75945914054834,8.35442243877888,8.507920095603085,0.9226001457166685,0.002016506429065991,NGC 5044 TR2,0.0
WALLABY J131032-172527,197.6354207863164,-17.42416454384981,189.30797175356736,8.32393883306025,6.431500552633699,-52.71239743414547,9.779618605244197,9.933271433793536,0.9999999791257282,0.001611537625920706,NGC 5044 TR2,0.0
WALLABY J134126-203030,205.3621798814314,-20.50867816778685,101.290361106156,5.334526369808728,4.664122163273467,63.17223672577241,9.236081895131536,9.389754204748789,0.9915865563729824,0.001947013365277826,NGC 5044 TR2,0.0
WALLABY J133523-230609,203.8487579576939,-23.10248706435084,113.12272101714889,6.338240159248437,5.298578173225495,-77.58481109676552,9.331684319243973,9.48537761548331,0.9998991956422664,0.001780604497230213,NGC 5044 TR2,0.0
WALLABY J130626-140731,196.6120560519171,-14.12550263463648,37.15486978384667,6.835173050137482,5.105389923225037,-38.802455519926,8.362828961397394,8.516626173056196,1.0,0.001606522198142412,NGC 5044 TR2,4.0
WALLABY J130645-162250,196.6882336813661,-16.38060539270505,156.93503368073223,16.61499478488279,5.619788332855527,63.31810717205184,9.610629233701008,9.764636359815476,0.9765777593330447,0.001720539405531506,NGC 5044 TR2,0.0
WALLABY J130813-120248,197.0582619578008,-12.04677668523579,90.71736019429507,5.552814651877856,4.702526338129655,-54.79255291783928,9.131753249534144,9.285924384092176,0.9973280322615812,0.001515693739145543,NGC 5044 TR2,0.0
WALLABY J133607-222504,204.0327322057806,-22.41759156619483,126.59485798263972,6.122021216256725,4.590228463031065,-36.52483664060478,9.421045347279547,9.575225755039465,0.9999210439676782,0.00168339156617756,NGC 5044 TR2,0.0
WALLABY J131548-150626,198.9522313080854,-15.10737534555486,177.0070230151734,7.382182075132495,5.886717439091305,42.06761255079533,9.712034901721,9.866224587941856,0.999270649378271,0.001580059359303663,NGC 5044 TR2,0.0
WALLABY J133027-210654,202.6157957829791,-21.11483246376491,81.57630458587974,5.920810573806213,4.779919945889454,47.22476047388062,9.038747462401897,9.192962456966178,0.9999992683255458,0.001790071648978142,NGC 5044 TR2,4.0
WALLABY J133537-232753,203.9083765966654,-23.4652914173535,216.3475485742391,8.012549698260349,4.744733084536866,53.58651067437764,9.885612539796968,10.039845639768476,0.9999497869579589,0.002132051988330674,NGC 5044 TR2,0.0
WALLABY J131444-172117,198.6855554486099,-17.35488822314012,169.425858239314,5.519628091375255,4.564453640019132,14.52460112476007,9.673189568301844,9.82742723559699,0.9999964409327826,0.001578683670018018,NGC 5044 TR2,0.0
WALLABY J130321-134144,195.8406584450456,-13.69555148865209,199.07263789536867,9.125101640206427,5.426901662813647,55.24713345334759,9.810548071745579,9.964943378179512,0.9982687099707617,0.00154772846047144,NGC 5044 TR2,0.0
WALLABY J133553-204426,203.9718060645696,-20.7406414375937,22.847334426922178,8.415554444626917,4.709373839845414,-75.00196314880247,7.92959564842427,8.084025953697498,0.9999998658389371,0.001839846212009383,NGC 5044 TR2,0.0
WALLABY J130413-113048,196.0573865292773,-11.51357869416797,81.2657623101273,8.783842943196971,5.829831135128977,48.92997270523165,9.029933685855172,9.18446930083459,0.9257353461046829,0.001803044776067554,NGC 5044 TR2,0.0
WALLABY J131742-141341,199.4270690778312,-14.22825627132551,172.12661223308876,6.237999277694508,5.265456380449417,62.48517939133836,9.679895499816013,9.834543054398145,0.9989459168773533,0.00151306041734251,NGC 5044 TR2,0.0
WALLABY J130438-113758,196.1607658543865,-11.63297050590848,81.23386956456386,6.001523031763837,4.778754951311912,-35.81168178114717,9.024018167173276,9.178879091948158,0.9647121389355614,0.001768975042568972,NGC 5044 TR2,0.0
WALLABY J131551-161220,198.9626237908921,-16.20575391511587,129.64573915114644,5.813396984769926,4.237253204393484,61.18742471712056,9.42782321442247,9.582814803685372,0.9185250943647096,0.001847015571716689,NGC 5044 TR2,0.0
WALLABY J131225-185354,198.1058300258311,-18.89852565283254,149.8300221361233,6.460001021498855,5.310865512595697,-78.43763071739532,9.55210719568013,9.70718042357457,0.9998957973591349,0.001617711011094068,NGC 5044 TR2,4.0
WALLABY J133104-212509,202.7688431418972,-21.4193995338563,80.18237025760354,6.14074528788137,4.975863166477841,62.7444951143853,9.009037567576287,9.164112532679702,0.9840911683550646,0.001742428148692005,NGC 5044 TR2,0.0
WALLABY J133158-205217,202.9935060777838,-20.87151825487449,92.6993692170358,5.894863555073343,4.464271304307049,-70.49768016935572,9.134052630370668,9.289184913751768,0.9990552692147675,0.001789278304043513,NGC 5044 TR2,0.0
WALLABY J131324-124234,198.3528156008235,-12.70946501825881,217.95081698027963,6.549815813595441,4.280736987298725,-23.55009671380159,9.875308422617756,10.030517151357238,0.9999941180019015,0.00138847333204703,NGC 5044 TR2,0.0
WALLABY J133217-231924,203.0710658887626,-23.32337707705301,190.90740979590078,5.95603499737573,5.746533503172082,-41.48695972346567,9.759579040604496,9.91482624164984,0.9998356742614986,0.001623130403588885,NGC 5044 TR2,0.0
WALLABY J131301-193617,198.2571229373033,-19.60496602207762,111.8738292669881,5.784774080863841,4.731243067113351,-61.79704965062781,9.29376541475386,9.449107662126272,0.8332675787263402,0.001596702084273017,NGC 5044 TR2,0.0
WALLABY J131326-143106,198.3621290467027,-14.5185805219338,89.55470500559012,6.909209614271373,4.884309791984014,-57.22572100096215,9.098378420170954,9.253843940347867,0.9316558874894629,0.001516604018963934,NGC 5044 TR2,0.0
WALLABY J133535-212716,203.8962537240686,-21.45423820942985,80.79391302985911,6.001519707380382,4.101286156667141,54.08987542083757,9.007067824595133,9.162644043092564,0.9999999999815086,0.001771754899746638,NGC 5044 TR2,4.0
WALLABY J130445-183840,196.1893836846043,-18.64448002770689,38.93530645296326,5.550949599897291,4.580844636744892,-48.09771546732534,8.372753275806499,8.528343808423095,0.9406343105679238,0.001830864577350785,NGC 5044 TR2,4.0
WALLABY J133413-225449,203.5550697671939,-22.9138658431124,184.42584801732528,5.961129201436814,3.816737316626084,-47.24442661414681,9.72250564969656,9.878166688699043,0.9959040068741741,0.001633641598306373,NGC 5044 TR2,0.0
WALLABY J133806-205136,204.5288090721251,-20.86011403973667,172.96025214567945,6.212605509778473,5.311077848979532,74.72735733510665,9.666593816010309,9.822264277388266,0.9975848405496263,0.00163286162968686,NGC 5044 TR2,4.0
WALLABY J133218-233549,203.0778832974985,-23.59719927624286,182.3468637226873,7.757896747549153,4.793734678299473,64.11519807700992,9.710702222254133,9.86647787178642,0.9999998056069621,0.001659920102892934,NGC 5044 TR2,0.0
WALLABY J133117-211744,202.8227536164669,-21.2958232984311,77.19092849872916,8.161439088063608,5.211292728470561,85.20199085448432,8.963847030265116,9.119633879209037,1.0,0.001749391167951286,NGC 5044 TR2,0.0
WALLABY J131713-125334,199.3082883287817,-12.89284904110623,97.79736768291261,12.28804920419362,7.502319923865787,16.99746271900119,9.167668779932605,9.32355526370447,0.9856239808323857,0.001539058796000886,NGC 5044 TR2,0.0
WALLABY J130327-202706,195.8644578804258,-20.45181421574739,194.85591857694797,5.405158064741144,4.179573749163579,-4.154612237171321,9.761166216321223,9.917362114783666,0.7543783591728523,0.001840449268074127,NGC 5044 TR2,0.0
WALLABY J131547-173827,198.9493682923758,-17.64090646996521,192.83010096903345,13.0427580602947,4.736919297743978,-49.03652968495724,9.750427584253835,9.906720983074136,0.9985645244564478,0.00154682586124689,NGC 5044 TR2,0.0
WALLABY J130501-204158,196.2565231564935,-20.69949297510881,100.7555463779998,5.557664008009842,3.650344717737712,62.79542508741589,9.185946113959087,9.342278834555986,0.8191470192911156,0.001959655881636838,NGC 5044 TR2,0.0
WALLABY J131052-185857,197.7174676072685,-18.98266441569512,287.053222134957,6.208710575657038,5.737207455183244,61.32125587294722,10.091107985157599,10.24768889930164,0.9999985373522332,0.001410346627721039,NGC 5044 TR2,0.0
WALLABY J131038-144004,197.6593126665803,-14.66787552159157,47.854772126292374,6.328749436698561,5.72579295853637,20.08858394202252,8.534682872354278,8.691284402998281,0.999996541042517,0.001490096822538281,NGC 5044 TR2,0.0
WALLABY J130405-141215,196.0210746712954,-14.20425803682167,201.05954003400143,6.223707123442716,5.743647242545673,-30.16676736408649,9.780370158985908,9.937037029776084,1.0,0.001599441553608912,NGC 5044 TR2,0.0
WALLABY J131818-145755,199.5750092575865,-14.96551320373002,156.08750086748583,6.94909431146777,5.19958918650947,53.55660400663211,9.560161181863506,9.716845446865875,1.0,0.001692623812572279,NGC 5044 TR2,0.0
WALLABY J130938-155416,197.4097144552153,-15.90443622086985,83.26234231094207,5.019989378444978,3.908679749463571,-18.11852762366826,9.013355104465022,9.170096233104395,0.996324653050847,0.001607075546094206,NGC 5044 TR2,0.0
WALLABY J133821-225200,204.5887716706891,-22.86648324821883,130.48286723898923,6.537503277475481,4.869356120486489,4.815536710306134,9.400842650168828,9.557743906639761,0.9475070129120012,0.001668210311508211,NGC 5044 TR2,0.0
WALLABY J131836-145740,199.6503808470867,-14.96126878268048,30.334447889638074,6.251261699734799,4.678959131289412,-28.20870986065545,8.13293674810221,8.289877497556226,0.9999999999999118,0.001718039760580833,NGC 5044 TR2,0.0
WALLABY J132634-222458,201.6446580382134,-22.41634424683108,103.05675255064996,5.724219350312613,4.013977860674216,-18.0350636430429,9.195072067294344,9.352021372109627,0.9954986979752984,0.001969807555523513,NGC 5044 TR2,0.0
WALLABY J131342-181322,198.4291349413882,-18.22296370404628,99.78185068875977,5.73464714806495,4.277627793214569,43.51629845582411,9.166181379207787,9.323180176194837,0.9999999990501273,0.001611373312991789,NGC 5044 TR2,0.0
WALLABY J133120-231334,202.8343341193801,-23.22621145664943,107.75684699440376,6.580405785338888,4.407391910245573,-47.51332036281097,9.23199810458012,9.389053998982135,0.9999156231050047,0.00186072620841247,NGC 5044 TR2,0.0
WALLABY J131251-183142,198.2135433607558,-18.52859263184482,87.97537937584089,5.214717512538879,4.406316848505961,57.67166528556547,9.055181190657873,9.212275324676414,0.8686438849641952,0.001615171409795659,NGC 5044 TR2,0.0
WALLABY J130426-202720,196.1108525780161,-20.45556189155397,224.75261160267135,11.11281261399765,4.022935851350867,-43.23715952845177,9.869825129435268,10.02692181025431,0.7171860865585084,0.00178816401384489,NGC 5044 TR2,0.0
WALLABY J130430-180121,196.1261460880446,-18.02263353666683,200.33903397321046,6.626961795746726,4.935685396539893,-36.24871380301733,9.769651911830763,9.92676595652454,0.9999975756120019,0.001617321803473576,NGC 5044 TR2,0.0
WALLABY J130417-202952,196.0749789550001,-20.49795255135566,67.84102759721777,5.398960700415492,3.699349289065228,21.42371474228133,8.828869306054754,8.985997266212648,0.9992712631797067,0.001996865338339129,NGC 5044 TR2,0.0
WALLABY J130315-140627,195.8164769716052,-14.10755420854743,103.54246246132357,5.72362741636942,4.079657285488492,-22.99368739869209,9.194608923408273,9.351825971437542,0.9680428360117989,0.001608059179898721,NGC 5044 TR2,0.0
WALLABY J133511-223024,203.7984081969727,-22.50687233092482,71.7287088901806,4.89767121810754,3.964617843571954,-29.27963852530642,8.875510330447705,9.032741967701355,0.9999999999914868,0.001765200505339469,NGC 5044 TR2,0.0
WALLABY J133815-212023,204.565087446508,-21.33976223718675,140.37520211103134,5.272060129192305,5.143108989934615,53.95097159218091,9.458594430756522,9.615832587121425,0.9999999922538487,0.001570871815691075,NGC 5044 TR2,4.0
WALLABY J131626-173326,199.1101956043944,-17.55720851244784,31.056908246816477,5.404942672630602,4.738030932259367,80.80130482473199,8.147794717042009,8.305064417389685,0.9984371600208478,0.001760052608892116,NGC 5044 TR2,0.0
WALLABY J132625-215123,201.6072884818515,-21.85646403837498,127.6245466446576,4.947191162505596,4.100739010794328,-10.6106006660475,9.374581811604573,9.531896582944187,0.9614889302392877,0.001873872796104363,NGC 5044 TR2,0.0
WALLABY J132858-241435,202.2433281396393,-24.24315051311222,174.3236518889025,6.512766168132098,4.142022229242891,-84.95373076541254,9.644392312716052,9.801768008497062,0.9635489484714161,0.001875089609285944,NGC 5044 TR2,4.0
WALLABY J130656-184823,196.7341268187865,-18.80662581588253,40.26833478287657,9.512030387974773,4.538812757502392,33.31596303093102,8.371400580949217,8.52878844679143,0.9999993028482147,0.001793022722989301,NGC 5044 TR2,0.0
WALLABY J133737-234516,204.4063976879202,-23.75480607985792,132.47993775873863,6.611874686149745,4.190603928511186,20.58421613230388,9.405188756374383,9.56261109080374,0.9965805786582619,0.001820749321560751,NGC 5044 TR2,0.0
WALLABY J130342-123045,195.9289980190082,-12.51271340525349,216.2132756799333,6.760829323932343,5.325663822407054,-27.1679350667034,9.830275645637045,9.987720241782956,0.9999922976141572,0.001586717657474705,NGC 5044 TR2,0.0
WALLABY J130548-200037,196.4526133601887,-20.01053900048564,204.5148789778426,7.145682824257753,4.935155119786895,-6.834678147347702,9.779809815958604,9.937381260704717,0.924367560418968,0.001667171446467085,NGC 5044 TR2,0.0
WALLABY J133819-203750,204.5816357981822,-20.63120524566293,227.33246832274153,6.609429900128174,3.766599018036814,-78.75131564375748,9.87091323775639,10.028530088654414,0.9982987084821479,0.001698726605321348,NGC 5044 TR2,0.0
WALLABY J131256-181446,198.2340229429788,-18.24625014854569,110.22173027867767,5.327590053224288,5.190562296058889,67.9667822758824,9.240899774847444,9.398588906222887,0.8407106649942728,0.001574216843757122,NGC 5044 TR2,0.0
WALLABY J131425-150115,198.6065225096399,-15.02100672116656,76.83560776362515,7.237534050995606,4.690368277431774,39.2930479894882,8.926888804974455,9.084613440280972,0.9990358080780645,0.00167738421990926,NGC 5044 TR2,0.0
WALLABY J132751-240335,201.9652142604467,-24.05982434960843,133.86460082270403,6.886465402343877,5.584474025330425,-32.14231660740723,9.407298765988973,9.56512945139962,0.9845206002634391,0.002008096955499158,NGC 5044 TR2,0.0
WALLABY J130850-125228,197.2114859298381,-12.87461885989876,73.19478847415695,7.509648264342969,3.67193941779521,-12.81223118169471,8.882333898287511,9.040199640466636,1.0,0.001545164091415363,NGC 5044 TR2,0.0
WALLABY J132949-220314,202.4555895929506,-22.05397258097478,103.20871461827582,6.288188413361339,5.459725277127141,-21.52445808028656,9.1792388542322,9.337197173590122,0.9957156357959005,0.001802297428397165,NGC 5044 TR2,0.0
WALLABY J133134-240142,202.8952624545263,-24.02844145115752,110.23474485751784,6.82750330275376,4.472006931701916,12.64013959940922,9.235261512796988,9.393289640990721,0.9850073198549193,0.001879831901339436,NGC 5044 TR2,0.0
WALLABY J131652-175359,199.2204167002904,-17.89995036556701,40.17522413917211,7.539932966954527,5.745257222516347,38.7288824924963,8.35836130203938,8.516400056730188,1.0,0.001661941220957659,NGC 5044 TR2,0.0
WALLABY J130441-123008,196.1723652188126,-12.50242952874542,267.32924803770976,5.93369407138106,4.375374082239695,-31.84000830627023,10.003612555510944,10.161705977325628,0.9716857684452553,0.001431628776565698,NGC 5044 TR2,0.0
WALLABY J130449-113123,196.2081770274513,-11.52310010452306,80.8747205377455,5.694744479352182,4.751783835546393,55.28926484054617,8.963826876003209,9.12199822380388,1.0,0.001735556347271939,NGC 5044 TR2,0.0
WALLABY J133613-205108,204.0574904400777,-20.85237459837474,81.28025161352653,6.000511135941012,4.121810200568369,-63.9336070668716,8.96606435541184,9.124360295421491,0.9838094821246015,0.001773931787158367,NGC 5044 TR2,4.0
WALLABY J131153-145917,197.9741669321346,-14.98828314165901,201.0124816975694,6.442117662892211,4.627220681559032,35.21322781506876,9.752491715640122,9.910790530426675,0.9999583808919682,0.001391771672458379,NGC 5044 TR2,0.0
WALLABY J132906-210123,202.2788941155835,-21.0235311544069,82.79969690468678,5.114161762812276,4.998481887468188,56.52794746395851,8.981571248752235,9.139901526317228,0.9999999523425801,0.001800464700628567,NGC 5044 TR2,4.0
WALLABY J130821-185647,197.0900918634908,-18.94647539830084,195.36924787373988,12.38714031282093,4.86992769270115,-83.07068905155982,9.724570474997346,9.883057890173422,0.9999750725190566,0.001590970807888964,NGC 5044 TR2,0.0
WALLABY J130643-155855,196.6805164857174,-15.9820745893096,162.03719977783115,6.83455742587824,4.116923509570124,-67.21586760698767,9.560792292100505,9.719356379682461,0.999985914785412,0.001715225729075514,NGC 5044 TR2,0.0
WALLABY J131535-142104,198.8973986368676,-14.3511434652729,99.58840245893559,5.294324221609589,3.783665997190544,-44.52961906813623,9.136802581270823,9.295436407713071,0.9619903472680863,0.001552047456875595,NGC 5044 TR2,0.0
WALLABY J134004-235850,205.0169543901854,-23.9806869707751,281.7383785468995,6.904800699367498,4.431512419945184,-17.25873113273252,10.039180042080389,10.197866994842622,0.999334052304539,0.001691981317952643,NGC 5044 TR2,0.0
WALLABY J130602-155021,196.509868627366,-15.83932260839759,96.20005399392727,6.312810049857251,5.482020486442626,73.85935058824717,9.105661658242044,9.264359095104787,0.9980588266920006,0.001613688105897431,NGC 5044 TR2,0.0
WALLABY J133939-234522,204.9152996308132,-23.7564146140077,167.49780367654307,6.128037119847632,5.451274739291116,-11.27636965603435,9.586104609862614,9.744874596101193,0.9946274273234723,0.001777882115058145,NGC 5044 TR2,0.0
WALLABY J131734-161058,199.3920098936671,-16.18286981582153,198.64579240265286,5.946043708967704,4.688345374047564,84.54341376712078,9.731763598304594,9.890680651732012,0.9917347101283549,0.001841889940361596,NGC 5044 TR2,0.0
WALLABY J133951-233716,204.9662212800156,-23.62100506255063,169.85718274759947,4.70406524805354,4.233847919997545,34.42988687619297,9.594600588801415,9.753587134500185,0.9999991632522612,0.001692314603946066,NGC 5044 TR2,0.0
WALLABY J131331-160600,198.3830437886483,-16.10011813666645,38.853288132230446,8.940137954100646,6.423388995038699,-7.465041359594309,8.31282970991508,8.471843451508962,0.9617207309123139,0.001718036826421388,NGC 5044 TR2,4.0
WALLABY J130444-160813,196.183408821254,-16.13710390400569,257.24705831584566,7.115297566998607,5.091701383166969,-41.2157094352965,9.954359745580394,10.1133921809973,0.9548170655551314,0.001609736224619123,NGC 5044 TR2,0.0
WALLABY J131623-133604,199.0977907932824,-13.60110931897034,94.98975306983299,5.650458095138279,4.145260089781428,8.268160865439029,9.087081549450826,9.246228522203456,0.9642086107461503,0.001469597231277351,NGC 5044 TR2,0.0
WALLABY J134045-211913,205.1899012453326,-21.32042441264961,138.705959087898,6.893324241780936,5.101315777212006,79.60022524582146,9.415875089188383,9.575024623800935,0.9037104710220333,0.001734568225929449,NGC 5044 TR2,0.0
WALLABY J131301-195851,198.2550537227808,-19.98094148665531,283.513066123157,7.33321692970526,5.510804303641658,34.49948424302119,10.03666224349871,10.195821791114316,0.8093173397883758,0.001485007436682213,NGC 5044 TR2,0.0
WALLABY J131337-155035,198.406612445666,-15.84311605699926,50.927715707074185,5.799537976721086,3.966660166468219,-23.96539034993266,8.543232670252982,8.702522298018337,0.999108841534569,0.001837389543864697,NGC 5044 TR2,0.0
WALLABY J133409-203829,203.5407932463423,-20.64140863202292,81.04976089464274,6.227828649409179,4.725442226350776,-36.14453673400004,8.945868259387208,9.105214850090526,0.8330942278793666,0.001687669311751871,NGC 5044 TR2,4.0
WALLABY J130527-142801,196.36613698946,-14.46698452153477,36.22617173780913,6.009008940092428,4.92431792140319,35.60816703094173,8.245840894243882,8.405221258425115,0.999999999989067,0.001693991130873624,NGC 5044 TR2,0.0
WALLABY J130606-172523,196.5263904376663,-17.42311540886915,199.89181375549333,6.511117419720599,5.176641867397174,3.278358291344063,9.72788107389397,9.88735081814177,0.999971195848198,0.001683747548757278,NGC 5044 TR2,0.0
WALLABY J133102-211852,202.7615384252674,-21.31439697957132,81.00224898886506,4.929290633891415,4.449385896338204,-39.65800213335086,8.942100473475087,9.10164060190966,0.9987017012722189,0.001792680634517543,NGC 5044 TR2,4.0
WALLABY J133240-203615,203.1678568271274,-20.60422537951504,141.47358511754828,5.504354804638835,4.176989538268399,88.11876092652797,9.422368239024145,9.58215141665894,0.9825653842079688,0.001712105423103427,NGC 5044 TR2,4.0
WALLABY J133043-234430,202.681974293522,-23.74171765294105,108.79026729300334,6.591495272852488,3.549550131648852,-55.53846585529528,9.193489078196842,9.35331439485054,0.9991626948931197,0.001857547478147906,NGC 5044 TR2,0.0
WALLABY J133823-202709,204.5969300686082,-20.45297150874041,25.594762995984237,7.067977488951994,5.193056145595222,-53.44440098107167,7.934334472064174,8.094295240610448,0.9999882972136314,0.001949785369264036,NGC 5044 TR2,4.0
WALLABY J131009-171227,197.5378443240724,-17.20763652863792,108.15396049452747,6.75872164004185,5.652626280439769,65.7805226783538,9.185637220836673,9.345626545757218,0.7767817634279826,0.001691345640938776,NGC 5044 TR2,4.0
WALLABY J130437-170033,196.154997493207,-17.00921548424385,158.1682055129503,5.280160331021007,4.675200052379722,87.93630683860658,9.5146046452215,9.674664568107943,0.9983807743143653,0.001731662372493265,NGC 5044 TR2,0.0
WALLABY J133126-232824,202.8613468871244,-23.47345475350804,129.58409215861317,5.321211223426921,4.594246778489536,-77.77363500506017,9.340162388147952,9.500300142357565,0.9950868698648169,0.001800036227050797,NGC 5044 TR2,0.0
WALLABY J131814-120257,199.5592909556167,-12.04932765420792,37.19032908300433,6.61641095704232,4.044025511749228,-87.60373532420866,8.254403516892522,8.414631530894422,0.9999963724678883,0.00162099166024994,NGC 5044 TR2,4.0
WALLABY J130703-185253,196.7624841106888,-18.88159266657526,197.78760341703958,7.494988040502045,4.814209410121517,45.28932119940691,9.705706669154786,9.865948676667502,0.9985061734023069,0.001685349427216605,NGC 5044 TR2,0.0
WALLABY J131853-160803,199.7226710496172,-16.13418309838072,203.70398717054,5.248333086503949,4.030813761622448,27.09416819678998,9.73121670996271,9.891464131242042,0.9830364628053532,0.001859881515687554,NGC 5044 TR2,0.0
WALLABY J134155-204254,205.4830676162312,-20.7151551918245,233.9703088895147,5.07854636172036,4.670038324360847,79.23266232917916,9.850251168728043,10.010575325197964,0.9543201709486608,0.001810910739746614,NGC 5044 TR2,0.0
WALLABY J133533-225159,203.8896324787771,-22.86663831981959,120.1080226897649,5.74764255523813,4.637296344835016,-24.93223311166174,9.270086363283895,9.43046935843584,0.9937113545922995,0.001854149376315428,NGC 5044 TR2,4.0
WALLABY J130627-153029,196.6159672685592,-15.50804702986047,103.02364520809746,5.403863768350339,4.673322286563866,69.96517727513515,9.135201526397422,9.295680768664038,0.9483014771558591,0.00175357933536372,NGC 5044 TR2,0.0
WALLABY J131033-170323,197.6401967211993,-17.0564824647334,70.02388038815477,5.691802582813063,4.037092862797095,89.55189159398432,8.799444245456366,8.959945894283535,0.9999298784923674,0.001816724345192741,NGC 5044 TR2,0.0
WALLABY J131643-142608,199.1830874951561,-14.43562571580979,155.35638570144536,6.437404461416871,4.578405034964028,-17.04749948379487,9.48915681702807,9.649804781522215,0.9469196670577409,0.001499709128879928,NGC 5044 TR2,0.0
WALLABY J131350-160525,198.4600289535165,-16.09052369338295,36.09127811441499,7.690566376453223,5.76935735619405,20.82888514884144,8.219608853485171,8.380357911706753,0.9886397963082574,0.001823493105837006,NGC 5044 TR2,4.0
WALLABY J130322-130612,195.8427917260028,-13.10335883502569,204.84406370770748,7.357574297582415,4.789009276603289,-72.16712479240124,9.725124112942773,9.886024016804809,0.9945066481919687,0.001465675727179179,NGC 5044 TR2,0.0
WALLABY J131843-172044,199.6810571374335,-17.34566047449268,234.39379304421658,7.017777326256216,6.093417833687941,-34.4324614030148,9.839472526415546,10.00053351928599,0.9912623648330515,0.0017107538974838,NGC 5044 TR2,0.0
WALLABY J130317-140446,195.8229082762921,-14.07946994202629,262.81243961790153,5.889250307560848,4.414058101169694,-36.35772322309499,9.936797670548877,10.097982632015844,0.9991235363770421,0.001465085098142672,NGC 5044 TR2,0.0
WALLABY J134201-221411,205.5072721636919,-22.2363770771911,211.4449806828276,5.701650270854972,4.921363790330286,-15.69863845102817,9.745661650463973,9.906980471314114,0.7266179637713679,0.002764351007987359,NGC 5044 TR2,0.0
WALLABY J133538-231852,203.9089197387688,-23.31405427266075,149.67119584889576,6.11666724001834,3.82866931002423,85.52984502229138,9.44284933348154,9.604329306550788,0.9827535490597387,0.001769828882967452,NGC 5044 TR2,4.0
WALLABY J133818-233325,204.5765918042904,-23.5571663430436,165.46834296150058,5.91962605931892,4.480401323219438,-12.22877214089834,9.525669120252456,9.687408519009765,0.9844668725685738,0.001719187362119036,NGC 5044 TR2,0.0
WALLABY J131751-125058,199.4641820437066,-12.84966496416821,199.81609490380487,6.634814748219688,5.119616887571326,-33.60468986622538,9.687377483684047,9.849244045976961,0.9626483290183061,0.001383234390358076,NGC 5044 TR2,0.0
WALLABY J133150-212650,202.9591455577811,-21.44726087548982,79.87313180140401,6.470965025668353,4.018218725632153,-36.98605794502597,8.889788182177377,9.051722449513413,0.9794490323391133,0.001679327496449886,NGC 5044 TR2,0.0
WALLABY J130355-163807,195.9794978765012,-16.6353485480516,192.20967529966651,6.783832795105861,5.169270657401864,-51.94905641111212,9.652490950024468,9.814427991625243,0.9819052256765581,0.001819280170666905,NGC 5044 TR2,0.0
WALLABY J131608-165949,199.0341156361665,-16.99698445441332,76.6055541244801,4.984752160326727,4.643525252458151,79.92159671988944,8.8491654254666,9.011360037759932,0.9948819019053011,0.001775492328489043,NGC 5044 TR2,0.0
WALLABY J133138-233834,202.9081558170292,-23.64364270578877,141.8903692069927,7.303314494379466,4.094740299545802,53.7214135393351,9.383998824315603,9.546226547908264,0.8294822054483539,0.001815877149802416,NGC 5044 TR2,4.0
WALLABY J130450-141139,196.2089421902219,-14.19416618916785,259.77341153168936,7.528713326212607,5.611970802915153,11.13781165820546,9.906958759390164,10.069325927819827,0.9990077924217656,0.00148853429633504,NGC 5044 TR2,0.0
WALLABY J131001-162607,197.5047260139062,-16.4353525220682,186.91067658276611,6.168094595004439,5.234110598116015,63.44660456357299,9.620736296943889,9.78312155129202,0.9999897576438281,0.001635580128412603,NGC 5044 TR2,0.0
WALLABY J133556-241859,203.9859411959417,-24.31666876550621,277.4136477031555,8.14253918942602,4.048267518849807,74.3264856798965,9.963397263819978,10.125802116386863,0.9976320785839862,0.001759262111818125,NGC 5044 TR2,0.0
WALLABY J131755-134723,199.4800688679083,-13.78989555079473,74.53296410265416,5.812765078326009,4.390201628129941,39.45951138379513,8.817096126624973,8.979785827263452,0.8946618272184537,0.001648524690596831,NGC 5044 TR2,0.0
WALLABY J130501-131601,196.2573754649507,-13.2670503090413,77.15732876064143,6.502206340618823,5.441722938775182,-65.50452073036581,8.844561836443777,9.007407341815567,0.9905067830081064,0.001466285428252078,NGC 5044 TR2,0.0
WALLABY J131858-150054,199.7430782810686,-15.01509658021431,157.43480512459044,5.596383483752064,3.722798885337744,-13.193701556777,9.462691601768192,9.625616330773104,0.9895509304693747,0.001705654846161325,NGC 5044 TR2,0.0
WALLABY J133903-211446,204.7641944130709,-21.2462757218007,143.1218350787411,6.408426920960099,4.544387119825363,-32.01817751346891,9.378793481461,9.541784885489388,0.9772406470865136,0.001629467670197128,NGC 5044 TR2,4.0
WALLABY J131644-153150,199.1864624910389,-15.53077568234888,42.460676419565395,8.331703348568972,4.725059234487379,-46.52917070605913,8.323033184941812,8.486043981713422,0.9939941108129015,0.001726826187337534,NGC 5044 TR2,0.0
WALLABY J133809-241011,204.5400185528948,-24.16988513141204,98.25792630255326,4.940405115995806,4.372671909396873,88.93267917531134,9.051619378452953,9.21464071424808,0.9691997817262078,0.001813258326198994,NGC 5044 TR2,0.0
WALLABY J133446-224630,203.6934348398642,-22.7750064766571,115.93629871524375,4.667422351916701,4.417117510064478,-20.74271712204727,9.194958915292048,9.35800216099431,0.9962262968200464,0.001775838214108318,NGC 5044 TR2,0.0
WALLABY J130739-153555,196.9132982887809,-15.59867081694656,171.82539280152616,5.380948459986866,4.732436005139921,-31.4647202560151,9.536472198120922,9.699528834966069,0.9964038020632432,0.001459267781847836,NGC 5044 TR2,0.0
WALLABY J131439-155030,198.6632436586835,-15.84186871185744,33.56213571642693,6.370127552651132,4.932734199655165,2.232827083833854,8.11730689818379,8.280405047324527,0.9956249685650207,0.001879990000754235,NGC 5044 TR2,0.0
WALLABY J130958-171937,197.4946875367091,-17.32698335796782,36.29983916064432,5.678044954500989,4.906827403436004,-84.55975385481078,8.184324210912118,8.347488143029613,0.9999263164556176,0.001831552637740625,NGC 5044 TR2,0.0
WALLABY J130417-165026,196.0739639895175,-16.84054608718065,168.3037929330805,8.425502331896677,4.793022059803861,-52.12215559001098,9.516540033787663,9.679713751943265,0.9896636749456583,0.00174808037536866,NGC 5044 TR2,0.0
WALLABY J130348-162236,195.9501046892986,-16.37685325775749,244.0220389933144,6.296147954681611,6.021680604774841,17.58838662896673,9.838536707929,10.0017509809058,0.9668783419684557,0.001775213238146544,NGC 5044 TR2,4.0
WALLABY J130925-155810,197.3556275272132,-15.96959784078944,84.06264700393096,6.720830006970935,4.797837248640944,-69.14360923790096,8.91261442175069,9.075844970341068,0.9942032680269055,0.001607749194583244,NGC 5044 TR2,0.0
WALLABY J130949-154149,197.4563442591865,-15.69699683483201,173.83637604754506,4.526338367463268,4.294721547396356,-36.23313587158923,9.542848761115506,9.70612994370654,0.9782786883353934,0.001494602138067191,NGC 5044 TR2,4.0
WALLABY J131613-114335,199.058282046126,-11.72662919779406,202.38791375121932,13.84453362377261,4.019674877350946,-34.8242144874988,9.669596916068643,9.833199853193372,0.764306070759217,0.001512178270935267,NGC 5044 TR2,0.0
WALLABY J130320-193543,195.8336720361903,-19.59542013033915,166.74061264951894,5.338007252644807,4.105330256180592,26.67801030293617,9.501268650789704,9.66487411443862,0.9898584456547632,0.00166026564331698,NGC 5044 TR2,0.0
WALLABY J133422-234348,203.5937368466121,-23.72934122247191,145.8121872528499,5.628382654365719,5.299386094966903,4.350839206784059,9.3847579520843,9.548364354067061,0.8377283857374263,0.001699603314903736,NGC 5044 TR2,0.0
WALLABY J133739-213902,204.4159498450209,-21.65061998269065,180.07940577656683,6.495908621402297,4.908892401922026,26.01733233815389,9.566714721139236,9.730404560930399,0.9880856225667961,0.001589094154027498,NGC 5044 TR2,0.0
WALLABY J131721-175129,199.337707236126,-17.85813521688259,34.204214452668644,6.101243625967108,4.729742068825982,-32.12324767200349,8.12373329461477,8.287435956243547,1.0,0.001750779715759204,NGC 5044 TR2,0.0
WALLABY J133058-231656,202.7417276844867,-23.28242328843061,132.74065095829616,5.459084100304319,4.239300758577945,13.93477286873545,9.299168641419453,9.463016892872437,1.0,0.001705259252429101,NGC 5044 TR2,0.0
WALLABY J133213-223743,203.0554634109578,-22.62886053425234,129.36123808596994,5.383223290842929,3.994874346208504,-61.47569157160768,9.27642069267854,9.440289968222753,0.8370546054296637,0.001795270289124131,NGC 5044 TR2,0.0
WALLABY J133039-214217,202.6640028330834,-21.70484280573849,105.71318899013978,6.352372554252971,4.751552754008559,-81.57097610152691,9.100942437168776,9.264819454266656,0.9709465927276695,0.001773051194129654,NGC 5044 TR2,0.0
WALLABY J131103-144149,197.7652960186345,-14.69704730030897,44.968076988376325,4.812431802423211,4.368666041363005,-60.99844143824258,8.358085283215791,8.521986891120248,0.999978884823916,0.001492190431601059,NGC 5044 TR2,0.0
WALLABY J131737-172013,199.4062225806431,-17.33696536119175,35.71607597003888,5.090830533155847,4.802433538273434,-64.1727886124062,8.156640192675617,8.320624134079008,0.9985403048945876,0.001795267786458722,NGC 5044 TR2,4.0
WALLABY J131037-144407,197.6573223547578,-14.73553502421977,203.15963817681933,6.072372728402399,4.779619939923228,84.84415022264122,9.664547836010524,9.828654948721436,0.9962332096823421,0.001387425362481744,NGC 5044 TR2,0.0
WALLABY J132749-240921,201.9549805141728,-24.15594341162857,133.901892755967,5.244628985618271,4.037795477531975,69.46672201580608,9.302297952395676,9.466414031960012,0.9123425826736563,0.002017671808158478,NGC 5044 TR2,0.0
WALLABY J130517-172223,196.3245397780673,-17.373061045111,156.02824311602683,7.242983733172357,4.023419442930551,-7.06913188868532,9.433742596575996,9.597942547500177,0.9803495262658497,0.001808503866013686,NGC 5044 TR2,0.0
WALLABY J133440-232652,203.6682861287166,-23.44725326729048,146.9148382917326,5.685462110920958,4.272961466286189,-88.20864229144216,9.381238000159222,9.545451816635532,0.8224326803332969,0.001719628003828621,NGC 5044 TR2,0.0
WALLABY J133502-221122,203.7598739296851,-22.18933073768657,182.4076935926827,7.35894580421337,4.324999939836413,35.73027501109999,9.56558402876992,9.730015990427182,0.987360363037692,0.001647602156347817,NGC 5044 TR2,0.0
WALLABY J132638-215333,201.6591821835658,-21.89257496860369,124.65446366510912,5.120884273334884,4.002529897452883,75.87046212402862,9.234604577760738,9.399055213920127,0.8995979668705127,0.001972119673166131,NGC 5044 TR2,0.0
WALLABY J131248-115354,198.2001303909871,-11.89833160621424,20.232641781466196,6.084243817428481,3.960751117799774,13.44115277667015,7.654136240507382,7.818656906365771,1.0,0.001654745799010577,NGC 5044 TR2,0.0
WALLABY J133559-221607,203.9999303051053,-22.26871167462589,126.06519547047453,5.708645358137767,4.686889391955412,77.00280008721236,9.241650409114316,9.406266117790988,0.9341705338518762,0.001659771668944542,NGC 5044 TR2,0.0
WALLABY J130647-162241,196.6975734868424,-16.37808297364895,156.17895590837466,6.27542127064896,5.307078250315579,2.153161441737552,9.42759824393682,9.59222041439519,0.7196524854829469,0.001703997477568966,NGC 5044 TR2,0.0
WALLABY J133351-224126,203.4629076072475,-22.6906983233394,189.6242861898531,5.30501517001076,4.573634161736643,1.491925519845807,9.595880864732395,9.760518784155828,0.9781118619217514,0.001602796247141365,NGC 5044 TR2,0.0
WALLABY J133105-223647,202.7742006273345,-22.61306559503942,131.91909222643895,8.033404110207973,3.785519272282215,-79.37913028778762,9.279957082710919,9.444640461424278,0.8562090792803622,0.001845639019442973,NGC 5044 TR2,0.0
WALLABY J133057-212143,202.7409248150178,-21.3621028161862,84.50541151682118,5.933796320475996,4.322777398457194,76.4838047826409,8.892204723920415,9.0569429471131,0.9631204179314071,0.001674067843047204,NGC 5044 TR2,0.0
WALLABY J131532-161726,198.8843663419285,-16.29064234419109,46.3799999215541,7.488757094462521,4.304551224899971,-2.429944096001137,8.369891016872744,8.53470226339382,0.9998728394289002,0.001935291311996455,NGC 5044 TR2,0.0
WALLABY J131451-143740,198.7160032826288,-14.62794470308484,169.28317909844878,5.965904984714261,4.992853915128697,4.983012629060482,9.491792434689348,9.65676507333962,0.998543917402376,0.00142639708397655,NGC 5044 TR2,0.0
WALLABY J131846-133637,199.6938279144213,-13.61052720379282,92.88717462024167,5.926573276387224,4.762334724315211,-51.35144445122199,8.969338764130883,9.134380329638944,0.7016705406923358,0.001651976556586197,NGC 5044 TR2,0.0
WALLABY J132618-214400,201.578198223593,-21.73348559509108,122.0864910699944,5.459125401444195,4.392720706383584,-11.99707392752293,9.206745288477363,9.37178789571678,0.9279343069538769,0.001944172322245852,NGC 5044 TR2,0.0
WALLABY J131858-183353,199.7456771906365,-18.56489633052047,77.01718617067657,4.855237586236025,4.001508857904128,-87.83602887586191,8.804594183174306,8.969757479500013,0.9254672052933898,0.001646364113659663,NGC 5044 TR2,0.0
WALLABY J131206-181550,198.027739943549,-18.26403801313922,39.995581241471655,5.386342452921064,4.944827469005365,-28.49821448818888,8.234814721535313,8.400016104987689,0.9586537946957095,0.001759210332533802,NGC 5044 TR2,0.0
WALLABY J130633-160714,196.6414769433003,-16.12058580559134,81.65719792572467,4.79766822603857,3.772400403849064,61.66290681887696,8.852583254220136,9.017917841054484,0.7641600844792882,0.001802736861923449,NGC 5044 TR2,0.0
WALLABY J131533-170024,198.8890601738383,-17.0066857911248,34.90645228800821,9.81895250638689,4.605612110370935,4.363844005385147,8.111057640794547,8.276595399579012,0.968644951680613,0.001803037958461785,NGC 5044 TR2,0.0
WALLABY J131219-172528,198.0813235978959,-17.42464085813177,284.4732338055789,4.816380441334273,4.20001908643933,-19.18629005926019,9.931973200270683,10.097593274496344,0.8858553456114434,0.001511447147440632,NGC 5044 TR2,0.0
WALLABY J133610-220440,204.0447853209866,-22.07807146838985,129.55140414254262,6.862935193120632,4.586917007077759,-51.53875048618368,9.248609806109767,9.414239889126435,0.9115564456277983,0.001656233245251551,NGC 5044 TR2,0.0
WALLABY J132656-203533,201.7369287175686,-20.5925278084625,120.60746001555718,7.145264847382704,4.736215991161446,48.93418967621409,9.179781257466114,9.34581803234183,0.8242368573990332,0.002143039120969893,NGC 5044 TR2,4.0
WALLABY J131638-174225,199.1619404461908,-17.70718383974848,195.2427948283414,9.58941255985967,5.339502216363093,-63.6718603211702,9.596184572984763,9.762342894831246,0.9994933286099585,0.0016201622424139,NGC 5044 TR2,0.0
WALLABY J133011-210731,202.5467780880669,-21.12550285108131,77.36272131017546,8.82630987568105,5.076406239129773,-80.43921845404324,8.79024705477791,8.956518004209823,0.9632028485025964,0.001715316342823079,NGC 5044 TR2,0.0
WALLABY J134020-222109,205.086169039755,-22.35261725523857,83.0295064801224,7.275671555567916,4.497183249460577,51.14475978503131,8.85069135567155,9.017020562066493,0.7348906708945779,0.001724083783842195,NGC 5044 TR2,4.0
WALLABY J130730-164622,196.8790392023593,-16.77303402058861,196.6958291547934,5.183951609396925,4.595301390616513,-15.98015125741223,9.598393490198957,9.76480934580498,0.9835594656893153,0.001664056404722237,NGC 5044 TR2,0.0
WALLABY J130510-161645,196.2951064248291,-16.27931541718403,195.0540637130754,6.606755265821285,4.611273421137274,82.07784638568216,9.589619312347502,9.756126145527356,0.8897324492948068,0.001730637660456521,NGC 5044 TR2,0.0
WALLABY J133557-234115,203.9900325831966,-23.68768049755908,162.86023988276756,6.345029856327881,4.467319849148358,-59.63320786295937,9.4328409523928,9.599353784987088,0.9999999732465652,0.001677049725732535,NGC 5044 TR2,0.0
WALLABY J133042-213957,202.678744833093,-21.66624246175665,106.00445902121234,6.817957232215411,5.205173857730045,10.18675723570703,9.05834737008019,9.22495229742579,0.9794711914803395,0.001776685323199835,NGC 5044 TR2,0.0
WALLABY J131156-145719,197.9868930272039,-14.95541216773121,38.65208470004688,5.396309286271588,4.396552976406153,-14.87443125649911,8.180346506413366,8.347054940205417,0.9999329983918991,0.00171309190476858,NGC 5044 TR2,4.0
WALLABY J131543-124057,198.9320406765947,-12.68255051214883,329.81947848090294,4.982132704643848,4.555414888464791,-85.37529530294171,10.042203337984848,10.208933100005844,0.9635275772032648,0.001345683751321504,NGC 5044 TR2,0.0
WALLABY J131548-170147,198.9520184928121,-17.02973453084115,200.6776324728402,7.626929193708691,5.232213900938753,-37.48596111243011,9.609355354016666,9.776163963785839,0.9678477976328471,0.001639390652244711,NGC 5044 TR2,0.0
WALLABY J130733-120657,196.8908697202871,-12.11601931494597,92.62191137195067,4.730880967428098,4.186896001774865,-69.51779425415089,8.937478565649826,9.104305854341074,0.9175153552207813,0.001407639693035461,NGC 5044 TR2,0.0
WALLABY J133318-210547,203.3288269784728,-21.09661415756248,83.61838517758902,6.95961190155601,4.952248465363856,55.60190164519443,8.847021435202135,9.013948330049558,0.7925230472510061,0.001705305163394533,NGC 5044 TR2,0.0
WALLABY J131824-152926,199.6002836123367,-15.49054387371102,248.8269605597437,6.203222236327512,4.888407814516623,51.92362172582511,9.79386813319222,9.960816049623183,0.9914811260293727,0.001655701817196786,NGC 5044 TR2,0.0
WALLABY J130446-142034,196.1938810195639,-14.34282521649772,306.3954984496622,9.476988006883898,3.887434188035631,-54.4324089116832,9.9728630001392,10.139919218812976,0.9346262369930302,0.00149694912042792,NGC 5044 TR2,0.0
WALLABY J131410-132513,198.542828251958,-13.42054023131539,209.64681500078086,7.266687911654974,3.894130314352792,-59.22222151021232,9.642330726180747,9.809444562322781,0.9971628551576579,0.001368232464610098,NGC 5044 TR2,0.0
WALLABY J130554-121523,196.4757590688532,-12.25651057631063,161.7303301583132,5.326186608956895,4.05998241949329,-29.21043000396636,9.41604863693396,9.58321671050514,0.7841961567611957,0.001492990076348614,NGC 5044 TR2,0.0
WALLABY J134112-233409,205.3037225499137,-23.56911611922241,181.59432987601045,4.948579627264137,4.351056611444156,-53.64489203825399,9.511089979485014,9.678598927671183,0.9639806496474549,0.001844277483161711,NGC 5044 TR2,0.0
WALLABY J133841-225918,204.6716776136557,-22.9886485775655,81.58310610227343,5.554645009119011,4.261687231905851,54.56129821352805,8.813976031565808,8.981613966342536,0.8573711756760795,0.001746232545308801,NGC 5044 TR2,4.0
WALLABY J130547-130037,196.4459618831968,-13.01033417515941,263.08369671219486,5.740769462931199,5.027047786085271,-25.7361169611122,9.829420238316322,9.997152552302309,0.9981780437561268,0.001347592767235671,NGC 5044 TR2,0.0
WALLABY J131228-173559,198.1182973539184,-17.59988808193123,146.5818765662703,5.675473463217992,5.028538008392458,-48.41310720103811,9.320735992906036,9.48850849330918,0.8688426642810305,0.001608703227896887,NGC 5044 TR2,0.0
WALLABY J131211-121847,198.0495871773846,-12.31306731106378,55.97633852923557,6.622756762306053,4.439492161479055,-45.03568029378975,8.483173419615673,8.65103225406541,0.94172544648659,0.001529505604342174,NGC 5044 TR2,0.0
WALLABY J130401-200110,196.0054683962454,-20.01959323895771,165.69819703475082,5.160762708785804,3.846849472709734,-51.49979420696531,9.424544285670903,9.592479974138275,0.785391011573635,0.001674095027171474,NGC 5044 TR2,0.0
WALLABY J131033-173931,197.6389206635682,-17.65873679422607,144.12492242993736,5.059427830925348,3.548129952907849,8.028010030688677,9.302642802413255,9.470624041442951,0.7463598368625697,0.001734614309492496,NGC 5044 TR2,4.0
WALLABY J130456-181831,196.2363242713127,-18.30882775400503,199.08060274455735,5.459802941134781,4.35070051342494,30.40449168068554,9.582007352821122,9.750062995386427,0.9820874618873038,0.001632979427558694,NGC 5044 TR2,0.0
WALLABY J131026-153614,197.6086237499995,-15.60407161600725,84.85609952057293,8.166147949578505,3.551697252910522,-8.436083390346042,8.840908572162755,9.008989140618777,0.9945719064617005,0.001761396626515516,NGC 5044 TR2,0.0
WALLABY J130554-165937,196.4757240634416,-16.99375477150619,37.29509316867115,5.164102315143182,4.5165918832038,48.44062102341493,8.113346101797294,8.28225459779424,0.7796802902239389,0.001711958369935951,NGC 5044 TR2,4.0
WALLABY J130358-164910,195.995555165237,-16.81948791260171,157.51669706543385,5.700589986041117,4.46743341025971,-61.17005590867547,9.364103703666697,9.533048571305313,0.9578897746480071,0.001850116891951191,NGC 5044 TR2,0.0
WALLABY J130645-164412,196.6913706571744,-16.73689441230137,267.6746155881592,5.879748618576554,3.318344388749172,-23.44000655016674,9.822138236951815,9.991238341982154,0.9713461794835676,0.00164194846259144,NGC 5044 TR2,0.0
WALLABY J133236-225242,203.1525268148543,-22.87851171368332,101.46937592082675,5.006001289828348,4.236631974296778,8.819811682988558,8.976725718034423,9.146002140888088,0.7416070013753308,0.001828185517179934,NGC 5044 TR2,0.0
WALLABY J131831-134916,199.6304817807435,-13.82132839123802,152.49292860909773,4.891571973142058,3.874096227631706,13.46365855916244,9.330293785658068,9.499586280913851,0.9728899541194589,0.001502020383534475,NGC 5044 TR2,4.0
WALLABY J131312-182434,198.3017183057716,-18.40952036190312,285.3314552998047,5.175022398093524,4.381318077617408,-68.17334742875465,9.873992680223678,10.043315986682005,0.9853000638384901,0.001363621174145942,NGC 5044 TR2,0.0
WALLABY J131150-141025,197.9594883231726,-14.17368267980236,204.64629803007992,7.501096359042841,5.737225977177329,11.82229078720874,9.580842022588206,9.750439708775748,0.9902319802447918,0.001423625770380798,NGC 5044 TR2,0.0
WALLABY J130358-143526,195.9947569161434,-14.59077408240786,201.90600151229486,5.914772174654665,4.970286569346341,-5.478029008204629,9.56676819495093,9.736511477404388,0.8866635663132771,0.001538411900142082,NGC 5044 TR2,0.0
WALLABY J130924-183226,197.3519624816343,-18.54073772913111,189.6297256461424,7.221105248316521,4.57636609206537,76.03728188153262,9.510504594105885,9.680357404762802,0.9612835561026712,0.001589515982597113,NGC 5044 TR2,0.0
WALLABY J130945-124014,197.4392745080665,-12.67067700662966,202.57463429694948,7.231065685028555,3.025525570073429,64.79526300272835,9.564996387620486,9.735025806525403,0.9449892758318367,0.001413255156420246,NGC 5044 TR2,0.0
WALLABY J131222-143329,198.0939447833318,-14.55813397034322,99.66844280383432,4.787074719864829,4.214026267428316,34.79963039259658,8.948708729359199,9.118752506037648,0.8951634226460421,0.00146936819424303,NGC 5044 TR2,0.0
WALLABY J130316-115951,195.8189652324904,-11.99758671553825,102.69706818306695,4.671705657963686,4.414666732038049,75.93966176831871,8.97374183603368,9.14384527759154,0.8306201005439863,0.001660949129870038,NGC 5044 TR2,0.0
WALLABY J131330-170723,198.3754435234698,-17.12310935587881,37.94751414269815,4.927788908516017,4.572661729179292,15.18239526312448,8.104572520400106,8.274948648218905,0.999302574121138,0.001715290453180917,NGC 5044 TR2,4.0
WALLABY J130841-155908,197.1739574423447,-15.98562315417004,83.65094987206585,4.963554822172008,4.333866033404091,-51.93012849112824,8.790823364331091,8.961219505664802,0.9995185292269128,0.001619051835661602,NGC 5044 TR2,0.0
WALLABY J131516-145919,198.817852417643,-14.98864897198021,33.25403568886677,6.290382801347242,4.53180905043515,-55.87930321290428,7.988404826607479,8.158872921516672,0.7684609042262713,0.001728411064931842,NGC 5044 TR2,0.0
WALLABY J131204-131632,198.0177147597025,-13.27577082853767,210.6260078366193,6.076703926531516,4.24339405726486,63.85039661282303,9.591086634861897,9.761595077955805,0.9821870260368596,0.001402983095697522,NGC 5044 TR2,0.0
WALLABY J133431-221037,203.631588784921,-22.17708216909564,101.41674583610902,5.250265844594344,3.95855939096675,86.21178053727961,8.954224485343408,9.124860009112384,0.8555280414504274,0.001599392881081648,NGC 5044 TR2,0.0
WALLABY J131751-185007,199.4652006702712,-18.83544139102843,103.52390681170648,5.242748727606703,4.094401461060853,14.91324312342104,8.971002425968049,9.141704925819898,0.8389346935963349,0.001697691537427739,NGC 5044 TR2,0.0
WALLABY J131524-154106,198.8536813092381,-15.6851753279442,40.923281679922084,5.340109327220741,4.287258112289211,72.69678498326103,8.164527940533217,8.335251085648911,0.9999693260446713,0.001809116760142451,NGC 5044 TR2,0.0
WALLABY J131156-184429,197.9869880335566,-18.74150691092857,126.97555114331094,6.241935466352384,4.623524757159289,21.97898301725968,9.147587409471184,9.318337735144965,0.9393897517198458,0.001587861979658235,NGC 5044 TR2,0.0
WALLABY J133139-212053,202.9165510365268,-21.34817942949173,78.83514166524132,5.378108234785818,4.285825363995808,7.900271764792734,8.733569009229237,8.904320440928352,0.8662346285237722,0.001689278611908618,NGC 5044 TR2,0.0
WALLABY J131405-155538,198.5224378581237,-15.92739504553301,197.13515296836817,5.627235578639956,4.156347408447897,37.05111542855772,9.529298273141496,9.700071903238161,0.9523809757184475,0.001626019860251701,NGC 5044 TR2,0.0
WALLABY J130558-124006,196.4934016813601,-12.66834320598776,37.53951132437749,4.250662532071676,3.757624358758741,-28.14078319006616,8.088322103802367,8.25912201959079,0.9999999982491872,0.00185467502235011,NGC 5044 TR2,4.0
WALLABY J130546-133400,196.4448594975306,-13.56668846276973,18.526914591532158,4.646465574385645,3.832751032214188,27.60455417368019,7.474565959121467,7.645389682122517,0.9999999947382272,0.001626859029852956,NGC 5044 TR2,0.0
WALLABY J131806-181910,199.5264879545949,-18.31965951853257,76.83709131233475,4.527248554654439,3.879356986144288,88.26835394264937,8.709573202238598,8.880429588199217,0.9741980124938017,0.001807088738173149,NGC 5044 TR2,0.0
WALLABY J130812-145720,197.0508411002928,-14.955555618409,165.21159864623547,7.647341737893014,5.220664374496141,66.5353090310661,9.373860776911862,9.544757453344406,0.9142175572594136,0.001388710438019824,NGC 5044 TR2,0.0
WALLABY J130718-130903,196.8279067481465,-13.15083078699333,21.77265798296513,4.979108189139597,4.279948450667943,69.37778804835067,7.607772927014491,7.77903028730011,0.9999997817378408,0.001741184410282576,NGC 5044 TR2,0.0
WALLABY J131049-182530,197.7045968280324,-18.42512378792835,191.3634646214382,5.609003438656146,4.463446149402697,52.36983567066065,9.491435491319612,9.662954993227478,0.8922288389561545,0.001530057140019017,NGC 5044 TR2,0.0
WALLABY J131425-161751,198.6063499764809,-16.29756767028224,243.67473928362918,4.852891396700795,4.381996166382049,-2.558876353655208,9.700745772497838,9.872302000774381,0.886825236334196,0.001566908629269024,NGC 5044 TR2,4.0
WALLABY J130516-171618,196.3207488310438,-17.27185106120759,195.6538453052183,5.938115538956886,3.49885011851401,44.32243233177763,9.506973213694677,9.6787233656806,0.9937242592355303,0.001711555095609885,NGC 5044 TR2,0.0
WALLABY J133141-231608,202.9222759979866,-23.26893052085811,131.41434926897264,5.905908216706514,4.495663975731828,80.79039020484923,9.16109109393204,9.332853085367402,0.9996936405614055,0.001933306957223598,NGC 5044 TR2,0.0
WALLABY J130941-132855,197.4240890159487,-13.48199929032021,203.84488889882374,5.9142151841457,4.359210941408752,65.93758389654607,9.541732548241711,9.713536253335603,0.8895832229016944,0.001417884397036301,NGC 5044 TR2,0.0
WALLABY J130525-161217,196.3550942579678,-16.20487410905504,175.1750848692974,4.265908871195217,3.604229895042592,-14.55434030736336,9.409833417238993,9.58165226527611,0.9683549049830256,0.001701246012698871,NGC 5044 TR2,0.0
WALLABY J133217-210813,203.0757344965955,-21.13610866203625,85.70554110661192,6.743200491137518,4.631779967998128,-82.38286151082015,8.788370018911824,8.960222146886945,0.7086497295878633,0.001727741645084358,NGC 5044 TR2,0.0
WALLABY J133102-211704,202.7617297594643,-21.28446894020917,84.04452701575835,4.380168869630558,2.962755800677972,-49.45460067769585,8.771041797447827,8.942914352631195,0.9997693228906657,0.001697298877854959,NGC 5044 TR2,0.0
WALLABY J131806-135023,199.5286061582553,-13.83977633469468,37.57602181523993,5.161127413833839,3.652958320168531,75.32015000320747,8.07046351636485,8.242421755950522,0.9999999873328083,0.001544518317441053,NGC 5044 TR2,4.0
WALLABY J130410-174551,196.0444262532565,-17.76434734760053,195.59279084407234,4.97106587700548,3.841852117085456,80.19813280522123,9.502543611473545,9.674551744394277,0.8948313518091753,0.001640597799959885,NGC 5044 TR2,0.0
WALLABY J131054-185747,197.7262068890493,-18.96310867099542,231.28257974772293,4.605679030768704,3.822740189403337,-88.14118530531739,9.647489485338136,9.819536986821907,0.9680190173155762,0.001594953756737865,NGC 5044 TR2,0.0
WALLABY J131336-122813,198.4014467450517,-12.47032265438495,55.84003657808526,5.414449208940812,3.659106196253167,-85.53087247590297,8.412334684544835,8.584429386421323,0.9266999190936026,0.001588246699740752,NGC 5044 TR2,0.0
WALLABY J131409-171242,198.5381902130896,-17.2118357693435,326.0331811338756,6.261399864591536,5.482634958622121,12.65854523289428,9.943833029035627,10.115998130838385,0.767288942189063,0.001409886309883411,NGC 5044 TR2,0.0
WALLABY J131616-122639,199.0694233615356,-12.44437933948924,98.36558951651777,4.958028885408185,3.965685573576835,47.54291710765352,8.900863080735373,9.073160647623899,0.9744314890969415,0.001662270537205951,NGC 5044 TR2,0.0
WALLABY J131551-131140,198.9628049229925,-13.19453948024481,190.59060567303217,5.901183443675918,4.209525696462427,33.84173031619446,9.47493509792503,9.647260283847869,0.773210572365033,0.001463081326138195,NGC 5044 TR2,0.0
WALLABY J131009-121223,197.5378703379064,-12.20649633724647,56.90143025821228,5.438476433434852,3.974303296417873,-16.42386119879068,8.42049493683213,8.593098813466057,0.79914753113011,0.001635157005360881,NGC 5044 TR2,0.0
WALLABY J130347-180311,195.9464995234696,-18.05323432875276,252.848723477805,6.354287965438859,5.416087131943411,-48.80841974225223,9.715646612698425,9.88827060614634,0.7180256751090992,0.001663930581061333,NGC 5044 TR2,0.0
WALLABY J131447-112436,198.6990700962621,-11.41005782988993,31.697591065496624,5.312549093931623,4.857616434492869,-57.74711214982063,7.9096184389860085,8.082389189492718,0.9734711066917635,0.00154897711791288,NGC 5044 TR2,0.0
WALLABY J133300-224718,203.2522739522627,-22.78857214419596,179.90351931944934,4.931756689848856,4.486793968456499,-89.6718651072025,9.416901808069502,9.589718818444137,0.822745352126187,0.001788982730628838,NGC 5044 TR2,0.0
WALLABY J131554-145828,198.9762571174392,-14.97467929674697,210.5977039578124,7.065288932540293,4.103937696611488,-80.32421491219603,9.552982474053314,9.725845992294454,0.96601820982835,0.001566637909910824,NGC 5044 TR2,0.0
WALLABY J133206-220705,203.0281558907313,-22.11821342296521,131.59509190384466,4.200814426647772,3.690519469729351,83.403216846752,9.142782710766365,9.315756533379023,0.9017148340688266,0.001708047912085102,NGC 5044 TR2,0.0
WALLABY J131104-185724,197.768809181148,-18.95685105308462,230.6526499084508,5.68309026908473,4.086172983712175,6.909400210863794,9.625656939324951,9.798915024251972,0.830330949954518,0.001461464259088801,NGC 5044 TR2,0.0
WALLABY J130906-172108,197.2751479478292,-17.35233744618859,68.43346619785751,6.994386687964334,4.745670465699187,-73.33210991051206,8.569463944804212,8.742772713836546,0.8154788867591576,0.001765582291262541,NGC 5044 TR2,0.0
WALLABY J133458-235846,203.7422914645235,-23.97952785560494,160.93174074276888,6.50054227154856,5.129603431352742,19.87113725055045,9.308190517211525,9.481749955488183,0.8208105718906977,0.001766610110056345,NGC 5044 TR2,0.0
WALLABY J133242-233015,203.1771639577617,-23.50443831867114,144.6833006481411,4.642216303771321,4.189336669598791,32.69111189135253,9.214724278730843,9.388347333897771,0.9038753144196765,0.001648025969789997,NGC 5044 TR2,0.0
WALLABY J131051-112542,197.7126620890619,-11.42834619872842,240.48233338434594,4.431298567397027,3.006306978174054,-49.96797377558246,9.655091656445979,9.828774754643774,0.847799610189121,0.001510042202859346,NGC 5044 TR2,0.0
WALLABY J130906-170551,197.2776978380134,-17.09759507428761,69.66193465222705,6.225077060330351,4.088855880558403,-35.96726315911695,8.577059423707878,8.750858437747526,0.9871623998384912,0.001753838231785333,NGC 5044 TR2,0.0
WALLABY J133437-211108,203.6566856150425,-21.18578619862959,223.64294658100889,6.41832752912799,5.073158004043972,-18.43393532083823,9.589441270323226,9.763286332954936,0.8624966143663886,0.001524131691318753,NGC 5044 TR2,0.0
WALLABY J130539-144459,196.4126072797891,-14.7499804185793,203.848470760384,4.891806944821735,3.849331154496403,39.55557743019989,9.5085568082501,9.682426160564592,0.9840250225367924,0.001478427497828112,NGC 5044 TR2,0.0
WALLABY J133207-220728,203.0315589649437,-22.12468723805969,135.89568941687259,4.403734350130184,3.8449820977261,-30.68599839998575,9.153395923830004,9.327450015591602,0.7541403106344079,0.001596706485512185,NGC 5044 TR2,0.0
WALLABY J130937-150616,197.4060986641377,-15.10455920579173,198.3044722936738,6.231477564039404,4.926482880678824,63.8807611999178,9.480265632099202,9.654406215208951,0.8612893246211268,0.001485973292932444,NGC 5044 TR2,0.0
WALLABY J130939-135908,197.4152779437082,-13.98557532871264,161.44245662953148,4.218452134385722,3.588447370297214,57.71117905904519,9.299037515162333,9.473340568700493,0.9403496144033233,0.001413403072575795,NGC 5044 TR2,0.0
WALLABY J134024-233429,205.1009848387204,-23.57472289549575,160.5498322371442,5.344508974926938,4.302582228445068,-39.57780306920916,9.293639009090475,9.467978506313308,0.9723672960621478,0.00171821149520717,NGC 5044 TR2,0.0
WALLABY J131611-174521,199.0478215886051,-17.75587273571552,196.93506588767787,3.756967023973577,3.565023748280224,64.21059620286698,9.468306427939764,9.64281853752236,0.7096783493401769,0.001586580097176022,NGC 5044 TR2,0.0
WALLABY J131815-133536,199.5642656364796,-13.59356297964459,148.53864944968544,5.906137407680523,5.109950038933191,23.92470262846791,9.22246539951307,9.397032202126995,0.8957350402205636,0.001521290216792744,NGC 5044 TR2,0.0
WALLABY J131051-190753,197.7131212333096,-19.13147011309578,285.00808464433834,5.044160937755557,4.710286722855525,35.85287009153802,9.788174241539451,9.962761485996765,0.7586701589705379,0.001420160571225719,NGC 5044 TR2,0.0
WALLABY J130837-155227,197.1572837505446,-15.87430582064841,177.18087185807767,5.222690600058493,4.221234621395045,-74.86453450570347,9.374244072330285,9.548897018513587,1.0,0.001470261300598788,NGC 5044 TR2,0.0
WALLABY J131833-144940,199.6400635380158,-14.82785038753414,156.49734844980864,4.853411406678777,3.839603802721506,39.79435169877377,9.260296981078376,9.43533381011945,0.8594063856445384,0.001732777698277574,NGC 5044 TR2,0.0
WALLABY J130532-124549,196.3863061040925,-12.76379764910095,37.38604678283085,6.569613080050434,4.602705367004528,-67.12879379534361,8.01631026991614,8.191371665122764,0.9989358223671031,0.001732004719861445,NGC 5044 TR2,4.0
WALLABY J133522-223319,203.843716040719,-22.55537996516891,183.7122573849841,5.637499333367042,4.397062438060842,-30.97532901775703,9.39779564023519,9.572943051590721,0.749082240923716,0.001651071454696238,NGC 5044 TR2,0.0
WALLABY J130422-170313,196.092044341364,-17.05385627985771,195.2311929500984,5.047390511468583,4.070096706232215,-14.20389106663031,9.450444614254446,9.625602886015368,0.7494309494195451,0.001735404547670066,NGC 5044 TR2,0.0
WALLABY J131017-193255,197.57389787304,-19.5485983239711,38.52856701795317,4.235901182056804,3.641788478417863,-72.24178026965367,8.040275295112652,8.21547349595996,0.9683310931020978,0.001623304209386595,NGC 5044 TR2,4.0
WALLABY J130608-172615,196.5359246388717,-17.4375524193991,195.229688169558,6.445487999564467,4.850958180893827,-74.83149077545852,9.447966929796719,9.623280208524475,0.8368909836100091,0.001595511678526441,NGC 5044 TR2,0.0
WALLABY J130311-134534,195.7998390826053,-13.75960949175236,167.9173886439043,3.968923081607901,3.398939350486383,82.78863254514495,9.316751569489838,9.492084613007274,0.8996254666116861,0.001464259304856534,NGC 5044 TR2,0.0
WALLABY J131420-115314,198.5841459153782,-11.88738316472428,207.26709803768813,10.37231982493483,3.669117649487338,22.43246045584715,9.49677292808203,9.672284739873101,0.7385462116323808,0.001448886035341155,NGC 5044 TR2,0.0
WALLABY J131413-125346,198.5546505950913,-12.89633516174442,198.89980739979313,5.766214406096912,3.612634857833451,79.5438678323752,9.459641593731876,9.635237509951736,0.9858568297970908,0.001367404168658551,NGC 5044 TR2,0.0
WALLABY J131631-134126,199.1300853971618,-13.69064534166925,199.7034270568676,6.967310207655676,4.355476112873276,-73.96422083293777,9.460554142644781,9.636312751353735,0.946013533789504,0.001451983903623369,NGC 5044 TR2,0.0
WALLABY J130934-145427,197.3926746833904,-14.90767577980139,83.27717310807905,5.127254446254774,4.290561100502637,-64.50534626331395,8.697406233432734,8.873380379112662,0.7793895478216661,0.001485910726297221,NGC 5044 TR2,0.0
WALLABY J130558-124011,196.4951033670832,-12.66987419671615,38.51703051264048,4.472233074997013,4.047685089056174,-25.04682201011836,8.027279509130707,8.203277575152775,0.9999999999519938,0.001663812006500235,NGC 5044 TR2,4.0
WALLABY J133039-241626,202.6657223665214,-24.27405377621292,109.78791853254614,5.609250413714862,4.413210474852522,76.1268876798502,8.93487444206179,9.111011429736347,0.7237789955887319,0.001878861989045267,NGC 5044 TR2,0.0
WALLABY J133735-232851,204.3995091399511,-23.48083819461311,185.89684025767497,7.965478080026662,4.401768633798396,76.76554653934772,9.38538516830961,9.561958105187855,0.8273871489446829,0.001654512964828739,NGC 5044 TR2,0.0
WALLABY J131648-142008,199.2036094266053,-14.3355443750383,153.92415232617705,5.357252323115203,3.845538541472147,35.63462875215245,9.217907030892878,9.394703569558965,0.7412698330694952,0.001547560609291428,NGC 5044 TR2,0.0
WALLABY J130326-163847,195.8587008708191,-16.64641104471525,200.5634084136918,4.743137929941756,3.448776838090883,-5.397246888177634,9.441903253262765,9.6190716143688,0.7879831269017917,0.001826520381694926,NGC 5044 TR2,0.0
WALLABY J133431-211305,203.6302863047066,-21.21827413612461,183.78700001998354,5.579288427158978,4.068330544713017,70.55390567958962,9.364721104146499,9.541972066581561,0.7858778857741892,0.00165291764507876,NGC 5044 TR2,0.0
WALLABY J131017-171323,197.5721537932745,-17.22329900788115,237.46985317943654,6.601117478966635,3.799002676443848,53.61065517697503,9.585586227715188,9.762945959401153,0.897342748154583,0.001619736961891997,NGC 5044 TR2,0.0
WALLABY J130914-183640,197.3112990665205,-18.61124344881285,249.35825245030833,5.885953951336874,4.13460162621806,-32.91794148106537,9.627688887324798,9.805069329521876,0.9391065392434793,0.001546059527838916,NGC 5044 TR2,0.0
WALLABY J131738-151033,199.4091401914278,-15.17587160007737,40.11150903597412,7.515768265441142,4.015023459064164,73.46197772301163,8.037190276407783,8.214784884997702,0.9955094855100421,0.001889133186779919,NGC 5044 TR2,0.0
WALLABY J131557-145150,198.9889940686372,-14.86405648069034,174.5451291803459,7.000094173539149,4.638233366916843,-4.805457730556171,9.312082736201612,9.48982814569022,0.847044979227273,0.001492982050559544,NGC 5044 TR2,4.0
WALLABY J131435-181723,198.6473728037221,-18.28980899994624,21.56780990910718,5.491712162771772,3.982667602445583,-8.229771628576373,7.489611312059733,7.667753397334225,0.9276524257813632,0.001696404908511129,NGC 5044 TR2,0.0
WALLABY J130644-161702,196.6857176834481,-16.28415030404357,35.66520532305654,5.5274049209391,4.047049408814704,80.92276937782556,7.925057047608326,8.103289803409599,0.9831376462431523,0.001719837796228935,NGC 5044 TR2,0.0
WALLABY J131739-152824,199.4133137993157,-15.47356124525571,36.03413406666993,4.88609185486602,3.362655918863923,-16.39140041357648,7.931576220786744,8.109962277938909,0.8659247567169956,0.001908561637245829,NGC 5044 TR2,4.0
WALLABY J131355-115301,198.4829023566631,-11.88379351129867,216.30495418375014,6.304672655406765,4.406774702737346,-42.50644253304181,9.483284438215831,9.66198731077331,0.9278550053924987,0.001460732272606093,NGC 5044 TR2,0.0
WALLABY J131717-132332,199.3233361914536,-13.39233218893276,188.66722534434479,6.154700025062352,4.237971643936757,-41.91294972652065,9.363543328341352,9.542309716802428,0.8479647686258692,0.001471158031504448,NGC 5044 TR2,0.0
WALLABY J130659-151041,196.7473793782272,-15.17824228528932,69.18719274623156,4.382312451022925,4.124805995063793,-37.09470112600142,8.487505624497802,8.666570140784176,0.8421161798243599,0.001675819018442995,NGC 5044 TR2,0.0
WALLABY J131109-163337,197.7885659012166,-16.56047567772121,42.153829697102026,5.208953189315029,4.540592977993701,-68.78925905563523,8.0552862955459,8.234467824071045,0.9518797445624544,0.001818483114883565,NGC 5044 TR2,0.0
WALLABY J130353-192550,195.9743806681757,-19.43063577266795,195.82958036474034,4.424361257808539,2.719757863098419,-20.55774325619542,9.388830797217226,9.568046510036654,0.7888683042389141,0.001746134855059045,NGC 5044 TR2,0.0
WALLABY J131247-132906,198.1978351945882,-13.48503161268088,56.19337728779849,6.262315927346824,3.824324428749339,22.015756171531,8.300453924769185,8.479923315501727,0.7045982540349403,0.001642394627424686,NGC 5044 TR2,0.0
WALLABY J133446-233550,203.689462318831,-23.60380324196743,154.37777176527925,3.924782448674253,3.25657717576091,17.9708251690347,9.177503551086817,9.357020618315047,0.991698160497289,0.001677056111844269,NGC 5044 TR2,0.0
WALLABY J133842-222443,204.6754892080464,-22.41211101384153,145.99290349465747,4.03769682142258,4.028337636051776,69.97453309959263,9.127734288712716,9.3073317129644,0.8039689258377549,0.001734914284146339,NGC 5044 TR2,0.0
WALLABY J131143-183858,197.9322900208209,-18.64949985054617,36.26178481450863,4.467870217281231,3.711158866778325,64.4265430811206,7.9141976802057705,8.094035142379278,0.9998266817967456,0.001742580379787914,NGC 5044 TR2,0.0
WALLABY J131251-134804,198.2135568119773,-13.80136818778814,202.4215059333263,4.192630326385505,3.928930924408999,-25.10605814232345,9.407414232644435,9.587277060419495,0.9805748132215103,0.00130054408147819,NGC 5044 TR2,0.0
WALLABY J130838-164909,197.1587160447521,-16.81918495977182,72.65849720658419,3.940056788929883,3.120870865044,76.91123396176043,8.515969720559498,8.6959283324248,0.7418047231134314,0.001820131853595204,NGC 5044 TR2,0.0
WALLABY J130337-155652,195.9073183575748,-15.94793888341468,196.48294688587282,5.285784488353077,4.493449008418059,-85.02348753647917,9.379393463701419,9.559393680420401,0.9999999999994508,0.001775708161805861,NGC 5044 TR2,0.0
WALLABY J130624-160656,196.6019510963769,-16.11564165362774,80.93964578053301,5.425144700272751,2.829881494280396,-69.95236198575333,8.607865639336497,8.78794235339517,0.8882964465970355,0.001861834802889817,NGC 5044 TR2,0.0
WALLABY J130607-124509,196.532143232309,-12.75255901482691,162.48417500607982,5.433423056807419,4.498299070072709,-9.327875970080441,9.213148429562514,9.393226210560242,0.9974335034027448,0.001349202196840628,NGC 5044 TR2,0.0
WALLABY J130932-145705,197.3834144617694,-14.95155538999999,199.03902273337746,8.417576076862137,5.096848757977664,78.98655831496023,9.387611420527643,9.567803362878257,0.9999810787201258,0.001459992346633123,NGC 5044 TR2,0.0
WALLABY J130901-172115,197.2572636283498,-17.35430252890258,71.41852635643806,6.893999196778533,5.274123857957673,61.74756415312868,8.492408111163417,8.672915644199827,0.8869845389561744,0.001832578644259477,NGC 5044 TR2,0.0
WALLABY J132856-235000,202.2340090268166,-23.83337599868649,70.4248602441675,4.500406033258775,3.434080918692568,-59.38054570369444,8.47898515930665,8.65957266138003,0.7407884697743137,0.001929230546766495,NGC 5044 TR2,0.0
WALLABY J130639-115418,196.6658036429192,-11.90501350452312,101.85160374583012,4.45941988344352,3.279639011241862,-89.95617101908213,8.797116292675595,8.977853978016409,0.7352060893617407,0.001459957481915013,NGC 5044 TR2,0.0
WALLABY J131448-163249,198.7022203520411,-16.54712288181058,312.84221177514416,6.496677991976867,3.964545064491761,-62.89045203055467,9.769241737523476,9.950144810434173,0.73889119864796,0.00149028857848789,NGC 5044 TR2,0.0
WALLABY J133057-211755,202.7377432533065,-21.2987956872996,77.06142735580586,6.120253941107625,5.014225594259004,62.80041671240751,8.551346930132649,8.732308669069818,0.8298022718282144,0.001862073160195315,NGC 5044 TR2,0.0
WALLABY J133506-233309,203.775293154395,-23.5523803490717,147.422886503573,5.795787959401556,4.719967197080808,28.55533525792509,9.113770332331404,9.294798040028157,0.999325492635002,0.001703975039879093,NGC 5044 TR2,0.0
WALLABY J130528-154240,196.3672105313302,-15.71109785425035,84.73427782451446,4.085468695040436,3.145586875568314,-74.54680925968984,8.613861849190167,8.796099569261735,0.7110400340481643,0.001711407783545988,NGC 5044 TR2,0.0
WALLABY J131650-184634,199.210465582407,-18.77629881959891,111.21654344780775,6.464257906751505,3.458285337847459,-10.74999276348888,8.84341083692951,9.026076849877473,0.8976920039183016,0.001671544983717393,NGC 5044 TR2,0.0
WALLABY J130733-140834,196.8890529695692,-14.14287973826689,265.5131097710233,4.540012498889904,3.485902024605746,46.97385201305048,9.5890662057932,9.77238670824537,0.7644147898443802,0.001354277213945296,NGC 5044 TR2,0.0
WALLABY J131113-162416,197.8046344103377,-16.40458933176814,240.692129227137,4.022500386770534,3.654707867416234,-63.26248817352338,9.503559326048624,9.686896483030928,0.7041660358497469,0.001532956434745853,NGC 5044 TR2,0.0
WALLABY J130959-155357,197.4995621101243,-15.89940985458826,35.438937665178365,5.161973944282807,3.539040919675932,-62.6195067619828,7.836215044679651,8.019769985156406,0.8692952254683362,0.001790335550730573,NGC 5044 TR2,0.0
WALLABY J133708-203705,204.2866962656135,-20.61831856029339,320.8357024086551,6.871740568712172,3.291556052164106,-30.0709140411848,9.74670281496483,9.930458558297559,0.8955646453399047,0.001699080085235656,NGC 5044 TR2,0.0
WALLABY J131151-181937,197.964054659285,-18.32715151053956,42.41234481938144,3.731747808868061,3.23401424586989,-74.16816912066662,7.976357463738156,8.160937041842795,0.7652440520152732,0.001640552924580138,NGC 5044 TR2,0.0
WALLABY J131528-151151,198.8695446153633,-15.19753723910056,33.18371533842921,4.721583240702745,3.556826351420057,-51.33247484591616,7.743463218700371,7.929322248018037,0.9409738616398784,0.001745921697005251,NGC 5044 TR2,0.0
WALLABY J130941-145553,197.4229132534506,-14.93143426311882,35.595664889448265,5.647453741834237,3.815798902818521,68.87551346286429,7.782682210434072,7.969953770035343,0.8385245867560847,0.001688420888063814,NGC 5044 TR2,0.0
WALLABY J131301-143720,198.2559673133931,-14.62248135874372,173.38955561600542,4.390989864706477,3.783776733122526,-46.22756733732931,9.15166458041374,9.339344886567643,0.8438822850124089,0.00138169240327095,NGC 5044 TR2,4.0
WALLABY J130935-124738,197.3995024065027,-12.79395221192362,306.2614957433809,4.310579199750258,3.842852362543374,-1.747389797118728,9.621713352427664,9.81096901788335,0.8714318073522279,0.001313296456218774,NGC 5044 TR2,0.0
WALLABY J131139-165121,197.9147615420256,-16.85596490039466,18.379540205543954,5.589984875440428,3.509754085086274,-57.89285246804265,7.161819826374121,7.352150797487162,0.9923603548669014,0.002039363962636165,NGC 5044 TR2,0.0
WALLABY J131324-183125,198.3537171401684,-18.52377798975328,239.25289738685984,5.564847079755852,4.806925752274126,-17.43897416919646,9.375283803491264,9.566640967102597,0.7007589867941046,0.001504202535173443,NGC 5044 TR2,0.0
WALLABY J131030-171159,197.6281466842605,-17.19981525897299,156.9657494526042,3.495658462354271,2.844007106392414,4.931197490909057,9.000644328706272,9.19256493691928,0.7384825716139384,0.001522579520972376,NGC 5044 TR2,0.0
WALLABY J130835-143159,197.1481663898199,-14.53304261940098,342.17816009870245,4.121962131610979,3.569522405485998,22.48629746656079,9.63914435818321,9.83361128509201,0.8719078973970751,0.001213939819645761,NGC 5044 TR2,0.0
WALLABY J131435-195619,198.6459416739691,-19.93883068574696,295.7580548176259,3.093628940965976,2.73890999595297,64.63745218209185,9.492253129134395,9.688071338836803,0.7483894465107853,0.00167915205097484,NGC 5044 TR2,0.0
WALLABY J133633-224238,204.1378071185243,-22.71067492123645,98.71641846638747,3.779755196945583,2.509131078341615,-41.87830497440719,8.511463230182688,8.709137231066844,0.7113881667664081,0.00189456604188866,NGC 5044 TR2,0.0
WALLABY J131708-202440,199.2842056998715,-20.41115577203638,44.114787003437165,3.554967942816575,2.658018851695777,-44.79367935135303,7.797041088364058,7.995711638247564,0.7017622066835922,0.001965332962369968,NGC 5044 TR2,0.0
WALLABY J131205-144040,198.0235064797922,-14.6778332346652,89.3771548251684,2.98491807841281,2.491239952276064,15.48143892442761,8.387167071300595,8.587401430811022,0.7772353398896137,0.001576207498342905,NGC 5044 TR2,0.0
WALLABY J130314-172514,195.8118843077678,-17.42071223160784,10.623397295630417,46.56903058853639,13.75628687126179,-65.91757604773896,9.466012814213185,9.523352913642809,1.0,0.002015241978942833,NGC 5044 TR3,0.0
WALLABY J132018-214925,200.0803042324982,-21.82325276553342,24.216364476236528,86.7071331581032,9.858708645627475,73.60323214487616,10.08152270962313,10.1419233865335,1.0,0.007533151293490963,NGC 5044 TR3,0.0
WALLABY J132947-175747,202.4485494945577,-17.9631064138782,21.691127066406064,51.23305095560936,9.087856422347592,-54.45204925357221,9.939425178540107,10.001288649063246,1.0,0.001681560391787491,NGC 5044 TR3,0.0
WALLABY J132029-214845,200.1222125788741,-21.81261613374588,22.472320288140434,59.03463039939015,10.92378275685288,72.31749832854193,9.853476211894924,9.919137377337554,1.0,0.006596803021809879,NGC 5044 TR3,4.0
WALLABY J133802-175254,204.5119834031337,-17.88176428673797,19.356809133643484,31.41888733555279,25.50947518676812,13.09380847097376,9.609772843460638,9.679316640712184,1.0,0.001640348569004679,NGC 5044 TR3,0.0
WALLABY J132019-123420,200.082851298194,-12.57226127459358,20.438209559271836,31.52302016019693,10.69040599669475,-1.179589478961518,9.595236931376732,9.666952590824996,1.0,0.001877533505207163,NGC 5044 TR3,0.0
WALLABY J130415-102023,196.0625609865608,-10.33984214631051,44.400693453694934,36.9540751498024,17.10008816190045,6.588956285313429,10.192948270771417,10.267410991282361,1.0,0.003723683068393558,NGC 5044 TR3,0.0
WALLABY J130053-132655,195.2230295427899,-13.44860754089939,36.50800148130908,27.76736772667246,24.87407320047977,-31.93686053098947,9.917997616449751,9.99636720373952,1.0,0.001846385245228869,NGC 5044 TR3,4.0
WALLABY J130943-163617,197.4317179211032,-16.60493984517278,36.85324883859581,27.50326761851561,13.58608838054528,-84.97871314024324,9.774831291712003,9.859084979443764,1.0,0.001826586055087209,NGC 5044 TR3,4.0
WALLABY J131658-163757,199.2447804061402,-16.632747000155,24.883284340502403,25.55108142658085,14.64146006876291,-11.26497644414523,9.401105988221733,9.486665379880327,1.0,0.001981473946074237,NGC 5044 TR3,0.0
WALLABY J132043-220256,200.181887595371,-22.04794885308586,29.966774354768365,18.22360867185629,8.128294874492513,-17.06514388312441,9.535530025087569,9.622183209084312,1.0,0.006969960444942311,NGC 5044 TR3,4.0
WALLABY J130056-135640,195.2334687062839,-13.94450480275077,38.00793370114788,25.26229933735307,17.88857031646705,9.504982359464293,9.72585398757266,9.813164715800934,1.0,0.001902104587893187,NGC 5044 TR3,4.0
WALLABY J130059-143042,195.2477022640222,-14.5119215690099,37.468319353673955,21.4027851383876,17.90196950349284,75.08346967952517,9.694842450708984,9.782914545756055,1.0,0.001852885185088692,NGC 5044 TR3,4.0
WALLABY J132441-194214,201.174946160689,-19.70382490612406,28.292740696047726,19.73797592290864,10.33612785511139,4.76169973177403,9.449233513177028,9.537372596486975,1.0,0.001973900535351599,NGC 5044 TR3,0.0
WALLABY J130017-122041,195.0717585104816,-12.34494200307117,22.589893826816073,21.12407774482551,11.7585292944468,-55.95095771418269,9.203908525878521,9.294110194137179,1.0,0.002201138498438099,NGC 5044 TR3,0.0
WALLABY J131334-152553,198.3930237665805,-15.43162201129103,35.74081189140335,18.1486422966647,16.83339580002899,85.12167853989519,9.582522050440483,9.673556263288665,1.0,0.001690697019103828,NGC 5044 TR3,4.0
WALLABY J131305-195830,198.2713210755625,-19.97509824467095,39.545210141762844,18.7940266623915,5.045438798236129,1.827942178850833,9.667071549184847,9.758244803563256,1.0,0.001772257245103374,NGC 5044 TR3,4.0
WALLABY J131954-215051,199.9760999955782,-21.8475723775804,28.791541059949996,15.51815841047596,5.26618262216325,73.19541642286158,9.374575231083924,9.466458112964787,1.0,0.01153853645148455,NGC 5044 TR3,4.0
WALLABY J130026-151708,195.1094561939788,-15.2855506030729,70.23420664162036,25.21323176562368,8.052674400737542,15.53103940037778,10.148911469577063,10.240804123585269,1.0,0.002177868801764717,NGC 5044 TR3,0.0
WALLABY J131234-173225,198.1452134235389,-17.54042901333131,39.72832984503422,12.0280685061161,6.032276002156537,-56.48781751698665,9.60113214949876,9.695277391263632,1.0,0.00178562415365006,NGC 5044 TR3,4.0
WALLABY J131920-145037,199.8357254341059,-14.8438671894404,39.24063285768235,19.82527879627034,5.19938182378194,-30.18268000597044,9.56711986166179,9.662268330883196,1.0,0.001784560261954845,NGC 5044 TR3,4.0
WALLABY J130618-173039,196.5768410869774,-17.51096062271869,20.990122420998897,14.6239980930733,10.91220567162149,-66.33085634974417,9.021810613996951,9.117039838998918,1.0,0.001814808339075191,NGC 5044 TR3,0.0
WALLABY J125907-121329,194.7792844114985,-12.22481782798696,18.692699415857778,17.32598198376607,12.20938725437224,-16.0009799658423,8.918685018977927,9.014019827334417,1.0,0.003296751995504036,NGC 5044 TR3,0.0
WALLABY J132148-131222,200.4535705676634,-13.20614993439617,41.4451355611504,13.57982277482662,9.419239061310906,-41.6319392595198,9.608871499783339,9.704267648162563,1.0,0.002204557053087884,NGC 5044 TR3,0.0
WALLABY J130221-154600,195.590275974464,-15.76689407031091,69.28458002795942,19.9109555441896,9.596838731718773,75.09033912126434,10.032871912693135,10.12923822249869,1.0,0.001868688050066334,NGC 5044 TR3,0.0
WALLABY J131035-214450,197.6460172879057,-21.74743923598074,42.1596194635673,11.97583107693924,6.00456077231976,-87.99366353416866,9.582990902660264,9.680161670671527,1.0,0.004202477825839122,NGC 5044 TR3,0.0
WALLABY J130213-145817,195.5552290364467,-14.97150116388425,69.40562248236358,19.25802749224734,15.28989528727096,48.0156517522812,10.009019563950234,10.10649606453988,1.0,0.001842432932456525,NGC 5044 TR3,0.0
WALLABY J132635-221419,201.6494655242224,-22.23866903704058,20.369713182443807,14.33877820974281,8.14498945343056,80.8548275302913,8.907925020618027,9.0070034336205,1.0,0.002148000180499648,NGC 5044 TR3,0.0
WALLABY J133314-160715,203.3085043975418,-16.12108730840259,87.8021034421503,19.95661362714275,12.37019084671835,-54.85007576209642,10.175619419939698,10.274757579616274,1.0,0.001553031608472953,NGC 5044 TR3,0.0
WALLABY J132433-210813,201.1375673619852,-21.13871746053412,38.0752132811155,28.63761863760055,12.6858157323131,-41.26431594444219,9.446271714724448,9.545570842442942,1.0,0.002248195770926897,NGC 5044 TR3,4.0
WALLABY J130947-101916,197.4481698050118,-10.32117640611391,17.22918992794034,17.63763010964412,12.52952241064812,-26.6961543990174,8.745798757069089,8.845619731154851,1.0,0.004567863696187576,NGC 5044 TR3,0.0
WALLABY J130107-133053,195.28215276793,-13.51472683857046,18.65011258413017,15.34572210252302,10.36912807976467,3.847594043605454,8.781190451814135,8.882510435645672,1.0,0.001767185205307554,NGC 5044 TR3,0.0
WALLABY J125757-130339,194.4887689633614,-13.06086978532367,71.7414541984267,18.94706513674806,16.32391797587967,2.464861694523506,9.947631457492486,10.049119819638019,1.0,0.00590281390391483,NGC 5044 TR3,0.0
WALLABY J132519-210812,201.3330138420414,-21.1369897644396,24.933684140427633,27.65558434268608,18.1200820708867,4.150444622681334,9.020292152422929,9.122203647114523,1.0,0.002032405344616052,NGC 5044 TR3,0.0
WALLABY J131330-193244,198.3757282742918,-19.54571842615524,42.93022863150502,15.82128155236939,10.78734916256541,33.41038835249941,9.490182614981617,9.592187404899647,1.0,0.001724426562704411,NGC 5044 TR3,0.0
WALLABY J130225-174046,195.6082197035192,-17.67947668245709,66.38130911035198,17.1098231741419,4.492109831315284,47.17930938812808,9.866857571190524,9.968947892034677,1.0,0.001969977736771319,NGC 5044 TR3,4.0
WALLABY J131702-104612,199.2588501125245,-10.77025703810503,40.48447219535739,11.91735963640124,6.876183719138772,58.77144688062756,9.43226231606151,9.53458275411726,1.0,0.002292409929212348,NGC 5044 TR3,4.0
WALLABY J125700-171910,194.2517977610215,-17.31949605719287,56.83160804358685,10.40912618856771,7.096445566981071,-19.51673626067567,9.714127877412894,9.817026695396642,0.9999999999903784,0.01031565473778091,NGC 5044 TR3,0.0
WALLABY J132059-122814,200.249215155124,-12.47070385026127,34.274448975918624,16.45947390737047,9.338091649758944,24.29415037322303,9.273158260628685,9.376135828225292,1.0,0.001993319579247524,NGC 5044 TR3,0.0
WALLABY J130311-172230,195.7981672739039,-17.37508299509739,42.30899526023088,15.4522214164361,13.57062633084344,-16.01135524205942,9.448568396567277,9.551888324548447,1.0,0.001946741955529168,NGC 5044 TR3,0.0
WALLABY J130203-145302,195.5149418546055,-14.88408311636801,19.200008826423883,19.73311604454554,9.288229983162735,-8.056887251044643,8.76227870756982,8.865599874205119,1.0,0.001880766690019074,NGC 5044 TR3,0.0
WALLABY J131830-143635,199.6280088690722,-14.60998329484377,41.531841017659104,15.49611292227163,10.18027502148442,-27.95252419610274,9.418496364343774,9.52245466888144,1.0,0.001760379336176192,NGC 5044 TR3,0.0
WALLABY J131157-120351,197.9910817158778,-12.06427242760317,30.22886138822061,12.2911090895106,8.482484370525096,89.02623744177104,9.130132791769512,9.23466193815063,1.0,0.001574237641769658,NGC 5044 TR3,0.0
WALLABY J131706-161516,199.2758863498761,-16.25452054297091,37.6526156562937,13.05323792210948,4.47852847516572,-8.63194305728507,9.318239039593552,9.422889560883736,1.0,0.001923497889601526,NGC 5044 TR3,4.0
WALLABY J133541-240428,203.9234381893391,-24.07585148829603,36.57606049055187,12.31713665244587,5.148508709829045,-45.6473366386245,9.292788565950534,9.397450768851188,1.0,0.002258595640183091,NGC 5044 TR3,4.0
WALLABY J134002-252831,205.0124543312774,-25.47524904711673,73.47555811624738,10.17722398221816,6.967625676300643,-55.12495757624764,9.873879604517677,9.979686303904312,0.9999999999999923,0.007538890854560509,NGC 5044 TR3,0.0
WALLABY J133103-150604,202.7644779979298,-15.10124979087575,60.29428722208744,11.23841916581118,6.28725659711722,-81.61454423641312,9.690395191803187,9.796746937296533,1.0,0.001610850083323709,NGC 5044 TR3,4.0
WALLABY J130629-133413,196.6218391513807,-13.57052642779894,35.19782151889389,10.29186156354824,8.331071336466755,79.37071941614703,9.209233943592508,9.316220611356057,1.0,0.001689258072792503,NGC 5044 TR3,0.0
WALLABY J125939-145813,194.9143508794794,-14.9702942752764,70.5275255538122,15.50139490867437,5.730024755487949,8.47131822224253,9.781520523558743,9.889977840634112,1.0,0.002621181632030606,NGC 5044 TR3,0.0
WALLABY J132430-210729,201.1270239767547,-21.12484840007935,36.98408910381077,19.06749480417042,14.67702402951521,-2.363582675165219,9.209863858317995,9.318837941447974,1.0,0.002311604164715506,NGC 5044 TR3,4.0
WALLABY J132007-170653,200.0301043430589,-17.11495621213922,94.94965304240243,27.79134952487108,9.408271989686165,-81.97689702907182,10.022457244091871,10.131731826129268,1.0,0.001875745480220697,NGC 5044 TR3,4.0
WALLABY J130515-165316,196.3144249735851,-16.8879611922462,40.58642948421713,11.09105671491468,6.061220755847749,-50.46085326635212,9.282969011413709,9.392303305712458,1.0,0.001844139491368991,NGC 5044 TR3,0.0
WALLABY J133348-244525,203.4516591985548,-24.75728229085173,66.2025206988564,11.27847712073007,5.453892997036087,83.60582928567402,9.705504594611938,9.814954845950671,1.0,0.002194737715907754,NGC 5044 TR3,0.0
WALLABY J130806-144640,197.0252102660338,-14.77792002707602,37.055518329690095,12.15050360637523,9.438290200069277,-3.281070385153456,9.189855142272533,9.299855365194206,1.0,0.001619001523457001,NGC 5044 TR3,4.0
WALLABY J130324-144601,195.8500085597362,-14.76710832939615,36.8178760350137,9.068430417141396,7.543346780348057,9.134004775114477,9.16640565216543,9.277255638474488,1.0,0.001685001125230728,NGC 5044 TR3,4.0
WALLABY J132529-201001,201.3742351884143,-20.16749989566893,115.64199852207314,14.28184213668355,11.61811498197145,24.6408343841882,10.154320650423731,10.265466507660408,1.0,0.001947651890152331,NGC 5044 TR3,4.0
WALLABY J131955-171849,199.9791940689649,-17.31385050618117,38.46093824098024,12.87830519646441,8.905705614527823,10.54539105633009,9.19481920672938,9.306123258836182,1.0,0.001887919135160168,NGC 5044 TR3,4.0
WALLABY J134019-235122,205.082692315635,-23.85631890730078,92.99213648933171,11.38327696966327,10.57377678399495,-0.3782205667339298,9.957292359905889,10.068805937830746,1.0,0.001852293520466499,NGC 5044 TR3,0.0
WALLABY J133058-215044,202.7428579512032,-21.84576232834223,105.10880252958917,13.3626205712426,6.160010608565593,-9.06315931734666,10.059335978228521,10.171057535654853,1.0,0.001700841789085926,NGC 5044 TR3,0.0
WALLABY J131757-215154,199.4880385067026,-21.86517823674205,43.99208816880735,11.11655616545238,5.216577512165457,15.64457694385291,9.30211808276715,9.41387265915132,0.999999491335153,0.005503297718305137,NGC 5044 TR3,0.0
WALLABY J130235-113803,195.6498798271122,-11.63425482626171,49.790764641362465,15.25120442897954,7.195094797708735,26.33549693453153,9.405859117646818,9.517796295922604,1.0,0.001842335069609156,NGC 5044 TR3,0.0
WALLABY J130534-154506,196.3927152519412,-15.75171556056694,41.50747952690279,9.482765496330558,8.150291676018025,73.85233411469491,9.242163211534862,9.354371757076756,1.0,0.001826727671429831,NGC 5044 TR3,0.0
WALLABY J132608-163111,201.5349252929639,-16.51991595790436,98.37171454732834,8.010395834153488,7.346972277456026,-21.4131672092004,9.984095359497378,10.096667373542303,1.0,0.001567976663306984,NGC 5044 TR3,0.0
WALLABY J125956-192430,194.9833370349134,-19.40843429410134,11.822187201840713,15.15620179800539,9.081062615196455,26.02307012899064,8.141261749185254,8.253953654297579,1.0,0.002595764389539945,NGC 5044 TR3,0.0
WALLABY J130854-163609,197.228340165338,-16.60264013832724,36.94704031618008,15.10541019052826,4.560448046342405,-17.74223378358951,9.128152742065014,9.240983120717404,1.0,0.001833896772240716,NGC 5044 TR3,4.0
WALLABY J133010-240841,202.5429624256414,-24.14462975213077,70.6018160911634,12.25853959379527,11.14960531340488,-62.30613393590467,9.686531081636888,9.799559000336446,1.0,0.001968311997194661,NGC 5044 TR3,0.0
WALLABY J131712-171511,199.3010306727904,-17.25328485413454,35.94938858382149,12.28336705870711,8.166857321672575,54.19383005215164,9.094260299320347,9.207579176668288,1.0,0.001785273262699967,NGC 5044 TR3,4.0
WALLABY J130037-143948,195.1558715734888,-14.66346385086928,38.55911519430731,27.57172857025563,9.884876710775892,74.3086307513235,9.154682605879055,9.268023185595565,1.0,0.002029649047012752,NGC 5044 TR3,4.0
WALLABY J130223-122031,195.5990001350209,-12.34198841911243,73.32659211813623,10.74039145173179,7.185918512488163,-57.51788065070535,9.705479334249421,9.819181626737173,1.0,0.001713973015590136,NGC 5044 TR3,0.0
WALLABY J133115-250859,202.8139286361248,-25.14960684470872,113.85772575178652,13.23444330332094,11.30613428819691,37.9827735035623,10.085602488023111,10.199405541756581,1.0,0.003146565318338271,NGC 5044 TR3,0.0
WALLABY J130148-114530,195.4534648419815,-11.75856299082241,84.78191649482166,11.06963014641212,5.711628611609978,16.63816190885552,9.81854324811468,9.932877513266307,1.0,0.001776923162712491,NGC 5044 TR3,0.0
WALLABY J130818-143213,197.0755355493448,-14.53709900022556,38.21464758775209,15.05537416554598,7.323711703436603,-83.6324337578348,9.12456962389756,9.23899274225358,1.0,0.001474959407662992,NGC 5044 TR3,4.0
WALLABY J133439-234044,203.663363474842,-23.6791483759322,37.090867655158355,8.898305242053489,6.589934963566661,-2.743421162931824,9.093746233001566,9.208407766561606,1.0,0.002114274002552546,NGC 5044 TR3,4.0
WALLABY J134102-231256,205.2601145684878,-23.21579673141846,99.84830156529416,9.9600524054912,6.403344808801045,37.43305384707355,9.948157692320567,10.063098839380554,1.0,0.001828214513579154,NGC 5044 TR3,0.0
WALLABY J133209-245132,203.0381327500109,-24.85919147539857,111.1705063244808,12.45497635817045,4.873935588972376,-31.43164047832098,10.030857295579205,10.146316199737248,1.0,0.002242670230899218,NGC 5044 TR3,0.0
WALLABY J131029-213510,197.6235699874821,-21.58614748039779,100.42254131743388,10.51550368618841,6.376675702133507,72.45951232566331,9.940013049183817,10.055595643771378,0.9999999999999973,0.003034114002805899,NGC 5044 TR3,0.0
WALLABY J132014-142732,200.060679529114,-14.4589282110759,39.31317049564844,12.41818874346842,10.63920852886803,-85.5257688195758,9.12321217791751,9.238903218889565,1.0,0.001871806284867048,NGC 5044 TR3,4.0
WALLABY J132119-130231,200.3315871791042,-13.0419805039468,18.73168160587699,8.837141835460667,7.211223988778211,-35.33451161035463,8.460380282421252,8.576999860701001,1.0,0.002074902329235751,NGC 5044 TR3,0.0
WALLABY J132050-232904,200.2102295928549,-23.48439321725803,29.515879736201953,10.29350062893271,5.571947033526187,-47.07004420563592,8.85401767254798,8.97070226671761,0.9999999994384583,0.006214163085741835,NGC 5044 TR3,4.0
WALLABY J133741-150605,204.4217999440328,-15.10139360397983,114.05083140098114,13.29223456758928,9.50335530511162,6.036493380813369,10.02534943001903,10.142169673480055,1.0,0.001579193523370982,NGC 5044 TR3,4.0
WALLABY J130213-171416,195.5578293379022,-17.23782374438331,10.30454894016438,12.62008448115876,9.697935257808329,31.66653157349981,7.9322858050874885,8.049348894670542,1.0,0.002051521652296304,NGC 5044 TR3,0.0
WALLABY J131400-164707,198.5022627245684,-16.78531598868686,44.00820003375336,12.12881028119025,5.837797491850877,-80.31683610768658,9.193186726656993,9.310255156736785,1.0,0.00185017065610808,NGC 5044 TR3,0.0
WALLABY J131410-213942,198.541739347451,-21.66183662084433,42.728398187646754,10.50078724386569,8.846869099446579,50.70008278426488,9.166903899429265,9.28400434868285,1.0,0.003661108321082542,NGC 5044 TR3,0.0
WALLABY J133949-220132,204.9584213559631,-22.02556413308159,83.37706294013802,8.253285431621991,5.088864360526778,61.16090874848055,9.746295376978908,9.863458438743093,1.0,0.001739833920248636,NGC 5044 TR3,4.0
WALLABY J131855-173800,199.7333042115919,-17.63358288407448,35.728889975968436,10.78547500266408,7.626387530471706,74.84643241661222,9.007963079184076,9.125238645478284,1.0,0.001930303931330502,NGC 5044 TR3,4.0
WALLABY J131512-175802,198.8038055795827,-17.96731624552884,39.615135946190115,11.24608504932964,9.43045672055986,10.94319438733936,9.09617253431259,9.213520917487891,1.0,0.001792382385839845,NGC 5044 TR3,0.0
WALLABY J131237-142630,198.1566668683732,-14.44189483163003,88.80457539632353,13.66481873406892,4.323689541009431,59.50282555805698,9.794551588837354,9.912036873203677,1.0,0.001525409172561799,NGC 5044 TR3,0.0
WALLABY J134533-145830,206.3876984403641,-14.97513224664495,167.8262171278096,10.27903740105399,5.440036906549623,6.933388216041692,10.339807043248637,10.457668218695247,0.9999999999998367,0.003808926441185777,NGC 5044 TR3,0.0
WALLABY J130815-210002,197.0634083200353,-21.00073247125524,23.527355600534023,13.53499847162187,4.732328791108988,-5.212529258897973,8.618729130423151,8.737310376951768,1.0,0.002012070842973303,NGC 5044 TR3,0.0
WALLABY J133138-232047,202.9117168903747,-23.34665968442661,107.2822807708172,8.314505001470424,6.502983507010515,-69.33805402941391,9.930167625905966,10.049071007986301,1.0,0.001795992782738045,NGC 5044 TR3,0.0
WALLABY J130043-154253,195.1823353636783,-15.7149500773964,19.76404479063971,13.47992605143127,10.75852171644175,72.720733552022,8.45924096091692,8.578225188988437,0.999999998834965,0.002086839180248254,NGC 5044 TR3,0.0
WALLABY J132004-165233,200.0204514722881,-16.8760713287385,78.96013485941755,12.89287312985542,9.798283602038572,-13.41949884557849,9.658638463693944,9.777805528138702,1.0,0.002001790152369858,NGC 5044 TR3,0.0
WALLABY J133801-225524,204.5061192555524,-22.92373544526665,99.5520049609908,14.2738344114343,7.171805996193319,60.65762093077373,9.859147866742909,9.978353592173994,1.0,0.001753628266787405,NGC 5044 TR3,0.0
WALLABY J133208-225710,203.0342585657203,-22.9530088426751,72.22174686437458,10.13316853817327,5.86037817224536,60.10041415383672,9.578591837680552,9.697887003319194,1.0,0.001896439243797837,NGC 5044 TR3,0.0
WALLABY J132219-164225,200.5801690791438,-16.70713853900251,98.25258598970125,9.797396600348025,5.303503267310858,42.00306290681678,9.843519479376177,9.962935713314247,1.0,0.001738392126076673,NGC 5044 TR3,0.0
WALLABY J133017-214446,202.571126273483,-21.74632818456768,104.33525049421897,7.746388990220728,5.314024262105658,-84.8258621975667,9.895156422846904,10.014599494039148,1.0,0.001741520112642601,NGC 5044 TR3,0.0
WALLABY J130936-185815,197.4011047987682,-18.97107618262267,152.08758752542283,9.545985608428634,6.503132086820846,18.40694901286852,10.220552854007899,10.34009232281696,1.0,0.001559944660722863,NGC 5044 TR3,4.0
WALLABY J133825-214905,204.605842716016,-21.81868591054609,83.65291634381082,9.24036580702633,7.451001150737304,-17.76866641476825,9.699580096525715,9.819206929853522,1.0,0.001734082191047274,NGC 5044 TR3,4.0
WALLABY J131802-151824,199.5105287343084,-15.30681006128866,160.65962180549448,10.54218848416216,6.953413710579756,36.8778028791931,10.265754104253212,10.38541481086417,1.0,0.001739118589435719,NGC 5044 TR3,0.0
WALLABY J132500-240035,201.2512515742237,-24.00977681453469,105.66969685413773,13.36774673748012,5.941464300800094,63.86610079004757,9.901322616105645,10.02100928001147,1.0,0.002098373792520377,NGC 5044 TR3,0.0
WALLABY J131835-211758,199.6465884855385,-21.29967019922753,27.944788914029708,12.26332852842706,5.153269604569547,65.28456116998265,8.74553932372715,8.86525020395848,1.0,0.002621477291744089,NGC 5044 TR3,0.0
WALLABY J131321-185558,198.339349303448,-18.93288961256165,87.69308514281454,9.00607628852388,6.150730316849687,14.07743607093244,9.738110799483838,9.857859582517666,1.0,0.001677930146163634,NGC 5044 TR3,0.0
WALLABY J131739-213708,199.4153093665174,-21.61913840175578,41.88026713971815,12.27618649627409,9.010246232075273,46.75928411154675,9.088326204565519,9.208469340010923,0.9999999672036989,0.003691356225605273,NGC 5044 TR3,0.0
WALLABY J133949-221815,204.9578175373873,-22.30432988972141,81.91417591094694,9.092047718415778,5.243612405347585,-49.85315813624148,9.663351467670763,9.783879765480625,1.0,0.00171553485140292,NGC 5044 TR3,4.0
WALLABY J133035-223035,202.6491054453826,-22.50973996268653,78.53337607671527,10.17038097810323,8.023021949040583,38.25817085874971,9.626628827327918,9.747162804558224,1.0,0.00187549133023348,NGC 5044 TR3,0.0
WALLABY J133242-252831,203.1755474116926,-25.47509735504464,112.21715990230268,8.2846413632753,5.935810732280448,-77.68750452218805,9.933857959268748,10.05453170220356,0.9999932145636188,0.006030976262493978,NGC 5044 TR3,0.0
WALLABY J133035-211808,202.6471020216703,-21.30280171466114,83.43362019988994,15.53128851303528,6.819143576502471,-39.48722995868035,9.674354010571465,9.795131734079492,1.0,0.001750297736920968,NGC 5044 TR3,4.0
WALLABY J131938-124148,199.9094157315559,-12.69683596009949,31.776703651046592,8.270100677913614,5.14326761758236,35.95018562678021,8.832480779903877,8.953430053589912,1.0,0.001756762035373415,NGC 5044 TR3,0.0
WALLABY J132508-194605,201.2858945508958,-19.7686615883645,74.21606802923392,7.995697408176312,5.847101882839168,-87.07728848547893,9.568881328766702,9.689849616175211,1.0,0.001856804272820262,NGC 5044 TR3,0.0
WALLABY J133253-241226,203.2233017092307,-24.20729406619552,69.54263748620647,8.792368762117162,6.703197307168097,74.29364690172544,9.51211179005995,9.633093973991484,1.0,0.001970859710580948,NGC 5044 TR3,0.0
WALLABY J130350-163312,195.9598194734287,-16.5534209929338,182.05094422418344,10.60584166796823,5.137808006158437,62.20415689774239,10.345947310088489,10.467032652716837,1.0,0.001760796677207832,NGC 5044 TR3,0.0
WALLABY J131431-162247,198.6301987384938,-16.37979507195245,21.111040715415132,8.286851519266909,5.622854271245768,71.91070548613745,8.473808770375143,8.594933012681329,1.0,0.001854333710567617,NGC 5044 TR3,0.0
WALLABY J131618-204147,199.0767147035013,-20.69660704301662,41.393100769718984,9.916486536910252,7.793589364590646,43.58227852756346,9.057959735987664,9.179118532905802,1.0,0.002022682144307147,NGC 5044 TR3,0.0
WALLABY J133811-204047,204.5463416546297,-20.6798529053906,184.55509412287827,8.674631326217577,8.104455505547946,74.93090355675145,10.356290032169616,10.477452147331961,1.0,0.001682274082923071,NGC 5044 TR3,0.0
WALLABY J131649-133623,199.2054044048268,-13.60653419636822,95.9444593063983,9.217182168459896,7.747865340483956,-65.64416585990169,9.785923392232336,9.907194123376708,1.0,0.001540653425360408,NGC 5044 TR3,0.0
WALLABY J125942-140140,194.9276724955855,-14.02790015941997,62.05177281272649,15.65220455280916,5.054227876723329,16.11746677236158,9.39724881292546,9.519031732411845,0.9999999999999873,0.002512619458543705,NGC 5044 TR3,4.0
WALLABY J130228-204117,195.6190451746206,-20.68822782521503,119.98360927876973,10.16930993758604,6.662976815950227,-81.40625392085,9.969428830861338,10.091239835567118,0.9999999999995395,0.002100646299010489,NGC 5044 TR3,4.0
WALLABY J125931-140755,194.879868281827,-14.13200118184042,92.19604809620024,9.107240283237351,8.931048239969346,-36.68815861637805,9.735854545520972,9.857906151749308,1.0,0.002402367381814129,NGC 5044 TR3,0.0
WALLABY J133440-234722,203.6672049819966,-23.78948427016499,111.4226978068618,12.19499711519969,9.811527647750982,31.42261392664352,9.899965365875046,10.022037827848465,1.0,0.001765604642653607,NGC 5044 TR3,0.0
WALLABY J131051-205740,197.7146738251096,-20.96113156277374,153.4297870584673,10.06421147623846,4.752057792232988,-8.77883231737232,10.175478868065753,10.29767078975755,0.9991085170396012,0.001798824591797648,NGC 5044 TR3,4.0
WALLABY J133103-160750,202.7649897735948,-16.13071942261691,83.58869213874752,13.37244676052517,7.180751167753555,86.42245503887328,9.64654314135093,9.768806586604306,1.0,0.001518514415659016,NGC 5044 TR3,0.0
WALLABY J132043-180215,200.1812607480811,-18.03769053399604,72.78681502757811,10.06896087056246,5.898252734380844,-80.41062471737422,9.526183558006684,9.6484556175114,1.0,0.001751251252441769,NGC 5044 TR3,4.0
WALLABY J132415-164212,201.0648131159837,-16.70347268629918,21.34705374184001,9.794443324573107,7.46418175191988,44.39098563975438,8.451980436650592,8.574697690835865,1.0,0.001683192129634111,NGC 5044 TR3,0.0
WALLABY J131641-192652,199.173598059626,-19.44778559441298,114.92432719294648,9.733208261922684,6.801482540356345,69.07494615286646,9.911045183480018,10.03391912572297,0.9999979069415771,0.001711103062457749,NGC 5044 TR3,4.0
WALLABY J132017-144841,200.0726600586841,-14.81156518387092,41.53834323256658,12.93571479356659,5.042842755765943,64.86450470973503,9.025368501091796,9.148331486973866,0.999999999999349,0.001818529025848998,NGC 5044 TR3,0.0
WALLABY J133256-251035,203.2345945927026,-25.17682094912179,111.48605390128583,14.9949247855058,7.538657283755353,72.8230932412556,9.881043080166073,10.004101105228077,0.9999999999998557,0.003090395150705117,NGC 5044 TR3,0.0
WALLABY J133530-242103,203.8770454823596,-24.35096725441746,110.08659706016071,8.740090988351746,4.692739702383019,-52.48298619978807,9.866221616093581,9.98947560866597,1.0,0.001933216516073648,NGC 5044 TR3,0.0
WALLABY J133933-222957,204.8909435518751,-22.49930605045906,99.97102865101009,10.60812779179106,7.912145169568552,34.38904972083836,9.777789548872837,9.901283665112304,1.0,0.001719250705443524,NGC 5044 TR3,0.0
WALLABY J133329-211151,203.3744347221712,-21.19711017054754,101.52877056047457,11.32777333929307,6.839933126952904,-9.771550094291172,9.791013512818347,9.914518132886048,1.0,0.001637734405536845,NGC 5044 TR3,0.0
WALLABY J133041-233009,202.6741234209146,-23.50271564864846,184.38408343337525,10.63722301058571,6.121203393498662,-78.83829250755002,10.305517822901166,10.429214507481513,1.0,0.00169126710902422,NGC 5044 TR3,0.0
WALLABY J131947-205901,199.945838845101,-20.98368716974647,102.53538903700982,23.60202317321818,4.987513426886763,-56.43371236765725,9.794079494914811,9.917864972019405,0.9999999999994259,0.00209324919675097,NGC 5044 TR3,0.0
WALLABY J130516-172641,196.3173143090456,-17.44484323720395,153.37530152409084,12.21669789768454,5.01465363091931,38.09845602422919,10.141085715371949,10.265012043567943,1.0,0.001723757315454541,NGC 5044 TR3,4.0
WALLABY J131851-123625,199.7127706609342,-12.60716070697107,42.735023725975715,9.342304319978677,8.614397740190597,-26.58794554114004,9.028594095529826,9.152650715976005,1.0,0.00172681583148067,NGC 5044 TR3,0.0
WALLABY J134034-215548,205.1433080706274,-21.93014114477399,142.06132575408378,9.586572395452961,8.352555259273137,5.845023373284789,10.071480556107527,10.195562611533314,1.0,0.001713832607430815,NGC 5044 TR3,4.0
WALLABY J131430-173154,198.626622630575,-17.53181079379835,35.48547186211829,11.11342024822249,6.164108607149357,-22.47287515740985,8.863939309116411,8.98815902597974,1.0,0.001768750234176205,NGC 5044 TR3,4.0
WALLABY J134147-233627,205.4493376993903,-23.6075307683004,160.7709293180284,9.504760649097877,5.064492465559056,-69.28920553847237,10.169542605265496,10.294106052226502,1.0,0.001869079242559391,NGC 5044 TR3,0.0
WALLABY J134247-193454,205.6985504884107,-19.58040548945518,20.155061231095903,8.357783772305975,7.372912456954793,-1.646666303190116,8.365265193686415,8.489860974352451,1.0,0.001997958226433564,NGC 5044 TR3,0.0
WALLABY J133610-234710,204.042637292066,-23.78629576848347,162.4716203100637,11.29148560849647,9.009960387348972,33.27881302760625,10.177810406546959,10.302418571107214,1.0,0.001657285055113757,NGC 5044 TR3,0.0
WALLABY J131441-112033,198.6749158732251,-11.34267028118461,99.08888655812811,8.566566902284412,5.065053275781765,34.75961719337835,9.747693051913563,9.872332612230162,1.0,0.001665286507920128,NGC 5044 TR3,0.0
WALLABY J133605-145402,204.0233047448485,-14.90065752150901,92.51503614339197,7.754827488212775,7.052983349620185,62.06967873002898,9.686686709181005,9.811397110745336,1.0,0.001630700017164006,NGC 5044 TR3,0.0
WALLABY J132202-201335,200.5119056392954,-20.22631744384862,26.93476179243172,10.70544067685721,7.009314818645049,79.49821162653363,8.614742602706956,8.739460482700977,1.0,0.00203620965493404,NGC 5044 TR3,0.0
WALLABY J130954-104332,197.4782410943885,-10.7258072620533,86.35487654639992,10.28411989915671,7.234317172057028,37.759889022978,9.626554397033772,9.751279235777583,1.0,0.0021173579767268,NGC 5044 TR3,0.0
WALLABY J133310-240706,203.293517653753,-24.11899606313786,68.29855570326035,8.581316931789791,7.405895043358041,28.56657076901635,9.422349232206207,9.547097389531,1.0,0.001959969836697448,NGC 5044 TR3,4.0
WALLABY J134705-163120,206.7720267083502,-16.52230420089553,62.33220380240443,8.530331978891594,4.291263529299509,43.36414303986322,9.33939648456648,9.464327120869187,0.799051694936086,0.008863399424408882,NGC 5044 TR3,4.0
WALLABY J133212-211202,203.0540912602214,-21.20054973337722,85.72815229308263,8.499202057122618,6.102932087727375,13.96227497257715,9.614944552094528,9.739940623162179,1.0,0.001727953422357237,NGC 5044 TR3,0.0
WALLABY J134501-155202,206.2569250301483,-15.86746047666474,126.97793411490875,10.95631415329318,4.644226807687058,87.09375813620403,9.95171845287072,10.076942530859753,0.9999999999992446,0.002663664636243539,NGC 5044 TR3,0.0
WALLABY J133842-214839,204.676696707035,-21.81090601596576,82.67144302377066,7.339678396867393,5.777797715542012,11.31686037652736,9.574101577068042,9.699576351656411,1.0,0.001685623167033057,NGC 5044 TR3,4.0
WALLABY J133522-225937,203.8441756597799,-22.99368773137082,35.91729925901158,8.811956824948739,5.708731063883463,-75.52480489467925,8.848842378918745,8.974376665127632,1.0,0.002019535344601248,NGC 5044 TR3,0.0
WALLABY J130357-112956,195.9878894664428,-11.49888196804582,45.40372420375908,16.48779721951677,10.273278906597,47.39266356351163,9.052197600251608,9.177743238364227,1.0,0.001834016382387501,NGC 5044 TR3,0.0
WALLABY J131459-171601,198.7486679641574,-17.2671965189473,34.11367154445447,6.393533082244923,5.029629869863441,-69.15508222661857,8.797075527513936,8.922971542265948,1.0,0.001638248056037325,NGC 5044 TR3,0.0
WALLABY J130016-170140,195.0689267568787,-17.02799322937134,70.17644253326247,6.238827168513719,5.359356500802437,-54.86646445205439,9.423564482272845,9.549462395825058,1.0,0.002310238572390304,NGC 5044 TR3,0.0
WALLABY J132922-221123,202.3451548404521,-22.18986402243111,78.62717325520947,8.844942333690296,4.509382388600177,49.48420537139825,9.517124824540982,9.643291351431822,1.0,0.001826359952212333,NGC 5044 TR3,0.0
WALLABY J130337-142537,195.9072200805077,-14.42708354924168,37.94659892988332,8.215239604472478,5.715242362798356,56.40868243080028,8.884297229060337,9.010465202633956,1.0,0.00154906013736541,NGC 5044 TR3,4.0
WALLABY J133929-192931,204.8697129504409,-19.49364573123835,135.85497253886882,14.85184320581781,10.75570944203395,-19.17514719623286,9.992085385389137,10.118254246939276,1.0,0.001685657427659517,NGC 5044 TR3,0.0
WALLABY J132905-205629,202.2723794059632,-20.94150154080795,79.32716470945392,7.846470469036145,5.459529579678959,-68.86543029736835,9.524291159710923,9.650485185957109,1.0,0.001775810512191205,NGC 5044 TR3,0.0
WALLABY J133037-205541,202.6571802948535,-20.92808615941489,76.791797531138,8.545380817093772,4.422063349818621,-87.82437792367163,9.492890840664833,9.619249572520749,1.0,0.001790153632844986,NGC 5044 TR3,0.0
WALLABY J133108-202916,202.7855610984893,-20.48795680547344,96.43753703168974,16.58956986518923,6.09981233422632,31.24682202517283,9.682494022297762,9.809280329205643,1.0,0.001825093776113032,NGC 5044 TR3,0.0
WALLABY J132415-232043,201.0635646152559,-23.34536668763781,68.17346475367867,11.04029980591521,5.07380037153144,75.42676681503481,9.38056253074953,9.507383561593905,1.0,0.002172834992340488,NGC 5044 TR3,0.0
WALLABY J130401-170100,196.0048882532951,-17.01688869012441,196.57486306236035,10.51103396068723,9.688403281147535,55.20186978536508,10.298458084170697,10.425379154391702,1.0,0.00176855528517073,NGC 5044 TR3,0.0
WALLABY J131840-150339,199.6667382600184,-15.06106840509361,45.71407078945771,10.13961292170598,5.288687905791191,17.1965128565667,9.031407514371338,9.15833348071083,1.0,0.001852842208282704,NGC 5044 TR3,0.0
WALLABY J131827-141337,199.6130855732312,-14.22706968899492,152.51381567380915,11.39373015306755,6.9601941700785,6.835202255887367,10.074184885774113,10.201304947461194,0.99999999999998,0.001560165240474078,NGC 5044 TR3,4.0
WALLABY J130108-181149,195.2873718269972,-18.1971102998253,69.0440362435323,9.960845461148036,8.518520072022183,-66.33261339315774,9.385740279335344,9.51286442003276,1.0,0.002141487468416359,NGC 5044 TR3,0.0
WALLABY J132409-175407,201.0413761203696,-17.90206000455764,109.8067021188464,9.055157552124932,4.003018482994186,-59.00970374895138,9.787241137353044,9.914443384284077,1.0,0.001640306972979606,NGC 5044 TR3,0.0
WALLABY J131713-130921,199.3049043117126,-13.15582872517125,98.64080261911565,7.809811697406803,7.418720191819617,87.22811241720372,9.693956377523211,9.821165907551782,1.0,0.001589572680913446,NGC 5044 TR3,0.0
WALLABY J133214-210542,203.0588157542317,-21.09540063609771,82.92402492737544,10.41469895600754,6.77222520589762,-88.92865993477444,9.540928658593133,9.66825637004801,1.0,0.001750123413330415,NGC 5044 TR3,4.0
WALLABY J133126-211009,202.8611133921503,-21.16929509694594,76.77113638465612,7.879835622111524,5.713397645852968,18.14187202011638,9.470513754130433,9.59802079664151,1.0,0.001764075341491139,NGC 5044 TR3,0.0
WALLABY J132344-231048,200.9367536520512,-23.1798206319041,68.10698658918618,9.838801992394263,4.669539616420495,69.24751250767261,9.365720351550838,9.49326800003976,1.0,0.002239452838769026,NGC 5044 TR3,0.0
WALLABY J130753-205916,196.9726424322203,-20.98793717684868,178.331542071359,8.927557206914466,6.682927783510601,-47.89269365098558,10.195405129201214,10.323285297315248,0.9999731421658065,0.001808794088902314,NGC 5044 TR3,0.0
WALLABY J134128-192219,205.3703430962706,-19.37212452070501,110.48220687887472,7.481517552425243,5.149803096251612,71.61379737493841,9.77295755196007,9.901180560656544,1.0,0.001847628638443069,NGC 5044 TR3,0.0
WALLABY J131708-202436,199.2848000399129,-20.41011595397528,100.6232384209914,8.609005510789446,4.688240966310877,-47.44408095743503,9.69103798661696,9.819299165230147,1.0,0.001811794266934772,NGC 5044 TR3,0.0
WALLABY J133240-192505,203.1706066349926,-19.4181897417659,78.37078115177118,14.91200194327183,6.339554699700155,-85.71766429582613,9.473889522358228,9.602153844651697,1.0,0.001773296023845693,NGC 5044 TR3,0.0
WALLABY J133210-252901,203.0453148447343,-25.48367411039664,145.56040968466337,7.736972629051928,6.385704344237505,50.35308947729055,10.008877832033503,10.137287803079479,0.9562349612798172,0.006619320106585632,NGC 5044 TR3,0.0
WALLABY J131449-134343,198.7052605076125,-13.72875387516004,93.02408257356588,10.07786284317471,8.381866780300319,74.0043414774018,9.619907828481123,9.74832167776286,1.0,0.001497065192323609,NGC 5044 TR3,0.0
WALLABY J134710-205822,206.7926839517322,-20.97294190169926,92.87113425375634,9.154529579191552,4.735317788835636,-16.56949014583357,9.616404100940079,9.744926315817965,0.9996590712576239,0.00572135581837289,NGC 5044 TR3,0.0
WALLABY J133600-205437,204.0021409286826,-20.9103459150554,194.60946367235664,8.064263668682043,5.339845438008274,53.54779785203425,10.258530753402393,10.387075947509556,1.0,0.001612996507256495,NGC 5044 TR3,0.0
WALLABY J130922-133559,197.3425056443987,-13.59984722008729,201.47869989264552,7.975872396103274,4.232942299918421,-64.29124791295517,10.280723872618523,10.40968425480786,1.0,0.001386933157234854,NGC 5044 TR3,0.0
WALLABY J133727-223204,204.3670028231241,-22.53493996875881,130.25803539906056,16.22309950171289,6.486325958702313,-64.06422365864145,9.899911473525354,10.028974672139826,1.0,0.001663357384383882,NGC 5044 TR3,0.0
WALLABY J134026-235514,205.1102896770949,-23.92064827989268,282.04843266745746,8.614988361462101,5.173996771242276,-14.36639839095007,10.56971020250638,10.698838347893275,1.0,0.001661713133210218,NGC 5044 TR3,0.0
WALLABY J131220-142824,198.0834857524696,-14.47359615432691,89.34414515841164,9.088945526010038,4.501923871754404,67.17503753652164,9.570480536259238,9.699646125091052,1.0,0.001526399192478047,NGC 5044 TR3,0.0
WALLABY J132422-171945,201.0937000063324,-17.3292565100339,99.88834875006214,9.024401310524974,4.714978164691041,-78.12693837260343,9.667259835522803,9.796431617871841,1.0,0.001612686004148174,NGC 5044 TR3,0.0
WALLABY J132014-141744,200.0590420094937,-14.29573489621601,99.025224377909,9.57167027129556,7.069988350228175,41.7465539421849,9.65808525613104,9.787342832351891,0.999998328980475,0.001777833442530882,NGC 5044 TR3,0.0
WALLABY J131758-151541,199.4949152718503,-15.26153497506285,190.59711133811413,11.18752895586276,7.607460732334928,50.04678749525604,10.225285108351615,10.354623504645023,1.0,0.001729401171146897,NGC 5044 TR3,0.0
WALLABY J133516-223211,203.8195813031037,-22.53645134563061,114.08406987436626,6.690027317662016,6.300966269954165,-64.55285177269597,9.779150297287908,9.908507168248263,1.0,0.001673138318594806,NGC 5044 TR3,0.0
WALLABY J131352-191608,198.4692809465216,-19.26902348055335,102.61340609334773,7.822873247813857,7.342384342438178,-76.48195084424563,9.685322933909427,9.814773491539755,0.999999999999037,0.001677609718692484,NGC 5044 TR3,0.0
WALLABY J133122-150652,202.8438233794031,-15.1144933830334,61.809407917413644,9.22974605119966,8.162538552628764,36.01123161383495,9.243487693745662,9.3730188876401,1.0,0.001566637133221559,NGC 5044 TR3,4.0
WALLABY J133039-213728,202.6638917883099,-21.6245660583804,102.11423132352236,7.103992743397822,5.48087260238344,71.31498647508593,9.679422232178958,9.808960189948001,1.0,0.001711291366455069,NGC 5044 TR3,0.0
WALLABY J132403-170220,201.0140818162205,-17.03898464176863,100.7672750865684,8.353874062897626,4.32360294214896,-18.47435429103666,9.667673111036216,9.797222388847079,1.0,0.001608993968578359,NGC 5044 TR3,0.0
WALLABY J130004-152151,195.0205923791294,-15.36438736750759,22.64060823768946,8.083207270990648,5.121861204201988,-41.27947369886171,8.370652418357004,8.500209985835296,1.0,0.002439755045553296,NGC 5044 TR3,0.0
WALLABY J130718-162004,196.8285582459177,-16.33469846608205,35.30669072599853,8.238526780221335,6.247410507658867,-24.6116966840091,8.756589586826248,8.886147189005461,1.0,0.0018537693163685,NGC 5044 TR3,0.0
WALLABY J133019-220858,202.579548517484,-22.14935413391487,78.39283333541798,10.09192016005694,7.036602493906019,89.45555793309369,9.447459648469584,9.577120641609348,1.0,0.001776153032156999,NGC 5044 TR3,0.0
WALLABY J134327-172004,205.8632418128062,-17.33446773253119,131.33534439756312,10.71994685479497,7.945642363570754,-39.13714585099341,9.89482220098744,10.024527743701475,1.0,0.001772380566098869,NGC 5044 TR3,4.0
WALLABY J132154-193738,200.4785485815875,-19.62802589520787,74.94301575528492,9.176131806681019,5.612174722338199,51.82829615496769,9.407374617500421,9.53708786770902,0.9999999999592087,0.001708433063661654,NGC 5044 TR3,0.0
WALLABY J131754-133617,199.4760295702928,-13.60496786294313,90.93411341468554,8.114460377255298,6.053720134152342,-86.37143511889528,9.57499647325059,9.704729138949459,1.0,0.001518488094522819,NGC 5044 TR3,0.0
WALLABY J134539-240853,206.4154824978084,-24.14879994202595,79.8537075712871,7.813564183503797,6.757067968937572,-76.92260563091794,9.45972984586502,9.589588832725674,0.9999999942476554,0.002636128240243168,NGC 5044 TR3,4.0
WALLABY J132410-235238,201.0437258235519,-23.87714610862027,107.21449098823311,7.6579499931671,4.521968209922465,-88.15926283029741,9.715414733790046,9.845285915268917,0.9999999999999561,0.002249128661032775,NGC 5044 TR3,0.0
WALLABY J132001-195929,200.0045830764715,-19.99142710004077,87.53683651499189,9.337112235252205,5.570857723241361,-53.13917400234157,9.538407855243312,9.668325399656396,0.9999991701040641,0.001867958048456193,NGC 5044 TR3,0.0
WALLABY J130756-164123,196.9853926461551,-16.68982837443717,13.570406295601845,7.615717133257415,5.821153892856865,-65.00142400716487,7.916970747315867,8.047006199578124,1.0,0.001864500918239587,NGC 5044 TR3,0.0
WALLABY J130857-153100,197.2411251344144,-15.51681511333676,17.898138619128186,14.92828360658288,8.781884723190599,7.684179760066144,8.155517827174275,8.285652390059433,0.9999999999999991,0.001667545551796316,NGC 5044 TR3,0.0
WALLABY J132427-201307,201.1166427523968,-20.21916881575829,101.33987611518151,7.501178872531817,6.052064168867211,5.151916011536457,9.66031089162745,9.790506108171536,1.0,0.001948167957019413,NGC 5044 TR3,0.0
WALLABY J130758-121123,196.994582601222,-12.18971755777114,179.1846788145156,10.32835433758064,6.959147049648223,-30.90612206260181,10.150848715203189,10.281281214597046,1.0,0.001435209314076606,NGC 5044 TR3,0.0
WALLABY J131117-194944,197.8241613277994,-19.82891234397186,39.69110615986203,8.800294059267227,4.574694588370562,-68.95794718772302,8.839967366293829,8.9704877189296,1.0,0.001769486967093308,NGC 5044 TR3,4.0
WALLABY J131620-164013,199.0835712409507,-16.67040752001989,77.82638910379816,8.357817492394254,5.511359688018485,27.08651996788475,9.421021330993876,9.551742905767249,0.9999999999999923,0.001876109143394256,NGC 5044 TR3,0.0
WALLABY J130922-195223,197.3443507283633,-19.87330866377477,102.42397548885556,7.22036896920023,4.728350267145362,-47.22256797209489,9.657889605051666,9.788699952895227,1.0,0.001650592582615061,NGC 5044 TR3,0.0
WALLABY J132331-235339,200.8799080469495,-23.89412682697595,179.4357809251482,7.170872385972168,6.102977887064005,79.91409998246601,10.141122269227054,10.272132459771406,1.0,0.002215726535106726,NGC 5044 TR3,0.0
WALLABY J132929-251945,202.3708396489208,-25.33030725663757,191.61552839420523,10.87932849189381,4.864136818813551,21.22384884120854,10.197607105170471,10.328646819699031,0.9999809899909564,0.003982840457599529,NGC 5044 TR3,0.0
WALLABY J131448-202411,198.7021113453318,-20.40331686342804,147.20947545278838,7.372035709356594,6.068336128691115,66.60200492677525,9.963670086601466,10.094971513019198,0.8787067169714874,0.001658014452632248,NGC 5044 TR3,4.0
WALLABY J132542-164457,201.4249888237653,-16.74930541843242,77.23102146110043,11.30026540332714,5.481562680913043,-83.41550614077694,9.402555137014419,9.53390034295109,1.0,0.001585690097577323,NGC 5044 TR3,0.0
WALLABY J131132-144033,197.8842002425692,-14.67600800467636,35.10377447195056,8.29604265253816,6.878727560828904,-50.50792293114024,8.715332702380428,8.846802178557189,1.0,0.001643349005933559,NGC 5044 TR3,0.0
WALLABY J125923-120455,194.8459053009094,-12.0821467513741,90.53699330243973,7.134676105133439,5.662262515115198,-9.81892772059031,9.536523068375288,9.668085487771464,0.9999949065725721,0.002777714723478178,NGC 5044 TR3,0.0
WALLABY J130323-172339,195.8475158370269,-17.39423644689528,43.69365762531951,6.872031940670602,5.32235303441106,63.66872743745405,8.902384757840538,9.03401730307927,1.0,0.001973114784712004,NGC 5044 TR3,0.0
WALLABY J130614-202212,196.5608013691367,-20.37024111013451,217.10226507697516,8.42909894680769,6.925801134295952,-4.463378181184297,10.291083632792004,10.422917353805508,0.8971523985425335,0.001744024935521707,NGC 5044 TR3,0.0
WALLABY J131146-184730,197.9453620314884,-18.79181968545666,36.777787455385784,6.986739468385293,4.506207813643917,-88.0196676423567,8.748007777414003,8.87989023521789,1.0,0.001833627865157468,NGC 5044 TR3,4.0
WALLABY J132005-144515,200.0238897790147,-14.75440867172524,100.51066855260555,7.26072234838291,5.834674263989275,18.56523139816881,9.617424554381296,9.749510719695097,1.0,0.001662790832714586,NGC 5044 TR3,0.0
WALLABY J130202-115118,195.5105464098229,-11.85505979592896,220.95758087220608,7.951591248150137,4.641035664290979,-21.94969690836787,10.30133596751678,10.433437118138576,0.9999999999998581,0.00157990695561014,NGC 5044 TR3,0.0
WALLABY J130801-203117,197.0043462889218,-20.52141040145165,64.85481084896026,7.855797284324367,5.680465266588187,85.28883457572584,9.235563711275242,9.367720060784045,0.9999999999999583,0.001792390497927722,NGC 5044 TR3,0.0
WALLABY J132034-183542,200.1449681764915,-18.59502162619176,171.81781725988375,7.617519730697071,5.6798468704673,6.59523559823046,10.08136280542668,10.213543223784392,1.0,0.001658955627423618,NGC 5044 TR3,0.0
WALLABY J133048-251954,202.7042342809551,-25.33179803419538,113.6103394781881,7.643604761017047,6.18240517504405,0.4077657647945045,9.720841317375166,9.853086628028015,0.9998686216961554,0.00467034059558327,NGC 5044 TR3,0.0
WALLABY J131650-214015,199.2087751121115,-21.67105584689086,27.568901461711526,7.407441946886382,5.861816014137081,83.72217419678987,8.490797850378339,8.623045643960738,0.7830457631691105,0.004024535208507457,NGC 5044 TR3,0.0
WALLABY J131157-144032,197.9889373932299,-14.67562017554816,35.706904136444116,19.77699027910703,5.755008813148683,-62.86056838184779,8.712340022504302,8.844753924213165,1.0,0.001549400672458638,NGC 5044 TR3,4.0
WALLABY J132109-114742,200.2915887745317,-11.79525546668656,41.89459912132337,8.641617316540605,5.531501470840101,-76.88138841361148,8.849767568428227,8.982255123624046,0.9999999999995837,0.002209011279722928,NGC 5044 TR3,0.0
WALLABY J125915-150108,194.81251137028,-15.01890981516812,17.265079225700468,19.27321161830816,5.158065264591382,-41.82564893882744,8.07959678453943,8.212094552871433,0.9998590178995224,0.003009213172377548,NGC 5044 TR3,0.0
WALLABY J131954-163715,199.9755420298507,-16.62085746913579,32.79880743817813,7.867412212055368,5.766504631736773,-49.05196292891434,8.636821301605593,8.769327288338035,0.9999559842818244,0.002035850220402034,NGC 5044 TR3,0.0
WALLABY J131253-105339,198.2240859683092,-10.89416369222547,88.99884493882877,8.169163008957982,6.021720020469722,-1.985031012075865,9.502475564500216,9.635055992626942,0.9999999999999958,0.00183383739866136,NGC 5044 TR3,0.0
WALLABY J133836-202908,204.6503806091493,-20.48575157057009,9.410998821070258,11.55593059307849,6.659474867937622,44.47847361373886,7.548034466260078,7.6807716956784855,1.0,0.001921511463657296,NGC 5044 TR3,0.0
WALLABY J132151-171211,200.4638696670302,-17.20325930147789,103.92422929027612,8.804198317329426,5.353752064176326,-4.051705945306693,9.634050814570172,9.766795809144519,1.0,0.001756639145871956,NGC 5044 TR3,0.0
WALLABY J131812-154126,199.5514702924632,-15.69073510524909,162.284335257462,8.892781358341146,5.072030695436737,-21.60519628475919,10.019330599130722,10.152173646842096,0.9999999999999994,0.001742249855356321,NGC 5044 TR3,0.0
WALLABY J131619-214517,199.0801705341375,-21.75478431976079,42.15600828988859,7.685107802706959,4.561873074141826,69.36878075135353,8.843952066125995,8.977037494002504,0.7902056970944056,0.004915774230674767,NGC 5044 TR3,0.0
WALLABY J130648-202247,196.7023002924277,-20.37974104214292,41.58496531663432,8.24157851179226,5.171087766893975,-50.55601879315295,8.831691533723486,8.964799070111013,1.0,0.001840300488930506,NGC 5044 TR3,0.0
WALLABY J132258-144345,200.7416830750686,-14.72917303260747,73.15840460971687,8.441568541864767,4.079812319779343,-8.185505580313801,9.321896948265039,9.455028521323024,1.0,0.001831493350460076,NGC 5044 TR3,0.0
WALLABY J130123-151152,195.3480899976677,-15.19778018042154,173.6332870454488,8.404294698960854,5.418868501079584,-27.91682966295731,10.069469447457838,10.202770025605767,0.9999999999997986,0.001805788042550966,NGC 5044 TR3,4.0
WALLABY J133837-240848,204.6567395668928,-24.14685670294606,78.06319688004267,5.330925917771855,4.688255622455994,-53.56709632369657,9.374490038288132,9.507822996087603,0.9999999998142958,0.001896346386281285,NGC 5044 TR3,0.0
WALLABY J133540-251206,203.9179450896778,-25.20170540319367,145.50869570972247,7.270030268474398,6.124639228982144,-20.44611633818931,9.914380887417359,10.0477669771786,0.9999934257528662,0.003197629358146759,NGC 5044 TR3,0.0
WALLABY J133610-223112,204.0430912702255,-22.51965568682493,121.08956823559622,11.06131115012665,8.556631278042676,-24.85980539633478,9.754369163596744,9.887779157401914,0.9999999999999996,0.001755340003628302,NGC 5044 TR3,4.0
WALLABY J133756-240727,204.4868996317963,-24.12435097478599,130.46683080193915,10.38205543911219,8.063704032367633,43.26706455160632,9.816316145077439,9.949877962251096,0.9999999848263065,0.001884331866342299,NGC 5044 TR3,0.0
WALLABY J131859-183522,199.7471127477329,-18.58953422679195,36.11033606483069,22.8885528158799,9.75156650863748,-84.36816775222066,8.698377608876637,8.832057190706857,0.9999999999999991,0.001847589631382213,NGC 5044 TR3,4.0
WALLABY J132216-153002,200.5692107685085,-15.50057893268733,40.043764622447945,9.66218204962927,6.00855270834538,-24.79673824780831,8.78634390182431,8.920121987125023,1.0,0.001736758575955102,NGC 5044 TR3,4.0
WALLABY J133308-233234,203.2867437073674,-23.54342910460805,146.6502195603129,6.748749841542377,5.814419339549276,60.91905300964224,9.913429945067213,10.047229957280335,1.0,0.001618037134286493,NGC 5044 TR3,0.0
WALLABY J133004-221319,202.5182351744335,-22.22209294826828,73.52732092330335,6.428216769608082,4.435533358640088,-70.02222628911642,9.312356676371385,9.446231940663571,1.0,0.001869072511252429,NGC 5044 TR3,0.0
WALLABY J131959-171534,199.9980792093175,-17.25963469718017,92.24680695779095,7.335289108820147,6.587123277660617,-69.20895627640846,9.508695201699307,9.64260617373551,1.0,0.00182078608485262,NGC 5044 TR3,0.0
WALLABY J132958-211444,202.4939381057303,-21.24754431363884,223.2809765878285,9.216932702393398,8.2690418572035,-89.06685605188804,10.273220258808783,10.407306764291505,0.999999999218905,0.001588395910378408,NGC 5044 TR3,4.0
WALLABY J134308-201304,205.7834506899119,-20.21733973571709,137.3843634796373,10.8053202201275,6.823340350640588,10.24767533371923,9.847684624081719,9.981969931423254,0.9999999999995163,0.001993888460984616,NGC 5044 TR3,0.0
WALLABY J131131-181235,197.8827532129773,-18.20988290130834,36.165347726149584,9.810761192499788,5.606307438853498,-26.47963876316788,8.685630896503856,8.820064579927235,1.0,0.001762185915406207,NGC 5044 TR3,0.0
WALLABY J131732-121430,199.3860851731896,-12.2418364113707,91.43282660907069,7.277760701312766,6.353798884863667,-73.76709871050124,9.490054321684749,9.624552205262335,1.0,0.001597425095679775,NGC 5044 TR3,0.0
WALLABY J125834-164819,194.6446435020848,-16.80551233862494,54.89194451433962,6.380637099355841,3.896362565940356,-56.82300768656746,9.044898896276873,9.179502519406448,0.9980869578714276,0.004190723928297892,NGC 5044 TR3,0.0
WALLABY J125951-150446,194.9649380249254,-15.07953668445949,174.24811358728152,8.040291555126434,7.128746599430244,-86.38517629087629,10.046372153717172,10.18107497019469,0.9999999869967978,0.002333690100650467,NGC 5044 TR3,4.0
WALLABY J131707-183238,199.2827644602073,-18.54411388881776,111.8049258352977,9.71682468984438,4.865159622066683,57.4714054577387,9.655632264236186,9.790621545258123,0.9999999999639668,0.001669678426816371,NGC 5044 TR3,0.0
WALLABY J133658-203244,204.243888269955,-20.54558427219268,129.04646695970942,8.410356160743447,7.179353109090624,-14.73965858544661,9.778852135775084,9.91391411790585,1.0,0.001749524327010803,NGC 5044 TR3,0.0
WALLABY J130825-194130,197.1065369797604,-19.69178571578461,99.43844257361134,10.08463799771279,7.612115237180818,88.47881228527467,9.551054698119492,9.686192816373422,1.0,0.001608167139706534,NGC 5044 TR3,0.0
WALLABY J131244-155218,198.1869315196725,-15.87190942938233,42.57851027654347,13.06510984215727,8.167780501647142,-53.21450434251927,8.81175338104527,8.947030157930554,0.9999999835197899,0.001728863529578014,NGC 5044 TR3,0.0
WALLABY J131152-214559,197.9695631079124,-21.76662999472278,98.50571224205349,10.6658356081243,6.883805531602646,-84.26562480081202,9.540005418497776,9.67529781713792,0.9114027630373444,0.004611850198219621,NGC 5044 TR3,0.0
WALLABY J133513-214851,203.8071846683215,-21.81426579037188,88.50005965128403,18.21318195116302,9.111860521793039,33.8087426729638,9.444423653369162,9.579853319007219,1.0,0.001686004262565671,NGC 5044 TR3,0.0
WALLABY J134339-192202,205.9142813880445,-19.36736963423587,150.16934948129264,8.365879286593918,6.591487648378192,-54.54284016101307,9.902823335686614,10.038300237227919,1.0,0.001853754472973661,NGC 5044 TR3,4.0
WALLABY J132700-205735,201.7536772666427,-20.95993532724393,68.83866036712935,6.547878096884274,5.03629681516659,-36.35219085930967,9.225264593693673,9.360744784149924,0.9999999999997223,0.00201060652481266,NGC 5044 TR3,0.0
WALLABY J131509-210140,198.791129251899,-21.02801572293643,186.26149956660356,7.551717996980418,4.583205173327547,-26.96958805943505,10.08924702341367,10.224759523652553,0.8083626303860729,0.001868485506765826,NGC 5044 TR3,0.0
WALLABY J131830-204114,199.6270420722268,-20.68737984828526,22.337107390389946,8.405945684700713,6.357800174080429,-25.94315709567,8.245027566415095,8.380649458486284,1.0,0.002120414853075592,NGC 5044 TR3,0.0
WALLABY J131655-134334,199.2297083312919,-13.72610613190946,94.98557213185462,7.202294635476289,6.044765347235622,-18.75761690174676,9.50219298798256,9.637820059820822,1.0,0.001455044836016099,NGC 5044 TR3,0.0
WALLABY J133035-205429,202.6463012885568,-20.90831412986476,87.94171969951587,7.903403205171744,5.017402439855211,-54.20122998904642,9.434638507360283,9.570299538906502,0.9999999999999952,0.001748652709058039,NGC 5044 TR3,0.0
WALLABY J133545-231543,203.9414849903706,-23.26204981414257,75.14984291956267,8.010133519636586,6.802955850978767,38.21184758145515,9.294856664481216,9.43069311280568,1.0,0.001756225774585448,NGC 5044 TR3,0.0
WALLABY J133715-222946,204.3148059143509,-22.49617074944764,81.2217676154297,6.296025729951737,4.855559221356131,-70.72067317579737,9.360535514158027,9.496469765467074,1.0,0.001678182915369936,NGC 5044 TR3,4.0
WALLABY J133611-234050,204.0472298178287,-23.68090425175009,166.1859200569923,8.718311306357874,5.679005927875639,-36.86306073331502,9.98201544792916,10.117969354852645,0.9999999999999925,0.001697717081874671,NGC 5044 TR3,0.0
WALLABY J132339-190221,200.9138180655435,-19.03917857894107,105.67501717301683,6.650748603233034,4.678747494487197,53.34981770116194,9.58876520051482,9.724719456288302,0.9999999999999988,0.001889065528515071,NGC 5044 TR3,0.0
WALLABY J133815-211811,204.5628855313546,-21.30308912665702,184.17444996449092,8.480002184530903,6.219617899548317,-84.65420870064376,10.071026482912181,10.206994405443238,0.999999999690899,0.001592211008047297,NGC 5044 TR3,0.0
WALLABY J132605-241223,201.5226815000474,-24.20649922141989,139.94035057244727,7.762849760875708,5.094119880379285,-12.54387304917896,9.83214014689221,9.968125016830493,0.9999999617240921,0.002047440409105997,NGC 5044 TR3,4.0
WALLABY J131716-183306,199.3206654994008,-18.55181818692303,110.80850507873667,7.014237447010729,4.675864990014472,-30.06245293508864,9.627977024719469,9.764038860286119,0.9999999999948868,0.001695808670052155,NGC 5044 TR3,0.0
WALLABY J133129-244032,202.8725348621056,-24.67594288640659,148.90705996922978,7.192481981162504,4.944943444958945,71.63137622463066,9.883725903867788,10.019838337946528,0.9999999999990634,0.002062487814325372,NGC 5044 TR3,4.0
WALLABY J130618-193547,196.5751502087019,-19.59638435985527,60.80806543639385,10.00637135310996,3.975999164602046,50.33367789550942,9.103441006076102,9.23968203937475,1.0,0.001784270125365024,NGC 5044 TR3,4.0
WALLABY J131943-112828,199.9295820481653,-11.47448467406236,36.69881728806769,6.586871479141937,5.826187434097121,-29.60364133285607,8.66346766155565,8.799782050526629,0.9999999999993087,0.001951994618728467,NGC 5044 TR3,4.0
WALLABY J130808-120042,197.0371600802624,-12.01182862222108,161.0540260383052,8.150289578143564,6.251612411171593,19.86646998985393,9.945892930623973,10.082327205539677,1.0,0.0015142090544664,NGC 5044 TR3,0.0
WALLABY J130029-133839,195.1234891307607,-13.64419912191181,61.804780085677926,7.142419905793431,5.695773186697157,10.40543864470828,9.113301486127568,9.249773271924964,0.9999999999958376,0.001884973152778634,NGC 5044 TR3,4.0
WALLABY J132440-194953,201.1703298275225,-19.8316037866047,114.56707544226909,8.54743429036382,5.632910095062628,33.90154583793802,9.647899297651545,9.784451157295349,0.9400224729601253,0.001884772508051884,NGC 5044 TR3,0.0
WALLABY J132132-152931,200.3864085581115,-15.49211121499582,74.78404426191292,6.412660999062677,5.781968916794526,69.17713852432408,9.277057805096081,9.413628078510008,1.0,0.001778682450196158,NGC 5044 TR3,0.0
WALLABY J132807-243847,202.029849796989,-24.64619521266854,77.41674892753336,8.97816727331126,5.45005959661423,-64.99208784651087,9.304628602122975,9.441333399231336,0.9999999999928831,0.0022402682761983,NGC 5044 TR3,0.0
WALLABY J131729-145304,199.3717459466557,-14.88448466605479,140.26771754681005,7.792863908507492,5.574888954312101,-44.23850647140053,9.820597319951236,9.957317133711022,0.999999999999705,0.0016477996080187,NGC 5044 TR3,4.0
WALLABY J131745-153134,199.4397680580288,-15.52618794652648,163.95792565446735,8.965712188266053,7.381802581239205,60.28823232355305,9.95451063022649,10.09131919698528,0.9999999999999951,0.001664786147435957,NGC 5044 TR3,0.0
WALLABY J125945-145159,194.9381421932869,-14.86639282102058,37.91325059186601,9.716483718414866,5.510823329472499,53.36086231824723,8.682004226456632,8.818846633444966,0.999997555107031,0.002601874776584047,NGC 5044 TR3,4.0
WALLABY J130545-193817,196.4403386735816,-19.63814904532346,192.27811884126845,11.64295369999411,7.054679838086961,40.11505355106829,10.09061504067574,10.227547919923207,0.9549691976144312,0.001634854182846401,NGC 5044 TR3,0.0
WALLABY J134042-173330,205.1773351447342,-17.55846203232414,210.79315502145232,16.30042555869956,4.617503219554791,-7.729963891780059,10.17037713149463,10.307314961217811,0.9999999999076028,0.001523341366842376,NGC 5044 TR3,0.0
WALLABY J130408-192102,196.0339498996487,-19.35055534410884,189.15917912562722,8.124223641840311,5.170932400727591,-83.13946793413746,10.075499313791065,10.212481646163159,0.9870793897551281,0.00166607760908577,NGC 5044 TR3,0.0
WALLABY J133123-211457,202.8480757879298,-21.24994693034177,79.84891134076692,8.287991199600933,7.752710785837162,89.3174056271637,9.325834662841809,9.462846743496751,1.0,0.001759342024513596,NGC 5044 TR3,4.0
WALLABY J133247-222656,203.197040098721,-22.44900728223053,101.19730972702587,6.270750892895019,4.62403931133239,74.02038643817019,9.529991483035271,9.667092813550155,0.9999999999987219,0.001758226180936444,NGC 5044 TR3,0.0
WALLABY J132040-165353,200.1703224150013,-16.89824055777568,23.94073998636923,7.775208081226711,5.366591881103186,-16.42113565167011,8.277319172729884,8.41445362134126,0.9999999999999997,0.002003142799873979,NGC 5044 TR3,0.0
WALLABY J133701-244552,204.2554000019176,-24.76448050463058,74.5545815520486,9.18830204327404,5.930350118851734,-61.46882535976169,9.2633629834368,9.400531649631523,0.9999999999967337,0.002012296514354142,NGC 5044 TR3,0.0
WALLABY J131714-125817,199.3123083111289,-12.97149511872881,98.10401983150169,6.447498323720166,5.560324836959077,59.43600575059423,9.501325840868553,9.638519619298545,1.0,0.001509390819462568,NGC 5044 TR3,0.0
WALLABY J125924-150253,194.8504053804729,-15.04829780970868,20.68807293847937,14.76831096826599,5.222728532914566,-50.56110613806084,8.148934109864697,8.286152795182659,0.9999645495478877,0.002872728674624458,NGC 5044 TR3,0.0
WALLABY J132814-212253,202.0621431087751,-21.38155866961242,76.09836695247493,6.475901800890095,5.940889022592141,-58.33159434520768,9.279588692932906,9.416843037273159,1.0,0.001767064904770311,NGC 5044 TR3,0.0
WALLABY J132713-202729,201.8074836446877,-20.45819837713485,96.7002612556317,8.555859680104371,4.516460930064676,30.30331498225459,9.487691238296364,9.62494569530268,0.9999999997311223,0.002072539899388532,NGC 5044 TR3,0.0
WALLABY J132811-240540,202.04844465164,-24.0945719635059,161.7771705775711,6.350398865575572,5.736874668053291,84.77195955565969,9.933166028190646,10.070502284735342,0.9999999999999999,0.001864239087658529,NGC 5044 TR3,0.0
WALLABY J131431-105651,198.6324116190438,-10.94775314896868,28.796781504676044,7.433616148662201,6.469068636837993,-31.21810998009518,8.433062806384495,8.570451096994807,1.0,0.001931616449889273,NGC 5044 TR3,0.0
WALLABY J131248-191514,198.2038276639652,-19.25405782641612,90.52260168348333,12.798217299347,4.307513013141414,-14.62838907540583,9.425863843824498,9.563362318120795,0.9779070631768462,0.001666127144601105,NGC 5044 TR3,0.0
WALLABY J132358-190341,200.9926487324703,-19.06152300549203,98.7737255226776,6.391957697792302,5.516383184061644,-40.5386434358037,9.501199388561476,9.638721443574694,0.9999968230614797,0.00187401518913625,NGC 5044 TR3,0.0
WALLABY J130846-175751,197.1921190634235,-17.96420543040498,195.12158942625942,5.942027994154572,5.023762416190987,-24.60369555932496,10.092063964695056,10.229611232065219,1.0,0.001621813138595718,NGC 5044 TR3,0.0
WALLABY J130057-172247,195.2389016557584,-17.37990455316413,69.86872164106647,7.596849957999211,5.726601720738414,-76.87997062516622,9.199957090007736,9.337507722987638,1.0,0.002061759366093761,NGC 5044 TR3,0.0
WALLABY J130425-204308,196.1068241380077,-20.71902924139554,187.25277329327673,9.827173093725317,5.610541216234997,37.7434300406581,10.055661122148475,10.193243704036249,0.9623292851619482,0.001853623902878361,NGC 5044 TR3,0.0
WALLABY J131021-214424,197.5879636585477,-21.7401481911884,99.83683857744447,6.695497693467123,4.918390186325349,88.2072308370942,9.509075920640822,9.646675398213866,0.809789027051648,0.003962745262549158,NGC 5044 TR3,0.0
WALLABY J131350-173043,198.4594619372064,-17.51196651963056,31.61446908908925,6.580365578877598,4.458063518798328,-88.52830352700433,8.51010067473288,8.647709158672267,1.0,0.001698896268776311,NGC 5044 TR3,0.0
WALLABY J133636-182418,204.1524426023859,-18.40515473248573,170.132245249362,8.082558277640116,5.544176267101663,24.65117059746552,9.971759931160879,10.109376157646158,0.9999999999998492,0.001462295316602178,NGC 5044 TR3,0.0
WALLABY J133904-240956,204.7674646745861,-24.16565853557432,134.5457982468069,7.79151987907777,5.460731941876322,13.45200767751763,9.76764414706066,9.905275772486922,0.9999986769978431,0.001802352314438547,NGC 5044 TR3,0.0
WALLABY J132351-143606,200.9630086676966,-14.60177616818977,19.742841675524108,6.958100014057217,5.931249202496034,-68.72757426856609,8.10047072155096,8.238116097946188,1.0,0.002024323720217787,NGC 5044 TR3,0.0
WALLABY J132255-173325,200.7303626449162,-17.55707464570761,73.44742160935593,7.850698935820513,5.990591819355649,39.73730935962624,9.238238769983491,9.376067505580714,1.0,0.001635741766078497,NGC 5044 TR3,0.0
WALLABY J130445-165416,196.1900448165036,-16.90455224958354,154.57487659266775,6.494311904859712,6.060991321734297,-42.46203695369208,9.881724056328753,10.019707593540426,1.0,0.001762708540982637,NGC 5044 TR3,4.0
WALLABY J131143-203210,197.9325501040733,-20.53618462463861,40.3076361436563,8.221329917148518,4.893514255471369,89.17040200214402,8.711401789855033,8.8495391255626,0.999999999999998,0.001887502829714215,NGC 5044 TR3,0.0
WALLABY J133646-240632,204.1924749359429,-24.10904412124792,131.47140194714453,6.713965642092615,5.657539152318042,78.41833088131044,9.737665447707167,9.875836853613853,0.9999999999999993,0.001864226142837449,NGC 5044 TR3,0.0
WALLABY J133600-235517,204.0023049689391,-23.92138427023001,37.21024907314268,6.290066184604088,4.368594975554497,-86.78485430407781,8.640603653833624,8.77881460093345,1.0,0.002078885882176303,NGC 5044 TR3,4.0
WALLABY J130759-180456,196.9989657799867,-18.08222731451413,153.7927986534279,7.048732479405476,6.331786004611924,34.92895331456066,9.872743349788184,10.010976523481583,0.999999999998921,0.001682341223395076,NGC 5044 TR3,0.0
WALLABY J131426-203916,198.6114529036427,-20.65465378649857,66.57439599833825,7.861659048814817,6.025885061108894,-84.44375988515863,9.145443737487714,9.283679209199235,1.0,0.001921182492604233,NGC 5044 TR3,0.0
WALLABY J130109-141528,195.2894928657831,-14.25782420481582,38.98920600812876,10.69219486052897,5.860599154540286,-1.66612612553584,8.680363929639402,8.818618736568446,0.9999999998911094,0.001840959552921126,NGC 5044 TR3,4.0
WALLABY J133113-220341,202.8045130524556,-22.06165023990638,132.37071531448345,7.455698095270984,4.643903985122254,-69.41407250372603,9.735187708722586,9.873817999159684,1.0,0.001670417317203654,NGC 5044 TR3,0.0
WALLABY J132620-223750,201.5847726572546,-22.63049319548307,129.88720928296337,8.809719010343958,7.003381144794818,39.91021803187795,9.717043398197545,9.855766310818222,0.9999998920597732,0.001969211230765731,NGC 5044 TR3,0.0
WALLABY J131742-120143,199.4257969633337,-12.02880391408721,35.349110038345124,6.735339230406106,5.5163439536718,37.88552096469513,8.58626179815744,8.72500691488674,1.0,0.001688321817033143,NGC 5044 TR3,0.0
WALLABY J130532-200236,196.3846098668693,-20.04343390747919,195.61414995304898,8.907712390228784,4.973468335458538,48.16291737009283,10.070560631790341,10.20940123319805,0.9754446982600371,0.001719651304506567,NGC 5044 TR3,0.0
WALLABY J134146-240828,205.4437680586364,-24.14123357865134,93.95748577182897,6.64702693657835,5.538450841481493,49.76913423167051,9.433200532134284,9.572064253672126,0.9999976185312328,0.001996212919356664,NGC 5044 TR3,0.0
WALLABY J130410-134334,196.0417634241207,-13.72614624854557,43.35481564601897,7.653534776752082,5.418198262046488,51.54454097101711,8.7612503011729,8.900122900203081,1.0,0.001794406869558052,NGC 5044 TR3,0.0
WALLABY J130737-151812,196.9066253836829,-15.30342252446824,169.09937188262057,7.649929818685335,6.416439084478029,51.89569730126698,9.942778073558069,10.081687986248095,1.0,0.0016508769371848,NGC 5044 TR3,0.0
WALLABY J130503-171522,196.2643974600362,-17.25611744036375,10.35029095730446,7.97236133498753,7.211940642368008,-9.52746174785257,7.51346834834783,7.652538802827776,1.0,0.001905054453721045,NGC 5044 TR3,0.0
WALLABY J130706-171551,196.7778812357517,-17.26417628652668,124.33303609569113,6.050431622629288,4.867334265380718,59.24367649205682,9.671811556708057,9.810932682101207,1.0,0.001699196933820611,NGC 5044 TR3,0.0
WALLABY J131727-161741,199.3650872775431,-16.29474117027479,91.11777171057972,6.328316141563985,5.590238745912011,-71.00230335783017,9.401028165844757,9.54019404408685,1.0,0.001844896935999823,NGC 5044 TR3,0.0
WALLABY J131655-163531,199.2325057410368,-16.59194021248359,30.272283825580054,8.520737647779951,6.932318625756943,-12.85888315303812,8.443373423354801,8.582568847003243,0.9999999998824187,0.001902433817842671,NGC 5044 TR3,0.0
WALLABY J133809-195322,204.5396447671972,-19.88992231674488,227.06970263526122,7.006763996667837,6.456540099044178,-49.51894808381072,10.193249982752194,10.332464673080679,1.0,0.001633891347054422,NGC 5044 TR3,0.0
WALLABY J134255-205424,205.7319315943441,-20.90704249233177,140.17259102673918,7.11772211696089,5.437765882224198,77.20817632091973,9.773612754091,9.912862813673007,0.999999999907938,0.001902792216788991,NGC 5044 TR3,4.0
WALLABY J130302-201332,195.7612805768162,-20.22577939100441,98.14641951109805,6.321919491157494,4.702491958258705,46.21789152198255,9.463440115288432,9.602722824282123,0.9999999985803152,0.001869258398883148,NGC 5044 TR3,0.0
WALLABY J131736-172215,199.4021278211218,-17.37082821776773,35.260761108424035,6.833434031387617,5.1432164567467,-78.3869637743365,8.570898130193717,8.710366088966987,1.0,0.001827762825622247,NGC 5044 TR3,0.0
WALLABY J130615-135536,196.5647199960979,-13.92690580532346,165.56611739857215,6.900929879446751,4.431173458816267,-39.24663005032391,9.913701033070446,10.05319954606441,1.0,0.001487224453039293,NGC 5044 TR3,0.0
WALLABY J134456-151509,206.2373811033711,-15.25250910008095,125.1926960727019,6.610994275994362,5.12996170723588,18.36817624694646,9.670651862212756,9.810164880272803,0.9999537788659609,0.003101402390966415,NGC 5044 TR3,0.0
WALLABY J132336-170314,200.9019233570262,-17.05408442862788,101.5206295078053,8.203935616762204,5.750583064736134,66.29664489817678,9.486785640385845,9.626398420166804,0.9999999999993198,0.001631373493055428,NGC 5044 TR3,0.0
WALLABY J133304-215852,203.269608357824,-21.9812388286091,84.17715639566063,7.065007426853772,6.032711123877449,-50.7980311335896,9.321812979537475,9.461549505078093,1.0,0.001756390950502437,NGC 5044 TR3,0.0
WALLABY J131114-194440,197.8107280854155,-19.74463903978402,37.68324646616373,6.915338787102458,6.218115235612278,45.4328813393949,8.62274376110891,8.762533998544779,1.0,0.00180907758048398,NGC 5044 TR3,4.0
WALLABY J125706-182159,194.276281424406,-18.36645887157931,231.11707276027164,8.957666394042393,4.526886865262276,-3.737770657725235,10.197143781323902,10.336987195270236,0.9999599966296501,0.009721506781111921,NGC 5044 TR3,0.0
WALLABY J130201-164641,195.505507129535,-16.77820259931852,200.08739328207886,8.333999394527043,4.217006402265021,-73.6462439067077,10.070910782809117,10.21080964005805,0.9999999811475909,0.002021341233440806,NGC 5044 TR3,0.0
WALLABY J132944-211051,202.4365933386917,-21.18087437571329,80.00020406559672,7.431140194580952,5.432468687731064,74.81850530035247,9.274249446993645,9.414170524968997,0.9999999999995205,0.001768988591481703,NGC 5044 TR3,4.0
WALLABY J132429-203859,201.1242660823379,-20.64854780245407,117.83781343386968,11.38746918763087,5.24189775465262,57.43587149845411,9.608948568252094,9.74896249545647,0.9223126718134416,0.001926917048342961,NGC 5044 TR3,4.0
WALLABY J130806-174547,197.0254181892311,-17.76328725099511,26.65533748708961,7.447684755182874,5.032715048075007,80.00442258443888,8.31711140815427,8.45717134418554,1.0,0.001867413848177962,NGC 5044 TR3,0.0
WALLABY J132552-203408,201.4670625621053,-20.56915141334312,103.12084005392053,9.017368577136672,7.263044462866927,64.64244408750898,9.491720879319852,9.631809156162111,0.999990560880111,0.002101101352620877,NGC 5044 TR3,0.0
WALLABY J131929-200819,199.8713699845459,-20.13875490394174,27.937710190568204,7.445457031538034,5.338643950900116,79.13866711532782,8.355904626963698,8.49607574311404,1.0,0.001969539856623565,NGC 5044 TR3,0.0
WALLABY J131300-190627,198.2508285826018,-19.1077590002606,149.8458554382862,6.162651958115914,4.758964709238625,-42.39548793938053,9.814220254005573,9.954423974086126,0.876864827112874,0.001612605746257474,NGC 5044 TR3,4.0
WALLABY J131415-141108,198.5648728019934,-14.18571020147203,90.63722733705474,8.71159226910321,5.312840365647602,82.86671544826979,9.376489535154722,9.516751321503964,0.9999999999994733,0.001521034254530576,NGC 5044 TR3,0.0
WALLABY J133526-145103,203.8597230080262,-14.85085671027649,91.24803883806692,6.582795849270854,4.857819316630729,-38.20904647216495,9.380900776549584,9.521240923918171,1.0,0.001593182991512839,NGC 5044 TR3,0.0
WALLABY J132022-240400,200.0917808179792,-24.06676787403543,250.55407383361594,4.67975751196589,4.019456424895901,-72.4343028836995,10.256219687769951,10.396672080219634,0.7936285254114467,0.00759420045048822,NGC 5044 TR3,0.0
WALLABY J132025-164032,200.1058020250172,-16.67573972210188,89.07428632321123,7.710721347616301,6.801996122774244,49.84767449524378,9.35649517725065,9.497026196572243,0.9999999106812005,0.001996990989402418,NGC 5044 TR3,0.0
WALLABY J130132-190935,195.3840466774423,-19.15983550341603,187.86535872217215,6.427060811752613,4.513840371733417,-12.72800747986601,10.004518427396397,10.145058569362575,0.9999999116087493,0.001861089698988414,NGC 5044 TR3,0.0
WALLABY J125959-143124,194.9990578426001,-14.52352226174944,36.80654737297873,8.325664565630133,6.075351478819006,-48.80110191539654,8.588047904603187,8.728622637122985,0.9999999999994618,0.00205272690143772,NGC 5044 TR3,4.0
WALLABY J125843-170913,194.6799498045308,-17.15386472395141,118.89515235086809,7.721742854460952,5.128562696544047,86.83959195845961,9.604224600519485,9.744926282395538,0.9769220203002527,0.003532212940435,NGC 5044 TR3,4.0
WALLABY J132959-235726,202.4989439351113,-23.95731290096458,133.29418265021621,6.635475607453051,5.673983432907233,-36.2183417356726,9.7033360186774,9.844047780206337,0.9999999934744938,0.001788836195254205,NGC 5044 TR3,0.0
WALLABY J133153-240241,202.9723448840012,-24.04482464697742,67.60304658609498,6.371138472079096,4.403052830527428,66.82797175955587,9.113554503147276,9.254271322819633,1.0,0.001855725365132594,NGC 5044 TR3,0.0
WALLABY J133245-241711,203.1889062331366,-24.28657750667531,199.66106947574943,6.596535983585501,5.71670773657083,62.72375831739866,10.05313199224344,10.193908234176206,0.9999999999665958,0.0018218806989232,NGC 5044 TR3,0.0
WALLABY J134018-200556,205.075636422848,-20.09881071379293,172.88733535991727,8.819549078274065,8.090840231027247,-31.11258005282487,9.927991321934751,10.068771993002768,0.9999999999862998,0.00171939560114082,NGC 5044 TR3,0.0
WALLABY J133404-173739,203.5199325537566,-17.6274950868495,207.87738066557532,8.534799043797907,5.960185584498372,-24.28119359673565,10.08514089900795,10.226083816986971,1.0,0.001404802447151004,NGC 5044 TR3,0.0
WALLABY J130241-192818,195.6741878312995,-19.47191525925583,166.34149032341955,8.377251733024515,4.891027760333352,-81.09182980389893,9.889833238792844,10.030869759419414,0.8477584930404857,0.001818942051940278,NGC 5044 TR3,0.0
WALLABY J130623-145631,196.5965581874457,-14.94208994491243,85.69783900811474,9.60818962870411,8.530086979592339,-67.27631216147338,9.312734232704234,9.453828090957291,1.0,0.001666884848128359,NGC 5044 TR3,0.0
WALLABY J130937-102944,197.4047255776495,-10.49555088466997,157.93036916427883,7.574105751470296,4.861389361977127,-28.21042924264651,9.840546260106,9.98181590889586,0.9967235226025578,0.00267449211608943,NGC 5044 TR3,0.0
WALLABY J131353-192500,198.4748857644695,-19.41671753113961,39.15221508401488,7.791010976607596,6.65054389073266,68.84279371934824,8.626076745948007,8.767515196780165,1.0,0.00171041992109992,NGC 5044 TR3,4.0
WALLABY J131344-175928,198.4351207142344,-17.99121970409895,101.6076793565878,7.136978374118265,6.153022095213502,11.22419565934669,9.454407842573072,9.595846806837832,1.0,0.00172986658061415,NGC 5044 TR3,0.0
WALLABY J132455-192622,201.2321164442082,-19.43948714548396,114.2924810079016,7.107927514930928,5.786566785425395,-46.37633244562224,9.555597294105445,9.697091214616542,0.9999999999476595,0.001851157655566076,NGC 5044 TR3,0.0
WALLABY J133106-233722,202.7769962784695,-23.62289433553028,186.23388242008588,7.384098478250754,4.87960641279872,87.33465812062737,9.979184069232042,10.120705411373228,0.9999999997764224,0.001723198962171929,NGC 5044 TR3,0.0
WALLABY J130216-145410,195.5693467423081,-14.90295409348231,69.50486716272555,18.75508034976768,7.922123125741057,-28.80704368380684,9.120101316875546,9.26178858679491,0.999999999999215,0.001804639060231847,NGC 5044 TR3,0.0
WALLABY J133007-212715,202.5305217480835,-21.45409869562491,82.67799293712929,7.188749247738729,4.845152156310416,-70.81731975895754,9.269741682882923,9.411490408659137,0.9999999999998588,0.001788659800492279,NGC 5044 TR3,4.0
WALLABY J132145-154135,200.4390665531368,-15.69305629796722,74.02709454253615,5.656745273258505,4.957694162589364,-36.61793397174301,9.173267978294668,9.315043044834734,0.9938762693365434,0.001758752776258005,NGC 5044 TR3,0.0
WALLABY J133008-221059,202.533715012041,-22.1831483019308,103.56468484668065,6.642318750230579,5.500317853416463,77.4888470132638,9.464843354299123,9.60662211156807,1.0,0.001759470437138716,NGC 5044 TR3,0.0
WALLABY J131352-144156,198.4706694423369,-14.69897711430054,172.63713960038217,7.564616683566207,5.289606172706971,57.32802434936882,9.908479758998794,10.05027008305718,0.9999999999925007,0.001447981192347618,NGC 5044 TR3,4.0
WALLABY J130346-113711,195.9431158778101,-11.61989397540256,79.67837918316275,5.721189828626332,4.153140265557506,26.64477279259455,9.236278377389894,9.378102732803029,0.9999999953391046,0.001856087820122852,NGC 5044 TR3,0.0
WALLABY J131248-173738,198.2011545683351,-17.62723698613601,197.02824373066065,6.76263096689442,5.445641907445796,-26.94460574678917,10.02252181507951,10.16435351861182,1.0,0.001582598356510421,NGC 5044 TR3,0.0
WALLABY J131049-105237,197.707501257653,-10.87702200609282,157.30547143266736,6.668958308474653,5.215102158008417,-54.49720437475173,9.826689257406501,9.968535555543482,0.9978629120699436,0.001813013841678184,NGC 5044 TR3,0.0
WALLABY J132029-195030,200.1211776002339,-19.841721047883,24.505708682143904,8.88070197971698,4.361405584383006,17.66819936744281,8.210732954709057,8.352634880605338,0.999999999613667,0.002081229671481165,NGC 5044 TR3,0.0
WALLABY J131302-190848,198.2618705420636,-19.14683636259509,149.94077721202206,6.743375099820815,4.627836141095847,8.706085634138162,9.78291988465444,9.92488381937389,0.7629197904146685,0.001546645841935062,NGC 5044 TR3,4.0
WALLABY J131025-165550,197.6053630962777,-16.93071254582796,34.9371206266864,8.424938580114226,5.394089364867344,-20.06840310522732,8.51591178413472,8.65797241377997,0.999999993108233,0.001867036722390479,NGC 5044 TR3,0.0
WALLABY J130154-144123,195.478990671411,-14.68981810065106,70.26396903773882,5.462916868494676,5.091095280358251,20.39225591496563,9.122498124262766,9.26457566779703,0.9999999927066142,0.001785163490617203,NGC 5044 TR3,0.0
WALLABY J130306-193614,195.7756253336979,-19.60397593412932,180.93589962914962,6.70374019686541,6.103021947549327,69.60694457966093,9.944005754839017,10.08608754346702,0.9937546913980704,0.001679542207882211,NGC 5044 TR3,0.0
WALLABY J131327-204640,198.3643547110788,-20.77803025079113,192.0927602862111,6.136692891881765,4.726610413985274,-29.81951478553229,9.99506907079152,10.137201322806877,0.9294065705487381,0.001643241218723361,NGC 5044 TR3,0.0
WALLABY J130032-123039,195.1333844795477,-12.51109283499297,90.85409099598164,6.480121191450886,5.456092229233059,78.89043947712129,9.344722788914305,9.486855777467744,0.9999960119503569,0.001879397127948741,NGC 5044 TR3,0.0
WALLABY J132201-165247,200.5062891777032,-16.87990721768949,105.62794983123808,6.474777965885755,3.982203530139676,-42.72127110461879,9.47471752776405,9.616899035923465,0.9999999999890418,0.001775686328207638,NGC 5044 TR3,0.0
WALLABY J130719-161334,196.831182470606,-16.22611232998583,193.94496087649986,8.00691087170085,5.745876046058745,47.0733306544808,10.002069369379345,10.14427572187239,0.9999999999999618,0.001569478521448762,NGC 5044 TR3,0.0
WALLABY J133942-250143,204.9262021451449,-25.02812018310723,185.30000078901222,8.269826808798763,6.067074432335236,-15.50185119761396,9.962188538899001,10.104410143567522,0.9999972762138829,0.002619514166477805,NGC 5044 TR3,0.0
WALLABY J133337-144806,203.4060723770025,-14.80168989674135,147.66176068686437,7.022849611032789,5.246488756239872,-7.289021079094766,9.763506358523255,9.90580946360293,0.9999999999971764,0.001594215988235075,NGC 5044 TR3,4.0
WALLABY J131917-121713,199.8212848830719,-12.28695997915627,99.45348800178974,6.174530849637012,5.029179136214468,56.28578461819311,9.418628831583375,9.561019802976507,0.9999946143591834,0.001805082636100877,NGC 5044 TR3,4.0
WALLABY J134600-212228,206.50301732151,-21.37462637886359,86.47574285312113,6.350907849119445,5.289043247166816,13.46418415788366,9.29651236680202,9.438940296558838,0.9999151073459833,0.003025823103800165,NGC 5044 TR3,0.0
WALLABY J131657-170718,199.2413359705081,-17.12181402325382,89.60118449554092,18.77313307523492,6.297073827486018,1.382966248981916,9.326443541949823,9.468921926649942,0.9999997928075727,0.001759058446633122,NGC 5044 TR3,0.0
WALLABY J132911-224640,202.3000752970802,-22.77790682333577,127.4971701126712,7.621843759943811,6.627254186927935,19.14988788021282,9.632739924707,9.775222601141376,0.9999989448901401,0.001955038981750214,NGC 5044 TR3,0.0
WALLABY J131835-173432,199.6477461496244,-17.57568562357812,36.114263888699185,7.526500512249133,4.888217039058676,34.82726761436655,8.536960582497901,8.679450808640713,1.0,0.001936172854312047,NGC 5044 TR3,4.0
WALLABY J131335-155702,198.3981305992372,-15.95074148088802,35.5473551929674,8.649326612852532,5.094557266178284,-72.14819312693552,8.523207527589074,8.665698315694907,0.9999978165398674,0.0017290238727618,NGC 5044 TR3,0.0
WALLABY J133716-150451,204.3184435464097,-15.08093329346112,94.03062287326205,9.14448612516193,5.367236656586772,-67.66647842282818,9.368020800130305,9.51051774509102,0.9999999982924007,0.001576633814450494,NGC 5044 TR3,4.0
WALLABY J132223-163258,200.5961373055594,-16.54947257929822,74.0898372008424,5.932736184381187,5.184590534902768,18.67792612743153,9.160512531528,9.303036548319911,0.9999996833151574,0.00168433489843911,NGC 5044 TR3,0.0
WALLABY J132812-245827,202.0524572730972,-24.97516363237248,197.76577668284972,8.502757186732346,5.279621152148256,-35.02543174379541,10.013072674905526,10.155609193532117,0.999999999986096,0.002520248445698182,NGC 5044 TR3,0.0
WALLABY J131046-161341,197.6930613652359,-16.22817467556983,36.984914480932225,7.879252208197689,4.65632769920195,-12.53030331417862,8.554644911439528,8.697302383778418,1.0,0.001809650431966202,NGC 5044 TR3,4.0
WALLABY J130002-183046,195.0087011953721,-18.51289156682023,197.42550129852916,15.29366445089631,4.939851978118535,39.6264273517242,10.009078281942884,10.151753772196512,0.9999999015569965,0.002296611472939898,NGC 5044 TR3,0.0
WALLABY J131115-180605,197.8129729308706,-18.10155596460206,39.26967552816644,10.06135754295809,5.549805989142354,-6.12310256778143,8.60587669780856,8.74858054899439,0.9999999999995441,0.001855875007264286,NGC 5044 TR3,4.0
WALLABY J131145-191544,197.941392387059,-19.26221189715345,39.706800663172125,10.80805243035476,9.282266325227866,-19.87519234002065,8.613881892985372,8.756675343135207,1.0,0.001659876780891717,NGC 5044 TR3,0.0
WALLABY J131441-184647,198.6737385077159,-18.77974470656728,98.67013170958538,7.207102561391099,5.406246266775052,-69.52068405498996,9.404318165431327,9.547123045492201,0.7794295334814656,0.001630824028549959,NGC 5044 TR3,0.0
WALLABY J131024-114121,197.6032911691236,-11.68921040936622,184.85650241400901,7.869035343903716,5.513914547249872,-41.82335639213549,9.947832712143033,10.090736892078134,0.9999994481737692,0.001512839492396067,NGC 5044 TR3,0.0
WALLABY J133301-161437,203.2568968135815,-16.24360358004118,103.65929523496679,7.33096075043635,5.355423116917463,-20.32492179137085,9.444270170466249,9.587236149643305,0.9999999999999951,0.001551309688372805,NGC 5044 TR3,0.0
WALLABY J133841-202243,204.6727272415774,-20.37819067231012,183.91752319284214,7.548861726939865,5.40378001373487,-61.59490426638527,9.94191705817644,10.084904362690182,0.9999794479992112,0.001698843281308688,NGC 5044 TR3,0.0
WALLABY J125831-181843,194.6298758820818,-18.31210370244634,217.64565394610048,6.827129405123066,5.50014074986963,11.29000465693588,10.086584017134689,10.229659736180075,0.9984220733959568,0.003948490425575147,NGC 5044 TR3,0.0
WALLABY J130449-171802,196.207385163593,-17.300594008451,156.23879360755004,10.06880822937398,7.712774489047347,-22.15696971687044,9.79647942307733,9.93967679155904,0.9999999999982915,0.001617911742119625,NGC 5044 TR3,0.0
WALLABY J134237-205247,205.6530133192199,-20.87740521275008,208.2284743501891,10.01269835873316,7.447560384062128,1.107844425906592,10.045826664334166,10.189032688467352,0.9999631487206085,0.002467914777838105,NGC 5044 TR3,4.0
WALLABY J132630-214027,201.626084752462,-21.6742267668885,103.35014623613586,6.282643418629051,4.448368149498146,-7.69323726714245,9.43606980639807,9.579348261583382,0.9999997839834012,0.001889685153950798,NGC 5044 TR3,0.0
WALLABY J134337-210403,205.9049288387499,-21.0678469823288,180.57753564198865,6.248027220153202,5.571899806838044,-63.5556924400613,9.919886148173736,10.06321418740929,0.9999999996422253,0.001800187336262212,NGC 5044 TR3,0.0
WALLABY J130559-133807,196.498833824522,-13.63545305812135,165.15111976316106,7.501883043932493,3.886910578173699,48.22303644397641,9.841627653579305,9.984994417263152,0.9999999999999849,0.001522345651204853,NGC 5044 TR3,0.0
WALLABY J131738-201111,199.4114637739498,-20.18659310267962,299.7796064756604,7.093535209222511,5.377926478083493,-47.17521185663593,10.35731821378771,10.500804999231969,0.7222704941394187,0.001592807419103886,NGC 5044 TR3,0.0
WALLABY J132427-202554,201.1151139097504,-20.43179744241425,75.7344703439603,7.205440744986957,5.146447187478507,-55.78137803239471,9.160868196151933,9.304434992074281,0.8892179298915522,0.002007542830858099,NGC 5044 TR3,0.0
WALLABY J132821-193108,202.0902290721848,-19.51903737473445,105.16699154625572,7.257490885913584,4.997386735079504,81.87327065670931,9.446015583341602,9.589583737619437,0.9999999999960388,0.001788925946013697,NGC 5044 TR3,0.0
WALLABY J133953-182902,204.9719046234389,-18.48410708381241,232.75933512153446,5.934801640623913,5.561368475388067,69.85737126179781,10.13600656118706,10.279578307914251,0.9999999999998095,0.001550706891204483,NGC 5044 TR3,0.0
WALLABY J130328-115201,195.867433019725,-11.86700035551708,208.73213225338864,10.30069922355131,5.400968206614639,-11.8468288652395,10.03906005566482,10.182760884881771,0.9999997571735177,0.001646995993526014,NGC 5044 TR3,0.0
WALLABY J131847-210939,199.6990188406545,-21.16082906086593,285.70000887253786,5.424022582313507,3.835599388569425,-31.45532129507364,10.310523002255454,10.454289711129228,0.8047601875363359,0.002156868332226772,NGC 5044 TR3,0.0
WALLABY J131346-144345,198.4457679576642,-14.72919539029046,34.49239039672085,7.417654380960578,6.394510568094907,-84.23073419547164,8.473336417955695,8.617148550623929,0.9999999979355655,0.001649383363728514,NGC 5044 TR3,0.0
WALLABY J133844-153815,204.6859413905051,-15.63752630119929,212.0816054006549,6.956017495031415,6.148311671079381,70.96053907381254,10.050774160193528,10.194593093078064,0.9999999999996328,0.001391985520902631,NGC 5044 TR3,0.0
WALLABY J125930-180055,194.8767682095269,-18.01553667815207,70.87282612747508,5.836720407426292,5.100446967677787,84.71745248282974,9.098314392490803,9.24215642856476,0.9999548366907081,0.002791217207450982,NGC 5044 TR3,0.0
WALLABY J132558-233802,201.4998980734568,-23.63170509166678,194.18021850188794,8.260021058240454,5.742708722251962,55.44473628340393,9.971996121817831,10.115937059571667,0.9999999935465632,0.001853284662267241,NGC 5044 TR3,0.0
WALLABY J133735-163755,204.3958654076802,-16.63206331918533,203.98004584695911,8.051893310793876,5.76696160078966,-81.39482918864995,10.014672477800847,10.158618395618147,0.9999926371582547,0.001407977337118648,NGC 5044 TR3,0.0
WALLABY J133834-174954,204.6424928336768,-17.83166546164334,181.38204781980028,10.12434739866584,5.869325597897353,-16.5052118481499,9.912293676089877,10.056261521085624,0.9999999999947384,0.001478053478797689,NGC 5044 TR3,0.0
WALLABY J132454-201759,201.2278759129651,-20.29981239138882,24.902192867439556,7.587162004522091,6.563507150526677,-63.62384424494037,8.187260151524132,8.331245904205145,1.0,0.002060521582302029,NGC 5044 TR3,0.0
WALLABY J131359-183536,198.4995556681713,-18.59349364878704,90.16508328299872,6.869482413474283,5.472117160433788,74.32815998009043,9.30343409987281,9.447499724249086,0.9999999996944658,0.001627346272918431,NGC 5044 TR3,0.0
WALLABY J130854-171416,197.2254506725511,-17.23803352480999,140.01739720429367,7.5620997908629,5.708661675922045,-46.96137288198646,9.685593804924554,9.829666564754753,0.9999999803326111,0.001679182514453783,NGC 5044 TR3,0.0
WALLABY J132536-213356,201.4011309427162,-21.56544358838694,127.06660022012147,10.09178622593599,5.517212082416671,-68.05186901784666,9.600626088281023,9.744736149438246,0.999999996781969,0.001922295574619555,NGC 5044 TR3,0.0
WALLABY J131922-150923,199.8421204288446,-15.15663154929893,41.55035047643264,6.795557477726745,4.835212296836787,-58.26262764769277,8.629524698851307,8.773645280306072,0.9281535247884274,0.001870275171429629,NGC 5044 TR3,0.0
WALLABY J130912-121116,197.3038724429349,-12.18779428608191,92.7347268346811,6.757632349064204,4.38633852747979,-70.49369127400246,9.32444993777521,9.468705452260345,0.9999999996300473,0.001478282688429623,NGC 5044 TR3,0.0
WALLABY J130951-163245,197.4629801290061,-16.54598020800188,36.20366575277448,20.46174076546115,6.03367536358216,-77.68279911627936,8.507193654280096,8.651464659047596,0.999998574424806,0.001856366392672507,NGC 5044 TR3,4.0
WALLABY J131601-174034,199.0068153428545,-17.67625422298911,149.37830445141805,6.622805476362262,4.616569021739861,-59.55409116243526,9.737275981190415,9.881602302554807,0.9999999967045461,0.001652594542344587,NGC 5044 TR3,4.0
WALLABY J133035-150112,202.649200463666,-15.02022643481309,61.19231622205515,6.536701729367215,4.472339785824508,69.16845117599834,8.96079439620387,9.105193568914018,1.0,0.00167765985829947,NGC 5044 TR3,0.0
WALLABY J132303-134113,200.7628904766725,-13.68699454832049,76.56105672943556,6.876139827642728,4.802738203560241,-38.45462778365726,9.155198001853025,9.299609415150789,0.8104118499951602,0.003721529050165737,NGC 5044 TR3,0.0
WALLABY J130501-162151,196.2568882145177,-16.3642724599455,180.31267723212008,8.048362076972618,6.150460106952464,-72.97110769520742,9.898436523276787,10.042892666595874,0.9996106401106873,0.001714249862163648,NGC 5044 TR3,0.0
WALLABY J133530-225209,203.8784126591969,-22.86931773115748,116.64748295559761,6.525292171033979,5.09975359274578,89.47504882162157,9.519683190972028,9.664164643889006,0.9999999994351085,0.001808978854648538,NGC 5044 TR3,4.0
WALLABY J130922-201247,197.3419136857588,-20.21330464493339,239.93441876387516,7.147674658444879,4.682162718857152,79.83791108100071,10.145750333878613,10.290252370951137,0.982250765722708,0.001545523439648562,NGC 5044 TR3,0.0
WALLABY J134249-182801,205.7064844672425,-18.4669385544139,167.37484381637987,7.083546000545902,5.756975109460752,38.90245762235071,9.832891575155323,9.977396640777723,0.9999999903184597,0.001610678780191409,NGC 5044 TR3,0.0
WALLABY J131547-155957,198.946337784104,-15.99931781244218,165.49267554553236,7.289222797913141,6.150446206271018,-54.40651188254705,9.821893530918576,9.966464486581733,0.9999999825664417,0.001601758417685926,NGC 5044 TR3,0.0
WALLABY J130828-150130,197.1185915770829,-15.02498650511809,165.29042826889446,5.878288307739554,5.233050140774066,77.87501603910488,9.820620004134627,9.96520281296443,0.9999999999975695,0.001460857492175347,NGC 5044 TR3,0.0
WALLABY J125932-151419,194.8866824966066,-15.23881391440914,20.28347851631015,7.16105108842019,5.190575601729362,86.12863293890643,7.9969585531961,8.141622739521514,0.9999994544070449,0.002582597435329551,NGC 5044 TR3,0.0
WALLABY J132425-204354,201.1074513180825,-20.73200383601247,119.22957189583886,6.023286597363851,5.462745291420942,58.8913824109881,9.534921041432545,9.679614430504348,0.9507975309499109,0.001985428847810797,NGC 5044 TR3,4.0
WALLABY J132518-211223,201.3261116474091,-21.20657060033135,104.38806926984901,6.742904654444245,4.20216527029262,67.93896921759979,9.418141335439975,9.56290842305878,0.9999999998833611,0.001905583033915172,NGC 5044 TR3,0.0
WALLABY J133200-231730,203.0029919225168,-23.29192880550173,182.41836641148626,7.999614582679187,6.118737245320872,24.83211932719794,9.902822403935971,10.047598151981438,0.9999999999768785,0.001715357938848151,NGC 5044 TR3,0.0
WALLABY J131247-192219,198.1997342159268,-19.37198424072439,43.63679677897703,7.809724317909597,4.238542779285115,-21.79034404307397,8.659696751657291,8.804511465587206,0.9999999973909769,0.001715405575789728,NGC 5044 TR3,0.0
WALLABY J130654-154854,196.7252928746578,-15.81524622040997,162.1331661706802,6.924364877228891,4.969642037857974,30.86895861800747,9.79747014412192,9.942412001060525,0.9999999999513588,0.00161814526669192,NGC 5044 TR3,0.0
WALLABY J130732-132154,196.8860636562393,-13.36509251472262,69.9435539146288,6.084570362328906,5.639672996547199,-23.15470646968359,9.065616734084673,9.210648746630474,1.0,0.001492922245486151,NGC 5044 TR3,0.0
WALLABY J130520-112019,196.3348051322747,-11.33882705229248,56.14083185571593,6.301100921324074,5.083576580889622,67.66779098890026,8.87416579600534,9.019226643517948,1.0,0.001644603100199852,NGC 5044 TR3,0.0
WALLABY J133207-184012,203.0305723838425,-18.66998717313782,81.90392320583689,6.833968568436078,4.875909299729916,4.265012253005807,9.202096039049138,9.347163711794826,0.9999999999999329,0.0015954033735234,NGC 5044 TR3,0.0
WALLABY J132020-124006,200.0848718767422,-12.668325001234,20.778602059050378,6.610280667877855,4.854328091207911,83.49767856444377,8.009782859034386,8.154903154583844,1.0,0.001984263641315924,NGC 5044 TR3,0.0
WALLABY J130735-200029,196.8973183522278,-20.00806935125845,89.58084798415216,6.515144322432664,4.851179325916636,-60.21121290911482,9.278938547803067,9.424061201505353,0.9999998987868177,0.001716816992781555,NGC 5044 TR3,0.0
WALLABY J131210-131509,198.0457639914533,-13.2527388159035,206.85123672615237,7.60299107958508,6.104714144313163,51.76708951899434,10.005287838128668,10.15044065108042,0.9999999999989774,0.001438290699286644,NGC 5044 TR3,0.0
WALLABY J131934-124159,199.8946245362015,-12.69982579428789,41.975186023851286,17.90810545255076,6.445033308427814,-58.38937365609451,8.619656535625722,8.764826230198391,0.9999394095849867,0.001755925282138762,NGC 5044 TR3,0.0
WALLABY J130528-111138,196.3704012877983,-11.19409179163113,46.46680012338159,7.390356996923228,6.082921796398596,-43.53900651362977,8.706968542783903,8.852193794775276,1.0,0.00170936388259616,NGC 5044 TR3,0.0
WALLABY J130343-162557,195.9330127300875,-16.43268674148739,180.15253667242425,6.078044567387732,4.931221905042844,-33.00760882051106,9.881537260788814,10.026898976961604,1.0,0.001933976981162733,NGC 5044 TR3,0.0
WALLABY J134737-201752,206.9068939061416,-20.29801546109473,235.2546386106671,5.651137195533902,4.482686090641862,40.92908888784481,10.112614512868989,10.258016644377845,0.8241518344755483,0.007412923247246181,NGC 5044 TR3,0.0
WALLABY J133321-231451,203.3405200826457,-23.2474924137301,184.83640377345986,6.234531540785522,5.230717802002643,-50.40550639821599,9.902016730389173,10.047480558360325,0.9999984359223664,0.001632804327278876,NGC 5044 TR3,0.0
WALLABY J133041-180108,202.6708686953675,-18.01905709629502,37.357920670818565,5.367906925717979,4.738216476487473,20.66421620278771,8.512970711578701,8.65844784472856,0.9999999999998632,0.001556717516827457,NGC 5044 TR3,4.0
WALLABY J132741-234601,201.9243872583649,-23.76702319118702,137.49104200165195,9.109228790863241,7.338785462764996,-75.6175135723852,9.642697773889129,9.788290667398366,0.9998967835919425,0.001894040999945629,NGC 5044 TR3,0.0
WALLABY J132210-175218,200.5435778387006,-17.87180847051214,100.9519850061216,6.559921654893389,5.438342156566742,35.9766147238428,9.373473743791203,9.519117598431638,0.9999999999999878,0.001679936593431135,NGC 5044 TR3,0.0
WALLABY J125850-145324,194.7103888187681,-14.89013751211414,69.71815765244517,5.805418139733035,4.035150039585577,39.94574532562322,9.051397360018793,9.197071542697765,0.9995234133843589,0.003417120708804562,NGC 5044 TR3,0.0
WALLABY J133031-231420,202.6289733612403,-23.23915794755333,132.63566272145627,9.418878895943132,6.331322201445779,85.51101432091882,9.60932637961309,9.75503998227042,0.9999995235018218,0.001870227707085667,NGC 5044 TR3,0.0
WALLABY J130121-133904,195.3413509115298,-13.65130019477887,130.94381091356993,5.875547118435376,4.753414058290813,-30.55441044644091,9.597448319132043,9.743202903021873,0.995078659508234,0.001687112425548982,NGC 5044 TR3,0.0
WALLABY J132343-162121,200.9305016189057,-16.35591419112904,99.7136976697545,7.309376629415056,4.628830502660538,-32.64287525054284,9.3602601415946,9.50604447004917,0.9999999999349056,0.001576099452236285,NGC 5044 TR3,0.0
WALLABY J130327-202922,195.8640195680678,-20.48954632461465,61.34958773058114,7.203995940222141,5.640198192403473,25.99215769855016,8.93711948994732,9.082974511104249,0.9999998402256737,0.00204012934675726,NGC 5044 TR3,4.0
WALLABY J132018-163208,200.078147775586,-16.53567405654125,32.48463933863032,6.367463518521007,5.542891923360409,53.05698881833013,8.384227853494128,8.53011807620195,0.9996795018335619,0.002112414090659678,NGC 5044 TR3,0.0
WALLABY J131624-192614,199.1002059444695,-19.43734044291001,107.20894812159031,7.129223887211598,5.099508255189535,65.93165567514231,9.421106231834429,9.567009284384259,0.8237341488297597,0.00165429316176679,NGC 5044 TR3,0.0
WALLABY J132907-215149,202.2793445851113,-21.86384884234957,79.95301540845514,7.288948543112307,4.965503055410794,63.86788506245597,9.164949159829028,9.310929164579498,0.9999998537117659,0.001788346363224513,NGC 5044 TR3,4.0
WALLABY J132947-234056,202.4496713260966,-23.68235689604427,72.7137019647831,6.283554919942847,4.2150917282811,35.66364856912833,9.082174851086796,9.228173869274796,0.999999999998927,0.001868070668399594,NGC 5044 TR3,0.0
WALLABY J125912-124101,194.8039476995968,-12.68384524870303,55.33969119982663,6.343615314312365,5.069608110315462,66.5316455367973,8.844955983900038,8.990958376163317,0.9769678282760322,0.002780501829755649,NGC 5044 TR3,0.0
WALLABY J133752-204640,204.4698052770689,-20.77801456621957,134.07003200293374,6.19150884079024,5.508046194959315,-12.82024746370092,9.61317538240387,9.759198675357425,0.9999991263435217,0.001687469098519157,NGC 5044 TR3,0.0
WALLABY J131841-190450,199.6732143438261,-19.08054283071497,39.10917341567903,6.101945146266293,5.373004806448956,8.006801629833404,8.543007762176115,8.689034523398972,1.0,0.001819267571041053,NGC 5044 TR3,4.0
WALLABY J132329-163056,200.8745164409881,-16.51563277639544,73.75883854916691,6.84506366118398,4.175192247902782,10.86876648951051,9.093229260766163,9.23930393621938,0.999999999999998,0.001642268717464975,NGC 5044 TR3,0.0
WALLABY J132259-204701,200.747032391989,-20.78392713835893,103.34962175485111,6.761138616188394,4.154115980180143,74.89994607024815,9.385924625958472,9.532015904389622,0.902406603224803,0.001839777345561234,NGC 5044 TR3,0.0
WALLABY J130813-161425,197.0572696111653,-16.2402747676122,40.44390747132668,6.848550953874739,5.079945957969314,-81.74086955789357,8.570811747489305,8.716914385425845,1.0,0.001751159085315674,NGC 5044 TR3,0.0
WALLABY J132825-253528,202.1066852027902,-25.59123599388925,254.6380016457277,5.818631433772651,4.882168422806059,12.68254135047525,10.16886532388559,10.314972849402144,0.9339753834936314,0.007672344710802198,NGC 5044 TR3,0.0
WALLABY J130325-153818,195.8580213063483,-15.63852452285849,64.50419052495151,6.935086349512328,5.301054269218746,13.78548027196922,8.975238458793397,9.121399950038647,0.9999999999999971,0.001879729896149321,NGC 5044 TR3,0.0
WALLABY J130408-142339,196.0354130751795,-14.39422535248967,103.08174235109476,8.453282136613723,4.651465190155035,-13.45985652003235,9.381725717068086,9.527926739330118,0.9999972989285468,0.00163052362240208,NGC 5044 TR3,0.0
WALLABY J131807-154958,199.5293327439417,-15.83279707408289,248.2545475760653,6.51732437803338,4.530107651644546,27.21617443097185,10.144083571409775,10.290345172255474,0.9999999754438909,0.001689297079853359,NGC 5044 TR3,0.0
WALLABY J133057-203736,202.740239191379,-20.62724845445621,81.17905714674673,7.092604935250405,6.125964898055806,67.13498488324947,9.172087178149548,9.318410327869536,0.9999999624548763,0.001823321889003512,NGC 5044 TR3,4.0
WALLABY J133744-144639,204.4354732430386,-14.77774653726393,154.30247442387287,7.963666764076228,4.527121560356809,-69.30762212634076,9.728289758670735,9.874706402538862,0.9999999997151233,0.00159922891334796,NGC 5044 TR3,0.0
WALLABY J132648-185557,201.7016808293143,-18.9327028125729,200.88705121138466,7.118031193237699,5.311499947186925,7.867556776672814,9.957438385854157,10.103855565189715,0.999981870003494,0.001789758729503219,NGC 5044 TR3,0.0
WALLABY J131044-170801,197.6869054292765,-17.13381060239735,183.24636619640975,6.124122859363478,5.628469161090792,-80.5651574196905,9.876573791753014,10.023049251005702,0.9999999991499042,0.001664378817065953,NGC 5044 TR3,0.0
WALLABY J133708-171154,204.2844730349394,-17.19851354263777,167.39135020847198,6.89411517624219,5.178747112792226,-18.76033766834449,9.797690019301871,9.9441812483608,0.9999999999992049,0.001508811236673383,NGC 5044 TR3,0.0
WALLABY J130340-211340,195.9175386825828,-21.22791908206629,99.05828386324733,6.533598479649486,4.666455095431001,59.97672176101908,9.34197809925729,9.488470882367826,0.9999981974611818,0.002385268136154663,NGC 5044 TR3,0.0
WALLABY J130315-193958,195.8154073377128,-19.66637243019626,203.39808582111527,6.545677337658293,4.88289665028871,-31.85085482960626,9.966845077271651,10.113340411421492,0.983882380955608,0.001583748633311648,NGC 5044 TR3,0.0
WALLABY J130213-144945,195.5566968622846,-14.82930062880589,198.3273716796975,9.419618003552896,6.338202636866116,33.54637595524576,9.944600327552575,10.091113540015911,0.9999999673247059,0.001704515874503843,NGC 5044 TR3,0.0
WALLABY J132908-171617,202.2861959180941,-17.27147156427036,78.86626282718747,7.426495446118294,6.081017710360232,58.20605275140728,9.143560090988126,9.290076550721658,1.0,0.001567294384937227,NGC 5044 TR3,0.0
WALLABY J132205-130816,200.5249208281183,-13.13776513549086,74.19639121224773,6.056163530508259,4.426057444155492,-27.55348516642629,9.089852047441964,9.236407569689913,0.994520306224812,0.002464842454002823,NGC 5044 TR3,0.0
WALLABY J131801-192931,199.5079628590435,-19.49213659363754,87.70121416897267,6.042266272885799,5.341743982119731,9.241240711385728,9.234941100239029,9.381505474460518,0.9995633367053599,0.001783215640239794,NGC 5044 TR3,0.0
WALLABY J131332-170440,198.3841016438643,-17.07789743018875,41.70785386308771,7.277993870294306,4.977196396314825,-62.43560135448858,8.58722245171857,8.733908006752669,0.9999988631412544,0.00174685148035407,NGC 5044 TR3,0.0
WALLABY J130850-141531,197.2095244983369,-14.25880067249539,197.58073482363778,6.348294228046372,5.61126221437914,-48.61095697279085,9.93781176745339,10.084523576245505,0.9999999999999997,0.001370936551435038,NGC 5044 TR3,0.0
WALLABY J130612-201622,196.5513877956607,-20.27282500667344,216.63361615657547,8.696766640002073,5.427407078260615,-34.92471419736327,10.016757751313152,10.163527064785606,0.9999999999817831,0.00160856299233518,NGC 5044 TR3,0.0
WALLABY J131149-171308,197.9558780624359,-17.21891789628114,74.41807369956362,7.290829639966277,5.18522551892955,55.85367621916348,9.088636231911153,9.235407054755054,0.9999999999997553,0.001838743831046155,NGC 5044 TR3,0.0
WALLABY J131218-192640,198.0779663863468,-19.44468726290096,39.626793327923735,6.043413424994146,4.206999203940327,-29.58096749767876,8.541188206216228,8.687962935675982,0.9995059059672399,0.001773143533853363,NGC 5044 TR3,4.0
WALLABY J134514-151038,206.3121530026291,-15.17739940435436,126.10914204530054,6.117100431984771,3.867866957066272,-38.62907102186292,9.544712942112492,9.69160031695313,0.8647322666924183,0.003518058555272575,NGC 5044 TR3,0.0
WALLABY J130749-161828,196.9560600641446,-16.30796595608979,70.4671621930378,6.512800585662797,4.363965178595706,-3.917257784901906,9.038494669433994,9.185421596374024,0.999999998452622,0.001764838913337283,NGC 5044 TR3,0.0
WALLABY J134251-194244,205.7172424866912,-19.71069885768418,146.80119927182304,7.665733648107667,4.954334923564161,68.87563623888994,9.675369617874523,9.822331119728934,0.9999999999873427,0.001872977877473654,NGC 5044 TR3,0.0
WALLABY J125910-161749,194.7918007214858,-16.29706721083766,184.62882710552955,5.789350422933249,4.754779450065682,-62.04474058604416,9.873415490704424,10.020438939609386,0.9763782979008355,0.002983894655722328,NGC 5044 TR3,0.0
WALLABY J130044-142906,195.1874504761964,-14.4850523409197,91.71479363875768,6.15110567883694,4.332770686557457,-55.28124559650704,9.264669760349976,9.411751294773627,0.9999569281547501,0.00181517631718911,NGC 5044 TR3,0.0
WALLABY J132110-154938,200.2932145262238,-15.82723348973044,93.6086129083908,6.668755407151582,4.558070196532602,-5.327569023937542,9.280990195833862,9.428152885569219,0.9999999999611461,0.001600503978224404,NGC 5044 TR3,0.0
WALLABY J125832-161038,194.6349102022364,-16.17739797309239,76.15927716978376,6.024539512688669,5.229805264387832,-75.43923194305671,9.100993276971687,9.24820192318853,0.8644995098442314,0.00409986992485409,NGC 5044 TR3,0.0
WALLABY J130018-115758,195.075721846821,-11.96620086397146,218.26330311199595,8.495529431947872,6.698650823195585,30.52197449493323,10.013663280977065,10.160976563348171,0.8692287617054405,0.001884325566529373,NGC 5044 TR3,0.0
WALLABY J131417-120754,198.5725339203161,-12.13175675103453,41.311543399866345,7.153140008925398,4.888167444779158,53.32279055314831,8.566403330361844,8.713798352193129,0.9999999999999802,0.00157008822252166,NGC 5044 TR3,0.0
WALLABY J131843-181853,199.6819596627982,-18.31485523692555,99.12994663900116,6.41980975809633,5.712406070899227,82.6238701880112,9.324999701994281,9.472489492012091,0.9999999981344799,0.00174174828668885,NGC 5044 TR3,0.0
WALLABY J131011-112257,197.5466880422257,-11.38267182036052,103.69085083067195,11.89016264331934,5.038896675637998,-60.9719043143111,9.363246436960514,9.510783008080915,0.9999921762408758,0.001660742012732748,NGC 5044 TR3,0.0
WALLABY J130340-113541,195.9187358364233,-11.59479793149581,80.28660110188707,6.345191561344314,5.414109009442745,57.62266196542467,9.140441323266312,9.28801253692802,1.0,0.001734650468692715,NGC 5044 TR3,0.0
WALLABY J130832-144904,197.1364129560418,-14.81802296932497,82.8594718790931,6.06531557546518,5.053920114091064,70.47615847887175,9.167557125023446,9.315144366516991,1.0,0.00160876363706193,NGC 5044 TR3,0.0
WALLABY J133128-184541,202.8670159209543,-18.76160626821923,83.1114587274952,6.103671949410488,3.839227549444,17.63624032610988,9.169453155300634,9.31708248750946,0.9999999999485839,0.00162068391870345,NGC 5044 TR3,0.0
WALLABY J132314-165544,200.8114587199044,-16.92909518220915,97.63165567865768,9.741419612740014,5.408351572728233,72.08400631894008,9.308697350251895,9.456361617023047,0.9999999952604307,0.001677268061714762,NGC 5044 TR3,0.0
WALLABY J131913-140221,199.8073993125248,-14.03940233181228,37.13763615082065,5.727371280627831,4.766552752963793,-26.86670442522805,8.468268187549528,8.61598222062413,1.0,0.001759033592576648,NGC 5044 TR3,4.0
WALLABY J133505-155156,203.7730998966551,-15.86562174617854,144.50418050106313,8.910400631840833,5.144306205355347,55.03301206962746,9.647903295352284,9.795645565682216,0.9999995965157116,0.001502350044977995,NGC 5044 TR3,4.0
WALLABY J131352-204405,198.4670012295117,-20.73477589493805,41.48315558353832,8.476027601028932,5.341756945721039,-7.488621659379149,8.563755550460083,8.711505233612408,0.9999926852715916,0.001942027796886825,NGC 5044 TR3,0.0
WALLABY J132844-210150,202.1860690289138,-21.03060398064243,98.9648656761617,5.844304428104132,5.637251746279607,-69.46721423938844,9.318673672425362,9.466440417194107,0.9999942855652729,0.001751208103038166,NGC 5044 TR3,0.0
WALLABY J130502-201243,196.2591419894638,-20.2121300018348,101.52673454858848,9.646294940364017,6.09022997625993,6.161994996362068,9.340713097901611,9.488488893405117,0.9906194814356721,0.001840606849696082,NGC 5044 TR3,0.0
WALLABY J130934-165107,197.3948533172897,-16.8519617306629,155.44160069028425,6.018200260225258,4.407255047495909,85.49732763993883,9.709242694606921,9.857100535543745,0.9999999647237948,0.001757295362001938,NGC 5044 TR3,0.0
WALLABY J133711-184457,204.2974699611642,-18.74918998959174,169.81616557494536,5.832339661689028,5.137411461568115,-2.3949444866861,9.786060773033489,9.933918924345482,1.0,0.001562650991316791,NGC 5044 TR3,0.0
WALLABY J130252-113001,195.716969972835,-11.50039328421804,160.57333478736865,6.274760258014988,4.486688486767139,-18.70202207977762,9.73638855539272,9.884307005135827,0.9975304989330763,0.001691523761676845,NGC 5044 TR3,0.0
WALLABY J132400-175431,201.0014095088435,-17.90860041646465,100.8233142858138,6.786072887101598,5.01503116352623,42.32299695151605,9.331727899827458,9.479671117624916,0.9999999957640473,0.001679536857356164,NGC 5044 TR3,0.0
WALLABY J130156-135401,195.4853884837478,-13.90044492787503,36.319064683828955,5.632462005605419,4.55507768029543,-18.93266093266504,8.444489746935409,8.592454881332898,1.0,0.001673441572603323,NGC 5044 TR3,0.0
WALLABY J131038-175754,197.6605758276996,-17.96508992048937,190.71609494470448,5.359223971905364,4.872483063272274,53.02092166872384,9.884973356862291,10.032939727567875,1.0,0.001584813042799706,NGC 5044 TR3,0.0
WALLABY J131845-153954,199.6895509086783,-15.66504385501177,92.59538389225807,6.027420222305908,5.524693934131704,-49.16905559867708,9.256697275803395,9.404702310584119,1.0,0.00182544880940587,NGC 5044 TR3,0.0
WALLABY J134233-194620,205.6407900950982,-19.77239353204283,224.05067946069647,6.440674371347421,4.736027296629707,13.32815107003904,10.02372385203317,10.171756593615326,0.9995665786675502,0.001740367592072387,NGC 5044 TR3,0.0
WALLABY J131835-183814,199.6459882247256,-18.63745748433701,110.28988896067901,5.448478322174031,4.783446977918642,81.9487277150316,9.406953039568812,9.555051165242585,0.9999999997442317,0.001720083488933046,NGC 5044 TR3,0.0
WALLABY J133702-205515,204.261621333705,-20.92095005625085,110.19705237862722,6.220915335716127,5.842791264468328,-81.21353868268554,9.406207848375425,9.55430675601966,1.0,0.001762532146220711,NGC 5044 TR3,0.0
WALLABY J132620-230233,201.5860395909652,-23.0450160242031,75.31014405932676,9.824779583169423,4.920446501520435,-29.09038890146438,9.07529111487987,9.223406161781565,0.9978254344048791,0.002105821638478532,NGC 5044 TR3,0.0
WALLABY J134152-233157,205.4673903560986,-23.53262542478965,334.23024758940863,6.625046047381147,5.39627629313691,-16.15940475319455,10.369005698381407,10.517158856671836,0.9985322323453742,0.001726058127953416,NGC 5044 TR3,0.0
WALLABY J133457-234236,203.741155584073,-23.71022563586062,145.71048667263142,6.399013411665499,5.741574343581841,76.97983128634922,9.647842234442644,9.795998441208665,0.9999999998697126,0.001763871503708522,NGC 5044 TR3,0.0
WALLABY J130047-141534,195.1997141513735,-14.25961076604001,65.84591870337937,6.845534612783933,4.55475815973326,-85.83566173931611,8.95780810462067,9.105970583434933,0.9999998500113522,0.002020302627296102,NGC 5044 TR3,0.0
WALLABY J125930-120652,194.8774385795215,-12.11468124803459,91.40040869502451,6.473498677924792,4.657566270553184,33.01989329561115,9.24164387239872,9.389863409169111,0.7335399360293225,0.002662683936598469,NGC 5044 TR3,0.0
WALLABY J133141-190837,202.9228272954491,-19.14374818234235,82.03114462955645,6.22803126085926,3.957452212796178,84.67170277140812,9.144703241898059,9.293093663534012,0.9999999988322424,0.00167610190593301,NGC 5044 TR3,0.0
WALLABY J132432-151614,201.133712683567,-15.27057879007842,38.9635448603497,8.444217895597458,5.157422541621785,-2.243284709523735,8.495735854102374,8.64425880907273,0.9999750614358826,0.001784883192091403,NGC 5044 TR3,4.0
WALLABY J132938-154327,202.4108823405583,-15.72434138101208,209.25073418675296,10.83200112319176,5.605511233206795,-17.64183871679946,9.955601192514616,10.104132790623753,0.9999999962247228,0.00135978208540865,NGC 5044 TR3,0.0
WALLABY J130132-154057,195.3874708993995,-15.68253902898364,70.69497968701462,7.182790197759166,5.06474900174343,-40.12908018595999,9.010531305441082,9.15920613084797,0.9999718761741546,0.001879123733327518,NGC 5044 TR3,0.0
WALLABY J130757-193648,196.9898903618053,-19.6135949601063,198.45398693223356,7.057793530399723,4.445926647865161,-86.30345927039454,9.906902449853071,10.055587044273835,0.7273313983433811,0.001579108001253042,NGC 5044 TR3,0.0
WALLABY J131420-122736,198.5869879436015,-12.46009253917626,275.5712897488474,7.424167272885026,5.371584270440416,40.93565184351817,10.191825000831624,10.340522464717603,0.9999998624718901,0.001373541998723344,NGC 5044 TR3,0.0
WALLABY J132903-163458,202.2643645818915,-16.58300585369107,233.60397522815623,6.067888877259946,4.865157055618966,-32.74758397858005,10.048252770034223,10.196953925717299,0.9999999994067341,0.001368733774381148,NGC 5044 TR3,0.0
WALLABY J132926-210008,202.3614073706671,-21.00226439125976,95.21673784332356,6.969810561895256,5.521656263374602,-52.61678011865882,9.268326381413358,9.417049918508516,0.9999980282893222,0.001748307513829222,NGC 5044 TR3,0.0
WALLABY J133245-211455,203.1908250920369,-21.24884711627115,76.15818610380252,6.607944592831808,5.261761135433813,-42.90959428564182,9.073995265349856,9.222738059256555,1.0,0.001649936021289851,NGC 5044 TR3,0.0
WALLABY J133950-195837,204.9615240487306,-19.97729910412098,172.6572709947759,7.41264477514859,4.923566774972487,-67.1923925749174,9.78458786623309,9.933350274697126,0.9761060083623274,0.001672048019464587,NGC 5044 TR3,0.0
WALLABY J131745-185133,199.4412552968485,-18.85924856181272,103.42899583910906,14.25064185261986,5.464629604869125,-60.40814157218553,9.335021854958105,9.484039933938453,0.9957452791973485,0.001660152591879542,NGC 5044 TR3,0.0
WALLABY J130559-145906,196.4970013115414,-14.98511965353696,80.30929952831359,7.49291642517642,5.841186999102771,-19.38308913279533,9.114773201536781,9.263819580967983,0.9999999999999996,0.001691109958896301,NGC 5044 TR3,0.0
WALLABY J133056-213801,202.7366556794891,-21.63387999139868,102.19625188780705,7.371717763885786,5.714959802765588,65.03908359467198,9.323788069824245,9.47285291329077,0.9999999815153334,0.001748322184626446,NGC 5044 TR3,0.0
WALLABY J131842-191600,199.6750863024548,-19.26679618208967,224.9807898339733,5.811918968484513,4.864559735781255,51.05361492255923,10.008472539747826,10.15757943687153,0.9947431237886013,0.001651424157921282,NGC 5044 TR3,0.0
WALLABY J130829-204924,197.1231419662178,-20.82340565167733,20.720590664139678,6.380372948239168,5.430321146508678,-20.31861623462032,7.936335674756639,8.08547971112962,0.9999999999999982,0.00199654025073239,NGC 5044 TR3,0.0
WALLABY J130334-163733,195.891782347522,-16.62594151735318,198.96909018986048,6.984458527197752,4.600050219248302,-19.69678848080051,9.900929542894454,10.050083463489047,0.9796609172281091,0.001850006515776777,NGC 5044 TR3,0.0
WALLABY J130343-165607,195.9295297563113,-16.9353325952481,147.0009804637289,6.829294859572133,6.153068938772602,67.30900440087868,9.63735730916868,9.786547871642288,0.9999999999923789,0.001844004433735716,NGC 5044 TR3,0.0
WALLABY J132220-143127,200.586755677454,-14.52442872052708,94.79411294692015,5.896147217536267,4.703622216645218,-66.28618140826835,9.255215492197483,9.404466849128733,0.9999999672031022,0.001878721063093102,NGC 5044 TR3,0.0
WALLABY J134233-200414,205.6365013512991,-20.07227744199062,143.9158481137304,7.750765830842979,4.587980874116116,42.58884480250228,9.61718821019597,9.766478527162102,0.9996973485988723,0.001935393230887763,NGC 5044 TR3,4.0
WALLABY J134030-172613,205.1273308022336,-17.43697772267664,259.05270138000884,7.704617929063286,6.161046237868853,-40.36768388260037,10.126352558111188,10.275722590001333,0.9999999999209336,0.001461520871106326,NGC 5044 TR3,0.0
WALLABY J131434-145005,198.6457679520595,-14.83483833727789,76.64926749534284,14.16666423769218,5.54110194766789,9.472354316062223,9.068537224826882,9.217910407137959,0.9999999986816144,0.001607508852405179,NGC 5044 TR3,0.0
WALLABY J132732-142623,201.8869440877339,-14.43987927326835,147.43063228016848,9.143698026555654,5.590467682900834,48.6594851176888,9.63651138167472,9.78589515585428,0.9972235803008662,0.001917145607000829,NGC 5044 TR3,0.0
WALLABY J133702-175223,204.2613647610197,-17.87312452097598,183.10175875032814,10.60508877680032,5.218655531615584,17.19368252705749,9.824111892353246,9.973530488757595,0.9999807449131729,0.001441186369463578,NGC 5044 TR3,0.0
WALLABY J130049-170522,195.2073824787416,-17.08964265250496,68.92422850673154,9.820324491803666,4.464045728732152,64.99727905931343,8.974846795237008,9.124301067174471,0.9996618942922645,0.002216094081726609,NGC 5044 TR3,0.0
WALLABY J131826-154604,199.6096264543901,-15.76793196440847,40.59452702986323,6.818513189793733,5.341436816650034,63.92539333710306,8.512553194225644,8.662149597613906,0.999999859480826,0.001918030860165131,NGC 5044 TR3,0.0
WALLABY J134258-193943,205.7404598952905,-19.66535690858853,143.8190563733129,7.220448243356058,5.776761647243552,44.89248469655305,9.608805008304572,9.75854140784515,0.9927882105493259,0.001834470831906239,NGC 5044 TR3,4.0
WALLABY J131115-202239,197.8125886247975,-20.37770154465449,171.32030696623872,7.913191363683686,3.984885906537952,-10.92207204595815,9.759510816399166,9.90932044839139,0.9292219078873306,0.001637137821882641,NGC 5044 TR3,0.0
WALLABY J130738-183754,196.9101347114152,-18.63188292921788,250.21582579654424,6.202118278941151,3.780204176648378,85.98177062309465,10.088158777436615,10.237989249110479,0.999998726271101,0.001536891746653178,NGC 5044 TR3,0.0
WALLABY J131408-141038,198.5342650429588,-14.17727130211835,99.38751010072859,5.113638820860326,4.794348820799819,-42.63839601886988,9.283844694448598,9.43380968116886,0.9999964605775367,0.001519528771838896,NGC 5044 TR3,0.0
WALLABY J131138-162351,197.9086579995635,-16.39767634924566,178.1607815128608,7.706422151107369,6.380887499284197,13.86692729919622,9.790498327064038,9.94048090332204,0.9994903658980387,0.001612073455214638,NGC 5044 TR3,0.0
WALLABY J130328-120420,195.8673265750892,-12.07248141691271,76.1974454843875,6.043713817191898,5.345378320948675,31.93778355432602,9.05237146255472,9.202376014709282,0.9999969442572714,0.001673578269913934,NGC 5044 TR3,0.0
WALLABY J133912-153835,204.8024185865081,-15.64317798623979,165.78534366935568,8.833125721763222,4.657494080644494,-4.456136524171811,9.726651021160755,9.876708984230929,0.9999999999862925,0.001503039054654715,NGC 5044 TR3,0.0
WALLABY J133325-220257,203.3580011063873,-22.04940803380708,100.19275409138656,7.497523252382488,5.652285396055906,-46.13550729669872,9.287447930286744,9.437608143974355,0.9999858300626991,0.001723266361540356,NGC 5044 TR3,0.0
WALLABY J131830-134228,199.6291417206509,-13.70785065717905,148.65832876456412,6.418006170670233,4.547843535528658,-30.99805328527754,9.629479649260045,9.779678524033637,0.9841270635412634,0.00153851045337991,NGC 5044 TR3,0.0
WALLABY J130659-211444,196.7491557880394,-21.24558771934768,225.1643809250726,5.711808126896184,5.640605179143496,-13.72513916902375,9.988835911455048,10.139107326521405,0.7544436988174649,0.001947258367591479,NGC 5044 TR3,0.0
WALLABY J131142-103858,197.9259237011891,-10.64954287130421,157.55642744314716,6.234335662281651,3.929580580910424,29.71699647764746,9.678360581650333,9.828651973576706,0.9865808972208913,0.002087318570122274,NGC 5044 TR3,0.0
WALLABY J132358-151422,200.9955630396745,-15.23946197313126,204.77697793516114,8.201879672238753,5.786756293928645,70.14444814060741,9.904694669316136,10.055063867449563,0.9999871777474941,0.001658159089433122,NGC 5044 TR3,0.0
WALLABY J132241-184811,200.6731803919805,-18.80307295204962,74.879069321782,7.999311122527141,4.69399183733766,-88.23021877621699,9.030709844477066,9.181087275538669,0.999799579686522,0.001786585349764702,NGC 5044 TR3,0.0
WALLABY J131159-134336,197.9958770426962,-13.72684772302685,100.33957550286823,6.294052409035927,4.608435013206296,67.76351166035323,9.28474937111164,9.435137369217262,0.9069629845368917,0.001576933961701951,NGC 5044 TR3,0.0
WALLABY J134056-233626,205.2359644654354,-23.60753523366808,160.44027288272719,6.586112135077377,5.09394780524262,55.47330067910934,9.692345860737007,9.842738781811791,0.9989832495441019,0.001852066554603552,NGC 5044 TR3,0.0
WALLABY J132329-175427,200.8749086250515,-17.90753920239722,103.38438679347739,5.426260742579225,4.439878361757783,34.73956579585143,9.310268847450498,9.460682440484677,0.9999950781969599,0.001644906699403597,NGC 5044 TR3,0.0
WALLABY J133718-194336,204.3273428899168,-19.72696518943379,185.650088569165,6.418366305810451,5.241525897519629,64.63808292231292,9.81855475709423,9.968979514652432,0.9928680524571387,0.001643529197843001,NGC 5044 TR3,0.0
WALLABY J130633-190609,196.6406604683752,-19.10273870781845,230.05886080767237,7.143311290916377,5.397828044865186,67.16942545065197,10.002960997846742,10.153493775831022,0.9999991102166362,0.001544532556744242,NGC 5044 TR3,0.0
WALLABY J131301-123644,198.2573745245593,-12.61237653641144,217.82580147538786,6.814679653620614,5.501197936273306,9.547777807880038,9.954861969015495,10.105431488701202,1.0,0.001487185618576051,NGC 5044 TR3,0.0
WALLABY J134018-211518,205.0754551252988,-21.25532320266421,181.21220770147852,6.708895053515948,5.138355591191277,39.98700667347154,9.795005570153029,9.94557581705498,0.9999999900239269,0.001596810820770095,NGC 5044 TR3,0.0
WALLABY J125724-153912,194.3521602318497,-15.65339410603507,79.90943427792978,5.1842102178122,3.810628015371703,-28.74712834978389,9.083109636534774,9.233721077326171,0.763244947119577,0.006565797586357508,NGC 5044 TR3,0.0
WALLABY J131905-175622,199.7738857661113,-17.93967103605084,97.16202656076564,5.956539955173283,4.687360459327421,23.48473195194845,9.25159955753646,9.402286096298175,0.9999999314197704,0.00180578666177005,NGC 5044 TR3,0.0
WALLABY J130947-171234,197.4475316267733,-17.2094556336776,72.10685677462675,6.098795509900523,4.656025611847058,-48.98909733710259,8.992369317534243,9.143066788419178,0.9999999990820548,0.001847274640735917,NGC 5044 TR3,0.0
WALLABY J130919-195729,197.3300347534315,-19.95804277750269,247.92627928466467,5.384166523745814,4.979743068715345,-67.40185244010767,10.063929183750847,10.214691720252478,0.8262445002780199,0.001523984724450084,NGC 5044 TR3,4.0
WALLABY J133020-221958,202.5858175274202,-22.33397733880687,78.87711426924902,11.20746499565129,4.802518045700545,-52.09219203630698,9.06913508461447,9.219900553117997,0.9965947675933722,0.001827602655036076,NGC 5044 TR3,0.0
WALLABY J134414-182804,206.0621342690668,-18.46793080213364,101.5324747167662,5.408228716416192,4.985089931236834,-9.586810754112662,9.287981375074816,9.438773379181747,0.999999999694388,0.002081117310434185,NGC 5044 TR3,0.0
WALLABY J133154-212445,202.9749125224935,-21.41287340951151,82.08185743473247,8.320771536992899,6.370988107042055,-75.23290550420369,9.102477161337232,9.25331450448574,0.973783683328678,0.001727568357079492,NGC 5044 TR3,4.0
WALLABY J130734-145145,196.8920470806227,-14.8625151091629,258.6478380958546,5.894308290636959,5.331326296617604,-31.56957180983773,10.098155253974804,10.24906420473633,0.9999999993829043,0.001400232882160131,NGC 5044 TR3,4.0
WALLABY J132211-160558,200.5496693012093,-16.09952177562725,108.07273012320562,11.0756705775716,7.806624493625206,-42.94116410201306,9.339011651766173,9.489987219120222,0.9999979593076335,0.001631318520715239,NGC 5044 TR3,0.0
WALLABY J125656-202606,194.2339784537322,-20.4351771433201,52.50232488585843,5.595737738007465,4.220435674422746,2.953566813238638,8.711066009315674,8.862091657849561,0.76393791813633,0.01715460254713973,NGC 5044 TR3,4.0
WALLABY J130747-213240,196.9480901638515,-21.54449909401015,107.3812564167088,5.385381044613291,4.66442860653881,73.08596315776977,9.33153821101611,9.482622997712038,0.8330893594144857,0.002824966254581993,NGC 5044 TR3,0.0
WALLABY J132427-170303,201.1154600405956,-17.05085886658399,100.03784735566379,5.840651850566081,5.249544911931691,6.559789873216886,9.269858262592255,9.42095177790762,0.9999999924449459,0.00161997083165952,NGC 5044 TR3,0.0
WALLABY J125836-161333,194.6515359926302,-16.22605449895057,75.14000375449228,5.97757587817437,5.0992059878362,-15.43446090282933,9.020051543444831,9.1712153112067,0.9808970963899758,0.003899324096537083,NGC 5044 TR3,0.0
WALLABY J132543-201405,201.4294899610194,-20.23489472789288,39.25264857254612,7.26119753845911,5.67747751016898,-75.30046196754353,8.45569309008308,8.606877236726836,0.7503663645152919,0.002222259872604937,NGC 5044 TR3,4.0
WALLABY J134418-223401,206.0752720199907,-22.56695290191023,98.37457192913196,8.533128538974998,4.685880773488067,-89.6923982074269,9.253063108723302,9.404285127270885,0.996350125425829,0.002038671414708351,NGC 5044 TR3,0.0
WALLABY J130401-112916,196.0060375508094,-11.48803337377258,83.32688106220735,6.83607166497667,5.018673001118372,22.6888507706341,9.106887712150543,9.258223766157496,0.9999999999919558,0.001792023727997104,NGC 5044 TR3,0.0
WALLABY J133107-190909,202.780993704968,-19.15249608707152,232.33708764704727,8.152872351280546,6.066457977910649,-86.30107638417935,9.996966315338598,10.14833625777632,0.9986478863387005,0.001541754598140335,NGC 5044 TR3,0.0
WALLABY J133815-172755,204.563967644486,-17.46542383228111,61.43895311055261,5.161002468929657,4.816506733053034,-74.57388704935323,8.84124446481858,8.992635863915313,0.9999995005496976,0.001659536590993718,NGC 5044 TR3,4.0
WALLABY J133256-233558,203.2354691339235,-23.59943806544223,109.35475190042598,7.144796413826374,4.933817200927367,86.64593532551169,9.341955282649415,9.493351111677224,0.9993122042929659,0.001786692532883249,NGC 5044 TR3,0.0
WALLABY J133423-154937,203.5998370708366,-15.82719664571345,61.29934767481868,6.073863356778559,5.05137287131852,-59.10427507015272,8.838804895882394,8.990223012774011,1.0,0.001590780260122656,NGC 5044 TR3,4.0
WALLABY J131528-131929,198.8706875429479,-13.32490250651892,194.17323661871126,6.71635887982887,5.14153819350063,43.0927756197232,9.839033093086371,9.9905226090976,0.9999999999986869,0.001383157498120858,NGC 5044 TR3,0.0
WALLABY J133418-245545,203.5762555339889,-24.92934794682652,68.23608054510721,5.51356708264563,3.570812475589603,-82.62964567071715,8.930105488644037,9.081628267726874,0.996585016369583,0.002416862647265011,NGC 5044 TR3,0.0
WALLABY J131855-170333,199.7322777622092,-17.05934297047196,283.4556065115852,9.013233082890167,4.935294371527072,-23.62527478841275,10.166828380149575,10.318363787986282,0.9999935028799373,0.001789605117626395,NGC 5044 TR3,0.0
WALLABY J130244-125326,195.6869496475261,-12.8906649267186,201.46622959522094,6.576340183156345,4.880952462992595,-66.64978690558826,9.868873040319787,10.020488583917608,0.9976175398230462,0.001559620695000618,NGC 5044 TR3,0.0
WALLABY J132329-232337,200.8719757826079,-23.39387575124684,22.61883883581642,6.915331395219185,5.2993631629992,-59.6571086885589,7.96911866303714,8.120750961169746,0.9905737050041987,0.002543824762033562,NGC 5044 TR3,0.0
WALLABY J132321-191517,200.8391165445444,-19.25498601589839,197.58017398882288,5.371036006147117,4.632669262406254,-23.7306835670238,9.851093066821761,10.00275833792553,0.9923290994909051,0.001613416264654737,NGC 5044 TR3,0.0
WALLABY J133652-205552,204.2173840888612,-20.93113503390224,137.92778567864733,6.243073095062851,4.994304597984802,72.24847417487275,9.538891583420476,9.690557909327376,0.9973539311563634,0.001644041812757795,NGC 5044 TR3,0.0
WALLABY J130153-191443,195.4736204845551,-19.24551970320087,164.48944139291493,7.81880671421338,5.291268515962543,-41.23531720077508,9.691335543730789,9.84303235998506,0.9999461163827446,0.001838283168013298,NGC 5044 TR3,0.0
WALLABY J133059-224147,202.7494715044158,-22.69645690642163,106.72810446584559,5.979972486212355,4.919275777991955,-74.93599350175532,9.314186340664335,9.465965708332742,0.9985698689125035,0.00181127975344622,NGC 5044 TR3,0.0
WALLABY J133801-211734,204.5065676971256,-21.29259092290687,177.77058001656755,10.84991727281863,4.774980774486902,-42.14934511800652,9.75734129106748,9.909121076085198,0.999982714407597,0.001587069066217641,NGC 5044 TR3,0.0
WALLABY J131335-201725,198.3979962927599,-20.29039828995503,24.5221419734548,6.127845822634769,5.728916339910302,55.28989314336883,8.035727022140865,8.18756517501591,0.9999345374094156,0.001788905924690426,NGC 5044 TR3,0.0
WALLABY J130309-193935,195.7906152262407,-19.65971665845064,224.6453744507466,7.156877093822719,4.099264820126621,-83.70954700301164,9.959376693717736,10.111228033088,0.7187705820803899,0.001708952323584603,NGC 5044 TR3,0.0
WALLABY J131915-155513,199.8135361965542,-15.92051322792393,96.76090297870755,7.039740388459781,4.739325226751817,10.7941619891248,9.2263014893541,9.378238277772853,0.9991896770038167,0.001923461212608464,NGC 5044 TR3,0.0
WALLABY J133004-205549,202.5184408305779,-20.93189543939197,75.77540354576433,5.360818976677288,4.304849703510779,35.91960178379694,9.013575899184552,9.165534762562203,0.9831379922007819,0.001787761775104511,NGC 5044 TR3,4.0
WALLABY J132353-184841,200.9730072170092,-18.81159195856872,101.31445052865448,6.044243726123366,4.443589543679003,39.62946345441037,9.265607127679877,9.417580719335547,0.9999985998997799,0.0018665242800733,NGC 5044 TR3,0.0
WALLABY J131049-182903,197.7058386612394,-18.48416064188153,193.81108426676428,6.814369457631958,5.430015932303894,-72.91750132407338,9.828388581510275,9.980398730630565,0.9999999948299105,0.001512713668735163,NGC 5044 TR3,0.0
WALLABY J132720-200304,201.83704439172,-20.05054985749186,118.85062273270768,7.063037533028997,5.803000325440813,53.14576472429951,9.401275069049314,9.553421519773918,0.9761058365746613,0.001921742226667761,NGC 5044 TR3,4.0
WALLABY J131943-121613,199.932888325902,-12.27036679250462,39.58716306491117,6.040764500811231,4.944840684689358,-76.92914597269628,8.446308051548392,8.59845871347866,0.999999999999194,0.001773193241966312,NGC 5044 TR3,0.0
WALLABY J133416-194756,203.5694041227764,-19.79891079982349,228.39090200087287,11.78072099156334,4.615864647433328,4.63308277479797,9.968500619742835,10.120654532415946,0.9999932498756782,0.001559934822658842,NGC 5044 TR3,0.0
WALLABY J130400-165409,196.0030931407061,-16.9025862915983,201.17539093407046,7.415192793163086,5.478556117396594,65.72466907548528,9.858120243623256,10.010284124574941,0.999999219190538,0.001813524040226376,NGC 5044 TR3,0.0
WALLABY J132947-162327,202.4479862669049,-16.3908239800482,233.60855178642885,8.148714057670853,4.049158262145848,-31.87102466970077,9.986149243745519,10.138417101973447,0.9993047587407287,0.001356051992064857,NGC 5044 TR3,0.0
WALLABY J132438-224607,201.1611126906244,-22.76883652254761,129.07959912639126,6.60803144594821,5.111857029115476,-63.67085143778891,9.470702171921577,9.622980715825092,0.9985068921919348,0.001931279107851911,NGC 5044 TR3,0.0
WALLABY J134145-191825,205.4378272897482,-19.30719359091336,232.63489090820062,7.291360516737755,5.045835966338127,-29.12080402611133,9.982026225740434,10.13432271892294,0.9834093481834829,0.001739714914193501,NGC 5044 TR3,0.0
WALLABY J133627-224910,204.1142944354842,-22.81950462384765,100.69819464101376,7.842997847865252,5.100847679817849,78.81193915021716,9.253918641034332,9.406261469231774,0.9887784311240139,0.001709148308175764,NGC 5044 TR3,0.0
WALLABY J132531-212650,201.380622379915,-21.44740115883765,69.62946631383974,5.683407686716993,4.867310252343625,-76.74168295970902,8.933029092274849,9.085396923933784,0.9996822501663178,0.00187393337786702,NGC 5044 TR3,0.0
WALLABY J132920-211042,202.3370786382787,-21.17851962938806,9.718182591016172,8.604182227376587,4.90111088503221,73.69704948941798,7.22224757550542,7.374636552764585,1.0,0.001866119366069897,NGC 5044 TR3,0.0
WALLABY J131739-164913,199.4149389320205,-16.82034320469304,102.37163796844958,6.904931188678303,5.393307625607417,-62.85195162055338,9.267350588270062,9.419744545292286,0.9995671974573461,0.001876593452300287,NGC 5044 TR3,0.0
WALLABY J133522-232056,203.8418082203819,-23.34893100407197,113.3220435914611,6.019668148427288,5.656670530592308,-32.09508294680988,9.35424573886166,9.506719206079824,0.9999805294911508,0.001724203566586595,NGC 5044 TR3,0.0
WALLABY J133557-215713,203.9884865756542,-21.953904640262,183.62671168427565,7.921689669136299,5.677888519320161,-43.76159479555333,9.773159738368435,9.925652238091283,0.99999932845776,0.001563670180229874,NGC 5044 TR3,0.0
WALLABY J131854-183512,199.7270130960243,-18.58667961500534,34.86941413547334,9.510893716238092,7.662436091801166,1.667403142115717,8.32996101359383,8.48246603215305,0.9999976976943866,0.001980456742033719,NGC 5044 TR3,0.0
WALLABY J134251-220324,205.7138743507486,-22.05667818162902,84.53648059484071,6.192475795415003,5.800867155972313,-74.01883310181998,9.098228569912107,9.250787496551059,0.9999999845047555,0.001892356447229,NGC 5044 TR3,0.0
WALLABY J130639-135036,196.6646233836538,-13.84332817425331,91.91714566693086,6.451168695641732,4.643329165357472,4.89430938079164,9.170002789792768,9.322615581219944,0.99923246850916,0.001545016520455044,NGC 5044 TR3,0.0
WALLABY J133328-205305,203.3682255020388,-20.88482012524489,128.1589359576503,8.471467737092963,4.456500379653157,63.48814678880774,9.45739387789112,9.610082731130992,0.9999623936823934,0.001703265059592223,NGC 5044 TR3,0.0
WALLABY J130838-192128,197.1591138349388,-19.35781389222714,67.38625690518356,6.399083958298619,4.910930186972905,-85.60380490063348,8.897202221905161,9.049997451554116,0.9999981066244146,0.001813915146420626,NGC 5044 TR3,0.0
WALLABY J130047-130944,195.197468256379,-13.16237961450181,261.6214958677075,6.769994083344619,4.895892767391603,-32.02465679956077,10.07373136991941,10.22662365831333,0.9331599023692724,0.001606101318859677,NGC 5044 TR3,0.0
WALLABY J132209-154439,200.5412709630311,-15.74436592473347,100.59788298965023,7.298637025143462,4.194398637068243,-78.42671826401973,9.243534417315924,9.39642831644394,0.9999943436201298,0.001718915348278728,NGC 5044 TR3,0.0
WALLABY J130618-113220,196.5765902430974,-11.53897819435225,84.37860463751342,5.706191513286208,4.178121174961952,-33.98387791428397,9.089800127946631,9.242753223372864,0.9999925939192473,0.001692680683486227,NGC 5044 TR3,0.0
WALLABY J132516-203855,201.3179996025189,-20.64873102661649,38.29284757943017,5.015781194081315,4.288142548732364,-42.9673644254804,8.402790102834416,8.555788457871012,0.9947773531058235,0.002356996992109754,NGC 5044 TR3,4.0
WALLABY J131503-192914,198.7654239369629,-19.48732822725,114.5422543238526,5.882144834760719,5.173144373420767,-68.72456378840059,9.353876224545248,9.506909948508568,0.711694650989333,0.001592928064836358,NGC 5044 TR3,0.0
WALLABY J133404-205326,203.5197833606067,-20.89067174637202,183.96727349960634,5.162936755168135,4.09753384877948,-64.03063697498821,9.764434203670898,9.917525440175814,0.7719803726339896,0.001606105288604808,NGC 5044 TR3,0.0
WALLABY J133434-245325,203.6439033822599,-24.89054701685858,144.51213618128074,5.029975273699987,4.518568881489094,-55.35123511064186,9.554697352181641,9.707792321045261,0.9980681785020147,0.002164705817299455,NGC 5044 TR3,0.0
WALLABY J132501-144523,201.257192847126,-14.75642577009771,205.11685851864988,6.471690259649053,4.959975193652171,8.006281734610809,9.85852879377034,10.011644796097187,0.9999881363479317,0.001744269765237745,NGC 5044 TR3,0.0
WALLABY J130420-181518,196.0856695936621,-18.25499626639328,39.02257713494888,7.043572631732182,5.345850944123897,-59.17790121134936,8.416729604194117,8.569870456748175,0.999999963288892,0.001818876119651574,NGC 5044 TR3,4.0
WALLABY J131307-164101,198.2802567212837,-16.68374170349101,38.32016642911336,7.241802201031086,4.014148547060616,-63.79246807773938,8.40055927439109,8.553722938251159,0.9999760992256534,0.001803722221704108,NGC 5044 TR3,4.0
WALLABY J130130-151321,195.3751196957897,-15.2227197687042,69.24481322864897,6.146239436333554,4.539034931637764,-36.50055009545054,8.913410265895441,9.066635939846918,0.9975367452677445,0.001925228525881201,NGC 5044 TR3,0.0
WALLABY J130752-194822,196.9671107170595,-19.80626732384953,198.9753653081023,7.354653495637932,4.526634727181763,-60.36098493370181,9.82996711462701,9.98320829844764,0.8561693952434786,0.001595123851686865,NGC 5044 TR3,0.0
WALLABY J132353-180755,200.9730417923531,-18.1319552332149,230.95339264046976,6.374358956107751,5.126654588416511,12.48444579420254,9.959316169390997,10.112563215531539,0.9998536176632147,0.001521302471223367,NGC 5044 TR3,0.0
WALLABY J132136-203629,200.4020611383117,-20.60813274018308,31.288589053324383,6.795209438560971,5.075087202479451,83.04061215413492,8.221788978586138,8.37510860590893,0.999897856168933,0.002170134616364257,NGC 5044 TR3,0.0
WALLABY J132937-230656,202.4066761917635,-23.11572524916008,137.36178032592338,6.153530646173986,4.861455186903084,89.3518610958931,9.506314459587356,9.659659302840534,0.9996377189919478,0.001786723773051457,NGC 5044 TR3,0.0
WALLABY J133735-211259,204.3985574737021,-21.21488445828209,224.41316611271958,6.066432305272094,4.423424991380179,62.01771793832594,9.931949511480248,10.085336726907256,0.9999868511901229,0.001559654696730657,NGC 5044 TR3,4.0
WALLABY J132929-235535,202.3722684948164,-23.92660580253705,197.50222907780483,7.415435109959573,4.547133778072462,-62.29843168515806,9.820388727817456,9.973811256531546,0.999999993467256,0.001700522742395691,NGC 5044 TR3,0.0
WALLABY J133128-212511,202.8685954823805,-21.41967994960323,36.579316887561966,7.455057839544129,5.262615408679304,-41.75945914054834,8.35442243877888,8.507920095603085,0.9226001457166685,0.002016506429065991,NGC 5044 TR3,0.0
WALLABY J132037-142743,200.1568186152438,-14.46202157734555,154.0657092841158,5.985388277202794,4.1842697629518,74.94802973588747,9.602501988167958,9.756049678310589,0.9998861037527801,0.001781823726778396,NGC 5044 TR3,0.0
WALLABY J130558-124008,196.4941751097408,-12.66904524169898,37.97739265505666,4.512517355215221,3.944905137012662,-38.10330638172056,8.385613685676125,8.53919197580704,1.0,0.001752260344394409,NGC 5044 TR3,4.0
WALLABY J131032-172527,197.6354207863164,-17.42416454384981,189.30797175356736,8.32393883306025,6.431500552633699,-52.71239743414547,9.779618605244197,9.933271433793536,0.9999999791257282,0.001611537625920706,NGC 5044 TR3,0.0
WALLABY J130950-212052,197.4588174609399,-21.34776588053049,19.530700213068396,6.687562055249755,4.854677045670222,-86.43502599654708,7.806704133514241,7.960357679321347,0.9999999296649118,0.00235914030928548,NGC 5044 TR3,0.0
WALLABY J134126-203030,205.3621798814314,-20.50867816778685,101.290361106156,5.334526369808728,4.664122163273467,63.17223672577241,9.236081895131536,9.389754204748789,0.9915865563729824,0.001947013365277826,NGC 5044 TR3,0.0
WALLABY J133523-230609,203.8487579576939,-23.10248706435084,113.12272101714889,6.338240159248437,5.298578173225495,-77.58481109676552,9.331684319243973,9.48537761548331,0.9998991956422664,0.001780604497230213,NGC 5044 TR3,0.0
WALLABY J130626-140731,196.6120560519171,-14.12550263463648,37.15486978384667,6.835173050137482,5.105389923225037,-38.802455519926,8.362828961397394,8.516626173056196,1.0,0.001606522198142412,NGC 5044 TR3,4.0
WALLABY J132313-152804,200.8053760830163,-15.46798025173516,95.3628461220084,7.223713907390137,5.023475808334864,-57.1553615016213,9.180142728240023,9.334022135986105,0.9998759745359576,0.001743425417708058,NGC 5044 TR3,0.0
WALLABY J133639-153513,204.1642062702846,-15.58694738487221,230.46665850260848,5.934739511225366,5.135235522289746,63.47543791145554,9.945724680661208,10.09965504532478,0.9842427271296331,0.001393841117855139,NGC 5044 TR3,0.0
WALLABY J134306-193556,205.7753761451923,-19.59910264630044,146.92501580037364,6.620940756761433,4.464581821179249,11.783981080285,9.554670276320135,9.70860236846115,0.9924748424310438,0.001763223399666418,NGC 5044 TR3,0.0
WALLABY J131430-102917,198.6284931088691,-10.48813979003269,237.21970988559337,6.192774263720874,4.238253880386043,68.38730970543219,9.969661991822948,10.123659163699706,0.7120560234373836,0.002667769180111791,NGC 5044 TR3,0.0
WALLABY J133402-144915,203.5099229470626,-14.82102660544575,294.68464009089985,7.308354777465035,4.99258775284793,-86.49811831681659,10.157940719591377,10.311945732973602,0.9999984980554891,0.001492078156852886,NGC 5044 TR3,0.0
WALLABY J130645-162250,196.6882336813661,-16.38060539270505,156.93503368073223,16.61499478488279,5.619788332855527,63.31810717205184,9.610629233701008,9.764636359815476,0.9765777593330447,0.001720539405531506,NGC 5044 TR3,0.0
WALLABY J130157-165915,195.4876881631947,-16.98772768172043,86.24440192452205,6.062222625083675,5.334755769289038,57.89699627564092,9.088396779115886,9.242535155619517,0.9999979960974721,0.00196627068520905,NGC 5044 TR3,0.0
WALLABY J131955-115759,199.9814832306542,-11.96649759130725,102.56476152937206,5.982021104486636,5.677197757003661,-68.5439691297308,9.238402307886743,9.392571490348468,0.9804729950230561,0.001727572672019852,NGC 5044 TR3,0.0
WALLABY J130813-120248,197.0582619578008,-12.04677668523579,90.71736019429507,5.552814651877856,4.702526338129655,-54.79255291783928,9.131753249534144,9.285924384092176,0.9973280322615812,0.001515693739145543,NGC 5044 TR3,0.0
WALLABY J133607-222504,204.0327322057806,-22.41759156619483,126.59485798263972,6.122021216256725,4.590228463031065,-36.52483664060478,9.421045347279547,9.575225755039465,0.9999210439676782,0.00168339156617756,NGC 5044 TR3,0.0
WALLABY J131548-150626,198.9522313080854,-15.10737534555486,177.0070230151734,7.382182075132495,5.886717439091305,42.06761255079533,9.712034901721,9.866224587941856,0.999270649378271,0.001580059359303663,NGC 5044 TR3,0.0
WALLABY J133027-210654,202.6157957829791,-21.11483246376491,81.57630458587974,5.920810573806213,4.779919945889454,47.22476047388062,9.038747462401897,9.192962456966178,0.9999992683255458,0.001790071648978142,NGC 5044 TR3,4.0
WALLABY J133537-232753,203.9083765966654,-23.4652914173535,216.3475485742391,8.012549698260349,4.744733084536866,53.58651067437764,9.885612539796968,10.039845639768476,0.9999497869579589,0.002132051988330674,NGC 5044 TR3,0.0
WALLABY J131444-172117,198.6855554486099,-17.35488822314012,169.425858239314,5.519628091375255,4.564453640019132,14.52460112476007,9.673189568301844,9.82742723559699,0.9999964409327826,0.001578683670018018,NGC 5044 TR3,0.0
WALLABY J134053-184433,205.2237026192935,-18.74268341213172,111.55059687336663,6.996582095148152,4.03040096938833,30.40273750763117,9.309997866165451,9.464245792994191,0.9999842681590787,0.001789856937545818,NGC 5044 TR3,0.0
WALLABY J130321-134144,195.8406584450456,-13.69555148865209,199.07263789536867,9.125101640206427,5.426901662813647,55.24713345334759,9.810548071745579,9.964943378179512,0.9982687099707617,0.00154772846047144,NGC 5044 TR3,0.0
WALLABY J132202-174134,200.5124197840595,-17.69294491555679,198.5666770803539,5.879619228975375,4.918524802207861,-41.0713798150308,9.80826655269819,9.962666004258967,0.9999999419938365,0.001568245225195004,NGC 5044 TR3,0.0
WALLABY J133553-204426,203.9718060645696,-20.7406414375937,22.847334426922178,8.415554444626917,4.709373839845414,-75.00196314880247,7.92959564842427,8.084025953697498,0.9999998658389371,0.001839846212009383,NGC 5044 TR3,0.0
WALLABY J130413-113048,196.0573865292773,-11.51357869416797,81.2657623101273,8.783842943196971,5.829831135128977,48.92997270523165,9.029933685855172,9.18446930083459,0.9257353461046829,0.001803044776067554,NGC 5044 TR3,0.0
WALLABY J130105-165505,195.2718823279866,-16.91831219432112,193.3904494508352,6.266629184383075,3.540869818963186,50.9563718636596,9.78120450412445,9.935844182175854,0.9998080793717827,0.002079492303894528,NGC 5044 TR3,0.0
WALLABY J131742-141341,199.4270690778312,-14.22825627132551,172.12661223308876,6.237999277694508,5.265456380449417,62.48517939133836,9.679895499816013,9.834543054398145,0.9989459168773533,0.00151306041734251,NGC 5044 TR3,0.0
WALLABY J130422-210413,196.0938020008082,-21.07042140684789,43.792920421515134,5.69549247059639,4.407535915773821,45.01610755101441,8.490599385614154,8.64527074038627,0.9989047160249652,0.002232772965896183,NGC 5044 TR3,0.0
WALLABY J125848-114647,194.7029004710199,-11.77985046216893,68.81506421782457,8.907086961387897,4.440223506532728,-18.02132251244399,8.882980243692579,9.037662005795296,0.9284223094744551,0.003413670482492533,NGC 5044 TR3,0.0
WALLABY J133840-135814,204.6685519972923,-13.97054456128081,212.46844007135627,6.773835554434273,4.875066463159065,-79.8177924621923,9.861305307176774,10.016039401735473,0.79553418880339,0.003592872717214151,NGC 5044 TR3,0.0
WALLABY J134017-200502,205.0707656756805,-20.08470467576307,167.5316348465526,6.604878539244917,5.885791548387568,71.66159436742393,9.653219549615,9.80805232991308,0.9224249503235962,0.001785646159845897,NGC 5044 TR3,0.0
WALLABY J130438-113758,196.1607658543865,-11.63297050590848,81.23386956456386,6.001523031763837,4.778754951311912,-35.81168178114717,9.024018167173276,9.178879091948158,0.9647121389355614,0.001768975042568972,NGC 5044 TR3,0.0
WALLABY J131805-191823,199.5246093520433,-19.3064179324061,197.28819765067104,5.775416844748185,5.049182911183821,1.156648765395261,9.793223683350671,9.948173519228398,0.9989545941190777,0.001583173538060438,NGC 5044 TR3,0.0
WALLABY J131551-161220,198.9626237908921,-16.20575391511587,129.64573915114644,5.813396984769926,4.237253204393484,61.18742471712056,9.42782321442247,9.582814803685372,0.9185250943647096,0.001847015571716689,NGC 5044 TR3,0.0
WALLABY J132306-164944,200.7757852443959,-16.82901421705243,96.25525771710645,5.196219331045311,4.60426795805146,-4.197023732116477,9.1687311523948,9.323747541902756,0.9994657638346054,0.00159186425943995,NGC 5044 TR3,0.0
WALLABY J130200-155427,195.5000816096068,-15.90762762227449,76.15600258340501,7.338284014922598,5.388275174753911,57.33702361741801,8.964436450175857,9.119502744066843,0.7397771488546474,0.001829234220285081,NGC 5044 TR3,0.0
WALLABY J131225-185354,198.1058300258311,-18.89852565283254,149.8300221361233,6.460001021498855,5.310865512595697,-78.43763071739532,9.55210719568013,9.70718042357457,0.9998957973591349,0.001617711011094068,NGC 5044 TR3,4.0
WALLABY J133104-212509,202.7688431418972,-21.4193995338563,80.18237025760354,6.14074528788137,4.975863166477841,62.7444951143853,9.009037567576287,9.164112532679702,0.9840911683550646,0.001742428148692005,NGC 5044 TR3,0.0
WALLABY J134115-145751,205.3157526128213,-14.9643304083977,233.8385755943171,7.814594105821015,5.954519458279458,75.81214623092156,9.938264425237321,10.093365552966878,0.9999935152153626,0.001724355538786082,NGC 5044 TR3,0.0
WALLABY J133916-181515,204.8177970327112,-18.25427956363206,145.40683834103197,6.167391470637774,4.846030320488984,5.131250788033327,9.52560092645176,9.680702103886222,0.9994335894607467,0.00144982582935161,NGC 5044 TR3,0.0
WALLABY J133158-205217,202.9935060777838,-20.87151825487449,92.6993692170358,5.894863555073343,4.464271304307049,-70.49768016935572,9.134052630370668,9.289184913751768,0.9990552692147675,0.001789278304043513,NGC 5044 TR3,0.0
WALLABY J132506-240322,201.2786206541892,-24.05601142980211,194.1622143533711,6.266446075924275,5.044413932695284,62.30284225906149,9.776184312862418,9.931319179050778,0.9993111467531491,0.002037909223643122,NGC 5044 TR3,0.0
WALLABY J130003-183028,195.0130207018906,-18.50790904054714,196.6419392200717,10.5657519081766,4.998884000760949,37.13480699585412,9.786973073110023,9.94212162358858,0.799782492427628,0.002280884464613788,NGC 5044 TR3,0.0
WALLABY J134241-233218,205.6709182533575,-23.53830848098768,100.41116176793865,6.249469975717168,5.596970903380544,-32.03668594893838,9.202893922270814,9.358059474626288,0.995401291208185,0.00192466706584153,NGC 5044 TR3,0.0
WALLABY J134054-194402,205.228903684471,-19.73401686132054,207.6542750735664,4.895877243388759,4.257162913108579,71.31906549361642,9.833927778781737,9.989098236355098,0.8389920530765016,0.001904208380215214,NGC 5044 TR3,0.0
WALLABY J131324-124234,198.3528156008235,-12.70946501825881,217.95081698027963,6.549815813595441,4.280736987298725,-23.55009671380159,9.875308422617756,10.030517151357238,0.9999941180019015,0.00138847333204703,NGC 5044 TR3,0.0
WALLABY J133217-231924,203.0710658887626,-23.32337707705301,190.90740979590078,5.95603499737573,5.746533503172082,-41.48695972346567,9.759579040604496,9.91482624164984,0.9998356742614986,0.001623130403588885,NGC 5044 TR3,0.0
WALLABY J133756-182406,204.4856856716795,-18.40173332274262,156.71403785169602,4.767590436136164,4.457031119525724,52.30831239287514,9.58659428761639,9.741932435402644,0.9954661592770969,0.001539211199694409,NGC 5044 TR3,0.0
WALLABY J131301-193617,198.2571229373033,-19.60496602207762,111.8738292669881,5.784774080863841,4.731243067113351,-61.79704965062781,9.29376541475386,9.449107662126272,0.8332675787263402,0.001596702084273017,NGC 5044 TR3,0.0
WALLABY J131326-143106,198.3621290467027,-14.5185805219338,89.55470500559012,6.909209614271373,4.884309791984014,-57.22572100096215,9.098378420170954,9.253843940347867,0.9316558874894629,0.001516604018963934,NGC 5044 TR3,0.0
WALLABY J133535-212716,203.8962537240686,-21.45423820942985,80.79391302985911,6.001519707380382,4.101286156667141,54.08987542083757,9.007067824595133,9.162644043092564,0.9999999999815086,0.001771754899746638,NGC 5044 TR3,4.0
WALLABY J130445-183840,196.1893836846043,-18.64448002770689,38.93530645296326,5.550949599897291,4.580844636744892,-48.09771546732534,8.372753275806499,8.528343808423095,0.9406343105679238,0.001830864577350785,NGC 5044 TR3,4.0
WALLABY J133413-225449,203.5550697671939,-22.9138658431124,184.42584801732528,5.961129201436814,3.816737316626084,-47.24442661414681,9.72250564969656,9.878166688699043,0.9959040068741741,0.001633641598306373,NGC 5044 TR3,0.0
WALLABY J133806-205136,204.5288090721251,-20.86011403973667,172.96025214567945,6.212605509778473,5.311077848979532,74.72735733510665,9.666593816010309,9.822264277388266,0.9975848405496263,0.00163286162968686,NGC 5044 TR3,4.0
WALLABY J125721-171102,194.338599301018,-17.18393353153632,69.00511558164087,5.012130995386879,3.838556027646426,-8.797372691917388,8.866781104491443,9.022550139225848,0.7176259801091448,0.00726047467834359,NGC 5044 TR3,0.0
WALLABY J133218-233549,203.0778832974985,-23.59719927624286,182.3468637226873,7.757896747549153,4.793734678299473,64.11519807700992,9.710702222254133,9.86647787178642,0.9999998056069621,0.001659920102892934,NGC 5044 TR3,0.0
WALLABY J133117-211744,202.8227536164669,-21.2958232984311,77.19092849872916,8.161439088063608,5.211292728470561,85.20199085448432,8.963847030265116,9.119633879209037,1.0,0.001749391167951286,NGC 5044 TR3,0.0
WALLABY J131713-125334,199.3082883287817,-12.89284904110623,97.79736768291261,12.28804920419362,7.502319923865787,16.99746271900119,9.167668779932605,9.32355526370447,0.9856239808323857,0.001539058796000886,NGC 5044 TR3,0.0
WALLABY J130004-154055,195.0186083394265,-15.6821393714835,16.1661577931796,8.754310369596912,4.929227427863311,34.54746355853339,7.602737679558082,7.758711544694582,0.9619108420975431,0.002162589770546805,NGC 5044 TR3,0.0
WALLABY J132729-163924,201.8728360177522,-16.65673968531687,78.26052309984236,8.152654576442576,5.170482782117187,2.785961653450244,8.969280582953392,9.125449717842516,0.999735123684024,0.001519276520425438,NGC 5044 TR3,0.0
WALLABY J134028-151237,205.1174930225982,-15.210407360153,185.80860106765795,6.104206795537415,4.77851469945228,64.78600039138384,9.720263654034687,9.876436489082954,0.9999999992085772,0.00163463688244986,NGC 5044 TR3,0.0
WALLABY J130327-202706,195.8644578804258,-20.45181421574739,194.85591857694797,5.405158064741144,4.179573749163579,-4.154612237171321,9.761166216321223,9.917362114783666,0.7543783591728523,0.001840449268074127,NGC 5044 TR3,0.0
WALLABY J131547-173827,198.9493682923758,-17.64090646996521,192.83010096903345,13.0427580602947,4.736919297743978,-49.03652968495724,9.750427584253835,9.906720983074136,0.9985645244564478,0.00154682586124689,NGC 5044 TR3,0.0
WALLABY J132322-173508,200.8438816199705,-17.58566345161269,145.9396829268149,5.170075020129279,3.808789878616701,-48.51327890474044,9.508411735528249,9.664705896945497,0.9961651966841416,0.001538193650458663,NGC 5044 TR3,0.0
WALLABY J130501-204158,196.2565231564935,-20.69949297510881,100.7555463779998,5.557664008009842,3.650344717737712,62.79542508741589,9.185946113959087,9.342278834555986,0.8191470192911156,0.001959655881636838,NGC 5044 TR3,0.0
WALLABY J133809-152425,204.5393027603832,-15.40704344949516,57.36945344041916,6.337667169564166,4.389499069280585,38.59101740097512,8.695088052275496,8.851519526268786,0.9999990236568581,0.001505997809259715,NGC 5044 TR3,4.0
WALLABY J130220-143758,195.5839848978225,-14.63290056417671,70.10063079498727,6.76047888805804,5.024916721003545,-87.27545820107423,8.868685250821066,9.025145227403305,1.0,0.001733235254553371,NGC 5044 TR3,0.0
WALLABY J133543-174712,203.9324671486429,-17.78667518638819,209.31833799486216,5.953188155462183,5.299985123293054,5.292036531308327,9.81801803574924,9.974527239041384,0.9999999999408439,0.001381426042002513,NGC 5044 TR3,0.0
WALLABY J131052-185857,197.7174676072685,-18.98266441569512,287.053222134957,6.208710575657038,5.737207455183244,61.32125587294722,10.091107985157599,10.24768889930164,0.9999985373522332,0.001410346627721039,NGC 5044 TR3,0.0
WALLABY J131038-144004,197.6593126665803,-14.66787552159157,47.854772126292374,6.328749436698561,5.72579295853637,20.08858394202252,8.534682872354278,8.691284402998281,0.999996541042517,0.001490096822538281,NGC 5044 TR3,0.0
WALLABY J131753-193408,199.4719763386612,-19.56890263981284,224.96727830797616,5.949569608138838,5.49478177763715,65.4599283740295,9.87906472931212,10.035666632012662,0.919132735407341,0.001540416189939403,NGC 5044 TR3,0.0
WALLABY J130405-141215,196.0210746712954,-14.20425803682167,201.05954003400143,6.223707123442716,5.743647242545673,-30.16676736408649,9.780370158985908,9.937037029776084,1.0,0.001599441553608912,NGC 5044 TR3,0.0
WALLABY J131818-145755,199.5750092575865,-14.96551320373002,156.08750086748583,6.94909431146777,5.19958918650947,53.55660400663211,9.560161181863506,9.716845446865875,1.0,0.001692623812572279,NGC 5044 TR3,0.0
WALLABY J125940-151600,194.9190572595249,-15.26692401718968,69.46880130969375,5.103916680362337,4.113729467001122,22.3236363733898,8.856791653577883,9.01348843549523,0.8652959974653446,0.002407732578658022,NGC 5044 TR3,0.0
WALLABY J132531-220703,201.3803810665879,-22.11785928955874,132.79599628965929,6.271919866566718,5.383577437261435,-80.92560855015421,9.419348864572259,9.576059354250694,0.9690730560983298,0.001897579251041006,NGC 5044 TR3,0.0
WALLABY J130938-155416,197.4097144552153,-15.90443622086985,83.26234231094207,5.019989378444978,3.908679749463571,-18.11852762366826,9.013355104465022,9.170096233104395,0.996324653050847,0.001607075546094206,NGC 5044 TR3,0.0
WALLABY J130143-175939,195.4298724334875,-17.99439172296108,44.233724859301276,5.165256987416322,4.608450077741141,19.4093503854121,8.461798011098972,8.618666594973588,0.9999999931253511,0.002011652466355976,NGC 5044 TR3,0.0
WALLABY J131611-191738,199.0462207701643,-19.29413873299288,287.7885848782682,5.380523707378813,4.726681287883108,-27.86657051915837,10.08837084428957,10.245243384813971,0.8891104000876872,0.0014444867810463,NGC 5044 TR3,0.0
WALLABY J133821-225200,204.5887716706891,-22.86648324821883,130.48286723898923,6.537503277475481,4.869356120486489,4.815536710306134,9.400842650168828,9.557743906639761,0.9475070129120012,0.001668210311508211,NGC 5044 TR3,0.0
WALLABY J133117-152046,202.8209953290672,-15.346367264738,147.2157066306073,6.920618908282677,4.635844641212773,-61.06453518833793,9.505429600115063,9.662343470140005,0.9999999965843549,0.001408732969474529,NGC 5044 TR3,0.0
WALLABY J132009-174141,200.0383083530957,-17.69478504670975,104.3400644303452,5.819384323107744,5.40354681865005,-87.37919359365478,9.206323993541691,9.363243719429907,0.9996286790535398,0.001661084877893771,NGC 5044 TR3,0.0
WALLABY J131836-145740,199.6503808470867,-14.96126878268048,30.334447889638074,6.251261699734799,4.678959131289412,-28.20870986065545,8.13293674810221,8.289877497556226,0.9999999999999118,0.001718039760580833,NGC 5044 TR3,0.0
WALLABY J132634-222458,201.6446580382134,-22.41634424683108,103.05675255064996,5.724219350312613,4.013977860674216,-18.0350636430429,9.195072067294344,9.352021372109627,0.9954986979752984,0.001969807555523513,NGC 5044 TR3,0.0
WALLABY J131342-181322,198.4291349413882,-18.22296370404628,99.78185068875977,5.73464714806495,4.277627793214569,43.51629845582411,9.166181379207787,9.323180176194837,0.9999999990501273,0.001611373312991789,NGC 5044 TR3,0.0
WALLABY J131928-123828,199.8670535750092,-12.64112569734686,35.9778850244243,10.81063703539741,6.525122423257866,-88.86677136617935,8.279972512592852,8.436981730381786,0.9788883108906412,0.001772820172222768,NGC 5044 TR3,4.0
WALLABY J133120-231334,202.8343341193801,-23.22621145664943,107.75684699440376,6.580405785338888,4.407391910245573,-47.51332036281097,9.23199810458012,9.389053998982135,0.9999156231050047,0.00186072620841247,NGC 5044 TR3,0.0
WALLABY J134129-155821,205.3725807327366,-15.9725662506203,108.90243800321802,5.692462883372926,5.279628042224354,-28.37701619955745,9.240996225759462,9.398063149567564,0.9972794605500661,0.001574521564845361,NGC 5044 TR3,0.0
WALLABY J130354-110256,195.9784508813602,-11.04894332855489,39.092285338038174,5.923576748132345,4.781860328072211,-48.30656984198156,8.35107591005387,8.508144438092993,0.9999999999999909,0.001801728287763652,NGC 5044 TR3,4.0
WALLABY J132046-124531,200.195072601996,-12.75864481760356,76.11032138556985,6.228086865894906,5.490589765182479,-38.19219864910304,8.929390895133464,9.086482386034756,0.9194433431974737,0.001945461799023099,NGC 5044 TR3,0.0
WALLABY J131251-183142,198.2135433607558,-18.52859263184482,87.97537937584089,5.214717512538879,4.406316848505961,57.67166528556547,9.055181190657873,9.212275324676414,0.8686438849641952,0.001615171409795659,NGC 5044 TR3,0.0
WALLABY J130426-202720,196.1108525780161,-20.45556189155397,224.75261160267135,11.11281261399765,4.022935851350867,-43.23715952845177,9.869825129435268,10.02692181025431,0.7171860865585084,0.00178816401384489,NGC 5044 TR3,0.0
WALLABY J130430-180121,196.1261460880446,-18.02263353666683,200.33903397321046,6.626961795746726,4.935685396539893,-36.24871380301733,9.769651911830763,9.92676595652454,0.9999975756120019,0.001617321803473576,NGC 5044 TR3,0.0
WALLABY J130417-202952,196.0749789550001,-20.49795255135566,67.84102759721777,5.398960700415492,3.699349289065228,21.42371474228133,8.828869306054754,8.985997266212648,0.9992712631797067,0.001996865338339129,NGC 5044 TR3,0.0
WALLABY J130315-140627,195.8164769716052,-14.10755420854743,103.54246246132357,5.72362741636942,4.079657285488492,-22.99368739869209,9.194608923408273,9.351825971437542,0.9680428360117989,0.001608059179898721,NGC 5044 TR3,0.0
WALLABY J133511-223024,203.7984081969727,-22.50687233092482,71.7287088901806,4.89767121810754,3.964617843571954,-29.27963852530642,8.875510330447705,9.032741967701355,0.9999999999914868,0.001765200505339469,NGC 5044 TR3,0.0
WALLABY J133815-212023,204.565087446508,-21.33976223718675,140.37520211103134,5.272060129192305,5.143108989934615,53.95097159218091,9.458594430756522,9.615832587121425,0.9999999922538487,0.001570871815691075,NGC 5044 TR3,4.0
WALLABY J133339-160930,203.4161786253409,-16.15842991401895,209.48504717417842,6.060586894950069,4.76590019125396,0.03399653373864453,9.805919936626733,9.963181645767499,0.9508886358226722,0.001386143695746549,NGC 5044 TR3,0.0
WALLABY J131626-173326,199.1101956043944,-17.55720851244784,31.056908246816477,5.404942672630602,4.738030932259367,80.80130482473199,8.147794717042009,8.305064417389685,0.9984371600208478,0.001760052608892116,NGC 5044 TR3,0.0
WALLABY J134437-200614,206.154848333587,-20.1044244137002,109.98805241392203,6.403428244109619,5.493342607761844,-29.34442108137522,9.245603159090567,9.402906218240169,0.9348676970580422,0.002346156567442782,NGC 5044 TR3,0.0
WALLABY J132826-182936,202.1103093421292,-18.49333318612945,90.29909598339265,6.693607124621416,4.224727774559931,75.31790461508673,9.074094516552243,9.231408443900687,0.9999999999518949,0.001591789265776489,NGC 5044 TR3,0.0
WALLABY J132625-215123,201.6072884818515,-21.85646403837498,127.6245466446576,4.947191162505596,4.100739010794328,-10.6106006660475,9.374581811604573,9.531896582944187,0.9614889302392877,0.001873872796104363,NGC 5044 TR3,0.0
WALLABY J132858-241435,202.2433281396393,-24.24315051311222,174.3236518889025,6.512766168132098,4.142022229242891,-84.95373076541254,9.644392312716052,9.801768008497062,0.9635489484714161,0.001875089609285944,NGC 5044 TR3,4.0
WALLABY J130656-184823,196.7341268187865,-18.80662581588253,40.26833478287657,9.512030387974773,4.538812757502392,33.31596303093102,8.371400580949217,8.52878844679143,0.9999993028482147,0.001793022722989301,NGC 5044 TR3,0.0
WALLABY J133737-234516,204.4063976879202,-23.75480607985792,132.47993775873863,6.611874686149745,4.190603928511186,20.58421613230388,9.405188756374383,9.56261109080374,0.9965805786582619,0.001820749321560751,NGC 5044 TR3,0.0
WALLABY J130342-123045,195.9289980190082,-12.51271340525349,216.2132756799333,6.760829323932343,5.325663822407054,-27.1679350667034,9.830275645637045,9.987720241782956,0.9999922976141572,0.001586717657474705,NGC 5044 TR3,0.0
WALLABY J130548-200037,196.4526133601887,-20.01053900048564,204.5148789778426,7.145682824257753,4.935155119786895,-6.834678147347702,9.779809815958604,9.937381260704717,0.924367560418968,0.001667171446467085,NGC 5044 TR3,0.0
WALLABY J133819-203750,204.5816357981822,-20.63120524566293,227.33246832274153,6.609429900128174,3.766599018036814,-78.75131564375748,9.87091323775639,10.028530088654414,0.9982987084821479,0.001698726605321348,NGC 5044 TR3,0.0
WALLABY J132552-241252,201.4697867299596,-24.2153053491788,177.67308436871156,7.16580988838984,4.16443887229463,11.00029661668628,9.656733701771715,9.814356445736264,0.8980491602956365,0.001894749340555162,NGC 5044 TR3,0.0
WALLABY J132311-171200,200.7983678891422,-17.20019650884533,101.04203299554335,5.593674353272496,5.145815286390381,-22.10861915415349,9.165821309402245,9.323483778072903,0.9999997594350764,0.001701961947603438,NGC 5044 TR3,0.0
WALLABY J132256-170904,200.7363069306648,-17.15120211274913,233.62694724198903,6.88509656639454,5.599595479121468,40.70624276186834,9.893822496006187,10.051487355947748,0.9985411346946637,0.001504201154392528,NGC 5044 TR3,0.0
WALLABY J130133-191211,195.3878234585142,-19.20318473402296,185.91969678116484,6.307697138762106,4.456094422619043,-14.86292442536551,9.69541134439746,9.85307715372929,0.7255465413432405,0.001820934518801012,NGC 5044 TR3,0.0
WALLABY J131256-181446,198.2340229429788,-18.24625014854569,110.22173027867767,5.327590053224288,5.190562296058889,67.9667822758824,9.240899774847444,9.398588906222887,0.8407106649942728,0.001574216843757122,NGC 5044 TR3,0.0
WALLABY J131425-150115,198.6065225096399,-15.02100672116656,76.83560776362515,7.237534050995606,4.690368277431774,39.2930479894882,8.926888804974455,9.084613440280972,0.9990358080780645,0.00167738421990926,NGC 5044 TR3,0.0
WALLABY J134354-192105,205.977040147599,-19.35139440271675,149.13109880920666,5.100220570230283,3.922358108153057,-14.07050837272546,9.501229038770578,9.659052324123827,0.9999844220539739,0.001862288389420483,NGC 5044 TR3,4.0
WALLABY J132751-240335,201.9652142604467,-24.05982434960843,133.86460082270403,6.886465402343877,5.584474025330425,-32.14231660740723,9.407298765988973,9.56512945139962,0.9845206002634391,0.002008096955499158,NGC 5044 TR3,0.0
WALLABY J130850-125228,197.2114859298381,-12.87461885989876,73.19478847415695,7.509648264342969,3.67193941779521,-12.81223118169471,8.882333898287511,9.040199640466636,1.0,0.001545164091415363,NGC 5044 TR3,0.0
WALLABY J134603-230141,206.5130126494601,-23.02825904541005,84.49836157459059,5.243426944700933,4.969294076260888,84.14245999260827,9.006555860022246,9.164451973829635,0.9085529325516151,0.002679731575571226,NGC 5044 TR3,0.0
WALLABY J132949-220314,202.4555895929506,-22.05397258097478,103.20871461827582,6.288188413361339,5.459725277127141,-21.52445808028656,9.1792388542322,9.337197173590122,0.9957156357959005,0.001802297428397165,NGC 5044 TR3,0.0
WALLABY J131913-185018,199.8069078257007,-18.8385333262436,200.7741488810702,5.960351959061905,4.402176274749632,-62.41341308635033,9.756583757945304,9.914579764370684,0.9999903334569941,0.001549046329556257,NGC 5044 TR3,0.0
WALLABY J133134-240142,202.8952624545263,-24.02844145115752,110.23474485751784,6.82750330275376,4.472006931701916,12.64013959940922,9.235261512796988,9.393289640990721,0.9850073198549193,0.001879831901339436,NGC 5044 TR3,0.0
WALLABY J131652-175359,199.2204167002904,-17.89995036556701,40.17522413917211,7.539932966954527,5.745257222516347,38.7288824924963,8.35836130203938,8.516400056730188,1.0,0.001661941220957659,NGC 5044 TR3,0.0
WALLABY J134227-152601,205.615239270903,-15.43386505510212,233.017611193649,5.649290487326778,4.183207266297752,-73.76314683391581,9.885207037233531,10.043246685325235,0.999661672530643,0.00161761987955366,NGC 5044 TR3,0.0
WALLABY J130441-123008,196.1723652188126,-12.50242952874542,267.32924803770976,5.93369407138106,4.375374082239695,-31.84000830627023,10.003612555510944,10.161705977325628,0.9716857684452553,0.001431628776565698,NGC 5044 TR3,0.0
WALLABY J130449-113123,196.2081770274513,-11.52310010452306,80.8747205377455,5.694744479352182,4.751783835546393,55.28926484054617,8.963826876003209,9.12199822380388,1.0,0.001735556347271939,NGC 5044 TR3,0.0
WALLABY J133540-163840,203.9184056733902,-16.64468058949168,18.871149109983556,7.076548619780683,5.506279744342448,47.79027951307305,7.699419055624773,7.857612808300135,1.0,0.001484156271546757,NGC 5044 TR3,0.0
WALLABY J125859-135141,194.7491421413461,-13.86139762025943,69.74627161952594,6.231185320965717,3.993293819802204,68.47694124803226,8.834853048929412,8.993047467935394,0.9967971673413982,0.003000604693761302,NGC 5044 TR3,0.0
WALLABY J134251-171732,205.7155764263937,-17.29232512431577,239.12919179888294,6.525322397808551,5.280003195876759,42.28660798519448,9.905040040280623,10.063236599408281,0.9946112047840581,0.001534536134411729,NGC 5044 TR3,0.0
WALLABY J132141-143530,200.4215982652817,-14.59170160724795,102.50503329498095,5.791580301155228,3.759815180815817,-40.87120032183498,9.168004809806089,9.326275900668255,0.9802961754606057,0.001790965445724357,NGC 5044 TR3,0.0
WALLABY J130223-160911,195.5992450289707,-16.15331766265529,197.262533250585,5.956543166566032,3.515196125364129,-28.26174327798921,9.736388531513478,9.894672343976067,0.9996492016194812,0.001763632110817338,NGC 5044 TR3,0.0
WALLABY J133613-205108,204.0574904400777,-20.85237459837474,81.28025161352653,6.000511135941012,4.121810200568369,-63.9336070668716,8.96606435541184,9.124360295421491,0.9838094821246015,0.001773931787158367,NGC 5044 TR3,4.0
WALLABY J131153-145917,197.9741669321346,-14.98828314165901,201.0124816975694,6.442117662892211,4.627220681559032,35.21322781506876,9.752491715640122,9.910790530426675,0.9999583808919682,0.001391771672458379,NGC 5044 TR3,0.0
WALLABY J134248-171356,205.7003820939981,-17.23232648728719,237.9989376300022,6.564112334439786,4.776182800656302,24.09993152531072,9.898992307109966,10.057303152172613,0.9999992351970095,0.001593114642857533,NGC 5044 TR3,0.0
WALLABY J132906-210123,202.2788941155835,-21.0235311544069,82.79969690468678,5.114161762812276,4.998481887468188,56.52794746395851,8.981571248752235,9.139901526317228,0.9999999523425801,0.001800464700628567,NGC 5044 TR3,4.0
WALLABY J132148-150324,200.4524933611253,-15.05668764837442,39.268718071132895,5.640625086019333,4.923424967404982,81.29090991187451,8.332048182639893,8.490470697692064,0.9999911559122594,0.00188272170319748,NGC 5044 TR3,4.0
WALLABY J132607-202810,201.5330772964406,-20.46948145672217,114.31226293701336,6.860543958855132,3.694299567371184,-68.16750339970966,9.259456511510772,9.417919495331905,0.9591293862733138,0.001974535435676202,NGC 5044 TR3,4.0
WALLABY J130821-185647,197.0900918634908,-18.94647539830084,195.36924787373988,12.38714031282093,4.86992769270115,-83.07068905155982,9.724570474997346,9.883057890173422,0.9999750725190566,0.001590970807888964,NGC 5044 TR3,0.0
WALLABY J132121-151214,200.3403423933912,-15.20397795713184,100.27235561033133,5.40480809947039,5.12627185781766,28.67812398185146,9.14494166830504,9.30344558766049,0.9997684591061756,0.001815587099511403,NGC 5044 TR3,0.0
WALLABY J132746-161514,201.9422180203214,-16.25395675024872,99.99740804515454,16.43723047180374,4.658060647221144,7.323536970186524,9.142503184313593,9.301010272491151,0.9999149365945107,0.001472153229349129,NGC 5044 TR3,0.0
WALLABY J130223-174422,195.5975162520432,-17.73943339363973,43.10937313616305,7.094415021213291,5.053899390171167,43.91626643494732,8.411533979302115,8.57004906718606,0.9977662919633671,0.001973228785436321,NGC 5044 TR3,0.0
WALLABY J133629-163858,204.1210381943245,-16.64953545141569,204.51566555842643,5.283997035294341,3.88153762740841,48.77366969987219,9.763658071935692,9.92218414835546,0.9999336082879121,0.00143283924678495,NGC 5044 TR3,0.0
WALLABY J134437-235646,206.1572947687354,-23.94613101035721,95.97545177765022,6.276150684951805,4.196630917239937,-17.11586139004272,9.10652380639264,9.265049968140621,0.8897747837687227,0.002168208254389842,NGC 5044 TR3,0.0
WALLABY J130643-155855,196.6805164857174,-15.9820745893096,162.03719977783115,6.83455742587824,4.116923509570124,-67.21586760698767,9.560792292100505,9.719356379682461,0.999985914785412,0.001715225729075514,NGC 5044 TR3,0.0
WALLABY J132036-173846,200.1515612727701,-17.64635854832564,70.18006128506413,9.07257150640045,5.086439922471011,-45.68844181656149,8.833657744277989,8.992241522883713,0.9662852118133559,0.001775271058347371,NGC 5044 TR3,0.0
WALLABY J131535-142104,198.8973986368676,-14.3511434652729,99.58840245893559,5.294324221609589,3.783665997190544,-44.52961906813623,9.136802581270823,9.295436407713071,0.9619903472680863,0.001552047456875595,NGC 5044 TR3,0.0
WALLABY J134004-235850,205.0169543901854,-23.9806869707751,281.7383785468995,6.904800699367498,4.431512419945184,-17.25873113273252,10.039180042080389,10.197866994842622,0.999334052304539,0.001691981317952643,NGC 5044 TR3,0.0
WALLABY J130602-155021,196.509868627366,-15.83932260839759,96.20005399392727,6.312810049857251,5.482020486442626,73.85935058824717,9.105661658242044,9.264359095104787,0.9980588266920006,0.001613688105897431,NGC 5044 TR3,0.0
WALLABY J132032-170535,200.1363924958821,-17.09308831815241,98.82769868221635,5.687332167622598,4.23234822436928,55.01185613238495,9.129044802520422,9.287743636622835,0.9910402867415121,0.001780967815208543,NGC 5044 TR3,0.0
WALLABY J132943-161354,202.43235640464,-16.23165937745227,225.58290405885765,6.304193845742335,3.947470948000851,81.02351718552852,9.845777080021191,10.004483183278383,0.9999963752733722,0.00142035224087652,NGC 5044 TR3,0.0
WALLABY J133939-234522,204.9152996308132,-23.7564146140077,167.49780367654307,6.128037119847632,5.451274739291116,-11.27636965603435,9.586104609862614,9.744874596101193,0.9946274273234723,0.001777882115058145,NGC 5044 TR3,0.0
WALLABY J133027-143749,202.6150786766676,-14.63051272690866,362.2759652436109,3.633859554507369,3.331569181167755,-66.01475104200628,10.25616250587934,10.414932664648992,0.9864152277020845,0.001440913578934005,NGC 5044 TR3,0.0
WALLABY J133005-173426,202.5239556273755,-17.57404513915154,227.48385596578254,5.359056216856668,3.732279184254641,60.37039116383409,9.851547963052413,10.010343994868338,0.9999976737212444,0.001393630980259596,NGC 5044 TR3,0.0
WALLABY J134447-230014,206.1971380530454,-23.00411810404794,84.53204551662803,6.60029356961151,5.226088680489129,-29.39375334591377,8.990347016842744,9.149222612494505,0.9923619523402135,0.002061448258893789,NGC 5044 TR3,0.0
WALLABY J131734-161058,199.3920098936671,-16.18286981582153,198.64579240265286,5.946043708967704,4.688345374047564,84.54341376712078,9.731763598304594,9.890680651732012,0.9917347101283549,0.001841889940361596,NGC 5044 TR3,0.0
WALLABY J133951-233716,204.9662212800156,-23.62100506255063,169.85718274759947,4.70406524805354,4.233847919997545,34.42988687619297,9.594600588801415,9.753587134500185,0.9999991632522612,0.001692314603946066,NGC 5044 TR3,0.0
WALLABY J131331-160600,198.3830437886483,-16.10011813666645,38.853288132230446,8.940137954100646,6.423388995038699,-7.465041359594309,8.31282970991508,8.471843451508962,0.9617207309123139,0.001718036826421388,NGC 5044 TR3,4.0
WALLABY J130444-160813,196.183408821254,-16.13710390400569,257.24705831584566,7.115297566998607,5.091701383166969,-41.2157094352965,9.954359745580394,10.1133921809973,0.9548170655551314,0.001609736224619123,NGC 5044 TR3,0.0
WALLABY J132329-164053,200.8717659319815,-16.68147666383927,98.44664703569627,5.840414324612769,4.649119382481455,38.9930170518638,9.118448064620061,9.277576160413863,0.9999268499563099,0.001804818043957989,NGC 5044 TR3,0.0
WALLABY J131623-133604,199.0977907932824,-13.60110931897034,94.98975306983299,5.650458095138279,4.145260089781428,8.268160865439029,9.087081549450826,9.246228522203456,0.9642086107461503,0.001469597231277351,NGC 5044 TR3,0.0
WALLABY J134045-211913,205.1899012453326,-21.32042441264961,138.705959087898,6.893324241780936,5.101315777212006,79.60022524582146,9.415875089188383,9.575024623800935,0.9037104710220333,0.001734568225929449,NGC 5044 TR3,0.0
WALLABY J132239-214836,200.664713692532,-21.81011806596401,29.51711164064376,5.188932499193687,4.110091927217655,76.42496224008286,8.07166937350017,8.230828592268546,0.9971061250300491,0.002648436521321878,NGC 5044 TR3,0.0
WALLABY J131301-195851,198.2550537227808,-19.98094148665531,283.513066123157,7.33321692970526,5.510804303641658,34.49948424302119,10.03666224349871,10.195821791114316,0.8093173397883758,0.001485007436682213,NGC 5044 TR3,0.0
WALLABY J132353-230518,200.974046466773,-23.08816773647414,127.14693217585622,6.754603549551816,4.0437428877374,51.67211371541035,9.339508715609789,9.498705001960063,0.7339994301421223,0.002058727947893094,NGC 5044 TR3,0.0
WALLABY J132040-170623,200.1692290866305,-17.10639615259293,102.91495717124404,5.430040118874115,4.633584297176262,-34.53494222516417,9.155460955545529,9.314680563318275,0.9800405046775414,0.001818737868962433,NGC 5044 TR3,0.0
WALLABY J132607-171123,201.5326382738662,-17.18989096249473,231.71106042745686,6.076663065289964,4.935967260001886,-70.08797607256662,9.85989306998901,10.019142614786109,0.9595799849623698,0.001504850639215548,NGC 5044 TR3,0.0
WALLABY J131337-155035,198.406612445666,-15.84311605699926,50.927715707074185,5.799537976721086,3.966660166468219,-23.96539034993266,8.543232670252982,8.702522298018337,0.999108841534569,0.001837389543864697,NGC 5044 TR3,0.0
WALLABY J133409-203829,203.5407932463423,-20.64140863202292,81.04976089464274,6.227828649409179,4.725442226350776,-36.14453673400004,8.945868259387208,9.105214850090526,0.8330942278793666,0.001687669311751871,NGC 5044 TR3,4.0
WALLABY J130527-142801,196.36613698946,-14.46698452153477,36.22617173780913,6.009008940092428,4.92431792140319,35.60816703094173,8.245840894243882,8.405221258425115,0.999999999989067,0.001693991130873624,NGC 5044 TR3,0.0
WALLABY J133925-155322,204.8582103996721,-15.88955761710283,185.33325802849177,5.366528696543528,4.158530744754629,-44.10132866245952,9.663313919547948,9.822717371757326,0.9999092383069299,0.001427142835119007,NGC 5044 TR3,0.0
WALLABY J130043-185429,195.1813806339776,-18.90821102317548,148.71839334231268,7.015662678788395,4.472112717236578,34.52687755279396,9.471534504885685,9.63097371410426,0.9314945412866227,0.00198731111109473,NGC 5044 TR3,0.0
WALLABY J130606-172523,196.5263904376663,-17.42311540886915,199.89181375549333,6.511117419720599,5.176641867397174,3.278358291344063,9.72788107389397,9.88735081814177,0.999971195848198,0.001683747548757278,NGC 5044 TR3,0.0
WALLABY J133102-211852,202.7615384252674,-21.31439697957132,81.00224898886506,4.929290633891415,4.449385896338204,-39.65800213335086,8.942100473475087,9.10164060190966,0.9987017012722189,0.001792680634517543,NGC 5044 TR3,4.0
WALLABY J132654-145758,201.7270363291244,-14.96635638542763,79.5631063611943,4.912665682491838,4.080345157200957,-46.41770399787028,8.926133342892767,9.0856970272827,0.9605349249026978,0.001621487015403293,NGC 5044 TR3,0.0
WALLABY J132603-170150,201.5138579175056,-17.03057317224014,281.49500340348214,6.880561499581123,4.12785782634848,-54.4704579070624,10.023328482610523,10.182911347198266,0.9999999999848419,0.001395906075713924,NGC 5044 TR3,0.0
WALLABY J130457-201215,196.2401058393413,-20.20426025476858,170.98471392382825,7.342326149703283,5.964191746109512,-54.55575022816146,9.589426034209236,9.749060939353093,0.9999535437254903,0.001750516935891267,NGC 5044 TR3,0.0
WALLABY J134230-171445,205.6262547177035,-17.24606102305934,92.05247248903241,6.974944617504828,5.113198487362579,-87.04068629032503,9.051062154710351,9.21072798237848,0.9999999999999996,0.001741080851713931,NGC 5044 TR3,0.0
WALLABY J132024-143418,200.1015434492149,-14.57176485943598,93.40742174505284,4.870815559237406,3.923988256150015,78.18152784066208,9.063081569086837,9.222787371918457,0.9982022323195475,0.001726842756708518,NGC 5044 TR3,0.0
WALLABY J133240-203615,203.1678568271274,-20.60422537951504,141.47358511754828,5.504354804638835,4.176989538268399,88.11876092652797,9.422368239024145,9.58215141665894,0.9825653842079688,0.001712105423103427,NGC 5044 TR3,4.0
WALLABY J134352-235533,205.9674768148208,-23.92623007437196,96.69365127770249,5.952513850744667,4.507415144296242,-44.74608126093722,9.091428065761743,9.251234162453807,0.9879109427395001,0.002132978406026012,NGC 5044 TR3,0.0
WALLABY J133043-234430,202.681974293522,-23.74171765294105,108.79026729300334,6.591495272852488,3.549550131648852,-55.53846585529528,9.193489078196842,9.35331439485054,0.9991626948931197,0.001857547478147906,NGC 5044 TR3,0.0
WALLABY J131744-185121,199.4348368796828,-18.85596928772706,103.62492348957802,5.882592962935254,4.233179083116916,31.95345462508493,9.15001125563776,9.309909513119052,0.9861497023435982,0.001578852729381332,NGC 5044 TR3,0.0
WALLABY J132247-210725,200.6991879772464,-21.12362834045295,228.27390469954466,9.972889207275912,3.172964742606545,71.2616807775519,9.835956559152702,9.995857123874307,0.770822539620748,0.002416056184911687,NGC 5044 TR3,0.0
WALLABY J132114-210618,200.3111561019001,-21.10524636667276,69.94325699850562,4.98213814657982,4.248638690790766,-50.18577692911575,8.808420973486276,8.968328366120774,0.7317463716107172,0.002107450096970478,NGC 5044 TR3,0.0
WALLABY J133823-202709,204.5969300686082,-20.45297150874041,25.594762995984237,7.067977488951994,5.193056145595222,-53.44440098107167,7.934334472064174,8.094295240610448,0.9999882972136314,0.001949785369264036,NGC 5044 TR3,4.0
WALLABY J131009-171227,197.5378443240724,-17.20763652863792,108.15396049452747,6.75872164004185,5.652626280439769,65.7805226783538,9.185637220836673,9.345626545757218,0.7767817634279826,0.001691345640938776,NGC 5044 TR3,4.0
WALLABY J132042-173916,200.178382847752,-17.65458987559917,74.01554419334519,8.753278975306035,7.081930450793278,70.21039900379824,8.85511705931649,9.015170737151037,0.9490345511454932,0.001792152313219838,NGC 5044 TR3,0.0
WALLABY J130437-170033,196.154997493207,-17.00921548424385,158.1682055129503,5.280160331021007,4.675200052379722,87.93630683860658,9.5146046452215,9.674664568107943,0.9983807743143653,0.001731662372493265,NGC 5044 TR3,0.0
WALLABY J133126-232824,202.8613468871244,-23.47345475350804,129.58409215861317,5.321211223426921,4.594246778489536,-77.77363500506017,9.340162388147952,9.500300142357565,0.9950868698648169,0.001800036227050797,NGC 5044 TR3,0.0
WALLABY J132529-174924,201.3718313170248,-17.82343493073927,76.2505028877606,7.448627285619017,5.269398778772521,68.64338017262888,8.879150934192657,9.03931212090666,0.9789979844596498,0.001736202897935514,NGC 5044 TR3,0.0
WALLABY J131814-120257,199.5592909556167,-12.04932765420792,37.19032908300433,6.61641095704232,4.044025511749228,-87.60373532420866,8.254403516892522,8.414631530894422,0.9999963724678883,0.00162099166024994,NGC 5044 TR3,4.0
WALLABY J130703-185253,196.7624841106888,-18.88159266657526,197.78760341703958,7.494988040502045,4.814209410121517,45.28932119940691,9.705706669154786,9.865948676667502,0.9985061734023069,0.001685349427216605,NGC 5044 TR3,0.0
WALLABY J131853-160803,199.7226710496172,-16.13418309838072,203.70398717054,5.248333086503949,4.030813761622448,27.09416819678998,9.73121670996271,9.891464131242042,0.9830364628053532,0.001859881515687554,NGC 5044 TR3,0.0
WALLABY J131124-104927,197.8512831890288,-10.82439949135646,87.48930544209273,4.937994074892189,4.173188255885532,-30.5157829652151,8.996789052834613,9.157056641682551,0.7565052367612601,0.001784143438716048,NGC 5044 TR3,0.0
WALLABY J132222-185842,200.5924854843111,-18.97855461629631,111.12054026296305,4.531937887341719,4.200901768875792,79.52800955361889,9.204094971121645,9.364384771890881,0.9981300178121567,0.001814843203793301,NGC 5044 TR3,0.0
WALLABY J130548-210454,196.451783365005,-21.08173265420051,121.64464349754391,9.47292182827007,4.307733773517976,27.13736933117923,9.282521902609425,9.442821853376287,0.9938264420626786,0.002218709194481322,NGC 5044 TR3,0.0
WALLABY J130414-191227,196.0596487913186,-19.20753620012172,200.1979856344975,5.892564915320443,4.177994740620284,69.03398507668173,9.715176649172484,9.875481287647172,0.9294722296319862,0.001696765637525244,NGC 5044 TR3,0.0
WALLABY J132540-155525,201.4205779666336,-15.92362914231312,165.44349090591717,10.19960160654973,5.301707602237713,-22.93445967512241,9.549440257868467,9.709751829172824,0.9971004462734879,0.00156994160084822,NGC 5044 TR3,0.0
WALLABY J134155-204254,205.4830676162312,-20.7151551918245,233.9703088895147,5.07854636172036,4.670038324360847,79.23266232917916,9.850251168728043,10.010575325197964,0.9543201709486608,0.001810910739746614,NGC 5044 TR3,0.0
WALLABY J133533-225159,203.8896324787771,-22.86663831981959,120.1080226897649,5.74764255523813,4.637296344835016,-24.93223311166174,9.270086363283895,9.43046935843584,0.9937113545922995,0.001854149376315428,NGC 5044 TR3,4.0
WALLABY J130627-153029,196.6159672685592,-15.50804702986047,103.02364520809746,5.403863768350339,4.673322286563866,69.96517727513515,9.135201526397422,9.295680768664038,0.9483014771558591,0.00175357933536372,NGC 5044 TR3,0.0
WALLABY J131033-170323,197.6401967211993,-17.0564824647334,70.02388038815477,5.691802582813063,4.037092862797095,89.55189159398432,8.799444245456366,8.959945894283535,0.9999298784923674,0.001816724345192741,NGC 5044 TR3,0.0
WALLABY J134456-200837,206.2374743592444,-20.14386291778564,177.1471870128342,6.409161779830685,4.962559019013308,-1.633799741949275,9.605418095814022,9.765931807874521,0.7945403748154193,0.002208508243975734,NGC 5044 TR3,0.0
WALLABY J131643-142608,199.1830874951561,-14.43562571580979,155.35638570144536,6.437404461416871,4.578405034964028,-17.04749948379487,9.48915681702807,9.649804781522215,0.9469196670577409,0.001499709128879928,NGC 5044 TR3,0.0
WALLABY J133037-243158,202.6557606088711,-24.53253345081948,186.21274812594967,6.081641725376834,5.415407562703209,-2.179060792559355,9.646353366475374,9.807011117796728,0.9429206790029117,0.00188372742949664,NGC 5044 TR3,0.0
WALLABY J131350-160525,198.4600289535165,-16.09052369338295,36.09127811441499,7.690566376453223,5.76935735619405,20.82888514884144,8.219608853485171,8.380357911706753,0.9886397963082574,0.001823493105837006,NGC 5044 TR3,4.0
WALLABY J130320-112144,195.8357831028413,-11.3622438941235,302.76508543344704,7.350480360774698,4.606282422172041,-32.56161785603022,10.06642814644989,10.227212282281542,0.7107260448130404,0.001602700196568947,NGC 5044 TR3,0.0
WALLABY J130322-130612,195.8427917260028,-13.10335883502569,204.84406370770748,7.357574297582415,4.789009276603289,-72.16712479240124,9.725124112942773,9.886024016804809,0.9945066481919687,0.001465675727179179,NGC 5044 TR3,0.0
WALLABY J132648-250524,201.7009475707277,-25.09053712504445,159.94320886643587,4.796396904628643,3.827953123334122,82.34210721789212,9.509683901773776,9.67061515896345,0.944288869428262,0.002879639828300609,NGC 5044 TR3,0.0
WALLABY J132947-170153,202.4461835419404,-17.03159507210092,226.4046219788429,9.057848745194677,6.301525245704318,-80.12779189185416,9.811027115974634,9.97198797983431,0.9995653805377657,0.001357015086753257,NGC 5044 TR3,0.0
WALLABY J132919-162832,202.3293518516909,-16.47570244277138,84.30558720879716,6.623664756581382,6.042485135853737,47.9323356414377,8.9516046065188,9.112646984999705,0.9999929643892829,0.001498008869780389,NGC 5044 TR3,0.0
WALLABY J131843-172044,199.6810571374335,-17.34566047449268,234.39379304421658,7.017777326256216,6.093417833687941,-34.4324614030148,9.839472526415546,10.00053351928599,0.9912623648330515,0.0017107538974838,NGC 5044 TR3,0.0
WALLABY J132619-193833,201.5814573862062,-19.64264486328644,111.78392643998659,6.790938026367874,5.257960840243384,88.19485463045899,9.196047870118255,9.35712625950016,0.9991008055202074,0.001958940637122729,NGC 5044 TR3,0.0
WALLABY J132948-180438,202.4532446255795,-18.07731361455164,19.18947735668251,8.647388739503414,6.128435576959705,-68.67580851210778,7.665263388776075,7.8263508659089585,0.9506530773422328,0.001720254878364154,NGC 5044 TR3,0.0
WALLABY J132304-235016,200.7684398374581,-23.8378889516042,141.28868798947565,6.950390977983012,3.542346286215797,-58.07470282031467,9.399336026486953,9.560424448316907,0.9225458015827281,0.002432290198730122,NGC 5044 TR3,4.0
WALLABY J130052-164149,195.2171946478649,-16.6969811278726,61.368961137810906,8.071079931862661,4.747683443921129,11.25597907206301,8.67449481652546,8.835614548567664,0.8886474504127512,0.002152937766753844,NGC 5044 TR3,4.0
WALLABY J133905-201720,204.7745122566585,-20.28864838661967,135.84678419397343,5.891948061887574,5.287078861425821,-70.39285687370167,9.36455481214779,9.525682980806824,0.999936394097331,0.001838744694034227,NGC 5044 TR3,0.0
WALLABY J130317-140446,195.8229082762921,-14.07946994202629,262.81243961790153,5.889250307560848,4.414058101169694,-36.35772322309499,9.936797670548877,10.097982632015844,0.9991235363770421,0.001465085098142672,NGC 5044 TR3,0.0
WALLABY J134250-184928,205.7111078228832,-18.82446698598593,171.5294660758203,6.223116917988001,4.896193152848356,16.57416755598982,9.56606228452406,9.72725447998206,0.9200485481804709,0.001822741270628642,NGC 5044 TR3,0.0
WALLABY J134223-203030,205.5968916816915,-20.50838302882693,107.81412679674311,6.999559391137632,6.262277645712348,12.90497026917888,9.162695522185281,9.323890146492692,0.9793735784219544,0.001947852966373117,NGC 5044 TR3,0.0
WALLABY J133944-165003,204.9349880415787,-16.83440083154269,186.31940166126148,5.367274063077317,4.857496545101389,-11.57252091890709,9.637037602010569,9.798281409405348,0.9999999999999942,0.001508455858185316,NGC 5044 TR3,0.0
WALLABY J134103-181309,205.2651773682879,-18.2192207085485,236.6041009579969,5.761079103117939,3.621531112531158,21.95777621947443,9.844351878887412,10.005608486310788,0.9990167600579616,0.00165900464514611,NGC 5044 TR3,0.0
WALLABY J134201-221411,205.5072721636919,-22.2363770771911,211.4449806828276,5.701650270854972,4.921363790330286,-15.69863845102817,9.745661650463973,9.906980471314114,0.7266179637713679,0.002764351007987359,NGC 5044 TR3,0.0
WALLABY J134018-200615,205.0785500159946,-20.10421806888991,174.58670732326604,6.168698167230029,5.666674150342045,-2.611988747202474,9.57716462867635,9.738610532958397,0.8773446682712439,0.001735448473762934,NGC 5044 TR3,4.0
WALLABY J133538-231852,203.9089197387688,-23.31405427266075,149.67119584889576,6.11666724001834,3.82866931002423,85.52984502229138,9.44284933348154,9.604329306550788,0.9827535490597387,0.001769828882967452,NGC 5044 TR3,4.0
WALLABY J132850-144019,202.21031035831,-14.67196915063103,208.85010578869526,5.535149777863488,3.385634073163083,10.41291778808747,9.730288431680039,9.891885339378447,0.9848107125956896,0.001658573841500546,NGC 5044 TR3,0.0
WALLABY J133940-171258,204.9180620911209,-17.21632269905636,148.855735729995,7.54887630067431,4.651474374894099,-84.62199747751455,9.43579393425396,9.597412168148669,0.9995445927749057,0.001417410400837731,NGC 5044 TR3,4.0
WALLABY J132256-191611,200.7365834544455,-19.26997347270161,74.46545179321309,5.220961385905298,4.594233209451524,42.86640069710606,8.833529429552794,8.995186161082517,0.9111332167057897,0.001704351906770154,NGC 5044 TR3,0.0
WALLABY J131905-142915,199.7742414799583,-14.48774665818568,97.92034936661095,5.970180063964806,4.371044056583157,84.29109940102553,9.070219336347838,9.231944712436903,0.9997721058228441,0.001639139781612168,NGC 5044 TR3,0.0
WALLABY J133818-233325,204.5765918042904,-23.5571663430436,165.46834296150058,5.91962605931892,4.480401323219438,-12.22877214089834,9.525669120252456,9.687408519009765,0.9844668725685738,0.001719187362119036,NGC 5044 TR3,0.0
WALLABY J131751-125058,199.4641820437066,-12.84966496416821,199.81609490380487,6.634814748219688,5.119616887571326,-33.60468986622538,9.687377483684047,9.849244045976961,0.9626483290183061,0.001383234390358076,NGC 5044 TR3,0.0
WALLABY J125932-182203,194.885934022739,-18.36762626496451,215.92795345490663,5.023550665254824,4.443923209605935,-28.06054439756193,9.753683285421879,9.915612829995421,0.7569602058091297,0.002677761287503945,NGC 5044 TR3,0.0
WALLABY J133150-212650,202.9591455577811,-21.44726087548982,79.87313180140401,6.470965025668353,4.018218725632153,-36.98605794502597,8.889788182177377,9.051722449513413,0.9794490323391133,0.001679327496449886,NGC 5044 TR3,0.0
WALLABY J130355-163807,195.9794978765012,-16.6353485480516,192.20967529966651,6.783832795105861,5.169270657401864,-51.94905641111212,9.652490950024468,9.814427991625243,0.9819052256765581,0.001819280170666905,NGC 5044 TR3,0.0
WALLABY J131608-165949,199.0341156361665,-16.99698445441332,76.6055541244801,4.984752160326727,4.643525252458151,79.92159671988944,8.8491654254666,9.011360037759932,0.9948819019053011,0.001775492328489043,NGC 5044 TR3,0.0
WALLABY J131917-143959,199.8217664322487,-14.66644055429387,38.401135336837655,6.304225824651481,5.048709606918449,86.28140661148426,8.24912809940011,8.411335006925333,0.9999802033795915,0.001721052451940336,NGC 5044 TR3,4.0
WALLABY J133138-233834,202.9081558170292,-23.64364270578877,141.8903692069927,7.303314494379466,4.094740299545802,53.7214135393351,9.383998824315603,9.546226547908264,0.8294822054483539,0.001815877149802416,NGC 5044 TR3,4.0
WALLABY J130450-141139,196.2089421902219,-14.19416618916785,259.77341153168936,7.528713326212607,5.611970802915153,11.13781165820546,9.906958759390164,10.069325927819827,0.9990077924217656,0.00148853429633504,NGC 5044 TR3,0.0
WALLABY J131001-162607,197.5047260139062,-16.4353525220682,186.91067658276611,6.168094595004439,5.234110598116015,63.44660456357299,9.620736296943889,9.78312155129202,0.9999897576438281,0.001635580128412603,NGC 5044 TR3,0.0
WALLABY J133556-241859,203.9859411959417,-24.31666876550621,277.4136477031555,8.14253918942602,4.048267518849807,74.3264856798965,9.963397263819978,10.125802116386863,0.9976320785839862,0.001759262111818125,NGC 5044 TR3,0.0
WALLABY J134513-191046,206.3073178664266,-19.17960202289311,142.45701096122505,11.33061884864898,4.49016128640509,25.09049360982667,9.384234579070181,9.546655923588963,0.7131103389989278,0.002779335932870319,NGC 5044 TR3,4.0
WALLABY J132558-163627,201.4943048537727,-16.60761976268876,97.88888258336945,11.00214059638505,4.274880442248027,-88.26702878578105,9.057215092868207,9.219703603085318,0.9995357648617036,0.001563682089465268,NGC 5044 TR3,0.0
WALLABY J132123-171906,200.349353469711,-17.31851345983682,70.45390023062868,7.559259792357951,4.961451234024564,-89.68370568279714,8.769185595845455,8.931816638322404,0.9412232187857263,0.001761260792192977,NGC 5044 TR3,0.0
WALLABY J131755-134723,199.4800688679083,-13.78989555079473,74.53296410265416,5.812765078326009,4.390201628129941,39.45951138379513,8.817096126624973,8.979785827263452,0.8946618272184537,0.001648524690596831,NGC 5044 TR3,0.0
WALLABY J130215-170254,195.566461419854,-17.04859686880727,84.6634039436935,5.504665117651241,3.957914851407996,-63.22923324231125,8.927366652319666,9.090081843159426,0.8128443504682105,0.002020744390890181,NGC 5044 TR3,0.0
WALLABY J132857-242427,202.2407390797961,-24.40761614644547,65.28061345328217,6.871894822550631,4.609385760114717,59.85359083644133,8.701272367112,8.864003863464749,0.7068760779453771,0.002273521536681922,NGC 5044 TR3,0.0
WALLABY J133925-191308,204.8577498313167,-19.21896785243627,20.84121265124678,5.938421902848299,4.983142025301255,77.13698019032532,7.709323248492331,7.872068368953335,0.9998704694224115,0.00174684716541371,NGC 5044 TR3,0.0
WALLABY J125855-142319,194.731314773987,-14.38868559500547,276.72690216291085,6.763201547561823,5.673065476639807,15.54649855907275,9.955150754376739,10.117921677066407,0.8012117625097798,0.002553657475528809,NGC 5044 TR3,0.0
WALLABY J134510-222447,206.2955105018935,-22.41330168387397,97.91665431439962,5.951995161963729,4.066372445376675,84.49643513299802,9.052519161373523,9.21530463000514,0.8880655092783442,0.00238003290531442,NGC 5044 TR3,0.0
WALLABY J133617-172451,204.0739062630611,-17.41428223063681,216.33571453300087,5.518828590230995,3.672702548920972,-2.99223030920713,9.74017794980539,9.903016597850158,0.9933795116596565,0.001382876638652811,NGC 5044 TR3,0.0
WALLABY J130501-131601,196.2573754649507,-13.2670503090413,77.15732876064143,6.502206340618823,5.441722938775182,-65.50452073036581,8.844561836443777,9.007407341815567,0.9905067830081064,0.001466285428252078,NGC 5044 TR3,0.0
WALLABY J131858-150054,199.7430782810686,-15.01509658021431,157.43480512459044,5.596383483752064,3.722798885337744,-13.193701556777,9.462691601768192,9.625616330773104,0.9895509304693747,0.001705654846161325,NGC 5044 TR3,0.0
WALLABY J133924-151331,204.8533292215965,-15.22527494097245,116.47190409792427,6.547984749960619,4.365307535548125,13.86457944651085,9.20001679536107,9.362996603412812,0.9999941178156908,0.001579350846096515,NGC 5044 TR3,4.0
WALLABY J133903-211446,204.7641944130709,-21.2462757218007,143.1218350787411,6.408426920960099,4.544387119825363,-32.01817751346891,9.378793481461,9.541784885489388,0.9772406470865136,0.001629467670197128,NGC 5044 TR3,4.0
WALLABY J131644-153150,199.1864624910389,-15.53077568234888,42.460676419565395,8.331703348568972,4.725059234487379,-46.52917070605913,8.323033184941812,8.486043981713422,0.9939941108129015,0.001726826187337534,NGC 5044 TR3,0.0
WALLABY J133809-241011,204.5400185528948,-24.16988513141204,98.25792630255326,4.940405115995806,4.372671909396873,88.93267917531134,9.051619378452953,9.21464071424808,0.9691997817262078,0.001813258326198994,NGC 5044 TR3,0.0
WALLABY J133446-224630,203.6934348398642,-22.7750064766571,115.93629871524375,4.667422351916701,4.417117510064478,-20.74271712204727,9.194958915292048,9.35800216099431,0.9962262968200464,0.001775838214108318,NGC 5044 TR3,0.0
WALLABY J130739-153555,196.9132982887809,-15.59867081694656,171.82539280152616,5.380948459986866,4.732436005139921,-31.4647202560151,9.536472198120922,9.699528834966069,0.9964038020632432,0.001459267781847836,NGC 5044 TR3,0.0
WALLABY J130133-192537,195.3884237879195,-19.42708450209177,166.6122765907277,5.840309451922375,4.953864524236672,69.56600563726259,9.50968134985165,9.672739801268015,0.8536580392228366,0.001847627948052611,NGC 5044 TR3,0.0
WALLABY J131439-155030,198.6632436586835,-15.84186871185744,33.56213571642693,6.370127552651132,4.932734199655165,2.232827083833854,8.11730689818379,8.280405047324527,0.9956249685650207,0.001879990000754235,NGC 5044 TR3,0.0
WALLABY J125943-150804,194.9311902867851,-15.13446673877278,191.62028033744699,6.400694480470062,5.059461242015438,79.39240375459781,9.63004503638496,9.793170004802697,0.8899938999527393,0.002317314038995373,NGC 5044 TR3,0.0
WALLABY J130958-171937,197.4946875367091,-17.32698335796782,36.29983916064432,5.678044954500989,4.906827403436004,-84.55975385481078,8.184324210912118,8.347488143029613,0.9999263164556176,0.001831552637740625,NGC 5044 TR3,0.0
WALLABY J130417-165026,196.0739639895175,-16.84054608718065,168.3037929330805,8.425502331896677,4.793022059803861,-52.12215559001098,9.516540033787663,9.679713751943265,0.9896636749456583,0.00174808037536866,NGC 5044 TR3,0.0
WALLABY J130348-162236,195.9501046892986,-16.37685325775749,244.0220389933144,6.296147954681611,6.021680604774841,17.58838662896673,9.838536707929,10.0017509809058,0.9668783419684557,0.001775213238146544,NGC 5044 TR3,4.0
WALLABY J130925-155810,197.3556275272132,-15.96959784078944,84.06264700393096,6.720830006970935,4.797837248640944,-69.14360923790096,8.91261442175069,9.075844970341068,0.9942032680269055,0.001607749194583244,NGC 5044 TR3,0.0
WALLABY J134059-191452,205.2470811563002,-19.24778127817493,111.40281262179938,7.819746785904614,4.717809969862931,28.2580049933527,9.157135600794057,9.320370063639519,0.9531965771076262,0.001946619152326517,NGC 5044 TR3,0.0
WALLABY J132432-155124,201.1359447597752,-15.85692170843329,296.89430919715574,8.44825514056765,3.843534411140475,22.75042480971621,10.008335147268943,10.171582368504373,0.9993178107002836,0.001476086728981502,NGC 5044 TR3,0.0
WALLABY J125930-135159,194.8757342390907,-13.86648646475514,199.9970055320237,5.710845105522286,5.060895538409524,-45.47963665263296,9.664771197926813,9.828042939496765,0.7086309387611309,0.002200590932506387,NGC 5044 TR3,0.0
WALLABY J130246-151426,195.6923714113919,-15.2407260303909,224.5270571254804,5.351044684742119,4.27253126130632,-58.90599767815874,9.765194739082203,9.92847050585252,0.9542544673525163,0.001595476468613101,NGC 5044 TR3,0.0
WALLABY J130949-154149,197.4563442591865,-15.69699683483201,173.83637604754506,4.526338367463268,4.294721547396356,-36.23313587158923,9.542848761115506,9.70612994370654,0.9782786883353934,0.001494602138067191,NGC 5044 TR3,4.0
WALLABY J132202-161829,200.5115512293015,-16.3082661206056,100.40210725208658,6.999987066528414,5.732315419924711,-53.46380610328136,9.064599568176495,9.227968300426669,0.9618407661817032,0.001601878718223169,NGC 5044 TR3,0.0
WALLABY J132207-172410,200.5317928545499,-17.40289125396496,104.42331959960234,5.092392708301856,4.032722961243913,-14.91795175274115,9.097546433425718,9.260985203465513,0.8195781093545617,0.001668690305473881,NGC 5044 TR3,0.0
WALLABY J132151-144210,200.4654845470004,-14.70276812519585,94.14804409441352,5.571156954155202,3.95360796923757,57.56690119328722,9.006222087286755,9.169742333758993,0.9401078437198098,0.001792136434239313,NGC 5044 TR3,0.0
WALLABY J131613-114335,199.058282046126,-11.72662919779406,202.38791375121932,13.84453362377261,4.019674877350946,-34.8242144874988,9.669596916068643,9.833199853193372,0.764306070759217,0.001512178270935267,NGC 5044 TR3,0.0
WALLABY J130320-193543,195.8336720361903,-19.59542013033915,166.74061264951894,5.338007252644807,4.105330256180592,26.67801030293617,9.501268650789704,9.66487411443862,0.9898584456547632,0.00166026564331698,NGC 5044 TR3,0.0
WALLABY J133422-234348,203.5937368466121,-23.72934122247191,145.8121872528499,5.628382654365719,5.299386094966903,4.350839206784059,9.3847579520843,9.548364354067061,0.8377283857374263,0.001699603314903736,NGC 5044 TR3,0.0
WALLABY J133950-163125,204.959249093565,-16.5237844931894,192.87793531223718,6.036396658793794,4.137337139133418,-88.20994422748186,9.627121135849027,9.790764575688414,0.9991369204935059,0.001452594295086725,NGC 5044 TR3,0.0
WALLABY J132318-182146,200.825912249799,-18.36298531148867,106.82846061250942,6.546405520014922,5.127508108614525,-8.520191714409307,9.113873444380449,9.277520293579448,0.9999999999883186,0.001847704926588638,NGC 5044 TR3,0.0
WALLABY J133739-213902,204.4159498450209,-21.65061998269065,180.07940577656683,6.495908621402297,4.908892401922026,26.01733233815389,9.566714721139236,9.730404560930399,0.9880856225667961,0.001589094154027498,NGC 5044 TR3,0.0
WALLABY J131721-175129,199.337707236126,-17.85813521688259,34.204214452668644,6.101243625967108,4.729742068825982,-32.12324767200349,8.12373329461477,8.287435956243547,1.0,0.001750779715759204,NGC 5044 TR3,0.0
WALLABY J132011-184001,200.0493274930121,-18.66697322057948,71.94324248306602,4.749168774341483,4.393573838001449,-0.2257528496207897,8.768844602220952,8.932590056326651,0.9999690836484569,0.001788960465536579,NGC 5044 TR3,0.0
WALLABY J133151-173014,202.9627407833339,-17.50405230166597,199.07813806219286,10.13591711487279,5.048849336432428,14.64563098491703,9.652077888895997,9.815873646007256,0.9943882675156976,0.001370107435644822,NGC 5044 TR3,0.0
WALLABY J133825-165250,204.6061294079004,-16.88059170101153,194.45743438234504,4.731661595922738,4.433009330924901,-12.43859602130787,9.631302587171767,9.795121106699744,0.9940661142319784,0.001442517183369476,NGC 5044 TR3,0.0
WALLABY J130630-112046,196.6290708578276,-11.34621999038667,222.44513165206823,5.519102069548738,4.833769685269925,32.3059615100232,9.74794286717883,9.911770825348814,0.8932744761321332,0.001551797362932317,NGC 5044 TR3,0.0
WALLABY J133058-231656,202.7417276844867,-23.28242328843061,132.74065095829616,5.459084100304319,4.239300758577945,13.93477286873545,9.299168641419453,9.463016892872437,1.0,0.001705259252429101,NGC 5044 TR3,0.0
WALLABY J133213-223743,203.0554634109578,-22.62886053425234,129.36123808596994,5.383223290842929,3.994874346208504,-61.47569157160768,9.27642069267854,9.440289968222753,0.8370546054296637,0.001795270289124131,NGC 5044 TR3,0.0
WALLABY J133039-214217,202.6640028330834,-21.70484280573849,105.71318899013978,6.352372554252971,4.751552754008559,-81.57097610152691,9.100942437168776,9.264819454266656,0.9709465927276695,0.001773051194129654,NGC 5044 TR3,0.0
WALLABY J131103-144149,197.7652960186345,-14.69704730030897,44.968076988376325,4.812431802423211,4.368666041363005,-60.99844143824258,8.358085283215791,8.521986891120248,0.999978884823916,0.001492190431601059,NGC 5044 TR3,0.0
WALLABY J132350-235951,200.9595733245666,-23.99760780964867,194.44201748381286,5.781706283065889,3.480812968360747,-32.05853218862889,9.62966272834098,9.7935760541755,0.9066290091856087,0.002245573322773572,NGC 5044 TR3,0.0
WALLABY J131737-172013,199.4062225806431,-17.33696536119175,35.71607597003888,5.090830533155847,4.802433538273434,-64.1727886124062,8.156640192675617,8.320624134079008,0.9985403048945876,0.001795267786458722,NGC 5044 TR3,4.0
WALLABY J133006-205341,202.526555843207,-20.89472008883713,74.5677472977972,8.957320519326636,6.430317736156191,12.73996714689929,8.795436707277252,8.959455549082257,0.9278053698020117,0.001759528775132386,NGC 5044 TR3,0.0
WALLABY J131037-144407,197.6573223547578,-14.73553502421977,203.15963817681933,6.072372728402399,4.779619939923228,84.84415022264122,9.664547836010524,9.828654948721436,0.9962332096823421,0.001387425362481744,NGC 5044 TR3,0.0
WALLABY J132749-240921,201.9549805141728,-24.15594341162857,133.901892755967,5.244628985618271,4.037795477531975,69.46672201580608,9.302297952395676,9.466414031960012,0.9123425826736563,0.002017671808158478,NGC 5044 TR3,0.0
WALLABY J130517-172223,196.3245397780673,-17.373061045111,156.02824311602683,7.242983733172357,4.023419442930551,-7.06913188868532,9.433742596575996,9.597942547500177,0.9803495262658497,0.001808503866013686,NGC 5044 TR3,0.0
WALLABY J133440-232652,203.6682861287166,-23.44725326729048,146.9148382917326,5.685462110920958,4.272961466286189,-88.20864229144216,9.381238000159222,9.545451816635532,0.8224326803332969,0.001719628003828621,NGC 5044 TR3,0.0
WALLABY J125912-182326,194.8009602364077,-18.39074532697991,218.60220878686974,4.928383874900547,4.238733715994296,-21.52074907045493,9.725725008287634,9.889980565067885,0.791476413088852,0.002896932210690598,NGC 5044 TR3,0.0
WALLABY J132803-152028,202.0145316350654,-15.34136814914811,346.6773647469866,5.349519640557793,4.281057068185206,27.30100168683896,10.125533769603633,10.289833633110907,0.942581175164132,0.001355814023103991,NGC 5044 TR3,0.0
WALLABY J133722-195652,204.3444186020137,-19.94776762425485,129.7997558304772,5.87464199047179,4.677382246445229,-78.69006857256312,9.272183640049132,9.436486338956893,0.9961227118700413,0.001775570170013141,NGC 5044 TR3,0.0
WALLABY J133845-243304,204.6881099353609,-24.5514307486082,239.963157945208,7.973276036691137,3.454439039830668,-85.06720236996695,9.805617209677393,9.969938513829227,0.8058779596590094,0.001856991800128317,NGC 5044 TR3,0.0
WALLABY J134405-193119,206.0227119055432,-19.52193249908161,140.9610933998851,5.316560581689285,3.540155672077836,-13.89658466308286,9.34189505959571,9.506314999464022,0.9095113943487505,0.00188507420868187,NGC 5044 TR3,4.0
WALLABY J133502-221122,203.7598739296851,-22.18933073768657,182.4076935926827,7.35894580421337,4.324999939836413,35.73027501109999,9.56558402876992,9.730015990427182,0.987360363037692,0.001647602156347817,NGC 5044 TR3,0.0
WALLABY J132638-215333,201.6591821835658,-21.89257496860369,124.65446366510912,5.120884273334884,4.002529897452883,75.87046212402862,9.234604577760738,9.399055213920127,0.8995979668705127,0.001972119673166131,NGC 5044 TR3,0.0
WALLABY J133008-203319,202.5333700985624,-20.555339196014,83.30940957055682,8.667488375193374,7.24459357247038,20.56328895778677,8.88365177560969,9.048158369791635,0.9356471853562365,0.001797600184321033,NGC 5044 TR3,0.0
WALLABY J131248-115354,198.2001303909871,-11.89833160621424,20.232641781466196,6.084243817428481,3.960751117799774,13.44115277667015,7.654136240507382,7.818656906365771,1.0,0.001654745799010577,NGC 5044 TR3,0.0
WALLABY J130500-111525,196.25048920426,-11.25704912848619,189.96899583464892,5.785080996958998,4.435553333229515,-70.1392076388105,9.598281843478713,9.762869938488143,0.9999999999947362,0.001547845050159973,NGC 5044 TR3,0.0
WALLABY J133559-221607,203.9999303051053,-22.26871167462589,126.06519547047453,5.708645358137767,4.686889391955412,77.00280008721236,9.241650409114316,9.406266117790988,0.9341705338518762,0.001659771668944542,NGC 5044 TR3,0.0
WALLABY J130647-162241,196.6975734868424,-16.37808297364895,156.17895590837466,6.27542127064896,5.307078250315579,2.153161441737552,9.42759824393682,9.59222041439519,0.7196524854829469,0.001703997477568966,NGC 5044 TR3,0.0
WALLABY J133637-201456,204.155527219147,-20.24823320375379,140.6108731007918,6.32144565746994,4.072651446574234,-82.0739275796673,9.336363746327507,9.50098756735753,0.9647935564968412,0.001638494525430701,NGC 5044 TR3,0.0
WALLABY J133351-224126,203.4629076072475,-22.6906983233394,189.6242861898531,5.30501517001076,4.573634161736643,1.491925519845807,9.595880864732395,9.760518784155828,0.9781118619217514,0.001602796247141365,NGC 5044 TR3,0.0
WALLABY J133851-165026,204.7163642030499,-16.84081837349538,194.16475975451257,6.460419818655499,5.671379721228729,88.07595771817013,9.616267636457389,9.780915609027943,0.9998841959512004,0.001431731989939115,NGC 5044 TR3,0.0
WALLABY J133105-223647,202.7742006273345,-22.61306559503942,131.91909222643895,8.033404110207973,3.785519272282215,-79.37913028778762,9.279957082710919,9.444640461424278,0.8562090792803622,0.001845639019442973,NGC 5044 TR3,0.0
WALLABY J133057-212143,202.7409248150178,-21.3621028161862,84.50541151682118,5.933796320475996,4.322777398457194,76.4838047826409,8.892204723920415,9.0569429471131,0.9631204179314071,0.001674067843047204,NGC 5044 TR3,0.0
WALLABY J131844-113805,199.6844423571446,-11.63484158887445,127.683133886063,9.11742578479849,6.471150711338574,-30.94415962551554,9.249854103959615,9.414643703568824,0.733593986143935,0.001741434676823469,NGC 5044 TR3,0.0
WALLABY J131532-161726,198.8843663419285,-16.29064234419109,46.3799999215541,7.488757094462521,4.304551224899971,-2.429944096001137,8.369891016872744,8.53470226339382,0.9998728394289002,0.001935291311996455,NGC 5044 TR3,0.0
WALLABY J132518-232409,201.326022048247,-23.40269994903552,126.30393275995789,6.727860066224223,5.792743356062678,16.99931694367152,9.237606092252241,9.40256615869194,0.9234710282017703,0.002037305994980764,NGC 5044 TR3,0.0
WALLABY J131451-143740,198.7160032826288,-14.62794470308484,169.28317909844878,5.965904984714261,4.992853915128697,4.983012629060482,9.491792434689348,9.65676507333962,0.998543917402376,0.00142639708397655,NGC 5044 TR3,0.0
WALLABY J133232-140759,203.1349092732013,-14.13328130691523,229.32722872619414,4.533832286771957,3.434250120777966,42.03350678039638,9.755436998197077,9.920412003760031,0.9014772703943329,0.00254440762417742,NGC 5044 TR3,0.0
WALLABY J133558-163414,203.9931881616717,-16.57070050948811,60.32753189712073,4.879469295387371,4.349911733711635,-23.94208016806755,8.595003979436209,8.760012484203155,0.9977579925156209,0.001535726108664269,NGC 5044 TR3,4.0
WALLABY J131846-133637,199.6938279144213,-13.61052720379282,92.88717462024167,5.926573276387224,4.762334724315211,-51.35144445122199,8.969338764130883,9.134380329638944,0.7016705406923358,0.001651976556586197,NGC 5044 TR3,0.0
WALLABY J132618-214400,201.578198223593,-21.73348559509108,122.0864910699944,5.459125401444195,4.392720706383584,-11.99707392752293,9.206745288477363,9.37178789571678,0.9279343069538769,0.001944172322245852,NGC 5044 TR3,0.0
WALLABY J131858-183353,199.7456771906365,-18.56489633052047,77.01718617067657,4.855237586236025,4.001508857904128,-87.83602887586191,8.804594183174306,8.969757479500013,0.9254672052933898,0.001646364113659663,NGC 5044 TR3,0.0
WALLABY J130049-143608,195.2048783381207,-14.60221449991192,92.95255929000511,4.616748837441452,3.631193323902873,-57.5472852325373,8.967586364057592,9.132771196610575,0.7242085653589424,0.001766503789925869,NGC 5044 TR3,0.0
WALLABY J131206-181550,198.027739943549,-18.26403801313922,39.995581241471655,5.386342452921064,4.944827469005365,-28.49821448818888,8.234814721535313,8.400016104987689,0.9586537946957095,0.001759210332533802,NGC 5044 TR3,0.0
WALLABY J130633-160714,196.6414769433003,-16.12058580559134,81.65719792572467,4.79766822603857,3.772400403849064,61.66290681887696,8.852583254220136,9.017917841054484,0.7641600844792882,0.001802736861923449,NGC 5044 TR3,0.0
WALLABY J133659-153212,204.2462660232632,-15.53692490560016,93.04720055100866,5.071065676542051,4.43098634520305,76.779094476169,8.96546376728335,9.13083094080634,0.9942625439155377,0.00152744772298558,NGC 5044 TR3,0.0
WALLABY J131533-170024,198.8890601738383,-17.0066857911248,34.90645228800821,9.81895250638689,4.605612110370935,4.363844005385147,8.111057640794547,8.276595399579012,0.968644951680613,0.001803037958461785,NGC 5044 TR3,0.0
WALLABY J133747-175606,204.4485375641008,-17.93518703199466,19.783546634867157,18.47289395764425,6.006514754163626,-7.579340405419217,7.617400451481819,7.782965776722223,0.9266876823731545,0.001725422364640742,NGC 5044 TR3,0.0
WALLABY J131208-203337,198.0372017665713,-20.5603248104155,171.21670134363808,5.090257822661831,4.259994157764478,-0.8621543131804117,9.491113605953485,9.656725727472322,0.8553561653785483,0.001762880965999431,NGC 5044 TR3,0.0
WALLABY J131219-172528,198.0813235978959,-17.42464085813177,284.4732338055789,4.816380441334273,4.20001908643933,-19.18629005926019,9.931973200270683,10.097593274496344,0.8858553456114434,0.001511447147440632,NGC 5044 TR3,0.0
WALLABY J133610-220440,204.0447853209866,-22.07807146838985,129.55140414254262,6.862935193120632,4.586917007077759,-51.53875048618368,9.248609806109767,9.414239889126435,0.9115564456277983,0.001656233245251551,NGC 5044 TR3,0.0
WALLABY J132229-214334,200.6232034092806,-21.72606743595332,23.469591989799962,4.901329337799926,3.738924249925345,3.94153270048642,7.763602333100203,7.929301305687322,0.9961350955436403,0.002382710412106741,NGC 5044 TR3,0.0
WALLABY J132558-242128,201.4950267312549,-24.35797695854149,177.7578764255307,8.062121365331041,5.791708603171139,-67.96922976553756,9.522219679461948,9.68792042841408,0.9144431074196364,0.002022495652584778,NGC 5044 TR3,0.0
WALLABY J132104-144331,200.2702020866947,-14.72539747594569,319.719621256503,6.532976104983501,3.551941783708267,-71.26103380096274,10.031749979412355,10.197472022415225,0.98663681538562,0.001526713751630307,NGC 5044 TR3,0.0
WALLABY J134129-134624,205.3735000175689,-13.77346403026531,363.8857588624001,4.490136559337286,3.232485373831678,64.54404094059066,10.143809713946032,10.309551912550008,0.954234269921333,0.004775666218604781,NGC 5044 TR3,0.0
WALLABY J134143-183508,205.4291704655748,-18.58568226567353,211.67567636217245,6.279886426065243,4.217100821828989,16.56100020927585,9.672581457338827,9.838362540257954,0.9097525832884329,0.001718597164576566,NGC 5044 TR3,0.0
WALLABY J132137-145127,200.407643328568,-14.85775983381296,36.98777711993479,6.008081755680637,4.084004659291227,39.70253235634874,8.157278984056095,8.323064748023835,0.9811663242312819,0.001753916073309431,NGC 5044 TR3,4.0
WALLABY J132551-162706,201.4658679645865,-16.4518513702751,96.3212383149648,5.216596226030112,4.733328425948335,55.36852874189773,8.987879517811251,9.153709461592603,0.928046602076221,0.001583376512854982,NGC 5044 TR3,0.0
WALLABY J132656-203533,201.7369287175686,-20.5925278084625,120.60746001555718,7.145264847382704,4.736215991161446,48.93418967621409,9.179781257466114,9.34581803234183,0.8242368573990332,0.002143039120969893,NGC 5044 TR3,4.0
WALLABY J131638-174225,199.1619404461908,-17.70718383974848,195.2427948283414,9.58941255985967,5.339502216363093,-63.6718603211702,9.596184572984763,9.762342894831246,0.9994933286099585,0.0016201622424139,NGC 5044 TR3,0.0
WALLABY J134150-180435,205.4617290406982,-18.07644158460957,142.8620953616075,4.893344170383977,3.923567536418854,-71.56281926245333,9.324145287377146,9.490347614439935,0.9547008053883971,0.001670935973034952,NGC 5044 TR3,4.0
WALLABY J133424-141834,203.6013149745849,-14.30964281314393,94.92103271232027,6.678646116280849,4.482031496505983,8.425132783763218,8.968505933610555,9.134740524769434,0.7974743703121724,0.002031256621193355,NGC 5044 TR3,0.0
WALLABY J133011-210731,202.5467780880669,-21.12550285108131,77.36272131017546,8.82630987568105,5.076406239129773,-80.43921845404324,8.79024705477791,8.956518004209823,0.9632028485025964,0.001715316342823079,NGC 5044 TR3,0.0
WALLABY J132655-231825,201.7324865318799,-23.3071636228317,194.3719421478398,8.617514831735212,6.075433202988242,20.51445183134888,9.590394399005568,9.756668776111377,0.7812900085374709,0.001868377978452049,NGC 5044 TR3,0.0
WALLABY J134312-192238,205.8002955870587,-19.37743762020751,152.2582623688689,5.889484238136504,4.858618330486457,46.60102542639521,9.377718011313393,9.544027140610469,0.8843615323963651,0.001756830384028721,NGC 5044 TR3,4.0
WALLABY J133222-200358,203.0941200502041,-20.06610098024544,24.444516627541915,5.684501362515205,4.627030579824328,-46.80888453982224,7.7886645992962436,7.9549892268218345,0.9984265405620577,0.001788706056652941,NGC 5044 TR3,0.0
WALLABY J134020-222109,205.086169039755,-22.35261725523857,83.0295064801224,7.275671555567916,4.497183249460577,51.14475978503131,8.85069135567155,9.017020562066493,0.7348906708945779,0.001724083783842195,NGC 5044 TR3,4.0
WALLABY J134006-195923,205.0277244212748,-19.99004349295317,177.39426390582062,5.057634157969448,4.228223361798862,-15.15663538428257,9.509717678250375,9.676070498144947,0.8977791828060988,0.001774589297770457,NGC 5044 TR3,0.0
WALLABY J130730-164622,196.8790392023593,-16.77303402058861,196.6958291547934,5.183951609396925,4.595301390616513,-15.98015125741223,9.598393490198957,9.76480934580498,0.9835594656893153,0.001664056404722237,NGC 5044 TR3,0.0
WALLABY J133506-154918,203.7774898794482,-15.82190185698663,146.5123903518441,6.250650948999712,4.208402672238908,33.15396875670274,9.34248387025497,9.5089038681165,0.9955909354101967,0.001514189378338357,NGC 5044 TR3,0.0
WALLABY J133425-153304,203.6064689724639,-15.55134921985647,218.73271461742374,7.868714177319089,5.662658340305501,53.94314388064291,9.689303266837298,9.855799960257855,0.9516676539725278,0.001423649847748008,NGC 5044 TR3,0.0
WALLABY J130510-161645,196.2951064248291,-16.27931541718403,195.0540637130754,6.606755265821285,4.611273421137274,82.07784638568216,9.589619312347502,9.756126145527356,0.8897324492948068,0.001730637660456521,NGC 5044 TR3,0.0
WALLABY J133557-234115,203.9900325831966,-23.68768049755908,162.86023988276756,6.345029856327881,4.467319849148358,-59.63320786295937,9.4328409523928,9.599353784987088,0.9999999732465652,0.001677049725732535,NGC 5044 TR3,0.0
WALLABY J133042-213957,202.678744833093,-21.66624246175665,106.00445902121234,6.817957232215411,5.205173857730045,10.18675723570703,9.05834737008019,9.22495229742579,0.9794711914803395,0.001776685323199835,NGC 5044 TR3,0.0
WALLABY J132451-212416,201.2135033834546,-21.40448898479649,172.79977705507397,6.157776365772557,4.830964972270515,76.58185902143754,9.481761756533798,9.648429065082585,0.8974884343300473,0.001754175746420309,NGC 5044 TR3,4.0
WALLABY J130430-174819,196.1268697927014,-17.80542178291862,156.82132122458987,5.034123290204616,3.597747055781733,-10.89315031461359,9.397330593435992,9.564007349940647,0.8208348576120924,0.001679071275291297,NGC 5044 TR3,0.0
WALLABY J131156-145719,197.9868930272039,-14.95541216773121,38.65208470004688,5.396309286271588,4.396552976406153,-14.87443125649911,8.180346506413366,8.347054940205417,0.9999329983918991,0.00171309190476858,NGC 5044 TR3,4.0
WALLABY J131920-170105,199.8338640072811,-17.01804449876221,146.84718080287857,7.618640892518482,4.959313281917011,-53.40011160239023,9.339415905461689,9.50614359869594,0.7343151654255283,0.001974467000722089,NGC 5044 TR3,0.0
WALLABY J131543-124057,198.9320406765947,-12.68255051214883,329.81947848090294,4.982132704643848,4.555414888464791,-85.37529530294171,10.042203337984848,10.208933100005844,0.9635275772032648,0.001345683751321504,NGC 5044 TR3,0.0
WALLABY J130528-111610,196.3691388875764,-11.26951016601235,194.61051679736406,4.65993550403787,3.579299934308739,9.24977228435182,9.583160351839362,9.74994028572045,0.8605437584975587,0.001580016037302446,NGC 5044 TR3,0.0
WALLABY J131548-170147,198.9520184928121,-17.02973453084115,200.6776324728402,7.626929193708691,5.232213900938753,-37.48596111243011,9.609355354016666,9.776163963785839,0.9678477976328471,0.001639390652244711,NGC 5044 TR3,0.0
WALLABY J130733-120657,196.8908697202871,-12.11601931494597,92.62191137195067,4.730880967428098,4.186896001774865,-69.51779425415089,8.937478565649826,9.104305854341074,0.9175153552207813,0.001407639693035461,NGC 5044 TR3,0.0
WALLABY J130121-194538,195.3411281481512,-19.76080906124349,173.67158828418061,5.743640205380704,4.881348977089626,-79.44179089743045,9.482492280396505,9.64938155059605,0.717383073667853,0.001851991819836513,NGC 5044 TR3,0.0
WALLABY J133318-210547,203.3288269784728,-21.09661415756248,83.61838517758902,6.95961190155601,4.952248465363856,55.60190164519443,8.847021435202135,9.013948330049558,0.7925230472510061,0.001705305163394533,NGC 5044 TR3,0.0
WALLABY J131824-152926,199.6002836123367,-15.49054387371102,248.8269605597437,6.203222236327512,4.888407814516623,51.92362172582511,9.79386813319222,9.960816049623183,0.9914811260293727,0.001655701817196786,NGC 5044 TR3,0.0
WALLABY J134250-184550,205.7111496991973,-18.76388373272117,137.85683502347558,5.610847301944097,4.189815319138803,-4.740720385362764,9.279296968143827,9.446344514065933,0.9509322887065933,0.001781311629656445,NGC 5044 TR3,0.0
WALLABY J130446-142034,196.1938810195639,-14.34282521649772,306.3954984496622,9.476988006883898,3.887434188035631,-54.4324089116832,9.9728630001392,10.139919218812976,0.9346262369930302,0.00149694912042792,NGC 5044 TR3,0.0
WALLABY J131333-104535,198.3893667788924,-10.7597210738203,201.66561491431239,5.629707873158663,3.65712641794981,-68.67805333390541,9.609140115012393,9.776222077780531,0.7454856118774631,0.002075578566689004,NGC 5044 TR3,0.0
WALLABY J134042-210217,205.1782319440096,-21.03816450900055,187.49727400497753,5.38152259196522,3.920856134874282,-69.11707017249795,9.545812794253202,9.712898023877324,0.8031538355179308,0.001733309730423989,NGC 5044 TR3,4.0
WALLABY J131410-132513,198.542828251958,-13.42054023131539,209.64681500078086,7.266687911654974,3.894130314352792,-59.22222151021232,9.642330726180747,9.809444562322781,0.9971628551576579,0.001368232464610098,NGC 5044 TR3,0.0
WALLABY J130554-121523,196.4757590688532,-12.25651057631063,161.7303301583132,5.326186608956895,4.05998241949329,-29.21043000396636,9.41604863693396,9.58321671050514,0.7841961567611957,0.001492990076348614,NGC 5044 TR3,0.0
WALLABY J132729-244239,201.8745930923712,-24.71113177061205,179.14501507108875,5.616054683269844,3.464360315587284,-44.73148412660777,9.504814902471537,9.671986653904618,0.8194602271502741,0.002198099140747169,NGC 5044 TR3,0.0
WALLABY J132754-155850,201.9755415952287,-15.98063217634577,205.51794255190566,5.879237469151261,4.217513854752829,72.04494831082509,9.624075625486554,9.791249166165478,0.9824146827508173,0.001310074403952993,NGC 5044 TR3,0.0
WALLABY J134221-150432,205.5906401272297,-15.07557781343579,290.61584533920995,6.201489661912666,3.888696244043131,75.66114423015756,9.923241077855502,10.090522920822407,0.8635713222932065,0.001621017118398066,NGC 5044 TR3,0.0
WALLABY J133854-190117,204.7260143023331,-19.02155847026349,134.10892054618475,5.031710017679108,3.992738000243206,-37.97938268163182,9.250017894368964,9.417391358722801,0.8165245272728652,0.001722670036782574,NGC 5044 TR3,0.0
WALLABY J134112-233409,205.3037225499137,-23.56911611922241,181.59432987601045,4.948579627264137,4.351056611444156,-53.64489203825399,9.511089979485014,9.678598927671183,0.9639806496474549,0.001844277483161711,NGC 5044 TR3,0.0
WALLABY J130029-181400,195.12293340683,-18.23358795537396,208.73468515282366,7.199328160910571,3.969173677285595,-73.3582688236563,9.630911678441429,9.798491718204064,0.931948455878746,0.002221627474945743,NGC 5044 TR3,0.0
WALLABY J133841-225918,204.6716776136557,-22.9886485775655,81.58310610227343,5.554645009119011,4.261687231905851,54.56129821352805,8.813976031565808,8.981613966342536,0.8573711756760795,0.001746232545308801,NGC 5044 TR3,4.0
WALLABY J133933-145203,204.8888709097802,-14.86771912533518,155.94029111692748,4.705526372730835,3.487274860064892,-52.64486531197643,9.376350952601792,9.544009757139403,0.8844643216685312,0.001646390521094668,NGC 5044 TR3,0.0
WALLABY J130547-130037,196.4459618831968,-13.01033417515941,263.08369671219486,5.740769462931199,5.027047786085271,-25.7361169611122,9.829420238316322,9.997152552302309,0.9981780437561268,0.001347592767235671,NGC 5044 TR3,0.0
WALLABY J131228-173559,198.1182973539184,-17.59988808193123,146.5818765662703,5.675473463217992,5.028538008392458,-48.41310720103811,9.320735992906036,9.48850849330918,0.8688426642810305,0.001608703227896887,NGC 5044 TR3,0.0
WALLABY J133004-165534,202.5175014546134,-16.92634601227186,84.40777265562117,6.468166192598749,4.192319956304321,-23.78292152454877,8.841115478458693,9.008901734576341,0.9524109473392808,0.001541513824468235,NGC 5044 TR3,0.0
WALLABY J133152-235603,202.9681230098364,-23.93424030321746,106.67277857277726,6.700386402992444,4.289309623270007,51.79047436389394,9.044070930704077,9.211880857127008,0.8650703485702855,0.001829927717499775,NGC 5044 TR3,0.0
WALLABY J131211-121847,198.0495871773846,-12.31306731106378,55.97633852923557,6.622756762306053,4.439492161479055,-45.03568029378975,8.483173419615673,8.65103225406541,0.94172544648659,0.001529505604342174,NGC 5044 TR3,0.0
WALLABY J132011-201121,200.0465447918032,-20.18928799786506,45.81337916479192,5.295210647900366,4.950923376669094,-63.06441560975108,8.308877514346749,8.476752969114331,0.7838117479274186,0.002004944632669598,NGC 5044 TR3,0.0
WALLABY J130401-200110,196.0054683962454,-20.01959323895771,165.69819703475082,5.160762708785804,3.846849472709734,-51.49979420696531,9.424544285670903,9.592479974138275,0.785391011573635,0.001674095027171474,NGC 5044 TR3,0.0
WALLABY J131033-173931,197.6389206635682,-17.65873679422607,144.12492242993736,5.059427830925348,3.548129952907849,8.028010030688677,9.302642802413255,9.470624041442951,0.7463598368625697,0.001734614309492496,NGC 5044 TR3,4.0
WALLABY J130328-114125,195.8667888215564,-11.69049299882685,38.97855721752173,5.685619872987663,4.147892568844054,49.04792577802829,8.165755412628613,8.333801599477766,0.7456110948697698,0.001883348750330627,NGC 5044 TR3,4.0
WALLABY J130456-181831,196.2363242713127,-18.30882775400503,199.08060274455735,5.459802941134781,4.35070051342494,30.40449168068554,9.582007352821122,9.750062995386427,0.9820874618873038,0.001632979427558694,NGC 5044 TR3,0.0
WALLABY J131026-153614,197.6086237499995,-15.60407161600725,84.85609952057293,8.166147949578505,3.551697252910522,-8.436083390346042,8.840908572162755,9.008989140618777,0.9945719064617005,0.001761396626515516,NGC 5044 TR3,0.0
WALLABY J133819-180033,204.5816993325978,-18.0092612329708,198.8553609433354,4.517581052625022,3.609047659567709,82.8252344895216,9.579132553926042,9.747304049751104,0.9954865144130813,0.001569937976298317,NGC 5044 TR3,0.0
WALLABY J132115-171527,200.3156753641153,-17.25758610523435,233.63210457121298,6.587883837942826,5.101217920852711,-41.85421655259987,9.718419526429857,9.886634120369433,0.9549805205999267,0.001549645933668713,NGC 5044 TR3,0.0
WALLABY J132208-164023,200.5358542092067,-16.67327757127942,72.15780018306633,8.28045698626691,3.240200929411403,21.90638745834093,8.696301505649975,8.864615347218441,0.7690283569140655,0.001713848745307762,NGC 5044 TR3,0.0
WALLABY J132930-165046,202.378204362828,-16.84632398388079,228.30315302716508,4.946878171306925,3.63249017251276,-50.4280954675311,9.69645876809216,9.864790996245786,0.8927823666910044,0.001386868692025872,NGC 5044 TR3,0.0
WALLABY J132807-200957,202.0321227994222,-20.16610707134544,67.87780274573554,4.024988120082257,3.62241842352801,72.73106444363049,8.63518507883521,8.803989994530184,0.8787606623769233,0.002021685651980359,NGC 5044 TR3,0.0
WALLABY J131403-120644,198.5163537955872,-12.112270916266,94.23135569987373,5.287283949434876,4.602311777900418,-64.72948294343017,8.91973266363022,9.088561385308761,0.9032393862941612,0.001561659418022013,NGC 5044 TR3,0.0
WALLABY J133643-201220,204.1816757504557,-20.20510280174689,197.2287316692734,5.728954292956873,4.966488165765362,58.49286772728485,9.560183996144204,9.729080151202952,0.8741586876388275,0.001578838921572179,NGC 5044 TR3,0.0
WALLABY J134126-191407,205.3585254725904,-19.23549345203528,101.38027998329095,6.851815590672275,4.080348332811499,53.52381104898495,8.982066789995923,9.150968092751699,0.7560044488706973,0.002030931274690194,NGC 5044 TR3,0.0
WALLABY J130554-165937,196.4757240634416,-16.99375477150619,37.29509316867115,5.164102315143182,4.5165918832038,48.44062102341493,8.113346101797294,8.28225459779424,0.7796802902239389,0.001711958369935951,NGC 5044 TR3,4.0
WALLABY J130358-164910,195.995555165237,-16.81948791260171,157.51669706543385,5.700589986041117,4.46743341025971,-61.17005590867547,9.364103703666697,9.533048571305313,0.9578897746480071,0.001850116891951191,NGC 5044 TR3,0.0
WALLABY J132931-181615,202.3809604051775,-18.27091195460624,18.84123810824093,7.318296558634664,4.041291607752225,-52.25861660597552,7.5180191538108065,7.687065405272321,0.768820184150207,0.001684816100588082,NGC 5044 TR3,0.0
WALLABY J130224-155038,195.6017505409316,-15.84401044556966,194.76936585680582,6.928953362608617,5.417041515162146,70.24304111020652,9.546684620925827,9.715740514038387,0.8178026817144597,0.001721833456145535,NGC 5044 TR3,0.0
WALLABY J132538-163436,201.4098158931727,-16.5767427068688,97.70525379818012,5.559133985782773,4.56293909576527,-67.97418740914642,8.946939506236593,9.116028561364406,0.8996658463098367,0.001668682279684811,NGC 5044 TR3,0.0
WALLABY J130645-164412,196.6913706571744,-16.73689441230137,267.6746155881592,5.879748618576554,3.318344388749172,-23.44000655016674,9.822138236951815,9.991238341982154,0.9713461794835676,0.00164194846259144,NGC 5044 TR3,0.0
WALLABY J133446-182427,203.6917089438536,-18.40774928672896,231.36442327292102,6.935336409242756,4.740286781103932,84.73868835158167,9.695341377104612,9.86445227667789,0.9199888357202033,0.001351763459139645,NGC 5044 TR3,0.0
WALLABY J131919-170339,199.8296459312354,-17.0610191473605,282.61601526125395,5.444256835361036,4.530119191222322,20.70464357399158,9.86673040573098,10.035989541175947,0.9627452040120703,0.001793181340196943,NGC 5044 TR3,0.0
WALLABY J131704-171858,199.2694577129341,-17.31626668434148,26.050445834642744,10.13736960361849,5.076299310584464,80.85496879693903,7.795787845923784,7.965058011336082,0.7544986453985585,0.001634348385537376,NGC 5044 TR3,0.0
WALLABY J133236-225242,203.1525268148543,-22.87851171368332,101.46937592082675,5.006001289828348,4.236631974296778,8.819811682988558,8.976725718034423,9.146002140888088,0.7416070013753308,0.001828185517179934,NGC 5044 TR3,0.0
WALLABY J131831-134916,199.6304817807435,-13.82132839123802,152.49292860909773,4.891571973142058,3.874096227631706,13.46365855916244,9.330293785658068,9.499586280913851,0.9728899541194589,0.001502020383534475,NGC 5044 TR3,4.0
WALLABY J133713-153712,204.3059399558296,-15.6201534033517,61.002644534894976,8.41256751130878,4.794823462503111,-3.190652752105592,8.534122239927346,8.703437457263533,0.9999983746889767,0.001629830125187386,NGC 5044 TR3,0.0
WALLABY J131312-182434,198.3017183057716,-18.40952036190312,285.3314552998047,5.175022398093524,4.381318077617408,-68.17334742875465,9.873992680223678,10.043315986682005,0.9853000638384901,0.001363621174145942,NGC 5044 TR3,0.0
WALLABY J133141-173508,202.9215237819835,-17.58572556471705,103.56066843951308,4.970699148266272,4.436112479965058,-63.59779311308615,8.993384870085908,9.16272651755082,0.9999712577315819,0.001479430548864248,NGC 5044 TR3,0.0
WALLABY J134138-155809,205.4119812728546,-15.96936592886104,231.40738089769533,4.993010515884959,3.882698650502871,35.02445299441732,9.689907073007083,9.859362070096974,0.8330840802666855,0.001541608925753774,NGC 5044 TR3,0.0
WALLABY J134310-185010,205.7943667236576,-18.83628493172443,168.01734134877324,5.630961012008108,4.389306100103136,25.53470486429075,9.411710126154281,9.58117439922568,0.8241302435814831,0.001902080079031941,NGC 5044 TR3,0.0
WALLABY J130246-115536,195.6920021869265,-11.9268310345761,102.75908254158651,5.121363101930576,4.324559257298605,-64.33050976170502,8.984341279985792,9.153824079270402,0.9655819203317617,0.001785297340067177,NGC 5044 TR3,0.0
WALLABY J131150-141025,197.9594883231726,-14.17368267980236,204.64629803007992,7.501096359042841,5.737225977177329,11.82229078720874,9.580842022588206,9.750439708775748,0.9902319802447918,0.001423625770380798,NGC 5044 TR3,0.0
WALLABY J134219-211125,205.5805472651251,-21.19152701616603,235.172198588489,6.380458568394696,4.439534393348769,47.2133521333123,9.701128744695914,9.87075582453458,0.9907649390385094,0.001785163231720781,NGC 5044 TR3,0.0
WALLABY J132429-181124,201.1231885510562,-18.19021890867507,111.02010213350624,6.709056749413151,3.554204579306569,-21.78861931857951,9.047436146329273,9.21716937979513,0.7996286126975917,0.001761331212019656,NGC 5044 TR3,0.0
WALLABY J130358-143526,195.9947569161434,-14.59077408240786,201.90600151229486,5.914772174654665,4.970286569346341,-5.478029008204629,9.56676819495093,9.736511477404388,0.8866635663132771,0.001538411900142082,NGC 5044 TR3,0.0
WALLABY J130924-183226,197.3519624816343,-18.54073772913111,189.6297256461424,7.221105248316521,4.57636609206537,76.03728188153262,9.510504594105885,9.680357404762802,0.9612835561026712,0.001589515982597113,NGC 5044 TR3,0.0
WALLABY J130607-201432,196.5304333899441,-20.24239634168775,175.31515186485964,4.587258479597444,3.326957448584007,80.6855066178919,9.441394575065392,9.611305067780904,0.7384120631148242,0.001658012899253718,NGC 5044 TR3,0.0
WALLABY J133439-154115,203.663965627673,-15.68754959648735,217.90957833426847,7.381105986589401,4.602294741037914,28.1791505654476,9.628965545321048,9.798958799170565,0.9530675440625377,0.001481066774248842,NGC 5044 TR3,0.0
WALLABY J133736-185135,204.4030317532213,-18.85976605195324,110.52601765407458,5.691081517419068,4.364632321368505,-29.69742868065614,9.039292093616798,9.20928842101946,0.8517609725790573,0.001654035732424899,NGC 5044 TR3,0.0
WALLABY J130945-124014,197.4392745080665,-12.67067700662966,202.57463429694948,7.231065685028555,3.025525570073429,64.79526300272835,9.564996387620486,9.735025806525403,0.9449892758318367,0.001413255156420246,NGC 5044 TR3,0.0
WALLABY J131222-143329,198.0939447833318,-14.55813397034322,99.66844280383432,4.787074719864829,4.214026267428316,34.79963039259658,8.948708729359199,9.118752506037648,0.8951634226460421,0.00146936819424303,NGC 5044 TR3,0.0
WALLABY J130316-115951,195.8189652324904,-11.99758671553825,102.69706818306695,4.671705657963686,4.414666732038049,75.93966176831871,8.97374183603368,9.14384527759154,0.8306201005439863,0.001660949129870038,NGC 5044 TR3,0.0
WALLABY J131618-190711,199.076912411234,-19.11988372002299,91.21833251596837,5.847659006472042,4.415165013426255,-75.03606455735128,8.86958745985724,9.03976506753679,0.8861520597430769,0.001623263994142438,NGC 5044 TR3,0.0
WALLABY J134123-164916,205.3482637616825,-16.82110427231695,368.4261153525661,7.316693840475025,4.941121278478431,-41.08212175692191,10.081947026559142,10.252135551026509,0.7287867424086603,0.001343733743473915,NGC 5044 TR3,0.0
WALLABY J131330-170723,198.3754435234698,-17.12310935587881,37.94751414269815,4.927788908516017,4.572661729179292,15.18239526312448,8.104572520400106,8.274948648218905,0.999302574121138,0.001715290453180917,NGC 5044 TR3,4.0
WALLABY J132257-194004,200.7393535485472,-19.66783529151683,98.18156957360124,4.532116930566697,3.736495347860175,76.26478678319938,8.930056784651843,9.100445812914414,0.7360779489969769,0.001810846792330476,NGC 5044 TR3,0.0
WALLABY J130841-155908,197.1739574423447,-15.98562315417004,83.65094987206585,4.963554822172008,4.333866033404091,-51.93012849112824,8.790823364331091,8.961219505664802,0.9995185292269128,0.001619051835661602,NGC 5044 TR3,0.0
WALLABY J133452-175929,203.7185168606598,-17.99159493138324,294.53532543864634,5.595948398221402,5.062584151311333,-41.53489161410506,9.883524825619265,10.053959954109928,0.7264744280900944,0.001289356433560431,NGC 5044 TR3,0.0
WALLABY J133605-202342,204.0215840176883,-20.39486566540484,185.29812866879863,5.952822077741672,5.032438695384733,-71.94303123073487,9.480912691879505,9.651352723640215,0.824467373103891,0.00163873840585986,NGC 5044 TR3,0.0
WALLABY J131516-145919,198.817852417643,-14.98864897198021,33.25403568886677,6.290382801347242,4.53180905043515,-55.87930321290428,7.988404826607479,8.158872921516672,0.7684609042262713,0.001728411064931842,NGC 5044 TR3,0.0
WALLABY J131204-131632,198.0177147597025,-13.27577082853767,210.6260078366193,6.076703926531516,4.24339405726486,63.85039661282303,9.591086634861897,9.761595077955805,0.9821870260368596,0.001402983095697522,NGC 5044 TR3,0.0
WALLABY J133431-221037,203.631588784921,-22.17708216909564,101.41674583610902,5.250265844594344,3.95855939096675,86.21178053727961,8.954224485343408,9.124860009112384,0.8555280414504274,0.001599392881081648,NGC 5044 TR3,0.0
WALLABY J131751-185007,199.4652006702712,-18.83544139102843,103.52390681170648,5.242748727606703,4.094401461060853,14.91324312342104,8.971002425968049,9.141704925819898,0.8389346935963349,0.001697691537427739,NGC 5044 TR3,0.0
WALLABY J130254-135530,195.7278482852703,-13.9252163803222,308.9554147969699,5.704447588027495,4.077369755863733,0.6629144126477513,9.920596880007848,10.091306538883915,0.9318535989782367,0.001468438238296597,NGC 5044 TR3,0.0
WALLABY J131524-154106,198.8536813092381,-15.6851753279442,40.923281679922084,5.340109327220741,4.287258112289211,72.69678498326103,8.164527940533217,8.335251085648911,0.9999693260446713,0.001809116760142451,NGC 5044 TR3,0.0
WALLABY J131156-184429,197.9869880335566,-18.74150691092857,126.97555114331094,6.241935466352384,4.623524757159289,21.97898301725968,9.147587409471184,9.318337735144965,0.9393897517198458,0.001587861979658235,NGC 5044 TR3,0.0
WALLABY J133139-212053,202.9165510365268,-21.34817942949173,78.83514166524132,5.378108234785818,4.285825363995808,7.900271764792734,8.733569009229237,8.904320440928352,0.8662346285237722,0.001689278611908618,NGC 5044 TR3,0.0
WALLABY J131405-155538,198.5224378581237,-15.92739504553301,197.13515296836817,5.627235578639956,4.156347408447897,37.05111542855772,9.529298273141496,9.700071903238161,0.9523809757184475,0.001626019860251701,NGC 5044 TR3,0.0
WALLABY J130558-124006,196.4934016813601,-12.66834320598776,37.53951132437749,4.250662532071676,3.757624358758741,-28.14078319006616,8.088322103802367,8.25912201959079,0.9999999982491872,0.00185467502235011,NGC 5044 TR3,4.0
WALLABY J130546-133400,196.4448594975306,-13.56668846276973,18.526914591532158,4.646465574385645,3.832751032214188,27.60455417368019,7.474565959121467,7.645389682122517,0.9999999947382272,0.001626859029852956,NGC 5044 TR3,0.0
WALLABY J131806-181910,199.5264879545949,-18.31965951853257,76.83709131233475,4.527248554654439,3.879356986144288,88.26835394264937,8.709573202238598,8.880429588199217,0.9741980124938017,0.001807088738173149,NGC 5044 TR3,0.0
WALLABY J130812-145720,197.0508411002928,-14.955555618409,165.21159864623547,7.647341737893014,5.220664374496141,66.5353090310661,9.373860776911862,9.544757453344406,0.9142175572594136,0.001388710438019824,NGC 5044 TR3,0.0
WALLABY J134259-182459,205.7489333603604,-18.41663395820892,165.3402571193977,5.209006582461317,4.509424464639753,-77.29155716709806,9.374341627354939,9.545250379848984,0.8833769774385775,0.001732189226711248,NGC 5044 TR3,4.0
WALLABY J132329-165844,200.8708391610486,-16.97897593025109,99.11490117615071,4.971921671378992,4.053851314498178,-56.16839461005965,8.92818697044251,9.099199335773891,0.9087116684956992,0.001734667987350577,NGC 5044 TR3,0.0
WALLABY J132807-162439,202.0303223893037,-16.41097070052135,26.2689382777685,6.055247700975693,5.477733399130534,-52.91140617453561,7.774450355590823,7.945483986450219,0.9133355329832583,0.001479323279446893,NGC 5044 TR3,0.0
WALLABY J132124-160619,200.3537142254434,-16.10549034618702,73.23422299451424,5.206954811685258,4.782808899834864,-15.14069832574964,8.664490148177885,8.835554915256468,0.9288151911772288,0.001670605793798588,NGC 5044 TR3,0.0
WALLABY J132243-172410,200.6817005393772,-17.40290303277874,104.57650599644086,5.336037717524799,4.271304212031189,8.85021519066288,8.973675067706083,9.144755622221423,0.9113932072940087,0.001678601723481298,NGC 5044 TR3,0.0
WALLABY J131318-110526,198.3258332404595,-11.09067798814336,148.4121205711749,4.798697289422071,3.914522784738656,-70.29314662276508,9.277026853951218,9.448151878002658,0.9990961364654277,0.001599718745377652,NGC 5044 TR3,0.0
WALLABY J132247-175705,200.6977515752,-17.9514097059096,229.3379641472135,7.257952762059841,5.841044241828605,3.594769082873285,9.65497280511366,9.826101988229553,0.9542666728386663,0.001613636758107144,NGC 5044 TR3,0.0
WALLABY J130545-130604,196.4379053253799,-13.10124298515618,212.66614932985243,8.081482329454962,4.668584075187369,63.62535468315033,9.588375758344815,9.759569420513387,0.9725107370418914,0.001436864180003556,NGC 5044 TR3,0.0
WALLABY J133720-200032,204.334689182288,-20.0090045971241,198.94439345340913,7.695166579832974,4.010710875831045,-9.016488121893488,9.530436094898127,9.701630149344952,0.7604478455659187,0.001670803935859929,NGC 5044 TR3,0.0
WALLABY J132419-185912,201.0822306190693,-18.98667025343429,71.4601138549041,5.095458457044019,4.176624700949806,28.40741727805627,8.64099468001109,8.812195259523254,0.7551233467322078,0.001954726148574098,NGC 5044 TR3,0.0
WALLABY J133627-171544,204.1149138905593,-17.2623860442406,169.40760174314983,5.410091895849791,4.179915192980016,65.31569006989373,9.390465183994992,9.561682343910938,0.9870438635130411,0.001405264404665969,NGC 5044 TR3,0.0
WALLABY J130718-130903,196.8279067481465,-13.15083078699333,21.77265798296513,4.979108189139597,4.279948450667943,69.37778804835067,7.607772927014491,7.77903028730011,0.9999997817378408,0.001741184410282576,NGC 5044 TR3,0.0
WALLABY J130254-155621,195.7288872462572,-15.93930163215684,77.50256580092606,4.517108953136648,3.425412442351399,73.12510162523407,8.709391799258949,8.88072286062085,0.9423474453585865,0.001856845437351298,NGC 5044 TR3,0.0
WALLABY J130445-190601,196.1881121852649,-19.10027273997742,191.4057211691984,4.763850667116882,3.990162429442174,-6.683250528936384,9.491639880613802,9.663158601171663,0.792368506566221,0.001681071422745872,NGC 5044 TR3,0.0
WALLABY J133601-171551,204.0065616723743,-17.26433238434801,215.4792625032762,4.967439237416963,4.590742657800165,89.13407254950496,9.594534130084416,9.766053277019823,0.9024392381020293,0.00134202683936622,NGC 5044 TR3,0.0
WALLABY J131049-182530,197.7045968280324,-18.42512378792835,191.3634646214382,5.609003438656146,4.463446149402697,52.36983567066065,9.491435491319612,9.662954993227478,0.8922288389561545,0.001530057140019017,NGC 5044 TR3,0.0
WALLABY J133059-160809,202.7490441562356,-16.13605903732318,234.61076092464236,6.496954257822718,4.986576339311362,-58.0359385832906,9.668083732805965,9.83962365581754,0.9968959154740898,0.001406591248826735,NGC 5044 TR3,0.0
WALLABY J131425-161751,198.6063499764809,-16.29756767028224,243.67473928362918,4.852891396700795,4.381996166382049,-2.558876353655208,9.700745772497838,9.872302000774381,0.886825236334196,0.001566908629269024,NGC 5044 TR3,4.0
WALLABY J132614-195933,201.5578199150031,-19.99174245584216,109.40069727075877,6.185115674225747,3.849026722608398,-51.90021847921599,9.004220572828183,9.175835328778502,0.7067263931331247,0.001948138529126156,NGC 5044 TR3,0.0
WALLABY J130010-130042,195.0439359194091,-13.01183146020194,67.77856252219776,5.530744887839851,4.408829237172299,-16.39774119793249,8.58716110401042,8.758850495545797,0.7715285807664766,0.002210812853622126,NGC 5044 TR3,0.0
WALLABY J130029-133942,195.1230545042441,-13.66191782834417,91.49325624635613,5.24509286627228,3.77752556923911,58.12533645209918,8.847368973395684,9.019082271334751,0.8692612178515446,0.001899422420965277,NGC 5044 TR3,0.0
WALLABY J130516-171618,196.3207488310438,-17.27185106120759,195.6538453052183,5.938115538956886,3.49885011851401,44.32243233177763,9.506973213694677,9.6787233656806,0.9937242592355303,0.001711555095609885,NGC 5044 TR3,0.0
WALLABY J133141-231608,202.9222759979866,-23.26893052085811,131.41434926897264,5.905908216706514,4.495663975731828,80.79039020484923,9.16109109393204,9.332853085367402,0.9996936405614055,0.001933306957223598,NGC 5044 TR3,0.0
WALLABY J130941-132855,197.4240890159487,-13.48199929032021,203.84488889882374,5.9142151841457,4.359210941408752,65.93758389654607,9.541732548241711,9.713536253335603,0.8895832229016944,0.001417884397036301,NGC 5044 TR3,0.0
WALLABY J130525-161217,196.3550942579678,-16.20487410905504,175.1750848692974,4.265908871195217,3.604229895042592,-14.55434030736336,9.409833417238993,9.58165226527611,0.9683549049830256,0.001701246012698871,NGC 5044 TR3,0.0
WALLABY J132612-162649,201.5541132905561,-16.44702088543814,345.11671087842245,5.436815433489333,5.07676535713529,-47.73893006104707,9.998739924981741,10.17056378425089,0.8165158171521844,0.001423824948027825,NGC 5044 TR3,0.0
WALLABY J133217-210813,203.0757344965955,-21.13610866203625,85.70554110661192,6.743200491137518,4.631779967998128,-82.38286151082015,8.788370018911824,8.960222146886945,0.7086497295878633,0.001727741645084358,NGC 5044 TR3,0.0
WALLABY J133102-211704,202.7617297594643,-21.28446894020917,84.04452701575835,4.380168869630558,2.962755800677972,-49.45460067769585,8.771041797447827,8.942914352631195,0.9997693228906657,0.001697298877854959,NGC 5044 TR3,0.0
WALLABY J132359-235510,200.9982322979386,-23.91966438106944,267.9416304271622,7.08388374167312,5.048976933175206,71.7277785255405,9.77718286715488,9.949112527668285,0.7163654013583113,0.002156389373846788,NGC 5044 TR3,0.0
WALLABY J131806-135023,199.5286061582553,-13.83977633469468,37.57602181523993,5.161127413833839,3.652958320168531,75.32015000320747,8.07046351636485,8.242421755950522,0.9999999873328083,0.001544518317441053,NGC 5044 TR3,4.0
WALLABY J132158-170021,200.4940233675733,-17.00602675034161,74.3209810859014,5.268911800596552,4.17813743898174,62.82785714388717,8.662854395616337,8.834813279185457,0.9011441696147486,0.001885183117776562,NGC 5044 TR3,0.0
WALLABY J133725-150627,204.3542552401953,-15.10760838554413,114.37665624160938,5.57870138263431,4.856656070307814,89.43445402268544,9.037285125350314,9.209245323822508,0.9220042561973629,0.001597030019740394,NGC 5044 TR3,4.0
WALLABY J130410-174551,196.0444262532565,-17.76434734760053,195.59279084407234,4.97106587700548,3.841852117085456,80.19813280522123,9.502543611473545,9.674551744394277,0.8948313518091753,0.001640597799959885,NGC 5044 TR3,0.0
WALLABY J134211-151930,205.5468656051584,-15.32502382849997,231.4643145123068,4.926069275207368,4.059765588617402,6.589775402426852,9.648203294558098,9.820248836650102,0.7844106383940538,0.001591772351210277,NGC 5044 TR3,0.0
WALLABY J131054-185747,197.7262068890493,-18.96310867099542,231.28257974772293,4.605679030768704,3.822740189403337,-88.14118530531739,9.647489485338136,9.819536986821907,0.9680190173155762,0.001594953756737865,NGC 5044 TR3,0.0
WALLABY J131336-122813,198.4014467450517,-12.47032265438495,55.84003657808526,5.414449208940812,3.659106196253167,-85.53087247590297,8.412334684544835,8.584429386421323,0.9266999190936026,0.001588246699740752,NGC 5044 TR3,0.0
WALLABY J132534-150540,201.392292170065,-15.09462807225007,99.44713125824511,6.045960566082929,4.528138744780606,72.72071619889732,8.913011362988609,9.085144337230773,0.7079433696226802,0.001851014313247309,NGC 5044 TR3,0.0
WALLABY J132726-173924,201.859953400579,-17.65668619029877,23.13048070587044,4.768438455486378,4.07717071665971,-36.83194168770072,7.64570018237351,7.817863955200992,0.9963828941133916,0.001601060174036836,NGC 5044 TR3,0.0
WALLABY J131409-171242,198.5381902130896,-17.2118357693435,326.0331811338756,6.261399864591536,5.482634958622121,12.65854523289428,9.943833029035627,10.115998130838385,0.767288942189063,0.001409886309883411,NGC 5044 TR3,0.0
WALLABY J131616-122639,199.0694233615356,-12.44437933948924,98.36558951651777,4.958028885408185,3.965685573576835,47.54291710765352,8.900863080735373,9.073160647623899,0.9744314890969415,0.001662270537205951,NGC 5044 TR3,0.0
WALLABY J131551-131140,198.9628049229925,-13.19453948024481,190.59060567303217,5.901183443675918,4.209525696462427,33.84173031619446,9.47493509792503,9.647260283847869,0.773210572365033,0.001463081326138195,NGC 5044 TR3,0.0
WALLABY J131600-185222,199.0017438266887,-18.87293471300055,251.72430168236195,6.196293519572779,4.427097449096433,-20.7168591180575,9.715768924849934,9.888144656185704,0.8662179995712798,0.001386293165280627,NGC 5044 TR3,0.0
WALLABY J130052-145506,195.2190003829445,-14.91849241125774,198.11348979971194,6.982977182699736,4.605516632635045,34.91398467721359,9.506432617087313,9.678890018662004,0.7763900005471366,0.00178493514397334,NGC 5044 TR3,0.0
WALLABY J134123-191204,205.3490221112654,-19.20135291451172,166.71720916192473,5.035397909428356,3.598547277237388,55.12254770985076,9.35555401440932,9.528074286238574,0.8114587532615444,0.001760094032319574,NGC 5044 TR3,0.0
WALLABY J131009-121223,197.5378703379064,-12.20649633724647,56.90143025821228,5.438476433434852,3.974303296417873,-16.42386119879068,8.42049493683213,8.593098813466057,0.79914753113011,0.001635157005360881,NGC 5044 TR3,0.0
WALLABY J130347-180311,195.9464995234696,-18.05323432875276,252.848723477805,6.354287965438859,5.416087131943411,-48.80841974225223,9.715646612698425,9.88827060614634,0.7180256751090992,0.001663930581061333,NGC 5044 TR3,0.0
WALLABY J133248-184038,203.2010194457808,-18.67744070030704,229.38238418533217,5.171209910332821,3.664070816326107,-26.54460530105222,9.630613684933799,9.803264516582786,0.8281451717011108,0.001514920415534185,NGC 5044 TR3,0.0
WALLABY J131447-112436,198.6990700962621,-11.41005782988993,31.697591065496624,5.312549093931623,4.857616434492869,-57.74711214982063,7.9096184389860085,8.082389189492718,0.9734711066917635,0.00154897711791288,NGC 5044 TR3,0.0
WALLABY J133521-145344,203.841199964328,-14.89557474621204,207.76073739174075,4.345531286075554,3.752526485577906,-88.37407518546809,9.542300925981854,9.71509606397356,0.9929183261629178,0.001518657671678976,NGC 5044 TR3,0.0
WALLABY J133300-224718,203.2522739522627,-22.78857214419596,179.90351931944934,4.931756689848856,4.486793968456499,-89.6718651072025,9.416901808069502,9.589718818444137,0.822745352126187,0.001788982730628838,NGC 5044 TR3,0.0
WALLABY J132228-185728,200.6186339289287,-18.95787470655139,110.36813024928416,5.556013862092052,4.402173695024529,-31.75136474453473,8.992144667018932,9.164984404959679,0.7762214726283037,0.001941941584378428,NGC 5044 TR3,0.0
WALLABY J131554-145828,198.9762571174392,-14.97467929674697,210.5977039578124,7.065288932540293,4.103937696611488,-80.32421491219603,9.552982474053314,9.725845992294454,0.96601820982835,0.001566637909910824,NGC 5044 TR3,0.0
WALLABY J133206-220705,203.0281558907313,-22.11821342296521,131.59509190384466,4.200814426647772,3.690519469729351,83.403216846752,9.142782710766365,9.315756533379023,0.9017148340688266,0.001708047912085102,NGC 5044 TR3,0.0
WALLABY J131104-185724,197.768809181148,-18.95685105308462,230.6526499084508,5.68309026908473,4.086172983712175,6.909400210863794,9.625656939324951,9.798915024251972,0.830330949954518,0.001461464259088801,NGC 5044 TR3,0.0
WALLABY J133717-200343,204.3212138984355,-20.06199852973848,198.95432440643103,6.256537096394245,4.36193529524707,-78.57623341515041,9.496941462993695,9.6702185785805,0.8821310295764047,0.001575667095212191,NGC 5044 TR3,0.0
WALLABY J130906-172108,197.2751479478292,-17.35233744618859,68.43346619785751,6.994386687964334,4.745670465699187,-73.33210991051206,8.569463944804212,8.742772713836546,0.8154788867591576,0.001765582291262541,NGC 5044 TR3,0.0
WALLABY J134015-153211,205.0655419129359,-15.53650858397524,166.07965893502765,5.57971767584412,3.536875175237713,6.355482417082925,9.337865700601125,9.511280083822154,0.7006318060537589,0.00147657172827799,NGC 5044 TR3,0.0
WALLABY J133717-174332,204.3233406117297,-17.72560020063948,296.2129550907728,7.667663101534624,4.258766372467642,39.13380486195967,9.839651919610288,10.013115504283533,0.8638214267845205,0.001363917437951074,NGC 5044 TR3,0.0
WALLABY J132251-183904,200.7148727936055,-18.65122662521907,110.29095262628044,5.479084497933735,4.548903044590879,-39.679991494064,8.980702954919488,9.154217723928639,0.755292753149237,0.00173383382308014,NGC 5044 TR3,0.0
WALLABY J133458-235846,203.7422914645235,-23.97952785560494,160.93174074276888,6.50054227154856,5.129603431352742,19.87113725055045,9.308190517211525,9.481749955488183,0.8208105718906977,0.001766610110056345,NGC 5044 TR3,0.0
WALLABY J133242-233015,203.1771639577617,-23.50443831867114,144.6833006481411,4.642216303771321,4.189336669598791,32.69111189135253,9.214724278730843,9.388347333897771,0.9038753144196765,0.001648025969789997,NGC 5044 TR3,0.0
WALLABY J131051-112542,197.7126620890619,-11.42834619872842,240.48233338434594,4.431298567397027,3.006306978174054,-49.96797377558246,9.655091656445979,9.828774754643774,0.847799610189121,0.001510042202859346,NGC 5044 TR3,0.0
WALLABY J130906-170551,197.2776978380134,-17.09759507428761,69.66193465222705,6.225077060330351,4.088855880558403,-35.96726315911695,8.577059423707878,8.750858437747526,0.9871623998384912,0.001753838231785333,NGC 5044 TR3,0.0
WALLABY J133437-211108,203.6566856150425,-21.18578619862959,223.64294658100889,6.41832752912799,5.073158004043972,-18.43393532083823,9.589441270323226,9.763286332954936,0.8624966143663886,0.001524131691318753,NGC 5044 TR3,0.0
WALLABY J130539-144459,196.4126072797891,-14.7499804185793,203.848470760384,4.891806944821735,3.849331154496403,39.55557743019989,9.5085568082501,9.682426160564592,0.9840250225367924,0.001478427497828112,NGC 5044 TR3,0.0
WALLABY J133217-164324,203.0733633641865,-16.72341724291431,83.68836756799578,8.67047473768058,5.527058152387669,78.74313677571283,8.734468292496963,8.908387845614463,0.968194768198995,0.001546788752759792,NGC 5044 TR3,0.0
WALLABY J133207-220728,203.0315589649437,-22.12468723805969,135.89568941687259,4.403734350130184,3.8449820977261,-30.68599839998575,9.153395923830004,9.327450015591602,0.7541403106344079,0.001596706485512185,NGC 5044 TR3,0.0
WALLABY J130937-150616,197.4060986641377,-15.10455920579173,198.3044722936738,6.231477564039404,4.926482880678824,63.8807611999178,9.480265632099202,9.654406215208951,0.8612893246211268,0.001485973292932444,NGC 5044 TR3,0.0
WALLABY J133108-164842,202.7840605376777,-16.81187375495683,103.73842888500118,5.40366628129833,4.404525017600885,51.57007290428996,8.914959300661069,9.089257478432353,0.7007888164160867,0.001468989256180596,NGC 5044 TR3,0.0
WALLABY J130939-135908,197.4152779437082,-13.98557532871264,161.44245662953148,4.218452134385722,3.588447370297214,57.71117905904519,9.299037515162333,9.473340568700493,0.9403496144033233,0.001413403072575795,NGC 5044 TR3,0.0
WALLABY J134024-233429,205.1009848387204,-23.57472289549575,160.5498322371442,5.344508974926938,4.302582228445068,-39.57780306920916,9.293639009090475,9.467978506313308,0.9723672960621478,0.00171821149520717,NGC 5044 TR3,0.0
WALLABY J134126-174706,205.3616037565797,-17.78510735455021,207.60662387777862,4.680642654877345,4.158522462823239,-15.39948325001053,9.516401927940548,9.690772686083875,0.7337023939595756,0.001547225424724246,NGC 5044 TR3,0.0
WALLABY J131611-174521,199.0478215886051,-17.75587273571552,196.93506588767787,3.756967023973577,3.565023748280224,64.21059620286698,9.468306427939764,9.64281853752236,0.7096783493401769,0.001586580097176022,NGC 5044 TR3,0.0
WALLABY J131743-181822,199.4294314940345,-18.30626544369093,70.17688669515594,6.721096402967567,5.755783140132461,-57.39723269404391,8.571278186473801,8.745838509086898,0.7709206089784357,0.001856044325524021,NGC 5044 TR3,0.0
WALLABY J131815-133536,199.5642656364796,-13.59356297964459,148.53864944968544,5.906137407680523,5.109950038933191,23.92470262846791,9.22246539951307,9.397032202126995,0.8957350402205636,0.001521290216792744,NGC 5044 TR3,0.0
WALLABY J130622-161408,196.592874903122,-16.23570153425173,159.27661541050279,5.421859786454195,3.741683047168271,-23.43243806952837,9.28290192650405,9.457480532376977,0.7032840431664452,0.001883133003312616,NGC 5044 TR3,0.0
WALLABY J131051-190753,197.7131212333096,-19.13147011309578,285.00808464433834,5.044160937755557,4.710286722855525,35.85287009153802,9.788174241539451,9.962761485996765,0.7586701589705379,0.001420160571225719,NGC 5044 TR3,0.0
WALLABY J132134-151101,200.395790298884,-15.18370820449609,37.949137949139,5.173267586355914,4.435451089490197,23.44284362765052,8.03667194513976,8.211271195249521,0.9991771079828116,0.001919131515152216,NGC 5044 TR3,4.0
WALLABY J133902-204211,204.7613222046876,-20.7030470420111,326.78967493024584,6.31274962411341,4.187555082296321,4.320947134894652,9.906273882527719,10.080906366397615,0.8553627756028804,0.001539232429200981,NGC 5044 TR3,0.0
WALLABY J130837-155227,197.1572837505446,-15.87430582064841,177.18087185807767,5.222690600058493,4.221234621395045,-74.86453450570347,9.374244072330285,9.548897018513587,1.0,0.001470261300598788,NGC 5044 TR3,0.0
WALLABY J132807-205527,202.0329205736401,-20.92420791836848,83.30295777848129,9.670141351263423,4.947476219407008,1.422968387949538,8.717206332300666,8.891954769976367,0.9661860475207209,0.001810131979310403,NGC 5044 TR3,4.0
WALLABY J131526-132732,198.8591870321082,-13.45893590228304,209.29728125625252,9.108637854248196,3.172256322912797,-6.805491037996006,9.516621525169706,9.691419515755243,0.9642719063217838,0.001480826949863621,NGC 5044 TR3,0.0
WALLABY J132401-232015,201.0067574612989,-23.3375137843956,194.56721899331552,5.069705644898193,4.514963531544915,-49.85997522753614,9.453129852312157,9.627934347709923,0.7143790750602907,0.001932590677123802,NGC 5044 TR3,0.0
WALLABY J133910-174532,204.7918043960864,-17.75900749426812,185.09461757616364,4.419473425853977,3.697949578093804,53.92236025907789,9.409534897762676,9.584354627562806,0.7547746570223144,0.001458224947061579,NGC 5044 TR3,0.0
WALLABY J132328-172821,200.8706178686954,-17.47261112042787,53.82135419669738,6.07385631704604,4.857919960859332,-51.84905631911243,8.335911597526518,8.510777999908798,0.7872539294844813,0.001672046034592021,NGC 5044 TR3,0.0
WALLABY J133931-181852,204.8817322960799,-18.31452101229711,183.41208171599905,8.50412685658623,4.756664650523565,-34.72170263173734,9.398610236680383,9.573617518716008,0.7650813490190755,0.001480338498614845,NGC 5044 TR3,0.0
WALLABY J131833-144940,199.6400635380158,-14.82785038753414,156.49734844980864,4.853411406678777,3.839603802721506,39.79435169877377,9.260296981078376,9.43533381011945,0.8594063856445384,0.001732777698277574,NGC 5044 TR3,0.0
WALLABY J131918-161609,199.8256245015823,-16.26934174880387,201.3623214963057,4.054782193578661,3.459808963473089,-7.764859922299635,9.479209346115564,9.654248061211304,0.8102936209883801,0.001839446044440376,NGC 5044 TR3,0.0
WALLABY J130532-124549,196.3863061040925,-12.76379764910095,37.38604678283085,6.569613080050434,4.602705367004528,-67.12879379534361,8.01631026991614,8.191371665122764,0.9989358223671031,0.001732004719861445,NGC 5044 TR3,4.0
WALLABY J133224-192120,203.1024496461387,-19.35564028407533,226.01755642344284,4.393323147934847,2.978537903084974,9.163672472823919,9.57884914148304,9.753930998990587,0.7835991676771874,0.001564237508588435,NGC 5044 TR3,0.0
WALLABY J133522-223319,203.843716040719,-22.55537996516891,183.7122573849841,5.637499333367042,4.397062438060842,-30.97532901775703,9.39779564023519,9.572943051590721,0.749082240923716,0.001651071454696238,NGC 5044 TR3,0.0
WALLABY J130422-170313,196.092044341364,-17.05385627985771,195.2311929500984,5.047390511468583,4.070096706232215,-14.20389106663031,9.450444614254446,9.625602886015368,0.7494309494195451,0.001735404547670066,NGC 5044 TR3,0.0
WALLABY J131017-193255,197.57389787304,-19.5485983239711,38.52856701795317,4.235901182056804,3.641788478417863,-72.24178026965367,8.040275295112652,8.21547349595996,0.9683310931020978,0.001623304209386595,NGC 5044 TR3,4.0
WALLABY J133639-234202,204.1655239024039,-23.70070569785181,174.61799515288365,3.969416990099141,3.763465138784655,52.70646824474801,9.351426116913041,9.5267159975246,0.8956900914038795,0.00181945751471571,NGC 5044 TR3,4.0
WALLABY J133701-155704,204.2576330776141,-15.95131667281428,61.31976548171114,5.434615322335254,4.269900075835143,-8.471847291243378,8.442223605993133,8.61752763495634,0.8707057143127426,0.001449004092109411,NGC 5044 TR3,4.0
WALLABY J130608-172615,196.5359246388717,-17.4375524193991,195.229688169558,6.445487999564467,4.850958180893827,-74.83149077545852,9.447966929796719,9.623280208524475,0.8368909836100091,0.001595511678526441,NGC 5044 TR3,0.0
WALLABY J130311-134534,195.7998390826053,-13.75960949175236,167.9173886439043,3.968923081607901,3.398939350486383,82.78863254514495,9.316751569489838,9.492084613007274,0.8996254666116861,0.001464259304856534,NGC 5044 TR3,0.0
WALLABY J132059-173347,200.2464278168946,-17.56325401165413,33.113856140734306,4.668634931836623,4.214730468357611,-31.31373007062962,7.904718568859442,8.080168426029422,0.7065378153975942,0.001924245064674301,NGC 5044 TR3,0.0
WALLABY J131420-115314,198.5841459153782,-11.88738316472428,207.26709803768813,10.37231982493483,3.669117649487338,22.43246045584715,9.49677292808203,9.672284739873101,0.7385462116323808,0.001448886035341155,NGC 5044 TR3,0.0
WALLABY J131918-155021,199.8265499759787,-15.83923935819059,195.23328571549578,4.766898708336289,4.067774138756736,54.5908599707121,9.443768587030771,9.619346416552256,0.8235835821519688,0.001712823170282946,NGC 5044 TR3,0.0
WALLABY J131413-125346,198.5546505950913,-12.89633516174442,198.89980739979313,5.766214406096912,3.612634857833451,79.5438678323752,9.459641593731876,9.635237509951736,0.9858568297970908,0.001367404168658551,NGC 5044 TR3,0.0
WALLABY J131631-134126,199.1300853971618,-13.69064534166925,199.7034270568676,6.967310207655676,4.355476112873276,-73.96422083293777,9.460554142644781,9.636312751353735,0.946013533789504,0.001451983903623369,NGC 5044 TR3,0.0
WALLABY J130415-115926,196.0665061342611,-11.99078515581678,37.89668348272113,4.648405258658542,3.746669577880473,-58.59068389027092,8.015214065081214,8.191084009908325,0.9940385995888555,0.001806433126134818,NGC 5044 TR3,4.0
WALLABY J133822-195211,204.5925232199686,-19.8697292799374,235.4763453061309,5.32657105532456,3.616055430895051,83.7198268827054,9.601702741160201,9.77758547646103,0.7231481486820894,0.001617489482055975,NGC 5044 TR3,0.0
WALLABY J132709-163509,201.7899659485157,-16.58607750266128,119.98154240662859,9.170964291490515,8.424061749250574,69.8518917097716,9.015901321280445,9.191792589264224,0.8701968998129289,0.001549212195863704,NGC 5044 TR3,0.0
WALLABY J130514-203447,196.3097947555936,-20.57978368379227,192.7692202842521,5.436750892911907,4.318579191526591,12.0098930441294,9.427661382440812,9.603558084308242,0.7417420543753549,0.001931249593659847,NGC 5044 TR3,0.0
WALLABY J130421-111510,196.0891617020742,-11.25301614494807,50.488394909231936,4.614416036446126,4.42611047838029,-2.645538115900791,8.263555117596557,8.439477848856715,0.7868264047681078,0.001815404836430587,NGC 5044 TR3,0.0
WALLABY J130934-145427,197.3926746833904,-14.90767577980139,83.27717310807905,5.127254446254774,4.290561100502637,-64.50534626331395,8.697406233432734,8.873380379112662,0.7793895478216661,0.001485910726297221,NGC 5044 TR3,0.0
WALLABY J133832-200024,204.6369251640051,-20.00678801417477,234.58724111860326,4.536305789581222,3.388470897547141,-25.07652707550382,9.596615743205827,9.772611729319475,0.9533041607617238,0.001626859029852956,NGC 5044 TR3,0.0
WALLABY J130558-124011,196.4951033670832,-12.66987419671615,38.51703051264048,4.472233074997013,4.047685089056174,-25.04682201011836,8.027279509130707,8.203277575152775,0.9999999999519938,0.001663812006500235,NGC 5044 TR3,4.0
WALLABY J125942-164952,194.9284674948142,-16.83132796389312,19.49936591691593,5.143117463164433,4.5110863837056,-88.62722009717807,7.434965348210493,7.611029425722946,0.7258155621536795,0.002953098581176234,NGC 5044 TR3,0.0
WALLABY J133039-241626,202.6657223665214,-24.27405377621292,109.78791853254614,5.609250413714862,4.413210474852522,76.1268876798502,8.93487444206179,9.111011429736347,0.7237789955887319,0.001878861989045267,NGC 5044 TR3,0.0
WALLABY J133304-241753,203.2697258999285,-24.29812222155546,268.62216035131047,6.031408762087884,3.716786533722233,-42.74475217726484,9.711229482135593,9.887418035296756,0.7343830186273503,0.001771425238303117,NGC 5044 TR3,0.0
WALLABY J132218-173518,200.5787724612328,-17.58851775394838,102.01284660868043,4.49228175464969,3.436253969659904,26.83474609859149,8.869818036640062,9.046034121853094,0.9877225893164828,0.001686363265603641,NGC 5044 TR3,0.0
WALLABY J133604-195904,204.019731214371,-19.98468452620788,95.41179432618985,6.539605349223946,6.051028952682886,31.36899469418989,8.807936265246216,8.984390083837203,0.704757406425138,0.001597484469259132,NGC 5044 TR3,0.0
WALLABY J132805-150633,202.0240712454206,-15.10926460713658,337.71561893812714,4.686751963358135,3.568018483888935,-80.19089556095308,9.905368285125371,10.08185146291099,0.7632840933509392,0.001402758977695213,NGC 5044 TR3,0.0
WALLABY J131502-183430,198.7593659194739,-18.57513970155818,68.537434341085,6.254692038305403,4.292824930000533,-1.564448954430944,8.518771331005007,8.695339575014401,0.7861803841634358,0.001617852368540269,NGC 5044 TR3,0.0
WALLABY J133735-232851,204.3995091399511,-23.48083819461311,185.89684025767497,7.965478080026662,4.401768633798396,76.76554653934772,9.38538516830961,9.561958105187855,0.8273871489446829,0.001654512964828739,NGC 5044 TR3,0.0
WALLABY J133319-183129,203.3322149845796,-18.52477938445923,352.26910676278743,4.716624098021775,4.45750011052269,-82.79138087137538,9.939365356147883,10.116015478196044,0.7425038152669117,0.001485591507009372,NGC 5044 TR3,0.0
WALLABY J132749-180135,201.9575026255272,-18.02650815543403,104.15417785383723,5.627737436253667,4.257166367152927,15.92750237493533,8.879549699222864,9.056289319872356,0.8248868242150101,0.001459488275300243,NGC 5044 TR3,0.0
WALLABY J132759-152532,201.9967814478032,-15.42565432660683,293.2636009491146,4.66220562499633,2.980947323683626,28.94101430545044,9.778225030934681,9.954995390884362,0.9092140881900016,0.001306168951432961,NGC 5044 TR3,0.0
WALLABY J131648-142008,199.2036094266053,-14.3355443750383,153.92415232617705,5.357252323115203,3.845538541472147,35.63462875215245,9.217907030892878,9.394703569558965,0.7412698330694952,0.001547560609291428,NGC 5044 TR3,0.0
WALLABY J130946-162959,197.4447395005926,-16.49997332969809,35.41549463230802,10.32818925319901,4.817216224256471,-80.23217903076969,7.940437932901463,8.117312803208645,0.9999986278042116,0.001829265978246132,NGC 5044 TR3,0.0
WALLABY J130326-163847,195.8587008708191,-16.64641104471525,200.5634084136918,4.743137929941756,3.448776838090883,-5.397246888177634,9.441903253262765,9.6190716143688,0.7879831269017917,0.001826520381694926,NGC 5044 TR3,0.0
WALLABY J133431-211305,203.6302863047066,-21.21827413612461,183.78700001998354,5.579288427158978,4.068330544713017,70.55390567958962,9.364721104146499,9.541972066581561,0.7858778857741892,0.00165291764507876,NGC 5044 TR3,0.0
WALLABY J133841-182702,204.671896422436,-18.45062492703252,145.18165669767183,4.48728050036518,2.958712335693239,75.29001151634357,9.159724682339801,9.33698766386161,0.7618048337879337,0.001490708163288517,NGC 5044 TR3,0.0
WALLABY J133609-200251,204.0379139850679,-20.04770444411881,194.87572805331172,5.589409310378703,4.278419971608363,74.11947680970108,9.415157252599291,9.592436616786749,0.8337437381130411,0.001534113011360006,NGC 5044 TR3,0.0
WALLABY J133028-154233,202.6171208017817,-15.70932141088087,206.04734762939336,5.444566289989201,3.732037813777371,31.65101499942335,9.463161481019045,9.6404670108171,0.9059155813640453,0.001415003181909574,NGC 5044 TR3,0.0
WALLABY J131017-171323,197.5721537932745,-17.22329900788115,237.46985317943654,6.601117478966635,3.799002676443848,53.61065517697503,9.585586227715188,9.762945959401153,0.897342748154583,0.001619736961891997,NGC 5044 TR3,0.0
WALLABY J130914-183640,197.3112990665205,-18.61124344881285,249.35825245030833,5.885953951336874,4.13460162621806,-32.91794148106537,9.627688887324798,9.805069329521876,0.9391065392434793,0.001546059527838916,NGC 5044 TR3,0.0
WALLABY J130645-122324,196.6905057616328,-12.39024104159168,47.25861538620113,4.686443090422341,4.199376279530314,-66.8784138063905,8.179926540638284,8.35750140926266,0.9108841928634832,0.001579372075603087,NGC 5044 TR3,0.0
WALLABY J131738-151033,199.4091401914278,-15.17587160007737,40.11150903597412,7.515768265441142,4.015023459064164,73.46197772301163,8.037190276407783,8.214784884997702,0.9955094855100421,0.001889133186779919,NGC 5044 TR3,0.0
WALLABY J134152-183716,205.4692432861255,-18.62120913060176,235.0549398738958,5.015763381581697,4.836494046175516,40.48907128682902,9.571077427895629,9.7487930256053,0.7445678258449938,0.001801020723843384,NGC 5044 TR3,0.0
WALLABY J131557-145150,198.9889940686372,-14.86405648069034,174.5451291803459,7.000094173539149,4.638233366916843,-4.805457730556171,9.312082736201612,9.48982814569022,0.847044979227273,0.001492982050559544,NGC 5044 TR3,4.0
WALLABY J134029-234529,205.1234836867571,-23.75821806290616,277.69580785665664,5.461164221083247,4.975316476317631,-55.93650654406701,9.71436125569319,9.89217274114486,0.756187030742849,0.001569804472043572,NGC 5044 TR3,0.0
WALLABY J132859-234535,202.2494241806449,-23.75991596776123,134.70377193307723,7.600746051341408,3.561010785952705,27.20940911459417,9.085268897435894,9.263125503584595,0.7115018627838077,0.00177720441052517,NGC 5044 TR3,0.0
WALLABY J133441-191736,203.6715640220398,-19.29352283352204,133.2621250584832,4.185693294925806,2.870538839223183,72.19274529848542,9.075575754119088,9.253454321008201,0.9483437344347542,0.001663359196658834,NGC 5044 TR3,0.0
WALLABY J133140-190616,202.9183962962785,-19.10456748126571,82.35741476205139,6.982543891566086,3.721939670124581,78.26758877459217,8.657457986224014,8.835343494991383,0.8858282635288058,0.001649747717292531,NGC 5044 TR3,0.0
WALLABY J130158-164401,195.4945407775092,-16.73375119950919,185.70942038042128,6.660730573898208,5.037162385226879,-22.80083226031215,9.363143629220692,9.541065636639193,0.831367631745345,0.001899632644859626,NGC 5044 TR3,0.0
WALLABY J133033-193217,202.6396523250638,-19.53827793205698,80.76462700418698,4.313969134673322,2.79463500391199,54.99243196601365,8.639411431897422,8.817365506376106,0.944527166207429,0.00176859601820773,NGC 5044 TR3,0.0
WALLABY J134034-183340,205.1434330780191,-18.56112805999475,185.08005272848604,4.337303079646323,3.856668710415935,9.455558143650421,9.35787295855908,9.535941940156468,0.7515150262771781,0.001632523856155462,NGC 5044 TR3,0.0
WALLABY J133900-160039,204.7514847941214,-16.0109758906131,30.611549748665247,6.531819044270975,4.900045797550232,-30.96150736316172,7.794149525885406,7.972267568267406,0.7650439303313655,0.001613915848449643,NGC 5044 TR3,0.0
WALLABY J134027-234458,205.1155592647013,-23.74949072571003,283.93022297038664,5.887524719301034,3.912312896948662,25.12631082547676,9.728430379215533,9.906571960833661,0.7784326130724106,0.001657998055858879,NGC 5044 TR3,0.0
WALLABY J131435-181723,198.6473728037221,-18.28980899994624,21.56780990910718,5.491712162771772,3.982667602445583,-8.229771628576373,7.489611312059733,7.667753397334225,0.9276524257813632,0.001696404908511129,NGC 5044 TR3,0.0
WALLABY J132747-155109,201.9486619357335,-15.85251933245931,77.64595174961354,5.686156308040193,5.148078680441123,-85.15446635658648,8.601789706395216,8.77996010677663,0.9999997766795122,0.001477079424160773,NGC 5044 TR3,0.0
WALLABY J130644-161702,196.6857176834481,-16.28415030404357,35.66520532305654,5.5274049209391,4.047049408814704,80.92276937782556,7.925057047608326,8.103289803409599,0.9831376462431523,0.001719837796228935,NGC 5044 TR3,0.0
WALLABY J131745-150812,199.4380834073546,-15.1369094441861,186.61994056709,7.249337135007041,4.471041366056965,-15.51475022425693,9.362011036451156,9.54027373170728,0.9603875643021553,0.001646109273281989,NGC 5044 TR3,0.0
WALLABY J132416-164248,201.0695819159155,-16.71356629455877,366.4336340995206,7.556459807436174,4.645186967121695,-8.85135001438259,9.946994797063025,10.125326602304305,0.7412649177717184,0.001336396057943156,NGC 5044 TR3,0.0
WALLABY J131739-152824,199.4133137993157,-15.47356124525571,36.03413406666993,4.88609185486602,3.362655918863923,-16.39140041357648,7.931576220786744,8.109962277938909,0.8659247567169956,0.001908561637245829,NGC 5044 TR3,4.0
WALLABY J134303-195001,205.7665671792354,-19.83375813296693,238.22875737867923,5.308929987316662,4.082170912072042,77.66153647024481,9.57152598953102,9.749950733265809,0.7540891037541085,0.001812077844815246,NGC 5044 TR3,0.0
WALLABY J131355-115301,198.4829023566631,-11.88379351129867,216.30495418375014,6.304672655406765,4.406774702737346,-42.50644253304181,9.483284438215831,9.66198731077331,0.9278550053924987,0.001460732272606093,NGC 5044 TR3,0.0
WALLABY J131717-132332,199.3233361914536,-13.39233218893276,188.66722534434479,6.154700025062352,4.237971643936757,-41.91294972652065,9.363543328341352,9.542309716802428,0.8479647686258692,0.001471158031504448,NGC 5044 TR3,0.0
WALLABY J130033-122307,195.1406669932643,-12.38545003571449,35.73107890237514,3.830844306094885,3.696155471997433,41.97104179672385,7.917421065608127,8.096239592081055,0.9882949888880512,0.002094432353397741,NGC 5044 TR3,0.0
WALLABY J134150-175703,205.4614568150503,-17.95104211223377,238.36226341039568,4.216616765773852,2.87229733207244,-28.72870330632247,9.564854639477414,9.74373340741968,0.7146285198188502,0.001683708541696421,NGC 5044 TR3,0.0
WALLABY J132238-204726,200.6600418021146,-20.79077388888838,376.38645736300066,4.493661333306625,3.374155443140821,-61.70000167459403,9.959609154466655,10.13861734095062,0.9859568297880433,0.002249251895729463,NGC 5044 TR3,0.0
WALLABY J132442-211714,201.1756265703436,-21.28734481161168,75.86082125560819,3.992372692366249,3.498267156136884,-0.475134193704406,8.568136233754414,8.747159663047286,0.9999998775223994,0.001957906432217192,NGC 5044 TR3,0.0
WALLABY J130113-170851,195.3044988027374,-17.14752543835866,188.69854072004375,4.668390543993284,4.037516642391744,-41.69762467828684,9.359494073330447,9.538526657363885,0.7382832560615563,0.002095358512196658,NGC 5044 TR3,0.0
WALLABY J130659-151041,196.7473793782272,-15.17824228528932,69.18719274623156,4.382312451022925,4.124805995063793,-37.09470112600142,8.487505624497802,8.666570140784176,0.8421161798243599,0.001675819018442995,NGC 5044 TR3,0.0
WALLABY J131749-150807,199.4553174696306,-15.13538109265806,195.94346090666775,7.050211493240131,3.704709089112321,-4.439281585069864,9.391318686655678,9.570408422388192,0.7175230909442092,0.001649335726786937,NGC 5044 TR3,0.0
WALLABY J131109-163337,197.7885659012166,-16.56047567772121,42.153829697102026,5.208953189315029,4.540592977993701,-68.78925905563523,8.0552862955459,8.234467824071045,0.9518797445624544,0.001818483114883565,NGC 5044 TR3,0.0
WALLABY J130353-192550,195.9743806681757,-19.43063577266795,195.82958036474034,4.424361257808539,2.719757863098419,-20.55774325619542,9.388830797217226,9.568046510036654,0.7888683042389141,0.001746134855059045,NGC 5044 TR3,0.0
WALLABY J130152-133135,195.4690411011469,-13.5264635010645,202.21322019846886,6.361784866795475,3.599772064265018,-26.01038486882637,9.416426308546777,9.595658987509834,0.7717769071212589,0.001581940155507874,NGC 5044 TR3,0.0
WALLABY J131247-132906,198.1978351945882,-13.48503161268088,56.19337728779849,6.262315927346824,3.824324428749339,22.015756171531,8.300453924769185,8.479923315501727,0.7045982540349403,0.001642394627424686,NGC 5044 TR3,0.0
WALLABY J133446-233550,203.689462318831,-23.60380324196743,154.37777176527925,3.924782448674253,3.25657717576091,17.9708251690347,9.177503551086817,9.357020618315047,0.991698160497289,0.001677056111844269,NGC 5044 TR3,0.0
WALLABY J131923-161251,199.8480394905408,-16.21436805841906,201.69671589795504,4.423638527470332,4.117894020234993,39.93672870877472,9.40953030537695,9.589060180444516,0.7287410937427236,0.001763143918464983,NGC 5044 TR3,0.0
WALLABY J133842-222443,204.6754892080464,-22.41211101384153,145.99290349465747,4.03769682142258,4.028337636051776,69.97453309959263,9.127734288712716,9.3073317129644,0.8039689258377549,0.001734914284146339,NGC 5044 TR3,0.0
WALLABY J132347-193322,200.9477103392023,-19.55625300170945,76.23303153439224,4.755775293499241,3.873337126640619,-55.8246136978771,8.56234091687603,8.742003003797274,0.9231360694739327,0.001761705576245308,NGC 5044 TR3,0.0
WALLABY J131143-183858,197.9322900208209,-18.64949985054617,36.26178481450863,4.467870217281231,3.711158866778325,64.4265430811206,7.9141976802057705,8.094035142379278,0.9998266817967456,0.001742580379787914,NGC 5044 TR3,0.0
WALLABY J131251-134804,198.2135568119773,-13.80136818778814,202.4215059333263,4.192630326385505,3.928930924408999,-25.10605814232345,9.407414232644435,9.587277060419495,0.9805748132215103,0.00130054408147819,NGC 5044 TR3,0.0
WALLABY J130838-164909,197.1587160447521,-16.81918495977182,72.65849720658419,3.940056788929883,3.120870865044,76.91123396176043,8.515969720559498,8.6959283324248,0.7418047231134314,0.001820131853595204,NGC 5044 TR3,0.0
WALLABY J131957-124805,199.9885002550511,-12.80146765958172,42.945028700740785,6.242888413600408,4.837225829717376,-47.0909611144822,8.059041687738038,8.239011829357992,0.8938275246709644,0.001787586933721115,NGC 5044 TR3,0.0
WALLABY J130337-155652,195.9073183575748,-15.94793888341468,196.48294688587282,5.285784488353077,4.493449008418059,-85.02348753647917,9.379393463701419,9.559393680420401,0.9999999999994508,0.001775708161805861,NGC 5044 TR3,0.0
WALLABY J132846-155832,202.1937221006219,-15.97568553270893,291.47665253604373,7.729839084297238,4.288392728721252,42.8447997400711,9.721520838487823,9.901548476834774,0.9635855154661843,0.001322580223001393,NGC 5044 TR3,0.0
WALLABY J133624-165744,204.0999869676198,-16.96240576622585,181.74152420352115,5.011992592320651,3.185407012194558,-55.03155901145455,9.31070459559647,9.49076517475936,0.8712876280158441,0.001467267163482834,NGC 5044 TR3,0.0
WALLABY J130624-160656,196.6019510963769,-16.11564165362774,80.93964578053301,5.425144700272751,2.829881494280396,-69.95236198575333,8.607865639336497,8.78794235339517,0.8882964465970355,0.001861834802889817,NGC 5044 TR3,0.0
WALLABY J130607-124509,196.532143232309,-12.75255901482691,162.48417500607982,5.433423056807419,4.498299070072709,-9.327875970080441,9.213148429562514,9.393226210560242,0.9974335034027448,0.001349202196840628,NGC 5044 TR3,0.0
WALLABY J130932-145705,197.3834144617694,-14.95155538999999,199.03902273337746,8.417576076862137,5.096848757977664,78.98655831496023,9.387611420527643,9.567803362878257,0.9999810787201258,0.001459992346633123,NGC 5044 TR3,0.0
WALLABY J133659-173451,204.247031990871,-17.58086131909232,165.90937276045167,5.282324957320222,3.676237649439203,-54.14544116709131,9.229012858376262,9.409234374634263,0.7442548033204847,0.001367700691360105,NGC 5044 TR3,0.0
WALLABY J133725-155412,204.3561899382262,-15.90357705260516,210.53048053941492,4.970775905854991,4.433437165064348,-4.457589692804746,9.43452915794732,9.61483813639455,0.9701139867128205,0.001254326151188261,NGC 5044 TR3,0.0
WALLABY J130901-172115,197.2572636283498,-17.35430252890258,71.41852635643806,6.893999196778533,5.274123857957673,61.74756415312868,8.492408111163417,8.672915644199827,0.8869845389561744,0.001832578644259477,NGC 5044 TR3,0.0
WALLABY J132856-235000,202.2340090268166,-23.83337599868649,70.4248602441675,4.500406033258775,3.434080918692568,-59.38054570369444,8.47898515930665,8.65957266138003,0.7407884697743137,0.001929230546766495,NGC 5044 TR3,0.0
WALLABY J132532-161724,201.3844693874367,-16.29020860106268,96.7329996515089,9.029281256063753,4.97392129594544,-15.12051744189755,8.75445037475137,8.935052690390824,0.731719854458853,0.001675274214073114,NGC 5044 TR3,0.0
WALLABY J132814-165706,202.0597445781094,-16.95184496843009,143.75426204365445,6.390920442627801,4.777480642625077,-37.9869521173657,9.096656933064377,9.277379618224929,0.9099807135842507,0.001437916593957413,NGC 5044 TR3,0.0
WALLABY J130639-115418,196.6658036429192,-11.90501350452312,101.85160374583012,4.45941988344352,3.279639011241862,-89.95617101908213,8.797116292675595,8.977853978016409,0.7352060893617407,0.001459957481915013,NGC 5044 TR3,0.0
WALLABY J131448-163249,198.7022203520411,-16.54712288181058,312.84221177514416,6.496677991976867,3.964545064491761,-62.89045203055467,9.769241737523476,9.950144810434173,0.73889119864796,0.00149028857848789,NGC 5044 TR3,0.0
WALLABY J133057-211755,202.7377432533065,-21.2987956872996,77.06142735580586,6.120253941107625,5.014225594259004,62.80041671240751,8.551346930132649,8.732308669069818,0.8298022718282144,0.001862073160195315,NGC 5044 TR3,0.0
WALLABY J132906-151215,202.2783859666355,-15.20436989740212,287.06090769728434,8.050447513174186,5.205623462954645,78.21828917152804,9.692697686449451,9.873718423507178,0.8304473840410043,0.001376792400147292,NGC 5044 TR3,0.0
WALLABY J133506-233309,203.775293154395,-23.5523803490717,147.422886503573,5.795787959401556,4.719967197080808,28.55533525792509,9.113770332331404,9.294798040028157,0.999325492635002,0.001703975039879093,NGC 5044 TR3,0.0
WALLABY J132113-164953,200.3061176746829,-16.83163519482488,94.5501572311797,5.522525735656616,3.316304785445362,29.51919863603166,8.719763346192305,8.90131565996405,0.7103180462392273,0.001726794601974098,NGC 5044 TR3,0.0
WALLABY J132804-234953,202.0193465842822,-23.83160120619967,342.46856590217834,6.955253949439689,3.897297133638227,-67.59370131914426,9.837218035982172,10.01879994085172,0.7005850863763133,0.001698818599849827,NGC 5044 TR3,0.0
WALLABY J132112-182156,200.302465416173,-18.36567674826034,102.69548809888036,3.48028359329109,3.262129737958988,84.71404513334427,8.787378786879215,8.969197697127544,0.7584662860950325,0.001865876089732388,NGC 5044 TR3,0.0
WALLABY J130528-154240,196.3672105313302,-15.71109785425035,84.73427782451446,4.085468695040436,3.145586875568314,-74.54680925968984,8.613861849190167,8.796099569261735,0.7110400340481643,0.001711407783545988,NGC 5044 TR3,0.0
WALLABY J132259-172513,200.7475880114091,-17.42041852463825,190.1760292695244,5.109390531311718,4.565934266729339,43.38973923714494,9.313785201361911,9.496168579767787,0.7448397209802571,0.001674844704909658,NGC 5044 TR3,0.0
WALLABY J131650-184634,199.210465582407,-18.77629881959891,111.21654344780775,6.464257906751505,3.458285337847459,-10.74999276348888,8.84341083692951,9.026076849877473,0.8976920039183016,0.001671544983717393,NGC 5044 TR3,0.0
WALLABY J133711-175505,204.2983730533167,-17.91814319820687,183.81842112627342,4.412318121277679,3.881167788513329,0.7120144078518251,9.27945619682225,9.462147515802132,0.7495716458316698,0.001419611581363688,NGC 5044 TR3,0.0
WALLABY J133255-154459,203.2301280355483,-15.74983983748732,235.1730237539921,7.064495884211979,4.551672701918591,-42.68802567579824,9.493228953795764,9.675934675927225,0.8565631118094981,0.00152775054550006,NGC 5044 TR3,0.0
WALLABY J133621-200033,204.0897783534473,-20.0092775338591,224.45374189587315,5.589885369657651,4.318770290915692,-36.19808290033653,9.450559008269611,9.633402806110507,0.7164355384928718,0.001487660175716867,NGC 5044 TR3,0.0
WALLABY J132603-225332,201.5155858120976,-22.89235739320616,319.24553822411434,9.609520886530008,3.980009747377477,74.25078926922706,9.756181589237679,9.939049387942113,0.8214073281041785,0.001730747605136899,NGC 5044 TR3,0.0
WALLABY J131812-120301,199.5520678389325,-12.05034366903937,38.536329920154756,4.075939635350456,3.947855729851306,-50.72329919536738,7.919584597196094,8.10245805539533,0.798180161138403,0.001626536099716397,NGC 5044 TR3,4.0
WALLABY J132157-165559,200.4908948952882,-16.93325656775316,89.39534181929078,4.279392462645045,2.930964516373188,-67.80027819327357,8.64496156858222,8.828189549486527,0.7396283061355912,0.001915673090453502,NGC 5044 TR3,0.0
WALLABY J130733-140834,196.8890529695692,-14.14287973826689,265.5131097710233,4.540012498889904,3.485902024605746,46.97385201305048,9.5890662057932,9.77238670824537,0.7644147898443802,0.001354277213945296,NGC 5044 TR3,0.0
WALLABY J131113-162416,197.8046344103377,-16.40458933176814,240.692129227137,4.022500386770534,3.654707867416234,-63.26248817352338,9.503559326048624,9.686896483030928,0.7041660358497469,0.001532956434745853,NGC 5044 TR3,0.0
WALLABY J133917-181144,204.8214310946044,-18.195770272394,199.8693916325891,5.270300162398383,3.895710471078081,61.34970003686996,9.340557372746703,9.523995662678786,0.73833608422884,0.001486757231297088,NGC 5044 TR3,0.0
WALLABY J130959-155357,197.4995621101243,-15.89940985458826,35.438937665178365,5.161973944282807,3.539040919675932,-62.6195067619828,7.836215044679651,8.019769985156406,0.8692952254683362,0.001790335550730573,NGC 5044 TR3,0.0
WALLABY J132113-131115,200.3048217414045,-13.18761259046795,279.5331829048677,6.649415220785582,4.097363336195653,-8.327763606730628,9.629667092053573,9.81325123340612,0.9999935986145873,0.001721214866295495,NGC 5044 TR3,0.0
WALLABY J133708-203705,204.2866962656135,-20.61831856029339,320.8357024086551,6.871740568712172,3.291556052164106,-30.0709140411848,9.74670281496483,9.930458558297559,0.8955646453399047,0.001699080085235656,NGC 5044 TR3,0.0
WALLABY J131459-120748,198.7466371400285,-12.13014544920676,241.50823329273828,4.282805651396544,3.675542340482325,-31.77135552076246,9.497436129487513,9.681357263395585,0.751560515000587,0.001448808539012286,NGC 5044 TR3,0.0
WALLABY J132637-192904,201.6581766763866,-19.48453332209215,111.67661071028884,5.210551669774431,3.421690372974164,83.3285512529753,8.8239830206824,9.008130837062211,0.7266469715817291,0.001777629259553036,NGC 5044 TR3,0.0
WALLABY J130626-182036,196.6120423686307,-18.34351543777162,286.0040455401034,4.195591546020458,3.821792959504375,-41.91659680432334,9.635200391044332,9.819709979544506,0.7006991037119747,0.001620694360859122,NGC 5044 TR3,0.0
WALLABY J131151-181937,197.964054659285,-18.32715151053956,42.41234481938144,3.731747808868061,3.23401424586989,-74.16816912066662,7.976357463738156,8.160937041842795,0.7652440520152732,0.001640552924580138,NGC 5044 TR3,0.0
WALLABY J133830-174448,204.6282780066334,-17.74687642080357,183.8814493376071,4.044235023026048,3.489149265337493,46.62473285222546,9.240840044667532,9.426041160448474,0.9569653688717685,0.001364609122890817,NGC 5044 TR3,0.0
WALLABY J132457-182105,201.2393361841544,-18.35164703678407,47.80675424567005,4.055209925885448,3.753502563756238,-12.18881362803926,8.069476910793254,8.254759995607486,0.9264270894193768,0.001860303689452398,NGC 5044 TR3,0.0
WALLABY J132957-150800,202.4889193265088,-15.13359521212953,192.7800086393766,6.386601474428526,5.070410138061708,-82.86965071899263,9.280107310100277,9.465423753602227,0.7054908839153027,0.001533228362287354,NGC 5044 TR3,0.0
WALLABY J134455-201659,206.2305030914163,-20.28311089296437,338.38219575943356,4.528562414862519,4.359854063073967,82.51150122058988,9.763646316133128,9.94929662646614,0.780811367152051,0.002161765185443967,NGC 5044 TR3,0.0
WALLABY J132321-163748,200.8396081249057,-16.63000475323528,102.43916982335593,3.860265722317403,3.252604317606941,-65.98731082814189,8.72460010585291,8.910325849690471,0.7755514315771914,0.001806285468875691,NGC 5044 TR3,0.0
WALLABY J132145-184438,200.4387679734611,-18.74399995713283,124.60452876385095,4.937406104351339,3.45808510292687,-40.52184295118784,8.892895303689512,9.078740419005669,0.7147400276049863,0.001705419595612886,NGC 5044 TR3,0.0
WALLABY J131528-151151,198.8695446153633,-15.19753723910056,33.18371533842921,4.721583240702745,3.556826351420057,-51.33247484591616,7.743463218700371,7.929322248018037,0.9409738616398784,0.001745921697005251,NGC 5044 TR3,0.0
WALLABY J133100-173451,202.7514397518841,-17.58103285021655,349.2813756020201,4.082027793788095,3.207357412984522,-62.11593413143875,9.787002598074316,9.972924009319351,0.9791235041372075,0.001403739202696843,NGC 5044 TR3,4.0
WALLABY J134207-214746,205.530773886679,-21.79623243572956,127.71474884187607,6.283591370270482,4.273937780040869,-63.46587546943791,8.911648680948403,9.097666479694036,0.7519782610180997,0.001663648383961775,NGC 5044 TR3,0.0
WALLABY J131805-110325,199.5237877101488,-11.0569642565849,200.3003640425184,3.856939000809972,3.268047241670464,-10.90738357092849,9.294437744300357,9.480981232715123,0.7368319707812057,0.001804240877535406,NGC 5044 TR3,0.0
WALLABY J132621-155739,201.5888589598058,-15.96106904795916,295.54512873071303,5.765823511122722,3.796498613159975,-29.61349987044353,9.627024554825951,9.813912623541512,0.9382847366189361,0.001392187632709104,NGC 5044 TR3,0.0
WALLABY J132719-170237,201.8328504091414,-17.04370369510747,273.10073815946737,6.057454832359245,4.508049267191721,-52.48997354356847,9.558107897831885,9.7450164546714,0.7650853661320014,0.001375733125438262,NGC 5044 TR3,4.0
WALLABY J133541-170015,203.9232849482665,-17.00421247396195,181.20544786523033,4.453679869807216,3.778001172204392,-47.68373636584291,9.201446839913833,9.388378686242962,0.7460203710050789,0.001309920490030344,NGC 5044 TR3,0.0
WALLABY J130941-145553,197.4229132534506,-14.93143426311882,35.595664889448265,5.647453741834237,3.815798902818521,68.87551346286429,7.782682210434072,7.969953770035343,0.8385245867560847,0.001688420888063814,NGC 5044 TR3,0.0
WALLABY J131301-143720,198.2559673133931,-14.62248135874372,173.38955561600542,4.390989864706477,3.783776733122526,-46.22756733732931,9.15166458041374,9.339344886567643,0.8438822850124089,0.00138169240327095,NGC 5044 TR3,4.0
WALLABY J132422-162744,201.0939346487607,-16.46230570084084,312.29220298937616,5.319997765278194,4.3496620341233,-87.63947616370069,9.658579917385678,9.84653179954402,0.876689614271386,0.001406280227925571,NGC 5044 TR3,0.0
WALLABY J130201-164147,195.5047133185787,-16.69651881999078,198.16046579874987,5.238940969341726,4.532635285218186,-83.33808307832206,9.257482900155443,9.44582734325539,0.7007754015050022,0.001947046762916214,NGC 5044 TR3,0.0
WALLABY J125949-200826,194.9574691565107,-20.1405640201264,199.50922445439528,3.600474869917673,2.702180637725117,72.79707145700411,9.261713219224177,9.450166299975164,0.8755705055255604,0.002657213714106208,NGC 5044 TR3,0.0
WALLABY J130636-211139,196.6521948982443,-21.19432696091341,191.88863676414897,3.348844425176281,2.851311676939168,-56.1888102589902,9.223415123074712,9.412160675511183,0.7647262582270064,0.002034388232309185,NGC 5044 TR3,0.0
WALLABY J132030-202723,200.1256904080115,-20.45639655088667,23.223628634080118,4.023626596210505,3.118550195142926,88.03588628376612,7.386076748883094,7.57502525904425,0.9997569436383278,0.002179479827897607,NGC 5044 TR3,0.0
WALLABY J130935-124738,197.3995024065027,-12.79395221192362,306.2614957433809,4.310579199750258,3.842852362543374,-1.747389797118728,9.621713352427664,9.81096901788335,0.8714318073522279,0.001313296456218774,NGC 5044 TR3,0.0
WALLABY J133422-161951,203.5942564398416,-16.33091999124828,62.60617510962715,4.482609711134106,3.591954774026025,-68.35735953839955,8.23801319422966,8.427580347265232,0.7009825864471515,0.001611371932210874,NGC 5044 TR3,4.0
WALLABY J134032-210112,205.1366443592878,-21.02013713196098,328.44622538034275,4.98199561797287,4.298757019274487,88.57539465101488,9.666196623165398,9.856519862424781,0.7254651635327012,0.001640328633980214,NGC 5044 TR3,0.0
WALLABY J131139-165121,197.9147615420256,-16.85596490039466,18.379540205543954,5.589984875440428,3.509754085086274,-57.89285246804265,7.161819826374121,7.352150797487162,0.9923603548669014,0.002039363962636165,NGC 5044 TR3,0.0
WALLABY J132831-171324,202.133132506183,-17.22358619220779,22.903360219313107,4.412540548967668,3.978621397744759,47.80434253048745,7.350725518531801,7.541202735590155,0.9946679100535912,0.001473813445802125,NGC 5044 TR3,0.0
WALLABY J131324-183125,198.3537171401684,-18.52377798975328,239.25289738685984,5.564847079755852,4.806925752274126,-17.43897416919646,9.375283803491264,9.566640967102597,0.7007589867941046,0.001504202535173443,NGC 5044 TR3,0.0
WALLABY J132848-143813,202.2020142315499,-14.6369375882611,294.57141801980526,4.547703049440408,3.894391725590806,43.00218024704887,9.5526167009761,9.744193846400478,0.7474712633716233,0.001652492364556857,NGC 5044 TR3,0.0
WALLABY J131030-171159,197.6281466842605,-17.19981525897299,156.9657494526042,3.495658462354271,2.844007106392414,4.931197490909057,9.000644328706272,9.19256493691928,0.7384825716139384,0.001522579520972376,NGC 5044 TR3,0.0
WALLABY J133336-174246,203.4020106411765,-17.71294869418844,207.1164236569335,3.945136342556629,2.739052440831931,44.4803673590971,9.237311966708816,9.429506992825857,0.7695830339316388,0.001431249148112807,NGC 5044 TR3,0.0
WALLABY J130835-143159,197.1481663898199,-14.53304261940098,342.17816009870245,4.121962131610979,3.569522405485998,22.48629746656079,9.63914435818321,9.83361128509201,0.8719078973970751,0.001213939819645761,NGC 5044 TR3,0.0
WALLABY J132935-153750,202.3974085705774,-15.63071382320141,213.43660017386733,3.954083072742381,3.445732358893308,51.88161920551295,9.222843851336346,9.417732654134424,0.8170678739589297,0.001306136934575488,NGC 5044 TR3,0.0
WALLABY J133523-170107,203.8474438954147,-17.0187482592615,211.75527412634312,4.24150308041614,3.791181606935083,73.7886531510714,9.214388935690277,9.409383432827005,0.9996701468279484,0.001435670279155288,NGC 5044 TR3,0.0
WALLABY J133556-153510,203.9868684779352,-15.58611269711359,333.6576250752948,6.000272852643252,3.548161176060608,-71.46357621032547,9.606601907226391,9.801777836459248,0.7740979120865201,0.001222616560618506,NGC 5044 TR3,0.0
WALLABY J134008-190909,205.0338850340858,-19.1526242158108,209.72720565069855,4.110474868103596,3.025112251380776,-83.05012435750548,9.202927901402441,9.398129275232174,0.9984516683164149,0.001588636770349315,NGC 5044 TR3,0.0
WALLABY J131435-195619,198.6459416739691,-19.93883068574696,295.7580548176259,3.093628940965976,2.73890999595297,64.63745218209185,9.492253129134395,9.688071338836803,0.7483894465107853,0.00167915205097484,NGC 5044 TR3,0.0
WALLABY J134259-182447,205.7469609154332,-18.41312615759503,217.5198845151311,6.779422525910077,4.04955429594416,-79.99162335809933,9.217173269065757,9.413540214209466,0.7524084012298196,0.001610027655691052,NGC 5044 TR3,0.0
WALLABY J132810-151352,202.0418309518977,-15.23124315982749,234.69689595004107,5.230825342279212,4.579654750727617,25.06541853607428,9.27687469964927,9.473664613235904,0.7462835958306405,0.001391384190814032,NGC 5044 TR3,0.0
WALLABY J134120-181446,205.3355483338835,-18.24624492624519,334.0903826425226,3.923478497146065,2.496800015616219,-81.71840478217841,9.579611185074777,9.77666770613651,0.8741859529382947,0.001474825471914211,NGC 5044 TR3,0.0
WALLABY J133633-224238,204.1378071185243,-22.71067492123645,98.71641846638747,3.779755196945583,2.509131078341615,-41.87830497440719,8.511463230182688,8.709137231066844,0.7113881667664081,0.00189456604188866,NGC 5044 TR3,0.0
WALLABY J131708-202440,199.2842056998715,-20.41115577203638,44.114787003437165,3.554967942816575,2.658018851695777,-44.79367935135303,7.797041088364058,7.995711638247564,0.7017622066835922,0.001965332962369968,NGC 5044 TR3,0.0
WALLABY J131205-144040,198.0235064797922,-14.6778332346652,89.3771548251684,2.98491807841281,2.491239952276064,15.48143892442761,8.387167071300595,8.587401430811022,0.7772353398896137,0.001576207498342905,NGC 5044 TR3,0.0
WALLABY J131805-200055,199.521707532747,-20.0153221839549,183.77773715244604,4.056119140762548,3.299300846459024,1.523036628071225,8.93226861331397,9.138029112610418,0.8266458059139598,0.001894304297606409,NGC 5044 TR3,0.0
WALLABY J103522-244506,158.844130864418,-24.7518468362445,14.885602432811112,26.8021042472382,21.6334083813431,21.6464256940444,9.216858184049492,9.249296354399622,1.0,0.003686499328736,Hydra TR1,0.0
WALLABY J103725-251916,159.357154011131,-25.3212663018941,52.94957446380314,37.0545820981494,33.7443365474441,7.54992025096703,10.278158227828973,10.312232053755576,1.0,0.001986230736327,Hydra TR1,0.0
WALLABY J104142-284653,160.425847426774,-28.7814024860744,63.26866332024926,52.8143420929089,31.7208991303712,25.7127658978546,10.326140758742248,10.36451139530929,1.0,0.001712887290297,Hydra TR1,4.0
WALLABY J104016-274630,160.069775662017,-27.7752270654251,56.73653144557452,17.1026791697624,14.1381117480791,-47.9919440581408,9.99536179792178,10.044283791505546,1.0,0.001689848529231,Hydra TR1,0.0
WALLABY J103442-283406,158.678638641457,-28.5686081303133,49.48049266410589,33.2451810847164,29.0648812432271,25.8675126273195,9.87280956573965,9.921916789884293,1.0,0.00176550652091,Hydra TR1,0.0
WALLABY J103915-301757,159.81567583297,-30.2991721234793,54.04585551017774,20.1999604018085,6.63718249064176,-51.6274040038553,9.921658196386154,9.972186142739053,1.0,0.002689941760049,Hydra TR1,0.0
WALLABY J104309-300301,160.790627248321,-30.0503181994784,45.66761070482045,14.2771825405927,13.7421004387405,-11.2965516912899,9.54451457627235,9.609094272149376,1.0,0.002195834832644,Hydra TR1,0.0
WALLABY J103523-281855,158.848683960131,-28.3154627670752,47.110463151957674,17.5118711736092,10.8136740496967,-46.8243689116111,9.540023907597195,9.606902681331825,1.0,0.001722669950484,Hydra TR1,0.0
WALLABY J104059-270456,160.247074894085,-27.0823217307486,67.7206904695078,14.4794409521033,9.13616896674375,39.9340860798459,9.84109345479152,9.909038691051698,1.0,0.001687768382783,Hydra TR1,0.0
WALLABY J104311-261500,160.797597500392,-26.2500041960311,64.74692063098603,15.131243497001,7.59665942469997,71.9813454937148,9.797071704432698,9.865400716301275,1.0,0.001756208687422,Hydra TR1,4.0
WALLABY J103818-285307,159.575173774303,-28.8852871836978,62.57885696042688,12.0656359033011,7.16856651300112,-9.81239913152123,9.724772659516693,9.796485679174888,1.0,0.001790025133921,Hydra TR1,4.0
WALLABY J103702-273359,159.259274340448,-27.5665375964594,40.763851226006445,13.2970903436713,7.17707001857412,-3.57713045157557,9.277947182903217,9.356093811839681,1.0,0.001737663764144,Hydra TR1,4.0
WALLABY J104004-301606,160.017631893931,-30.2683574403773,48.41702754945492,10.1031965218684,7.02534187031639,8.86856802193969,9.426622501057455,9.504839365163155,1.0,0.002696243471549,Hydra TR1,0.0
WALLABY J104339-285157,160.913222063472,-28.8660800505563,49.671988865801445,15.3291625851178,5.9586867744409,66.7587991373567,9.442424376387514,9.521229971080515,1.0,0.001817765367704,Hydra TR1,0.0
WALLABY J103335-272717,158.398277943221,-27.4547449838848,48.39803415703746,16.7464589752511,8.83668812882736,-69.2730036149679,9.363186797604303,9.447428922519403,1.0,0.001849416836027,Hydra TR1,0.0
WALLABY J103922-293505,159.84194101907,-29.5847525912456,55.39678326836114,9.2888035067994,7.58390708905564,-55.4500962557421,9.448799076025587,9.536280986178499,1.0,0.001910533737588,Hydra TR1,0.0
WALLABY J103651-260227,159.213093655151,-26.0410607868425,33.87688888054433,10.1635166219291,5.66091563167104,-58.9732910110384,9.014908935630185,9.103097463860543,1.0,0.001875101691119,Hydra TR1,0.0
WALLABY J103250-301601,158.209507126268,-30.2671551738191,49.592847936039625,10.1566444563366,8.32605300953446,-24.217267627855,9.323211428972003,9.413837461353092,1.0,0.00305956645521,Hydra TR1,0.0
WALLABY J103244-283639,158.185507122903,-28.6111016338594,51.676512491554185,13.9392682824914,5.87859380110311,63.5679952443711,9.358496669406454,9.449173179809128,1.0,0.001845504824798,Hydra TR1,0.0
WALLABY J103436-273900,158.653304416226,-27.6500510980596,43.13378514775358,13.78102889425,10.6141600872878,6.9255051150584,9.187067725603157,9.279339175499274,1.0,0.001748630185069,Hydra TR1,0.0
WALLABY J103359-301003,158.496736843074,-30.1677401183329,49.78258512140977,11.4152659133953,5.10370534211974,88.2892389706166,9.289706940846589,9.384451163754665,0.999999999997109,0.002664188124808,Hydra TR1,0.0
WALLABY J103609-244856,159.041148839966,-24.815680190895,14.438881551996014,10.6311647168799,8.36573928272519,68.3284029133038,8.204788430013652,8.30066847346385,1.0,0.003006051529277,Hydra TR1,0.0
WALLABY J103918-265030,159.826015972787,-26.8416846281841,43.85175223214584,11.3724380118885,6.31635046708662,19.8315061224725,9.168450837171415,9.26447576181333,1.0,0.001748931713102,Hydra TR1,0.0
WALLABY J104000-292445,160.001253396214,-29.4126851446177,53.85310754720181,10.4367598671203,5.41294937560391,79.3603848962021,9.327685202242154,9.425979128826004,1.0,0.001920748409604,Hydra TR1,0.0
WALLABY J103655-265412,159.233034494737,-26.9035644434328,46.407968850648885,9.92780721208794,6.70696516307226,25.2077521103469,9.178553903236327,9.279261577588025,1.0,0.001753078543386,Hydra TR1,0.0
WALLABY J103833-274357,159.638442777224,-27.7327257288594,62.96214074010412,12.3786578829587,7.3716566433668,-23.7360402405029,9.419320539428814,9.523055240390704,1.0,0.0016697230433,Hydra TR1,4.0
WALLABY J103653-270311,159.221562020575,-27.0530804115774,50.706394049569134,11.777008537684,8.40735553260412,34.4292933669975,9.200282881209652,9.308042649360473,1.0,0.001714420561204,Hydra TR1,0.0
WALLABY J103958-301130,159.992305935424,-30.1918380186568,47.04547994484822,9.6218096267003,7.58288126675175,8.83930846834073,9.090912961070867,9.204719236972805,0.9999999993515,0.002383618361857,Hydra TR1,0.0
WALLABY J103650-260923,159.211466760571,-26.1564931240772,52.213747790389526,10.4739051084279,7.77725726807373,38.5252131029477,9.174505152011386,9.289291933977411,1.0,0.001815685048658,Hydra TR1,0.0
WALLABY J104048-244003,160.203089732869,-24.6676955342403,52.28620215648597,6.29332621226372,5.43384797288258,-4.79308328998609,9.165132023120115,9.281430188129395,0.999999997756653,0.00371407593998,Hydra TR1,0.0
WALLABY J103646-293253,159.19511248056,-29.5483091416044,50.97252892683313,9.54721063695313,6.39023987831705,67.964654377367,9.113585994740152,9.234203019960104,1.0,0.002027164159158,Hydra TR1,0.0
WALLABY J103726-261843,159.358552782401,-26.3120093799186,50.26163222610785,9.79402272020835,8.69936982148063,-59.7872134447176,9.09537441334122,9.216893823206691,1.0,0.001841119637208,Hydra TR1,0.0
WALLABY J103645-281010,159.190200374738,-28.1696930687621,49.90588483803666,8.52966865255076,7.13583377993872,-58.6077059844927,9.075780299062378,9.199339992956181,1.0,0.001753850658814,Hydra TR1,0.0
WALLABY J103359-272013,158.498622209202,-27.3372142538543,139.50614300990853,10.7714450952268,9.62275194767916,46.1834976517925,9.96807903794966,10.09172835334399,1.0,0.001702931859898,Hydra TR1,0.0
WALLABY J103521-274137,158.839104847287,-27.6936155669772,41.22590780074576,7.21441117178429,5.97341694004149,-75.3713587299743,8.904327020864553,9.028731331275823,1.0,0.001741197527701,Hydra TR1,0.0
WALLABY J103442-291935,158.675778613182,-29.3266585219723,130.59501224959573,8.724771256636,7.9500651704875,-6.22633681388682,9.878694079835299,10.007362663543281,0.999999999999999,0.001884544420304,Hydra TR1,0.0
WALLABY J103539-284606,158.913033389421,-28.7683373751894,130.35082156019186,16.0410803648944,6.99118326240474,-86.4465084056277,9.875324698937995,10.004272268394248,0.99999999999615,0.001705422357175,Hydra TR1,0.0
WALLABY J103547-290131,158.946368703558,-29.0252970552239,139.93942425722088,8.58443463993284,6.24261793476965,82.8785708470536,9.9209056129705,10.052453676011277,1.0,0.001703654957603,Hydra TR1,0.0
WALLABY J103353-274945,158.474510967804,-27.8294307874751,39.349998823296986,8.62163916124525,6.23979908601714,63.5522881696766,8.816244652698805,8.9482299005829,1.0,0.001769599673336,Hydra TR1,4.0
WALLABY J103258-274013,158.242595275085,-27.6704035628921,44.748227827046286,8.59466960635182,5.67193656472297,-26.5283419692138,8.922746535498664,9.055580822917289,1.0,0.001756731658193,Hydra TR1,0.0
WALLABY J103704-252038,159.268092455284,-25.3441170458927,52.99847379266163,7.44092771882959,5.07368874256387,-32.5616153056478,9.067641676011416,9.20081972908036,1.0,0.002022742035679,Hydra TR1,0.0
WALLABY J104100-284430,160.25326252158,-28.7418708055898,53.70788032430372,8.99221981480693,7.71481498806287,45.0208081237091,9.077872360540352,9.211268817742132,0.999999999871375,0.001720694657086,Hydra TR1,0.0
WALLABY J103749-270715,159.455750618027,-27.1208701555801,34.92210930371057,8.37288123349687,6.92599501548701,-77.832296713056,8.699968114196572,8.834034164036764,1.0,0.001811737309722,Hydra TR1,0.0
WALLABY J104245-264738,160.691099889622,-26.7940571898089,152.24138042499467,8.77510858630324,5.79509904650181,-24.0046506559138,9.976717962661375,10.111136788035989,0.999999999999997,0.001566205725484,Hydra TR1,4.0
WALLABY J103603-245430,159.013256964095,-24.908457557977,56.29934281339656,8.17523983385802,6.4369104939722,-42.6963974794978,9.111201077549264,9.245863696606298,0.999999999999972,0.0026557165161,Hydra TR1,0.0
WALLABY J103248-273119,158.204056665538,-27.5220419126325,51.58130456201073,9.10943588512779,7.5352669276178,11.9986995847109,9.035164206362758,9.169829313066124,0.999999999998258,0.001811708658518,Hydra TR1,0.0
WALLABY J103621-252235,159.090186886755,-25.3764255662861,57.313649526015546,7.1520321896851,6.29581896263813,-62.3114736810144,9.126155453883749,9.260911001210898,1.0,0.002090631753928,Hydra TR1,0.0
WALLABY J104221-291748,160.590999865266,-29.2966669984007,63.24492380309777,7.44320051841557,6.41841988030244,68.1132592181733,9.200447121067876,9.337098822074577,1.0,0.001856085231159,Hydra TR1,4.0
WALLABY J103924-275442,159.852034305768,-27.9119022321224,46.07620097084849,8.38354624049541,6.78736379107435,-78.1914535132626,8.922506954070284,9.059642174504173,1.0,0.001787880177068,Hydra TR1,0.0
WALLABY J103650-270902,159.208896803785,-27.1507952144849,160.15665885635195,9.97715151230642,6.48008487873277,42.8041250994148,9.995046384090164,10.133826962466534,0.999999999999993,0.001592360391283,Hydra TR1,0.0
WALLABY J103803-281007,159.513711066801,-28.1688238099205,150.57834915502704,8.35475647035219,5.44346806475711,18.1046823344307,9.938252552187143,10.077591095432204,0.999999999999998,0.001626799483676,Hydra TR1,4.0
WALLABY J103732-261917,159.384349674819,-26.3216298410883,45.580979170508655,9.33669642855867,7.30368923182055,64.9338557248303,8.896274807907323,9.036311130074633,0.999999999999993,0.001766784606245,Hydra TR1,0.0
WALLABY J103712-274108,159.300904917431,-27.6858280979203,40.4799719543065,11.9191671477632,7.05588852661977,40.7889176677523,8.787953101105925,8.928903256802906,0.999999910552723,0.001713508986904,Hydra TR1,0.0
WALLABY J103841-253530,159.673270827968,-25.5919301726269,54.920419626689835,8.66297225203575,6.03215629053911,63.702981556591,9.04608825817498,9.188243487513692,1.0,0.002029164047716,Hydra TR1,0.0
WALLABY J103240-282058,158.168737704922,-28.3496093112178,56.110474670499464,8.32068496873812,6.09027175101276,16.1162213357502,9.056703849550486,9.20027969445929,0.999999990949801,0.0018384360895,Hydra TR1,0.0
WALLABY J103810-250618,159.544797636525,-25.1051418157029,146.84358687288685,8.52151410861326,7.04937784776645,-38.4468015768902,9.874989124634046,10.021689723877072,0.999999998532707,0.002094931505699,Hydra TR1,0.0
WALLABY J103902-291255,159.760582690239,-29.2153899429422,45.647394271786794,8.26201130998009,6.04235363709564,-46.1800016938405,8.855518301817414,9.003057775225857,1.0,0.001864609654737,Hydra TR1,0.0
WALLABY J103905-265519,159.77351006678,-26.922124420059,150.47400047885304,6.93860845219121,4.90619349582316,43.6592321740484,9.885022026111221,10.033772796879525,0.99999999997574,0.001615850236213,Hydra TR1,4.0
WALLABY J103840-283405,159.668337952401,-28.5681052052932,49.51913301336062,9.02321385789297,5.8015544678969,22.9479183044478,8.91441408336484,9.06413364869696,0.999999213095095,0.001756142582535,Hydra TR1,0.0
WALLABY J103805-250537,159.524085955975,-25.0936821465293,56.444201852937994,7.88009964979375,6.66646367164716,24.347558940635,9.026969993434173,9.176900882224844,0.999999999999989,0.002116058661886,Hydra TR1,0.0
WALLABY J104058-274546,160.243459337391,-27.7629310832549,56.88218245857049,9.78088763428015,5.87277337908522,-49.2592697635329,9.016816972811906,9.169917652980526,0.999999999999442,0.001671260283952,Hydra TR1,0.0
WALLABY J103858-300500,159.742537813555,-30.0835530070921,53.832218263869855,11.9908758717791,6.97593190285887,6.09089362437064,8.961198488073677,9.115777277314875,0.999405256558054,0.002129375344526,Hydra TR1,0.0
WALLABY J103502-293019,158.760434320572,-29.5054390026309,53.4747575600962,8.91127749254356,7.05296641148328,-73.6132792704253,8.938101085568883,9.096030684758274,0.999999896824789,0.002008073309626,Hydra TR1,0.0
WALLABY J103644-251543,159.184516747405,-25.2620310551355,52.36317508853108,7.29970661039256,5.62097254731922,-57.0887201231869,8.904140052219443,9.065171524430905,0.999999999997368,0.002028699760134,Hydra TR1,0.0
WALLABY J103546-273840,158.944730115123,-27.6446330548685,67.91377996291622,8.39116251698454,7.47666479523863,-1.35463439891123,9.126478909580882,9.288214033095562,0.999999999999993,0.001689397013872,Hydra TR1,0.0
WALLABY J103257-250937,158.238279142573,-25.1602867954444,104.87142855174392,6.61520156697495,4.06823952188906,60.5148033522922,9.501837594922657,9.66398124012202,0.999955945155336,0.002348883091958,Hydra TR1,0.0
WALLABY J103322-271142,158.344530283588,-27.1951717268911,154.20349863035594,8.57890329815716,6.82200936911215,59.0065818047438,9.826666807135972,9.990836369539307,0.999999996746253,0.001747358399548,Hydra TR1,0.0
WALLABY J103507-275923,158.783103907652,-27.9899971470286,34.79432358674724,6.74596385318702,6.0330694486879,21.9128285627946,8.532918489654872,8.697205079037161,0.999998805751638,0.00176399870815,Hydra TR1,0.0
WALLABY J103420-265408,158.585655303362,-26.9022812820491,53.27811846068162,9.22720463333594,5.22636769890364,-64.5544706334407,8.899812686348183,9.064747405977762,0.999999999999982,0.001716781178777,Hydra TR1,0.0
WALLABY J104048-281302,160.202721680847,-28.2173464475887,152.20098641687431,8.31168115058713,7.13257282541271,-13.241186844441,9.808371435919385,9.97395498391067,0.999999980623397,0.001599604140562,Hydra TR1,4.0
WALLABY J103939-280552,159.912620533829,-28.0978109520159,48.52244286510629,8.18630301648305,6.20376983630918,-14.3723235758217,8.81436977810716,8.980168612706935,0.999999685729111,0.001782340138841,Hydra TR1,0.0
WALLABY J103828-283056,159.620094531519,-28.5156827255338,62.17974862688194,5.88458175713701,5.36125489402088,-81.9843507659182,9.029595646714924,9.195432722545322,0.999999991496153,0.001767415968318,Hydra TR1,4.0
WALLABY J103804-284333,159.518509493893,-28.7259178868682,63.617673405812,7.34897398198667,6.19091366245756,-75.1939523746797,9.041482085766779,9.208959269882941,1.0,0.001627501869668,Hydra TR1,4.0
WALLABY J104127-275119,160.364746932924,-27.8554174054384,167.00393740670236,9.39944037890764,6.91410228632016,-64.9595246354091,9.867030007967548,10.037162125834167,0.999999612058178,0.001634968528766,Hydra TR1,0.0
WALLABY J104139-254049,160.414628771912,-25.6803352075322,55.085011577885595,7.34291380986586,5.15664074399914,-20.9799584667873,8.898400524869214,9.069635736426784,1.0,0.001898604480871,Hydra TR1,0.0
WALLABY J104512-284309,161.300434270535,-28.719199793532,141.54404271697794,7.19750451212023,6.61465792316884,55.362481781975,9.706117147270284,9.879902098769223,0.999999999164898,0.001661841286939,Hydra TR1,4.0
WALLABY J104432-290559,161.133670349484,-29.0998136266324,166.36296811743782,7.47250331325309,5.89242986404879,-32.5863402989352,9.84290807394379,10.017451743913423,0.999566499132166,0.001713141958077,Hydra TR1,0.0
WALLABY J104157-264302,160.489263458485,-26.7173880707201,157.07783226385732,6.0461322741188,5.26124002683185,-23.2375794396229,9.792236700750674,9.966949683395026,0.999999960297528,0.001578623347152,Hydra TR1,0.0
WALLABY J103348-271429,158.452072222571,-27.2414031101551,151.50307336947253,6.65649897120421,4.81157572741551,-7.41430070927606,9.757386025463916,9.93284518839158,0.999999747039346,0.001687823786617,Hydra TR1,4.0
WALLABY J104026-274853,160.110691705503,-27.81477936303,62.07150919752577,8.15378498336715,6.95407262113763,-48.3746319977047,8.980512661856523,9.156364014687599,0.999999999999002,0.00181289000289,Hydra TR1,4.0
WALLABY J104326-251857,160.859294175233,-25.3160000773131,53.72312774174989,6.64125233318643,6.25097299788115,-77.8097684323288,8.85108550952203,9.027796429272755,0.99999996987602,0.001955258525916,Hydra TR1,0.0
WALLABY J104139-274639,160.413688830847,-27.7776946735683,62.21418370349641,6.76710170622479,5.97053705246927,77.0061776101359,8.971011053629223,9.149365159727054,0.999999999939546,0.001634615739242,Hydra TR1,4.0
WALLABY J103821-254126,159.587647338009,-25.6906389258905,49.03497019725525,7.49786863354229,6.67729023379824,29.335181117142,8.76110718575132,8.94014989357793,1.0,0.001853558056888,Hydra TR1,0.0
WALLABY J103737-261641,159.407605177008,-26.278096692896,54.31559728222779,7.61125906378229,5.35638121620478,-58.7583351266292,8.811768632283385,8.999388814738618,0.999998853649648,0.001840974655212,Hydra TR1,0.0
WALLABY J103130-251020,157.875544699671,-25.1723082118917,152.69884374698978,8.58542685839158,6.9730889489221,-62.3030974228159,9.707515365707547,9.89561246019095,0.932361043494574,0.002244181064117,Hydra TR1,0.0
WALLABY J103926-265812,159.858660195559,-26.9702451263405,151.75525836690636,8.49850895443936,7.51705153520933,-79.7835547909798,9.698919320407564,9.88775659969578,0.999937150931109,0.001633104992323,Hydra TR1,4.0
WALLABY J103701-284018,159.254616150396,-28.6717497729561,139.16972747512182,9.35024691796166,4.63821351305122,-18.2076616006474,9.60634785049987,9.799234527061113,0.999999108035332,0.001643078631771,Hydra TR1,0.0
WALLABY J103844-273449,159.686643621054,-27.5804273975224,166.12091982654692,8.35698821330801,5.94245571197107,83.598990461714,9.758316350176973,9.951624797196436,0.999999460413454,0.001620797919428,Hydra TR1,0.0
WALLABY J103901-262539,159.755963915098,-26.4276137504477,151.53227225769203,6.71434193903735,5.3172668073935,14.7875255184716,9.678287815946831,9.871641101223702,0.999994840149185,0.001618052840669,Hydra TR1,4.0
WALLABY J104442-290119,161.177037943173,-29.0219985602461,143.79661620243849,10.7428264594198,6.47131059171336,50.9745778203464,9.625058583668128,9.820239303289386,0.999993703356207,0.001685683144704,Hydra TR1,0.0
WALLABY J103842-281535,159.676002846199,-28.2599403678409,48.694806114150985,7.28105826418145,4.6010075687377,47.5061447185353,8.675041611779953,8.872489856478134,0.99999991810873,0.00175412224116,Hydra TR1,0.0
WALLABY J104239-300357,160.665116363421,-30.066103821748,35.40594198605099,6.23407819028218,4.20663437095605,56.142653767196,8.387966321953341,8.587894468009495,0.999664122961165,0.002041221717059,Hydra TR1,0.0
WALLABY J103459-280440,158.748579925163,-28.0778125039335,33.88165137014864,6.02512918827816,4.94878497342295,-46.0991745301254,8.339532556226345,8.54195564854998,0.987170604249332,0.001787144479737,Hydra TR1,0.0
WALLABY J103521-272302,158.840473787277,-27.3840867046743,44.83166293084307,16.7035178819395,4.91180261765854,5.89372011692356,8.579442366528342,8.782685295498823,0.999996790877491,0.001810594713515,Hydra TR1,0.0
WALLABY J103754-260424,159.475851516935,-26.0735323293974,66.23025634132371,6.54022822315385,5.60720182352993,-44.4498174943995,8.914386246543456,9.118617466877092,0.99858983122228,0.001795385498032,Hydra TR1,0.0
WALLABY J103927-271653,159.863962648444,-27.2814254287419,48.070445794002666,6.47562310714083,6.07994452481278,67.1268470256374,8.629269496380774,8.835180966825927,0.999996723995896,0.001633735146213,Hydra TR1,0.0
WALLABY J103758-252035,159.491941781948,-25.3431554610386,192.76743485092942,36.3606152369865,6.37875157203132,14.4690851561147,9.829825042812253,10.037176684810571,0.986582250894609,0.001838726139791,Hydra TR1,0.0
WALLABY J104447-270553,161.196697749557,-27.0983203014285,155.55250256857798,7.77665473176777,5.59068188101047,78.7684508960954,9.634530592951016,9.84414733365023,0.999906252782314,0.001604652275588,Hydra TR1,0.0
WALLABY J103508-283427,158.786367858402,-28.5744019995482,47.0574978467625,11.7340170939396,7.59628759623637,84.6744995670796,8.587880557869166,8.799572586931413,0.865618511907422,0.001702456008275,Hydra TR1,0.0
WALLABY J103722-273235,159.342499175946,-27.5432991569415,39.299728276824005,8.59198910641379,5.73875478527899,-4.55886440055573,8.43137358254973,8.643072873925773,0.999999791636106,0.001755430358479,Hydra TR1,4.0
WALLABY J103541-265827,158.923423022112,-26.9743401324504,37.181556896092445,7.77129122690503,5.77833843440661,-1.97613763182349,8.374322521952987,8.588314730103631,0.999804775117632,0.001687284850566,Hydra TR1,4.0
WALLABY J104252-252014,160.719496266073,-25.3373468938916,91.00938159962308,7.21195745507587,5.33411858957845,-82.6377206204757,9.13843714516612,9.355912691250685,0.999991507090425,0.002056863634761,Hydra TR1,0.0
WALLABY J103602-261141,159.009444583122,-26.1948818561164,46.77393784211171,5.98576148904054,5.33312968365609,-64.8913791711832,8.553070756068868,8.772438499800263,0.999999938815845,0.001790098401608,Hydra TR1,0.0
WALLABY J103719-281408,159.333152604805,-28.2358181506367,49.61166209650105,7.27192244765655,4.39744674335392,0.156397377993386,8.574184841398203,8.801602134342057,0.992676281898283,0.001728283687892,Hydra TR1,0.0
WALLABY J103521-272324,158.840051589684,-27.3901377322968,44.91223407820486,6.51477443745438,4.44643595953067,-12.1463756670968,8.487554541373816,8.715024103659935,0.995396630544266,0.001911243458979,Hydra TR1,0.0
WALLABY J103719-285417,159.329946794826,-28.9049347118336,126.47587097623398,8.68877520478373,5.03078907084356,-83.9514774063096,9.372919171799063,9.604205145191187,0.936265809002997,0.00173193248776,Hydra TR1,0.0
WALLABY J104033-292215,160.140595196037,-29.3709877086525,131.57295832265507,8.29120674633195,5.24861865944356,25.3720402499599,9.401203530338728,9.634160624592703,0.897478037410933,0.001799276107157,Hydra TR1,0.0
WALLABY J103259-273237,158.246644138539,-27.5438355822842,68.14032417543422,6.52706287080864,5.45742519564128,-23.6313827789209,8.821782854878633,9.056942543030837,0.908088393194188,0.001931838841915,Hydra TR1,0.0
WALLABY J103738-281216,159.408796784785,-28.2046218034764,67.37799785362647,6.52217475377993,5.54090585694544,63.6089644481776,8.80218031997945,9.040107241055646,0.983389905250026,0.001717015566337,Hydra TR1,0.0
WALLABY J103809-260453,159.540826463049,-26.0815946726886,51.32862269452292,6.48869154491502,4.83456799321287,-68.8553624727091,8.561541266426396,8.800693653107457,0.992383988304241,0.00173286796683,Hydra TR1,0.0
WALLABY J104254-273043,160.725088961133,-27.5120452742405,165.48628708142644,8.08616886057709,5.93199998321645,18.8506626927938,9.573964178703838,9.814364501706887,0.99584417127173,0.001639345259072,Hydra TR1,0.0
WALLABY J103455-273816,158.733218371158,-27.6380311917811,43.1846405158531,5.17676149838413,5.16191823657349,-75.505315700246,8.405298586109343,8.646213204171563,0.999998970921546,0.001847445857569,Hydra TR1,0.0
WALLABY J103241-273137,158.172193508997,-27.5271863646789,54.65379949071326,5.72395477516936,4.21847519260419,46.6688817713381,8.609245304650441,8.850341668818057,0.872603332902612,0.00183388883275,Hydra TR1,0.0
WALLABY J103420-264728,158.585621473471,-26.7912498413601,61.80305429897544,11.5690625150706,5.66425057302313,58.0518614899458,8.705113789576693,8.949349384139692,0.888780023039904,0.001720301220824,Hydra TR1,0.0
WALLABY J103751-251809,159.463025841701,-25.3027705624942,57.3401213182046,5.18850885470944,4.85261092808501,2.51690080219816,8.637866006260552,8.882722879821642,0.897722634460015,0.002015698327035,Hydra TR1,0.0
WALLABY J104359-293304,160.995999353039,-29.551179548449,47.7797374142281,5.43196312892134,5.11859795220327,-57.2214566875815,8.464960583970283,8.714045236234762,0.999917181900488,0.002033454997008,Hydra TR1,0.0
WALLABY J104334-284856,160.893292573416,-28.8155817495143,147.35368972630758,5.7063124655004,4.26923124067554,46.2825581704289,9.436622123467147,9.687646843595795,0.998920194996873,0.001696883780592,Hydra TR1,0.0
WALLABY J103740-262100,159.419933024352,-26.3502310807741,53.81871481462656,5.67009535153123,4.77659814636435,7.77990694584111,8.559752843072875,8.811374539291345,0.962921397816707,0.001863805263555,Hydra TR1,0.0
WALLABY J103405-270612,158.523382657757,-27.1033546895837,166.8203154472068,6.58249959444268,4.47893424903355,-74.6689700590059,9.54117296303978,9.793154244569417,0.924683934235905,0.001638660046543,Hydra TR1,0.0
WALLABY J103816-281711,159.56793538818,-28.2864114465897,67.38783816783288,4.76205508604008,4.20280794356914,-71.5592123951245,8.740915194046595,8.996760517753,0.800902436942777,0.001800055385386,Hydra TR1,0.0
WALLABY J104356-244748,160.984658172673,-24.7969288927497,62.60316769112133,7.44823570144998,3.46544385817642,-42.5197113786307,8.669046838859215,8.927278232647469,0.609303901331131,0.003419189636408,Hydra TR1,4.0
WALLABY J103216-282359,158.06669929557,-28.3997853982677,88.96791051576315,7.304046832446,5.78666935690133,-42.1775923597276,8.97123330725549,9.230402620680575,0.999995842890784,0.001947536940141,Hydra TR1,0.0
WALLABY J103206-260152,158.028646604107,-26.0313063272427,44.709501829310554,6.15748506383975,4.3098023226708,83.5056794274061,8.362540679352701,8.6250825321338,0.683247809406417,0.002116452443343,Hydra TR1,0.0
WALLABY J103332-251645,158.38543968494,-25.2793535611673,51.165152702939345,5.52079800841231,4.95953451463126,-74.9512561623133,8.462292946873161,8.730231046613731,0.74313072825633,0.002032999166708,Hydra TR1,0.0
WALLABY J103914-271511,159.811225890111,-27.2531164142301,64.84339377380645,5.17873566109709,5.00381498067429,58.7996175489223,8.660314361003737,8.930689771285683,0.974631552304672,0.001588743435675,Hydra TR1,0.0
WALLABY J103602-272938,159.008933479836,-27.4941146235134,166.55115502852817,6.4654896210474,4.78769768622909,-19.7373181688737,9.475331106915146,9.747079679180128,0.756059183876208,0.001586218418875,Hydra TR1,0.0
WALLABY J103546-284602,158.944927313322,-28.767231520298,132.75013599352096,7.99481803934128,4.96992431006176,43.866961846255,9.261584162228026,9.538669083346454,0.967881387812702,0.001686091424361,Hydra TR1,0.0
WALLABY J104410-270802,161.043180317459,-27.1341195340714,154.5701467763473,4.88969427112252,4.16583571611966,-26.57544954124,9.3932962505096,9.670532155490685,0.834457125162346,0.001572143687512,Hydra TR1,0.0
WALLABY J104414-271548,161.059024702907,-27.2635860059369,156.82510283773155,6.63028580769283,3.93555886146155,-26.0732580685804,9.391698514003549,9.673528960186864,0.967789096868398,0.001591385387359,Hydra TR1,0.0
WALLABY J103812-275607,159.550114447254,-27.9353848572682,40.85189981433871,7.1024213455069,4.62533506767044,26.3815313189041,8.223257904623022,8.505099433769331,0.962117837025293,0.001917191172771,Hydra TR1,0.0
WALLABY J104246-295308,160.691807844214,-29.8856902577471,18.595657327521174,6.28773783407528,4.12915747840533,80.415693012022,7.525141724187432,7.811752351698531,0.972714577364468,0.002000714092543,Hydra TR1,0.0
WALLABY J103407-270622,158.531924961528,-27.1063838611188,169.71792460868068,7.05614274961192,5.46535239809192,-41.2874761402571,9.400670593202365,9.702527261780487,0.607891169454743,0.001552880326664,Hydra TR1,0.0
WALLABY J103954-270559,159.977914023,-27.0998783959172,149.06244482274192,3.82171808452805,3.7278647318917,-73.3255624045855,9.282302342273177,9.586114610889629,0.982890217433442,0.001589036679022,Hydra TR1,0.0
WALLABY J103731-272033,159.380999431611,-27.3427655189623,168.54127526741303,5.37349750879681,4.24112885739211,-77.8951140639959,9.388166039516049,9.692260374660595,0.999996153691412,0.001568072541282,Hydra TR1,0.0
WALLABY J103747-263835,159.448686426451,-26.643248787311,47.813285024353995,7.11276513289644,4.62930136213354,-48.3304965762206,8.286664118574663,8.593263040064448,0.732106912170681,0.001713942983605,Hydra TR1,0.0
WALLABY J103214-261611,158.060265426192,-26.2698075746559,86.86898337528667,8.94566383978442,6.20666962691953,65.5391060008925,8.774683851113956,9.092140661219268,0.98737797642915,0.001986534508129,Hydra TR1,0.0
WALLABY J103530-282232,158.878877298728,-28.3758161866713,50.58286989702376,10.6459321154,8.08919072859771,-52.2993482226323,8.303135148020273,8.621249419513877,0.90076658778647,0.001804277813425,Hydra TR1,0.0
WALLABY J104257-280352,160.740089124173,-28.0646157926259,166.41713515976727,6.0032579691986,3.63105787313936,-28.1107130491448,9.325155066699642,9.647751674216378,0.816696183161789,0.001546367614581,Hydra TR1,0.0
WALLABY J103721-251319,159.341576261178,-25.2220257920665,15.253040051045975,5.353306830728,4.34389589018428,36.4249551735544,7.247841734309484,7.571032840887057,0.974688194545117,0.002214290954449,Hydra TR1,0.0
WALLABY J104503-282709,161.263675218628,-28.4525743500884,162.09319717474008,5.01279959433948,2.93231797235454,12.222470311224,9.276023345879679,9.608307307784607,0.617671003586283,0.001633708393583,Hydra TR1,0.0
WALLABY J103210-273000,158.043906631204,-27.5000625247251,48.249358681391755,4.76497792715883,4.11235858610943,-38.3397730634075,8.221202161837013,8.55433601193121,0.834361314858005,0.001958205371285,Hydra TR1,0.0
WALLABY J103627-255957,159.113095214827,-25.9994276340368,46.21287796183848,5.43055195770469,4.4627795333514,-39.5484983023412,8.14549094748532,8.493181176841995,0.610148244874022,0.001980559955407,Hydra TR1,0.0
WALLABY J103244-280945,158.186588966096,-28.1625769109518,37.822532774375475,4.59720178537918,3.32001023292788,-48.235165698189,7.9700165784224515,8.318268243172104,0.78325765808324,0.001901446386891,Hydra TR1,4.0
WALLABY J103308-272711,158.2848083653,-27.4531772021942,40.6469796767087,4.22609753898913,3.74806623281109,-44.5823554278721,8.025268854278664,8.3763601437894,0.640524510193483,0.001948004938573,Hydra TR1,0.0
WALLABY J103435-282840,158.647032505586,-28.4779065224506,67.1794936107884,7.66924613940194,5.82500110345342,26.151391977825,8.420435192589839,8.787914255625912,0.809053605859886,0.001709245135437,Hydra TR1,0.0
WALLABY J104010-290908,160.045581654518,-29.1523741197449,129.65299029789625,3.68409208592669,3.0380738634795,71.0563519690219,8.832592347112586,9.268935789145985,0.911910902521686,0.001684048558997,Hydra TR1,0.0
WALLABY J103722-273149,159.343258382854,-27.5305410916842,28.712376789628998,5.93754442734343,2.92747651055031,-33.0124714507284,7.37344034704733,7.883432828657456,0.663896518563337,0.001633174203967,Hydra TR1,0.0
WALLABY J104135-274643,160.398981314522,-27.7786738082929,68.16328278030716,5.5715186225192,2.79468537323269,-7.34675623759374,8.047312006025752,8.598737460733803,0.770650356163725,0.002206893679592,Hydra TR1,0.0
WALLABY J100903-290239,152.265977634131,-29.0442975170569,15.881335752458572,86.4913016464864,26.9482883547385,-26.5099263804777,9.926666288176168,9.923466613614544,1.0,0.001972641608352,Hydra TR2,4.0
WALLABY J100342-270137,150.925581251107,-27.0271233410342,13.676120058758036,31.970546978407,11.7695820816275,56.0422663867539,9.318490798472174,9.343643428708013,1.0,0.003880673716117,Hydra TR2,4.0
WALLABY J100426-282638,151.109056583226,-28.444156643408,15.47302332328869,25.1025278592234,10.4713187344896,87.2794461341103,9.283306473897326,9.314423615348083,1.0,0.002959179885522,Hydra TR2,4.0
WALLABY J103522-244506,158.844058583737,-24.7510276945911,14.878973184131276,25.0117642615234,20.6009915996975,22.279514910473,9.157928145859366,9.192707359372305,1.0,0.003754800174502,Hydra TR2,0.0
WALLABY J103725-251916,159.357416781713,-25.3207347083295,52.955592412832154,35.1173079450198,33.3791061534266,-3.97132528264714,10.228901665712828,10.264950909593797,1.0,0.002039194816974,Hydra TR2,0.0
WALLABY J104142-284653,160.424364304665,-28.7816522307151,63.279589998562344,49.9180125567774,29.2399526184741,21.744419419153,10.271427352474317,10.31207602790469,1.0,0.001765750487638,Hydra TR2,4.0
WALLABY J100351-273417,150.966205246492,-27.5715028775967,39.89020769600851,27.144747180945,15.4975973522364,-8.7047944413829,9.762242940721952,9.807664199789075,1.0,0.003520469398751,Hydra TR2,4.0
WALLABY J101247-275028,153.199753902375,-27.8413264281474,37.48486089814162,21.1872046110281,6.35532218814731,-37.1336974686665,9.672393695695055,9.719501294361162,1.0,0.001706392442067,Hydra TR2,4.0
WALLABY J100539-282633,151.414463079159,-28.442512016763,14.884415934676365,20.7339128542747,8.64513077327804,8.29454631106924,8.806851583080046,8.857107389391873,1.0,0.002251693375284,Hydra TR2,4.0
WALLABY J103442-283406,158.678659981501,-28.5669807099912,49.46886819877609,31.9958943120749,29.4810963174716,27.7410574129802,9.836564475798992,9.887522382539789,1.0,0.001813464666647,Hydra TR2,0.0
WALLABY J104016-274630,160.069876496903,-27.7753163084194,56.72839243095055,16.1814551391897,12.7957770869405,-54.636076527978,9.954790339700253,10.005785592380487,1.0,0.001747389294521,Hydra TR2,0.0
WALLABY J101441-285221,153.674367606056,-28.8725705546451,15.82599336544407,14.0595763818268,7.73802016456689,57.0915608596827,8.838844870299924,8.890214099664753,1.0,0.001758288488675,Hydra TR2,4.0
WALLABY J101434-274133,153.643283887616,-27.6926416810028,35.92189223570882,19.0483390737411,13.3094122577172,11.057024265408,9.53529490482735,9.58749532129293,1.0,0.001716879386819,Hydra TR2,4.0
WALLABY J103915-301757,159.815014102517,-30.2985530965195,53.91075034515518,19.7430610585212,5.24691504164948,-51.795389630872,9.88060018183214,9.933198621411554,1.0,0.002810375801547,Hydra TR2,0.0
WALLABY J100634-295615,151.642100662074,-29.9377215523871,15.954743143322,11.1923448661831,10.4575916211487,86.5431158847733,8.761103119295049,8.817223858846587,1.0,0.002401297276605,Hydra TR2,0.0
WALLABY J104824-250944,162.103807514264,-25.1622898283224,53.56524396594513,29.6229315707231,18.4169800356329,3.32811550491417,9.810350629377481,9.8666340628469,1.0,0.003559639391755,Hydra TR2,0.0
WALLABY J100351-263707,150.964352979355,-26.6186126212923,12.482274382348654,19.1225473491213,11.3426865296583,8.80349435744384,8.509986427631143,8.568415657177571,1.0,0.003881131099795,Hydra TR2,4.0
WALLABY J101035-254920,152.646017016938,-25.8224901672727,35.89680355441286,12.6870305056041,11.5224922098563,-54.8891211676868,9.343530893024328,9.407534884917194,1.0,0.001962042388851,Hydra TR2,0.0
WALLABY J104309-300301,160.79006085423,-30.0516764305162,45.651581993627076,14.2687919814044,12.7620098137047,4.61579587703869,9.516235461632542,9.58285103944102,1.0,0.002276942939192,Hydra TR2,0.0
WALLABY J103023-302336,157.597676715062,-30.3934017287629,58.51987636018951,11.0455656404664,9.83709905268309,29.3626264054518,9.714845407906942,9.782745858210976,1.0,0.00313489150609,Hydra TR2,0.0
WALLABY J101941-254852,154.922113706745,-25.8144652827055,43.02963356136872,16.1544565293318,12.9691579903606,4.35007530955193,9.446749117763982,9.514727660195424,1.0,0.001849516338552,Hydra TR2,0.0
WALLABY J103523-281855,158.848927913437,-28.3158060402717,47.065488960073786,17.144706575282,9.77138512223034,-46.9359700037857,9.517666752690525,9.586178174427406,1.0,0.001774127944347,Hydra TR2,0.0
WALLABY J104059-270456,160.247503391396,-27.0819356937698,67.65657544838422,13.767157040535,8.21446043595604,39.3395552164992,9.826463500661928,9.895471694548103,1.0,0.001742513325615,Hydra TR2,0.0
WALLABY J104311-261500,160.797440137747,-26.2501185658392,64.74077754840903,14.7728456699991,6.58313450612216,72.7552168367637,9.788084502834026,9.857101624726743,1.0,0.001811841731279,Hydra TR2,4.0
WALLABY J103124-295706,157.853783246485,-29.9517175346639,58.57031854134037,13.3794335788283,13.0181615595118,79.490946068063,9.657354953699265,9.729884363914612,1.0,0.002304155714666,Hydra TR2,0.0
WALLABY J103818-285307,159.574269281889,-28.8845203062489,62.521553307289054,11.592304481681,5.70934288754679,-4.44641318993654,9.692851962754482,9.767167318178377,1.0,0.001826970429975,Hydra TR2,4.0
WALLABY J101359-253824,153.496384484489,-25.6400289375069,45.54611400667256,13.2135638949077,5.95027922533576,60.8124574744059,9.41676180477597,9.491157034733854,1.0,0.0019463171928,Hydra TR2,0.0
WALLABY J103702-273359,159.259138014382,-27.5669677986882,40.741816883494806,13.0833245095858,6.34024007147735,-3.96273303032504,9.268459227157557,9.34743285284913,1.0,0.001796885371301,Hydra TR2,4.0
WALLABY J104004-301606,160.017808206441,-30.2679098012335,48.46487744904441,9.58609456205556,5.20992946651935,11.042001769643,9.409363479025975,9.489254603517564,1.0,0.002811183989876,Hydra TR2,0.0
WALLABY J104339-285157,160.913018798891,-28.8660551589465,49.637449529060056,14.9730765329325,4.75895661855063,65.524086677618,9.416433819674294,9.497619946388127,1.0,0.001893195099037,Hydra TR2,0.0
WALLABY J102017-253913,155.074335651581,-25.653777049798,49.212366486672096,11.2420917423004,8.13124316024916,-63.415000586338,9.401084043848288,9.483026967185193,1.0,0.001874753389133,Hydra TR2,0.0
WALLABY J100938-255850,152.408854431818,-25.9806478976782,44.05115317478275,9.38739768079183,7.40295763489973,34.7194918282408,9.285438168926579,9.369282612034892,1.0,0.001894428654188,Hydra TR2,0.0
WALLABY J101049-302538,152.704264133943,-30.4272481089071,38.342675985431235,13.7637401472059,5.11344666050252,65.6816070853249,9.144114611966172,9.230053493687825,1.0,0.003696550378213,Hydra TR2,4.0
WALLABY J104905-292232,162.272498062304,-29.3756826979243,61.042727482550056,9.42277471281667,7.55343117724798,-6.4337150473276,9.540146759200177,9.62689557126061,1.0,0.002649131744513,Hydra TR2,0.0
WALLABY J103335-272717,158.397547416176,-27.4552381274,48.32538713725463,16.9547518662706,8.25352628916827,-72.8961314997874,9.329577990935553,9.417122922074306,1.0,0.00190473186878,Hydra TR2,0.0
WALLABY J103922-293505,159.842172227719,-29.5846264198939,55.377821156700556,8.5667313700562,6.78003785479256,-48.0786631028948,9.427503692215044,9.517213420734807,1.0,0.001946856819242,Hydra TR2,0.0
WALLABY J102549-293614,156.454432515973,-29.6040690681539,129.76884346132664,13.0982954997233,9.16431233111715,12.8628810407653,10.160929117517982,10.251314154127133,0.999999999840686,0.002833812917906,Hydra TR2,0.0
WALLABY J103250-301601,158.209618550733,-30.2670235684758,49.613213079155805,9.49353052941133,7.85334340535022,-27.1103846675461,9.320947658327707,9.411859775747754,0.999999999999997,0.003239976528037,Hydra TR2,0.0
WALLABY J103651-260227,159.213081554717,-26.041157794943,33.870778126419296,9.66575722563729,5.09358374529075,-57.4241548119289,8.98897287782534,9.079932088848588,1.0,0.001930456076128,Hydra TR2,0.0
WALLABY J103244-283639,158.185556597196,-28.6112022086153,51.72498245370503,13.3952196874097,5.14872488560262,62.8753394926244,9.346931945610665,9.438970179394996,1.0,0.001902263205101,Hydra TR2,0.0
WALLABY J102911-302031,157.296522682732,-30.341959938064,59.43507649317387,9.86209195979234,9.25563825574488,13.6556770804207,9.447916130717967,9.54217087146626,1.0,0.002810734200493,Hydra TR2,0.0
WALLABY J103436-273900,158.653209592768,-27.6496617271413,43.0984611521654,13.0730858102632,9.7944622211604,5.09549385655242,9.168602235194674,9.262874290049195,1.0,0.001798674259276,Hydra TR2,0.0
WALLABY J103359-301003,158.496589506136,-30.1676537776029,49.76367255356755,11.2204448677727,4.4091085537436,86.6502930605743,9.272667127723189,9.369351234790866,0.999999987663989,0.002750049914853,Hydra TR2,0.0
WALLABY J103918-265030,159.826114089202,-26.8421423499319,43.817895698519905,11.0994405766954,5.26932747069279,18.1360957006614,9.152164880703282,9.250029276072576,1.0,0.001777524665399,Hydra TR2,0.0
WALLABY J103609-244856,159.041190319447,-24.8154331710206,14.459965097409595,10.0180545752384,7.89308289840556,71.5455090127159,8.17039527036722,8.270527729982273,0.999999999999396,0.003126447685598,Hydra TR2,0.0
WALLABY J101221-254604,153.090414466845,-25.7677901843436,137.5926563832583,8.93617489020135,5.42030339401362,4.20490057189306,10.121429953504226,10.222276631976882,1.0,0.001759531968188,Hydra TR2,4.0
WALLABY J104000-292445,160.00144126659,-29.4123101423682,53.85607230039275,10.1626484256585,4.76966164165621,78.0406431154154,9.303067436126945,9.40436377994769,1.0,0.001960388040717,Hydra TR2,0.0
WALLABY J102601-255556,156.505913140465,-25.932396592387,171.3649311941869,8.97716444700481,6.08570044029927,88.7189591618222,10.303756051503516,10.405634356240437,0.999999999530178,0.001886049816697,Hydra TR2,0.0
WALLABY J102738-294752,156.912401372554,-29.7980178509682,54.94720407696696,7.92504429649038,6.87066447570199,-4.46471500333129,9.310694876252516,9.413211876839453,1.0,0.00227134318219,Hydra TR2,0.0
WALLABY J102053-265610,155.221124831187,-26.9361669221521,142.50733798316057,11.9137283215174,4.90467074034195,-60.7207468802418,10.134237442752356,10.237288031231055,1.0,0.001568221579322,Hydra TR2,4.0
WALLABY J103833-274357,159.637673746881,-27.7332846962689,62.98301440207877,10.5205391796684,8.47283805676181,-31.5618448763043,9.42293656207204,9.526249150337247,1.0,0.001721392814436,Hydra TR2,4.0
WALLABY J103655-265412,159.233002232362,-26.9029393812255,46.36285106096917,9.12865996448207,5.68044552892237,24.4409059064447,9.145623036484015,9.250364660449652,1.0,0.001815673225721,Hydra TR2,0.0
WALLABY J103653-270311,159.221123574065,-27.0532393828248,50.70708169428583,10.7555155392543,7.54439001824373,35.2075054692824,9.180704046738432,9.291095010471352,1.0,0.00176971583153,Hydra TR2,0.0
WALLABY J103540-284607,158.919612069846,-28.7686622723441,130.81483823788605,19.1191367341526,6.82677946912846,89.6670546549965,9.992280881652787,10.104262539527005,0.999999999788926,0.001751983497821,Hydra TR2,0.0
WALLABY J101438-272431,153.661028566483,-27.4086845663249,59.25645716659282,9.06219500610159,5.48899208039579,28.616859976582,9.285315070256514,9.399973047881778,1.0,0.001660279537425,Hydra TR2,0.0
WALLABY J102107-281054,155.280606335068,-28.1816668336881,57.30777588623176,10.3163205480248,7.13353198501469,31.6746321766903,9.25444820119915,9.369364798895944,1.0,0.001652133361519,Hydra TR2,0.0
WALLABY J100640-273917,151.666962811008,-27.6549057937001,60.99496498740606,8.67373901784096,5.63825900479935,61.1133426303692,9.283547463391741,9.402083584746965,1.0,0.00198180705947,Hydra TR2,4.0
WALLABY J103650-260923,159.211774732896,-26.1574863088414,52.238766672264745,8.91238421888466,6.90936049373178,24.9668786265319,9.148720646431237,9.267289755511442,1.0,0.001877258988701,Hydra TR2,0.0
WALLABY J101334-273518,153.395245627748,-27.5884053611161,36.41253617665163,7.71866283139882,6.80821433716546,-41.6121454249952,8.827361498070086,8.947092984911494,1.0,0.001746821448369,Hydra TR2,0.0
WALLABY J100713-262336,151.807407783037,-26.3934718307268,65.70103493784781,8.65605259076825,7.38283499904731,86.0166215957663,9.339226584287578,9.459073472436094,0.999999999996601,0.001980107318163,Hydra TR2,0.0
WALLABY J103958-301130,159.993491107354,-30.1920378960306,46.957535733342965,10.3034240593537,6.9101239200301,7.09790349052645,9.041199478378308,9.161984781256495,0.999999999335866,0.002517350186557,Hydra TR2,0.0
WALLABY J100707-262300,151.782724411539,-26.3833549822831,120.66793237866433,8.96033511454699,5.91037998256121,-24.907298647111,9.856577957306115,9.978023112571293,0.999999972915461,0.002051561436046,Hydra TR2,0.0
WALLABY J103646-293253,159.195972981892,-29.5481544379443,50.95621610706754,9.08012724571601,5.75494380827827,64.2766953563283,9.100834712272759,9.22333165849545,1.0,0.002021434263555,Hydra TR2,0.0
WALLABY J104048-244003,160.203334651427,-24.6673589077214,52.28563128547361,5.7286034073944,4.58728093221516,-11.6326712199834,9.122255170458004,9.24489652712767,0.999893985982983,0.003858201506721,Hydra TR2,0.0
WALLABY J100336-262923,150.903417524457,-26.4899525051286,12.868612686918116,8.59140342476685,7.49182730436655,26.846619313103,7.89593142190572,8.019891718639954,0.947242992874895,0.004799790359768,Hydra TR2,4.0
WALLABY J102844-265319,157.18558824697,-26.8888632875138,154.5371471365028,15.1745360584746,11.889959463815,19.9358647477718,10.045312984783536,10.170762235164279,0.999998973379144,0.001692992394778,Hydra TR2,0.0
WALLABY J103726-261843,159.357833006329,-26.3115184443799,50.2950849643905,9.59489665378297,8.51301253704138,-61.5562856473211,9.066469481729587,9.1925164144916,1.0,0.001876980847646,Hydra TR2,0.0
WALLABY J103645-281010,159.190243452568,-28.1697621178161,49.89397897339039,7.46639410653309,6.39667254482883,-56.6488323738092,9.055383616695254,9.182078693217335,1.0,0.001846730095262,Hydra TR2,0.0
WALLABY J103359-272013,158.498864181486,-27.3367964919873,139.50406434154579,9.8236769896936,8.82991409201023,53.6691075326377,9.944506703941629,10.07182540293463,0.999999999996395,0.001755674843,Hydra TR2,0.0
WALLABY J102030-260951,155.128104656446,-26.16417332165,239.9291558817541,8.58242545030116,6.29808917735828,62.5700253100819,10.415328002545527,10.542673744929793,1.0,0.001532721356795,Hydra TR2,0.0
WALLABY J100808-260942,152.035265740788,-26.1617528656648,43.97509565630802,7.38851770498497,5.49985667221275,-81.6473228677359,8.939951376116891,9.067554224333223,1.0,0.001930319982909,Hydra TR2,0.0
WALLABY J103442-291935,158.675695557894,-29.3264224407493,130.55192804232587,8.66285246618458,7.36292990996941,2.11067199257221,9.877674971745918,10.006460675891926,0.999999999999719,0.001917320103189,Hydra TR2,0.0
WALLABY J101613-291212,154.056194986819,-29.203427015388,156.00028800909985,8.05272470089027,5.52647033719167,-47.704144031647,10.032028890848956,10.160867442260521,0.999999986368235,0.001684490581487,Hydra TR2,0.0
WALLABY J101448-285723,153.700597968613,-28.9565182246176,59.60275845118645,10.0718828598144,6.07555537011141,41.516793215416,9.193396176505855,9.32270202140203,0.999999999991403,0.001767296789665,Hydra TR2,4.0
WALLABY J103521-274137,158.839065532307,-27.6937564148133,41.233891854282234,6.58724009899334,5.15657789915465,-77.6150066988064,8.870518200787693,9.000283275880737,1.0,0.001775831655399,Hydra TR2,0.0
WALLABY J101448-274240,153.702922365147,-27.7112019470825,60.44851478094832,13.3046889505663,7.06629186269031,77.9217449081556,9.200578845438411,9.33069937763444,1.0,0.001712016103838,Hydra TR2,0.0
WALLABY J101920-264135,154.835329093334,-26.6931487593331,184.1444626774941,8.8176538558092,7.32941214662205,-60.5811912331245,10.156614141279046,10.288608964578168,0.999999999991858,0.001696407756372,Hydra TR2,0.0
WALLABY J103353-274945,158.474803162031,-27.8291286169307,39.36494222441314,7.84005707326363,5.93022276872,61.8375889665899,8.811073011510448,8.943963611227325,0.999999999999999,0.001839269822276,Hydra TR2,4.0
WALLABY J103650-270902,159.209612045918,-27.1484962183028,160.31239315032698,10.9195538642826,5.90933009237232,36.6462347004526,10.028394958825238,10.161681319863261,0.999999999850394,0.001648102516832,Hydra TR2,0.0
WALLABY J103547-290131,158.946293777656,-29.0252364715388,139.89186348268763,7.41251419716686,5.19598819447472,83.0299658315849,9.907358902349928,10.041091023892216,0.999999999999998,0.001720429719748,Hydra TR2,0.0
WALLABY J103749-270715,159.45506265794,-27.120698246219,34.94594129068427,7.67904237525057,6.37923324538191,-78.1367388772692,8.696844262407819,8.83153092416263,0.999999999999999,0.001870389517349,Hydra TR2,0.0
WALLABY J100656-251731,151.734330529355,-25.2921456081454,41.34049354172934,9.04501150872904,7.26675201512733,-35.7920003880019,8.838014017135464,8.973504503197681,0.999999998937274,0.002413690303112,Hydra TR2,0.0
WALLABY J103258-274013,158.242611887982,-27.6710665446596,44.778536882298596,7.71783443638053,4.60134499150385,-20.5270547375916,8.90143306743001,9.037932436639899,0.999999999999995,0.001822567464831,Hydra TR2,0.0
WALLABY J102439-244547,156.165767463226,-24.763234628736,50.044138864173284,10.2557636127979,6.89149341627729,-65.4179519377432,8.997402139988044,9.134002915956689,0.971431615867702,0.00369272181793,Hydra TR2,0.0
WALLABY J103248-273119,158.203969911556,-27.5227115322995,51.62699383826963,8.54383282596843,6.67730894937882,-1.70587129959729,9.024324643117962,9.16094659519255,0.999999993392768,0.001860887673481,Hydra TR2,0.0
WALLABY J104221-291748,160.591437393053,-29.2966895198574,63.22921516574065,7.11221099590314,5.64019129768786,62.5812800113818,9.195443989352867,9.33291112236398,0.99999999999999,0.001848893174865,Hydra TR2,4.0
WALLABY J103803-281007,159.513205566243,-28.1687539400575,150.57631253154722,8.12051463497672,4.83581305858105,19.283045734291,9.947326463825396,10.085100631680861,0.999999999999581,0.001648435285033,Hydra TR2,4.0
WALLABY J103704-252038,159.268268784474,-25.3440915048537,53.0369306102321,6.91376767366864,4.31827243664121,-33.2952273464033,9.040452272571008,9.178315097853554,0.999999999329442,0.002071048828598,Hydra TR2,0.0
WALLABY J101531-292423,153.879340613108,-29.4065913420473,130.99088451161342,7.13053578316426,4.99021310038135,57.1624065613853,9.82365422582868,9.961881326660164,0.999999999560983,0.001754634769776,Hydra TR2,0.0
WALLABY J102621-291150,156.58861218786,-29.1972560360554,52.839666990946036,6.71421531416552,5.23507072638003,-28.4907844369621,9.032504142763619,9.171176525495877,0.999999999999984,0.002266649044871,Hydra TR2,0.0
WALLABY J103603-245430,159.013281148035,-24.9085559264479,56.341501139903855,7.80426335878093,5.67767218171902,-32.5130212802475,9.084470102350801,9.223793793484617,0.999997408323678,0.002725497904203,Hydra TR2,0.0
WALLABY J104245-264738,160.691310680269,-26.7937078819683,152.2157553587471,8.50445343208634,4.78858596138105,-20.7237776594134,9.945415295029978,10.08514073373177,0.999999998291957,0.001618056378921,Hydra TR2,4.0
WALLABY J102411-285533,156.048441930898,-28.9260913842424,55.5783526906123,10.9367371429632,7.07665031390391,16.4757104446603,9.068305808621696,9.208379205794397,0.999999999999931,0.001826169059251,Hydra TR2,0.0
WALLABY J103712-274108,159.299704698015,-27.6900788115462,40.431089216047035,15.897415843356,7.40226266910996,18.2800334996294,8.791380361791614,8.931548648066897,0.999999998215321,0.001749516560118,Hydra TR2,0.0
WALLABY J103924-275442,159.852377069445,-27.9119133292248,46.07769561336345,7.58354218827475,6.18864954598344,-80.2608710786792,8.901741382276205,9.042466290649065,0.999999999999977,0.001830911351304,Hydra TR2,0.0
WALLABY J103841-253530,159.67315222755,-25.5919665051252,54.9211265710968,8.38633318184327,5.73888903035872,63.943751866945,9.039909662016818,9.18316220254686,0.999999999960403,0.00207211651744,Hydra TR2,0.0
WALLABY J103621-252235,159.090177536243,-25.376500137603,57.30238801654957,6.38147205319916,5.40385386518009,-52.4121629793817,9.07340118251926,9.21725554854924,0.999999997059424,0.002108547645201,Hydra TR2,0.0
WALLABY J101632-291258,154.137279246646,-29.2163045710055,60.075114205763214,8.01308090859676,4.15976136889917,-77.6537109538269,9.113563026776516,9.257575062637933,1.0,0.001793545521163,Hydra TR2,0.0
WALLABY J104100-284430,160.255218622216,-28.7417847253654,53.54142873342777,7.65425373877456,5.49731907294469,-10.1956852739956,9.013360648956102,9.157407226230237,0.999999989671998,0.001794166354782,Hydra TR2,0.0
WALLABY J102233-294017,155.637822731814,-29.6715459809266,111.70218951907046,7.41281572673585,6.16205903245402,-21.3321562233806,9.649550675112017,9.794054817454303,0.999999995664893,0.001899284774368,Hydra TR2,0.0
WALLABY J102328-253424,155.868469470164,-25.5735666208992,173.51001977180766,11.9698841189797,5.40978678230219,-80.2828702454439,10.030221254987636,10.175058729084906,0.999479465707944,0.001851526582967,Hydra TR2,0.0
WALLABY J101348-273147,153.451631889081,-27.5299016010322,37.123226967722275,8.50902402882247,5.40186761672738,85.126806824455,8.678666456840665,8.825714279586384,0.999999999999999,0.001667282254136,Hydra TR2,4.0
WALLABY J102719-253256,156.830339477193,-25.5489076524322,49.486022061154564,7.10813095213386,5.44212658418108,36.8788532435055,8.920424712828446,9.068924512416897,0.999992152349289,0.002065051147796,Hydra TR2,0.0
WALLABY J101025-275214,152.605422181516,-27.8707894690033,34.60563295640331,7.4278100548255,6.66675693952531,32.9333502927661,8.606387513219435,8.755508922167488,0.999999999934873,0.00172645337649,Hydra TR2,0.0
WALLABY J103732-261917,159.384369223317,-26.3222534628562,45.52543268845931,8.58613758598536,6.55985640936643,61.214235315077,8.840481766462887,8.99036758874583,0.999999983791989,0.001797495244971,Hydra TR2,0.0
WALLABY J103240-282058,158.169013050691,-28.3495027573058,56.09018978761145,7.74291757684017,4.86657547308425,14.2910348241575,9.015088918062052,9.16621807066538,0.999999907765096,0.00193015566998,Hydra TR2,0.0
WALLABY J103902-291255,159.760660277612,-29.2144008343346,45.69237200637847,8.0788785344427,5.47682165961376,-41.8354528504182,8.83653722019614,8.987753626889972,0.999999999991708,0.001918492558784,Hydra TR2,0.0
WALLABY J102110-261638,155.295644148373,-26.2773741936393,238.90259111995366,7.43421028636997,5.45580979013445,5.97373518283791,10.272091496886475,10.423533166246093,0.999999671728265,0.001510338380366,Hydra TR2,0.0
WALLABY J103840-283405,159.667916986864,-28.5684468486425,49.480178118314754,8.22397908300288,5.27852282953684,20.4186376812626,8.892304646149576,9.046056320097774,0.999999936191187,0.001780754484557,Hydra TR2,0.0
WALLABY J103810-250618,159.544638597446,-25.1046691870633,146.7792204954342,7.83200534122596,6.47937724249809,-36.017082376029,9.825790035298816,9.981648540095813,0.999977349404902,0.002107260671089,Hydra TR2,0.0
WALLABY J104629-253308,161.622946530941,-25.5522905378393,51.3973681491004,6.76866509616853,5.07949072244908,-85.9948269165797,8.913707610252782,9.06968879338413,0.999997733809278,0.002047056897207,Hydra TR2,0.0
WALLABY J103805-250537,159.523753601186,-25.09354127411,56.446808149919654,6.89929445659066,6.07295253954924,17.4971008344273,8.992272284371271,9.148801752549245,0.999999868979847,0.002162859195423,Hydra TR2,0.0
WALLABY J104058-274546,160.242688158017,-27.7622956784698,56.94435300083527,8.99639766845728,5.29135724082293,-50.0942081678912,8.994153045614427,9.151799661713387,0.999999999828847,0.001740052687725,Hydra TR2,0.0
WALLABY J102557-295647,156.490656809031,-29.9465295422663,244.47878857061275,8.18290409908328,6.2975493638374,-14.4692950584383,10.254576385613973,10.413232983573938,0.998748096836529,0.002598593091842,Hydra TR2,4.0
WALLABY J103905-265519,159.772416714641,-26.9228155002614,150.7000720163474,7.04517085453235,4.01884356711157,38.8389989225194,9.828935168837004,9.98865297701502,0.999999356965778,0.001646255031967,Hydra TR2,4.0
WALLABY J101443-263328,153.680744379935,-26.5578176958138,230.16743915925917,12.5782760955078,5.62285971242071,70.191780450834,10.193281382618714,10.353695344865075,0.999971329677671,0.001534226321694,Hydra TR2,0.0
WALLABY J102341-291347,155.921311211956,-29.2298804366066,251.44029644596142,7.30035843978276,6.26211379209896,-39.4191542632131,10.266471539156582,10.427599917359107,0.999942981786102,0.001775506395195,Hydra TR2,0.0
WALLABY J103502-293019,158.760414855561,-29.506163509242,53.481433411719664,8.05209766310594,6.1399988498722,-66.7986502487246,8.920422242109252,9.08186695794615,0.999999757405881,0.0020349243205,Hydra TR2,0.0
WALLABY J103858-300500,159.742200270072,-30.0840188844149,53.84510233710978,12.3040709113129,6.0287316668045,2.27370566601857,8.925762602723232,9.087316378919375,0.999635417772084,0.002278392413958,Hydra TR2,0.0
WALLABY J103420-265408,158.586524968494,-26.9023268351637,53.29774866542188,7.95541976430073,4.43838810712704,-60.9838671068111,8.915897116448678,9.077648986609661,0.999999908097001,0.001815703602901,Hydra TR2,0.0
WALLABY J101843-281718,154.682200242519,-28.2885666887176,176.61382979254878,9.73651306549118,7.58428594926878,-56.105648931906,9.956168120702962,10.117992159545045,0.999792705278679,0.001537417306389,Hydra TR2,4.0
WALLABY J104620-293733,161.586037991655,-29.6260309394112,168.75881732111787,8.13404692383427,5.36866083079491,8.72932797604148,9.904475087915198,10.068753464981146,0.993644563420359,0.001948778434782,Hydra TR2,0.0
WALLABY J103644-251543,159.184411160293,-25.2615958457356,52.35688925794021,6.26506382167336,5.06846411246167,-65.0638419408679,8.88370355859147,9.04883380007964,0.999998947166946,0.002136402656397,Hydra TR2,0.0
WALLABY J101859-271349,154.746917449226,-27.2305237799885,37.065879711935445,7.55336817732807,6.36905592460534,-88.0401924949341,8.583553488140659,8.748714539495328,1.0,0.001633756893513,Hydra TR2,0.0
WALLABY J103322-271142,158.344539555659,-27.1948463362721,154.22740309536232,8.26228455110374,7.01865544623768,56.1664646092622,9.821922289374848,9.987084495662755,0.999999776496525,0.001768353087065,Hydra TR2,0.0
WALLABY J100700-273944,151.753261460977,-27.6623299530297,60.63312030394969,7.41798796378923,6.12304022494649,-28.9452383604619,9.00749185200851,9.173375160211924,0.999999330987954,0.001974197230651,Hydra TR2,0.0
WALLABY J103348-271429,158.451978651262,-27.2417087961698,151.4249427204751,6.52527323680396,4.49422956008786,-8.70659225239525,9.800978811374632,9.967167221324452,0.999998442222345,0.001729767595882,Hydra TR2,4.0
WALLABY J103546-273840,158.945059870114,-27.6452207193969,67.89525667126134,7.79378082250537,6.83815283707186,-0.213776975703311,9.095776816762074,9.263715249632536,0.999999935598199,0.001717636572554,Hydra TR2,0.0
WALLABY J102643-261256,156.679725529314,-26.2157125466932,142.26036323607894,8.695054996339,4.45203236915608,15.812627783758,9.735005575162237,9.903620913035411,0.998784847445336,0.001791895660567,Hydra TR2,4.0
WALLABY J103939-280552,159.913466395166,-28.0980233106873,48.48029986435946,8.68323903508987,5.82154379735054,-26.9692333976668,8.794400589509484,8.964177839542419,0.99999659161914,0.001820446153851,Hydra TR2,0.0
WALLABY J103804-284333,159.519187386231,-28.7255906588289,63.59259644763058,6.94087610312355,5.50964581746743,-88.9437597384004,9.02900404059458,9.199007338982224,1.0,0.001725378956341,Hydra TR2,4.0
WALLABY J101314-271308,153.309125392675,-27.2189354106375,64.99469104375532,7.40306636928725,6.18172906280623,81.790791613132,9.046748729724488,9.217003311933523,0.999585939709674,0.001632874143014,Hydra TR2,0.0
WALLABY J103818-285023,159.578185826807,-28.8398063302202,192.72912488348743,11.8045171978218,4.86689633735336,-60.4708871053698,9.986883116872692,10.157980201467863,0.801452643414194,0.001668504935636,Hydra TR2,0.0
WALLABY J100939-290112,152.412752747356,-29.0201562437458,200.7658522430567,6.39716375330537,5.33976560356074,34.35006150342,10.022156092238733,10.193297890817993,0.996361903739909,0.001713451770795,Hydra TR2,0.0
WALLABY J103507-275923,158.78300439068,-27.990518333725,34.794194571905464,5.88685765860718,5.27329041397062,48.7451322876236,8.494660689985446,8.666887551691826,0.999997518106694,0.001809084829584,Hydra TR2,0.0
WALLABY J103828-283056,159.619567412209,-28.5157332664018,62.203649418575516,5.39077402225433,4.91104388416353,73.6293237703669,8.998221426107296,9.170672769098392,0.999999913490627,0.001873810315768,Hydra TR2,4.0
WALLABY J104127-275119,160.364645847032,-27.8552446954248,166.98163155331514,8.87280147864474,6.00715285338344,-65.0398283154776,9.851589063957178,10.024964182605364,0.999997972717255,0.001684416191916,Hydra TR2,0.0
WALLABY J101640-252919,154.167433118706,-25.4888779966379,173.6283672713187,7.88665952003976,5.66142416460289,-43.5254088452826,9.884239653279845,10.057882528454655,0.999993001519001,0.001720469762394,Hydra TR2,0.0
WALLABY J102019-285220,155.082771695456,-28.8722451053682,133.2600227696011,11.3762078099439,5.48920952643985,67.3399424086338,9.65124358561514,9.825562042566649,0.999969694376476,0.001623172172212,Hydra TR2,0.0
WALLABY J102439-274841,156.162631168358,-27.811653255339,51.39682038541063,7.77680902953044,4.7728964596226,-77.2029543447339,8.82245980243455,8.99704804175605,0.999989221862206,0.001761649482021,Hydra TR2,0.0
WALLABY J102934-261937,157.394915921094,-26.3270619839619,56.22134680158239,6.06028248883795,5.03107627027352,78.010121066795,8.890235984143015,9.06701849392752,0.999933102318158,0.00204474003313,Hydra TR2,0.0
WALLABY J101018-265209,152.577854290953,-26.8692510804657,190.34713702646556,6.56510383745955,5.16490278350886,8.9243583504292,9.947887295869744,10.12502635140673,0.988487105237271,0.001766503789926,Hydra TR2,4.0
WALLABY J101618-301143,154.077655685209,-30.1955466297258,157.08367774926683,6.53902038835378,5.04271234369684,21.9230198818987,9.777636302774624,9.955521614068713,0.997895927646024,0.002251884613441,Hydra TR2,0.0
WALLABY J104910-282305,162.294890169302,-28.384856234745,304.96849867506404,8.79636870307365,5.54461934124277,-26.6362020433081,10.35314622127078,10.531192909247912,0.896364552304737,0.002518997458189,Hydra TR2,0.0
WALLABY J104048-281302,160.20219370712,-28.2187343114742,152.00307371379805,7.13778199468471,6.29558596457006,-21.1828974955011,9.7469312691813,9.925286625992387,0.999999914797408,0.001696432696727,Hydra TR2,4.0
WALLABY J104026-274853,160.110533264855,-27.8143449470989,62.075323861200594,7.73145040334583,6.42044632662975,-56.9921846867117,8.968377847178022,9.146883733233835,0.999999969469627,0.001900937310227,Hydra TR2,0.0
WALLABY J104139-254049,160.414478981632,-25.6805206365707,55.067019343752065,6.52596119437904,4.43016664155024,-20.0638195262607,8.863642774570451,9.042297891513204,0.999999989794044,0.001967230845738,Hydra TR2,0.0
WALLABY J102636-245116,156.652042121314,-24.8545202229479,56.81449412870315,8.01981901266276,5.49779797985507,35.3973284420622,8.889844083644567,9.068704257506319,0.924810207082263,0.002987909103636,Hydra TR2,0.0
WALLABY J102931-281028,157.381676336974,-28.1746929776097,257.1506321824592,11.2200723831103,5.9602702404599,3.14861999482861,10.200781702011355,10.379755995918325,0.995701939875718,0.001664526646923,Hydra TR2,0.0
WALLABY J104326-251857,160.859031741285,-25.3160058108153,53.73910583705095,5.976916644101,5.88691413842942,0.62906041927431,8.835919758478207,9.016011253457616,0.999818952434307,0.0020762940701,Hydra TR2,0.0
WALLABY J101208-252000,153.036248694593,-25.3335228835447,195.52361286665757,10.8925498626197,4.1772956748881,75.3572744530628,9.954847050703327,10.135578588655893,0.992085361638792,0.001836629855465,Hydra TR2,0.0
WALLABY J104139-274639,160.413649732851,-27.7779828579361,62.20196812799116,6.08626502285379,5.23583383055385,83.2292493513652,8.958889045390276,9.13987978888452,0.999999998453333,0.001689390541462,Hydra TR2,4.0
WALLABY J103257-250937,158.238143220119,-25.1608959543615,104.9757005560256,6.23455834938516,3.5338874431854,66.2575563389199,9.412915777988575,9.594027064271176,0.996928380795007,0.002427532718087,Hydra TR2,0.0
WALLABY J103926-265812,159.860370804934,-26.9701988934696,151.66571093753603,7.92932263044788,7.37497590817,-58.3840550170822,9.729990770743953,9.911663385383317,0.999818209648861,0.001646095896967,Hydra TR2,4.0
WALLABY J102115-250342,155.313702085187,-25.0617628395894,140.08503962581577,8.02909907513378,4.29953596377972,-51.4850200108293,9.66088279034248,9.84258141168939,0.999761152331318,0.002083197456883,Hydra TR2,4.0
WALLABY J102413-284853,156.054206216421,-28.8149959808484,159.86214595052672,7.38856498270942,5.25995466507379,-88.6674315840087,9.769676661755257,9.952697838215686,0.999839941677855,0.001711740983241,Hydra TR2,0.0
WALLABY J103821-254126,159.587889648939,-25.690802130966,49.01504011982334,7.23203312900476,6.13521429609863,21.3794273712455,8.741630618777984,8.924924260421976,0.999999974603964,0.001838563293941,Hydra TR2,0.0
WALLABY J101018-285748,152.576574400337,-28.9635705235207,59.24094750996685,6.50831522537349,4.4531244139333,-32.862050371438,8.904367196417395,9.088076634591799,0.988874690878316,0.001901321857712,Hydra TR2,0.0
WALLABY J102447-264054,156.196540190184,-26.6816690348745,147.8918418145005,9.93102983785913,5.36815244990406,-16.4344494364597,9.698663289788126,9.882451172466565,0.998212166072437,0.001713644648629,Hydra TR2,0.0
WALLABY J100827-270707,152.115291782266,-27.1187344239306,39.06809216232371,6.71773050612001,4.96321583262596,-12.3736267006304,8.522183030729156,8.71058058982522,0.999999999979565,0.001920261856929,Hydra TR2,0.0
WALLABY J104432-290559,161.133330982942,-29.0997389957591,166.3362369185132,6.81701143721016,5.02207197966814,-31.4271399507349,9.77675097211821,9.966016825126202,0.994207196782673,0.001729049417209,Hydra TR2,0.0
WALLABY J103737-261641,159.407382923444,-26.2776461727414,54.29794447817349,7.21322303286235,4.84556454584388,-55.9517753953048,8.803846420471883,8.993227409675681,0.997675847534344,0.001881507824175,Hydra TR2,0.0
WALLABY J105227-291155,163.114923313683,-29.1986602969874,49.183320059280916,9.58692160801772,5.1937184918231,63.0330685372404,8.711679178258608,8.90250851897174,0.986709277038125,0.002837228624695,Hydra TR2,0.0
WALLABY J101006-265322,152.525188273194,-26.8894771432519,120.91881000359182,6.59890789288387,6.00470341520413,80.217895249927,9.492157745523706,9.6831907486363,0.999970955711983,0.001750063435659,Hydra TR2,0.0
WALLABY J104157-264302,160.488818640131,-26.7173889381501,157.06811776908359,5.43193289855096,4.42999729815176,-27.7961589283469,9.71661347565155,9.908284892974347,0.999440965807312,0.001626961552836,Hydra TR2,0.0
WALLABY J103901-262539,159.756648404084,-26.4273757978657,151.52380512414783,6.45484682322179,5.1965092732995,9.31355980340919,9.685158384340726,9.876886139220195,0.999925043819856,0.001629357121425,Hydra TR2,4.0
WALLABY J102155-260232,155.480153654875,-26.0423371434834,158.50200246276503,6.16149144848329,5.14910523964319,25.7057396066572,9.722805373880439,9.914875286383246,0.975012974504875,0.001613387268256,Hydra TR2,0.0
WALLABY J101031-255908,152.631374593609,-25.9857391339618,231.7133436510684,10.9372426362364,5.09764327936898,-2.60869188462678,10.048976032018187,10.241906093962307,0.989087012657654,0.001708012874769,Hydra TR2,0.0
WALLABY J100830-262140,152.125574469206,-26.361148479283,59.94018004712595,5.13844729477967,4.40691201559996,-24.5612277664396,8.873813310849018,9.06690741818036,0.998355250675925,0.00199729717757,Hydra TR2,0.0
WALLABY J102330-295941,155.875557524105,-29.9947749210779,130.89758496758543,5.62383373391313,4.27666272981192,-22.6669632796565,9.551876821208287,9.745056605430776,0.986328782348414,0.002163139580248,Hydra TR2,0.0
WALLABY J104442-290119,161.176142125769,-29.0214031871623,143.8296924842162,8.9852232705974,5.91842843715594,51.145960726991,9.633601213320148,9.826806788074768,0.951436936388238,0.001754780787358,Hydra TR2,0.0
WALLABY J101606-274758,154.027148519593,-27.7996277000709,35.38997921113177,6.25554821399307,5.81338882676878,69.9263668524622,8.408983991230306,8.603769768093903,0.997973681757341,0.001653155225695,Hydra TR2,0.0
WALLABY J101826-264356,154.611436608342,-26.7323291723677,132.3421023779702,6.31513391484098,5.66405346650827,22.0695409368269,9.553469830864984,9.748528691845578,0.988527148923841,0.001591524501036,Hydra TR2,0.0
WALLABY J102448-263457,156.204083240423,-26.5825877533017,147.73495121342577,5.99769598042695,4.64755313820368,-74.6043406310241,9.64207595573208,9.838796528887098,0.973613675866153,0.00175026166402,Hydra TR2,0.0
WALLABY J104239-300357,160.664570049953,-30.0664314144395,35.38321297372465,5.90309327122752,4.04112182479804,61.2449891480592,8.399407410318497,8.596438748832957,0.999830344619601,0.002083485953796,Hydra TR2,0.0
WALLABY J103130-251020,157.876009223032,-25.1728243358376,152.69772764864243,6.67395455052384,6.29885265189224,-28.2543483527514,9.666953787541399,9.864591398730216,0.855409444705436,0.002258861267912,Hydra TR2,0.0
WALLABY J103139-273049,157.914311320154,-27.5138472987982,51.02612797418459,7.12747590468038,3.96400730068399,-77.3831398100099,8.709279287771267,8.908266562915427,0.999858428831651,0.00214785183285,Hydra TR2,0.0
WALLABY J102338-264531,155.911633185619,-26.7588790403166,148.4873611973015,6.33054624527655,4.04292556400569,-4.07776810642079,9.636255181488519,9.835440448242256,0.999789470467021,0.001660188837379,Hydra TR2,0.0
WALLABY J103844-273449,159.685091162106,-27.580478265524,166.07737444581485,9.27752880503143,5.95407098174412,82.9596132575156,9.733096589486738,9.932378889166415,0.999984912974499,0.001615928422932,Hydra TR2,0.0
WALLABY J103002-284116,157.509064138593,-28.6879504105454,54.83868583546184,5.998738050017,5.15952395184807,24.2194850403382,8.768118181924674,8.96801471787341,0.999701463548364,0.001878981858088,Hydra TR2,0.0
WALLABY J102336-264751,155.903078453275,-26.7975170966148,150.7826513653977,6.17026300372414,5.69106807931542,-45.0637347457462,9.643425568250398,9.84410613527432,0.999292484751503,0.001671248633613,Hydra TR2,4.0
WALLABY J103701-284018,159.25510558146,-28.6724912092129,139.21386559493965,7.55397046599917,4.1223770702204,-15.5495453003224,9.572310117416585,9.773424529539515,0.999942015608194,0.001670851400204,Hydra TR2,0.0
WALLABY J101756-285557,154.486647291508,-28.9325039583329,156.3577670978625,8.16439777609827,5.50287632951574,84.0273242564168,9.667191982896673,9.86977492196564,0.996129249380303,0.001611830782969,Hydra TR2,0.0
WALLABY J104603-291551,161.514283321982,-29.264427097133,131.93510932687863,5.78550469443782,5.21407338219883,54.922900129126,9.512147246564359,9.716588293644849,0.929430870720836,0.001812657600202,Hydra TR2,0.0
WALLABY J102430-290904,156.125899427096,-29.1511177678151,53.54924440607972,5.45972602822843,4.53209088220233,-66.3517880303927,8.726809886249669,8.931777845853976,0.999996823199613,0.001896005592292,Hydra TR2,0.0
WALLABY J102048-292635,155.202002873432,-29.4433162354375,128.36434519210925,6.29573392649579,5.64304668587074,60.1920818194572,9.482669988544655,9.688514620987975,0.988745247053367,0.001720736425708,Hydra TR2,0.0
WALLABY J101236-272905,153.151856620245,-27.4848528507126,136.89561291007385,6.45230397231046,4.5951791282088,-49.0555730769387,9.535624354927789,9.742202298432316,0.86314822903965,0.001606236376493,Hydra TR2,0.0
WALLABY J103927-271653,159.863644507573,-27.2809972155592,48.084482895468334,6.2700595646477,5.49461855591628,67.7234106061027,8.626419905795784,8.83310677118847,0.999360656101406,0.00173515712899,Hydra TR2,0.0
WALLABY J103114-295837,157.809010502539,-29.9771200467035,59.85659130378988,5.42576213346915,4.87640898527702,-22.7058406808186,8.815906661850795,9.022775632573591,0.855287539829259,0.002325340173261,Hydra TR2,0.0
WALLABY J101247-291053,153.196184106303,-29.1814749161179,132.0220331217917,5.74226387129837,4.24440292880538,57.5912469297253,9.501347125107271,9.708624336626588,0.995458646180195,0.001744206421913,Hydra TR2,0.0
WALLABY J103842-281535,159.676549754274,-28.2597292787484,48.68149939693182,6.6642511641896,3.92191817992204,47.1608713095138,8.631224955441718,8.839396442412099,0.99999879052889,0.001797036049018,Hydra TR2,0.0
WALLABY J102023-253050,155.096567200252,-25.5139696909772,47.036615970974786,5.97924482488482,5.12528898953239,-63.7884722961715,8.599964127167551,8.808489782969707,0.997701757192863,0.001937372148836,Hydra TR2,0.0
WALLABY J100321-291708,150.838754090075,-29.2856143600128,221.50434193083527,6.06182663266344,4.83124509672712,-17.974746164381,9.944488440184053,10.153359438982779,0.837153297313005,0.004161843859869,Hydra TR2,0.0
WALLABY J100752-250626,151.968213976601,-25.107414098409,280.0569324161428,6.17805175553453,5.17886694812985,-60.640546469359,10.144841381602339,10.354566574511104,0.924973944944139,0.002136859090788,Hydra TR2,0.0
WALLABY J101927-264159,154.866179870014,-26.6998653368522,36.39801378576397,6.08920010466439,4.89005680737111,-33.3224131337022,8.369892050264685,8.580280408087996,0.999913705297255,0.00157866908552,Hydra TR2,0.0
WALLABY J104447-270553,161.198170266686,-27.0985265063451,155.5711395605127,8.7487531248897,5.0224229566742,77.7257237983459,9.625543560981974,9.837475333024315,0.998762180291743,0.001656649895893,Hydra TR2,0.0
WALLABY J102747-283425,156.94611901241,-28.5737866267331,135.12365295194277,6.39962283294634,4.64089531072597,-17.6702885750999,9.502104094225315,9.714303194349517,0.998621506598474,0.001745228027193,Hydra TR2,0.0
WALLABY J101945-272719,154.93804610362,-27.4554383167671,156.02698231293985,7.82832790036011,4.20103491162933,-39.730129381049,9.626630450405363,9.838934679610652,0.993915129565423,0.001513594779557,Hydra TR2,0.0
WALLABY J103015-270743,157.565051511435,-27.1287087650734,155.5779375800131,7.49524943820816,6.63213993740294,-37.9341540352106,9.621229657793654,9.834277563891181,0.999732195113308,0.00178165717008,Hydra TR2,0.0
WALLABY J103141-300815,157.920986408921,-30.1377118431413,74.36317055281224,5.54747811892598,5.01039559485882,-79.3953636333602,8.975167128288398,9.18947335781159,0.994794436644255,0.002258423042569,Hydra TR2,0.0
WALLABY J102031-273003,155.129562855652,-27.5010422287033,141.05138703547973,5.66070582491423,5.2856888067717,-11.4466053625267,9.529411550198056,9.744181915655671,0.965106255101924,0.0016035878661,Hydra TR2,4.0
WALLABY J103541-265827,158.92258870707,-26.974487929938,37.19385598126952,7.61643082033824,5.20393806236029,-5.47208071381513,8.366250891252312,8.582409801969131,0.996210069584006,0.001739067673139,Hydra TR2,4.0
WALLABY J100720-262426,151.836347674689,-26.4073734412492,236.74091781938307,5.87961053296285,5.10902538598235,-22.7022721900455,9.972796833786468,10.189231430532889,0.994740482392223,0.001741084303666,Hydra TR2,0.0
WALLABY J102600-280334,156.50183642268,-28.0596842938472,155.92987992739037,6.32804588573596,4.73336702228822,32.3614364905151,9.608578761396247,9.825412495121325,0.993148486718401,0.001804196951443,Hydra TR2,0.0
WALLABY J104513-262755,161.308176583763,-26.4655388404963,61.24917050961115,11.1720113892488,5.01063072453572,-46.0469652443195,8.794337190386686,9.011846255283045,0.999999992186032,0.00185669501853,Hydra TR2,0.0
WALLABY J104637-263911,161.655477629983,-26.6531667346866,166.61888114493513,7.41856146818268,4.69704393263115,32.3427026770114,9.663109689610385,9.880743261327249,0.967817485173361,0.00170087406484,Hydra TR2,0.0
WALLABY J102629-285851,156.624895396119,-28.9810190605122,53.04029007926742,5.66302414878432,4.76596690703137,-11.1017174783969,8.667125668037482,8.88521731229,0.999837154833251,0.001960176781237,Hydra TR2,0.0
WALLABY J103508-283427,158.78478771331,-28.5754851132865,47.037106931891564,11.1878279983496,6.44041162167768,85.2016159413991,8.56133312283249,8.779808667080438,0.996760225001095,0.001745187380455,Hydra TR2,0.0
WALLABY J104711-285507,161.799535763038,-28.9186214918326,146.57836830886833,9.61533214497619,7.60999590551574,14.2262103067486,9.54785149346391,9.766521629360756,0.924264021275352,0.001785185928307,Hydra TR2,0.0
WALLABY J102111-274340,155.296737515496,-27.7278642072889,240.83654253332315,5.83204485011128,5.40035227831212,81.3574958756592,9.976496903919774,10.195867482139507,0.92310339763279,0.001389524839863,Hydra TR2,0.0
WALLABY J102054-263844,155.22763715138,-26.6456515178065,176.50332782630844,11.2908737179336,4.24136102291155,76.4000486515001,9.700200143636572,9.921253075182754,0.99208585405858,0.00157058754742,Hydra TR2,0.0
WALLABY J104524-251723,161.353643808757,-25.2897968779241,207.0411994754828,5.63895385295675,5.55768956600221,-56.8320883922657,9.838661882883985,10.059753583468988,0.956491845504817,0.002006219524948,Hydra TR2,0.0
WALLABY J102416-270241,156.068283067519,-27.0447793418164,148.31076931504538,5.8654862578527,4.72389255236651,-50.9427939021626,9.54836112506575,9.769594284728374,0.988725119764237,0.001728035233626,Hydra TR2,0.0
WALLABY J103722-273235,159.342325292878,-27.5436397041915,39.34679312775812,7.51174450101868,4.78275918827086,-12.8749300191085,8.395395462284666,8.616745277092788,0.999548528338235,0.001814555310972,Hydra TR2,4.0
WALLABY J103521-272324,158.840493146781,-27.3845044893875,44.81600738051137,15.2595035255466,4.13508211390571,6.75402768144215,8.49664985332681,8.721153748704781,0.997097336737755,0.00188335461865,Hydra TR2,0.0
WALLABY J101725-285259,154.356904977049,-28.8830854240482,176.90642580603335,6.34568036369755,4.81619201516158,-6.57788871675189,9.688491075042096,9.913204859231595,0.9903707879049,0.001561134376079,Hydra TR2,4.0
WALLABY J102029-293852,155.122627070644,-29.6480170331214,133.91003261270723,11.697170452288,6.18495816371854,-3.35285291674815,9.444014087688657,9.669433354335418,0.930946450007326,0.001845635826387,Hydra TR2,0.0
WALLABY J102448-264152,156.201327545462,-26.6978040677701,152.76812340718166,9.05855902309024,5.16836196741538,-1.90120655022881,9.558017665143893,9.78355461172454,0.971642261146523,0.001637662950124,Hydra TR2,4.0
WALLABY J102721-263834,156.839176877497,-26.6428522303766,155.4108306474551,6.08717372242592,5.04872293473046,-89.274763006084,9.559915830904798,9.78898844218939,0.99702255827013,0.001718047441175,Hydra TR2,0.0
WALLABY J104252-252014,160.719207106252,-25.3373422738004,91.01501995747788,6.68226231469046,4.90129224562794,-81.5897788584157,9.090976115533755,9.3212022157897,0.983107811408086,0.002184359939146,Hydra TR2,0.0
WALLABY J103459-280440,158.747573688209,-28.0776748180278,34.02498369510425,5.98670557253445,4.67880290280646,-41.0716337322813,8.23121020868079,8.462852454721059,0.953740445415489,0.001810568392378,Hydra TR2,0.0
WALLABY J103719-281408,159.333225435991,-28.2355847977869,49.605520181031366,6.35543368238342,4.11710277335555,1.75289895941432,8.558400021909774,8.790118130578096,0.997993703866844,0.001698500502446,Hydra TR2,0.0
WALLABY J103004-253630,157.519872977773,-25.6083975774694,48.515401771872014,8.15093265325673,5.21349018221172,-37.0107073537457,8.538878983110308,8.770658020637153,0.89231349937933,0.00237524651457,Hydra TR2,0.0
WALLABY J103602-261141,159.009270354623,-26.1946858213881,46.778331023334005,5.53663316825748,4.49946746453178,-64.9336944810801,8.507041210975311,8.738866711735424,0.998991289543723,0.001891451517937,Hydra TR2,0.0
WALLABY J103420-264728,158.585313207704,-26.7911491769764,61.75895476471017,12.5999095593524,5.82919809779486,56.9317271712859,8.745517479757638,8.978128243612252,0.954323596855053,0.001798543602881,Hydra TR2,0.0
WALLABY J102100-273339,155.253532637249,-27.5608348265214,142.1757379394294,7.08255507419264,5.18790019780506,-49.4956745054057,9.46974185806498,9.702360038227475,0.979331139474786,0.001571411787328,Hydra TR2,4.0
WALLABY J101359-274538,153.49782002948,-27.7607459960072,36.65096829723403,5.87436439050393,4.44274324053037,-61.4473056962969,8.291881590224959,8.524605288560744,0.999701694079479,0.001789054703834,Hydra TR2,0.0
WALLABY J101120-281225,152.833831167187,-28.2070092125614,265.99722442122766,7.10907615935363,4.27719192594315,-50.5567144063456,10.009455049856408,10.243294135671324,0.833017371545442,0.001493985964584,Hydra TR2,0.0
WALLABY J101537-272427,153.905709746839,-27.4077735824667,44.71904361296851,7.33218204699675,4.88190169884355,-19.4720555404923,8.451392457659741,8.687834303665916,0.99021588855909,0.001716412855467,Hydra TR2,0.0
WALLABY J101140-264210,152.919654680656,-26.7029193724618,140.24956171592282,5.92480558641008,4.96206302100845,-39.5567006051173,9.439036449228533,9.676938104838754,0.92748792700539,0.001655434722388,Hydra TR2,0.0
WALLABY J101834-281550,154.645576090953,-28.2640280448501,174.64759233458986,6.03512257402839,4.25644045592863,17.7137176796779,9.622589586740707,9.862469705413902,0.972757758118436,0.001558711795963,Hydra TR2,0.0
WALLABY J104254-273043,160.725483595988,-27.5131872993097,165.48373195569192,7.04249400235577,4.9460480192498,22.0103013002183,9.56744743077161,9.809710126608774,0.987931852213151,0.001678702175293,Hydra TR2,0.0
WALLABY J101526-264259,153.861443906177,-26.7165806579521,141.14883197617584,5.59756530872328,3.75601010213117,10.9139347519683,9.42263177498023,9.666814347633427,0.980877222088257,0.001634624886916,Hydra TR2,4.0
WALLABY J102605-280710,156.52113663261,-28.1194630994087,155.84872144048168,7.77818969164518,5.32614487617898,-71.8675199811916,9.507069699203285,9.751719509395379,0.803323130199513,0.001700094959208,Hydra TR2,0.0
WALLABY J103259-273237,158.246708732373,-27.544288725425,68.17055213450814,5.66154956228727,4.71773460083351,-26.2069913307674,8.78544183568589,9.031082775174845,0.851173770867469,0.00199967824796,Hydra TR2,0.0
WALLABY J103738-281216,159.408982489374,-28.2038900806603,67.3829600741478,6.00216139089602,5.37767371308954,52.6304717355558,8.772645931952963,9.01907361927595,0.997999017540863,0.001757804352367,Hydra TR2,0.0
WALLABY J103241-273137,158.172142797069,-27.5271335271964,54.61139900689929,5.49085549467669,3.85228397181077,51.726505753264,8.588298200097457,8.83525523593744,0.878662858410728,0.001865410076173,Hydra TR2,0.0
WALLABY J102608-280840,156.536507424539,-28.144449568967,150.72304152015946,10.370660667896,5.92290440272276,-22.1773206766527,9.466678534404329,9.714633867933083,0.803198120581454,0.001735636950358,Hydra TR2,4.0
WALLABY J103455-273816,158.733518442335,-27.6380777189612,43.179293393277774,4.79968883390059,4.65915483220058,-66.282868258738,8.380293959757427,8.628418241994767,0.999963193961522,0.001983315390022,Hydra TR2,0.0
WALLABY J104334-284856,160.894467853367,-28.8149264638556,147.29816046596372,6.0028060683142,4.17348917163909,41.8791028406255,9.422520943634211,9.67765265025993,0.933189676339041,0.001730870667236,Hydra TR2,0.0
WALLABY J103809-260453,159.541390307783,-26.0815055710736,51.408034540482326,6.36217183535679,4.09410150634527,-65.1229821571289,8.506144037197773,8.761890102483997,0.883931534097713,0.001778525731562,Hydra TR2,0.0
WALLABY J104359-293304,160.996450192532,-29.5508920269212,47.76598349258295,5.15920010267321,4.89434165269255,36.4429123169609,8.439198673916106,8.695885039301727,0.978979684301663,0.002020166706675,Hydra TR2,0.0
WALLABY J103405-270612,158.523331092589,-27.1029332432418,166.80954802200282,5.91785915190873,4.21857374587625,-79.3183394147726,9.522914298305691,9.780352607774503,0.89941281274204,0.00168721943607,Hydra TR2,0.0
WALLABY J102451-263726,156.21559031451,-26.6239997411374,148.9323626843501,6.18627285968058,5.50570456781933,-81.788164739596,9.416618349760773,9.676435225424301,0.855110267981049,0.001747817336604,Hydra TR2,0.0
WALLABY J102207-282201,155.530512412872,-28.3670802525,148.5949018928001,5.56376603971746,4.47620096177783,-63.9077845803975,9.410176323113804,9.671359467013977,0.999204322374464,0.001588231942645,Hydra TR2,0.0
WALLABY J103543-255954,158.932613567651,-25.998415229417,184.67845081154454,9.14262200520242,5.32725408700719,-47.0896124661749,9.592459348157083,9.855652071053434,0.888871729054949,0.001640235172372,Hydra TR2,0.0
WALLABY J102416-284343,156.06829890018,-28.7286175923188,113.06888610828601,6.18138291892254,4.07975449907092,63.2082169492975,9.160398800615026,9.425419560008779,0.870737154936596,0.001693966190518,Hydra TR2,0.0
WALLABY J101517-264311,153.822556600007,-26.719813282779,140.04787715999893,5.88674065341924,3.88973871005339,-31.4231839878204,9.345974322705855,9.61108539646743,0.951098003341069,0.001553107896619,Hydra TR2,0.0
WALLABY J103602-272938,159.009075698158,-27.4938172048707,166.4461463578615,5.87877263750698,4.62128840885668,-0.775904383032113,9.492277160756943,9.758534966495228,0.853471976628178,0.001637018988425,Hydra TR2,0.0
WALLABY J101811-265325,154.546186154272,-26.890406983788,249.90368122852882,5.06942795550114,4.17571575713577,-17.4831110512104,9.841444198579241,10.108896361613668,0.81143632967816,0.001532684248308,Hydra TR2,0.0
WALLABY J104450-275044,161.211254801915,-27.845823128304,275.20060905233794,9.02907288339389,5.33650759229269,-20.8602062144011,9.924181757289631,10.191951412647386,0.925956268111354,0.001582003844028,Hydra TR2,0.0
WALLABY J102637-264142,156.654461589123,-26.6952004903023,134.43405689382544,5.27685728607684,3.94711860635046,-43.7547324791396,9.300513816801848,9.5687176850845,0.977957572956814,0.001676925282853,Hydra TR2,0.0
WALLABY J102520-285048,156.336536821631,-28.8469422396407,134.81663152176029,6.77843780927801,4.64705518740714,-78.8578995457437,9.292464615420096,9.563978436015738,0.959309484287554,0.001729540112227,Hydra TR2,0.0
WALLABY J103216-282359,158.06572955742,-28.3998198094129,88.95008820943067,6.62247345204831,4.38849669882398,-36.6348572747345,8.92969485217216,9.201707446477672,0.927295917658008,0.002015607368093,Hydra TR2,0.0
WALLABY J103914-271511,159.810731292304,-27.2533103306569,64.80385792670154,5.44557165852356,5.05785569898949,27.2671212229056,8.6490060467698,8.922796872766598,0.852602717766205,0.001618843078847,Hydra TR2,0.0
WALLABY J102059-265129,155.247758978868,-26.8582429350616,144.96303718263445,7.8745633003603,4.65017048724153,28.2966965431587,9.347914344384607,9.621834053488818,0.933820590440621,0.001549791951251,Hydra TR2,0.0
WALLABY J102155-261639,155.482865686863,-26.2775381862152,185.16244861350822,4.68419315444253,3.91299275681937,-7.10544129536591,9.550264675259912,9.827463943724581,0.987678652847259,0.00187296510525,Hydra TR2,0.0
WALLABY J100746-281451,151.942761184464,-28.247535710319,67.12650364062915,7.24964076543167,4.76518270254582,-56.1132742578163,8.668602300590136,8.945912488990714,0.999842410192386,0.001852541111744,Hydra TR2,0.0
WALLABY J103853-274100,159.72420315224,-27.6835509914192,149.57676852013967,9.3166358682238,6.72611009184746,47.8469077882711,9.348778049924661,9.63120206107458,0.804556775877295,0.001692530696159,Hydra TR2,0.0
WALLABY J101357-262550,153.490388232175,-26.4308083724051,139.93124696636448,5.7163080027755,4.73128204301763,-39.0212378603622,9.279531702135445,9.565684848583459,0.803980511667076,0.001637304033385,Hydra TR2,0.0
WALLABY J102113-262325,155.306333973697,-26.3904486089433,35.35525978579119,5.76151685721283,4.76729943007918,-16.7816763439747,8.076309056026187,8.365215964719711,0.915050077278961,0.001823451164617,Hydra TR2,0.0
WALLABY J102418-264830,156.076841503507,-26.8083622561131,149.43173493793935,5.48039574697929,4.8315114334163,-72.4402447032603,9.312861433098611,9.606943307573355,0.967068304460873,0.001702025032032,Hydra TR2,0.0
WALLABY J103812-275607,159.55061801816,-27.9346749354234,40.80078118485577,6.77403442325431,4.33942509470655,23.3120018199965,8.175260964014992,8.472755908380622,0.899398485253282,0.001976956030919,Hydra TR2,0.0
WALLABY J102818-255446,157.076374666723,-25.9128802175344,54.39780069861594,4.52296358775008,3.96011783932816,45.9244759224321,8.422679812391937,8.720996816942582,0.801534394865967,0.001963547612647,Hydra TR2,0.0
WALLABY J104414-271548,161.058877520286,-27.2636549406411,156.81227224936507,6.43548722549754,4.013448323817,-29.0446452618197,9.34094319838921,9.639716636002827,0.823674212824641,0.00164429708463,Hydra TR2,0.0
WALLABY J103954-270559,159.978043086069,-27.0995908775275,149.02633599432002,3.88421593680157,3.77127873665485,65.6781788583298,9.271462160971407,9.578982157292096,0.824213290356006,0.001700331245343,Hydra TR2,0.0
WALLABY J101920-263603,154.834331784537,-26.6009456948261,185.2156951456524,4.93469319620891,3.76894460547063,-2.49681159754063,9.46025748098786,9.7677894671768,0.927375196050757,0.00173398001326,Hydra TR2,0.0
WALLABY J101934-261721,154.8924080604,-26.2893656268168,213.8611456219042,9.06345668105185,5.18756685822629,-6.15344879736645,9.564879170127908,9.879589832756865,0.90486501449734,0.001481784866624,Hydra TR2,0.0
WALLABY J103731-272033,159.380815485079,-27.343161666735,168.5327200494308,5.04678269281836,4.10200171698885,-68.6152225671747,9.329573193568681,9.654565554983005,0.997477782650656,0.00157959006639,Hydra TR2,0.0
WALLABY J103627-255957,159.114004275807,-25.9985298485189,46.21520859926037,5.22534627433602,4.73514100717979,-10.021874318271,8.1797796402508,8.514415717922938,0.812710226348303,0.002087772501848,Hydra TR2,0.0
WALLABY J103721-251319,159.341427497837,-25.2216776600311,15.251751598979817,5.09123170685293,4.10080707624641,29.9787081030702,7.216271439491933,7.5511244681378775,0.970407592060651,0.002302240053743,Hydra TR2,0.0
WALLABY J100555-291840,151.481614734558,-29.3113650818095,201.41120288614377,4.59675406114304,3.55505663209498,30.7379966712825,9.454935752150764,9.790865586925404,0.882238823382337,0.002058857223506,Hydra TR2,0.0
WALLABY J123917-003149,189.822341085072,-0.530497146300418,15.320153848277336,80.2324324840566,21.9014435309512,-83.5407279191075,10.00381680877382,9.991088464571966,1.0,0.001793572273794,NGC 4636 TR1,0.0
WALLABY J123244+000656,188.186667658187,0.115682284025391,16.11951304242105,48.8272591945559,9.26269521406086,80.1345205134696,9.907081995834004,9.906458663290655,1.0,0.002023365803458,NGC 4636 TR1,0.0
WALLABY J123407+023905,188.531325934295,2.65141506097047,24.709201463152716,46.9974443817376,11.7880651764125,70.8004376332247,10.156914020635439,10.16488647542344,1.0,0.00348626020638,NGC 4636 TR1,4.0
WALLABY J124508-002747,191.284516983301,-0.463223291647308,21.91450717659475,32.2334739354503,15.3930518000115,43.3950010237458,9.982532122640896,9.994839639032612,1.0,0.00178044242807,NGC 4636 TR1,0.0
WALLABY J123427+021108,188.614786420801,2.18573100065176,25.693868002895133,36.1728760887885,15.3346751831575,-57.9701179922249,10.002099636671113,10.020871061663858,0.999999999998502,0.006813617383468,NGC 4636 TR1,4.0
WALLABY J123424+062511,188.602713586987,6.41995760698178,28.76955108498745,87.6708259132456,26.9486153827189,-27.2900458808186,10.03689249949394,10.0587541163133,1.0,0.002714286998757,NGC 4636 TR1,4.0
WALLABY J123138+035620,187.91205304566,3.93893855262718,24.715674864630675,28.859523265592,24.7007124783177,57.3701609509181,9.815090808437377,9.841003238756134,0.999999999999993,0.003182233996137,NGC 4636 TR1,0.0
WALLABY J124232-000459,190.636072776156,-0.083236399279425,24.566249563903664,28.4322565163172,17.0767344481793,13.9615738495777,9.803608439962057,9.829789430245476,1.0,0.00172712340043,NGC 4636 TR1,0.0
WALLABY J123228+002315,188.117089008668,0.387690503460546,21.805641836207574,29.3479560916768,17.5172172193863,26.106418407167,9.65910908036111,9.68703013260974,1.0,0.00208913904346,NGC 4636 TR1,0.0
WALLABY J124747+042017,191.946764778469,4.33808369697732,14.091551570793133,25.0884710442045,22.0174792921521,3.13474432470599,9.12912592639242,9.163168790845841,1.0,0.002828754254425,NGC 4636 TR1,0.0
WALLABY J124232-012111,190.635105299422,-1.35304855724323,15.842211635975309,30.2253634928015,14.0139680413486,-62.4709552369298,9.168836320696938,9.205363107347063,1.0,0.001772108552259,NGC 4636 TR1,0.0
WALLABY J122710+071549,186.795255064477,7.26386914596215,13.272332597416558,22.5785970466474,17.3874607892511,-41.6023112024049,8.97196657427308,9.010242761941406,0.999999991713219,0.004787413557437,NGC 4636 TR1,0.0
WALLABY J124350-003344,190.960790694053,-0.562425282446717,37.608386054847074,22.1298736571692,16.6199560455598,-0.229267825386714,9.854912544337184,9.89408179108555,1.0,0.001742092791527,NGC 4636 TR1,0.0
WALLABY J123636+063715,189.154109123391,6.62091396811669,15.333385713657785,16.6423903433836,15.7882986177262,2.130791360872,8.965207913030481,9.00910978226746,1.0,0.002806870085102,NGC 4636 TR1,0.0
WALLABY J124257-011345,190.739472387096,-1.22941431691473,45.806434083777624,24.1325324387439,6.70901097277352,68.82441824229,9.915762227700045,9.95966510285745,1.0,0.001723639258686,NGC 4636 TR1,0.0
WALLABY J122708+055255,186.786881240741,5.88208708257307,15.903574856067936,13.5824065636839,6.68330530903453,16.5290628476661,8.900691612124334,8.94911300481475,0.999999999979958,0.005125064544528,NGC 4636 TR1,0.0
WALLABY J124531-003203,191.382418479966,-0.534336394866355,23.134925699038686,18.0174172856092,13.3597852330081,1.04099163055992,9.22541350251843,9.273875694844925,1.0,0.001798659070685,NGC 4636 TR1,0.0
WALLABY J124428+002815,191.118998693534,0.470913652610938,16.90572467053543,19.5161318866648,15.4503877570138,23.6499146383723,8.947220880188432,8.995967295823561,1.0,0.001758217378458,NGC 4636 TR1,0.0
WALLABY J124433-021916,191.140971206404,-2.32119122315139,22.700552098210874,17.1663368378292,9.08951296073636,88.737767443431,9.197367739390632,9.246407021662506,1.0,0.001893164376662,NGC 4636 TR1,0.0
WALLABY J124645+055723,191.690581752405,5.95642816005398,11.903810947465722,16.0673055308231,13.217755206149,43.6832902508398,8.588879026770162,8.640386088533887,0.999999999713452,0.003115337749756,NGC 4636 TR1,0.0
WALLABY J123236+023943,188.153041402843,2.6622051217164,24.727425411798606,18.3370674844875,5.58893924144091,37.1465874521426,9.197713301847822,9.250634667411592,1.0,0.002940602513893,NGC 4636 TR1,0.0
WALLABY J123026+041450,187.611364645235,4.24723619354071,34.81973582668321,12.700318967352,7.49612905135662,-5.06107536066195,9.427077109327604,9.483909014697412,0.999996343509207,0.003301343437243,NGC 4636 TR1,0.0
WALLABY J122852+041739,187.218610111251,4.29419801746214,60.627183728715124,17.4058995887464,5.13241912493666,54.3590589719128,9.89760367472297,9.955113225587057,1.0,0.002808247586662,NGC 4636 TR1,0.0
WALLABY J123703+065533,189.263455658191,6.92603985405477,23.391883343167155,17.941149664179,11.3096485281808,41.8640046849197,9.001201599556888,9.063160160099695,0.999999999910825,0.003058669638005,NGC 4636 TR1,0.0
WALLABY J122745+013601,186.939057228999,1.60044942363691,18.502796598223906,18.8958150077119,10.3945536907969,12.2009423647023,8.794563863768841,8.856724200270023,0.999999999974781,0.007009069338391,NGC 4636 TR1,0.0
WALLABY J123641+030621,189.17337303601,3.10603801609878,20.513777165145846,15.5400793701117,4.98469753383604,49.1022790930643,8.847641769606032,8.912346232843587,0.999999999999988,0.004418243139197,NGC 4636 TR1,0.0
WALLABY J123911+004305,189.797457317405,0.718166631110397,72.73310843693784,12.6307116684942,8.60287250132548,70.4082714422213,9.912168947193997,9.979428711956425,0.99999999990062,0.001719895530131,NGC 4636 TR1,0.0
WALLABY J124317-003841,190.82337385734,-0.644924952055419,37.864816347023634,10.5731387222135,5.21872823101023,36.861128864165,9.341632292768171,9.409159299173847,0.999999999999687,0.001728744955017,NGC 4636 TR1,0.0
WALLABY J122726+061551,186.85974596815,6.26417982396419,20.68273014752371,12.5072556348894,10.145852968153,68.1004583474853,8.783026649213364,8.853137365603796,0.999999994275782,0.003740781623663,NGC 4636 TR1,0.0
WALLABY J124231+035729,190.630071209531,3.95830610947201,10.619914852660477,11.3724370423892,8.69937315658808,7.44827458849022,8.201981744802668,8.272257123921877,0.999981466137229,0.002853306782868,NGC 4636 TR1,0.0
WALLABY J124111+012435,190.298307223824,1.40985700085084,24.23036583723401,13.8056461118851,6.92780674361596,-50.3500563689263,8.910050539326742,8.980999570380416,0.999999999997941,0.001886473198645,NGC 4636 TR1,0.0
WALLABY J123022+034431,187.592037981333,3.74217897372555,61.044192613880895,10.2855038178294,5.53417063213185,51.3237765411058,9.682757329090274,9.756166689785061,0.999993779264149,0.003210377417947,NGC 4636 TR1,0.0
WALLABY J123346-023916,188.442041341906,-2.65447890061583,35.45567614252462,10.7195721947182,8.8534920988885,-65.7560116998969,9.206396470485409,9.280181214329948,1.0,0.002042803229,NGC 4636 TR1,0.0
WALLABY J124002-033623,190.008960950631,-3.60655644067786,36.37639794536199,11.0031210344757,7.04522118259989,-34.3526280941168,9.225034757978047,9.299127922222326,0.999999933756866,0.004357992418764,NGC 4636 TR1,0.0
WALLABY J124813-032006,192.05622086329,-3.33513570509171,16.077933095291282,12.1004281113999,8.78323037472811,-22.2687864922192,8.508389287250193,8.583122081423584,0.999999888286474,0.002942286031024,NGC 4636 TR1,0.0
WALLABY J123805-000137,189.52253576922,-0.026999922204971,53.578597085721334,12.4431971808884,6.10697397652414,-69.1566069564066,9.537367444607625,9.61354256750947,0.999999635635441,0.001767152152864,NGC 4636 TR1,0.0
WALLABY J123530-021940,188.876357507544,-2.32784786170511,102.47786419235804,17.7756845545178,7.90897465368008,7.64381498977025,10.079057381067221,10.157167534501625,0.99999999706044,0.001772853483562,NGC 4636 TR1,0.0
WALLABY J123835+012413,189.648165479489,1.40361295835409,74.00901699262403,11.3395578790802,3.65180956086201,-33.2822768110914,9.766044048638584,9.846976635470295,0.99999999999945,0.00234816594887,NGC 4636 TR1,0.0
WALLABY J124240+012047,190.669269584651,1.34645955495368,71.64146943280899,12.6966476418065,8.22836387464128,-40.7902451650482,9.722616579802466,9.805009974275626,0.999999996133555,0.001868099233305,NGC 4636 TR1,0.0
WALLABY J123630+001315,189.127331692419,0.220839950936749,53.12541613383399,11.896862730111,7.92614273102348,-81.2801997001126,9.456134881081445,9.539188594236862,0.99999999999998,0.001856097830784,NGC 4636 TR1,0.0
WALLABY J124753-011107,191.97243079033,-1.1852894992079,100.52530807494827,12.2264073157415,5.74091561661146,61.8928729391985,9.96539525468849,10.052980250289055,0.999999999996765,0.001910427072262,NGC 4636 TR1,0.0
WALLABY J123554-015112,188.978330936164,-1.85338792699062,98.27263997828588,9.5565730970452,6.0604120369902,81.2274336405571,9.941352220955862,10.029394727729096,1.0,0.001667556339147,NGC 4636 TR1,0.0
WALLABY J123803-021549,189.514622115925,-2.26374353240962,36.7756990973664,7.88084732671299,6.03765759811134,49.0113890472781,9.082461741518632,9.17104832854966,1.0,0.0017842965328,NGC 4636 TR1,0.0
WALLABY J123510-001308,188.794713414602,-0.219090899251953,98.56737546669332,12.2822492298808,6.74079822014219,-78.4538160660473,9.932631199064963,10.021875783787316,0.998622849427804,0.001707424316904,NGC 4636 TR1,0.0
WALLABY J123541-001253,188.921241133794,-0.214935517829506,98.37604007700364,11.4360493835484,7.49827990584205,-49.3119120531815,9.925788677969,10.01558696762963,0.999293037488605,0.001694920482728,NGC 4636 TR1,0.0
WALLABY J122733+061359,186.888002798772,6.23326818577916,91.48542274808776,11.5107622147856,8.82864072828204,-11.1863574576245,9.853500908102221,9.944298900297088,0.942971844130113,0.00359853944209,NGC 4636 TR1,0.0
WALLABY J124428-030017,191.117912758284,-3.00480287723775,102.31285398240459,10.0013457704127,6.57477894060887,-33.6891692154168,9.912874008367751,10.007910028979257,0.999933045517537,0.002013857573478,NGC 4636 TR1,0.0
WALLABY J123912+060038,189.801953573715,6.01062648412422,34.744675930646764,11.6411611942023,5.90647448502022,36.0871597168732,8.952508875792988,9.050150823324966,0.97706988593108,0.002640114382148,NGC 4636 TR1,0.0
WALLABY J122928+064623,187.370172990441,6.77310640142024,7.521533327033865,7.79681564508152,6.65729494565463,43.989809044877,7.622517557277969,7.720257856613389,0.998370818015482,0.003782089065524,NGC 4636 TR1,0.0
WALLABY J124111-013526,190.295872403341,-1.59063311853693,57.15409286806134,13.0307497385766,6.28571970102103,69.9734431247832,9.38133875412591,9.479396005141714,0.999999994744302,0.001708948008644,NGC 4636 TR1,0.0
WALLABY J122729+073841,186.872772471149,7.64493692702151,12.289801107862063,8.06451425705437,5.89134919486672,83.1622273990065,8.040524441966912,8.139277797243517,0.968569283246626,0.006626945814385,NGC 4636 TR1,0.0
WALLABY J123555-025405,188.9811961709,-2.90157142499939,101.76553729592487,10.0336005459896,7.41072448079184,30.7273500326635,9.852137865013706,9.953888645800145,0.999999999999983,0.001936097860649,NGC 4636 TR1,0.0
WALLABY J123955-000822,189.980006204648,-0.13951210066381,43.746236380154556,9.82915795899183,5.49852957768575,73.6223516665138,9.114060388131668,9.21640499939541,1.0,0.001716600210178,NGC 4636 TR1,0.0
WALLABY J124421+042536,191.089436838382,4.42672249735051,123.71322350646767,12.5841730600372,6.48336582080419,63.6705596775298,10.012440147066066,10.1153589722862,0.999999999816637,0.002397709317396,NGC 4636 TR1,0.0
WALLABY J123408-002115,188.537392561832,-0.354239773180443,96.32097468415284,9.15970466525283,6.43786010933609,28.9973061808261,9.78845650211588,9.892209866148404,0.994632101039711,0.001823080942734,NGC 4636 TR1,0.0
WALLABY J124701-013444,191.754261615468,-1.57889305995687,38.91840509646641,9.94130036561595,6.7688040343856,-68.527342278596,8.998537861727206,9.102646247186884,0.999999858104304,0.001946464936358,NGC 4636 TR1,0.0
WALLABY J123249+031748,188.206438576518,3.29669541287632,71.4664914012647,11.8875612555966,6.11866310739309,38.7669931098283,9.525016137069628,9.629305489135813,0.999400578008312,0.002976632611096,NGC 4636 TR1,0.0
WALLABY J124123-030327,190.346168545784,-3.05770046040957,20.692251164197906,8.31438726229923,6.5913406078641,88.5454136104516,8.430752701470889,8.537329310429254,1.0,0.002022955538928,NGC 4636 TR1,0.0
WALLABY J125038+012749,192.661388149421,1.46364600337628,18.222319446704834,10.2284182689796,4.0923981985196,-12.5744939090676,8.313100875107704,8.420630779963314,0.999946987754552,0.004376496609005,NGC 4636 TR1,0.0
WALLABY J123422+021914,188.592830785464,2.32074706508494,25.408681775016873,7.69892082831598,4.01794248624992,-14.6830563214807,8.59753986139924,8.705642458965569,0.999997915304406,0.00543657251616,NGC 4636 TR1,0.0
WALLABY J124742+035222,191.928535482458,3.87281846255226,144.9399826322857,8.90421202818014,5.58826157261249,47.7019891747623,10.109332323492405,10.217517380089863,0.999999993842831,0.002911619577286,NGC 4636 TR1,4.0
WALLABY J123938+071003,189.912160516615,7.16750427497458,103.69879386796713,10.2854914770175,6.74730730144505,80.3281441933707,9.80987801736666,9.919217980750615,0.999999999743584,0.002446063402061,NGC 4636 TR1,0.0
WALLABY J124136-000709,190.401994901062,-0.119332146497623,68.02096995194371,10.7341500667928,10.1525635290544,-43.1940861371142,9.408101751287852,9.52233928771243,0.999999995026237,0.00165235825621,NGC 4636 TR1,0.0
WALLABY J123257+043441,188.239371547002,4.57810518613388,17.60486938121522,8.03083004152542,5.67163493488084,-86.2113390591467,8.230967990726931,8.345646002443402,0.999999997384305,0.002294123823523,NGC 4636 TR1,0.0
WALLABY J123734+042150,189.392396645179,4.36411642728572,75.70381294237853,7.78250434061044,5.82318917215163,-86.4478949813827,9.459189068093378,9.579501517207074,0.999958623721932,0.002562507073012,NGC 4636 TR1,4.0
WALLABY J124519-004538,191.330191567149,-0.760786749570677,98.52948980936345,10.9343280807904,8.40365375311572,84.2829914254254,9.68342460531752,9.804434220849235,0.99999557701711,0.001711223535593,NGC 4636 TR1,0.0
WALLABY J122930+074142,187.376582765444,7.69522257298706,10.688919730402336,5.77458850018082,4.58352820826879,81.7775370715825,7.735500768562878,7.8593434299221485,0.991080449442307,0.005658709443052,NGC 4636 TR1,0.0
WALLABY J123355+033243,188.48217559107,3.54543624099125,16.30995388539407,7.54787904946681,7.18962788055106,-62.0546691594408,8.09503969595398,8.220040211399027,0.999999914354342,0.002984087102062,NGC 4636 TR1,0.0
WALLABY J123949+014016,189.957738176046,1.67115272237587,17.545095081208856,11.8831200945143,5.50191704974838,85.2585532202454,8.157450815418551,8.282605778316867,0.995660140907558,0.002029375652392,NGC 4636 TR1,0.0
WALLABY J123954-004804,189.978347100127,-0.801268179044813,63.61915271679036,8.82973539695101,6.29523689036527,-6.35319364824782,9.273978052692787,9.3994966049261,1.0,0.001634107870762,NGC 4636 TR1,0.0
WALLABY J123148-025808,187.950241128477,-2.96911500349716,32.9311797723338,8.27037680121142,5.4876334922061,51.6438973219363,8.701499789626276,8.827098934746076,0.976349381836107,0.00219016068607,NGC 4636 TR1,0.0
WALLABY J124506+053842,191.276676477388,5.6452327128991,91.15442138813222,7.87866681352559,6.36027394804357,17.1387279564493,9.570862983522947,9.698819750888555,0.999870573891717,0.002958944289779,NGC 4636 TR1,4.0
WALLABY J122946-011745,187.443696308514,-1.29592226357368,32.27462433517091,6.80465809965082,5.61354623668501,-66.9795321236032,8.660315981108738,8.789665181044574,0.999999999863728,0.002279278616409,NGC 4636 TR1,0.0
WALLABY J123156+035316,187.98654529632,3.88782225453924,64.19238013501246,7.14607035454359,4.35757388894297,60.1025947167443,9.252256003999793,9.382460384696609,0.919658525271089,0.002929741291214,NGC 4636 TR1,0.0
WALLABY J124307+073914,190.780490123277,7.65410106639527,18.705518704340815,10.9976050097439,6.74528346575574,-20.7184734905166,8.177280745156082,8.30812530804604,0.999831115316659,0.004413232975646,NGC 4636 TR1,0.0
WALLABY J123250+054744,188.210044910847,5.79564932055944,168.34464385563604,8.2727007694736,5.43931907367852,1.28883202076193,10.078383991551517,10.210429902601879,0.999997807445172,0.002407744056399,NGC 4636 TR1,0.0
WALLABY J124218+054425,190.577155816165,5.74032414566921,13.909969557310005,7.23915379742075,5.31797579083988,-69.4231553206454,7.898936604727761,8.033249950933142,0.99999249650785,0.002964818649585,NGC 4636 TR1,0.0
WALLABY J123905-022950,189.774604141517,-2.49727156740343,99.27140771431029,16.4485808367512,6.36864618748403,-11.5083656884324,9.605168282082442,9.739609262300757,0.999261042380848,0.001796245638243,NGC 4636 TR1,0.0
WALLABY J124652-015736,191.718292686021,-1.96020886695869,68.49157192140518,6.72042531846512,6.20719424220822,-89.4678486512567,9.25581665388587,9.394841303167707,0.999854529985826,0.001963936129877,NGC 4636 TR1,0.0
WALLABY J122932+005020,187.38498504791,0.839137790751842,31.921877011477754,8.91517540539141,2.58851772486936,75.4990136778383,8.589252120792294,8.728877033386132,0.971678445074144,0.003511773240546,NGC 4636 TR1,0.0
WALLABY J124601+042248,191.507726277085,4.38023865603865,9.277917019749689,8.04632921908392,5.13448873536032,-50.0240191751709,7.510556649911339,7.6511250147964915,0.999809170617331,0.002959515242687,NGC 4636 TR1,0.0
WALLABY J124859+015921,192.246389944069,1.98922797377308,89.19646057421194,11.9290618098125,4.58885454221528,-53.12620646334,9.47288097017901,9.614056690562064,0.954082065085423,0.003951548510107,NGC 4636 TR1,0.0
WALLABY J123308-003203,188.284131798588,-0.534281134081386,10.348577325777256,8.75966028138858,6.67578795208875,28.0225866757579,7.596763638974148,7.738851463900271,0.99999995009311,0.001954903924117,NGC 4636 TR1,0.0
WALLABY J123021-013813,187.590163960157,-1.63715579164473,30.464164896283677,6.76771186509039,5.37845626233758,-49.7323748292716,8.523953461949105,8.667929532977787,0.999997484475667,0.002023877037592,NGC 4636 TR1,0.0
WALLABY J124244+072019,190.685746206084,7.33864533916876,34.3927743078509,9.64039174426049,7.66585213292473,-44.7549526688862,8.627730106563595,8.771988863954519,0.999999392956296,0.002846093928562,NGC 4636 TR1,0.0
WALLABY J123827+041912,189.615410744893,4.31999238633396,11.597261831687067,15.4354650899731,4.30706059674895,-66.6028926639086,7.671534319147208,7.817953916422922,0.987298078205051,0.002734297620976,NGC 4636 TR1,0.0
WALLABY J123948-014620,189.951491328558,-1.77247453099483,60.79045515515288,6.88286636547555,5.06774660835455,-74.003934416801,9.092294060257416,9.242059102204166,0.999971074295755,0.001657227752706,NGC 4636 TR1,0.0
WALLABY J123742-033505,189.427973963818,-3.58496548415356,103.12938043870798,8.69244359352815,7.48983488367549,-26.5924887114453,9.546576475534822,9.697238285353647,0.998452626031579,0.003727776566014,NGC 4636 TR1,0.0
WALLABY J124800+042609,192.000199205191,4.43583225154989,14.620532658456339,7.26420377432135,5.64989003511037,26.6562025561826,7.848782596034359,7.9996230995737365,0.999810202692351,0.002989313012631,NGC 4636 TR1,0.0
WALLABY J123329+034732,188.371078945178,3.79235095661641,12.82483584106618,7.47302047308315,5.60892304137335,40.9369375255392,7.721188230681995,7.874627148418075,0.999797260899997,0.002792307679179,NGC 4636 TR1,0.0
WALLABY J123209-010543,188.040711859073,-1.09550283877918,34.34811755251819,7.72455296107874,4.1864696456001,56.2755078061946,8.561107871230282,8.71757753438241,0.977813973556767,0.001984973966798,NGC 4636 TR1,0.0
WALLABY J124002-010258,190.011866886618,-1.04943094278865,22.78122799142593,6.92074870915022,5.53110569363634,-72.9604504335314,8.197171052810951,8.355058935206584,0.999883659082295,0.001725396733895,NGC 4636 TR1,0.0
WALLABY J124727+030218,191.865056124422,3.03859107446256,74.95160684114894,5.78806726623964,5.34612747439166,26.0849816631321,9.20073487424251,9.364763575679934,0.998327401672512,0.003473411694768,NGC 4636 TR1,0.0
WALLABY J123921+040247,189.83752348669,4.04664723402721,306.12409768061366,7.77463142812982,6.53137901278229,71.3117025962244,10.420215920980281,10.584803380137588,0.971097492519489,0.002318550528305,NGC 4636 TR1,0.0
WALLABY J123802+001036,189.511175773745,0.17674275831081,57.439491126094005,5.9732050523604,4.32432538880159,17.2855109696455,8.964854258016633,9.129846413853482,0.959649439976045,0.00175078325401,NGC 4636 TR1,0.0
WALLABY J123934-005120,189.892375160283,-0.855680371989883,102.61343053793792,6.40119798128078,4.94336926997649,-50.0501219568617,9.460559915925765,9.62724820550119,0.99677414223239,0.001590983925308,NGC 4636 TR1,0.0
WALLABY J124808+033759,192.03337654602,3.63327868029166,100.82336831565752,7.16706975885175,5.61928128286903,-77.278289104143,9.44460494779723,9.611430957021533,0.985184916039557,0.002890302995218,NGC 4636 TR1,0.0
WALLABY J123439+070932,188.666090401116,7.15891623137572,8.617815130394666,9.04597225814491,6.34349004315283,72.6921070952255,7.291995748416904,7.462206589518501,0.981970923813082,0.003044244792381,NGC 4636 TR1,0.0
WALLABY J123729+044504,189.373951555973,4.75115013107978,23.397604481382466,6.90493422304518,5.35305934123643,79.0614102675521,8.15670391225687,8.327511764213337,0.94848239893504,0.002914088068368,NGC 4636 TR1,0.0
WALLABY J123853+070650,189.722494588927,7.113904160836,103.24953767286952,5.58225341371318,4.97469650063486,89.8829599264251,9.433660060958578,9.607113720053485,0.999998775744847,0.002707282124576,NGC 4636 TR1,0.0
WALLABY J124250+000131,190.70868417775,0.025499138718987,206.44219313732302,9.49303156523892,6.6734780391494,-83.4252070224594,10.032825473374752,10.206847069378936,0.999932522608803,0.001473075245805,NGC 4636 TR1,0.0
WALLABY J123905-020044,189.774154594732,-2.01240452351152,37.53274547185775,7.43118676311559,5.94434523697322,70.1585996674363,8.549704805276212,8.724229276968481,0.999998126948527,0.001745576329179,NGC 4636 TR1,0.0
WALLABY J123922+045608,189.842455009063,4.93577581999251,23.050399714411885,5.94521104755217,3.85080516276372,40.186436216556,8.1170500226273,8.293558952547954,0.998284251643629,0.002812580477174,NGC 4636 TR1,0.0
WALLABY J124548-002600,191.450392077115,-0.433470450081241,23.93656813264362,8.30127966363847,5.93566345514065,-66.2644997525975,8.147716889076932,8.324682143147381,0.999994552706886,0.001792321545181,NGC 4636 TR1,0.0
WALLABY J123132+071828,187.884327041758,7.30778169372465,104.60651346784063,6.3561970497345,3.87660069374013,-55.4052326009941,9.426736031393732,9.604131341956156,0.999994706177701,0.002954369590009,NGC 4636 TR1,0.0
WALLABY J123320+013119,188.337268115397,1.52200035208473,23.866575359139166,5.27609887771931,3.45547173474701,-1.31624647568634,8.1384305767129,8.316868382187659,0.999999999995666,0.00389899978562,NGC 4636 TR1,0.0
WALLABY J122713-020236,186.806202331089,-2.04356208177146,92.12175275650635,5.31000574632174,4.77495324544948,-51.7769716840293,9.309520416060769,9.48840910090732,0.978945536559523,0.004107998236907,NGC 4636 TR1,0.0
WALLABY J123609+073152,189.038956251233,7.53129362037696,102.22345208266825,7.02892598447972,4.40885247726844,-21.571581911499,9.398312437030215,9.57754963922064,0.994974716817676,0.003186724123076,NGC 4636 TR1,0.0
WALLABY J124727+033532,191.863724545702,3.59245959279619,144.06769448037159,6.26227330713045,5.39986184204479,-78.8627106701887,9.688895489115586,9.869779323485774,0.974460984389726,0.002529137999529,NGC 4636 TR1,0.0
WALLABY J123552-033632,188.969496052677,-3.60895508417915,37.993012942317065,4.98004991094974,4.16411754077947,62.5277918045163,8.525242553220068,8.707446494016352,0.930137305091727,0.004467226514764,NGC 4636 TR1,0.0
WALLABY J124009+065029,190.041388671302,6.84149949364162,14.331870397721305,8.95494117343239,5.9245611219475,36.1874614938617,7.660196444701369,7.846519172020364,0.939853808356123,0.003197300559691,NGC 4636 TR1,0.0
WALLABY J124333+014827,190.887666987193,1.80769979543193,208.47723763901232,6.37669930710166,5.33289507426879,49.0984117471859,9.979304898870307,10.16709312152889,0.994448581006508,0.001995343717771,NGC 4636 TR1,0.0
WALLABY J124651-013308,191.712912663667,-1.55242484567094,98.00208061317275,5.66883063148521,4.93357601257003,-70.5047308144586,9.281397092256018,9.47912181932058,0.999754099538244,0.001841849207325,NGC 4636 TR1,0.0
WALLABY J124121+001315,190.340521750139,0.221087775195587,68.52642291668197,6.6021857434859,5.1334977228063,-44.769421343743,8.966025912342465,9.164864243648013,0.979546072235464,0.001689169012423,NGC 4636 TR1,0.0
WALLABY J124608+042643,191.534405024186,4.4453038714583,100.80967735833529,6.35418546952674,4.28650372137937,-15.7706172770195,9.291252443636571,9.492537220757164,0.998788578807674,0.002740637045054,NGC 4636 TR1,0.0
WALLABY J123103+014032,187.765098409086,1.67562598915567,15.745617237160566,4.79276275369054,3.20828814872386,68.7761048140832,7.658156812536292,7.864486688500475,0.99999972630759,0.0115556967967,NGC 4636 TR1,0.0
WALLABY J123409-025616,188.538025544764,-2.93777606450807,208.42635254781547,6.47059384692546,5.28150624109649,-89.8805050583622,9.891436765189006,10.100356384750864,0.999286883466419,0.001794137013188,NGC 4636 TR1,0.0
WALLABY J124128-031517,190.369756685498,-3.25471166623254,25.718139374843556,6.2106683013433,5.03270611286771,19.0934926673692,8.06713858172711,8.277800961848994,0.99999976514962,0.002312145085639,NGC 4636 TR1,0.0
WALLABY J124318+015754,190.828657228658,1.96519486323156,17.75158631515547,13.2059317983108,5.41755066625405,-70.1366916454685,7.735756660620218,7.94881776106913,0.942092894784978,0.002431608869647,NGC 4636 TR1,0.0
WALLABY J124541-020154,191.421590530988,-2.03166482200935,23.233778514658358,6.55513922855511,4.81479491062305,-45.6229822607735,7.966388437502296,8.18025645382063,0.999998276008564,0.001781320345836,NGC 4636 TR1,0.0
WALLABY J123605-025225,189.021999657701,-2.87364306125948,36.54513811055077,5.36343768453383,5.13934527345128,-74.9658091495544,8.338732648454263,8.558097611320674,0.999861116458104,0.001868395756006,NGC 4636 TR1,0.0
WALLABY J123636-032344,189.153539296627,-3.39573628533917,17.08024148336223,4.82295932892996,4.38090156567666,0.271694235549234,7.675535195768273,7.895567282860278,0.999178264785345,0.002811127895652,NGC 4636 TR1,0.0
WALLABY J122755+054312,186.981302218456,5.72019053507457,32.04446275399324,3.69178726401707,2.7226611230788,-44.0890694249719,8.220341501657558,8.440826603219595,0.999996162175297,0.003892541182888,NGC 4636 TR1,0.0
WALLABY J124009-002103,190.038257565593,-0.351072932459617,24.366771654002054,5.36850416300802,4.45776237664963,72.4855321390214,7.9759490977610525,8.198157226021017,0.999820710510317,0.001618915742443,NGC 4636 TR1,0.0
WALLABY J124322+054557,190.845756045041,5.76600818461853,25.053888085576276,4.90237657357409,3.7384690847586,23.4588392629501,7.992564917627362,8.216791492806461,0.998234335193217,0.002481893458629,NGC 4636 TR1,0.0
WALLABY J123428-031555,188.619810483768,-3.26527345801338,256.56969027923185,5.16681754236018,4.79143296168166,21.1893975146169,10.008055747285088,10.23367568381569,0.97477795969358,0.002068716603333,NGC 4636 TR1,0.0
WALLABY J123928+041549,189.86939865907,4.26381272101202,210.4156543388095,6.25423144021817,5.66449015767922,-5.01289314382653,9.822174060493237,10.051502909218783,0.972885347253463,0.002118771378591,NGC 4636 TR1,0.0
WALLABY J124016+033558,190.070764991973,3.59957478141446,257.70899522486917,6.19209074648716,3.79988793640009,-68.3986514538704,9.987791193226473,10.220009772293217,0.952500871856164,0.00197052262744,NGC 4636 TR1,0.0
WALLABY J124109+041725,190.288018729026,4.29040168516877,123.61694180557008,5.20410984886232,3.83841951689761,-65.7024142800903,9.336323415643458,9.572270450072374,0.916109811515746,0.002617266772941,NGC 4636 TR1,0.0
WALLABY J123531+062003,188.879532204219,6.33432466705958,22.90697653912228,6.67771797783522,5.05299080712133,63.6521143059814,7.853304205724718,8.094582589593179,0.984042296220633,0.002382187441335,NGC 4636 TR1,0.0
WALLABY J124112-004525,190.301878953633,-0.757061565535647,48.510587237225906,3.88864767058659,3.39365027679888,-38.6927910130926,8.503325106738135,8.745095418751296,0.999999967773382,0.001972172488036,NGC 4636 TR1,0.0
WALLABY J124805+065910,192.024467361968,6.98627300308599,191.95909259025717,4.68698653456972,3.92575705535562,-44.4951913077437,9.696580484322421,9.938778170763538,0.915209734333923,0.003712137150978,NGC 4636 TR1,0.0
WALLABY J123246+013409,188.195681507669,1.56938285972106,21.77334243788627,4.29950586518252,3.20562538801436,78.6366614171187,7.805544862737607,8.047877146246632,0.999999999799822,0.005005439554348,NGC 4636 TR1,0.0
WALLABY J124317+033231,190.824396599314,3.54215828682654,206.75019333816206,7.57505552028648,6.34665674686504,22.4550269160107,9.760354732976085,10.002753630328973,0.976127839347937,0.002174711473604,NGC 4636 TR1,0.0
WALLABY J124903-011941,192.265398090378,-1.32807783932524,339.2686869370032,5.62366790300222,5.18734119637492,-71.1684292861941,10.188776978986237,10.431686123007468,0.998900698448994,0.001779167880987,NGC 4636 TR1,0.0
WALLABY J124717+002405,191.82102738467,0.401555905582935,198.62853043311017,5.8605242238482,5.35188779885039,29.2157933687319,9.702639316904104,9.951699554208345,0.99999999957628,0.001800712982297,NGC 4636 TR1,0.0
WALLABY J124247+012239,190.697077112896,1.37749341888483,141.33715019694708,5.26829106701736,3.75821983721612,79.020687881407,9.370405159451213,9.63045006375654,0.982244003176861,0.001743143048011,NGC 4636 TR1,0.0
WALLABY J123805-002419,189.524038013385,-0.405281416125453,109.22187609054653,6.05441212593337,3.00057997843424,42.0192341668512,9.14203136404042,9.403446214160581,0.900395980011864,0.001703017209418,NGC 4636 TR1,0.0
WALLABY J123651-003515,189.216243452578,-0.587663052918106,36.7634139639047,6.87632679754285,4.19510240778829,72.3187950476032,8.187154328978467,8.45136703984331,0.998684584619304,0.001697749098732,NGC 4636 TR1,0.0
WALLABY J124139+015014,190.412782686845,1.83722564060542,21.828152577946383,5.06553960269546,4.07550698459413,-24.372474163309,7.677626306806377,7.959873021015458,0.999144932767916,0.002598873390368,NGC 4636 TR1,0.0
WALLABY J123746-024651,189.44311928771,-2.78086383966346,15.608529484664174,5.59723782838945,5.04500844017273,-26.9394344738058,7.3696792247181495,7.65740442992928,0.999999507271492,0.002023767955899,NGC 4636 TR1,0.0
WALLABY J124228+010549,190.618471580816,1.0969441200866,13.768557934241674,4.606946985158,4.07242230621643,-50.2786718504846,7.227808822042711,7.526634029918522,0.997842152078585,0.001855391906542,NGC 4636 TR1,0.0
WALLABY J123748-012038,189.450184289666,-1.3440893349094,22.103274443653003,4.84462778548234,3.83326474566321,-73.8578834612306,7.616579685301828,7.923143816553119,0.926939252916399,0.001734695430371,NGC 4636 TR1,0.0
WALLABY J123656+004118,189.235556950878,0.688386124449174,36.34874009148858,4.38861418009644,3.07526813487465,7.05042325304171,8.021150927262207,8.337451924486643,0.974655122610565,0.00300357043857,NGC 4636 TR1,0.0
WALLABY J124018-001106,190.077148995619,-0.185032008792259,53.857457037661874,6.12045258666461,4.05450227653637,-49.1107559687901,8.348967598227365,8.670211932199827,0.991795780577467,0.001799927145358,NGC 4636 TR1,0.0
WALLABY J124237-020708,190.656488470807,-2.1189509521669,196.72150769481198,5.21048600994522,2.44529116328182,43.1232997302982,9.394027714921103,9.745465642455995,0.960965239819648,0.001574988700289,NGC 4636 TR1,0.0
WALLABY J124107-012203,190.28236028972,-1.36767021079988,306.2033457401397,3.09431357957476,2.41681426557279,-20.2709974630251,9.464594398062957,9.956438547022367,0.96497582271122,0.002106680743104,NGC 4636 TR1,0.0
WALLABY J165901-601241,254.754682346444,-60.2115333412241,16.32962462430858,58.5714242104233,42.3346357510705,79.599100752384,9.982092696974139,9.976298836952576,1.0,0.001680158381366,Norma TR1,0.0
WALLABY J164720-572629,251.83615206257,-57.4414931978893,12.07227410429769,26.5786681645226,22.3101649542144,42.3452658208885,9.542133906115799,9.549626123403016,1.0,0.002123191258301,Norma TR1,4.0
WALLABY J165248-591309,253.201716779514,-59.2191774724937,21.083640625006474,28.0381664023432,25.4501824527243,4.74556472035391,9.816223933016412,9.83570221419436,1.0,0.001687383317505,Norma TR1,0.0
WALLABY J170659-620502,256.74591225046,-62.083978657363,21.556721794188217,37.3849421935373,10.0158972078878,-41.2864359777406,9.786469254682023,9.808317813397249,1.0,0.002119131589812,Norma TR1,0.0
WALLABY J171804-575135,259.520600692266,-57.8599823447488,15.484730764362572,43.7167099835963,21.4759287762579,-77.9492325084867,9.481868139001728,9.504521085764848,1.0,0.00366902140391,Norma TR1,0.0
WALLABY J165105-585918,252.774170379611,-58.9884079293765,22.350967030326288,20.9343072550327,19.3570938867037,30.4425100473674,9.642274736381921,9.671782979746954,1.0,0.001677642771136,Norma TR1,0.0
WALLABY J163924-565221,249.852575741763,-56.8727340852939,20.95148000036861,22.2581819613326,16.4894092414109,61.0268815052401,9.288108580113715,9.329744907717496,1.0,0.0032257841714,Norma TR1,0.0
WALLABY J170303-614604,255.765860491515,-61.7678991069747,38.92379472626974,22.7048290845811,16.79812147774,12.6452705785473,9.763011727311474,9.807424207629753,1.0,0.001850605084304,Norma TR1,4.0
WALLABY J165804-605308,254.51749855321,-60.8855805762615,14.813099642275805,20.3430992024138,16.2265341800765,75.76914876031,8.890183890134411,8.936145110596682,1.0,0.001691505552629,Norma TR1,0.0
WALLABY J163452-603705,248.71766816657,-60.6181127293335,46.662268464531344,14.0205382573151,12.6992841348784,1.80249772478277,9.882071824953211,9.928255744719449,1.0,0.002767624839537,Norma TR1,0.0
WALLABY J165731-583412,254.380957575593,-58.5701494220074,39.866222741522826,22.7815180462753,21.2948867006622,20.5732980820728,9.689446881448546,9.738338847371562,1.0,0.001664889533407,Norma TR1,0.0
WALLABY J164740-600851,251.920721544703,-60.1475091636648,46.59006616412599,13.5898525620337,8.21572598799788,25.4199660633165,9.81840381166665,9.867617905806656,1.0,0.001651031670946,Norma TR1,0.0
WALLABY J163650-601632,249.211574462658,-60.2758019181195,48.57606467854305,19.4554845300686,11.7056857083366,-74.5025908971407,9.853858312267636,9.903112897771049,1.0,0.00227136130494,Norma TR1,0.0
WALLABY J163512-580438,248.803775646559,-58.0772663832092,39.151707006594584,25.5534383908553,16.0874479652482,5.25768360556614,9.649957850141694,9.700055542297713,1.0,0.003663434936925,Norma TR1,4.0
WALLABY J171338-590621,258.410766624187,-59.1060860503003,50.293799820862645,22.3036584270459,18.143579331564,-7.08369343636052,9.845301818126002,9.8965561736431,1.0,0.001868630316164,Norma TR1,0.0
WALLABY J163518-581311,248.829061159724,-58.2198488948826,22.31429369054431,24.5165033018863,16.3743563752862,-47.6332533727293,9.139378972211567,9.190636513670253,1.0,0.003720484834599,Norma TR1,0.0
WALLABY J164052-602341,250.220797688764,-60.3947304611087,75.25440685937947,16.4009477268651,8.99741441152738,-76.7732744345513,10.151498379023083,10.20513644487756,1.0,0.001816657722514,Norma TR1,0.0
WALLABY J172007-600928,260.030921217703,-60.1579911660123,64.467104376403,17.8376166975687,6.45726228129153,81.1960643647387,9.94701946584947,10.004769961962802,1.0,0.003014697288978,Norma TR1,4.0
WALLABY J165949-584125,254.95777686578,-58.6904970462159,68.11083844606061,10.0883855775049,9.30785456902983,-53.0746188044913,9.962905117030047,10.02266160952408,1.0,0.001623184254045,Norma TR1,0.0
WALLABY J165724-595238,254.350178217669,-59.8774969712413,45.70715383453705,14.0518104928323,9.95866981741577,-55.0016888142408,9.559532160898808,9.623105066913881,1.0,0.001618863963158,Norma TR1,0.0
WALLABY J171015-615505,257.562693232989,-61.9181068796089,68.90846649943227,10.4440027851584,7.24754364810746,-24.4442767859233,9.861368144146274,9.928920679591567,1.0,0.00194752330493,Norma TR1,0.0
WALLABY J165644-622413,254.184254681411,-62.4037631992495,72.8453231755013,14.2453553901252,7.25710176627041,39.0095478932756,9.896128527333799,9.96471213915706,1.0,0.002494065732788,Norma TR1,0.0
WALLABY J170915-613637,257.31429655392,-61.6104466815649,60.39020517984876,16.2731799424474,8.89196420460767,-49.5099211421987,9.730117491810097,9.798943948283394,1.0,0.001882620906191,Norma TR1,4.0
WALLABY J165101-604809,252.757341206409,-60.8026814395328,46.88071800159207,37.7403295330079,19.3154708771972,59.5836919471787,9.493950941886366,9.564049631121389,0.99698005869858,0.001635832379826,Norma TR1,0.0
WALLABY J165758-624336,254.492378727361,-62.7266901979528,71.75563693530272,12.4528956963378,7.55695726207006,-53.9094879942239,9.85305410671338,9.924002212282335,0.999816196235479,0.004991719424784,Norma TR1,0.0
WALLABY J170747-595059,256.947861281429,-59.8498523142318,67.00316948776147,12.0337825907799,4.60404143147511,-88.5088067622032,9.768768557600694,9.841749314481877,1.0,0.001655458281963,Norma TR1,0.0
WALLABY J171829-602453,259.622204219982,-60.4147663950013,80.62121358433679,14.4454584163124,6.41874446532656,21.9748725834599,9.876805359360917,9.95436170750608,0.999999999980904,0.002235376428312,Norma TR1,4.0
WALLABY J163435-620248,248.647417748636,-62.0467777562614,63.56679420058504,10.2354597362236,4.4962924461706,-85.4160170592011,9.647156727687308,9.726843415475845,0.999999996357613,0.003569996974596,Norma TR1,4.0
WALLABY J165348-590530,253.452448557262,-59.0916946909537,23.569006938621136,12.5381029601263,9.59641273591675,19.0730561114596,8.782519845557724,8.862473919059852,1.0,0.001684863219737,Norma TR1,0.0
WALLABY J164739-570817,251.914424965982,-57.1380848979595,11.487207212464623,9.77036018821352,5.88624007151659,73.4496304454816,8.110845042239106,8.195399073621536,1.0,0.002415247651387,Norma TR1,0.0
WALLABY J171828-574719,259.62048391399,-57.7886728843974,13.367420359645328,19.7696445284153,13.3557604851267,57.96129226997,8.23687031724481,8.321992692227504,0.961035483192448,0.004289984125954,Norma TR1,0.0
WALLABY J164249-610527,250.707724043491,-61.0910250693569,63.75375506413445,11.1081262250577,4.21190615167361,12.5643686724992,9.563553190607967,9.651800862818963,1.0,0.001869955434349,Norma TR1,4.0
WALLABY J164157-622910,250.48770820352,-62.486364407637,62.66761035317296,10.7545518056607,6.92928001403072,-40.525024069386,9.530734902350531,9.620896433598107,0.998746967495485,0.003568931356924,Norma TR1,4.0
WALLABY J164749-613936,251.954281663614,-61.6602260438721,74.99872119893853,8.86133477059762,5.55726687622984,11.8681235598147,9.642452163278282,9.73756527756782,1.0,0.001881867949098,Norma TR1,0.0
WALLABY J164107-605902,250.281496992484,-60.9839862226562,49.767533388232714,8.54320783083642,4.47631900496067,-46.299757802968,9.285640523004028,9.380822380700648,1.0,0.001969506200089,Norma TR1,0.0
WALLABY J165103-600109,252.765979868106,-60.019243869142,82.92134635936826,11.5858361949716,7.32863046538619,71.2205917072233,9.71489575616417,9.811730233282663,1.0,0.001630638917609,Norma TR1,0.0
WALLABY J165934-623256,254.894683937371,-62.548998306135,69.51955172363189,12.2363900941023,6.31920623181761,24.3715748813708,9.544636622013469,9.64351181120487,0.966261944117271,0.003612920965713,Norma TR1,0.0
WALLABY J165419-615311,253.582493458643,-61.8865899847349,64.60239894564354,10.7360945865351,8.98507216181604,81.1672628126366,9.471867117236737,9.571839750351417,1.0,0.001861510146777,Norma TR1,4.0
WALLABY J165429-592515,253.620989133747,-59.4209859116131,21.61593950729095,10.2193873135879,7.3247713067662,-21.0926736295503,8.507942018467785,8.609511658550726,1.0,0.001607210085935,Norma TR1,0.0
WALLABY J164950-623318,252.459093788426,-62.5551077452475,61.22770588639396,10.430338287894,8.51639597263846,39.0196523532182,9.382722576620015,9.488038481780562,0.967025856275557,0.00354458663601,Norma TR1,0.0
WALLABY J171855-613632,259.729506162751,-61.6090288601806,107.27078877161914,8.27770897216014,7.87465730539998,-74.2145879351724,9.865631236838894,9.971486167832543,0.999999999999631,0.002425045672762,Norma TR1,0.0
WALLABY J163455-610147,248.731189092307,-61.0299447907253,75.06508934117414,9.33729591802858,6.0361870817461,43.2135998605501,9.528884039698468,9.638267454889183,0.999997616003401,0.002865485270541,Norma TR1,0.0
WALLABY J164508-611614,251.285273284465,-61.2707102563751,52.617448788133444,9.11318629614458,4.35256640743648,-42.7106765876864,9.208023124611758,9.31906978239248,1.0,0.001835538693347,Norma TR1,0.0
WALLABY J164206-613441,250.528374151792,-61.5782618538227,74.91453597494382,8.87663507803275,4.81142942257472,81.775959878346,9.508385475366675,9.620327560642147,1.0,0.001959532474343,Norma TR1,0.0
WALLABY J165145-590915,252.938113319642,-59.1543358247226,21.513701013382843,24.4156632735837,11.1492432217111,-53.4503951710118,8.416606239971486,8.529670088458419,0.990721895826732,0.001682608749697,Norma TR1,0.0
WALLABY J171924-615016,259.853206011549,-61.8379965782828,104.75193429508408,9.58140700237559,6.6352187620559,-1.58192037297629,9.787660642971742,9.901261922091818,0.980056483330956,0.002460891090517,Norma TR1,0.0
WALLABY J163841-570554,249.674113857133,-57.098485299311,72.28389403568458,9.18415065759527,8.49802282201951,45.7642341758001,9.465280648297837,9.578901431890744,0.997198267622852,0.002554721367224,Norma TR1,0.0
WALLABY J165559-592439,253.997338573287,-59.4108880299741,68.48266346465671,9.44048018165932,6.42926922942277,-31.8672390737009,9.415682671470163,9.529679742186673,1.0,0.001657649926471,Norma TR1,0.0
WALLABY J164826-623040,252.108722665058,-62.5112253017517,63.265259967980924,8.6912310770525,6.54292768097106,-43.8700249148251,9.318896401861629,9.436904348292616,0.973638898309769,0.003136878104632,Norma TR1,4.0
WALLABY J164818-620928,252.077622551093,-62.1578943694956,140.10801725853239,10.4230127476549,7.84755231499641,71.3953721320197,9.984922255673911,10.106578095419922,0.999999999991151,0.001960461481002,Norma TR1,4.0
WALLABY J170349-595038,255.954693151006,-59.8441050340987,84.2678488741485,8.8133441816308,5.38487588008399,3.52737876066971,9.53851676318756,9.660899423743018,0.999999999998927,0.00157751509787,Norma TR1,0.0
WALLABY J171312-612310,258.300225821886,-61.3862626314872,115.82704289924732,12.4466553957329,7.17062755620669,-89.4267751043898,9.814387108282874,9.936834412907302,0.999810254817331,0.001870594304419,Norma TR1,4.0
WALLABY J165030-614932,252.627075603438,-61.8257610540708,61.54768907943614,16.3204081181738,11.5907754654164,30.17018435273,9.255408995922206,9.379351212590505,0.992081559406151,0.001872381207521,Norma TR1,4.0
WALLABY J165850-611725,254.709796017895,-61.2903026241497,71.16203806034723,9.4543527895434,5.5315843567134,-24.0766464192065,9.375733305889014,9.500562918613387,1.0,0.0016900606517,Norma TR1,0.0
WALLABY J163749-621352,249.454206282376,-62.2311619226806,68.66596734728647,10.799226921372,8.10521827150162,77.452138060007,9.316236243278398,9.445559805811317,0.836488533897983,0.002533636065959,Norma TR1,0.0
WALLABY J163916-601108,249.820691231407,-60.1856836109838,47.90647123523031,13.3179310440824,7.53230739841498,-38.3626573040779,9.000993568417975,9.130727106533772,0.999992613708121,0.001895678002019,Norma TR1,0.0
WALLABY J170103-582824,255.264933660546,-58.4735414881141,111.92982243330182,9.40130781630638,8.25463846462733,-46.8533655015057,9.729171425665344,9.860351537828425,0.999977971793025,0.001579683269102,Norma TR1,0.0
WALLABY J164219-595904,250.581376879542,-59.9845060585726,78.33734272456559,11.325187900455,7.20261457855914,-25.5043173464258,9.409761869305015,9.542492314984825,0.999999110805171,0.001823925980654,Norma TR1,0.0
WALLABY J165331-595759,253.381671916503,-59.9666396102781,66.62483209115463,8.59694242087395,5.56464034694833,-43.1717096460949,9.26885617547001,9.40162625719183,1.0,0.001619608549267,Norma TR1,0.0
WALLABY J170034-622407,255.143706466428,-62.402171542054,205.816206808971,9.56856717310921,4.74079535487546,55.9014003443133,10.235688136521,10.370596219026577,0.972342892390211,0.002341179197438,Norma TR1,0.0
WALLABY J170449-564400,256.20787212919,-56.7334670504789,316.0209379921162,6.29961205951524,4.94748148428275,66.1715226995072,10.590815661991408,10.728663335422123,0.852992650370097,0.003286493311096,Norma TR1,0.0
WALLABY J165439-605730,253.663340530056,-60.9585497147864,44.3956385798748,7.82710642298222,4.31015280087515,-39.8386110101661,8.886022814121443,9.0238776403427,0.999999999995368,0.001705384730895,Norma TR1,0.0
WALLABY J171850-601104,259.711772111651,-60.1845865969458,65.92730300833387,6.83706634679532,4.50907190607989,-72.5806317182542,9.228394152472363,9.366433894103297,0.984539598966743,0.002346915565452,Norma TR1,0.0
WALLABY J163834-601517,249.643077448518,-60.2549628965779,49.227459885638936,7.40097242817145,5.83725061072125,3.53793789453277,8.973563024084937,9.111794232225694,0.999999300693898,0.001992966530827,Norma TR1,0.0
WALLABY J165131-603514,252.882698926089,-60.587289323941,47.743750599502775,8.69975735660923,6.31394143492986,68.4531870853475,8.94542140208389,9.083920818632299,0.999999999999915,0.001684803328365,Norma TR1,0.0
WALLABY J170700-600654,256.75184680054,-60.1150298312452,61.01660468251591,8.38573916236897,4.46915574991443,-44.4272708006432,9.155281910514507,9.29433360835213,0.99999994678189,0.001626994864176,Norma TR1,4.0
WALLABY J171558-590923,258.994366790184,-59.1565812546326,50.042830908266374,6.4832239513534,4.56458753144005,-27.1365851584155,8.9822047470247,9.12140596210931,0.999988253856996,0.001983969707579,Norma TR1,0.0
WALLABY J163600-611510,249.000676672816,-61.2528456538303,75.80950722461975,8.45663582556579,6.34434929644379,-9.86616158805921,9.342308187625717,9.481623643671837,0.999999978404694,0.002519182828027,Norma TR1,0.0
WALLABY J165110-600750,252.794839572132,-60.1306476262487,203.83483871869035,19.6053580504557,6.9966585598248,45.9036678975515,10.194121165285582,10.334705479578854,0.989519686801712,0.001514061828701,Norma TR1,0.0
WALLABY J165847-612501,254.698210303696,-61.4169586356433,67.68395951579798,7.48375617238104,4.42668527415475,-29.6310956951817,9.231166089342056,9.372691499596629,0.99999999989326,0.001790547241705,Norma TR1,0.0
WALLABY J171538-602409,258.909688935257,-60.4025822429144,83.04174848041616,8.66831624987196,5.3448685352672,-70.084104761712,9.398226487472003,9.54162097029999,0.999992870001264,0.001836327464444,Norma TR1,4.0
WALLABY J170149-603901,255.455525144572,-60.650361886032,69.98697119531256,8.87471862429735,4.92066158269169,-68.5707199260331,9.238068920225945,9.383544112546303,0.999997934005395,0.001643933076261,Norma TR1,0.0
WALLABY J164859-621337,252.24594310376,-62.2270931329971,64.23293779880333,11.5707421919043,5.97170621267129,-14.4894185107746,9.15674542704106,9.303455006683972,0.999984183835063,0.002221747085093,Norma TR1,4.0
WALLABY J170753-602717,256.972089013165,-60.4549870232905,205.72936403979574,20.4260690051406,4.84606434015232,17.1012929558602,10.160563391146596,10.308601038684532,0.895513991441554,0.001503528886684,Norma TR1,0.0
WALLABY J165520-592615,253.834940730364,-59.4375292464161,70.31224358383065,7.79038165069551,5.81269366415419,-50.2501748731975,9.226709093847495,9.37499016524239,0.999999999913928,0.001604551651179,Norma TR1,0.0
WALLABY J165610-592620,254.045231110689,-59.4390339325432,36.90991766779409,7.84737322639844,5.39801189866995,2.66132662204504,8.661045001144613,8.81041368160524,0.999999999999996,0.001591718587053,Norma TR1,4.0
WALLABY J164437-605103,251.156285746618,-60.8510941239766,75.52304603244899,7.98563612360849,4.75767801389615,78.7341867888462,9.282654640230483,9.432072115360564,0.85332979195005,0.001700513163228,Norma TR1,0.0
WALLABY J165924-620241,254.851114891882,-62.0447702971621,208.4153274994982,9.5549932450634,7.50007773664758,50.4720711218352,10.163297508980664,10.312911179861741,0.997996164446879,0.001758165944369,Norma TR1,0.0
WALLABY J165040-622852,252.669664802522,-62.481170833045,47.70355534408347,6.72810931081793,6.05837787765954,-20.1725016547839,8.879336365177396,9.029545900142562,0.82585527137615,0.003297174859659,Norma TR1,0.0
WALLABY J164416-582056,251.068980888872,-58.348980238847,75.45372809368817,8.07697094589282,6.20561481610085,52.4932263026974,9.276335880100419,9.426780494323314,0.999975138055997,0.001846618942399,Norma TR1,0.0
WALLABY J163927-594844,249.866523205776,-59.812295141266,161.41486804222663,10.5904973529076,4.88219076040914,73.5536862332652,9.936400079923194,10.086930851978327,0.999955719658062,0.001756150780922,Norma TR1,0.0
WALLABY J164821-583425,252.090425525274,-58.573629536081,213.27641441938016,15.6295905031628,7.58223497453179,19.4402652323914,10.173384684037746,10.32485467503448,0.988627265342468,0.001521527193317,Norma TR1,0.0
WALLABY J165840-582909,254.669096953512,-58.485926901371,87.52606805262947,8.26884113945108,6.24979834236654,41.0958690995776,9.390462724833744,9.543691893406987,0.98945427361684,0.00165280614702,Norma TR1,0.0
WALLABY J164905-590956,252.273583603155,-59.1657512766524,257.5296038217038,7.82240434414949,7.48753188720505,48.4718927015079,10.32510672063362,10.478856437322257,0.98870082842401,0.001488162607372,Norma TR1,0.0
WALLABY J164619-614832,251.582105093108,-61.8091536863188,44.96322676626767,8.19284740965301,6.89866032845046,-55.6606994653756,8.796334809627488,8.952549221834472,0.982834053373532,0.001952563845661,Norma TR1,0.0
WALLABY J171339-615822,258.415874906027,-61.9730050673601,63.994401202886706,7.87134546370062,4.00229099310051,76.9378610921877,9.101562119381295,9.25803640092193,0.999884230327272,0.002043946860793,Norma TR1,4.0
WALLABY J170116-621215,255.317105520106,-62.2043212010183,197.46608018257766,10.3777596999432,7.52597729076493,10.2145650429556,10.07966551800075,10.236255688584746,0.83879202313201,0.001919302559388,Norma TR1,0.0
WALLABY J163754-564907,249.478663856744,-56.8186133006402,21.15326016319183,8.41911934655415,6.17756926494995,-7.93608233052882,8.130082602777938,8.288497008757746,0.999997659901433,0.003689703258252,Norma TR1,0.0
WALLABY J165214-594000,253.060259996755,-59.6669331361836,204.43018547700908,10.2310241522163,6.38839001424199,0.889688818766729,10.097914165771915,10.256820378109882,0.999987244824362,0.001478905075427,Norma TR1,0.0
WALLABY J164355-620233,250.981501573607,-62.0425817277695,167.75737690928875,9.299650935187,5.3951415119662,-15.479422009818,9.92208915674598,10.081803475346902,0.928046138568293,0.001981297551312,Norma TR1,0.0
WALLABY J170937-602429,257.404747074796,-60.4082072191205,67.43210415999418,11.1151635397374,6.03305642924602,-70.3252420419394,9.129364616879998,9.289295455732582,0.918912740997362,0.001658199304677,Norma TR1,0.0
WALLABY J165647-614814,254.196678249209,-61.8039431430482,125.7997881639284,9.50688663607905,6.62183667009181,69.9520949053104,9.670039734314495,9.83015894988847,0.999829924774594,0.001800576457584,Norma TR1,0.0
WALLABY J170232-584322,255.634452852952,-58.7228642666464,87.57248168226418,8.73798915599475,8.54599079794396,31.6275507949023,9.353848095960183,9.514278102536624,0.999399830526779,0.001573312173361,Norma TR1,0.0
WALLABY J164713-581756,251.805367148336,-58.2989826553035,258.3045206436161,6.80790253034232,5.80131118839173,-41.9009733635679,10.292266398455572,10.452916962492486,0.863335025598156,0.00155803918306,Norma TR1,0.0
WALLABY J171309-603124,258.287752078042,-60.5233909434248,69.09392066618463,7.4473237994288,6.68693963802119,27.5676313986319,9.145933712284307,9.30677287423409,0.913517464320028,0.001760067883781,Norma TR1,0.0
WALLABY J163951-602257,249.96523773319,-60.3827622207886,81.84043803996227,7.75152760394097,5.59361625215908,19.9128579304582,9.290864283715464,9.452126933962775,1.0,0.001796541902048,Norma TR1,4.0
WALLABY J163858-612611,249.745335061706,-61.4364465375863,216.58762949790278,7.97448655360466,5.18826492547745,-5.51533117079794,10.134856617272762,10.296386589746481,0.865673353783007,0.001953364353396,Norma TR1,0.0
WALLABY J164146-580424,250.444722117004,-58.0734179755232,202.5667965113506,8.39273195269297,6.25026152560488,11.1406164758556,10.074527832174926,10.236497508303115,0.803973544508865,0.001922657511817,Norma TR1,0.0
WALLABY J165247-584019,253.197557038477,-58.6719956279479,35.98122679474711,10.1006149424351,5.7856298938749,-78.6778952435432,8.567395886187901,8.730601333034597,0.916767324100379,0.001681779072965,Norma TR1,0.0
WALLABY J170039-584218,255.166259896652,-58.7052459371958,88.96021288673127,6.51744840854877,4.79924241907487,26.1813581181576,9.353124804410838,9.5164333280797,0.999999920687607,0.001545224327983,Norma TR1,0.0
WALLABY J171500-601723,258.750810193089,-60.2897721152898,84.38064296290793,12.0027815424461,6.45078232479296,85.3227446917776,9.297521580750976,9.462798746501795,0.998599409052695,0.001826672612791,Norma TR1,4.0
WALLABY J164848-614143,252.20276781554,-61.6954257941997,73.10441424324388,9.36595253655662,5.66199243936739,71.7332352034112,9.163288777657726,9.330543881625898,0.993553355169722,0.001892886494503,Norma TR1,0.0
WALLABY J170550-620939,256.460452620104,-62.1610067811727,21.348050775649345,17.79070700083,5.26683855138088,-68.6791461931977,8.089626829606527,8.257811541767937,0.999999078869392,0.002107401510742,Norma TR1,0.0
WALLABY J164455-575030,251.230899262157,-57.8417143362931,206.0759965689866,5.8750079970259,5.44463278320813,-73.406699632702,10.057273786265617,10.225809840961972,0.935080388578613,0.001852837807044,Norma TR1,0.0
WALLABY J165248-585644,253.20232417411,-58.9457369394104,41.21794785353203,7.9934070183473,5.12219707318299,5.11387973655809,8.65212035028803,8.82217465696898,0.935552928129768,0.001594517688865,Norma TR1,0.0
WALLABY J164113-603202,250.307193727506,-60.5341090971469,169.917714927295,8.95118074755375,7.17405714294424,44.6046637157024,9.876814108233285,10.04804865319172,0.964883271238549,0.001704415163796,Norma TR1,0.0
WALLABY J165952-573929,254.9690394308,-57.6582456374591,109.06856205993702,7.34259574673157,4.53211410107338,17.9788983405101,9.489008643190202,9.660819629674814,0.923485965502382,0.001828959185987,Norma TR1,0.0
WALLABY J164523-580908,251.349576644261,-58.1524565602306,203.25375237832486,7.25089969178941,5.03369833191291,-24.3408393816647,10.01238817651286,10.18789744610261,0.855166954124996,0.001679149375712,Norma TR1,0.0
WALLABY J164548-590827,251.453995381111,-59.1410095249015,230.9064884581508,8.11285749006966,5.381821278215,-28.8442314354095,10.118463734024461,10.294994723074229,0.995346959149554,0.001574802381164,Norma TR1,0.0
WALLABY J164911-620001,252.298068739288,-62.0003860763643,220.59858968149683,11.3098825540691,7.63533267079233,79.6688587022683,10.07600715575606,10.25314466633122,0.860261160092837,0.001837187000564,Norma TR1,0.0
WALLABY J170642-604341,256.676363871102,-60.7282576492036,114.65403198290461,5.92495183477318,5.15491470782755,-20.2115647348205,9.49420844846296,9.674279847419186,0.999992982568599,0.00162332129655,Norma TR1,0.0
WALLABY J164130-573717,250.377838949408,-57.6215269763793,70.89040259053455,6.21217277816057,4.72939111407087,84.8571864382173,9.074268978392912,9.25485739829136,0.996478138539806,0.002012273127377,Norma TR1,0.0
WALLABY J170546-614959,256.44167540111,-61.8332461401693,15.939870949463119,7.65771318675417,5.9383926917256,44.7479432625863,7.773654088497078,7.9552223154674815,1.0,0.001918171354623,Norma TR1,0.0
WALLABY J171120-603454,257.833866991889,-60.5819076215951,70.97753451080621,8.22285879771431,5.5075828058935,32.1675151628192,9.07086901026539,9.252449997285119,0.999956372570435,0.001806983108433,Norma TR1,0.0
WALLABY J165632-594959,254.134588835446,-59.833235618986,204.98708287765015,7.10109285681551,4.63762234807381,25.9851960903291,9.98674152159832,10.169515330042715,0.99171342126418,0.001481682861433,Norma TR1,0.0
WALLABY J164716-610309,251.819896526692,-61.0526094437549,157.46429960187126,7.36254930326943,4.71626318467846,11.7542517810245,9.756108008858176,9.939228291860564,0.999961782574471,0.001664231591301,Norma TR1,0.0
WALLABY J164934-600157,252.392022640977,-60.0326961181044,67.40597493254698,9.68859029746372,6.59894840800027,58.813253357756,9.018361783255859,9.201656974819727,0.999999959152678,0.00160034510212,Norma TR1,0.0
WALLABY J164644-601351,251.684968079079,-60.2308980082675,226.97043091697935,8.82804445702775,5.6129939559127,-7.57742268237732,10.064113482525398,10.249393389200135,0.98971315876693,0.001547025384089,Norma TR1,0.0
WALLABY J164813-612708,252.054968676753,-61.4524132501312,208.08228720290535,7.89588977636647,5.97569012278954,35.1519631879435,9.982590727365315,10.169249019477466,0.85018015330315,0.00162524006423,Norma TR1,0.0
WALLABY J164727-575143,251.863957333306,-57.8622086960683,203.3767543485575,5.79014213596032,4.59498376714731,44.8441063732174,9.952090154334375,10.141191761517076,0.963112742487358,0.001749611316208,Norma TR1,0.0
WALLABY J165249-574157,253.205096727339,-57.6992860084794,41.55809241372116,7.67825156946737,5.51542960381151,-67.9120130175111,8.569272106383327,8.759190462155798,0.999987882154697,0.001924899209633,Norma TR1,0.0
WALLABY J163644-573547,249.183449096556,-57.5963925032221,11.603475437621293,7.91313930576749,5.6303156036589,13.5555900003577,7.442050123824207,7.636444415451637,0.959262511505728,0.003377223562051,Norma TR1,0.0
WALLABY J165645-620555,254.191411071289,-62.0987722439485,128.1546859436732,5.87583468776325,4.93546476072499,50.3573433495885,9.52815271834555,9.722592084592456,0.931297062776377,0.001845267934572,Norma TR1,0.0
WALLABY J165152-592813,252.966862225278,-59.4704011115261,206.28054867631718,6.36422258741575,4.4110099180217,83.0942589461204,9.937089934026725,10.132600981816262,0.802032027178302,0.001522257799019,Norma TR1,0.0
WALLABY J171134-610802,257.893396782719,-61.1341046258896,38.07844735661,6.42856268722093,5.42108086505878,-22.6888916330907,8.452398784819529,8.65202913599496,0.999995065319008,0.001783578958218,Norma TR1,4.0
WALLABY J170610-590352,256.543360422211,-59.0645901237677,88.33494384362321,7.10441536374293,4.66898194492729,-52.9110227176967,9.181902829002828,9.38187380959192,0.971542439772142,0.001583887746989,Norma TR1,0.0
WALLABY J170416-601942,256.06807074715,-60.3285021375911,171.55036269086207,4.51940051126111,3.98443231905979,36.2280703263992,9.740578879399472,9.944928450445811,0.841132969771957,0.001510287809265,Norma TR1,0.0
WALLABY J164113-610322,250.306124087408,-61.0562370415275,16.599475135034446,9.30643295283651,6.54108712612166,-73.9295756823529,7.708342551835986,7.913596236866595,0.999999999929536,0.001983573941249,Norma TR1,0.0
WALLABY J165455-610856,253.730344149386,-61.1490020623376,62.80159578065299,7.18017005253662,5.16196719174278,48.6361812262138,8.862162281966373,9.067897273537676,0.996052095697421,0.001665335870838,Norma TR1,4.0
WALLABY J165643-583951,254.17993003249,-58.6643549521434,219.0752644659363,14.3697159182588,8.60716611571157,-58.7183433072054,9.929863957634003,10.140013298747165,0.8900073582803,0.00146746202619,Norma TR1,0.0
WALLABY J165140-601629,252.918520478085,-60.2748381421844,201.93125178467275,12.3633338507489,5.81366216723481,21.2917524436453,9.85576336478308,10.06675767887984,0.841339406123373,0.001499416489625,Norma TR1,0.0
WALLABY J164359-600237,250.997141219717,-60.0436552447172,227.286738910397,5.89816181003189,5.0529494007725,75.2933596750982,9.944103022487218,10.158796251210406,0.883792919753716,0.001638205597024,Norma TR1,0.0
WALLABY J165223-591245,253.098631730119,-59.2127236595859,201.49433147028643,5.8921742609345,4.12127374963355,-51.369325058362,9.828151568260395,10.045794401001695,0.858301961606157,0.001473650513654,Norma TR1,0.0
WALLABY J164216-581619,250.569547071347,-58.2720989047687,201.19678163863878,11.0931003716738,6.43246879914599,-85.1614627425441,9.80824028370652,10.030810016352204,0.999774900090716,0.001856104044299,Norma TR1,0.0
WALLABY J171938-602746,259.91201271148,-60.4630480579834,258.39240861499707,7.62449761663641,5.43603924843298,-17.5212120302231,9.999917608545791,10.229427382714709,0.975447549068734,0.002415569804834,Norma TR1,0.0
WALLABY J170842-592322,257.177414594042,-59.3894794138491,16.151726824520814,7.47102301079856,5.2883789627126,40.7154800182616,7.557079197413283,7.796282958558483,1.0,0.00167368925018,Norma TR1,0.0
WALLABY J164911-585014,252.299553794011,-58.8373273149631,209.86497215113238,5.13427710608861,4.05963685290554,44.5025220706237,9.77092239151589,10.014017898460809,0.895111105491845,0.001480650555102,Norma TR1,0.0
WALLABY J171040-605237,257.668466428809,-60.8769974805801,20.211217273595132,6.9591066269606,4.77654533775295,21.3903488602448,7.732599235174052,7.977321175663047,0.891405494459205,0.001941150828408,Norma TR1,0.0
WALLABY J165531-570010,253.882759852914,-57.0029891882608,116.26914903943153,6.75071247332923,4.33329408335037,-2.01876177707101,9.239009655821551,9.487621751046577,0.902043795333292,0.002324716060287,Norma TR1,0.0
WALLABY J171530-601427,258.875909844974,-60.2410496205956,83.27359780293355,5.22155817951905,4.20133041089356,33.4394052213173,8.945165531235537,9.19493413993404,0.947229223672019,0.001812065762982,Norma TR1,0.0
WALLABY J165437-602755,253.654865037638,-60.465374816927,14.967159484275223,5.40433652619021,4.77323041379037,7.30405036155264,7.4421153389319095,7.695537552694095,0.999967165256806,0.001761547649428,Norma TR1,0.0
WALLABY J170248-602617,255.702244493822,-60.4382659945655,15.427441350308309,9.63160488849794,5.18338176724461,-1.0086033732197,7.4453623750063835,7.705748539654579,0.997250431278525,0.001687955651194,Norma TR1,0.0
WALLABY J165738-584948,254.408863393123,-58.8300218684154,206.95159751081187,6.07223512596043,5.15149881395529,-30.2550678908648,9.62736579887793,9.910909972314935,0.952098166418729,0.001409832545727,Norma TR1,0.0
WALLABY J165545-590931,253.937867538721,-59.1587550328028,38.29316141800558,5.84341196286595,3.91811909141824,-28.2504159705316,8.0051805285124,8.344069199214198,0.95173006898685,0.001433859428134,Norma TR1,4.0
