galaxy_id,rad_hi_source_arcsec,sigma_hi_source_weight
WALLABY J094234-470424,3.000000000006,31.811926420376206
WALLABY J094234-470424,9.000000000018,41.480761907335854
WALLABY J094234-470424,15.00000000003,34.810396654466004
WALLABY J094234-470424,21.000000000042,31.69490091286321
WALLABY J094234-470424,27.000000000054,23.00852327971818
WALLABY J094234-470424,33.000000000066,13.226918165786856
WALLABY J094234-470424,39.000000000078,6.697529303864551
WALLABY J094234-470424,45.00000000009,2.7847744754267567
WALLABY J094234-470424,51.000000000102006,1.6931316783894046
WALLABY J094234-470424,57.000000000114,0.5170591199016235
WALLABY J094234-470424,63.00000000012601,0.053367823217013305
WALLABY J094254-463705,3.000000000006,41.21221492433274
WALLABY J094254-463705,9.000000000018,44.727661189553686
WALLABY J094254-463705,15.00000000003,31.088465012253906
WALLABY J094254-463705,21.000000000042,29.637749855259596
WALLABY J094254-463705,27.000000000054,19.20979407731271
WALLABY J094254-463705,33.000000000066,13.682833824886893
WALLABY J094254-463705,39.000000000078,8.79493433699867
WALLABY J094254-463705,45.00000000009,3.515375065470407
WALLABY J094254-463705,51.000000000102006,3.0053359098374535
WALLABY J094254-463705,57.000000000114,2.6565566779886827
WALLABY J094254-463705,63.00000000012601,1.3262630305453276
WALLABY J094254-463705,69.000000000138,0.47210685365005267
WALLABY J094254-463705,75.00000000015001,0.3291259427062005
WALLABY J094254-463705,81.000000000162,0.21130331435450767
WALLABY J094254-463705,87.000000000174,0.1306689381111724
WALLABY J094254-463705,93.000000000186,0.04801169163815123
WALLABY J094325-453019,3.000000000006,32.19957949011071
WALLABY J094325-453019,9.000000000018,31.466088004845666
WALLABY J094325-453019,15.00000000003,30.332466512243414
WALLABY J094325-453019,21.000000000042,25.464177676122
WALLABY J094325-453019,27.000000000054,17.901586407534833
WALLABY J094325-453019,33.000000000066,14.422005605162266
WALLABY J094325-453019,39.000000000078,10.052871563533479
WALLABY J094325-453019,45.00000000009,7.046033338511639
WALLABY J094325-453019,51.000000000102006,3.294731331757826
WALLABY J094325-453019,57.000000000114,3.08537616438378
WALLABY J094325-453019,63.00000000012601,1.7762203468547375
WALLABY J094325-453019,69.000000000138,0.5451880481360976
WALLABY J094325-453019,75.00000000015001,0.45580651418725543
WALLABY J094325-453019,81.000000000162,0.06214115476110871
WALLABY J094402-445751,3.000000000006,21.542826520942903
WALLABY J094402-445751,9.000000000018,20.19525077259561
WALLABY J094402-445751,15.00000000003,19.38983259906001
WALLABY J094402-445751,21.000000000042,16.374205168771603
WALLABY J094402-445751,27.000000000054,16.469453209583975
WALLABY J094402-445751,33.000000000066,12.20304315959249
WALLABY J094402-445751,39.000000000078,9.892250510282949
WALLABY J094402-445751,45.00000000009,8.457488932513913
WALLABY J094402-445751,51.000000000102006,5.380004527410341
WALLABY J094402-445751,57.000000000114,1.896251738913401
WALLABY J094402-445751,63.00000000012601,1.297612652564237
WALLABY J094402-445751,69.000000000138,0.22778705775612917
WALLABY J094402-445751,75.00000000015001,0.09242272735230826
WALLABY J094402-445751,81.000000000162,0.05979795077603112
WALLABY J094444-481857,3.000000000006,37.93184067699528
WALLABY J094444-481857,9.000000000018,18.283832530875728
WALLABY J094444-481857,15.00000000003,16.382245084426973
WALLABY J094444-481857,21.000000000042,23.631479422878357
WALLABY J094444-481857,27.000000000054,18.91855164804299
WALLABY J094444-481857,33.000000000066,13.701111815857725
WALLABY J094444-481857,39.000000000078,8.16150105090605
WALLABY J094444-481857,45.00000000009,6.429356896370561
WALLABY J094444-481857,51.000000000102006,2.990902082264728
WALLABY J094444-481857,57.000000000114,1.7017846248357589
WALLABY J094444-481857,63.00000000012601,0.9784023886401907
WALLABY J094444-481857,69.000000000138,0.3552003602323961
WALLABY J094444-481857,75.00000000015001,0.004542926114430305
WALLABY J094449-463217,3.000000000006,58.426695319614595
WALLABY J094449-463217,9.000000000018,48.684939361416795
WALLABY J094449-463217,15.00000000003,30.627622212294597
WALLABY J094449-463217,21.000000000042,38.12394188921351
WALLABY J094449-463217,27.000000000054,30.785027007950525
WALLABY J094449-463217,33.000000000066,21.5615987201783
WALLABY J094449-463217,39.000000000078,19.696341479246353
WALLABY J094449-463217,45.00000000009,14.630568802049845
WALLABY J094449-463217,51.000000000102006,7.645510898775284
WALLABY J094449-463217,57.000000000114,4.3981749061498565
WALLABY J094449-463217,63.00000000012601,2.2833362229937904
WALLABY J094449-463217,69.000000000138,1.3873069309773969
WALLABY J094449-463217,75.00000000015001,0.846291518220263
WALLABY J094449-463217,81.000000000162,0.030035797787438083
WALLABY J094524-480828,3.000000000006,61.12615337706583
WALLABY J094524-480828,9.000000000018,59.34844683113978
WALLABY J094524-480828,15.00000000003,89.76111179436627
WALLABY J094524-480828,21.000000000042,37.58468516006897
WALLABY J094524-480828,27.000000000054,70.50084944515403
WALLABY J094524-480828,33.000000000066,43.54708439533639
WALLABY J094524-480828,39.000000000078,39.970221233893
WALLABY J094524-480828,45.00000000009,47.53439693468161
WALLABY J094524-480828,51.000000000102006,32.33642152161951
WALLABY J094524-480828,57.000000000114,34.50347332401324
WALLABY J094524-480828,63.00000000012601,22.550353836840667
WALLABY J094524-480828,69.000000000138,22.979201890849787
WALLABY J094524-480828,75.00000000015001,20.363492278255368
WALLABY J094524-480828,81.000000000162,12.46455716997266
WALLABY J094524-480828,87.000000000174,12.440548197139169
WALLABY J094524-480828,93.000000000186,8.14338688052536
WALLABY J094524-480828,99.000000000198,8.197968610742851
WALLABY J094524-480828,105.00000000021001,5.950535797718221
WALLABY J094524-480828,111.000000000222,4.30478679358388
WALLABY J094524-480828,117.000000000234,3.5586851018657883
WALLABY J094524-480828,123.000000000246,2.1570106435724163
WALLABY J094524-480828,129.000000000258,1.5643261437824107
WALLABY J094524-480828,135.00000000027,0.8980934761115928
WALLABY J094524-480828,141.000000000282,1.2253223471808454
WALLABY J094524-480828,147.000000000294,0.735387839533555
WALLABY J094524-480828,153.000000000306,0.630360377978753
WALLABY J094524-480828,159.000000000318,0.6928524039072657
WALLABY J094524-480828,165.00000000033,0.3635653999245058
WALLABY J094524-480828,171.000000000342,0.41972222679392013
WALLABY J094524-480828,177.00000000035402,0.4230512366038503
WALLABY J094524-480828,183.00000000036601,0.17176425222067307
WALLABY J094524-480828,189.000000000378,0.45681142875904185
WALLABY J094524-480828,195.00000000039,0.08742739329940832
WALLABY J094524-480828,201.000000000402,0.35172429423498563
WALLABY J094524-480828,207.000000000414,0.016542637390405283
WALLABY J094524-480828,213.000000000426,0.15523282922921314
WALLABY J094524-480828,219.000000000438,0.022851816463707982
WALLABY J094524-480828,225.00000000045,0.05532772391466085
WALLABY J094530-470014,3.000000000006,72.84811310229216
WALLABY J094530-470014,9.000000000018,41.246987614151564
WALLABY J094530-470014,15.00000000003,39.059429746522625
WALLABY J094530-470014,21.000000000042,19.053795340678363
WALLABY J094530-470014,27.000000000054,9.168113370739093
WALLABY J094530-470014,33.000000000066,2.7027072976419246
WALLABY J094530-470014,39.000000000078,0.37325681407813244
WALLABY J094530-470014,45.00000000009,0.050538197881821526
WALLABY J094530-470014,51.000000000102006,0.01842816163288679
WALLABY J094613-471709,3.000000000006,42.47898059652686
WALLABY J094613-471709,9.000000000018,38.4085039175167
WALLABY J094613-471709,15.00000000003,28.061528627430306
WALLABY J094613-471709,21.000000000042,21.468158729108442
WALLABY J094613-471709,27.000000000054,12.507919985397653
WALLABY J094613-471709,33.000000000066,6.4322480914013
WALLABY J094613-471709,39.000000000078,1.0938652541381724
WALLABY J094613-471709,45.00000000009,0.02899014710658605
WALLABY J094613-471709,51.000000000102006,0.11633507948114409
WALLABY J094613-471709,57.000000000114,0.053668793234089796
WALLABY J094613-471709,63.00000000012601,0.036767260853829975
WALLABY J094723-431306,3.000000000006,33.134723793963936
WALLABY J094723-431306,9.000000000018,27.28078445661787
WALLABY J094723-431306,15.00000000003,36.8579521534926
WALLABY J094723-431306,21.000000000042,25.99395735035116
WALLABY J094723-431306,27.000000000054,15.290902865290246
WALLABY J094723-431306,33.000000000066,13.011121255014993
WALLABY J094723-431306,39.000000000078,8.421273722525994
WALLABY J094723-431306,45.00000000009,3.135409452857948
WALLABY J094723-431306,51.000000000102006,0.9978058374889903
WALLABY J094723-431306,57.000000000114,0.7067665864772877
WALLABY J094723-431306,63.00000000012601,0.23047512168617545
WALLABY J094723-431306,69.000000000138,0.013312535100038405
WALLABY J094808-473113,3.000000000006,21.009244722531207
WALLABY J094808-473113,9.000000000018,19.60215352777721
WALLABY J094808-473113,15.00000000003,16.67947602868037
WALLABY J094808-473113,21.000000000042,13.62418264508712
WALLABY J094808-473113,27.000000000054,5.184367539381857
WALLABY J094808-473113,33.000000000066,4.518264246906535
WALLABY J094808-473113,39.000000000078,1.9098506655221552
WALLABY J094808-473113,45.00000000009,0.7674129193320378
WALLABY J094808-473113,51.000000000102006,0.25894134919201006
WALLABY J094808-473113,57.000000000114,0.04217381120255576
WALLABY J094819-442224,3.000000000006,19.181887884412948
WALLABY J094819-442224,9.000000000018,38.54380008228064
WALLABY J094819-442224,15.00000000003,32.620512884248946
WALLABY J094819-442224,21.000000000042,21.729423877586168
WALLABY J094819-442224,27.000000000054,10.779724362075399
WALLABY J094819-442224,33.000000000066,5.799983911505573
WALLABY J094819-442224,39.000000000078,2.17471442652937
WALLABY J094819-442224,45.00000000009,0.7638032540722028
WALLABY J094819-442224,51.000000000102006,0.30292898914286187
WALLABY J094819-442224,57.000000000114,0.05702074296429983
WALLABY J094819-442224,63.00000000012601,0.01663922581143727
WALLABY J094828-472216,3.000000000006,81.61290110794498
WALLABY J094828-472216,9.000000000018,55.20696550679198
WALLABY J094828-472216,15.00000000003,42.749967532223344
WALLABY J094828-472216,21.000000000042,31.236282336662256
WALLABY J094828-472216,27.000000000054,18.586267805694312
WALLABY J094828-472216,33.000000000066,6.820839655957904
WALLABY J094828-472216,39.000000000078,2.9388812716154478
WALLABY J094828-472216,45.00000000009,1.1718612960640797
WALLABY J094828-472216,51.000000000102006,0.008226699220857921
WALLABY J094828-472216,57.000000000114,0.5763052574377707
WALLABY J094828-472216,63.00000000012601,0.20811877276256277
WALLABY J094828-472216,69.000000000138,0.011776169286131125
WALLABY J094840-452959,3.000000000006,31.521494769227218
WALLABY J094840-452959,9.000000000018,39.62193479553791
WALLABY J094840-452959,15.00000000003,41.89225216862697
WALLABY J094840-452959,21.000000000042,40.69602589546458
WALLABY J094840-452959,27.000000000054,26.048161860096855
WALLABY J094840-452959,33.000000000066,33.373578271977046
WALLABY J094840-452959,39.000000000078,14.46988464935395
WALLABY J094840-452959,45.00000000009,16.929570712036394
WALLABY J094840-452959,51.000000000102006,11.100495945213709
WALLABY J094840-452959,57.000000000114,8.289909200500993
WALLABY J094840-452959,63.00000000012601,4.385353982753563
WALLABY J094840-452959,69.000000000138,3.1660620867062965
WALLABY J094840-452959,75.00000000015001,1.9031039426129974
WALLABY J094840-452959,81.000000000162,1.4130195675328725
WALLABY J094840-452959,87.000000000174,0.7880830293505895
WALLABY J094840-452959,93.000000000186,0.772879214674653
WALLABY J094840-452959,99.000000000198,0.3270554362610012
WALLABY J094840-452959,105.00000000021001,0.37103340454485634
WALLABY J094840-452959,111.000000000222,0.07617230976380697
WALLABY J094840-452959,117.000000000234,0.17649418488428373
WALLABY J094840-452959,123.000000000246,0.17200558706727567
WALLABY J094840-452959,129.000000000258,0.009843318199740294
WALLABY J094840-452959,135.00000000027,0.009391412855830698
WALLABY J094854-462741,3.000000000006,32.17617619264538
WALLABY J094854-462741,9.000000000018,42.801340880453616
WALLABY J094854-462741,15.00000000003,32.728076524681654
WALLABY J094854-462741,21.000000000042,25.029563203472602
WALLABY J094854-462741,27.000000000054,17.199488263097194
WALLABY J094854-462741,33.000000000066,11.231788800060496
WALLABY J094854-462741,39.000000000078,5.353576116611809
WALLABY J094854-462741,45.00000000009,2.4269691804425735
WALLABY J094854-462741,51.000000000102006,0.8805528711069676
WALLABY J094854-462741,57.000000000114,0.041861254656320984
WALLABY J094855-435404,3.000000000006,18.623019342791473
WALLABY J094855-435404,9.000000000018,29.17907434395091
WALLABY J094855-435404,15.00000000003,36.58700105183551
WALLABY J094855-435404,21.000000000042,19.64581526429638
WALLABY J094855-435404,27.000000000054,15.61785735369337
WALLABY J094855-435404,33.000000000066,9.680240820468692
WALLABY J094855-435404,39.000000000078,3.980504159433777
WALLABY J094855-435404,45.00000000009,1.110553594711894
WALLABY J094855-435404,51.000000000102006,0.5288995429323314
WALLABY J094855-435404,57.000000000114,0.10741125309845559
WALLABY J094855-435404,63.00000000012601,0.14367626800932923
WALLABY J094855-474548,3.000000000006,19.15730810794392
WALLABY J094855-474548,9.000000000018,23.65295620385197
WALLABY J094855-474548,15.00000000003,20.3025726951633
WALLABY J094855-474548,21.000000000042,14.141583424200395
WALLABY J094855-474548,27.000000000054,8.201778503038112
WALLABY J094855-474548,33.000000000066,4.8339301492301106
WALLABY J094855-474548,39.000000000078,1.7004449595307247
WALLABY J094855-474548,45.00000000009,0.5196154259104404
WALLABY J094855-474548,51.000000000102006,0.03234058064949401
WALLABY J094926-435730,3.000000000006,22.45383087878032
WALLABY J094926-435730,9.000000000018,22.635152287320103
WALLABY J094926-435730,15.00000000003,16.73002317923967
WALLABY J094926-435730,21.000000000042,22.173088141282104
WALLABY J094926-435730,27.000000000054,15.820055987782638
WALLABY J094926-435730,33.000000000066,14.644008689516006
WALLABY J094926-435730,39.000000000078,9.385494622967435
WALLABY J094926-435730,45.00000000009,6.120564238782396
WALLABY J094926-435730,51.000000000102006,4.40889426430757
WALLABY J094926-435730,57.000000000114,4.153614844951441
WALLABY J094926-435730,63.00000000012601,2.691233268732343
WALLABY J094926-435730,69.000000000138,1.826389530083319
WALLABY J094926-435730,75.00000000015001,1.2617676977963497
WALLABY J094926-435730,81.000000000162,0.4917034749457163
WALLABY J094926-435730,87.000000000174,0.2518416281140094
WALLABY J094926-435730,93.000000000186,0.21570541299294796
WALLABY J094926-435730,99.000000000198,0.19497755640418424
WALLABY J094926-435730,105.00000000021001,0.14595299452034044
WALLABY J094926-435730,111.000000000222,0.06955364089235264
WALLABY J094930-475941,3.000000000006,18.90774453110325
WALLABY J094930-475941,9.000000000018,21.70844220461793
WALLABY J094930-475941,15.00000000003,13.879384169896689
WALLABY J094930-475941,21.000000000042,9.798660475050168
WALLABY J094930-475941,27.000000000054,11.13166840082072
WALLABY J094930-475941,33.000000000066,4.342581827469506
WALLABY J094930-475941,39.000000000078,1.9951932970458732
WALLABY J094930-475941,45.00000000009,0.4441398247519236
WALLABY J094930-475941,51.000000000102006,0.205811806585174
WALLABY J094930-475941,57.000000000114,0.22403177585217324
WALLABY J094930-475941,63.00000000012601,0.22027021013136266
WALLABY J094930-475941,69.000000000138,0.10727515641275191
WALLABY J094940-454322,3.000000000006,48.74115383080242
WALLABY J094940-454322,9.000000000018,69.82243108873658
WALLABY J094940-454322,15.00000000003,53.06268414947949
WALLABY J094940-454322,21.000000000042,47.529875025328295
WALLABY J094940-454322,27.000000000054,33.29488890797955
WALLABY J094940-454322,33.000000000066,24.01659540575915
WALLABY J094940-454322,39.000000000078,15.398214279528645
WALLABY J094940-454322,45.00000000009,8.798377905429353
WALLABY J094940-454322,51.000000000102006,5.799191336029618
WALLABY J094940-454322,57.000000000114,3.704920295676488
WALLABY J094940-454322,63.00000000012601,2.3580926230874186
WALLABY J094940-454322,69.000000000138,1.239256230805111
WALLABY J094940-454322,75.00000000015001,0.14915970767104073
WALLABY J094940-454322,81.000000000162,0.009396598552815324
WALLABY J094944-471059,3.000000000006,21.776596676662813
WALLABY J094944-471059,9.000000000018,23.688541095918755
WALLABY J094944-471059,15.00000000003,24.50180839917431
WALLABY J094944-471059,21.000000000042,26.221594627416724
WALLABY J094944-471059,27.000000000054,27.821026493352644
WALLABY J094944-471059,33.000000000066,38.33311745208999
WALLABY J094944-471059,39.000000000078,39.88763888386453
WALLABY J094944-471059,45.00000000009,41.65578643687051
WALLABY J094944-471059,51.000000000102006,44.858878004904454
WALLABY J094944-471059,57.000000000114,37.7520972377247
WALLABY J094944-471059,63.00000000012601,33.594889319271616
WALLABY J094944-471059,69.000000000138,25.872775393937584
WALLABY J094944-471059,75.00000000015001,21.744798046613816
WALLABY J094944-471059,81.000000000162,16.36701440343517
WALLABY J094944-471059,87.000000000174,12.333755453319997
WALLABY J094944-471059,93.000000000186,8.113988460067054
WALLABY J094944-471059,99.000000000198,5.085404541939195
WALLABY J094944-471059,105.00000000021001,2.3429126110512586
WALLABY J094944-471059,111.000000000222,2.372504701698847
WALLABY J094944-471059,117.000000000234,1.0470279423289928
WALLABY J094944-471059,123.000000000246,0.8044998941308312
WALLABY J094944-471059,129.000000000258,0.3595455103642088
WALLABY J094944-471059,135.00000000027,0.051398733298232434
WALLABY J094944-471059,141.000000000282,0.007623687966657593
WALLABY J094944-471059,147.000000000294,0.0011416046841991032
WALLABY J094954-485521,3.000000000006,1.6221575829370396
WALLABY J094954-485521,9.000000000018,1.3526109975327347
WALLABY J094954-485521,15.00000000003,3.019572506595937
WALLABY J094954-485521,21.000000000042,6.795062039525746
WALLABY J094954-485521,27.000000000054,5.276046082376946
WALLABY J094954-485521,33.000000000066,8.935535746798704
WALLABY J094954-485521,39.000000000078,8.99258085721089
WALLABY J094954-485521,45.00000000009,10.520430902541962
WALLABY J094954-485521,51.000000000102006,9.733950060218909
WALLABY J094954-485521,57.000000000114,8.429135457000962
WALLABY J094954-485521,63.00000000012601,9.425090720533387
WALLABY J094954-485521,69.000000000138,8.811690415342403
WALLABY J094954-485521,75.00000000015001,6.519809919322625
WALLABY J094954-485521,81.000000000162,6.290734095966483
WALLABY J094954-485521,87.000000000174,3.3358814390521876
WALLABY J094954-485521,93.000000000186,3.138939902818834
WALLABY J094954-485521,99.000000000198,1.2869034728264201
WALLABY J094954-485521,105.00000000021001,2.4971692005650494
WALLABY J094954-485521,111.000000000222,1.0169045953767735
WALLABY J094954-485521,117.000000000234,0.7210321097456869
WALLABY J094954-485521,123.000000000246,1.2304344114971466
WALLABY J094954-485521,129.000000000258,0.43702241674718695
WALLABY J094954-485521,135.00000000027,0.19756926491331694
WALLABY J094954-485521,141.000000000282,0.4404309142191849
WALLABY J094954-485521,147.000000000294,0.06766209657409301
WALLABY J094954-485521,153.000000000306,0.10390886291941781
WALLABY J094959-481705,3.000000000006,123.95702698916891
WALLABY J094959-481705,9.000000000018,49.929570318704315
WALLABY J094959-481705,15.00000000003,68.908945367584
WALLABY J094959-481705,21.000000000042,49.90213044930739
WALLABY J094959-481705,27.000000000054,36.86217421403457
WALLABY J094959-481705,33.000000000066,18.174135250755324
WALLABY J094959-481705,39.000000000078,9.59776452111219
WALLABY J094959-481705,45.00000000009,4.504353820170472
WALLABY J094959-481705,51.000000000102006,2.7365874622948536
WALLABY J094959-481705,57.000000000114,0.8123119081460873
WALLABY J094959-481705,63.00000000012601,0.46622021069357766
WALLABY J094959-481705,69.000000000138,0.2677664010847448
WALLABY J094959-481705,75.00000000015001,0.02777300551327373
WALLABY J095019-441017,3.000000000006,7.439430441058873
WALLABY J095019-441017,9.000000000018,18.7614226533645
WALLABY J095019-441017,15.00000000003,14.563014613125985
WALLABY J095019-441017,21.000000000042,9.673010710827894
WALLABY J095019-441017,27.000000000054,4.6308121138446845
WALLABY J095019-441017,33.000000000066,4.079955966120882
WALLABY J095019-441017,39.000000000078,3.8824044420878185
WALLABY J095019-441017,45.00000000009,2.671163131970818
WALLABY J095019-441017,51.000000000102006,0.5155605756178034
WALLABY J095019-441017,57.000000000114,0.3640343969658939
WALLABY J095019-441017,63.00000000012601,0.2918791332668972
WALLABY J095019-441017,69.000000000138,0.1145593702175926
WALLABY J095019-441017,75.00000000015001,0.01955862479403396
WALLABY J095019-452605,3.000000000006,25.865729542369408
WALLABY J095019-452605,9.000000000018,33.66957561405241
WALLABY J095019-452605,15.00000000003,29.18386865779177
WALLABY J095019-452605,21.000000000042,20.732841542710595
WALLABY J095019-452605,27.000000000054,14.531885983072568
WALLABY J095019-452605,33.000000000066,7.838124033243445
WALLABY J095019-452605,39.000000000078,4.3940451723746685
WALLABY J095019-452605,45.00000000009,1.8190086405998245
WALLABY J095019-452605,51.000000000102006,0.9921243489879915
WALLABY J095019-452605,57.000000000114,0.5991302007575591
WALLABY J095019-452605,63.00000000012601,0.23576626063632344
WALLABY J095019-452605,69.000000000138,0.17686283580664539
WALLABY J095019-452605,75.00000000015001,0.013305078982507332
WALLABY J095126-452831,3.000000000006,88.84699494799399
WALLABY J095126-452831,9.000000000018,44.804570896019065
WALLABY J095126-452831,15.00000000003,45.02705041512064
WALLABY J095126-452831,21.000000000042,42.30876227925545
WALLABY J095126-452831,27.000000000054,21.7394954938434
WALLABY J095126-452831,33.000000000066,15.429477978756994
WALLABY J095126-452831,39.000000000078,8.237228527084666
WALLABY J095126-452831,45.00000000009,4.0759147170994625
WALLABY J095126-452831,51.000000000102006,1.9034192155540293
WALLABY J095126-452831,57.000000000114,0.4218453729567994
WALLABY J095126-452831,63.00000000012601,0.417014430988286
WALLABY J095126-452831,69.000000000138,0.2900968297043497
WALLABY J095126-452831,75.00000000015001,0.14480093880347802
WALLABY J095126-452831,81.000000000162,0.0609492751955279
WALLABY J095131-440121,3.000000000006,34.84086012115976
WALLABY J095131-440121,9.000000000018,35.676213101374444
WALLABY J095131-440121,15.00000000003,22.283170294834452
WALLABY J095131-440121,21.000000000042,21.434014394207043
WALLABY J095131-440121,27.000000000054,24.70687895522781
WALLABY J095131-440121,33.000000000066,18.89136802186912
WALLABY J095131-440121,39.000000000078,15.381816491097533
WALLABY J095131-440121,45.00000000009,8.59261676150367
WALLABY J095131-440121,51.000000000102006,6.140943683892884
WALLABY J095131-440121,57.000000000114,4.086618848820683
WALLABY J095131-440121,63.00000000012601,2.40863340882191
WALLABY J095131-440121,69.000000000138,0.7091501056327886
WALLABY J095131-440121,75.00000000015001,0.09204505094595072
WALLABY J095131-440121,81.000000000162,0.0899109031548587
WALLABY J095131-440121,87.000000000174,0.001951636253040486
WALLABY J095131-440121,93.000000000186,0.007722475725983573
WALLABY J095205-443809,3.000000000006,42.29604350814431
WALLABY J095205-443809,9.000000000018,17.958561990477747
WALLABY J095205-443809,15.00000000003,18.260155225334188
WALLABY J095205-443809,21.000000000042,16.15859337813792
WALLABY J095205-443809,27.000000000054,9.167752643058337
WALLABY J095205-443809,33.000000000066,6.256279989911686
WALLABY J095205-443809,39.000000000078,4.768685620618403
WALLABY J095205-443809,45.00000000009,2.465609986980803
WALLABY J095205-443809,51.000000000102006,1.2159195973641492
WALLABY J095205-443809,57.000000000114,0.5751198734750846
WALLABY J095205-443809,63.00000000012601,0.6134954388383079
WALLABY J095205-443809,69.000000000138,0.23444567572712363
WALLABY J095205-443809,75.00000000015001,0.19877129500822138
WALLABY J095205-443809,81.000000000162,0.0786466932161217
WALLABY J095205-443809,87.000000000174,0.08245739682062204
WALLABY J095205-443809,93.000000000186,0.044327948182012106
WALLABY J095211-464251,3.000000000006,33.71158059161812
WALLABY J095211-464251,9.000000000018,64.07680877012099
WALLABY J095211-464251,15.00000000003,52.621367231230565
WALLABY J095211-464251,21.000000000042,40.495923469587034
WALLABY J095211-464251,27.000000000054,42.118877403058086
WALLABY J095211-464251,33.000000000066,25.176025447786188
WALLABY J095211-464251,39.000000000078,14.7007530864472
WALLABY J095211-464251,45.00000000009,17.73023348188535
WALLABY J095211-464251,51.000000000102006,10.329330795176393
WALLABY J095211-464251,57.000000000114,5.74210732530211
WALLABY J095211-464251,63.00000000012601,3.575133551718528
WALLABY J095211-464251,69.000000000138,2.6579683468390387
WALLABY J095211-464251,75.00000000015001,1.2949827367222895
WALLABY J095211-464251,81.000000000162,1.2906366619440033
WALLABY J095211-464251,87.000000000174,0.5513744133582696
WALLABY J095211-464251,93.000000000186,0.31519298219287695
WALLABY J095211-464251,99.000000000198,0.24550558923078233
WALLABY J095211-464251,105.00000000021001,0.0818160405382867
WALLABY J095211-464251,111.000000000222,0.06807917728077034
WALLABY J095239-470647,3.000000000006,84.96887330564766
WALLABY J095239-470647,9.000000000018,46.433242376962745
WALLABY J095239-470647,15.00000000003,40.27822529684481
WALLABY J095239-470647,21.000000000042,36.697456934065286
WALLABY J095239-470647,27.000000000054,28.38865158858616
WALLABY J095239-470647,33.000000000066,23.279221220886424
WALLABY J095239-470647,39.000000000078,14.529215369737841
WALLABY J095239-470647,45.00000000009,8.83066515433817
WALLABY J095239-470647,51.000000000102006,5.099940030531109
WALLABY J095239-470647,57.000000000114,3.1806115032030946
WALLABY J095239-470647,63.00000000012601,2.635146468070188
WALLABY J095239-470647,69.000000000138,2.129747649902907
WALLABY J095239-470647,75.00000000015001,1.2397221765031137
WALLABY J095239-470647,81.000000000162,0.6328366418705597
WALLABY J095239-470647,87.000000000174,0.43296646486109513
WALLABY J095239-470647,93.000000000186,0.22569875763129213
WALLABY J095239-470647,99.000000000198,0.0007863307025803092
WALLABY J095244-474722,3.000000000006,41.55582666446454
WALLABY J095244-474722,9.000000000018,55.489570514440516
WALLABY J095244-474722,15.00000000003,46.03487068405578
WALLABY J095244-474722,21.000000000042,33.00249379869251
WALLABY J095244-474722,27.000000000054,21.07388267964579
WALLABY J095244-474722,33.000000000066,11.420478719909045
WALLABY J095244-474722,39.000000000078,5.028391091738974
WALLABY J095244-474722,45.00000000009,0.9161942512190796
WALLABY J095244-474722,51.000000000102006,0.3563573676854822
WALLABY J095244-474722,57.000000000114,0.7306228168810848
WALLABY J095244-474722,63.00000000012601,0.10943893773337583
WALLABY J095347-455759,3.000000000006,100.53169374829764
WALLABY J095347-455759,9.000000000018,78.52816020818321
WALLABY J095347-455759,15.00000000003,85.1659544779349
WALLABY J095347-455759,21.000000000042,75.73609613791545
WALLABY J095347-455759,27.000000000054,43.7172586871209
WALLABY J095347-455759,33.000000000066,46.40316801508178
WALLABY J095347-455759,39.000000000078,33.083134276365264
WALLABY J095347-455759,45.00000000009,20.622652363747978
WALLABY J095347-455759,51.000000000102006,12.369801946706314
WALLABY J095347-455759,57.000000000114,8.409037118984536
WALLABY J095347-455759,63.00000000012601,4.700217028627644
WALLABY J095347-455759,69.000000000138,2.4767036484226037
WALLABY J095347-455759,75.00000000015001,1.6418734978807368
WALLABY J095347-455759,81.000000000162,0.8194872254543019
WALLABY J095347-455759,87.000000000174,0.9298553455609861
WALLABY J095347-455759,93.000000000186,0.8167463154441928
WALLABY J095347-455759,99.000000000198,0.544154525217255
WALLABY J095347-455759,105.00000000021001,0.16679063947828124
WALLABY J095347-455759,111.000000000222,0.07332685182320857
WALLABY J095347-455759,117.000000000234,0.0003979697610740296
WALLABY J095354-433845,3.000000000006,87.02862899987647
WALLABY J095354-433845,9.000000000018,103.58904751205955
WALLABY J095354-433845,15.00000000003,86.88879982913114
WALLABY J095354-433845,21.000000000042,64.48094601194042
WALLABY J095354-433845,27.000000000054,39.481595781246334
WALLABY J095354-433845,33.000000000066,32.54852483067656
WALLABY J095354-433845,39.000000000078,23.426202523522548
WALLABY J095354-433845,45.00000000009,14.612628081885138
WALLABY J095354-433845,51.000000000102006,7.925498543315853
WALLABY J095354-433845,57.000000000114,3.9569162534975773
WALLABY J095354-433845,63.00000000012601,0.42146778516749156
WALLABY J095354-433845,69.000000000138,0.33456823925163065
WALLABY J095354-433845,75.00000000015001,0.2332100499358968
WALLABY J095354-433845,81.000000000162,0.2194194829217005
WALLABY J095354-433845,87.000000000174,0.21625762548866911
WALLABY J095354-433845,93.000000000186,0.04523695299285765
WALLABY J095448-462159,3.000000000006,57.62420064243625
WALLABY J095448-462159,9.000000000018,50.20667465739641
WALLABY J095448-462159,15.00000000003,39.318336941197444
WALLABY J095448-462159,21.000000000042,26.26402165204836
WALLABY J095448-462159,27.000000000054,12.206597482375248
WALLABY J095448-462159,33.000000000066,5.749123809344258
WALLABY J095448-462159,39.000000000078,2.5637666392723495
WALLABY J095448-462159,45.00000000009,0.5338468030407574
WALLABY J095448-462159,51.000000000102006,0.11595634747574658
WALLABY J095448-462159,57.000000000114,0.09148650594670676
WALLABY J095448-462159,63.00000000012601,0.06508815478575734
WALLABY J095454-472801,3.000000000006,25.267166167427703
WALLABY J095454-472801,9.000000000018,23.62893876275994
WALLABY J095454-472801,15.00000000003,23.245776424914215
WALLABY J095454-472801,21.000000000042,17.670442064034237
WALLABY J095454-472801,27.000000000054,11.887957584687797
WALLABY J095454-472801,33.000000000066,9.487004972012812
WALLABY J095454-472801,39.000000000078,5.101188111902419
WALLABY J095454-472801,45.00000000009,2.309239761764908
WALLABY J095454-472801,51.000000000102006,0.9085410974831307
WALLABY J095454-472801,57.000000000114,0.38738993683541495
WALLABY J095454-472801,63.00000000012601,0.054523217173774806
WALLABY J095454-472801,69.000000000138,0.0428817475264547
WALLABY J095503-483432,3.000000000006,61.00359448635937
WALLABY J095503-483432,9.000000000018,46.72798274754547
WALLABY J095503-483432,15.00000000003,34.71777494498339
WALLABY J095503-483432,21.000000000042,26.384642590414327
WALLABY J095503-483432,27.000000000054,23.807057504030244
WALLABY J095503-483432,33.000000000066,16.447164942417096
WALLABY J095503-483432,39.000000000078,9.184951608282741
WALLABY J095503-483432,45.00000000009,3.7822778476193997
WALLABY J095503-483432,51.000000000102006,1.4443208692464538
WALLABY J095503-483432,57.000000000114,0.25597852512606284
WALLABY J095503-483432,63.00000000012601,0.039600240219466946
WALLABY J095503-483432,69.000000000138,0.03642544650454106
WALLABY J095558-472929,3.000000000006,24.058829407514555
WALLABY J095558-472929,9.000000000018,32.992422182435305
WALLABY J095558-472929,15.00000000003,17.876565325516594
WALLABY J095558-472929,21.000000000042,11.909136571019742
WALLABY J095558-472929,27.000000000054,7.218453032899926
WALLABY J095558-472929,33.000000000066,2.5829493360463447
WALLABY J095558-472929,39.000000000078,1.492548456180138
WALLABY J095558-472929,45.00000000009,0.3570691230010159
WALLABY J095558-472929,51.000000000102006,0.10486719642191814
WALLABY J095558-472929,57.000000000114,0.09178495680978946
WALLABY J095648-450253,3.000000000006,42.24201937642673
WALLABY J095648-450253,9.000000000018,24.052736181702127
WALLABY J095648-450253,15.00000000003,28.1957759989393
WALLABY J095648-450253,21.000000000042,12.681936621326617
WALLABY J095648-450253,27.000000000054,6.081884018164417
WALLABY J095648-450253,33.000000000066,1.857141756679292
WALLABY J095648-450253,39.000000000078,0.4735023522693725
WALLABY J095648-450253,45.00000000009,0.1918666465169457
WALLABY J095648-450253,51.000000000102006,0.021507555148282235
WALLABY J095710-485624,3.000000000006,28.00618629955931
WALLABY J095710-485624,9.000000000018,36.8866901896035
WALLABY J095710-485624,15.00000000003,40.50984854028375
WALLABY J095710-485624,21.000000000042,39.75807546561026
WALLABY J095710-485624,27.000000000054,39.05106137101854
WALLABY J095710-485624,33.000000000066,29.7940488650816
WALLABY J095710-485624,39.000000000078,33.165565394459705
WALLABY J095710-485624,45.00000000009,32.397496538137744
WALLABY J095710-485624,51.000000000102006,29.925548287719877
WALLABY J095710-485624,57.000000000114,28.124840198476377
WALLABY J095710-485624,63.00000000012601,25.159577971491185
WALLABY J095710-485624,69.000000000138,25.2780660285761
WALLABY J095710-485624,75.00000000015001,21.870368811266005
WALLABY J095710-485624,81.000000000162,19.66820623349878
WALLABY J095710-485624,87.000000000174,15.117936766003453
WALLABY J095710-485624,93.000000000186,12.280231513954451
WALLABY J095710-485624,99.000000000198,11.075115846014588
WALLABY J095710-485624,105.00000000021001,9.864543088750159
WALLABY J095710-485624,111.000000000222,10.213881304598342
WALLABY J095710-485624,117.000000000234,9.394396331324389
WALLABY J095710-485624,123.000000000246,7.526179880222467
WALLABY J095710-485624,129.000000000258,3.940026689125462
WALLABY J095710-485624,135.00000000027,1.4631232007656203
WALLABY J095710-485624,141.000000000282,0.4929360241101784
WALLABY J095710-485624,147.000000000294,0.12465654970000303
WALLABY J095719-465024,3.000000000006,28.534940216701692
WALLABY J095719-465024,9.000000000018,28.944598120939023
WALLABY J095719-465024,15.00000000003,33.3635474491095
WALLABY J095719-465024,21.000000000042,25.077484562371414
WALLABY J095719-465024,27.000000000054,18.6959922818751
WALLABY J095719-465024,33.000000000066,11.885815555596029
WALLABY J095719-465024,39.000000000078,8.45509742901825
WALLABY J095719-465024,45.00000000009,4.703078433505955
WALLABY J095719-465024,51.000000000102006,2.187785575869305
WALLABY J095719-465024,57.000000000114,1.1402309889670572
WALLABY J095719-465024,63.00000000012601,0.4054485044775768
WALLABY J095719-465024,69.000000000138,0.13993644882008804
WALLABY J095802-444730,3.000000000006,33.60818859462513
WALLABY J095802-444730,9.000000000018,22.208360693335553
WALLABY J095802-444730,15.00000000003,17.016965652704936
WALLABY J095802-444730,21.000000000042,12.502026749879812
WALLABY J095802-444730,27.000000000054,6.96470273935707
WALLABY J095802-444730,33.000000000066,2.920211109866286
WALLABY J095802-444730,39.000000000078,0.395022148343658
WALLABY J095802-444730,45.00000000009,0.08953139432773628
WALLABY J095802-444730,51.000000000102006,0.024802789833732658
WALLABY J095809-472057,3.000000000006,76.95773774976456
WALLABY J095809-472057,9.000000000018,41.81910539607586
WALLABY J095809-472057,15.00000000003,44.376169774421406
WALLABY J095809-472057,21.000000000042,47.39883939524203
WALLABY J095809-472057,27.000000000054,43.54897973560952
WALLABY J095809-472057,33.000000000066,37.07514034298206
WALLABY J095809-472057,39.000000000078,29.882020299583054
WALLABY J095809-472057,45.00000000009,27.74361349132815
WALLABY J095809-472057,51.000000000102006,14.77007922402035
WALLABY J095809-472057,57.000000000114,9.382709416641541
WALLABY J095809-472057,63.00000000012601,6.117763672786427
WALLABY J095809-472057,69.000000000138,2.9671276171864567
WALLABY J095809-472057,75.00000000015001,1.5737873813009746
WALLABY J095809-472057,81.000000000162,0.6125205671627727
WALLABY J095809-472057,87.000000000174,0.3916144987643931
WALLABY J095809-472057,93.000000000186,0.2638335051923129
WALLABY J095809-472057,99.000000000198,0.19165659703928678
WALLABY J095809-472057,105.00000000021001,0.14180037890951167
WALLABY J095809-472057,111.000000000222,0.012447163538717831
WALLABY J095809-472057,117.000000000234,0.008732739876780396
WALLABY J095809-472057,123.000000000246,0.0029791261399722403
WALLABY J095824-433328,3.000000000006,30.255082040734212
WALLABY J095824-433328,9.000000000018,22.2006617715618
WALLABY J095824-433328,15.00000000003,20.012420322860375
WALLABY J095824-433328,21.000000000042,13.528629190017012
WALLABY J095824-433328,27.000000000054,13.863618753113675
WALLABY J095824-433328,33.000000000066,5.879507706656605
WALLABY J095824-433328,39.000000000078,1.622387976958144
WALLABY J095824-433328,45.00000000009,0.24232305239157062
WALLABY J095824-433328,51.000000000102006,0.05021023865638823
WALLABY J095836-470454,3.000000000006,83.29530925677628
WALLABY J095836-470454,9.000000000018,34.230050211414714
WALLABY J095836-470454,15.00000000003,46.5159545354391
WALLABY J095836-470454,21.000000000042,29.718941593228486
WALLABY J095836-470454,27.000000000054,32.31238355898629
WALLABY J095836-470454,33.000000000066,22.038654529207964
WALLABY J095836-470454,39.000000000078,14.357674975438655
WALLABY J095836-470454,45.00000000009,11.038363299149864
WALLABY J095836-470454,51.000000000102006,5.570312970225585
WALLABY J095836-470454,57.000000000114,5.457537026619198
WALLABY J095836-470454,63.00000000012601,3.8225413148673177
WALLABY J095836-470454,69.000000000138,2.014266011211937
WALLABY J095836-470454,75.00000000015001,1.3273991851240454
WALLABY J095836-470454,81.000000000162,0.5136476720784513
WALLABY J095836-470454,87.000000000174,0.2354816024572502
WALLABY J095836-470454,93.000000000186,0.37325366982252883
WALLABY J095836-470454,99.000000000198,0.12066748432926071
WALLABY J095836-470454,105.00000000021001,0.019932969658173504
WALLABY J095836-470454,111.000000000222,0.09454453731839539
WALLABY J095836-470454,117.000000000234,0.1276446205898064
WALLABY J095836-470454,123.000000000246,0.08859544290708571
WALLABY J095836-470454,129.000000000258,0.08004203344120595
WALLABY J095836-470454,135.00000000027,0.00237933902748888
WALLABY J095836-470454,141.000000000282,0.014060450525764863
WALLABY J095955-464721,3.000000000006,20.073852170814813
WALLABY J095955-464721,9.000000000018,21.04356391027536
WALLABY J095955-464721,15.00000000003,19.47618302784978
WALLABY J095955-464721,21.000000000042,14.021959640450014
WALLABY J095955-464721,27.000000000054,11.654794504426263
WALLABY J095955-464721,33.000000000066,5.271722309952422
WALLABY J095955-464721,39.000000000078,3.031064265431601
WALLABY J095955-464721,45.00000000009,1.6196329395519817
WALLABY J095955-464721,51.000000000102006,0.3512461202140337
WALLABY J095955-464721,57.000000000114,0.2146720316429328
WALLABY J095955-464721,63.00000000012601,0.049074395215614096
WALLABY J100036-465940,3.000000000006,53.74021819184214
WALLABY J100036-465940,9.000000000018,68.96578851568859
WALLABY J100036-465940,15.00000000003,51.10200223463082
WALLABY J100036-465940,21.000000000042,43.75539339655129
WALLABY J100036-465940,27.000000000054,37.977172295853926
WALLABY J100036-465940,33.000000000066,32.63235234488827
WALLABY J100036-465940,39.000000000078,23.852616300587812
WALLABY J100036-465940,45.00000000009,14.835188884172913
WALLABY J100036-465940,51.000000000102006,10.79295619098984
WALLABY J100036-465940,57.000000000114,8.101589403798346
WALLABY J100036-465940,63.00000000012601,5.35986929407322
WALLABY J100036-465940,69.000000000138,3.541845970096969
WALLABY J100036-465940,75.00000000015001,3.5072798833223096
WALLABY J100036-465940,81.000000000162,3.6853568485178245
WALLABY J100036-465940,87.000000000174,3.0081170008272884
WALLABY J100036-465940,93.000000000186,2.185477309878668
WALLABY J100036-465940,99.000000000198,0.9178814397823065
WALLABY J100036-465940,105.00000000021001,0.48991399607419145
WALLABY J100036-465940,111.000000000222,0.1510916418639463
WALLABY J100036-465940,117.000000000234,0.031786404196286734
WALLABY J100036-465940,123.000000000246,0.0032099137279265957
WALLABY J100102-481259,3.000000000006,28.03288481757353
WALLABY J100102-481259,9.000000000018,21.00439219636534
WALLABY J100102-481259,15.00000000003,26.15498395897773
WALLABY J100102-481259,21.000000000042,22.49604517735094
WALLABY J100102-481259,27.000000000054,14.603975603491392
WALLABY J100102-481259,33.000000000066,9.6095461210921
WALLABY J100102-481259,39.000000000078,9.163028615835163
WALLABY J100102-481259,45.00000000009,5.781293047328017
WALLABY J100102-481259,51.000000000102006,3.5760343795269396
WALLABY J100102-481259,57.000000000114,2.554744530601035
WALLABY J100102-481259,63.00000000012601,1.0128053141043178
WALLABY J100102-481259,69.000000000138,0.43776107042145823
WALLABY J100102-481259,75.00000000015001,0.3879791513978058
WALLABY J100102-481259,81.000000000162,0.07633645215496432
WALLABY J100123-434533,3.000000000006,42.37099493472677
WALLABY J100123-434533,9.000000000018,54.80547855504793
WALLABY J100123-434533,15.00000000003,57.569873432457925
WALLABY J100123-434533,21.000000000042,48.08420209587042
WALLABY J100123-434533,27.000000000054,47.23220246029032
WALLABY J100123-434533,33.000000000066,45.10261198196507
WALLABY J100123-434533,39.000000000078,43.20432166440613
WALLABY J100123-434533,45.00000000009,41.87106396166007
WALLABY J100123-434533,51.000000000102006,34.699207985722246
WALLABY J100123-434533,57.000000000114,28.888860179516815
WALLABY J100123-434533,63.00000000012601,24.92192418923216
WALLABY J100123-434533,69.000000000138,20.904719138509407
WALLABY J100123-434533,75.00000000015001,15.961238824144182
WALLABY J100123-434533,81.000000000162,12.621109338154927
WALLABY J100123-434533,87.000000000174,9.403212024971094
WALLABY J100123-434533,93.000000000186,7.644212064037685
WALLABY J100123-434533,99.000000000198,6.2254936253988795
WALLABY J100123-434533,105.00000000021001,4.672785809307956
WALLABY J100123-434533,111.000000000222,2.9582907565039678
WALLABY J100123-434533,117.000000000234,2.2140884873881093
WALLABY J100123-434533,123.000000000246,1.303512443983764
WALLABY J100123-434533,129.000000000258,0.8382845971298012
WALLABY J100123-434533,135.00000000027,0.4101580716822261
WALLABY J100123-434533,141.000000000282,0.15997054106860054
WALLABY J100123-434533,147.000000000294,0.017329599435922757
WALLABY J100123-434533,153.000000000306,0.0007162094036645296
WALLABY J100145-471627,3.000000000006,13.700495194658467
WALLABY J100145-471627,9.000000000018,29.18422278876526
WALLABY J100145-471627,15.00000000003,25.401265345755785
WALLABY J100145-471627,21.000000000042,16.281229019933058
WALLABY J100145-471627,27.000000000054,12.554255239186183
WALLABY J100145-471627,33.000000000066,9.310453734882122
WALLABY J100145-471627,39.000000000078,5.486591557321476
WALLABY J100145-471627,45.00000000009,3.3620580216138163
WALLABY J100145-471627,51.000000000102006,1.5452691021194764
WALLABY J100145-471627,57.000000000114,0.9197726577869875
WALLABY J100145-471627,63.00000000012601,0.8101147247226028
WALLABY J100145-471627,69.000000000138,0.2959149184906647
WALLABY J100145-471627,75.00000000015001,0.15656599673566765
WALLABY J100145-471627,81.000000000162,0.12409683225306552
WALLABY J100145-471627,87.000000000174,0.0888350186448225
WALLABY J100145-471627,93.000000000186,0.07595591538422079
WALLABY J100145-471627,99.000000000198,0.033120844980399515
WALLABY J100212-445101,3.000000000006,25.504500838661116
WALLABY J100212-445101,9.000000000018,15.861951922174644
WALLABY J100212-445101,15.00000000003,15.722274740284067
WALLABY J100212-445101,21.000000000042,5.5830669098312615
WALLABY J100212-445101,27.000000000054,8.057786295078774
WALLABY J100212-445101,33.000000000066,5.176434015813873
WALLABY J100212-445101,39.000000000078,3.1560425897885778
WALLABY J100212-445101,45.00000000009,2.4776479292122793
WALLABY J100212-445101,51.000000000102006,1.6294562880217047
WALLABY J100212-445101,57.000000000114,1.1683648996233966
WALLABY J100212-445101,63.00000000012601,0.818191428435356
WALLABY J100212-445101,69.000000000138,0.5388679991226771
WALLABY J100212-445101,75.00000000015001,0.37035409973896954
WALLABY J100212-445101,81.000000000162,0.39022059031134243
WALLABY J100212-445101,87.000000000174,0.24232868747694392
WALLABY J100212-445101,93.000000000186,0.1540230909308029
WALLABY J100212-445101,99.000000000198,0.10827456679229644
WALLABY J100212-445101,105.00000000021001,0.082462244223696
WALLABY J100212-445101,111.000000000222,0.058473133254800025
WALLABY J100307-453140,3.000000000006,25.5161620121987
WALLABY J100307-453140,9.000000000018,32.10551261828496
WALLABY J100307-453140,15.00000000003,20.1253776338227
WALLABY J100307-453140,21.000000000042,15.98813764734576
WALLABY J100307-453140,27.000000000054,12.654633854157657
WALLABY J100307-453140,33.000000000066,7.652869170376765
WALLABY J100307-453140,39.000000000078,3.846734898701844
WALLABY J100307-453140,45.00000000009,2.6006528412498033
WALLABY J100307-453140,51.000000000102006,0.7659990905767888
WALLABY J100307-453140,57.000000000114,0.3296671523613526
WALLABY J100307-453140,63.00000000012601,0.11841927687870682
WALLABY J100307-453140,69.000000000138,0.039431428523046846
WALLABY J100317-440128,3.000000000006,54.43436239079539
WALLABY J100317-440128,9.000000000018,37.56232229355481
WALLABY J100317-440128,15.00000000003,37.52242630750953
WALLABY J100317-440128,21.000000000042,22.32846166036203
WALLABY J100317-440128,27.000000000054,12.028901133494946
WALLABY J100317-440128,33.000000000066,3.757995835202008
WALLABY J100317-440128,39.000000000078,0.19184263711959604
WALLABY J100317-440128,45.00000000009,0.14477024539495256
WALLABY J100317-440128,51.000000000102006,0.03702535829525181
WALLABY J100319-443142,3.000000000006,47.04396522006592
WALLABY J100319-443142,9.000000000018,57.61542993749675
WALLABY J100319-443142,15.00000000003,45.242439111779355
WALLABY J100319-443142,21.000000000042,43.37763462317176
WALLABY J100319-443142,27.000000000054,31.79525753577665
WALLABY J100319-443142,33.000000000066,19.516815364809784
WALLABY J100319-443142,39.000000000078,12.268104318469927
WALLABY J100319-443142,45.00000000009,6.499129967883005
WALLABY J100319-443142,51.000000000102006,3.7498508175830363
WALLABY J100319-443142,57.000000000114,1.3250315314678633
WALLABY J100319-443142,63.00000000012601,0.709244495376908
WALLABY J100319-443142,69.000000000138,0.37347511227106356
WALLABY J100319-443142,75.00000000015001,0.14071444341110326
WALLABY J100352-443211,3.000000000006,66.42832406167697
WALLABY J100352-443211,9.000000000018,81.25984515562753
WALLABY J100352-443211,15.00000000003,57.82782692360278
WALLABY J100352-443211,21.000000000042,49.44477523886225
WALLABY J100352-443211,27.000000000054,36.78838331623078
WALLABY J100352-443211,33.000000000066,20.279599067650707
WALLABY J100352-443211,39.000000000078,14.301074545662873
WALLABY J100352-443211,45.00000000009,8.901135949841658
WALLABY J100352-443211,51.000000000102006,5.316006587900347
WALLABY J100352-443211,57.000000000114,2.6323465456768034
WALLABY J100352-443211,63.00000000012601,0.799080444899711
WALLABY J100352-443211,69.000000000138,1.1044848149384874
WALLABY J100352-443211,75.00000000015001,0.7454505272180256
WALLABY J100352-443211,81.000000000162,0.25944267735204196
WALLABY J100352-443211,87.000000000174,0.2374383885209975
WALLABY J100352-443211,93.000000000186,0.004055430667909322
WALLABY J100415-445304,3.000000000006,38.53835391992024
WALLABY J100415-445304,9.000000000018,11.137078405340178
WALLABY J100415-445304,15.00000000003,19.02712779197056
WALLABY J100415-445304,21.000000000042,14.087798057585994
WALLABY J100415-445304,27.000000000054,8.376762294288936
WALLABY J100415-445304,33.000000000066,5.80292699402438
WALLABY J100415-445304,39.000000000078,4.453222574146601
WALLABY J100415-445304,45.00000000009,1.5386486415755898
WALLABY J100415-445304,51.000000000102006,0.6742295622200698
WALLABY J100415-445304,57.000000000114,0.32983068435417295
WALLABY J100415-445304,63.00000000012601,0.13074621236444975
WALLABY J100415-445304,69.000000000138,0.0573295722532267
WALLABY J100421-442527,3.000000000006,39.852252686952006
WALLABY J100421-442527,9.000000000018,48.36361056535048
WALLABY J100421-442527,15.00000000003,34.64002932680022
WALLABY J100421-442527,21.000000000042,37.929830023494844
WALLABY J100421-442527,27.000000000054,32.352858634141185
WALLABY J100421-442527,33.000000000066,30.431746209791807
WALLABY J100421-442527,39.000000000078,25.42425951164661
WALLABY J100421-442527,45.00000000009,18.3693754165622
WALLABY J100421-442527,51.000000000102006,16.08620301569781
WALLABY J100421-442527,57.000000000114,13.107909548021496
WALLABY J100421-442527,63.00000000012601,9.575364895065373
WALLABY J100421-442527,69.000000000138,7.48223976291652
WALLABY J100421-442527,75.00000000015001,6.472263019076254
WALLABY J100421-442527,81.000000000162,4.451800524983683
WALLABY J100421-442527,87.000000000174,3.175711660406035
WALLABY J100421-442527,93.000000000186,2.3391690321826104
WALLABY J100421-442527,99.000000000198,1.4647471650395074
WALLABY J100421-442527,105.00000000021001,0.7987911822223874
WALLABY J100421-442527,111.000000000222,0.3344580764334073
WALLABY J100421-442527,117.000000000234,0.18523753998637243
WALLABY J100421-442527,123.000000000246,0.12221551482319214
WALLABY J100421-442527,129.000000000258,0.09963918220431314
WALLABY J100421-442527,135.00000000027,0.07549107711169567
WALLABY J100421-442527,141.000000000282,0.09234814517432843
WALLABY J100421-442527,147.000000000294,0.15411406386124887
WALLABY J100421-442527,153.000000000306,0.2080757548767998
WALLABY J100421-442527,159.000000000318,0.1679715507840406
WALLABY J100421-442527,165.00000000033,0.14926053266983588
WALLABY J100421-442527,171.000000000342,0.10781613086854398
WALLABY J100421-442527,177.00000000035402,0.03369650714918424
WALLABY J100421-442527,183.00000000036601,0.010275667798280376
WALLABY J100425-444951,3.000000000006,35.34360413827357
WALLABY J100425-444951,9.000000000018,20.586944705917283
WALLABY J100425-444951,15.00000000003,27.147107515524894
WALLABY J100425-444951,21.000000000042,20.381563299508915
WALLABY J100425-444951,27.000000000054,17.160136899284268
WALLABY J100425-444951,33.000000000066,12.056781136081616
WALLABY J100425-444951,39.000000000078,9.274979977574361
WALLABY J100425-444951,45.00000000009,5.599200331103345
WALLABY J100425-444951,51.000000000102006,3.075138451388211
WALLABY J100425-444951,57.000000000114,1.3824692642143745
WALLABY J100425-444951,63.00000000012601,0.5634552883022325
WALLABY J100425-444951,69.000000000138,0.06405434407092116
WALLABY J100426-455138,3.000000000006,41.995624737526306
WALLABY J100426-455138,9.000000000018,29.878043366047617
WALLABY J100426-455138,15.00000000003,22.18163378871785
WALLABY J100426-455138,21.000000000042,26.151334468683224
WALLABY J100426-455138,27.000000000054,19.843316492869548
WALLABY J100426-455138,33.000000000066,13.756172284282334
WALLABY J100426-455138,39.000000000078,11.486083660673707
WALLABY J100426-455138,45.00000000009,6.079508237019004
WALLABY J100426-455138,51.000000000102006,2.7851955838536293
WALLABY J100426-455138,57.000000000114,1.0695166788887003
WALLABY J100426-455138,63.00000000012601,0.25106952242655745
WALLABY J100426-455138,69.000000000138,0.28553877474542577
WALLABY J100444-443016,3.000000000006,13.202327572935191
WALLABY J100444-443016,9.000000000018,10.461074469263387
WALLABY J100444-443016,15.00000000003,8.569138515220166
WALLABY J100444-443016,21.000000000042,5.850961582062404
WALLABY J100444-443016,27.000000000054,2.655059123878446
WALLABY J100444-443016,33.000000000066,0.4627436206011435
WALLABY J100444-443016,39.000000000078,0.5092846899376723
WALLABY J100444-443016,45.00000000009,0.20621292805318128
WALLABY J100444-443016,51.000000000102006,0.26998424726006093
WALLABY J100444-443016,57.000000000114,0.2468232499136077
WALLABY J100444-443016,63.00000000012601,0.0332441601381528
WALLABY J100451-435701,3.000000000006,47.35602465678934
WALLABY J100451-435701,9.000000000018,39.52566139596608
WALLABY J100451-435701,15.00000000003,26.879880023881437
WALLABY J100451-435701,21.000000000042,16.96667945536526
WALLABY J100451-435701,27.000000000054,13.667417396138276
WALLABY J100451-435701,33.000000000066,7.856883894443507
WALLABY J100451-435701,39.000000000078,4.285029235564611
WALLABY J100451-435701,45.00000000009,1.838173294334494
WALLABY J100451-435701,51.000000000102006,0.29898554946288997
WALLABY J100451-435701,57.000000000114,0.16562511888163162
WALLABY J100508-445144,3.000000000006,25.38719940596109
WALLABY J100508-445144,9.000000000018,34.743767143859976
WALLABY J100508-445144,15.00000000003,27.173649313583763
WALLABY J100508-445144,21.000000000042,23.054382164017586
WALLABY J100508-445144,27.000000000054,15.250147731767017
WALLABY J100508-445144,33.000000000066,14.074053832513995
WALLABY J100508-445144,39.000000000078,7.95414434957164
WALLABY J100508-445144,45.00000000009,3.8919196093661057
WALLABY J100508-445144,51.000000000102006,1.2773452850286247
WALLABY J100508-445144,57.000000000114,0.20788926172142286
WALLABY J100508-445144,63.00000000012601,0.12767822529962314
WALLABY J100508-445144,69.000000000138,0.07110796603326922
WALLABY J100508-445144,75.00000000015001,0.016651730012617404
WALLABY J100509-444852,3.000000000006,75.14184564557043
WALLABY J100509-444852,9.000000000018,50.391607082951595
WALLABY J100509-444852,15.00000000003,44.74647528347787
WALLABY J100509-444852,21.000000000042,47.47185525944789
WALLABY J100509-444852,27.000000000054,42.3346551652809
WALLABY J100509-444852,33.000000000066,42.92295188297534
WALLABY J100509-444852,39.000000000078,38.228354151713695
WALLABY J100509-444852,45.00000000009,29.408007623913697
WALLABY J100509-444852,51.000000000102006,19.878863918485603
WALLABY J100509-444852,57.000000000114,11.79585703571063
WALLABY J100509-444852,63.00000000012601,6.5210480044643315
WALLABY J100509-444852,69.000000000138,2.649824721869695
WALLABY J100509-444852,75.00000000015001,0.9628487436271251
WALLABY J100509-444852,81.000000000162,0.7032604265558537
WALLABY J100509-444852,87.000000000174,0.12171710129443224
WALLABY J100509-444852,93.000000000186,0.03835826947976532
WALLABY J100535-465131,3.000000000006,23.0616625337264
WALLABY J100535-465131,9.000000000018,11.949675691210835
WALLABY J100535-465131,15.00000000003,14.084411162647642
WALLABY J100535-465131,21.000000000042,12.01182013645539
WALLABY J100535-465131,27.000000000054,8.838858886870876
WALLABY J100535-465131,33.000000000066,5.9060124849368565
WALLABY J100535-465131,39.000000000078,4.050061591685056
WALLABY J100535-465131,45.00000000009,2.0910167167714806
WALLABY J100535-465131,51.000000000102006,1.1600288214482495
WALLABY J100535-465131,57.000000000114,0.43209888322860684
WALLABY J100535-465131,63.00000000012601,0.06370861518157563
WALLABY J100540-455426,3.000000000006,32.093653206236354
WALLABY J100540-455426,9.000000000018,37.58153236080971
WALLABY J100540-455426,15.00000000003,18.675130670756435
WALLABY J100540-455426,21.000000000042,15.0016825917576
WALLABY J100540-455426,27.000000000054,10.300389024128782
WALLABY J100540-455426,33.000000000066,4.33120834589799
WALLABY J100540-455426,39.000000000078,1.7525935313561567
WALLABY J100540-455426,45.00000000009,0.753536516865202
WALLABY J100540-455426,51.000000000102006,0.7029768628104842
WALLABY J100540-455426,57.000000000114,0.36408314228183875
WALLABY J100540-455426,63.00000000012601,0.182041104388079
WALLABY J100540-455426,69.000000000138,0.18074528361088815
WALLABY J100540-455426,75.00000000015001,0.10846877979986183
WALLABY J100540-455426,81.000000000162,0.030616130260051035
WALLABY J100542-442711,3.000000000006,56.54474769704762
WALLABY J100542-442711,9.000000000018,68.78762138407394
WALLABY J100542-442711,15.00000000003,45.73921201224706
WALLABY J100542-442711,21.000000000042,27.115068985525365
WALLABY J100542-442711,27.000000000054,31.93602228915723
WALLABY J100542-442711,33.000000000066,19.679515051895006
WALLABY J100542-442711,39.000000000078,11.728627339029392
WALLABY J100542-442711,45.00000000009,7.951687909925393
WALLABY J100542-442711,51.000000000102006,4.034784823304072
WALLABY J100542-442711,57.000000000114,1.2586946350350925
WALLABY J100542-442711,63.00000000012601,0.5525319315946944
WALLABY J100542-442711,69.000000000138,1.0132055901038548
WALLABY J100542-442711,75.00000000015001,0.981729821075949
WALLABY J100542-442711,81.000000000162,0.29453948884782866
WALLABY J100542-442711,87.000000000174,0.1031157325603403
WALLABY J100550-433754,3.000000000006,49.31587785551044
WALLABY J100550-433754,9.000000000018,61.59409772089745
WALLABY J100550-433754,15.00000000003,55.23113743720641
WALLABY J100550-433754,21.000000000042,37.940440692254946
WALLABY J100550-433754,27.000000000054,30.60961824588986
WALLABY J100550-433754,33.000000000066,18.746082529898242
WALLABY J100550-433754,39.000000000078,12.003603726339707
WALLABY J100550-433754,45.00000000009,6.319743670479621
WALLABY J100550-433754,51.000000000102006,2.908839207804197
WALLABY J100550-433754,57.000000000114,2.499115109167318
WALLABY J100550-433754,63.00000000012601,1.3487300481085511
WALLABY J100550-433754,69.000000000138,0.6801747001556288
WALLABY J100550-433754,75.00000000015001,0.3300887446384094
WALLABY J100550-433754,81.000000000162,0.3205295589977428
WALLABY J100550-433754,87.000000000174,0.0349992082400864
WALLABY J100552-450111,3.000000000006,46.87815723424182
WALLABY J100552-450111,9.000000000018,34.60167978103064
WALLABY J100552-450111,15.00000000003,25.223039570080708
WALLABY J100552-450111,21.000000000042,18.467524398126294
WALLABY J100552-450111,27.000000000054,15.475922507395426
WALLABY J100552-450111,33.000000000066,8.176505890628606
WALLABY J100552-450111,39.000000000078,4.326634974195134
WALLABY J100552-450111,45.00000000009,1.3019466260301538
WALLABY J100552-450111,51.000000000102006,0.478242036350623
WALLABY J100552-450111,57.000000000114,0.36119384844079205
WALLABY J100552-450111,63.00000000012601,0.310952568630621
WALLABY J100552-450111,69.000000000138,0.24331625431036086
WALLABY J100552-450111,75.00000000015001,0.23051123467513746
WALLABY J100552-450111,81.000000000162,0.23789282667205205
WALLABY J100552-450111,87.000000000174,0.1481418797779959
WALLABY J100552-450111,93.000000000186,0.05126843083053806
WALLABY J100552-450111,99.000000000198,0.005898658176742006
WALLABY J100619-442643,3.000000000006,8.408460578234248
WALLABY J100619-442643,9.000000000018,12.858290123696014
WALLABY J100619-442643,15.00000000003,9.426243748980019
WALLABY J100619-442643,21.000000000042,11.020936810235266
WALLABY J100619-442643,27.000000000054,8.889660640273743
WALLABY J100619-442643,33.000000000066,9.990944831831607
WALLABY J100619-442643,39.000000000078,5.95785466044951
WALLABY J100619-442643,45.00000000009,7.147018435305293
WALLABY J100619-442643,51.000000000102006,6.797629129455273
WALLABY J100619-442643,57.000000000114,4.048791139356211
WALLABY J100619-442643,63.00000000012601,3.440481876939104
WALLABY J100619-442643,69.000000000138,3.0724672683307133
WALLABY J100619-442643,75.00000000015001,1.757480963222155
WALLABY J100619-442643,81.000000000162,1.0573854970707108
WALLABY J100619-442643,87.000000000174,0.6640613152268149
WALLABY J100619-442643,93.000000000186,0.5543780629928237
WALLABY J100619-442643,99.000000000198,0.29857262874510937
WALLABY J100619-442643,105.00000000021001,0.04707858438682725
WALLABY J100619-442643,111.000000000222,0.05917827752212535
WALLABY J100619-442643,117.000000000234,0.023718722909221633
WALLABY J100619-442643,123.000000000246,0.01125210423262786
WALLABY J100629-462816,3.000000000006,34.85143116277648
WALLABY J100629-462816,9.000000000018,25.593592679397215
WALLABY J100629-462816,15.00000000003,30.558315294517406
WALLABY J100629-462816,21.000000000042,21.57224659107439
WALLABY J100629-462816,27.000000000054,12.138502610055125
WALLABY J100629-462816,33.000000000066,7.620953001097204
WALLABY J100629-462816,39.000000000078,4.895339510701674
WALLABY J100629-462816,45.00000000009,3.3957927739622975
WALLABY J100629-462816,51.000000000102006,2.224653393582062
WALLABY J100629-462816,57.000000000114,1.1926365252456572
WALLABY J100629-462816,63.00000000012601,0.6104198240293508
WALLABY J100629-462816,69.000000000138,0.2839501125230983
WALLABY J100629-462816,75.00000000015001,0.027140936181580387
WALLABY J100633-442552,3.000000000006,8.868307364592994
WALLABY J100633-442552,9.000000000018,20.116932889120914
WALLABY J100633-442552,15.00000000003,10.920958124027612
WALLABY J100633-442552,21.000000000042,9.58219693452999
WALLABY J100633-442552,27.000000000054,3.9316443921710977
WALLABY J100633-442552,33.000000000066,1.4872973290770297
WALLABY J100633-442552,39.000000000078,0.6172654369853094
WALLABY J100633-442552,45.00000000009,0.13722331289759462
WALLABY J100633-442552,51.000000000102006,0.05262152856258045
WALLABY J100633-442552,57.000000000114,0.0782394081959696
WALLABY J100633-442552,63.00000000012601,0.034292063139579936
WALLABY J100645-474147,3.000000000006,33.44677999267174
WALLABY J100645-474147,9.000000000018,43.40905344838127
WALLABY J100645-474147,15.00000000003,28.28559574558374
WALLABY J100645-474147,21.000000000042,34.958114217155426
WALLABY J100645-474147,27.000000000054,31.437613135455006
WALLABY J100645-474147,33.000000000066,27.606426976323878
WALLABY J100645-474147,39.000000000078,24.05519074974626
WALLABY J100645-474147,45.00000000009,18.53680318371551
WALLABY J100645-474147,51.000000000102006,14.32846021161344
WALLABY J100645-474147,57.000000000114,11.645968455377663
WALLABY J100645-474147,63.00000000012601,9.068419234682722
WALLABY J100645-474147,69.000000000138,8.734815496036239
WALLABY J100645-474147,75.00000000015001,5.96552719470522
WALLABY J100645-474147,81.000000000162,4.311231779879344
WALLABY J100645-474147,87.000000000174,2.886468454031063
WALLABY J100645-474147,93.000000000186,1.9210110633127377
WALLABY J100645-474147,99.000000000198,1.015602985410983
WALLABY J100645-474147,105.00000000021001,0.380293084426682
WALLABY J100645-474147,111.000000000222,0.2542119136998512
WALLABY J100645-474147,117.000000000234,0.06523152739998214
WALLABY J100647-473156,3.000000000006,34.76478672216964
WALLABY J100647-473156,9.000000000018,17.1105650989889
WALLABY J100647-473156,15.00000000003,18.21002739779593
WALLABY J100647-473156,21.000000000042,15.17782616920647
WALLABY J100647-473156,27.000000000054,9.652815869461634
WALLABY J100647-473156,33.000000000066,6.030435348832748
WALLABY J100647-473156,39.000000000078,1.4458384295960875
WALLABY J100647-473156,45.00000000009,0.46545857687142655
WALLABY J100647-473156,51.000000000102006,0.00010856490666947263
WALLABY J100656-450242,3.000000000006,245.43363040725052
WALLABY J100656-450242,9.000000000018,108.00991957389716
WALLABY J100656-450242,15.00000000003,154.9287973728475
WALLABY J100656-450242,21.000000000042,72.62094225366512
WALLABY J100656-450242,27.000000000054,143.0750655231756
WALLABY J100656-450242,33.000000000066,102.12997982161882
WALLABY J100656-450242,39.000000000078,75.65287889961084
WALLABY J100656-450242,45.00000000009,77.1160935506041
WALLABY J100656-450242,51.000000000102006,60.69251559695023
WALLABY J100656-450242,57.000000000114,55.261433663234435
WALLABY J100656-450242,63.00000000012601,39.71901821298207
WALLABY J100656-450242,69.000000000138,25.874431779703603
WALLABY J100656-450242,75.00000000015001,22.83152804351621
WALLABY J100656-450242,81.000000000162,15.045522247454656
WALLABY J100656-450242,87.000000000174,10.72565601143334
WALLABY J100656-450242,93.000000000186,7.105210547377061
WALLABY J100656-450242,99.000000000198,3.617125607435404
WALLABY J100656-450242,105.00000000021001,2.888985562056197
WALLABY J100656-450242,111.000000000222,1.6634717203174154
WALLABY J100656-450242,117.000000000234,1.5205289205741388
WALLABY J100656-450242,123.000000000246,1.6311728590371584
WALLABY J100656-450242,129.000000000258,1.604627852340783
WALLABY J100656-450242,135.00000000027,1.0966931595250642
WALLABY J100656-450242,141.000000000282,0.6551627718947871
WALLABY J100656-450242,147.000000000294,0.35977114598580606
WALLABY J100656-450242,153.000000000306,0.3465891461586488
WALLABY J100656-450242,159.000000000318,0.1572017501851673
WALLABY J100656-450242,165.00000000033,0.2139710529509916
WALLABY J100656-450242,171.000000000342,0.08439144789896143
WALLABY J100656-450242,177.00000000035402,0.08529564474860131
WALLABY J100656-450242,183.00000000036601,0.030984594562182225
WALLABY J100733-460851,3.000000000006,35.32690245377518
WALLABY J100733-460851,9.000000000018,21.259315588483567
WALLABY J100733-460851,15.00000000003,25.711645547585665
WALLABY J100733-460851,21.000000000042,18.118003780634073
WALLABY J100733-460851,27.000000000054,18.28545723518792
WALLABY J100733-460851,33.000000000066,10.7447556591999
WALLABY J100733-460851,39.000000000078,11.138676421392681
WALLABY J100733-460851,45.00000000009,6.547183943607924
WALLABY J100733-460851,51.000000000102006,3.973280619589368
WALLABY J100733-460851,57.000000000114,3.228917460794353
WALLABY J100733-460851,63.00000000012601,1.560483999931671
WALLABY J100733-460851,69.000000000138,1.0684141974487453
WALLABY J100733-460851,75.00000000015001,0.7863513189888771
WALLABY J100733-460851,81.000000000162,0.5934999260850932
WALLABY J100733-460851,87.000000000174,0.42019651776938616
WALLABY J100733-460851,93.000000000186,0.5430433336000322
WALLABY J100733-460851,99.000000000198,0.5128481354491381
WALLABY J100733-460851,105.00000000021001,0.281300453402643
WALLABY J100733-460851,111.000000000222,0.2253594933658142
WALLABY J100733-460851,117.000000000234,0.07833185110952298
WALLABY J100733-460851,123.000000000246,0.021589605207732974
WALLABY J100733-460851,129.000000000258,0.019912607609493104
WALLABY J100745-432954,3.000000000006,93.38375702750669
WALLABY J100745-432954,9.000000000018,105.37327398229908
WALLABY J100745-432954,15.00000000003,66.99307068096283
WALLABY J100745-432954,21.000000000042,61.87913817885571
WALLABY J100745-432954,27.000000000054,52.925192634119604
WALLABY J100745-432954,33.000000000066,44.75965206418703
WALLABY J100745-432954,39.000000000078,27.563687472403583
WALLABY J100745-432954,45.00000000009,19.198744687847856
WALLABY J100745-432954,51.000000000102006,12.535275033369423
WALLABY J100745-432954,57.000000000114,7.026410188990047
WALLABY J100745-432954,63.00000000012601,3.9131554120303793
WALLABY J100745-432954,69.000000000138,4.08137623928313
WALLABY J100745-432954,75.00000000015001,2.3784159910398084
WALLABY J100745-432954,81.000000000162,1.989877833349806
WALLABY J100745-432954,87.000000000174,1.677740996393512
WALLABY J100745-432954,93.000000000186,0.6134737925523005
WALLABY J100745-432954,99.000000000198,0.5117734955114067
WALLABY J100745-432954,105.00000000021001,0.5274553018282885
WALLABY J100745-432954,111.000000000222,0.4723827976226366
WALLABY J100745-432954,117.000000000234,0.1690818318159839
WALLABY J100745-432954,123.000000000246,0.06841197271314382
WALLABY J100745-432954,129.000000000258,0.02282277570465142
WALLABY J100748-430145,3.000000000006,35.09643669298172
WALLABY J100748-430145,9.000000000018,46.39708201756679
WALLABY J100748-430145,15.00000000003,37.63057052414048
WALLABY J100748-430145,21.000000000042,36.16659152236502
WALLABY J100748-430145,27.000000000054,38.67559193463606
WALLABY J100748-430145,33.000000000066,32.513935268629275
WALLABY J100748-430145,39.000000000078,23.594567234015646
WALLABY J100748-430145,45.00000000009,20.543740475304755
WALLABY J100748-430145,51.000000000102006,16.511037361520103
WALLABY J100748-430145,57.000000000114,11.943973427379241
WALLABY J100748-430145,63.00000000012601,7.310820593814139
WALLABY J100748-430145,69.000000000138,4.2405047506788325
WALLABY J100748-430145,75.00000000015001,2.2581364960755574
WALLABY J100748-430145,81.000000000162,1.5240786509268645
WALLABY J100748-430145,87.000000000174,0.37986646188169265
WALLABY J100748-430145,93.000000000186,0.17529346377000016
WALLABY J100748-430145,99.000000000198,0.06985372422211188
WALLABY J100748-430145,105.00000000021001,0.029130705252298834
WALLABY J100803-425316,3.000000000006,24.372375093401356
WALLABY J100803-425316,9.000000000018,26.703768636419454
WALLABY J100803-425316,15.00000000003,20.380661596967688
WALLABY J100803-425316,21.000000000042,18.704414150596246
WALLABY J100803-425316,27.000000000054,14.880264381993413
WALLABY J100803-425316,33.000000000066,7.148964173652613
WALLABY J100803-425316,39.000000000078,4.276705668991552
WALLABY J100803-425316,45.00000000009,0.5080725484385034
WALLABY J100803-425316,51.000000000102006,0.05177854011736477
WALLABY J100817-475436,3.000000000006,66.39408744333079
WALLABY J100817-475436,9.000000000018,58.86594257024374
WALLABY J100817-475436,15.00000000003,37.902329186889844
WALLABY J100817-475436,21.000000000042,30.802913189396005
WALLABY J100817-475436,27.000000000054,15.625914106173264
WALLABY J100817-475436,33.000000000066,9.087999799783413
WALLABY J100817-475436,39.000000000078,2.829547846629235
WALLABY J100817-475436,45.00000000009,1.4337442598268404
WALLABY J100817-475436,51.000000000102006,0.5464740570009388
WALLABY J100817-475436,57.000000000114,0.29300995375096045
WALLABY J100817-475436,63.00000000012601,0.04073633879143833
WALLABY J100846-472728,3.000000000006,30.111674646875954
WALLABY J100846-472728,9.000000000018,49.442728915793104
WALLABY J100846-472728,15.00000000003,36.631234719565235
WALLABY J100846-472728,21.000000000042,30.303899289165283
WALLABY J100846-472728,27.000000000054,22.61173255992373
WALLABY J100846-472728,33.000000000066,11.596948519107452
WALLABY J100846-472728,39.000000000078,5.6231833429717515
WALLABY J100846-472728,45.00000000009,2.031347263670445
WALLABY J100846-472728,51.000000000102006,1.2748270989669641
WALLABY J100846-472728,57.000000000114,0.4198186079638756
WALLABY J100846-472728,63.00000000012601,0.30364964122827387
WALLABY J100846-472728,69.000000000138,0.15286836035496734
WALLABY J100846-472728,75.00000000015001,0.06388452115838618
WALLABY J100846-472728,81.000000000162,0.04070014987579291
WALLABY J100855-444107,3.000000000006,32.30603033251331
WALLABY J100855-444107,9.000000000018,35.410812390202324
WALLABY J100855-444107,15.00000000003,27.12166146194727
WALLABY J100855-444107,21.000000000042,21.827205395775994
WALLABY J100855-444107,27.000000000054,13.583855666315339
WALLABY J100855-444107,33.000000000066,12.666800463056632
WALLABY J100855-444107,39.000000000078,6.529679869847756
WALLABY J100855-444107,45.00000000009,4.720673088785171
WALLABY J100855-444107,51.000000000102006,3.4859278174658304
WALLABY J100855-444107,57.000000000114,1.7348452963582677
WALLABY J100855-444107,63.00000000012601,0.7875275013511575
WALLABY J100855-444107,69.000000000138,0.4398389827052697
WALLABY J100855-444107,75.00000000015001,0.05176177288090695
WALLABY J100855-444107,81.000000000162,0.08440674071437453
WALLABY J100855-444107,87.000000000174,0.05439513747449
WALLABY J100855-444107,93.000000000186,0.024164339937148508
WALLABY J100859-445345,3.000000000006,5.112651250169814
WALLABY J100859-445345,9.000000000018,10.40815279191495
WALLABY J100859-445345,15.00000000003,10.49052096520003
WALLABY J100859-445345,21.000000000042,7.98134901177099
WALLABY J100859-445345,27.000000000054,5.9513948824489065
WALLABY J100859-445345,33.000000000066,4.921314994608188
WALLABY J100859-445345,39.000000000078,4.562503831373864
WALLABY J100859-445345,45.00000000009,2.5960613563411394
WALLABY J100859-445345,51.000000000102006,1.5632833972253541
WALLABY J100859-445345,57.000000000114,0.8524840319733153
WALLABY J100859-445345,63.00000000012601,0.47691247536899395
WALLABY J100859-445345,69.000000000138,0.21391836891192176
WALLABY J100859-445345,75.00000000015001,0.17096835193258236
WALLABY J100859-445345,81.000000000162,0.11288297801671539
WALLABY J100913-430010,3.000000000006,56.843698567257334
WALLABY J100913-430010,9.000000000018,81.59981808577663
WALLABY J100913-430010,15.00000000003,57.797078943271046
WALLABY J100913-430010,21.000000000042,43.840982475357244
WALLABY J100913-430010,27.000000000054,26.145751153233217
WALLABY J100913-430010,33.000000000066,10.046900384665019
WALLABY J100913-430010,39.000000000078,3.180346527803128
WALLABY J100913-430010,45.00000000009,0.770090537873672
WALLABY J100913-430010,51.000000000102006,0.010984705054730433
WALLABY J100916-431959,3.000000000006,41.63801613526609
WALLABY J100916-431959,9.000000000018,49.075989109522524
WALLABY J100916-431959,15.00000000003,34.76266549814583
WALLABY J100916-431959,21.000000000042,46.202383685545264
WALLABY J100916-431959,27.000000000054,47.216436082596196
WALLABY J100916-431959,33.000000000066,41.523683962877264
WALLABY J100916-431959,39.000000000078,43.41519294737398
WALLABY J100916-431959,45.00000000009,39.36484398370652
WALLABY J100916-431959,51.000000000102006,33.119583023459406
WALLABY J100916-431959,57.000000000114,35.550048254235435
WALLABY J100916-431959,63.00000000012601,35.67157222835566
WALLABY J100916-431959,69.000000000138,25.2274385316016
WALLABY J100916-431959,75.00000000015001,28.11904239015373
WALLABY J100916-431959,81.000000000162,28.89172286014458
WALLABY J100916-431959,87.000000000174,23.18720187357667
WALLABY J100916-431959,93.000000000186,19.373207805137394
WALLABY J100916-431959,99.000000000198,20.6290123985713
WALLABY J100916-431959,105.00000000021001,17.36045164796992
WALLABY J100916-431959,111.000000000222,12.886012419684148
WALLABY J100916-431959,117.000000000234,12.138956484593814
WALLABY J100916-431959,123.000000000246,9.085094875438001
WALLABY J100916-431959,129.000000000258,7.042854760075423
WALLABY J100916-431959,135.00000000027,4.081689943603982
WALLABY J100916-431959,141.000000000282,3.2941470333318024
WALLABY J100916-431959,147.000000000294,2.5224270756335567
WALLABY J100916-431959,153.000000000306,2.2109696610245506
WALLABY J100916-431959,159.000000000318,1.5353662799930614
WALLABY J100916-431959,165.00000000033,0.5681832192695282
WALLABY J100916-431959,171.000000000342,0.18717328518166937
WALLABY J100916-431959,177.00000000035402,0.017969616505060095
WALLABY J100916-431959,183.00000000036601,0.04172855815579505
WALLABY J100916-431959,189.000000000378,0.05636226702324052
WALLABY J100916-431959,195.00000000039,0.047830528113225926
WALLABY J100916-431959,201.000000000402,0.03491561139085473
WALLABY J100916-431959,207.000000000414,0.014302807186636209
WALLABY J100916-431959,213.000000000426,0.0042626566902257785
WALLABY J100916-431959,219.000000000438,0.003203253374325017
WALLABY J101036-433659,3.000000000006,50.3205671792218
WALLABY J101036-433659,9.000000000018,39.647690691231126
WALLABY J101036-433659,15.00000000003,36.70168465685152
WALLABY J101036-433659,21.000000000042,20.67976784566914
WALLABY J101036-433659,27.000000000054,25.625826944870276
WALLABY J101036-433659,33.000000000066,19.625075914510532
WALLABY J101036-433659,39.000000000078,13.650230419816557
WALLABY J101036-433659,45.00000000009,8.099450915979505
WALLABY J101036-433659,51.000000000102006,4.917031789653406
WALLABY J101036-433659,57.000000000114,3.0617691692859053
WALLABY J101036-433659,63.00000000012601,1.8140703147710384
WALLABY J101036-433659,69.000000000138,1.0616330212561318
WALLABY J101036-433659,75.00000000015001,0.6619813632752811
WALLABY J101036-433659,81.000000000162,0.37506138945877765
WALLABY J101036-433659,87.000000000174,0.16156971474680046
WALLABY J101036-433659,93.000000000186,0.03937405420668589
WALLABY J101036-433659,99.000000000198,0.004272114934704945
WALLABY J101036-433659,105.00000000021001,0.002574721433732081
WALLABY J101053-473338,3.000000000006,24.53020892612516
WALLABY J101053-473338,9.000000000018,33.163011817861445
WALLABY J101053-473338,15.00000000003,24.206824961553394
WALLABY J101053-473338,21.000000000042,18.28046473765958
WALLABY J101053-473338,27.000000000054,11.886886655998381
WALLABY J101053-473338,33.000000000066,10.063167682738912
WALLABY J101053-473338,39.000000000078,6.055867848120202
WALLABY J101053-473338,45.00000000009,3.6810382328208133
WALLABY J101053-473338,51.000000000102006,1.5985310474101517
WALLABY J101053-473338,57.000000000114,0.4471269150471534
WALLABY J101053-473338,63.00000000012601,0.3137210799532201
WALLABY J101053-473338,69.000000000138,0.2464933455826964
WALLABY J101053-473338,75.00000000015001,0.06990951652907992
WALLABY J101059-450851,3.000000000006,106.70692194618422
WALLABY J101059-450851,9.000000000018,72.12293935956123
WALLABY J101059-450851,15.00000000003,66.7540939040815
WALLABY J101059-450851,21.000000000042,78.4657007374282
WALLABY J101059-450851,27.000000000054,53.0386411880274
WALLABY J101059-450851,33.000000000066,50.022665475129465
WALLABY J101059-450851,39.000000000078,27.281282571351994
WALLABY J101059-450851,45.00000000009,28.63151423004462
WALLABY J101059-450851,51.000000000102006,19.481735621455176
WALLABY J101059-450851,57.000000000114,15.09285589425395
WALLABY J101059-450851,63.00000000012601,12.2341026608551
WALLABY J101059-450851,69.000000000138,8.913289719017472
WALLABY J101059-450851,75.00000000015001,7.779459535951886
WALLABY J101059-450851,81.000000000162,5.635216912081587
WALLABY J101059-450851,87.000000000174,4.763189765591753
WALLABY J101059-450851,93.000000000186,2.9359026083030244
WALLABY J101059-450851,99.000000000198,2.4835730477156295
WALLABY J101059-450851,105.00000000021001,1.898760194885378
WALLABY J101059-450851,111.000000000222,1.8376831046253277
WALLABY J101059-450851,117.000000000234,1.530881462623121
WALLABY J101059-450851,123.000000000246,1.1865423756181375
WALLABY J101059-450851,129.000000000258,1.2113673666184692
WALLABY J101059-450851,135.00000000027,1.2112104792758764
WALLABY J101059-450851,141.000000000282,0.9818147230759159
WALLABY J101059-450851,147.000000000294,0.9085320623655986
WALLABY J101059-450851,153.000000000306,0.7153375761342047
WALLABY J101059-450851,159.000000000318,0.8099894512322957
WALLABY J101059-450851,165.00000000033,0.5082178766706451
WALLABY J101059-450851,171.000000000342,0.49838647033381667
WALLABY J101059-450851,177.00000000035402,0.2925974397042668
WALLABY J101059-450851,183.00000000036601,0.0868476384581782
WALLABY J101059-450851,189.000000000378,0.0008046336943334937
WALLABY J101102-453912,3.000000000006,17.97333039976929
WALLABY J101102-453912,9.000000000018,21.371073898244756
WALLABY J101102-453912,15.00000000003,16.417594069067846
WALLABY J101102-453912,21.000000000042,15.719291417733679
WALLABY J101102-453912,27.000000000054,10.632445995513622
WALLABY J101102-453912,33.000000000066,7.8574877391261575
WALLABY J101102-453912,39.000000000078,5.096759135085789
WALLABY J101102-453912,45.00000000009,3.0901352173323615
WALLABY J101102-453912,51.000000000102006,2.145321256358279
WALLABY J101102-453912,57.000000000114,0.7660603754561663
WALLABY J101102-453912,63.00000000012601,0.22310490434729421
WALLABY J101102-453912,69.000000000138,0.013045642616891858
WALLABY J101115-432421,3.000000000006,27.54077768172711
WALLABY J101115-432421,9.000000000018,33.24542147372424
WALLABY J101115-432421,15.00000000003,20.76625442530562
WALLABY J101115-432421,21.000000000042,16.43506521400818
WALLABY J101115-432421,27.000000000054,16.630050328848423
WALLABY J101115-432421,33.000000000066,10.935576923097566
WALLABY J101115-432421,39.000000000078,6.555021602627579
WALLABY J101115-432421,45.00000000009,3.3790301192040753
WALLABY J101115-432421,51.000000000102006,1.0515762604161907
WALLABY J101115-432421,57.000000000114,0.4217447419884422
WALLABY J101115-432421,63.00000000012601,0.0840188050649596
WALLABY J101115-432421,69.000000000138,0.016009510268240074
WALLABY J101143-455557,3.000000000006,59.99856193299373
WALLABY J101143-455557,9.000000000018,44.55209454425058
WALLABY J101143-455557,15.00000000003,50.12312011117107
WALLABY J101143-455557,21.000000000042,34.944746609393206
WALLABY J101143-455557,27.000000000054,35.81967865958711
WALLABY J101143-455557,33.000000000066,29.87400263328938
WALLABY J101143-455557,39.000000000078,24.982834875411847
WALLABY J101143-455557,45.00000000009,20.448858118243
WALLABY J101143-455557,51.000000000102006,10.440985771499996
WALLABY J101143-455557,57.000000000114,6.153964986168907
WALLABY J101143-455557,63.00000000012601,3.7281076327213283
WALLABY J101143-455557,69.000000000138,2.751605923967783
WALLABY J101143-455557,75.00000000015001,1.5703376527661372
WALLABY J101143-455557,81.000000000162,0.7253813861130208
WALLABY J101143-455557,87.000000000174,0.2912273843250303
WALLABY J101143-455557,93.000000000186,0.20357679991410357
WALLABY J101143-455557,99.000000000198,0.22108777359050527
WALLABY J101143-455557,105.00000000021001,0.16463009404335768
WALLABY J101143-455557,111.000000000222,0.13986872275957926
WALLABY J101143-455557,117.000000000234,0.06419853328716695
WALLABY J101143-455557,123.000000000246,0.03387886944965697
WALLABY J101143-455557,129.000000000258,0.016133715931205675
WALLABY J101143-455557,135.00000000027,0.00503932181456241
WALLABY J101146-461636,3.000000000006,22.281463213006692
WALLABY J101146-461636,9.000000000018,26.41978999059473
WALLABY J101146-461636,15.00000000003,19.156638702184207
WALLABY J101146-461636,21.000000000042,14.15893579564447
WALLABY J101146-461636,27.000000000054,7.527610270714094
WALLABY J101146-461636,33.000000000066,4.1323309804762545
WALLABY J101146-461636,39.000000000078,2.4368346451939327
WALLABY J101146-461636,45.00000000009,0.7509627177611071
WALLABY J101146-461636,51.000000000102006,0.1179720359377359
WALLABY J101146-461636,57.000000000114,0.06478208885032272
WALLABY J101214-430504,3.000000000006,25.432153855964827
WALLABY J101214-430504,9.000000000018,7.456222070435219
WALLABY J101214-430504,15.00000000003,21.40340113074369
WALLABY J101214-430504,21.000000000042,9.071759132137425
WALLABY J101214-430504,27.000000000054,16.41217724073031
WALLABY J101214-430504,33.000000000066,8.055094806696264
WALLABY J101214-430504,39.000000000078,9.973113961802355
WALLABY J101214-430504,45.00000000009,5.998413738297059
WALLABY J101214-430504,51.000000000102006,6.581549180550291
WALLABY J101214-430504,57.000000000114,3.9977698694626356
WALLABY J101214-430504,63.00000000012601,3.540676947474761
WALLABY J101214-430504,69.000000000138,0.9563672391760147
WALLABY J101214-430504,75.00000000015001,0.7375268534871926
WALLABY J101214-430504,81.000000000162,0.31027539201490895
WALLABY J101214-430504,87.000000000174,0.14517031983895765
WALLABY J101214-430504,93.000000000186,0.009760590029749805
WALLABY J101214-430504,99.000000000198,0.02768712669828865
WALLABY J101303-440332,3.000000000006,30.362086583805528
WALLABY J101303-440332,9.000000000018,58.3922392357662
WALLABY J101303-440332,15.00000000003,50.90557384628988
WALLABY J101303-440332,21.000000000042,38.68291150317928
WALLABY J101303-440332,27.000000000054,26.981087283774098
WALLABY J101303-440332,33.000000000066,25.81260528462541
WALLABY J101303-440332,39.000000000078,18.129500639705707
WALLABY J101303-440332,45.00000000009,11.58986987949389
WALLABY J101303-440332,51.000000000102006,8.455346639464588
WALLABY J101303-440332,57.000000000114,4.439565140431695
WALLABY J101303-440332,63.00000000012601,3.314165652993173
WALLABY J101303-440332,69.000000000138,1.8891776823297564
WALLABY J101303-440332,75.00000000015001,0.9305804078775205
WALLABY J101303-440332,81.000000000162,0.429329626304925
WALLABY J101303-440332,87.000000000174,0.264907035097767
WALLABY J101303-440332,93.000000000186,0.3298489497558865
WALLABY J101303-440332,99.000000000198,0.10322249024891902
WALLABY J101303-440332,105.00000000021001,0.11686101824756377
WALLABY J101303-440332,111.000000000222,0.025501734410127142
WALLABY J101303-440332,117.000000000234,0.00970897050143161
WALLABY J101303-440332,123.000000000246,0.003803020330851415
WALLABY J101303-440332,129.000000000258,0.007462800781047511
WALLABY J101303-440332,135.00000000027,0.015671107259576964
WALLABY J101303-440332,141.000000000282,0.018492000694243504
WALLABY J101329-444504,3.000000000006,39.39450737272189
WALLABY J101329-444504,9.000000000018,42.10781442292219
WALLABY J101329-444504,15.00000000003,34.39907282717707
WALLABY J101329-444504,21.000000000042,28.179431544657902
WALLABY J101329-444504,27.000000000054,22.009768159275026
WALLABY J101329-444504,33.000000000066,17.951711592329055
WALLABY J101329-444504,39.000000000078,12.847382902719659
WALLABY J101329-444504,45.00000000009,11.610807041311887
WALLABY J101329-444504,51.000000000102006,8.103575631737334
WALLABY J101329-444504,57.000000000114,6.5416303580382715
WALLABY J101329-444504,63.00000000012601,3.926788146575035
WALLABY J101329-444504,69.000000000138,2.4265340050950748
WALLABY J101329-444504,75.00000000015001,0.4732871627034081
WALLABY J101329-444504,81.000000000162,0.6842683980603561
WALLABY J101329-444504,87.000000000174,0.4511078228806536
WALLABY J101329-444504,93.000000000186,0.10730447412725996
WALLABY J101329-444504,99.000000000198,0.2876842697757534
WALLABY J101329-444504,105.00000000021001,0.11288252370361959
WALLABY J101329-444504,111.000000000222,0.057137529759212616
WALLABY J101329-444504,117.000000000234,0.11522843028740927
WALLABY J101329-444504,123.000000000246,0.04508895516472431
WALLABY J101329-444504,129.000000000258,0.04354154252135717
WALLABY J101329-444504,135.00000000027,0.07832507756585194
WALLABY J101329-444504,141.000000000282,0.0
WALLABY J101329-444504,147.000000000294,0.008332409514943632
WALLABY J101423-432437,3.000000000006,31.04918270212194
WALLABY J101423-432437,9.000000000018,24.881069503861404
WALLABY J101423-432437,15.00000000003,30.246528282840355
WALLABY J101423-432437,21.000000000042,30.23837044944997
WALLABY J101423-432437,27.000000000054,17.099938681308977
WALLABY J101423-432437,33.000000000066,17.645986891592198
WALLABY J101423-432437,39.000000000078,11.036580979815469
WALLABY J101423-432437,45.00000000009,6.550259097148227
WALLABY J101423-432437,51.000000000102006,4.004017688582292
WALLABY J101423-432437,57.000000000114,1.789677318794634
WALLABY J101423-432437,63.00000000012601,1.1156587699127056
WALLABY J101423-432437,69.000000000138,0.23930568124954316
WALLABY J101423-432437,75.00000000015001,0.050443107721173074
WALLABY J101442-445108,3.000000000006,138.02528088567547
WALLABY J101442-445108,9.000000000018,92.07094317559287
WALLABY J101442-445108,15.00000000003,105.91888306587963
WALLABY J101442-445108,21.000000000042,106.09127742215325
WALLABY J101442-445108,27.000000000054,92.18627073796446
WALLABY J101442-445108,33.000000000066,70.36973693828507
WALLABY J101442-445108,39.000000000078,70.52085414542404
WALLABY J101442-445108,45.00000000009,52.21977313714785
WALLABY J101442-445108,51.000000000102006,39.82313054600157
WALLABY J101442-445108,57.000000000114,26.251179653749293
WALLABY J101442-445108,63.00000000012601,16.382136598054874
WALLABY J101442-445108,69.000000000138,8.846578676263688
WALLABY J101442-445108,75.00000000015001,5.020005512418991
WALLABY J101442-445108,81.000000000162,2.8986305935618804
WALLABY J101442-445108,87.000000000174,1.1632162544608053
WALLABY J101442-445108,93.000000000186,1.834667287238744
WALLABY J101442-445108,99.000000000198,2.022535879545289
WALLABY J101442-445108,105.00000000021001,0.8632327530647023
WALLABY J101442-445108,111.000000000222,0.35185474424580954
WALLABY J101442-445108,117.000000000234,0.020620691829751257
WALLABY J101455-471852,3.000000000006,27.155239036183662
WALLABY J101455-471852,9.000000000018,19.256535117418153
WALLABY J101455-471852,15.00000000003,20.11252859425987
WALLABY J101455-471852,21.000000000042,14.426214652237876
WALLABY J101455-471852,27.000000000054,9.375905129623934
WALLABY J101455-471852,33.000000000066,4.824410739038075
WALLABY J101455-471852,39.000000000078,2.1982209629977465
WALLABY J101455-471852,45.00000000009,0.7842025676724463
WALLABY J101455-471852,51.000000000102006,0.1943394123211666
WALLABY J101455-471852,57.000000000114,0.03197377090467606
WALLABY J101628-455103,3.000000000006,86.33961813499808
WALLABY J101628-455103,9.000000000018,51.85058280066629
WALLABY J101628-455103,15.00000000003,60.085229363511395
WALLABY J101628-455103,21.000000000042,40.3241172911387
WALLABY J101628-455103,27.000000000054,43.621666829870996
WALLABY J101628-455103,33.000000000066,32.441715746001854
WALLABY J101628-455103,39.000000000078,30.160931298769178
WALLABY J101628-455103,45.00000000009,19.549836954595232
WALLABY J101628-455103,51.000000000102006,20.400740947209638
WALLABY J101628-455103,57.000000000114,16.21786823470799
WALLABY J101628-455103,63.00000000012601,17.02684900787783
WALLABY J101628-455103,69.000000000138,11.37192677723996
WALLABY J101628-455103,75.00000000015001,13.785161569308114
WALLABY J101628-455103,81.000000000162,10.465300069636019
WALLABY J101628-455103,87.000000000174,11.245947727492213
WALLABY J101628-455103,93.000000000186,9.174516085210346
WALLABY J101628-455103,99.000000000198,8.41360888991998
WALLABY J101628-455103,105.00000000021001,7.209361053850829
WALLABY J101628-455103,111.000000000222,4.792171251591157
WALLABY J101628-455103,117.000000000234,3.915714575597051
WALLABY J101628-455103,123.000000000246,3.32225512386058
WALLABY J101628-455103,129.000000000258,2.3077361278384854
WALLABY J101628-455103,135.00000000027,1.527776873428735
WALLABY J101628-455103,141.000000000282,0.7260651655448693
WALLABY J101628-455103,147.000000000294,0.7673976961786535
WALLABY J101628-455103,153.000000000306,0.2153988778567459
WALLABY J101628-455103,159.000000000318,0.09961232431570707
WALLABY J101628-455103,165.00000000033,0.037536005942894704
WALLABY J101628-455103,171.000000000342,0.06957258500450227
WALLABY J101628-455103,177.00000000035402,0.0703731263423466
WALLABY J101703-442447,3.000000000006,41.119806276277046
WALLABY J101703-442447,9.000000000018,46.42291058872139
WALLABY J101703-442447,15.00000000003,39.993492769030986
WALLABY J101703-442447,21.000000000042,21.741428049491212
WALLABY J101703-442447,27.000000000054,21.582396570735774
WALLABY J101703-442447,33.000000000066,14.09289299979942
WALLABY J101703-442447,39.000000000078,7.4223719858777875
WALLABY J101703-442447,45.00000000009,1.93540112641142
WALLABY J101703-442447,51.000000000102006,0.3422856338554594
WALLABY J101703-442447,57.000000000114,0.09823990364158541
WALLABY J101703-442447,63.00000000012601,0.06168401500505244
WALLABY J101703-442447,69.000000000138,0.013788681775393757
WALLABY J124747+042017,3.000000000006,19.223428386628886
WALLABY J124747+042017,9.000000000018,28.58269698932311
WALLABY J124747+042017,15.00000000003,33.983233797933174
WALLABY J124747+042017,21.000000000042,46.26585318588265
WALLABY J124747+042017,27.000000000054,41.681611413228175
WALLABY J124747+042017,33.000000000066,51.68228792891154
WALLABY J124747+042017,39.000000000078,53.792149356411166
WALLABY J124747+042017,45.00000000009,53.215678513785036
WALLABY J124747+042017,51.000000000102006,55.98800608724612
WALLABY J124747+042017,57.000000000114,56.448141646996014
WALLABY J124747+042017,63.00000000012601,54.80933739590061
WALLABY J124747+042017,69.000000000138,55.21015099165688
WALLABY J124747+042017,75.00000000015001,62.76165733447764
WALLABY J124747+042017,81.000000000162,58.852232317468996
WALLABY J124747+042017,87.000000000174,57.30187409094022
WALLABY J124747+042017,93.000000000186,59.250546550686444
WALLABY J124747+042017,99.000000000198,54.64335079882294
WALLABY J124747+042017,105.00000000021001,44.41671825658927
WALLABY J124747+042017,111.000000000222,40.59271353589235
WALLABY J124747+042017,117.000000000234,37.17820160133696
WALLABY J124747+042017,123.000000000246,32.543904529870524
WALLABY J124747+042017,129.000000000258,30.164514424183594
WALLABY J124747+042017,135.00000000027,25.992147811884696
WALLABY J124747+042017,141.000000000282,25.171171219376536
WALLABY J124747+042017,147.000000000294,21.617125072991776
WALLABY J124747+042017,153.000000000306,17.785642900796045
WALLABY J124747+042017,159.000000000318,13.272896922651046
WALLABY J124747+042017,165.00000000033,10.63211277894732
WALLABY J124747+042017,171.000000000342,6.436277470283001
WALLABY J124747+042017,177.00000000035402,3.944573562052665
WALLABY J124747+042017,183.00000000036601,1.9855052485716076
WALLABY J124747+042017,189.000000000378,0.8073416179279044
WALLABY J124747+042017,195.00000000039,0.2545055732522957
WALLABY J124747+042017,201.000000000402,0.14073954084681728
WALLABY J124747+042017,207.000000000414,0.10596187271616953
WALLABY J124747+042017,213.000000000426,0.026226229494940887
WALLABY J124911+032310,3.000000000006,85.52940618729089
WALLABY J124911+032310,9.000000000018,96.9906502501482
WALLABY J124911+032310,15.00000000003,102.93682525356071
WALLABY J124911+032310,21.000000000042,95.05972738454734
WALLABY J124911+032310,27.000000000054,91.99168758678383
WALLABY J124911+032310,33.000000000066,72.11855835715289
WALLABY J124911+032310,39.000000000078,71.83467698514114
WALLABY J124911+032310,45.00000000009,75.1086912439958
WALLABY J124911+032310,51.000000000102006,69.2745246690612
WALLABY J124911+032310,57.000000000114,74.33996187400317
WALLABY J124911+032310,63.00000000012601,80.41610792506607
WALLABY J124911+032310,69.000000000138,64.788316554019
WALLABY J124911+032310,75.00000000015001,64.01199385785193
WALLABY J124911+032310,81.000000000162,54.533771028959904
WALLABY J124911+032310,87.000000000174,52.10355103305834
WALLABY J124911+032310,93.000000000186,50.67849777253933
WALLABY J124911+032310,99.000000000198,48.092171020486774
WALLABY J124911+032310,105.00000000021001,49.044707432262854
WALLABY J124911+032310,111.000000000222,47.53878167066441
WALLABY J124911+032310,117.000000000234,45.486032147621025
WALLABY J124911+032310,123.000000000246,42.84794999372654
WALLABY J124911+032310,129.000000000258,39.53550718274737
WALLABY J124911+032310,135.00000000027,36.71519861692291
WALLABY J124911+032310,141.000000000282,29.519610107044443
WALLABY J124911+032310,147.000000000294,27.17990495322947
WALLABY J124911+032310,153.000000000306,22.696332202052176
WALLABY J124911+032310,159.000000000318,20.200380038149714
WALLABY J124911+032310,165.00000000033,16.909762055997135
WALLABY J124911+032310,171.000000000342,15.165043632348848
WALLABY J124911+032310,177.00000000035402,14.850733824107337
WALLABY J124911+032310,183.00000000036601,14.747339859257831
WALLABY J124911+032310,189.000000000378,14.797940853169736
WALLABY J124911+032310,195.00000000039,15.839405769818253
WALLABY J124911+032310,201.000000000402,14.9432681906396
WALLABY J124911+032310,207.000000000414,13.781263046824108
WALLABY J124911+032310,213.000000000426,11.559532870482613
WALLABY J124911+032310,219.000000000438,10.617836410895304
WALLABY J124911+032310,225.00000000045,10.192956022201665
WALLABY J124911+032310,231.00000000046202,8.027724235492983
WALLABY J124911+032310,237.00000000047402,7.472048069960812
WALLABY J124911+032310,243.000000000486,6.064268556388912
WALLABY J124911+032310,249.000000000498,4.496051208845445
WALLABY J124911+032310,255.00000000051,3.5165232525256065
WALLABY J124911+032310,261.00000000052205,2.6811689797201623
WALLABY J124911+032310,267.000000000534,2.171237812376344
WALLABY J124911+032310,273.00000000054604,1.185165965200646
WALLABY J124911+032310,279.000000000558,0.461946480398634
WALLABY J124911+032310,285.00000000057,0.24082553780789126
WALLABY J124911+032310,291.00000000058196,0.1575996253024487
WALLABY J124911+032310,297.000000000594,0.04048385977130527
WALLABY J124911+032310,303.000000000606,0.06941017200356318
WALLABY J124911+032310,309.000000000618,0.06614925316118725
WALLABY J124935+033620,3.000000000006,67.52683272890992
WALLABY J124935+033620,9.000000000018,41.54782228988525
WALLABY J124935+033620,15.00000000003,37.25937002757038
WALLABY J124935+033620,21.000000000042,27.59200470762992
WALLABY J124935+033620,27.000000000054,19.273182475210252
WALLABY J124935+033620,33.000000000066,12.988213324876616
WALLABY J124935+033620,39.000000000078,6.688411621747686
WALLABY J124935+033620,45.00000000009,1.210781940371464
WALLABY J124935+033620,51.000000000102006,0.3205659555562701
WALLABY J124935+033620,57.000000000114,0.054358064947398664
WALLABY J124935+033620,63.00000000012601,0.037702057970454284
WALLABY J124937+074725,3.000000000006,32.84520742189306
WALLABY J124937+074725,9.000000000018,14.774196165101646
WALLABY J124937+074725,15.00000000003,22.767868203370053
WALLABY J124937+074725,21.000000000042,16.22221990536755
WALLABY J124937+074725,27.000000000054,10.720966311504355
WALLABY J124937+074725,33.000000000066,10.700293853646357
WALLABY J124937+074725,39.000000000078,6.390772191641867
WALLABY J124937+074725,45.00000000009,1.6108087933010826
WALLABY J124937+074725,51.000000000102006,0.7825348694330231
WALLABY J124937+074725,57.000000000114,0.15388864922102904
WALLABY J124937+074725,63.00000000012601,0.006983202673597351
WALLABY J124947+035042,3.000000000006,54.81520267569379
WALLABY J124947+035042,9.000000000018,59.543484024064355
WALLABY J124947+035042,15.00000000003,54.25775627052671
WALLABY J124947+035042,21.000000000042,48.48805079452137
WALLABY J124947+035042,27.000000000054,41.90189575862542
WALLABY J124947+035042,33.000000000066,44.431451512151895
WALLABY J124947+035042,39.000000000078,32.12323079233537
WALLABY J124947+035042,45.00000000009,29.678990516587906
WALLABY J124947+035042,51.000000000102006,25.552135814013315
WALLABY J124947+035042,57.000000000114,20.540242544682577
WALLABY J124947+035042,63.00000000012601,13.216239202253242
WALLABY J124947+035042,69.000000000138,13.103096384934805
WALLABY J124947+035042,75.00000000015001,9.903708601337284
WALLABY J124947+035042,81.000000000162,8.647531021494098
WALLABY J124947+035042,87.000000000174,5.988529680857982
WALLABY J124947+035042,93.000000000186,4.348418443232256
WALLABY J124947+035042,99.000000000198,3.1762871268144535
WALLABY J124947+035042,105.00000000021001,2.6450869408305278
WALLABY J124947+035042,111.000000000222,1.969274997995395
WALLABY J124947+035042,117.000000000234,1.284485178755737
WALLABY J124947+035042,123.000000000246,0.7526222205205818
WALLABY J124947+035042,129.000000000258,0.5174405816267469
WALLABY J124947+035042,135.00000000027,0.32539647634408625
WALLABY J124947+035042,141.000000000282,0.19416740454496148
WALLABY J124947+035042,147.000000000294,0.15191993588850836
WALLABY J124947+035042,153.000000000306,0.07915684035569896
WALLABY J124947+035042,159.000000000318,0.061311838237346226
WALLABY J124947+035042,165.00000000033,0.08856920968569172
WALLABY J124947+035042,171.000000000342,0.09249911011670649
WALLABY J124947+035042,177.00000000035402,0.07453255176131651
WALLABY J124957+040438,3.000000000006,32.75551007223854
WALLABY J124957+040438,9.000000000018,37.8096491211704
WALLABY J124957+040438,15.00000000003,35.644326310953915
WALLABY J124957+040438,21.000000000042,29.15681051959662
WALLABY J124957+040438,27.000000000054,15.463596971007613
WALLABY J124957+040438,33.000000000066,6.422569684984132
WALLABY J124957+040438,39.000000000078,1.5899340717146566
WALLABY J124957+040438,45.00000000009,0.5976564084567861
WALLABY J124957+040438,51.000000000102006,0.36534204401835585
WALLABY J124957+040438,57.000000000114,0.22506833228399883
WALLABY J124957+040438,63.00000000012601,0.018780190166121292
WALLABY J125012+073442,3.000000000006,48.36066325158952
WALLABY J125012+073442,9.000000000018,30.887669404330605
WALLABY J125012+073442,15.00000000003,37.82285684291757
WALLABY J125012+073442,21.000000000042,35.62944482296178
WALLABY J125012+073442,27.000000000054,28.938372496266233
WALLABY J125012+073442,33.000000000066,20.33530829212642
WALLABY J125012+073442,39.000000000078,20.10721016608007
WALLABY J125012+073442,45.00000000009,13.765020314424563
WALLABY J125012+073442,51.000000000102006,9.205408028242678
WALLABY J125012+073442,57.000000000114,7.9681714487442985
WALLABY J125012+073442,63.00000000012601,3.307982444457673
WALLABY J125012+073442,69.000000000138,3.950004620925789
WALLABY J125012+073442,75.00000000015001,2.7531328221257776
WALLABY J125012+073442,81.000000000162,1.9412685550550741
WALLABY J125012+073442,87.000000000174,2.039149208028146
WALLABY J125012+073442,93.000000000186,1.394714041853817
WALLABY J125012+073442,99.000000000198,1.1864448643641503
WALLABY J125012+073442,105.00000000021001,1.10472896267172
WALLABY J125012+073442,111.000000000222,0.7781002691262545
WALLABY J125012+073442,117.000000000234,0.5956547386133973
WALLABY J125012+073442,123.000000000246,0.3882992525219744
WALLABY J125012+073442,129.000000000258,0.4412387974357209
WALLABY J125012+073442,135.00000000027,0.3887278742986142
WALLABY J125012+073442,141.000000000282,0.27579701979285676
WALLABY J125012+073442,147.000000000294,0.19978681159530198
WALLABY J125012+073442,153.000000000306,0.11757672549166702
WALLABY J125012+073442,159.000000000318,0.0779758884411367
WALLABY J125012+073442,165.00000000033,0.1436860741620401
WALLABY J125012+073442,171.000000000342,0.0376318611498219
WALLABY J125012+073442,177.00000000035402,0.07141512022186888
WALLABY J125012+073442,183.00000000036601,0.014767569560264909
WALLABY J125112+045132,3.000000000006,51.24665475342361
WALLABY J125112+045132,9.000000000018,74.40603969870575
WALLABY J125112+045132,15.00000000003,69.12182481801538
WALLABY J125112+045132,21.000000000042,59.94931803745866
WALLABY J125112+045132,27.000000000054,48.90550470960359
WALLABY J125112+045132,33.000000000066,40.59242419841331
WALLABY J125112+045132,39.000000000078,31.06518020125194
WALLABY J125112+045132,45.00000000009,19.694962016793376
WALLABY J125112+045132,51.000000000102006,11.489430860408278
WALLABY J125112+045132,57.000000000114,5.967703380014208
WALLABY J125112+045132,63.00000000012601,2.504913559680369
WALLABY J125112+045132,69.000000000138,0.6839355328533758
WALLABY J125112+045132,75.00000000015001,0.8645495071283588
WALLABY J125112+045132,81.000000000162,0.5394980209804804
WALLABY J125112+045132,87.000000000174,0.12104692342929528
WALLABY J125112+045132,93.000000000186,0.03762544485598053
WALLABY J125112+045132,99.000000000198,0.07881125923807411
WALLABY J125112+045132,105.00000000021001,0.06904391188693994
WALLABY J125112+045132,111.000000000222,0.1359342142806434
WALLABY J125112+045132,117.000000000234,0.12448351650249542
WALLABY J125112+045132,123.000000000246,0.09478305051249193
WALLABY J125112+045132,129.000000000258,0.11805400384711397
WALLABY J125112+045132,135.00000000027,0.08207381967746971
WALLABY J125112+045132,141.000000000282,0.050830399132122034
WALLABY J125114+052031,3.000000000006,45.819723327493584
WALLABY J125114+052031,9.000000000018,37.936886224869255
WALLABY J125114+052031,15.00000000003,32.34608458556587
WALLABY J125114+052031,21.000000000042,25.125377164607816
WALLABY J125114+052031,27.000000000054,20.920451109028797
WALLABY J125114+052031,33.000000000066,14.495953725249922
WALLABY J125114+052031,39.000000000078,12.070878100726581
WALLABY J125114+052031,45.00000000009,6.45731998006148
WALLABY J125114+052031,51.000000000102006,4.29454473222659
WALLABY J125114+052031,57.000000000114,1.473344325907022
WALLABY J125114+052031,63.00000000012601,0.6269964321441436
WALLABY J125114+052031,69.000000000138,0.1257675632630349
WALLABY J125121+063829,3.000000000006,48.005825311349945
WALLABY J125121+063829,9.000000000018,43.5241084178094
WALLABY J125121+063829,15.00000000003,28.6791970499874
WALLABY J125121+063829,21.000000000042,16.029595310329096
WALLABY J125121+063829,27.000000000054,8.54455847346059
WALLABY J125121+063829,33.000000000066,2.537050254015735
WALLABY J125121+063829,39.000000000078,0.22028490492213068
WALLABY J125121+063829,45.00000000009,0.0803729642838932
WALLABY J125121+063829,51.000000000102006,0.020893214353810374
WALLABY J125133+080241,3.000000000006,28.32992525857541
WALLABY J125133+080241,9.000000000018,44.842883816234334
WALLABY J125133+080241,15.00000000003,43.742359736131995
WALLABY J125133+080241,21.000000000042,26.527007111960458
WALLABY J125133+080241,27.000000000054,23.260289066950786
WALLABY J125133+080241,33.000000000066,17.115078712854633
WALLABY J125133+080241,39.000000000078,9.426868523053464
WALLABY J125133+080241,45.00000000009,9.731643590486222
WALLABY J125133+080241,51.000000000102006,6.541494365011576
WALLABY J125133+080241,57.000000000114,4.6433570912760205
WALLABY J125133+080241,63.00000000012601,3.620685606734531
WALLABY J125133+080241,69.000000000138,2.2530560794233656
WALLABY J125133+080241,75.00000000015001,2.1685483179196283
WALLABY J125133+080241,81.000000000162,1.1860182557654033
WALLABY J125133+080241,87.000000000174,0.4739488139187825
WALLABY J125133+080241,93.000000000186,0.20180654537838608
WALLABY J125133+080241,99.000000000198,0.20458186753406948
WALLABY J125133+080241,105.00000000021001,0.105602368838598
WALLABY J125133+080241,111.000000000222,0.09480017612082979
WALLABY J125133+080241,117.000000000234,0.055904593713674004
WALLABY J125133+080241,123.000000000246,0.07295476299709731
WALLABY J125133+080241,129.000000000258,0.045780398914373334
WALLABY J125133+080241,135.00000000027,0.009795024942701687
WALLABY J125134+055147,3.000000000006,43.105445951949875
WALLABY J125134+055147,9.000000000018,40.46201563831762
WALLABY J125134+055147,15.00000000003,22.06198371536457
WALLABY J125134+055147,21.000000000042,20.828070810742005
WALLABY J125134+055147,27.000000000054,13.849091058801768
WALLABY J125134+055147,33.000000000066,5.562707341341496
WALLABY J125134+055147,39.000000000078,2.803229427345039
WALLABY J125134+055147,45.00000000009,1.1596803158985747
WALLABY J125134+055147,51.000000000102006,0.5635499531545813
WALLABY J125134+055147,57.000000000114,0.3458780643570587
WALLABY J125134+055147,63.00000000012601,0.08870255001868683
WALLABY J125134+055147,69.000000000138,0.06422704556906465
WALLABY J125156+035954,3.000000000006,49.343761487236655
WALLABY J125156+035954,9.000000000018,33.15659982740153
WALLABY J125156+035954,15.00000000003,24.15800669546026
WALLABY J125156+035954,21.000000000042,24.14249155865218
WALLABY J125156+035954,27.000000000054,19.206371239972807
WALLABY J125156+035954,33.000000000066,12.650047565171256
WALLABY J125156+035954,39.000000000078,7.9244031777258135
WALLABY J125156+035954,45.00000000009,4.15021931408657
WALLABY J125156+035954,51.000000000102006,3.1115698299953993
WALLABY J125156+035954,57.000000000114,1.386391923321013
WALLABY J125156+035954,63.00000000012601,0.18042038221135692
WALLABY J125156+035954,69.000000000138,0.15278757448694036
WALLABY J125156+035954,75.00000000015001,0.0609637277009186
WALLABY J125156+035954,81.000000000162,0.03383802558950309
WALLABY J125156+035954,87.000000000174,0.025420598052851743
WALLABY J125156+035954,93.000000000186,0.027782918941230705
WALLABY J125156+035954,99.000000000198,0.051702829899408276
WALLABY J125156+035954,105.00000000021001,0.016429249815074473
WALLABY J125243+075643,3.000000000006,21.828311563583675
WALLABY J125243+075643,9.000000000018,23.072439369223893
WALLABY J125243+075643,15.00000000003,20.886099427198413
WALLABY J125243+075643,21.000000000042,14.971205733556431
WALLABY J125243+075643,27.000000000054,13.55775557031269
WALLABY J125243+075643,33.000000000066,12.736089437443928
WALLABY J125243+075643,39.000000000078,8.938132765986783
WALLABY J125243+075643,45.00000000009,6.970826048826705
WALLABY J125243+075643,51.000000000102006,3.2608139992103338
WALLABY J125243+075643,57.000000000114,2.4392013186288044
WALLABY J125243+075643,63.00000000012601,1.0899240344547227
WALLABY J125243+075643,69.000000000138,1.1130155963766186
WALLABY J125243+075643,75.00000000015001,0.31205595248370405
WALLABY J125243+075643,81.000000000162,0.10405107183393215
WALLABY J125243+075643,87.000000000174,0.03693037168076492
WALLABY J125243+075643,93.000000000186,0.012941106922302508
WALLABY J125308+081035,3.000000000006,4.536566719237782
WALLABY J125308+081035,9.000000000018,7.263804499594973
WALLABY J125308+081035,15.00000000003,9.192182967867694
WALLABY J125308+081035,21.000000000042,7.9068027804391
WALLABY J125308+081035,27.000000000054,7.375099953014185
WALLABY J125308+081035,33.000000000066,4.6777621850799305
WALLABY J125308+081035,39.000000000078,3.217938187609524
WALLABY J125308+081035,45.00000000009,0.9889925011408964
WALLABY J125308+081035,51.000000000102006,0.04166271851834292
WALLABY J125339+040434,3.000000000006,30.705664864442728
WALLABY J125339+040434,9.000000000018,23.2579075064722
WALLABY J125339+040434,15.00000000003,17.024838078148267
WALLABY J125339+040434,21.000000000042,10.381678821288546
WALLABY J125339+040434,27.000000000054,1.793177706729128
WALLABY J125339+040434,33.000000000066,0.11603062263211879
WALLABY J125339+040434,39.000000000078,0.1681511197589628
WALLABY J125339+040434,45.00000000009,0.08645790392444244
WALLABY J125413+052149,3.000000000006,26.68194800902668
WALLABY J125413+052149,9.000000000018,64.73055620592643
WALLABY J125413+052149,15.00000000003,51.31458724150971
WALLABY J125413+052149,21.000000000042,37.65136823670459
WALLABY J125413+052149,27.000000000054,24.147087579158477
WALLABY J125413+052149,33.000000000066,15.755059779537756
WALLABY J125413+052149,39.000000000078,8.77016750610204
WALLABY J125413+052149,45.00000000009,2.6482158189182474
WALLABY J125413+052149,51.000000000102006,0.5580047534180677
WALLABY J125413+052149,57.000000000114,0.84341947711752
WALLABY J125413+052149,63.00000000012601,1.128561777847856
WALLABY J125413+052149,69.000000000138,1.1735194346584064
WALLABY J125413+052149,75.00000000015001,0.6010187429504029
WALLABY J125413+052149,81.000000000162,0.20566042955470953
WALLABY J125413+052149,87.000000000174,0.042058027597506736
WALLABY J125413+052149,93.000000000186,0.01180056271075257
WALLABY J125441+050734,3.000000000006,26.02757203841407
WALLABY J125441+050734,9.000000000018,29.507544043768124
WALLABY J125441+050734,15.00000000003,18.387960672727885
WALLABY J125441+050734,21.000000000042,9.637175712271366
WALLABY J125441+050734,27.000000000054,2.5658440530379916
WALLABY J125441+050734,33.000000000066,0.5989570498741674
WALLABY J125441+050734,39.000000000078,0.12923149904483008
WALLABY J125441+050734,45.00000000009,0.10485204521342617
WALLABY J125441+050734,51.000000000102006,0.05903642908651275
WALLABY J125451+023900,3.000000000006,190.39176879777798
WALLABY J125451+023900,9.000000000018,154.72159891286384
WALLABY J125451+023900,15.00000000003,148.71119089017373
WALLABY J125451+023900,21.000000000042,160.77949869458695
WALLABY J125451+023900,27.000000000054,130.94111580291622
WALLABY J125451+023900,33.000000000066,138.62239372774724
WALLABY J125451+023900,39.000000000078,109.50394207806795
WALLABY J125451+023900,45.00000000009,88.00223179073542
WALLABY J125451+023900,51.000000000102006,84.6513851135432
WALLABY J125451+023900,57.000000000114,64.0631644161711
WALLABY J125451+023900,63.00000000012601,48.737498213976785
WALLABY J125451+023900,69.000000000138,41.89875607493093
WALLABY J125451+023900,75.00000000015001,32.83742880176179
WALLABY J125451+023900,81.000000000162,29.612920754444296
WALLABY J125451+023900,87.000000000174,19.05664319002586
WALLABY J125451+023900,93.000000000186,12.832084704097658
WALLABY J125451+023900,99.000000000198,6.701732607940643
WALLABY J125451+023900,105.00000000021001,6.261149922806061
WALLABY J125451+023900,111.000000000222,3.860746183501965
WALLABY J125451+023900,117.000000000234,2.699707062494604
WALLABY J125451+023900,123.000000000246,1.0123745800165125
WALLABY J125451+023900,129.000000000258,0.13266614169186744
WALLABY J125451+023900,135.00000000027,0.1911739217512291
WALLABY J125451+023900,141.000000000282,0.027964464422540133
WALLABY J125500+051140,3.000000000006,31.938516640512777
WALLABY J125500+051140,9.000000000018,25.87260097126594
WALLABY J125500+051140,15.00000000003,22.924895770207836
WALLABY J125500+051140,21.000000000042,16.07644492460996
WALLABY J125500+051140,27.000000000054,9.254680121457596
WALLABY J125500+051140,33.000000000066,3.9568484345283768
WALLABY J125500+051140,39.000000000078,1.1477142033006948
WALLABY J125500+051140,45.00000000009,0.42551924976237865
WALLABY J125500+051140,51.000000000102006,0.2443416440409881
WALLABY J125500+051140,57.000000000114,0.07412173723060937
WALLABY J125500+051140,63.00000000012601,0.03413238829421402
WALLABY J125507+040229,3.000000000006,13.096137930458179
WALLABY J125507+040229,9.000000000018,21.424000342671725
WALLABY J125507+040229,15.00000000003,16.30961920065311
WALLABY J125507+040229,21.000000000042,16.089569141532415
WALLABY J125507+040229,27.000000000054,11.850467150418208
WALLABY J125507+040229,33.000000000066,7.275734549035806
WALLABY J125507+040229,39.000000000078,5.011821586829052
WALLABY J125507+040229,45.00000000009,1.9750445508934154
WALLABY J125507+040229,51.000000000102006,0.4917300503779124
WALLABY J125507+040229,57.000000000114,0.4277538345334963
WALLABY J125507+040229,63.00000000012601,0.10547713127699496
WALLABY J125507+040229,69.000000000138,0.11246345756231996
WALLABY J125507+040229,75.00000000015001,0.013282303590235032
WALLABY J125515+081543,3.000000000006,17.371002831685015
WALLABY J125515+081543,9.000000000018,7.988770042419656
WALLABY J125515+081543,15.00000000003,15.1299028289505
WALLABY J125515+081543,21.000000000042,13.656843005145616
WALLABY J125515+081543,27.000000000054,11.411085222325134
WALLABY J125515+081543,33.000000000066,11.613159027914618
WALLABY J125515+081543,39.000000000078,7.529455904439049
WALLABY J125515+081543,45.00000000009,4.917106313911918
WALLABY J125515+081543,51.000000000102006,5.87436523953164
WALLABY J125515+081543,57.000000000114,4.612204574506141
WALLABY J125515+081543,63.00000000012601,2.094543342603602
WALLABY J125515+081543,69.000000000138,2.4177488364142663
WALLABY J125515+081543,75.00000000015001,1.6890952382863684
WALLABY J125515+081543,81.000000000162,0.7544166533864117
WALLABY J125515+081543,87.000000000174,1.0189018715247957
WALLABY J125515+081543,93.000000000186,1.0492290340746708
WALLABY J125515+081543,99.000000000198,0.6010009588140521
WALLABY J125515+081543,105.00000000021001,0.31044646406085336
WALLABY J125515+081543,111.000000000222,0.2497297815859611
WALLABY J125515+081543,117.000000000234,0.15655529082386851
WALLABY J125515+081543,123.000000000246,0.14767767995532596
WALLABY J125515+081543,129.000000000258,0.07700235256581722
WALLABY J125515+081543,135.00000000027,0.09497938060161155
WALLABY J125515+081543,141.000000000282,0.008736701110941618
WALLABY J125515+081543,147.000000000294,0.0019475524647863628
WALLABY J125523+075436,3.000000000006,44.2308614495344
WALLABY J125523+075436,9.000000000018,67.10602130002621
WALLABY J125523+075436,15.00000000003,46.28272545212704
WALLABY J125523+075436,21.000000000042,34.322468316531854
WALLABY J125523+075436,27.000000000054,24.332012809123427
WALLABY J125523+075436,33.000000000066,12.231240093859048
WALLABY J125523+075436,39.000000000078,6.541873541278784
WALLABY J125523+075436,45.00000000009,4.125448227813439
WALLABY J125523+075436,51.000000000102006,3.103059676435928
WALLABY J125523+075436,57.000000000114,2.163444067731132
WALLABY J125523+075436,63.00000000012601,1.5526342424798023
WALLABY J125523+075436,69.000000000138,0.6388972060048007
WALLABY J125523+075436,75.00000000015001,0.039850368701538214
WALLABY J125548+045901,3.000000000006,51.28253628369791
WALLABY J125548+045901,9.000000000018,48.64313046368503
WALLABY J125548+045901,15.00000000003,45.977738273223665
WALLABY J125548+045901,21.000000000042,33.87550281882947
WALLABY J125548+045901,27.000000000054,25.47915659069269
WALLABY J125548+045901,33.000000000066,17.787626991250676
WALLABY J125548+045901,39.000000000078,10.69556912751583
WALLABY J125548+045901,45.00000000009,5.6235568362775075
WALLABY J125548+045901,51.000000000102006,2.534087119410697
WALLABY J125548+045901,57.000000000114,1.476824014612306
WALLABY J125548+045901,63.00000000012601,0.24069335938777559
WALLABY J125548+045901,69.000000000138,0.20735785379487529
WALLABY J125548+045901,75.00000000015001,0.013628575630022214
WALLABY J125603+045202,3.000000000006,22.11908536504842
WALLABY J125603+045202,9.000000000018,18.87936368409169
WALLABY J125603+045202,15.00000000003,19.685175348479394
WALLABY J125603+045202,21.000000000042,16.47004168037265
WALLABY J125603+045202,27.000000000054,11.582646082543475
WALLABY J125603+045202,33.000000000066,7.029221964803648
WALLABY J125603+045202,39.000000000078,3.036184620525432
WALLABY J125603+045202,45.00000000009,1.0797672898075226
WALLABY J125603+045202,51.000000000102006,0.0071349594526355755
WALLABY J125604+034843,3.000000000006,52.34172788609806
WALLABY J125604+034843,9.000000000018,54.944344092348786
WALLABY J125604+034843,15.00000000003,59.867578157414556
WALLABY J125604+034843,21.000000000042,66.00008369984458
WALLABY J125604+034843,27.000000000054,63.38578733740396
WALLABY J125604+034843,33.000000000066,52.44401954651499
WALLABY J125604+034843,39.000000000078,53.3178283548893
WALLABY J125604+034843,45.00000000009,56.09347438449996
WALLABY J125604+034843,51.000000000102006,49.77264344780285
WALLABY J125604+034843,57.000000000114,45.94226290372099
WALLABY J125604+034843,63.00000000012601,41.157146198501074
WALLABY J125604+034843,69.000000000138,37.889085355793824
WALLABY J125604+034843,75.00000000015001,35.09281326717089
WALLABY J125604+034843,81.000000000162,26.405450538420073
WALLABY J125604+034843,87.000000000174,23.535928622289827
WALLABY J125604+034843,93.000000000186,16.509275282990593
WALLABY J125604+034843,99.000000000198,12.317605096172109
WALLABY J125604+034843,105.00000000021001,8.35707933942892
WALLABY J125604+034843,111.000000000222,5.359475329579637
WALLABY J125604+034843,117.000000000234,3.4771736452839064
WALLABY J125604+034843,123.000000000246,2.0708125519201674
WALLABY J125604+034843,129.000000000258,1.7990822415006602
WALLABY J125604+034843,135.00000000027,0.9763192701554164
WALLABY J125604+034843,141.000000000282,0.420987179590445
WALLABY J125604+034843,147.000000000294,0.2017751872179438
WALLABY J125604+034843,153.000000000306,0.17243338315547582
WALLABY J125604+034843,159.000000000318,0.0784050117415299
WALLABY J125604+064914,3.000000000006,63.4206306639336
WALLABY J125604+064914,9.000000000018,44.3240695276654
WALLABY J125604+064914,15.00000000003,40.58082368370141
WALLABY J125604+064914,21.000000000042,38.03912777547606
WALLABY J125604+064914,27.000000000054,23.706431252071233
WALLABY J125604+064914,33.000000000066,14.370021987476482
WALLABY J125604+064914,39.000000000078,7.748599494804811
WALLABY J125604+064914,45.00000000009,3.0185143141012385
WALLABY J125604+064914,51.000000000102006,1.0934664979547994
WALLABY J125604+064914,57.000000000114,0.20157554744096742
WALLABY J125604+064914,63.00000000012601,0.17555105417163042
WALLABY J125604+064914,69.000000000138,0.08823186822573169
WALLABY J125604+064914,75.00000000015001,0.043870809798228334
WALLABY J125605+053051,3.000000000006,40.79874623550606
WALLABY J125605+053051,9.000000000018,30.02412949826124
WALLABY J125605+053051,15.00000000003,32.23306057148205
WALLABY J125605+053051,21.000000000042,19.463018412827836
WALLABY J125605+053051,27.000000000054,11.901094423874797
WALLABY J125605+053051,33.000000000066,7.915382785308795
WALLABY J125605+053051,39.000000000078,3.1267200259587704
WALLABY J125605+053051,45.00000000009,1.3556585531737018
WALLABY J125605+053051,51.000000000102006,0.962393509527429
WALLABY J125605+053051,57.000000000114,0.7354229055436976
WALLABY J125605+053051,63.00000000012601,0.8717312557721894
WALLABY J125605+053051,69.000000000138,0.4768124241225365
WALLABY J125605+053051,75.00000000015001,0.21265804504300317
WALLABY J125605+053051,81.000000000162,0.07138940204238399
WALLABY J125605+053051,87.000000000174,0.014790934280377135
WALLABY J125627+060352,3.000000000006,38.917821825870746
WALLABY J125627+060352,9.000000000018,26.718771442062955
WALLABY J125627+060352,15.00000000003,43.94699649403544
WALLABY J125627+060352,21.000000000042,20.716749376102328
WALLABY J125627+060352,27.000000000054,30.894532078592345
WALLABY J125627+060352,33.000000000066,24.966420013807564
WALLABY J125627+060352,39.000000000078,17.273883804964797
WALLABY J125627+060352,45.00000000009,13.250312225402153
WALLABY J125627+060352,51.000000000102006,8.955539838357556
WALLABY J125627+060352,57.000000000114,8.624674958931347
WALLABY J125627+060352,63.00000000012601,4.958558663401591
WALLABY J125627+060352,69.000000000138,3.8347647566331338
WALLABY J125627+060352,75.00000000015001,2.0451573949971413
WALLABY J125627+060352,81.000000000162,1.0276411913086418
WALLABY J125627+060352,87.000000000174,0.6607791923071188
WALLABY J125627+060352,93.000000000186,0.4518223665657408
WALLABY J125627+060352,99.000000000198,0.18541188183764928
WALLABY J125627+060352,105.00000000021001,0.04130543673833146
WALLABY J125627+060352,111.000000000222,0.02590226518096757
WALLABY J125636+030211,3.000000000006,46.411513853125
WALLABY J125636+030211,9.000000000018,22.57435539623712
WALLABY J125636+030211,15.00000000003,24.883922411478455
WALLABY J125636+030211,21.000000000042,15.10912843009872
WALLABY J125636+030211,27.000000000054,7.414850256090189
WALLABY J125636+030211,33.000000000066,4.232008260653204
WALLABY J125636+030211,39.000000000078,1.3419215056467881
WALLABY J125636+030211,45.00000000009,0.0010154355192753606
WALLABY J125636+030211,51.000000000102006,0.29574526509396903
WALLABY J125636+030211,57.000000000114,0.03462535419129389
WALLABY J125646+034002,3.000000000006,8.179713664058573
WALLABY J125646+034002,9.000000000018,14.515444539087744
WALLABY J125646+034002,15.00000000003,8.844985233385536
WALLABY J125646+034002,21.000000000042,7.096069955519014
WALLABY J125646+034002,27.000000000054,6.277148524281811
WALLABY J125646+034002,33.000000000066,5.175389329564704
WALLABY J125646+034002,39.000000000078,2.9904421676080126
WALLABY J125646+034002,45.00000000009,3.231012373199018
WALLABY J125646+034002,51.000000000102006,1.4653656122398353
WALLABY J125646+034002,57.000000000114,1.1049433833739555
WALLABY J125646+034002,63.00000000012601,0.5523056067916818
WALLABY J125646+034002,69.000000000138,0.3174944533430635
WALLABY J125646+034002,75.00000000015001,0.21152427276680752
WALLABY J125646+034002,81.000000000162,0.023933901663542003
WALLABY J125646+034002,87.000000000174,0.04188359906099378
WALLABY J125646+034002,93.000000000186,0.06624235491985267
WALLABY J125646+034002,99.000000000198,0.07019500651868926
WALLABY J125646+034002,105.00000000021001,0.051760230703697216
WALLABY J125646+034002,111.000000000222,0.03997436935954485
WALLABY J125646+034002,117.000000000234,0.02719763357431295
WALLABY J125646+034002,123.000000000246,0.03602230045251743
WALLABY J125646+034002,129.000000000258,0.04491622526087736
WALLABY J125646+034002,135.00000000027,0.05005311407584293
WALLABY J125646+034002,141.000000000282,0.051197380693001074
WALLABY J125646+034002,147.000000000294,0.035057601233408967
WALLABY J125647+055350,3.000000000006,27.21336141632055
WALLABY J125647+055350,9.000000000018,28.458315815389206
WALLABY J125647+055350,15.00000000003,24.039704284202408
WALLABY J125647+055350,21.000000000042,17.25097595353942
WALLABY J125647+055350,27.000000000054,9.626521114004566
WALLABY J125647+055350,33.000000000066,5.894491974967392
WALLABY J125647+055350,39.000000000078,2.9223690595159524
WALLABY J125647+055350,45.00000000009,0.181775311993465
WALLABY J125647+055512,3.000000000006,9.291536511796236
WALLABY J125647+055512,9.000000000018,20.38802855018586
WALLABY J125647+055512,15.00000000003,14.619246073099056
WALLABY J125647+055512,21.000000000042,16.437105240935892
WALLABY J125647+055512,27.000000000054,14.490023358267035
WALLABY J125647+055512,33.000000000066,13.444456322517421
WALLABY J125647+055512,39.000000000078,10.06766676775011
WALLABY J125647+055512,45.00000000009,6.9538147844582605
WALLABY J125647+055512,51.000000000102006,4.06422755334457
WALLABY J125647+055512,57.000000000114,2.6642661397340106
WALLABY J125647+055512,63.00000000012601,0.4129027384887452
WALLABY J125647+055512,69.000000000138,0.5070653865125002
WALLABY J125647+055512,75.00000000015001,0.03871612126341696
WALLABY J125647+055512,81.000000000162,0.030263469139670048
WALLABY J125647+055512,87.000000000174,0.06780407238812007
WALLABY J125647+055512,93.000000000186,0.16413307872992133
WALLABY J125647+055512,99.000000000198,0.1789866112209222
WALLABY J125647+055512,105.00000000021001,0.11035724610678788
WALLABY J125647+055512,111.000000000222,0.08013280307299163
WALLABY J125647+055512,117.000000000234,0.034321712254713754
WALLABY J125652+045727,3.000000000006,69.08741485790037
WALLABY J125652+045727,9.000000000018,54.41236403232378
WALLABY J125652+045727,15.00000000003,36.893273722934666
WALLABY J125652+045727,21.000000000042,22.46255247381645
WALLABY J125652+045727,27.000000000054,16.615213591431257
WALLABY J125652+045727,33.000000000066,7.134444020145517
WALLABY J125652+045727,39.000000000078,3.7024763303016126
WALLABY J125652+045727,45.00000000009,1.1579132608991474
WALLABY J125652+045727,51.000000000102006,0.27286762711878115
WALLABY J125652+045727,57.000000000114,0.22833533203569
WALLABY J125700-171910,3.000000000006,153.85893111233116
WALLABY J125700-171910,9.000000000018,174.34884778115054
WALLABY J125700-171910,15.00000000003,107.0405027457025
WALLABY J125700-171910,21.000000000042,109.63934504990345
WALLABY J125700-171910,27.000000000054,93.64270305438349
WALLABY J125700-171910,33.000000000066,84.81572203597769
WALLABY J125700-171910,39.000000000078,61.52020709036793
WALLABY J125700-171910,45.00000000009,58.25087019072118
WALLABY J125700-171910,51.000000000102006,42.14026330745582
WALLABY J125700-171910,57.000000000114,33.24167939755376
WALLABY J125700-171910,63.00000000012601,21.999494788625736
WALLABY J125700-171910,69.000000000138,14.77332540091686
WALLABY J125700-171910,75.00000000015001,9.309243221212496
WALLABY J125700-171910,81.000000000162,6.564173861041108
WALLABY J125700-171910,87.000000000174,1.082037210558204
WALLABY J125700-171910,93.000000000186,0.37025093152002814
WALLABY J125716+060334,3.000000000006,49.411901208321545
WALLABY J125716+060334,9.000000000018,33.70293293127167
WALLABY J125716+060334,15.00000000003,26.203093315520746
WALLABY J125716+060334,21.000000000042,18.736743963228243
WALLABY J125716+060334,27.000000000054,10.79560272114258
WALLABY J125716+060334,33.000000000066,4.182098693645461
WALLABY J125716+060334,39.000000000078,1.5862775598205285
WALLABY J125716+060334,45.00000000009,0.9066703007910273
WALLABY J125716+060334,51.000000000102006,0.16327272228025236
WALLABY J125716+060334,57.000000000114,0.07497882722439314
WALLABY J125716+060334,63.00000000012601,0.03406979097570586
WALLABY J125716+060334,69.000000000138,0.006106290672577833
WALLABY J125718+045929,3.000000000006,24.772346653841563
WALLABY J125718+045929,9.000000000018,30.05818946486711
WALLABY J125718+045929,15.00000000003,20.88510729921658
WALLABY J125718+045929,21.000000000042,14.784746339506677
WALLABY J125718+045929,27.000000000054,14.700179055929793
WALLABY J125718+045929,33.000000000066,9.100035779760056
WALLABY J125718+045929,39.000000000078,5.813858111208386
WALLABY J125718+045929,45.00000000009,3.572079703469652
WALLABY J125718+045929,51.000000000102006,1.2138460624204959
WALLABY J125718+045929,57.000000000114,0.4154394885410238
WALLABY J125718+045929,63.00000000012601,0.09526322242360885
WALLABY J125718+045929,69.000000000138,0.006652270624504915
WALLABY J125724-153912,3.000000000006,70.21105808160961
WALLABY J125724-153912,9.000000000018,54.80835391290651
WALLABY J125724-153912,15.00000000003,35.91219859943848
WALLABY J125724-153912,21.000000000042,33.045589242260064
WALLABY J125724-153912,27.000000000054,20.36868094222175
WALLABY J125724-153912,33.000000000066,8.552580632957302
WALLABY J125724-153912,39.000000000078,1.4514097861186026
WALLABY J125724-153912,45.00000000009,0.062358869336370144
WALLABY J125724-153912,51.000000000102006,0.29268201644132424
WALLABY J125724-153912,57.000000000114,0.12553660110222276
WALLABY J125734+035519,3.000000000006,51.92765045033735
WALLABY J125734+035519,9.000000000018,41.046842631497476
WALLABY J125734+035519,15.00000000003,26.724542701190256
WALLABY J125734+035519,21.000000000042,27.33452765193376
WALLABY J125734+035519,27.000000000054,18.498389321361877
WALLABY J125734+035519,33.000000000066,12.542199071354254
WALLABY J125734+035519,39.000000000078,6.240790915191914
WALLABY J125734+035519,45.00000000009,3.133572022350902
WALLABY J125734+035519,51.000000000102006,1.9594715930264623
WALLABY J125734+035519,57.000000000114,1.3428610906667329
WALLABY J125734+035519,63.00000000012601,0.6033241220969523
WALLABY J125734+035519,69.000000000138,0.4620311374069286
WALLABY J125734+035519,75.00000000015001,0.3239754503107542
WALLABY J125734+035519,81.000000000162,0.08506758244124708
WALLABY J125734+035519,87.000000000174,0.021945897200774885
WALLABY J125734+035519,93.000000000186,0.005804801784635016
WALLABY J125757-130339,3.000000000006,1.9947496976644346
WALLABY J125757-130339,9.000000000018,7.015053642185318
WALLABY J125757-130339,15.00000000003,12.324408772862771
WALLABY J125757-130339,21.000000000042,18.633289962091172
WALLABY J125757-130339,27.000000000054,20.38453054890961
WALLABY J125757-130339,33.000000000066,30.09698461943507
WALLABY J125757-130339,39.000000000078,32.61584171982149
WALLABY J125757-130339,45.00000000009,23.376302309108677
WALLABY J125757-130339,51.000000000102006,22.394394265090995
WALLABY J125757-130339,57.000000000114,19.864713329979
WALLABY J125757-130339,63.00000000012601,21.40959845956093
WALLABY J125757-130339,69.000000000138,25.136120220225784
WALLABY J125757-130339,75.00000000015001,29.55668593063265
WALLABY J125757-130339,81.000000000162,30.821623734297315
WALLABY J125757-130339,87.000000000174,29.53020848566534
WALLABY J125757-130339,93.000000000186,27.234472904876302
WALLABY J125757-130339,99.000000000198,20.800823357677512
WALLABY J125757-130339,105.00000000021001,17.263648172394042
WALLABY J125757-130339,111.000000000222,10.93851500719084
WALLABY J125757-130339,117.000000000234,5.681198092008237
WALLABY J125757-130339,123.000000000246,2.2856987242285527
WALLABY J125757-130339,129.000000000258,0.8834583918233945
WALLABY J125757-130339,135.00000000027,0.3504284443159576
WALLABY J125757-130339,141.000000000282,0.06402446339544092
WALLABY J125757-130339,147.000000000294,0.05545827384275033
WALLABY J125814+033205,3.000000000006,29.263548774432117
WALLABY J125814+033205,9.000000000018,31.688796559584464
WALLABY J125814+033205,15.00000000003,28.958399155079153
WALLABY J125814+033205,21.000000000042,17.801503636793157
WALLABY J125814+033205,27.000000000054,19.734774402072777
WALLABY J125814+033205,33.000000000066,11.278088713007397
WALLABY J125814+033205,39.000000000078,6.347952404724006
WALLABY J125814+033205,45.00000000009,5.219698725055691
WALLABY J125814+033205,51.000000000102006,2.9108201263499436
WALLABY J125814+033205,57.000000000114,1.1931958142484427
WALLABY J125814+033205,63.00000000012601,0.6765685158595715
WALLABY J125814+033205,69.000000000138,0.22712111871153332
WALLABY J125814+033205,75.00000000015001,0.08800904494434542
WALLABY J125814+033205,81.000000000162,0.07558514946016495
WALLABY J125814+061724,3.000000000006,12.97970860329484
WALLABY J125814+061724,9.000000000018,13.271776351773896
WALLABY J125814+061724,15.00000000003,13.902468199023216
WALLABY J125814+061724,21.000000000042,9.79706709190018
WALLABY J125814+061724,27.000000000054,7.187025115762352
WALLABY J125814+061724,33.000000000066,4.486437460349445
WALLABY J125814+061724,39.000000000078,1.7818935618048721
WALLABY J125814+061724,45.00000000009,0.13863454557333568
WALLABY J125814+061724,51.000000000102006,0.028724147389973163
WALLABY J125832-161038,3.000000000006,51.77275349776866
WALLABY J125832-161038,9.000000000018,38.53553001053185
WALLABY J125832-161038,15.00000000003,35.51224214973778
WALLABY J125832-161038,21.000000000042,33.32766295836377
WALLABY J125832-161038,27.000000000054,22.870598505877517
WALLABY J125832-161038,33.000000000066,14.836161844901273
WALLABY J125832-161038,39.000000000078,8.619828134444576
WALLABY J125832-161038,45.00000000009,2.039394668744549
WALLABY J125834+054735,3.000000000006,11.396459825389545
WALLABY J125834+054735,9.000000000018,11.395406930648162
WALLABY J125834+054735,15.00000000003,8.216434649878856
WALLABY J125834+054735,21.000000000042,9.750666174067648
WALLABY J125834+054735,27.000000000054,8.957769463419206
WALLABY J125834+054735,33.000000000066,5.96083702896868
WALLABY J125834+054735,39.000000000078,4.999234735341059
WALLABY J125834+054735,45.00000000009,3.323830573205294
WALLABY J125834+054735,51.000000000102006,1.145988688558584
WALLABY J125834+054735,57.000000000114,0.7103029051036873
WALLABY J125834+054735,63.00000000012601,0.4042073418024879
WALLABY J125834+054735,69.000000000138,0.2738673009306154
WALLABY J125834+054735,75.00000000015001,0.2315900412991193
WALLABY J125834+054735,81.000000000162,0.1265619749464237
WALLABY J125834+054735,87.000000000174,0.061448336246271516
WALLABY J125836-161333,3.000000000006,36.98060667359329
WALLABY J125836-161333,9.000000000018,45.194678561473054
WALLABY J125836-161333,15.00000000003,33.45832049616107
WALLABY J125836-161333,21.000000000042,27.62509206172262
WALLABY J125836-161333,27.000000000054,20.317360058838783
WALLABY J125836-161333,33.000000000066,9.02871686241938
WALLABY J125836-161333,39.000000000078,4.303429474921728
WALLABY J125836-161333,45.00000000009,2.4986222998208985
WALLABY J125836-161333,51.000000000102006,0.7756080442467221
WALLABY J125836-161333,57.000000000114,0.306322134627918
WALLABY J125836-161333,63.00000000012601,0.06969317834602116
WALLABY J125848-114647,3.000000000006,18.030171605064528
WALLABY J125848-114647,9.000000000018,21.76591770119254
WALLABY J125848-114647,15.00000000003,11.599703912780631
WALLABY J125848-114647,21.000000000042,18.139310578637602
WALLABY J125848-114647,27.000000000054,16.016406405907034
WALLABY J125848-114647,33.000000000066,12.425824925756832
WALLABY J125848-114647,39.000000000078,5.815076510579196
WALLABY J125848-114647,45.00000000009,3.697757292280461
WALLABY J125848-114647,51.000000000102006,1.36526970407796
WALLABY J125848-114647,57.000000000114,1.471271194070623
WALLABY J125848-114647,63.00000000012601,1.1133979805097576
WALLABY J125848-114647,69.000000000138,0.9538314161895068
WALLABY J125848-114647,75.00000000015001,0.7285396240883855
WALLABY J125848-114647,81.000000000162,0.20705834335302942
WALLABY J125848-114647,87.000000000174,0.11132719809726985
WALLABY J125848-114647,93.000000000186,0.08270982839624962
WALLABY J125848-114647,99.000000000198,0.06487325836652717
WALLABY J125851+052229,3.000000000006,30.18485703759872
WALLABY J125851+052229,9.000000000018,33.70282032028447
WALLABY J125851+052229,15.00000000003,20.039046417258866
WALLABY J125851+052229,21.000000000042,23.46214176875633
WALLABY J125851+052229,27.000000000054,16.048428491412995
WALLABY J125851+052229,33.000000000066,11.189743903322581
WALLABY J125851+052229,39.000000000078,12.14730422028532
WALLABY J125851+052229,45.00000000009,8.619224983854911
WALLABY J125851+052229,51.000000000102006,8.051294557103656
WALLABY J125851+052229,57.000000000114,6.42679613279419
WALLABY J125851+052229,63.00000000012601,4.1192622813498305
WALLABY J125851+052229,69.000000000138,2.2259333686245344
WALLABY J125851+052229,75.00000000015001,0.22552944900623134
WALLABY J125851+052229,81.000000000162,0.2120273154215291
WALLABY J125851+052229,87.000000000174,0.25686932789049
WALLABY J125851+052229,93.000000000186,0.2096269518317082
WALLABY J125851+052229,99.000000000198,0.2090502492194238
WALLABY J125851+052229,105.00000000021001,0.12387687484694852
WALLABY J125851+052229,111.000000000222,0.049594148736120516
WALLABY J125851+052229,117.000000000234,0.017252900764167207
WALLABY J125851+052229,123.000000000246,0.004406394635195155
WALLABY J125855-142319,3.000000000006,33.606784914859716
WALLABY J125855-142319,9.000000000018,21.413195084592793
WALLABY J125855-142319,15.00000000003,14.238670873744976
WALLABY J125855-142319,21.000000000042,13.581656090023392
WALLABY J125855-142319,27.000000000054,11.318950981101274
WALLABY J125855-142319,33.000000000066,8.38353654183324
WALLABY J125855-142319,39.000000000078,5.414535709330474
WALLABY J125855-142319,45.00000000009,3.551724693431195
WALLABY J125855-142319,51.000000000102006,0.42788157495012735
WALLABY J125855-142319,57.000000000114,0.04824269745761724
WALLABY J125859-135141,3.000000000006,32.71210231435618
WALLABY J125859-135141,9.000000000018,34.08298278058257
WALLABY J125859-135141,15.00000000003,24.668752172939325
WALLABY J125859-135141,21.000000000042,19.474154102689848
WALLABY J125859-135141,27.000000000054,13.448407164909757
WALLABY J125859-135141,33.000000000066,8.167445031434088
WALLABY J125859-135141,39.000000000078,4.802248672043465
WALLABY J125859-135141,45.00000000009,1.8070686758157948
WALLABY J125859-135141,51.000000000102006,0.016478242062243416
WALLABY J125859-135141,57.000000000114,0.19618893264876394
WALLABY J125859-135141,63.00000000012601,0.13936887526254765
WALLABY J125859-135141,69.000000000138,0.050343071106120574
WALLABY J125859-135141,75.00000000015001,0.05171625768080469
WALLABY J125907-121329,3.000000000006,106.33670451115225
WALLABY J125907-121329,9.000000000018,119.93032432358416
WALLABY J125907-121329,15.00000000003,118.12027503866224
WALLABY J125907-121329,21.000000000042,88.90919383558821
WALLABY J125907-121329,27.000000000054,106.18962976480336
WALLABY J125907-121329,33.000000000066,87.02507738736462
WALLABY J125907-121329,39.000000000078,74.21045984757592
WALLABY J125907-121329,45.00000000009,59.65224529853603
WALLABY J125907-121329,51.000000000102006,55.52806317626721
WALLABY J125907-121329,57.000000000114,41.92780168868699
WALLABY J125907-121329,63.00000000012601,29.04888709965207
WALLABY J125907-121329,69.000000000138,22.900807116236376
WALLABY J125907-121329,75.00000000015001,18.640256843319005
WALLABY J125907-121329,81.000000000162,12.77926164570383
WALLABY J125907-121329,87.000000000174,10.836427980719744
WALLABY J125907-121329,93.000000000186,8.580603323308011
WALLABY J125907-121329,99.000000000198,9.117125115567111
WALLABY J125907-121329,105.00000000021001,7.654719591776014
WALLABY J125907-121329,111.000000000222,5.0925483709886015
WALLABY J125907-121329,117.000000000234,5.618173592618667
WALLABY J125907-121329,123.000000000246,5.239967862981286
WALLABY J125907-121329,129.000000000258,4.307195334181528
WALLABY J125907-121329,135.00000000027,2.978408230031698
WALLABY J125907-121329,141.000000000282,3.9297350140332297
WALLABY J125907-121329,147.000000000294,2.94539972927121
WALLABY J125907-121329,153.000000000306,1.9740118436185217
WALLABY J125907-121329,159.000000000318,0.7210686756307385
WALLABY J125907-121329,165.00000000033,0.5128010481684384
WALLABY J125907-121329,171.000000000342,0.25712765030946394
WALLABY J125907-121329,177.00000000035402,0.2323427190730332
WALLABY J125907-121329,183.00000000036601,0.1175050178165913
WALLABY J125907-121329,189.000000000378,0.24720623268200492
WALLABY J125907-121329,195.00000000039,0.39545383008282187
WALLABY J125907-121329,201.000000000402,0.38844652722238415
WALLABY J125907-121329,207.000000000414,0.36416914988451043
WALLABY J125907-121329,213.000000000426,0.2771451653927127
WALLABY J125907-121329,219.000000000438,0.1826851211100133
WALLABY J125907-121329,225.00000000045,0.05907089944084358
WALLABY J125907-121329,231.00000000046202,0.0024978318007098156
WALLABY J125907-121329,237.00000000047402,0.015124108479606801
WALLABY J125907-121329,243.000000000486,0.017349504153654674
WALLABY J125909+063848,3.000000000006,15.675298311434839
WALLABY J125909+063848,9.000000000018,15.948804675118836
WALLABY J125909+063848,15.00000000003,12.382732719471159
WALLABY J125909+063848,21.000000000042,10.741785880245523
WALLABY J125909+063848,27.000000000054,6.586740113407048
WALLABY J125909+063848,33.000000000066,2.9239415414834435
WALLABY J125909+063848,39.000000000078,0.9609100758616106
WALLABY J125909+063848,45.00000000009,0.291418200370037
WALLABY J125909+063848,51.000000000102006,0.11461913432969766
WALLABY J125910-161749,3.000000000006,70.69360227803146
WALLABY J125910-161749,9.000000000018,42.84904764372288
WALLABY J125910-161749,15.00000000003,51.46816351544636
WALLABY J125910-161749,21.000000000042,32.742752290748875
WALLABY J125910-161749,27.000000000054,18.485318709712832
WALLABY J125910-161749,33.000000000066,12.407936994164341
WALLABY J125910-161749,39.000000000078,5.9610491961939145
WALLABY J125910-161749,45.00000000009,1.8035406205828848
WALLABY J125910-161749,51.000000000102006,0.0523682637097007
WALLABY J125910-161749,57.000000000114,0.07606283741068566
WALLABY J125910-161749,63.00000000012601,0.008437859100142836
WALLABY J125910-161749,69.000000000138,0.02969862049737159
WALLABY J125910-161749,75.00000000015001,0.04686914934465906
WALLABY J125910-161749,81.000000000162,0.022233636783074256
WALLABY J125912-124101,3.000000000006,58.202773588361886
WALLABY J125912-124101,9.000000000018,75.8878873195468
WALLABY J125912-124101,15.00000000003,49.41605083325516
WALLABY J125912-124101,21.000000000042,30.555751988848538
WALLABY J125912-124101,27.000000000054,15.425163149885554
WALLABY J125912-124101,33.000000000066,8.748691446785024
WALLABY J125912-124101,39.000000000078,4.28159826192492
WALLABY J125912-124101,45.00000000009,2.7416733177092945
WALLABY J125912-124101,51.000000000102006,1.700321846181738
WALLABY J125912-124101,57.000000000114,0.8148983034848275
WALLABY J125912-124101,63.00000000012601,0.2089610519352554
WALLABY J125912-124101,69.000000000138,0.1354117449097845
WALLABY J125912-124101,75.00000000015001,0.20878439685413458
WALLABY J125912-124101,81.000000000162,0.17888496919329158
WALLABY J125912-124101,87.000000000174,0.1034243166688752
WALLABY J125912-124101,93.000000000186,0.052769007886572836
WALLABY J125912-182326,3.000000000006,35.6111333050377
WALLABY J125912-182326,9.000000000018,27.507861813968876
WALLABY J125912-182326,15.00000000003,28.724302607386107
WALLABY J125912-182326,21.000000000042,21.289202009958
WALLABY J125912-182326,27.000000000054,10.670413857195417
WALLABY J125912-182326,33.000000000066,3.4214656691226226
WALLABY J125912-182326,39.000000000078,0.9034446629510582
WALLABY J125912-182326,45.00000000009,0.08838904294043427
WALLABY J125930-135159,3.000000000006,44.4172016923194
WALLABY J125930-135159,9.000000000018,30.383882746191496
WALLABY J125930-135159,15.00000000003,32.02826191279828
WALLABY J125930-135159,21.000000000042,16.03727626882579
WALLABY J125930-135159,27.000000000054,9.160394541165688
WALLABY J125930-135159,33.000000000066,4.8689541940987855
WALLABY J125930-135159,39.000000000078,0.941128402062772
WALLABY J125930-135159,45.00000000009,0.3387616030213461
WALLABY J125930-135159,51.000000000102006,0.2542502884666432
WALLABY J125930-135159,57.000000000114,0.1857177926452585
WALLABY J125930-135159,63.00000000012601,0.2408310370387333
WALLABY J125930-135159,69.000000000138,0.1635851621681097
WALLABY J125930-135159,75.00000000015001,0.040823948587934034
WALLABY J125930-135159,81.000000000162,0.004050110127529177
WALLABY J125931-140755,3.000000000006,65.58835906790009
WALLABY J125931-140755,9.000000000018,55.39650203076011
WALLABY J125931-140755,15.00000000003,57.53919215524769
WALLABY J125931-140755,21.000000000042,48.780680749884745
WALLABY J125931-140755,27.000000000054,43.45771170853284
WALLABY J125931-140755,33.000000000066,41.88392114695817
WALLABY J125931-140755,39.000000000078,30.337953695003208
WALLABY J125931-140755,45.00000000009,24.786698060689904
WALLABY J125931-140755,51.000000000102006,17.265291685376997
WALLABY J125931-140755,57.000000000114,11.627171455240848
WALLABY J125931-140755,63.00000000012601,6.326667466167485
WALLABY J125931-140755,69.000000000138,2.55923663864821
WALLABY J125931-140755,75.00000000015001,0.7404790712115348
WALLABY J125931-140755,81.000000000162,0.2211405392790182
WALLABY J125932-151419,3.000000000006,49.995299876839425
WALLABY J125932-151419,9.000000000018,60.05209748413424
WALLABY J125932-151419,15.00000000003,40.68260379652548
WALLABY J125932-151419,21.000000000042,30.398316663331165
WALLABY J125932-151419,27.000000000054,20.649612570388307
WALLABY J125932-151419,33.000000000066,15.62127690182746
WALLABY J125932-151419,39.000000000078,5.680544467066554
WALLABY J125932-151419,45.00000000009,3.594499891894707
WALLABY J125932-151419,51.000000000102006,1.3589434773095594
WALLABY J125932-151419,57.000000000114,0.8047541071120617
WALLABY J125932-151419,63.00000000012601,0.5843636757699979
WALLABY J125932-151419,69.000000000138,0.6943552251267693
WALLABY J125932-151419,75.00000000015001,0.39956559828105714
WALLABY J125932-151419,81.000000000162,0.04920086262173067
WALLABY J125937+070246,3.000000000006,21.85456863213688
WALLABY J125937+070246,9.000000000018,15.992501695728711
WALLABY J125937+070246,15.00000000003,17.837743299303103
WALLABY J125937+070246,21.000000000042,10.016568218715605
WALLABY J125937+070246,27.000000000054,3.8040199798360987
WALLABY J125937+070246,33.000000000066,1.6242130954049945
WALLABY J125937+070246,39.000000000078,0.7129574205418335
WALLABY J125937+070246,45.00000000009,0.27884450899182983
WALLABY J125937+070246,51.000000000102006,0.10951514055510911
WALLABY J125937+070246,57.000000000114,0.20024223851209502
WALLABY J125937+070246,63.00000000012601,0.1677515051100839
WALLABY J125937+070246,69.000000000138,0.16717838354052866
WALLABY J125937+070246,75.00000000015001,0.030245411976959947
WALLABY J125938+062651,3.000000000006,101.11146691867476
WALLABY J125938+062651,9.000000000018,45.20030389403035
WALLABY J125938+062651,15.00000000003,47.9158134424462
WALLABY J125938+062651,21.000000000042,30.687605526257883
WALLABY J125938+062651,27.000000000054,21.691664096954906
WALLABY J125938+062651,33.000000000066,13.781623212667924
WALLABY J125938+062651,39.000000000078,5.708181602097991
WALLABY J125938+062651,45.00000000009,1.7364286748835822
WALLABY J125938+062651,51.000000000102006,0.3401148960691526
WALLABY J125938+062651,57.000000000114,0.33497125536728145
WALLABY J125938+062651,63.00000000012601,0.3558652663424706
WALLABY J125938+062651,69.000000000138,0.17702609675883468
WALLABY J125938+062651,75.00000000015001,0.03411224211921709
WALLABY J125939+045140,3.000000000006,46.268925677215194
WALLABY J125939+045140,9.000000000018,20.351333018766045
WALLABY J125939+045140,15.00000000003,22.472509263872638
WALLABY J125939+045140,21.000000000042,11.427938666318854
WALLABY J125939+045140,27.000000000054,6.88953921900468
WALLABY J125939+045140,33.000000000066,3.3389165530238616
WALLABY J125939+045140,39.000000000078,1.6540392444887457
WALLABY J125939+045140,45.00000000009,0.8500282150449953
WALLABY J125939+045140,51.000000000102006,0.05848504978928187
WALLABY J125942-164952,3.000000000006,21.695839488097874
WALLABY J125942-164952,9.000000000018,20.208153725118294
WALLABY J125942-164952,15.00000000003,13.963284877979351
WALLABY J125942-164952,21.000000000042,14.668665311033966
WALLABY J125942-164952,27.000000000054,6.3843586588579235
WALLABY J125942-164952,33.000000000066,2.854083331005018
WALLABY J125942-164952,39.000000000078,0.595421516463712
WALLABY J125942-164952,45.00000000009,0.45166663700169885
WALLABY J125942-164952,51.000000000102006,0.032041309239548184
WALLABY J125943-150804,3.000000000006,28.315299142080796
WALLABY J125943-150804,9.000000000018,33.43871697403202
WALLABY J125943-150804,15.00000000003,27.532004494308985
WALLABY J125943-150804,21.000000000042,14.72557225961036
WALLABY J125943-150804,27.000000000054,11.336372233992588
WALLABY J125943-150804,33.000000000066,5.076039222348178
WALLABY J125943-150804,39.000000000078,1.6952416619893032
WALLABY J125943-150804,45.00000000009,0.5284612508444717
WALLABY J125943-150804,51.000000000102006,0.10743169768299557
WALLABY J125943-150804,57.000000000114,0.29546430273227237
WALLABY J125943-150804,63.00000000012601,0.10165758910823067
WALLABY J125943-150804,69.000000000138,0.12070834865592499
WALLABY J125943-150804,75.00000000015001,0.08377556957285687
WALLABY J125943-150804,81.000000000162,0.12735197580034757
WALLABY J125943-150804,87.000000000174,0.14895254210762093
WALLABY J125943-150804,93.000000000186,0.09505550167718965
WALLABY J125956-192430,3.000000000006,19.197618164229382
WALLABY J125956-192430,9.000000000018,38.368844702368136
WALLABY J125956-192430,15.00000000003,31.135891795107067
WALLABY J125956-192430,21.000000000042,38.593387927028985
WALLABY J125956-192430,27.000000000054,36.50158843631392
WALLABY J125956-192430,33.000000000066,35.85922564533282
WALLABY J125956-192430,39.000000000078,28.950065108998075
WALLABY J125956-192430,45.00000000009,27.29910885464847
WALLABY J125956-192430,51.000000000102006,26.867833151892714
WALLABY J125956-192430,57.000000000114,20.345360319090073
WALLABY J125956-192430,63.00000000012601,16.51873343000044
WALLABY J125956-192430,69.000000000138,14.280092327266859
WALLABY J125956-192430,75.00000000015001,9.886171406464985
WALLABY J125956-192430,81.000000000162,8.422950162151832
WALLABY J125956-192430,87.000000000174,6.819923079595857
WALLABY J125956-192430,93.000000000186,4.848097594115177
WALLABY J125956-192430,99.000000000198,4.301813296844098
WALLABY J125956-192430,105.00000000021001,3.941661035033731
WALLABY J125956-192430,111.000000000222,2.5169456363082428
WALLABY J125956-192430,117.000000000234,1.6638914530461517
WALLABY J125956-192430,123.000000000246,1.615992388985078
WALLABY J125956-192430,129.000000000258,0.6295495017270594
WALLABY J125956-192430,135.00000000027,0.3807359449048792
WALLABY J125956-192430,141.000000000282,0.07124364125775164
WALLABY J125956-192430,147.000000000294,0.013198873006774766
WALLABY J130003-183028,3.000000000006,9.610335473252654
WALLABY J130003-183028,9.000000000018,7.207788561041222
WALLABY J130003-183028,15.00000000003,7.803920580755051
WALLABY J130003-183028,21.000000000042,11.852802760842652
WALLABY J130003-183028,27.000000000054,10.679064530695285
WALLABY J130003-183028,33.000000000066,8.932691288072004
WALLABY J130003-183028,39.000000000078,7.2316514733735
WALLABY J130003-183028,45.00000000009,6.1858548349945215
WALLABY J130003-183028,51.000000000102006,3.2481441495859724
WALLABY J130003-183028,57.000000000114,3.6865209161228174
WALLABY J130003-183028,63.00000000012601,2.6760614203238178
WALLABY J130003-183028,69.000000000138,2.0594219463655827
WALLABY J130003-183028,75.00000000015001,1.0120937493148598
WALLABY J130003-183028,81.000000000162,0.0164184483900037
WALLABY J130003-183028,87.000000000174,0.09157487866400289
WALLABY J130003-183028,93.000000000186,0.0314306607585862
WALLABY J130003-183028,99.000000000198,0.02294114675625433
WALLABY J130004-152151,3.000000000006,34.50860518109853
WALLABY J130004-152151,9.000000000018,66.68074464762113
WALLABY J130004-152151,15.00000000003,72.09319350908179
WALLABY J130004-152151,21.000000000042,49.932326332559086
WALLABY J130004-152151,27.000000000054,39.553278551000524
WALLABY J130004-152151,33.000000000066,26.571993290311955
WALLABY J130004-152151,39.000000000078,20.935454083030656
WALLABY J130004-152151,45.00000000009,12.56170278451409
WALLABY J130004-152151,51.000000000102006,6.862751525562823
WALLABY J130004-152151,57.000000000114,3.648289388699286
WALLABY J130004-152151,63.00000000012601,1.418179456360632
WALLABY J130004-152151,69.000000000138,0.4611298929377354
WALLABY J130004-152151,75.00000000015001,0.4220601121202086
WALLABY J130004-152151,81.000000000162,0.12784614342219067
WALLABY J130004-152151,87.000000000174,0.0272800652200703
WALLABY J130004-152151,93.000000000186,0.03362599399417169
WALLABY J130010-130042,3.000000000006,15.6429068223151
WALLABY J130010-130042,9.000000000018,20.580094324122193
WALLABY J130010-130042,15.00000000003,17.783292774897077
WALLABY J130010-130042,21.000000000042,13.428119547309187
WALLABY J130010-130042,27.000000000054,8.014921215869874
WALLABY J130010-130042,33.000000000066,5.215751542125223
WALLABY J130010-130042,39.000000000078,2.4249825870039556
WALLABY J130010-130042,45.00000000009,0.02439825280818865
WALLABY J130011+065105,3.000000000006,13.255003610821921
WALLABY J130011+065105,9.000000000018,7.990746221333286
WALLABY J130011+065105,15.00000000003,7.488951032737061
WALLABY J130011+065105,21.000000000042,6.6046014218814655
WALLABY J130011+065105,27.000000000054,4.1189842515095325
WALLABY J130011+065105,33.000000000066,2.4540700243872804
WALLABY J130011+065105,39.000000000078,0.5744817506658237
WALLABY J130011+065105,45.00000000009,0.0727878556668578
WALLABY J130011+065105,51.000000000102006,0.056918097253464944
WALLABY J130012+054417,3.000000000006,12.888152093012922
WALLABY J130012+054417,9.000000000018,17.824064896009585
WALLABY J130012+054417,15.00000000003,16.22190405621905
WALLABY J130012+054417,21.000000000042,11.250235974718496
WALLABY J130012+054417,27.000000000054,8.84350188644354
WALLABY J130012+054417,33.000000000066,5.3871591240063115
WALLABY J130012+054417,39.000000000078,2.5331989327676547
WALLABY J130012+054417,45.00000000009,0.3121483456893489
WALLABY J130012+054417,51.000000000102006,0.04554805693311004
WALLABY J130012+054417,57.000000000114,0.037506224132364256
WALLABY J130016-170140,3.000000000006,106.2389380266063
WALLABY J130016-170140,9.000000000018,144.84334728500966
WALLABY J130016-170140,15.00000000003,100.37297528971018
WALLABY J130016-170140,21.000000000042,70.59397840605712
WALLABY J130016-170140,27.000000000054,46.71917534509575
WALLABY J130016-170140,33.000000000066,27.19419317343392
WALLABY J130016-170140,39.000000000078,17.018558656752077
WALLABY J130016-170140,45.00000000009,9.050123981523036
WALLABY J130016-170140,51.000000000102006,3.0290169147589188
WALLABY J130016-170140,57.000000000114,1.068389483746827
WALLABY J130016-170140,63.00000000012601,0.5164508993649253
WALLABY J130016-170140,69.000000000138,0.08158976076139753
WALLABY J130018-115758,3.000000000006,20.950130430280197
WALLABY J130018-115758,9.000000000018,23.17524222726625
WALLABY J130018-115758,15.00000000003,20.528624447048895
WALLABY J130018-115758,21.000000000042,19.870237885725167
WALLABY J130018-115758,27.000000000054,16.631749717390946
WALLABY J130018-115758,33.000000000066,14.398547335022888
WALLABY J130018-115758,39.000000000078,13.074523283754766
WALLABY J130018-115758,45.00000000009,8.663455402325923
WALLABY J130018-115758,51.000000000102006,4.3744483961470895
WALLABY J130018-115758,57.000000000114,2.029125916822442
WALLABY J130018-115758,63.00000000012601,0.6201742199856183
WALLABY J130018-115758,69.000000000138,0.5044879655017049
WALLABY J130018-115758,75.00000000015001,0.04376295369078183
WALLABY J130018-115758,81.000000000162,0.017606568384609278
WALLABY J130018-115758,87.000000000174,0.2084540947445374
WALLABY J130018-115758,93.000000000186,0.012033753148522454
WALLABY J130026-151708,3.000000000006,0.0
WALLABY J130026-151708,9.000000000018,58.8197537167349
WALLABY J130026-151708,15.00000000003,33.71683049425482
WALLABY J130026-151708,21.000000000042,46.18832607207642
WALLABY J130026-151708,27.000000000054,41.15611042755123
WALLABY J130026-151708,33.000000000066,22.730781444438357
WALLABY J130026-151708,39.000000000078,47.897101963173846
WALLABY J130026-151708,45.00000000009,30.78597463120673
WALLABY J130026-151708,51.000000000102006,33.2029899246385
WALLABY J130026-151708,57.000000000114,40.834762739904576
WALLABY J130026-151708,63.00000000012601,26.08875454888739
WALLABY J130026-151708,69.000000000138,35.584344169514324
WALLABY J130026-151708,75.00000000015001,24.511507054626275
WALLABY J130026-151708,81.000000000162,22.980983517254305
WALLABY J130026-151708,87.000000000174,27.161823168733772
WALLABY J130026-151708,93.000000000186,19.003388078610662
WALLABY J130026-151708,99.000000000198,22.020232935106897
WALLABY J130026-151708,105.00000000021001,14.394619672554736
WALLABY J130026-151708,111.000000000222,16.67721832959158
WALLABY J130026-151708,117.000000000234,16.98732268256061
WALLABY J130026-151708,123.000000000246,12.587733809413535
WALLABY J130026-151708,129.000000000258,12.657845603680881
WALLABY J130026-151708,135.00000000027,9.22456682366548
WALLABY J130026-151708,141.000000000282,8.03214234862406
WALLABY J130026-151708,147.000000000294,7.425372603875103
WALLABY J130026-151708,153.000000000306,5.2838556747094065
WALLABY J130026-151708,159.000000000318,5.782012911655161
WALLABY J130026-151708,165.00000000033,4.064372263083925
WALLABY J130026-151708,171.000000000342,3.25432506003712
WALLABY J130026-151708,177.00000000035402,2.8289169870525837
WALLABY J130026-151708,183.00000000036601,2.076886497768392
WALLABY J130026-151708,189.000000000378,2.376737243066619
WALLABY J130026-151708,195.00000000039,1.669577360078793
WALLABY J130026-151708,201.000000000402,1.6539027189972821
WALLABY J130026-151708,207.000000000414,1.3719710424333798
WALLABY J130026-151708,213.000000000426,0.7856837669574646
WALLABY J130026-151708,219.000000000438,0.8810348481373003
WALLABY J130026-151708,225.00000000045,0.28167162979181826
WALLABY J130026-151708,231.00000000046202,0.10105644835696999
WALLABY J130026-151708,237.00000000047402,0.011105965135832048
WALLABY J130026-151708,243.000000000486,0.02855631499816113
WALLABY J130026-151708,249.000000000498,0.02972854145802497
WALLABY J130026-151708,255.00000000051,0.009457150756353179
WALLABY J130026-151708,261.00000000052205,0.014661601299741391
WALLABY J130026-151708,267.000000000534,0.006806290424297902
WALLABY J130029-133942,3.000000000006,21.109400862594754
WALLABY J130029-133942,9.000000000018,26.639876112471764
WALLABY J130029-133942,15.00000000003,19.529660258731415
WALLABY J130029-133942,21.000000000042,14.487380400840735
WALLABY J130029-133942,27.000000000054,6.752127164697712
WALLABY J130029-133942,33.000000000066,3.255972480086483
WALLABY J130029-133942,39.000000000078,1.2929299408221802
WALLABY J130029-133942,45.00000000009,0.26451223018662595
WALLABY J130029-133942,51.000000000102006,0.14851430472380506
WALLABY J130029-133942,57.000000000114,0.07085324562181003
WALLABY J130031+083118,3.000000000006,40.956659939281494
WALLABY J130031+083118,9.000000000018,49.14115561272162
WALLABY J130031+083118,15.00000000003,36.07383990678013
WALLABY J130031+083118,21.000000000042,29.09774371824117
WALLABY J130031+083118,27.000000000054,17.71597981513772
WALLABY J130031+083118,33.000000000066,14.534716856375006
WALLABY J130031+083118,39.000000000078,8.988682106098466
WALLABY J130031+083118,45.00000000009,4.0420497474052635
WALLABY J130031+083118,51.000000000102006,2.0350300880127974
WALLABY J130031+083118,57.000000000114,1.0419391808650058
WALLABY J130031+083118,63.00000000012601,0.17294541926871346
WALLABY J130031+083118,69.000000000138,0.195430030112043
WALLABY J130031+083118,75.00000000015001,0.10534663455806949
WALLABY J130034+052831,3.000000000006,14.383415891850278
WALLABY J130034+052831,9.000000000018,13.337190743056645
WALLABY J130034+052831,15.00000000003,12.879027419000703
WALLABY J130034+052831,21.000000000042,8.56756355888458
WALLABY J130034+052831,27.000000000054,8.614298292140845
WALLABY J130034+052831,33.000000000066,4.251322479477325
WALLABY J130034+052831,39.000000000078,4.41898223000682
WALLABY J130034+052831,45.00000000009,3.1938049961513477
WALLABY J130034+052831,51.000000000102006,1.4968603644841942
WALLABY J130034+052831,57.000000000114,0.45181580555198114
WALLABY J130034+052831,63.00000000012601,0.16934345541608214
WALLABY J130034+052831,69.000000000138,0.07599957318750789
WALLABY J130034+052831,75.00000000015001,0.036048804811349824
WALLABY J130043+071159,3.000000000006,30.630210466102724
WALLABY J130043+071159,9.000000000018,23.758059132313488
WALLABY J130043+071159,15.00000000003,16.887551451224073
WALLABY J130043+071159,21.000000000042,11.429909432478219
WALLABY J130043+071159,27.000000000054,4.79690065179703
WALLABY J130043+071159,33.000000000066,2.443833704201546
WALLABY J130043+071159,39.000000000078,0.42456875050652276
WALLABY J130043+071159,45.00000000009,0.0838624935256044
WALLABY J130043+071159,51.000000000102006,0.013301631210154574
WALLABY J130043-154253,3.000000000006,17.034959953033436
WALLABY J130043-154253,9.000000000018,19.115295754898213
WALLABY J130043-154253,15.00000000003,23.290383219975666
WALLABY J130043-154253,21.000000000042,22.611419855847775
WALLABY J130043-154253,27.000000000054,26.131265590601227
WALLABY J130043-154253,33.000000000066,25.382547309690562
WALLABY J130043-154253,39.000000000078,26.02364393110967
WALLABY J130043-154253,45.00000000009,25.040195772525557
WALLABY J130043-154253,51.000000000102006,22.759252820007596
WALLABY J130043-154253,57.000000000114,21.572525777608607
WALLABY J130043-154253,63.00000000012601,16.701751700059983
WALLABY J130043-154253,69.000000000138,12.261972099447194
WALLABY J130043-154253,75.00000000015001,8.414997354620034
WALLABY J130043-154253,81.000000000162,6.177189118026438
WALLABY J130043-154253,87.000000000174,3.8436930435639227
WALLABY J130043-154253,93.000000000186,2.72951474244001
WALLABY J130043-154253,99.000000000198,1.525881934775208
WALLABY J130043-154253,105.00000000021001,0.8521938006054005
WALLABY J130043-154253,111.000000000222,0.48449336889209543
WALLABY J130043-154253,117.000000000234,0.252257218154214
WALLABY J130043-154253,123.000000000246,0.10913591090297804
WALLABY J130043-185429,3.000000000006,34.6482219380201
WALLABY J130043-185429,9.000000000018,27.99949871799333
WALLABY J130043-185429,15.00000000003,24.04575510999937
WALLABY J130043-185429,21.000000000042,14.035913743425908
WALLABY J130043-185429,27.000000000054,11.692904340701558
WALLABY J130043-185429,33.000000000066,7.060526679987226
WALLABY J130043-185429,39.000000000078,4.123553976835122
WALLABY J130043-185429,45.00000000009,2.219868923401033
WALLABY J130043-185429,51.000000000102006,1.6921192577270578
WALLABY J130043-185429,57.000000000114,0.8319298336399512
WALLABY J130043-185429,63.00000000012601,0.6570699585397988
WALLABY J130043-185429,69.000000000138,0.20153333500573728
WALLABY J130043-185429,75.00000000015001,0.037971800218091274
WALLABY J130055+070243,3.000000000006,27.329295327096087
WALLABY J130055+070243,9.000000000018,31.70975191725127
WALLABY J130055+070243,15.00000000003,29.771691427032824
WALLABY J130055+070243,21.000000000042,24.630647004833293
WALLABY J130055+070243,27.000000000054,15.734709691617747
WALLABY J130055+070243,33.000000000066,9.797552298376223
WALLABY J130055+070243,39.000000000078,6.004997741763178
WALLABY J130055+070243,45.00000000009,2.8890617927294318
WALLABY J130055+070243,51.000000000102006,0.6456568292611671
WALLABY J130055+070243,57.000000000114,0.32505491234664136
WALLABY J130055+070243,63.00000000012601,0.06157455369473529
WALLABY J130057-172247,3.000000000006,105.17931684746902
WALLABY J130057-172247,9.000000000018,48.005546482228276
WALLABY J130057-172247,15.00000000003,42.265869520045776
WALLABY J130057-172247,21.000000000042,45.78825906727144
WALLABY J130057-172247,27.000000000054,24.85715364051821
WALLABY J130057-172247,33.000000000066,18.75499293558683
WALLABY J130057-172247,39.000000000078,12.173491993228893
WALLABY J130057-172247,45.00000000009,7.919756515839876
WALLABY J130057-172247,51.000000000102006,3.8261651614165144
WALLABY J130057-172247,57.000000000114,1.9698962225562
WALLABY J130057-172247,63.00000000012601,0.35132513550203126
WALLABY J130057-172247,69.000000000138,0.08650142134806046
WALLABY J130057-172247,75.00000000015001,0.434662834291683
WALLABY J130057-172247,81.000000000162,0.393817307028079
WALLABY J130057-172247,87.000000000174,0.1389673251472345
WALLABY J130057-172247,93.000000000186,0.030696927346987115
WALLABY J130100+025004,3.000000000006,35.40285874453419
WALLABY J130100+025004,9.000000000018,37.52064831313998
WALLABY J130100+025004,15.00000000003,21.131851427934805
WALLABY J130100+025004,21.000000000042,19.731495778495407
WALLABY J130100+025004,27.000000000054,20.219989736507813
WALLABY J130100+025004,33.000000000066,14.841917840791615
WALLABY J130100+025004,39.000000000078,7.5329200038475745
WALLABY J130100+025004,45.00000000009,5.908154826791499
WALLABY J130100+025004,51.000000000102006,2.487122469339263
WALLABY J130100+025004,57.000000000114,1.3743140651947845
WALLABY J130100+025004,63.00000000012601,0.3755158034020682
WALLABY J130100+025004,69.000000000138,0.34011827251734555
WALLABY J130100+025004,75.00000000015001,0.2913448683531986
WALLABY J130100+025004,81.000000000162,0.051743252037516535
WALLABY J130108-181149,3.000000000006,31.069451600480164
WALLABY J130108-181149,9.000000000018,36.31555280684895
WALLABY J130108-181149,15.00000000003,22.53666741303391
WALLABY J130108-181149,21.000000000042,26.933248472857795
WALLABY J130108-181149,27.000000000054,29.789437107725988
WALLABY J130108-181149,33.000000000066,31.313831114334832
WALLABY J130108-181149,39.000000000078,28.448144253569666
WALLABY J130108-181149,45.00000000009,23.820991260832272
WALLABY J130108-181149,51.000000000102006,18.13946885365677
WALLABY J130108-181149,57.000000000114,13.063053846842392
WALLABY J130108-181149,63.00000000012601,6.868976616539238
WALLABY J130108-181149,69.000000000138,2.234383479680929
WALLABY J130108-181149,75.00000000015001,0.5076966499964394
WALLABY J130108-181149,81.000000000162,0.277476974153386
WALLABY J130108-181149,87.000000000174,0.04616201465510607
WALLABY J130116+045403,3.000000000006,51.1510868814745
WALLABY J130116+045403,9.000000000018,46.340296038426615
WALLABY J130116+045403,15.00000000003,18.2795678844322
WALLABY J130116+045403,21.000000000042,16.33085673596089
WALLABY J130116+045403,27.000000000054,9.269671436642941
WALLABY J130116+045403,33.000000000066,4.060192205863027
WALLABY J130116+045403,39.000000000078,1.3294794871105298
WALLABY J130116+045403,45.00000000009,0.28499454876750135
WALLABY J130116+045403,51.000000000102006,0.16759543714577785
WALLABY J130116+045403,57.000000000114,0.10610592776583228
WALLABY J130116+045403,63.00000000012601,0.06874132703807248
WALLABY J130116+045403,69.000000000138,0.04931374876639373
WALLABY J130121-133904,3.000000000006,53.57735248286582
WALLABY J130121-133904,9.000000000018,63.8714164032868
WALLABY J130121-133904,15.00000000003,42.885300826232914
WALLABY J130121-133904,21.000000000042,35.31472273516688
WALLABY J130121-133904,27.000000000054,21.262871289399026
WALLABY J130121-133904,33.000000000066,11.258274443079014
WALLABY J130121-133904,39.000000000078,5.828815916737564
WALLABY J130121-133904,45.00000000009,3.007141030648009
WALLABY J130121-133904,51.000000000102006,0.6917182794155199
WALLABY J130121-133904,57.000000000114,0.11500249820478972
WALLABY J130121-133904,63.00000000012601,0.002747385420572199
WALLABY J130121-194538,3.000000000006,53.29113888671358
WALLABY J130121-194538,9.000000000018,22.407683220025586
WALLABY J130121-194538,15.00000000003,22.940983742814936
WALLABY J130121-194538,21.000000000042,13.700366406442493
WALLABY J130121-194538,27.000000000054,8.61732043254485
WALLABY J130121-194538,33.000000000066,4.383074387789428
WALLABY J130121-194538,39.000000000078,2.0255964220993694
WALLABY J130121-194538,45.00000000009,0.6915009660573805
WALLABY J130121-194538,51.000000000102006,0.0986322360722234
WALLABY J130121-194538,57.000000000114,0.05994766209401107
WALLABY J130121-194538,63.00000000012601,0.13063086869926807
WALLABY J130121-194538,69.000000000138,0.15322594394692993
WALLABY J130121-194538,75.00000000015001,0.07368693561622909
WALLABY J130122+042728,3.000000000006,29.079727707788987
WALLABY J130122+042728,9.000000000018,30.73457422755718
WALLABY J130122+042728,15.00000000003,20.150292544907007
WALLABY J130122+042728,21.000000000042,13.952306339808098
WALLABY J130122+042728,27.000000000054,8.244376018721303
WALLABY J130122+042728,33.000000000066,2.865019226290044
WALLABY J130122+042728,39.000000000078,0.3614306395808177
WALLABY J130122+042728,45.00000000009,0.008632146541475599
WALLABY J130125+042810,3.000000000006,23.65413789965859
WALLABY J130125+042810,9.000000000018,34.89687779115241
WALLABY J130125+042810,15.00000000003,26.05870059351343
WALLABY J130125+042810,21.000000000042,21.961092252795012
WALLABY J130125+042810,27.000000000054,14.042877778069709
WALLABY J130125+042810,33.000000000066,9.326851438400237
WALLABY J130125+042810,39.000000000078,5.148254997688386
WALLABY J130125+042810,45.00000000009,1.8110368881142607
WALLABY J130125+042810,51.000000000102006,1.147415044880664
WALLABY J130125+042810,57.000000000114,0.4559115163662852
WALLABY J130125+042810,63.00000000012601,0.07625498254059335
WALLABY J130125+042810,69.000000000138,0.04821899886041485
WALLABY J130130-151321,3.000000000006,56.60179505600314
WALLABY J130130-151321,9.000000000018,39.763034923386776
WALLABY J130130-151321,15.00000000003,28.452470765484044
WALLABY J130130-151321,21.000000000042,22.375440833814956
WALLABY J130130-151321,27.000000000054,19.139078559785276
WALLABY J130130-151321,33.000000000066,9.336352447710023
WALLABY J130130-151321,39.000000000078,4.895242863849239
WALLABY J130130-151321,45.00000000009,1.7643173643227077
WALLABY J130130-151321,51.000000000102006,0.5479895075171197
WALLABY J130130-151321,57.000000000114,0.03913467526019179
WALLABY J130130-151321,63.00000000012601,0.07873270307816975
WALLABY J130130-151321,69.000000000138,0.1022470593115997
WALLABY J130130-151321,75.00000000015001,0.09848641684085317
WALLABY J130132-190935,3.000000000006,64.06895262470057
WALLABY J130132-190935,9.000000000018,67.54713256830618
WALLABY J130132-190935,15.00000000003,43.99058946641049
WALLABY J130132-190935,21.000000000042,40.589596331450245
WALLABY J130132-190935,27.000000000054,25.559491877816747
WALLABY J130132-190935,33.000000000066,17.3286955575613
WALLABY J130132-190935,39.000000000078,9.048619273335584
WALLABY J130132-190935,45.00000000009,5.1739878599902305
WALLABY J130132-190935,51.000000000102006,2.3998208635942913
WALLABY J130132-190935,57.000000000114,0.32348877748599547
WALLABY J130132-190935,63.00000000012601,0.025035676538389888
WALLABY J130132-190935,69.000000000138,0.0049479133199832204
WALLABY J130132-190935,75.00000000015001,0.004225575456641887
WALLABY J130132-190935,81.000000000162,0.0010587583354245604
WALLABY J130133-192537,3.000000000006,17.760305670371032
WALLABY J130133-192537,9.000000000018,22.53129608481197
WALLABY J130133-192537,15.00000000003,22.4105934944858
WALLABY J130133-192537,21.000000000042,17.827915975904254
WALLABY J130133-192537,27.000000000054,13.8893963480087
WALLABY J130133-192537,33.000000000066,7.445810558324769
WALLABY J130133-192537,39.000000000078,3.037838507698321
WALLABY J130133-192537,45.00000000009,0.7956795121759068
WALLABY J130133-192537,51.000000000102006,0.1799078245867108
WALLABY J130139+072923,3.000000000006,59.17440277273076
WALLABY J130139+072923,9.000000000018,25.594824924225247
WALLABY J130139+072923,15.00000000003,20.942372792490126
WALLABY J130139+072923,21.000000000042,18.111448938434055
WALLABY J130139+072923,27.000000000054,9.981390591166974
WALLABY J130139+072923,33.000000000066,4.366879108924275
WALLABY J130139+072923,39.000000000078,1.982476351071345
WALLABY J130139+072923,45.00000000009,0.7612518635574383
WALLABY J130139+072923,51.000000000102006,0.24370145860525833
WALLABY J130143+040835,3.000000000006,30.23543160335683
WALLABY J130143+040835,9.000000000018,36.55134510331512
WALLABY J130143+040835,15.00000000003,25.256465928988288
WALLABY J130143+040835,21.000000000042,18.84566749312008
WALLABY J130143+040835,27.000000000054,9.43724316656975
WALLABY J130143+040835,33.000000000066,4.058817870614038
WALLABY J130143+040835,39.000000000078,0.4610092994742196
WALLABY J130143+040835,45.00000000009,0.10423268478380286
WALLABY J130143+040835,51.000000000102006,0.005004845171254882
WALLABY J130143+040835,57.000000000114,0.0019329939071962461
WALLABY J130147+053426,3.000000000006,21.250239430738514
WALLABY J130147+053426,9.000000000018,13.069914501289333
WALLABY J130147+053426,15.00000000003,21.274292975704565
WALLABY J130147+053426,21.000000000042,16.824332646535453
WALLABY J130147+053426,27.000000000054,8.494843541819687
WALLABY J130147+053426,33.000000000066,4.830821400511314
WALLABY J130147+053426,39.000000000078,2.7855437415575115
WALLABY J130147+053426,45.00000000009,1.0122312117064445
WALLABY J130147+053426,51.000000000102006,0.674590494439998
WALLABY J130147+053426,57.000000000114,0.16515036021014295
WALLABY J130147+053426,63.00000000012601,0.010917269768230115
WALLABY J130147+053426,69.000000000138,0.0043572442065592945
WALLABY J130148+045931,3.000000000006,77.78293307502162
WALLABY J130148+045931,9.000000000018,41.358895592189675
WALLABY J130148+045931,15.00000000003,41.00238287832252
WALLABY J130148+045931,21.000000000042,39.146896473483146
WALLABY J130148+045931,27.000000000054,31.92889397768925
WALLABY J130148+045931,33.000000000066,21.645676346565185
WALLABY J130148+045931,39.000000000078,14.944151024929845
WALLABY J130148+045931,45.00000000009,12.30835116564646
WALLABY J130148+045931,51.000000000102006,6.401548127353546
WALLABY J130148+045931,57.000000000114,3.457259445718331
WALLABY J130148+045931,63.00000000012601,2.6585708879256424
WALLABY J130148+045931,69.000000000138,1.2502746939218168
WALLABY J130148+045931,75.00000000015001,0.32080819972237146
WALLABY J130148+045931,81.000000000162,0.20961043565060222
WALLABY J130148+045931,87.000000000174,0.06890244538726774
WALLABY J130148+045931,93.000000000186,0.12311106158689078
WALLABY J130148+045931,99.000000000198,0.047893825107104805
WALLABY J130148-114530,3.000000000006,88.40504899124657
WALLABY J130148-114530,9.000000000018,72.46241147662985
WALLABY J130148-114530,15.00000000003,47.942285299367974
WALLABY J130148-114530,21.000000000042,64.74363850853572
WALLABY J130148-114530,27.000000000054,58.542132494810794
WALLABY J130148-114530,33.000000000066,44.577075180510285
WALLABY J130148-114530,39.000000000078,38.108254492347356
WALLABY J130148-114530,45.00000000009,30.972224497378352
WALLABY J130148-114530,51.000000000102006,25.77190194508254
WALLABY J130148-114530,57.000000000114,17.543957970062056
WALLABY J130148-114530,63.00000000012601,14.4465586738431
WALLABY J130148-114530,69.000000000138,9.27013738467717
WALLABY J130148-114530,75.00000000015001,5.1677816623991975
WALLABY J130148-114530,81.000000000162,2.8148557006243524
WALLABY J130148-114530,87.000000000174,1.5642581206639905
WALLABY J130148-114530,93.000000000186,0.622821307239221
WALLABY J130148-114530,99.000000000198,0.39846653376636193
WALLABY J130148-114530,105.00000000021001,0.5422438523277836
WALLABY J130148-114530,111.000000000222,0.4068263267822087
WALLABY J130148-114530,117.000000000234,0.13999427265523812
WALLABY J130148-114530,123.000000000246,0.11302222889737366
WALLABY J130148-114530,129.000000000258,0.00992286431242257
WALLABY J130152-133135,3.000000000006,19.96549521655851
WALLABY J130152-133135,9.000000000018,17.914920915581963
WALLABY J130152-133135,15.00000000003,12.107697292861866
WALLABY J130152-133135,21.000000000042,7.671604293632574
WALLABY J130152-133135,27.000000000054,5.13602246729534
WALLABY J130152-133135,33.000000000066,3.4532061835296433
WALLABY J130152-133135,39.000000000078,1.9483377232373182
WALLABY J130152-133135,45.00000000009,0.7731360250635243
WALLABY J130152-133135,51.000000000102006,0.18499518138515506
WALLABY J130152-133135,57.000000000114,0.11629632531725494
WALLABY J130152-133135,63.00000000012601,0.09520302982558228
WALLABY J130152-133135,69.000000000138,0.11880848846007414
WALLABY J130152-133135,75.00000000015001,0.023693912064361135
WALLABY J130153-191443,3.000000000006,54.38024219794816
WALLABY J130153-191443,9.000000000018,27.35110264264692
WALLABY J130153-191443,15.00000000003,29.456370013387406
WALLABY J130153-191443,21.000000000042,20.80300779899151
WALLABY J130153-191443,27.000000000054,18.045600689466305
WALLABY J130153-191443,33.000000000066,10.469506830190843
WALLABY J130153-191443,39.000000000078,4.942303213604704
WALLABY J130153-191443,45.00000000009,2.498478311000863
WALLABY J130153-191443,51.000000000102006,1.62125116270605
WALLABY J130153-191443,57.000000000114,1.1731193938608164
WALLABY J130153-191443,63.00000000012601,0.506694671609945
WALLABY J130153-191443,69.000000000138,0.4779321293326712
WALLABY J130153-191443,75.00000000015001,0.5208035503023505
WALLABY J130153-191443,81.000000000162,0.25741791024656996
WALLABY J130153-191443,87.000000000174,0.2565227303190602
WALLABY J130153-191443,93.000000000186,0.07039869857262793
WALLABY J130158+030601,3.000000000006,18.74734403134202
WALLABY J130158+030601,9.000000000018,29.766136647237794
WALLABY J130158+030601,15.00000000003,29.7794397825115
WALLABY J130158+030601,21.000000000042,18.32471291478305
WALLABY J130158+030601,27.000000000054,19.763709819220207
WALLABY J130158+030601,33.000000000066,11.370817570833472
WALLABY J130158+030601,39.000000000078,7.457924278980293
WALLABY J130158+030601,45.00000000009,3.563670443708691
WALLABY J130158+030601,51.000000000102006,1.4455193152198462
WALLABY J130158+030601,57.000000000114,0.9906286718766365
WALLABY J130158+030601,63.00000000012601,0.6047633990536009
WALLABY J130158+030601,69.000000000138,0.44206369859496614
WALLABY J130158+030601,75.00000000015001,0.2166469544449051
WALLABY J130158+030601,81.000000000162,0.18557683188561752
WALLABY J130158+030601,87.000000000174,0.16263953463297828
WALLABY J130158-164401,3.000000000006,15.035183640891843
WALLABY J130158-164401,9.000000000018,18.71307881052465
WALLABY J130158-164401,15.00000000003,12.404559373170754
WALLABY J130158-164401,21.000000000042,5.783634318604683
WALLABY J130158-164401,27.000000000054,6.758444165871098
WALLABY J130158-164401,33.000000000066,3.749746889256432
WALLABY J130158-164401,39.000000000078,2.9338959014593735
WALLABY J130158-164401,45.00000000009,0.5133502827609425
WALLABY J130158-164401,51.000000000102006,0.06817490325538418
WALLABY J130158-164401,57.000000000114,0.20431480559764686
WALLABY J130158-164401,63.00000000012601,0.18552231618800927
WALLABY J130158-164401,69.000000000138,0.08381396328703673
WALLABY J130158-164401,75.00000000015001,0.08217160505043965
WALLABY J130158-164401,81.000000000162,0.025834360106891816
WALLABY J130201-164147,3.000000000006,13.01024902682619
WALLABY J130201-164147,9.000000000018,16.516779506019482
WALLABY J130201-164147,15.00000000003,10.708604338446486
WALLABY J130201-164147,21.000000000042,5.369345130115044
WALLABY J130201-164147,27.000000000054,4.497078890306475
WALLABY J130201-164147,33.000000000066,1.7518483731487338
WALLABY J130201-164147,39.000000000078,0.679490809620306
WALLABY J130201-164147,45.00000000009,0.4641541183927352
WALLABY J130201-164147,51.000000000102006,0.028850696733138823
WALLABY J130201-164147,57.000000000114,0.05851824884751371
WALLABY J130203-145302,3.000000000006,63.29863518794267
WALLABY J130203-145302,9.000000000018,52.96099261437122
WALLABY J130203-145302,15.00000000003,43.2659310718523
WALLABY J130203-145302,21.000000000042,43.00978016857645
WALLABY J130203-145302,27.000000000054,42.759270902722754
WALLABY J130203-145302,33.000000000066,44.08447979115907
WALLABY J130203-145302,39.000000000078,32.79612981565764
WALLABY J130203-145302,45.00000000009,26.702909986636495
WALLABY J130203-145302,51.000000000102006,26.048081438794217
WALLABY J130203-145302,57.000000000114,26.729959372992123
WALLABY J130203-145302,63.00000000012601,22.23931709907818
WALLABY J130203-145302,69.000000000138,18.243211140171862
WALLABY J130203-145302,75.00000000015001,14.918628268574302
WALLABY J130203-145302,81.000000000162,14.64035856646644
WALLABY J130203-145302,87.000000000174,12.228372865297462
WALLABY J130203-145302,93.000000000186,9.567676743672651
WALLABY J130203-145302,99.000000000198,9.344027691494665
WALLABY J130203-145302,105.00000000021001,7.4082114740106535
WALLABY J130203-145302,111.000000000222,6.642388069840746
WALLABY J130203-145302,117.000000000234,6.491798065162147
WALLABY J130203-145302,123.000000000246,4.5159785822647285
WALLABY J130203-145302,129.000000000258,4.750187973982926
WALLABY J130203-145302,135.00000000027,2.965780595688593
WALLABY J130203-145302,141.000000000282,3.4617136297822833
WALLABY J130203-145302,147.000000000294,2.110834277656169
WALLABY J130203-145302,153.000000000306,1.4923209219299198
WALLABY J130203-145302,159.000000000318,1.395086504756762
WALLABY J130203-145302,165.00000000033,0.9128119285550339
WALLABY J130203-145302,171.000000000342,0.9949950226033084
WALLABY J130203-145302,177.00000000035402,0.2627358066057675
WALLABY J130203-145302,183.00000000036601,0.44436772749379294
WALLABY J130203-145302,189.000000000378,0.06742977010158178
WALLABY J130203-145302,195.00000000039,0.15555497883110106
WALLABY J130203-145302,201.000000000402,0.0
WALLABY J130203-145302,207.000000000414,0.03529618171813791
WALLABY J130209+060100,3.000000000006,19.900555734231382
WALLABY J130209+060100,9.000000000018,18.3505624559435
WALLABY J130209+060100,15.00000000003,15.120722373373589
WALLABY J130209+060100,21.000000000042,6.888821181013141
WALLABY J130209+060100,27.000000000054,2.5358623689623725
WALLABY J130209+060100,33.000000000066,1.5082505398528674
WALLABY J130209+060100,39.000000000078,0.9808151421074742
WALLABY J130209+060100,45.00000000009,0.5859611328808798
WALLABY J130209+060100,51.000000000102006,0.453130178565874
WALLABY J130209+060100,57.000000000114,0.27287373943142346
WALLABY J130213-171416,3.000000000006,73.79901574876375
WALLABY J130213-171416,9.000000000018,35.83703778118013
WALLABY J130213-171416,15.00000000003,36.51115776782116
WALLABY J130213-171416,21.000000000042,41.0345845580512
WALLABY J130213-171416,27.000000000054,45.260866598632745
WALLABY J130213-171416,33.000000000066,32.42016169887374
WALLABY J130213-171416,39.000000000078,34.74913602281368
WALLABY J130213-171416,45.00000000009,27.315265329274624
WALLABY J130213-171416,51.000000000102006,21.10987078754597
WALLABY J130213-171416,57.000000000114,17.35059537324229
WALLABY J130213-171416,63.00000000012601,13.420110549402546
WALLABY J130213-171416,69.000000000138,8.114595908248951
WALLABY J130213-171416,75.00000000015001,6.082851917169787
WALLABY J130213-171416,81.000000000162,4.045154886967302
WALLABY J130213-171416,87.000000000174,3.1188993201473676
WALLABY J130213-171416,93.000000000186,2.607438921265766
WALLABY J130213-171416,99.000000000198,1.984912968462851
WALLABY J130213-171416,105.00000000021001,1.3721582004405342
WALLABY J130213-171416,111.000000000222,0.7042462618799504
WALLABY J130213-171416,117.000000000234,0.3660852651235456
WALLABY J130213-171416,123.000000000246,0.2021635622824553
WALLABY J130213-171416,129.000000000258,0.039606252649827416
WALLABY J130213-171416,135.00000000027,0.07703884407436433
WALLABY J130213-171416,141.000000000282,0.04456313380828246
WALLABY J130213-171416,147.000000000294,0.014464177166482545
WALLABY J130213-171416,153.000000000306,0.017825942564118267
WALLABY J130215-170254,3.000000000006,30.354182587710035
WALLABY J130215-170254,9.000000000018,35.82627065972945
WALLABY J130215-170254,15.00000000003,25.052163658097
WALLABY J130215-170254,21.000000000042,15.313442280750582
WALLABY J130215-170254,27.000000000054,12.396667105887339
WALLABY J130215-170254,33.000000000066,5.785033236840128
WALLABY J130215-170254,39.000000000078,2.9368538176890255
WALLABY J130215-170254,45.00000000009,0.32263343078075823
WALLABY J130215-170254,51.000000000102006,0.02203187781924225
WALLABY J130215-170254,57.000000000114,0.1279420224184037
WALLABY J130216+060128,3.000000000006,16.27380933845757
WALLABY J130216+060128,9.000000000018,14.914585548524878
WALLABY J130216+060128,15.00000000003,13.596861371866606
WALLABY J130216+060128,21.000000000042,11.556751813080147
WALLABY J130216+060128,27.000000000054,10.248952996311216
WALLABY J130216+060128,33.000000000066,7.39442810767284
WALLABY J130216+060128,39.000000000078,5.67149860231316
WALLABY J130216+060128,45.00000000009,4.284972330964609
WALLABY J130216+060128,51.000000000102006,3.2512651771221175
WALLABY J130216+060128,57.000000000114,1.4926433872204428
WALLABY J130216+060128,63.00000000012601,0.26068694279882054
WALLABY J130216+060128,69.000000000138,0.15027869358123264
WALLABY J130216+060128,75.00000000015001,0.25635718798659607
WALLABY J130216+060128,81.000000000162,0.0655461947267492
WALLABY J130216+060128,87.000000000174,0.0373106064800065
WALLABY J130216+063321,3.000000000006,30.806187439939077
WALLABY J130216+063321,9.000000000018,21.954772083206233
WALLABY J130216+063321,15.00000000003,22.426667327758082
WALLABY J130216+063321,21.000000000042,17.536006132083088
WALLABY J130216+063321,27.000000000054,12.19145993087223
WALLABY J130216+063321,33.000000000066,8.128194201804998
WALLABY J130216+063321,39.000000000078,5.755364511263076
WALLABY J130216+063321,45.00000000009,3.05156936129878
WALLABY J130216+063321,51.000000000102006,1.8577436961057665
WALLABY J130216+063321,57.000000000114,0.8752418913186637
WALLABY J130216+063321,63.00000000012601,0.29578361371669676
WALLABY J130216+063321,69.000000000138,0.06903070569706324
WALLABY J130216+063321,75.00000000015001,0.028809316386706384
WALLABY J130216+063321,81.000000000162,0.003180016151041274
WALLABY J130216-145410,3.000000000006,2.49242254385717
WALLABY J130216-145410,9.000000000018,1.7309656585395234
WALLABY J130216-145410,15.00000000003,3.3122211798096424
WALLABY J130216-145410,21.000000000042,2.0760154185077617
WALLABY J130216-145410,27.000000000054,5.087592396362225
WALLABY J130216-145410,33.000000000066,4.879503857453382
WALLABY J130216-145410,39.000000000078,3.621923324825762
WALLABY J130216-145410,45.00000000009,8.68541250027124
WALLABY J130216-145410,51.000000000102006,6.607666967806576
WALLABY J130216-145410,57.000000000114,5.229329315159205
WALLABY J130216-145410,63.00000000012601,6.985639068328324
WALLABY J130216-145410,69.000000000138,4.232523627339319
WALLABY J130216-145410,75.00000000015001,4.281330008859286
WALLABY J130216-145410,81.000000000162,3.166024310835213
WALLABY J130216-145410,87.000000000174,2.8061633505697356
WALLABY J130216-145410,93.000000000186,1.9072374219872015
WALLABY J130216-145410,99.000000000198,1.325568494531669
WALLABY J130216-145410,105.00000000021001,0.9625387990506648
WALLABY J130216-145410,111.000000000222,0.7609949884763321
WALLABY J130216-145410,117.000000000234,0.8200835394668805
WALLABY J130216-145410,123.000000000246,0.7797856671053068
WALLABY J130216-145410,129.000000000258,0.4583116177058208
WALLABY J130216-145410,135.00000000027,0.3305991136032579
WALLABY J130216-145410,141.000000000282,0.18681751243484032
WALLABY J130216-145410,147.000000000294,0.26964630960795544
WALLABY J130216-145410,153.000000000306,0.16730783592615683
WALLABY J130216-145410,159.000000000318,0.13102257860300315
WALLABY J130216-145410,165.00000000033,0.06425993316155719
WALLABY J130216-145410,171.000000000342,0.09752315199283255
WALLABY J130216-145410,177.00000000035402,0.06377428263979579
WALLABY J130216-145410,183.00000000036601,0.041262480478564637
WALLABY J130216-145410,189.000000000378,0.011651351342756253
WALLABY J130216-145410,195.00000000039,0.0
WALLABY J130216-145410,201.000000000402,0.03028091510644789
WALLABY J130216-145410,207.000000000414,0.015030888976322893
WALLABY J130216-145410,213.000000000426,0.013435984238488392
WALLABY J130216-145410,219.000000000438,0.026509946113340243
WALLABY J130221-154600,3.000000000006,69.22288047881439
WALLABY J130221-154600,9.000000000018,100.71888271095106
WALLABY J130221-154600,15.00000000003,89.52041239318228
WALLABY J130221-154600,21.000000000042,82.32093115134867
WALLABY J130221-154600,27.000000000054,77.10595827393215
WALLABY J130221-154600,33.000000000066,66.86366211166671
WALLABY J130221-154600,39.000000000078,54.14215888090129
WALLABY J130221-154600,45.00000000009,41.34773810996864
WALLABY J130221-154600,51.000000000102006,45.858083820613
WALLABY J130221-154600,57.000000000114,27.7256081890842
WALLABY J130221-154600,63.00000000012601,31.421914880298203
WALLABY J130221-154600,69.000000000138,25.043530765917414
WALLABY J130221-154600,75.00000000015001,21.678714714108537
WALLABY J130221-154600,81.000000000162,17.438606526894347
WALLABY J130221-154600,87.000000000174,14.750632513946643
WALLABY J130221-154600,93.000000000186,10.43044613014472
WALLABY J130221-154600,99.000000000198,9.807172347687802
WALLABY J130221-154600,105.00000000021001,8.403913208858894
WALLABY J130221-154600,111.000000000222,6.123110556680013
WALLABY J130221-154600,117.000000000234,6.607359827275426
WALLABY J130221-154600,123.000000000246,5.041654205260067
WALLABY J130221-154600,129.000000000258,4.76456532000587
WALLABY J130221-154600,135.00000000027,2.9803209071119485
WALLABY J130221-154600,141.000000000282,4.262680203467294
WALLABY J130221-154600,147.000000000294,2.8134541283460717
WALLABY J130221-154600,153.000000000306,3.2147134411491005
WALLABY J130221-154600,159.000000000318,2.0789321443999578
WALLABY J130221-154600,165.00000000033,2.158319509991432
WALLABY J130221-154600,171.000000000342,1.4306511301887483
WALLABY J130221-154600,177.00000000035402,1.4247483262933025
WALLABY J130221-154600,183.00000000036601,1.1118715967095594
WALLABY J130221-154600,189.000000000378,0.9163774245251979
WALLABY J130221-154600,195.00000000039,0.8033031871350148
WALLABY J130221-154600,201.000000000402,0.4763820737558531
WALLABY J130221-154600,207.000000000414,0.2128896213303515
WALLABY J130221-154600,213.000000000426,0.14542492603800405
WALLABY J130221-154600,219.000000000438,0.07009754970326905
WALLABY J130221-154600,225.00000000045,0.047537281934631186
WALLABY J130221-154600,231.00000000046202,0.07424831681240446
WALLABY J130221-154600,237.00000000047402,0.07000670734363629
WALLABY J130221-154600,243.000000000486,0.020171838673857415
WALLABY J130221-154600,249.000000000498,0.012496373498803977
WALLABY J130221-154600,255.00000000051,0.011533193351630226
WALLABY J130223-122031,3.000000000006,46.69314349851696
WALLABY J130223-122031,9.000000000018,47.60424265825575
WALLABY J130223-122031,15.00000000003,60.13279753971271
WALLABY J130223-122031,21.000000000042,40.70844507303653
WALLABY J130223-122031,27.000000000054,58.370057629596545
WALLABY J130223-122031,33.000000000066,50.71759332292034
WALLABY J130223-122031,39.000000000078,54.25535517402059
WALLABY J130223-122031,45.00000000009,38.41849017351486
WALLABY J130223-122031,51.000000000102006,30.09297612259639
WALLABY J130223-122031,57.000000000114,21.86975390280017
WALLABY J130223-122031,63.00000000012601,14.215609112400365
WALLABY J130223-122031,69.000000000138,6.549912087560456
WALLABY J130223-122031,75.00000000015001,1.9797348964274146
WALLABY J130223-122031,81.000000000162,1.5047123942742755
WALLABY J130223-122031,87.000000000174,1.2260799430011904
WALLABY J130223-122031,93.000000000186,0.7645833504160796
WALLABY J130223-122031,99.000000000198,0.7814463204683665
WALLABY J130223-122031,105.00000000021001,0.4388156266020353
WALLABY J130223-122031,111.000000000222,0.2953708650715202
WALLABY J130223-122031,117.000000000234,0.23969371435774425
WALLABY J130223-122031,123.000000000246,0.06694897886822064
WALLABY J130223-122031,129.000000000258,0.02390341809873073
WALLABY J130223-122031,135.00000000027,0.010407180038059856
WALLABY J130224-155038,3.000000000006,27.432251271320734
WALLABY J130224-155038,9.000000000018,22.872112518026572
WALLABY J130224-155038,15.00000000003,14.10555027770012
WALLABY J130224-155038,21.000000000042,15.55961027783246
WALLABY J130224-155038,27.000000000054,7.841774369798524
WALLABY J130224-155038,33.000000000066,4.549686842262909
WALLABY J130224-155038,39.000000000078,1.9900011752636448
WALLABY J130224-155038,45.00000000009,0.7308905821152079
WALLABY J130224-155038,51.000000000102006,0.3688009585822441
WALLABY J130224-155038,57.000000000114,0.33970785075890714
WALLABY J130224-155038,63.00000000012601,0.28801339316019137
WALLABY J130224-155038,69.000000000138,0.19388034341282695
WALLABY J130224-155038,75.00000000015001,0.1317655593688831
WALLABY J130224-155038,81.000000000162,0.14308613324040856
WALLABY J130224-155038,87.000000000174,0.05861110764976833
WALLABY J130228+063639,3.000000000006,16.31161694834847
WALLABY J130228+063639,9.000000000018,16.803554807934574
WALLABY J130228+063639,15.00000000003,17.525060760443143
WALLABY J130228+063639,21.000000000042,10.22863844664433
WALLABY J130228+063639,27.000000000054,5.098035863349601
WALLABY J130228+063639,33.000000000066,3.395912126726949
WALLABY J130228+063639,39.000000000078,1.323440234170749
WALLABY J130228+063639,45.00000000009,0.556816600591216
WALLABY J130228+063639,51.000000000102006,0.20607204076070684
WALLABY J130228+063639,57.000000000114,0.12256411830868884
WALLABY J130228+063639,63.00000000012601,0.11794963030075514
WALLABY J130228+063639,69.000000000138,0.16686235145754205
WALLABY J130228+063639,75.00000000015001,0.03500495087937382
WALLABY J130235-113803,3.000000000006,35.63726732899786
WALLABY J130235-113803,9.000000000018,45.28473766942672
WALLABY J130235-113803,15.00000000003,56.82834087510338
WALLABY J130235-113803,21.000000000042,41.397080636487004
WALLABY J130235-113803,27.000000000054,37.141825671743945
WALLABY J130235-113803,33.000000000066,32.35329417449631
WALLABY J130235-113803,39.000000000078,28.686460417149036
WALLABY J130235-113803,45.00000000009,28.380319430886267
WALLABY J130235-113803,51.000000000102006,21.24600280476991
WALLABY J130235-113803,57.000000000114,19.36767169977924
WALLABY J130235-113803,63.00000000012601,16.215353160029306
WALLABY J130235-113803,69.000000000138,13.9819632794964
WALLABY J130235-113803,75.00000000015001,11.337463407699977
WALLABY J130235-113803,81.000000000162,9.822814542054909
WALLABY J130235-113803,87.000000000174,7.7457090580572325
WALLABY J130235-113803,93.000000000186,6.101367371083416
WALLABY J130235-113803,99.000000000198,5.403750327575748
WALLABY J130235-113803,105.00000000021001,3.0242708542310948
WALLABY J130235-113803,111.000000000222,2.109949166633178
WALLABY J130235-113803,117.000000000234,1.3034686599578287
WALLABY J130235-113803,123.000000000246,1.0646252956890958
WALLABY J130235-113803,129.000000000258,0.8268926400000902
WALLABY J130235-113803,135.00000000027,0.6095922847776517
WALLABY J130235-113803,141.000000000282,0.30257261058026064
WALLABY J130235-113803,147.000000000294,0.21488189380005482
WALLABY J130235-113803,153.000000000306,0.16407815902826425
WALLABY J130235-113803,159.000000000318,0.1023589471888391
WALLABY J130235-113803,165.00000000033,0.02161070565536274
WALLABY J130237+044721,3.000000000006,30.602420736829107
WALLABY J130237+044721,9.000000000018,38.2460494365224
WALLABY J130237+044721,15.00000000003,31.416347767775513
WALLABY J130237+044721,21.000000000042,23.554217517969434
WALLABY J130237+044721,27.000000000054,13.962303807221176
WALLABY J130237+044721,33.000000000066,7.814555910511629
WALLABY J130237+044721,39.000000000078,4.352864833557899
WALLABY J130237+044721,45.00000000009,1.514869070113196
WALLABY J130237+044721,51.000000000102006,0.3826969643120223
WALLABY J130237+044721,57.000000000114,0.19453809568965733
WALLABY J130237+044721,63.00000000012601,0.16387492227884057
WALLABY J130237+044721,69.000000000138,0.19399150538315896
WALLABY J130237+044721,75.00000000015001,0.050459024928932124
WALLABY J130241+055729,3.000000000006,61.84602253067428
WALLABY J130241+055729,9.000000000018,58.53531635203259
WALLABY J130241+055729,15.00000000003,52.09001577796864
WALLABY J130241+055729,21.000000000042,43.9578970422879
WALLABY J130241+055729,27.000000000054,32.06422504106584
WALLABY J130241+055729,33.000000000066,25.28653720330694
WALLABY J130241+055729,39.000000000078,13.669820393479442
WALLABY J130241+055729,45.00000000009,9.535942433467046
WALLABY J130241+055729,51.000000000102006,4.833821656948733
WALLABY J130241+055729,57.000000000114,1.941487697005577
WALLABY J130241+055729,63.00000000012601,1.139880357268005
WALLABY J130241+055729,69.000000000138,0.5535879221979267
WALLABY J130241+055729,75.00000000015001,0.18258250383389696
WALLABY J130241+055729,81.000000000162,0.19429661330665443
WALLABY J130241+055729,87.000000000174,0.07947040760346455
WALLABY J130241+055729,93.000000000186,0.10681876933818674
WALLABY J130241+055729,99.000000000198,0.04688731892547751
WALLABY J130241+055729,105.00000000021001,0.06586294100849617
WALLABY J130241+055729,111.000000000222,0.03267569244786882
WALLABY J130242+032114,3.000000000006,16.30477502137191
WALLABY J130242+032114,9.000000000018,9.886879320437753
WALLABY J130242+032114,15.00000000003,7.457734052828194
WALLABY J130242+032114,21.000000000042,8.794378218567159
WALLABY J130242+032114,27.000000000054,3.2826770273460677
WALLABY J130242+032114,33.000000000066,2.2920758080704027
WALLABY J130242+032114,39.000000000078,0.3931889283271579
WALLABY J130242+032114,45.00000000009,0.2790088675159456
WALLABY J130242+032114,51.000000000102006,0.38732432881119333
WALLABY J130242+032114,57.000000000114,0.20858681065650658
WALLABY J130242+032114,63.00000000012601,0.24429577517326467
WALLABY J130242+032114,69.000000000138,0.053299822235623455
WALLABY J130244-125326,3.000000000006,59.236636353349375
WALLABY J130244-125326,9.000000000018,40.565634296403054
WALLABY J130244-125326,15.00000000003,24.485941583033135
WALLABY J130244-125326,21.000000000042,26.85230633192524
WALLABY J130244-125326,27.000000000054,16.596226167730933
WALLABY J130244-125326,33.000000000066,10.0710764057316
WALLABY J130244-125326,39.000000000078,5.000342027382486
WALLABY J130244-125326,45.00000000009,2.9847754675743436
WALLABY J130244-125326,51.000000000102006,1.9092074586221042
WALLABY J130244-125326,57.000000000114,0.7823860853903497
WALLABY J130244-125326,63.00000000012601,0.18926250890513052
WALLABY J130244-125326,69.000000000138,0.019745329437493384
WALLABY J130244-125326,75.00000000015001,0.001493353909298781
WALLABY J130252-113001,3.000000000006,43.94045894052587
WALLABY J130252-113001,9.000000000018,46.21212332810724
WALLABY J130252-113001,15.00000000003,39.124409164375564
WALLABY J130252-113001,21.000000000042,25.43064124010292
WALLABY J130252-113001,27.000000000054,20.93323962168509
WALLABY J130252-113001,33.000000000066,13.527753114932528
WALLABY J130252-113001,39.000000000078,7.359196364552879
WALLABY J130252-113001,45.00000000009,2.7102581195270044
WALLABY J130252-113001,51.000000000102006,1.3050002743742954
WALLABY J130252-113001,57.000000000114,0.30555194503330646
WALLABY J130252-113001,63.00000000012601,0.045880940871496856
WALLABY J130252-113001,69.000000000138,0.01464211886159588
WALLABY J130252-113001,75.00000000015001,0.015069676062470914
WALLABY J130254-135530,3.000000000006,30.341143098862613
WALLABY J130254-135530,9.000000000018,15.46011076750119
WALLABY J130254-135530,15.00000000003,17.65678447655535
WALLABY J130254-135530,21.000000000042,16.04168185889308
WALLABY J130254-135530,27.000000000054,6.899334924530292
WALLABY J130254-135530,33.000000000066,4.917602897947773
WALLABY J130254-135530,39.000000000078,2.6746155453991807
WALLABY J130254-135530,45.00000000009,0.26981218240471383
WALLABY J130254-135530,51.000000000102006,0.12361990218772002
WALLABY J130254-135530,57.000000000114,0.12840691576037408
WALLABY J130254-135530,63.00000000012601,0.024032794361467946
WALLABY J130254-155621,3.000000000006,30.664612223244838
WALLABY J130254-155621,9.000000000018,31.908247670623112
WALLABY J130254-155621,15.00000000003,23.786494377987246
WALLABY J130254-155621,21.000000000042,15.208046260479604
WALLABY J130254-155621,27.000000000054,5.7015319465681715
WALLABY J130254-155621,33.000000000066,1.7106829163997297
WALLABY J130254-155621,39.000000000078,0.21051618334638744
WALLABY J130254-155621,45.00000000009,0.06857273863522388
WALLABY J130254-155621,51.000000000102006,0.08820392060817382
WALLABY J130305+070136,3.000000000006,25.526764354632952
WALLABY J130305+070136,9.000000000018,29.73776659361159
WALLABY J130305+070136,15.00000000003,18.74218759942251
WALLABY J130305+070136,21.000000000042,10.605336326612978
WALLABY J130305+070136,27.000000000054,4.6148689073312745
WALLABY J130305+070136,33.000000000066,1.901339382435991
WALLABY J130305+070136,39.000000000078,0.6552000461520268
WALLABY J130305+070136,45.00000000009,0.0809946430427459
WALLABY J130315+074816,3.000000000006,18.441593328358625
WALLABY J130315+074816,9.000000000018,24.868574361415387
WALLABY J130315+074816,15.00000000003,24.947141644047694
WALLABY J130315+074816,21.000000000042,31.217495909782546
WALLABY J130315+074816,27.000000000054,31.567215429664657
WALLABY J130315+074816,33.000000000066,36.986728142097434
WALLABY J130315+074816,39.000000000078,43.13555177566859
WALLABY J130315+074816,45.00000000009,47.712954570978404
WALLABY J130315+074816,51.000000000102006,55.265619789191874
WALLABY J130315+074816,57.000000000114,53.93584460892827
WALLABY J130315+074816,63.00000000012601,52.93527243964379
WALLABY J130315+074816,69.000000000138,50.83126474814831
WALLABY J130315+074816,75.00000000015001,45.98015271035395
WALLABY J130315+074816,81.000000000162,42.03165371743724
WALLABY J130315+074816,87.000000000174,35.74820317659186
WALLABY J130315+074816,93.000000000186,30.30914314850098
WALLABY J130315+074816,99.000000000198,23.211202958094038
WALLABY J130315+074816,105.00000000021001,16.645948481785048
WALLABY J130315+074816,111.000000000222,13.592000290636228
WALLABY J130315+074816,117.000000000234,8.780881083323608
WALLABY J130315+074816,123.000000000246,4.855583504882359
WALLABY J130315+074816,129.000000000258,2.967266098456556
WALLABY J130315+074816,135.00000000027,1.9683379997184467
WALLABY J130315+074816,141.000000000282,1.4799762356192874
WALLABY J130315+074816,147.000000000294,0.8321208368241632
WALLABY J130315+074816,153.000000000306,0.4525916305089722
WALLABY J130315+074816,159.000000000318,0.14014913102644308
WALLABY J130315+074816,165.00000000033,0.04248283671972284
WALLABY J130315+074816,171.000000000342,0.0025029138712340665
WALLABY J130315+074816,177.00000000035402,0.01563875956918213
WALLABY J130315-140627,3.000000000006,42.81316539388957
WALLABY J130315-140627,9.000000000018,43.49238413979436
WALLABY J130315-140627,15.00000000003,33.76822103994577
WALLABY J130315-140627,21.000000000042,17.37089451235341
WALLABY J130315-140627,27.000000000054,12.8636603575886
WALLABY J130315-140627,33.000000000066,7.983244203206806
WALLABY J130315-140627,39.000000000078,3.4402165007542207
WALLABY J130315-140627,45.00000000009,0.8072814862434402
WALLABY J130315-140627,51.000000000102006,0.2786517411031335
WALLABY J130315-140627,57.000000000114,0.0946241656480958
WALLABY J130315-140627,63.00000000012601,0.053287799580325194
WALLABY J130316+044405,3.000000000006,43.191663514165924
WALLABY J130316+044405,9.000000000018,38.61800568593507
WALLABY J130316+044405,15.00000000003,33.6189429079252
WALLABY J130316+044405,21.000000000042,26.22657970663417
WALLABY J130316+044405,27.000000000054,18.153183458176393
WALLABY J130316+044405,33.000000000066,13.572256333969765
WALLABY J130316+044405,39.000000000078,7.847611190943739
WALLABY J130316+044405,45.00000000009,4.748345348642787
WALLABY J130316+044405,51.000000000102006,1.8418313793474643
WALLABY J130316+044405,57.000000000114,0.8865642048143693
WALLABY J130316+044405,63.00000000012601,0.4931333053551837
WALLABY J130316+044405,69.000000000138,0.2743895921696929
WALLABY J130316+044405,75.00000000015001,0.2509558189905483
WALLABY J130316+044405,81.000000000162,0.0766529969128924
WALLABY J130316+044405,87.000000000174,0.05811129830760934
WALLABY J130316+044405,93.000000000186,0.007560901358521552
WALLABY J130320-112144,3.000000000006,24.68663206338306
WALLABY J130320-112144,9.000000000018,24.30952197246336
WALLABY J130320-112144,15.00000000003,22.032845784326252
WALLABY J130320-112144,21.000000000042,13.453989615175704
WALLABY J130320-112144,27.000000000054,10.748045851012426
WALLABY J130320-112144,33.000000000066,7.577925115185894
WALLABY J130320-112144,39.000000000078,4.33198083190869
WALLABY J130320-112144,45.00000000009,2.355201637406676
WALLABY J130320-112144,51.000000000102006,1.6982859617258474
WALLABY J130320-112144,57.000000000114,0.9137978381930913
WALLABY J130320-112144,63.00000000012601,0.229915725253046
WALLABY J130320-112144,69.000000000138,0.12159927515832497
WALLABY J130320-112144,75.00000000015001,0.11998858865922446
WALLABY J130320-112144,81.000000000162,0.19768569543474804
WALLABY J130320-112144,87.000000000174,0.043421090272049274
WALLABY J130320-193543,3.000000000006,48.66671509002432
WALLABY J130320-193543,9.000000000018,25.14036691539476
WALLABY J130320-193543,15.00000000003,30.717139744149094
WALLABY J130320-193543,21.000000000042,17.829356198988666
WALLABY J130320-193543,27.000000000054,9.879140755459042
WALLABY J130320-193543,33.000000000066,4.746820843725291
WALLABY J130320-193543,39.000000000078,0.5639489350816972
WALLABY J130320-193543,45.00000000009,0.47503486692665736
WALLABY J130320-193543,51.000000000102006,0.22894862052469184
WALLABY J130320-193543,57.000000000114,0.20191737014396918
WALLABY J130320-193543,63.00000000012601,0.17324881719518537
WALLABY J130320-193543,69.000000000138,0.09086267598217701
WALLABY J130321-134144,3.000000000006,34.58489444779575
WALLABY J130321-134144,9.000000000018,15.33051063196861
WALLABY J130321-134144,15.00000000003,17.653328434564667
WALLABY J130321-134144,21.000000000042,16.302163253402814
WALLABY J130321-134144,27.000000000054,10.5498628959445
WALLABY J130321-134144,33.000000000066,7.900917920113276
WALLABY J130321-134144,39.000000000078,6.843154778629007
WALLABY J130321-134144,45.00000000009,5.000915120815527
WALLABY J130321-134144,51.000000000102006,3.6818252646973804
WALLABY J130321-134144,57.000000000114,2.1529331504189955
WALLABY J130321-134144,63.00000000012601,2.1182216653052692
WALLABY J130321-134144,69.000000000138,1.1220365124462244
WALLABY J130321-134144,75.00000000015001,0.4243854434195599
WALLABY J130321-134144,81.000000000162,0.11863841833844167
WALLABY J130321-134144,87.000000000174,0.04207415966690842
WALLABY J130322+073646,3.000000000006,36.62459441302709
WALLABY J130322+073646,9.000000000018,18.85562938947547
WALLABY J130322+073646,15.00000000003,21.15867860310246
WALLABY J130322+073646,21.000000000042,19.139714157406907
WALLABY J130322+073646,27.000000000054,9.705062600445867
WALLABY J130322+073646,33.000000000066,6.304631552935055
WALLABY J130322+073646,39.000000000078,5.177681473473553
WALLABY J130322+073646,45.00000000009,2.433760067425171
WALLABY J130322+073646,51.000000000102006,2.199576388595322
WALLABY J130322+073646,57.000000000114,1.6845724325156815
WALLABY J130322+073646,63.00000000012601,1.5165701735679193
WALLABY J130322+073646,69.000000000138,1.1003004160379997
WALLABY J130322+073646,75.00000000015001,0.5332108606615377
WALLABY J130322+073646,81.000000000162,0.2074422590887859
WALLABY J130322+073646,87.000000000174,0.011211069595913276
WALLABY J130322+073646,93.000000000186,0.0036532353458492016
WALLABY J130328-120420,3.000000000006,81.22348763705907
WALLABY J130328-120420,9.000000000018,47.60157237471891
WALLABY J130328-120420,15.00000000003,35.267326798267185
WALLABY J130328-120420,21.000000000042,29.22688319144433
WALLABY J130328-120420,27.000000000054,18.491655693639935
WALLABY J130328-120420,33.000000000066,10.295988921465629
WALLABY J130328-120420,39.000000000078,3.584864900741887
WALLABY J130328-120420,45.00000000009,0.7462582593100845
WALLABY J130328-120420,51.000000000102006,0.5756335090377729
WALLABY J130328-120420,57.000000000114,0.7905095469695717
WALLABY J130328-120420,63.00000000012601,0.2530740717214696
WALLABY J130328-120420,69.000000000138,0.05847122939072274
WALLABY J130330+081941,3.000000000006,70.52947590164567
WALLABY J130330+081941,9.000000000018,50.5619324603263
WALLABY J130330+081941,15.00000000003,50.57284658768552
WALLABY J130330+081941,21.000000000042,36.75105017842037
WALLABY J130330+081941,27.000000000054,24.768248165569247
WALLABY J130330+081941,33.000000000066,14.991545198927952
WALLABY J130330+081941,39.000000000078,6.902276107337009
WALLABY J130330+081941,45.00000000009,4.15601326124717
WALLABY J130330+081941,51.000000000102006,1.660926222641029
WALLABY J130330+081941,57.000000000114,0.8443950170818086
WALLABY J130330+081941,63.00000000012601,0.2222837133585677
WALLABY J130330+081941,69.000000000138,0.05147861736905487
WALLABY J130331+075810,3.000000000006,80.0483265057117
WALLABY J130331+075810,9.000000000018,59.17036712594651
WALLABY J130331+075810,15.00000000003,44.28107594795708
WALLABY J130331+075810,21.000000000042,33.077914120773045
WALLABY J130331+075810,27.000000000054,37.24988406896868
WALLABY J130331+075810,33.000000000066,18.000145633527886
WALLABY J130331+075810,39.000000000078,13.762079791847842
WALLABY J130331+075810,45.00000000009,8.001324503512683
WALLABY J130331+075810,51.000000000102006,4.741454451822252
WALLABY J130331+075810,57.000000000114,3.2838185459739826
WALLABY J130331+075810,63.00000000012601,1.6681679319515064
WALLABY J130331+075810,69.000000000138,0.485340753493426
WALLABY J130331+075810,75.00000000015001,0.2041197891488512
WALLABY J130334-163733,3.000000000006,62.76447270539888
WALLABY J130334-163733,9.000000000018,31.263596540215392
WALLABY J130334-163733,15.00000000003,36.81704435952617
WALLABY J130334-163733,21.000000000042,26.20017538546648
WALLABY J130334-163733,27.000000000054,14.008390903091419
WALLABY J130334-163733,33.000000000066,11.139811593053944
WALLABY J130334-163733,39.000000000078,7.443642393641592
WALLABY J130334-163733,45.00000000009,3.9308117358769694
WALLABY J130334-163733,51.000000000102006,2.1476303124195515
WALLABY J130334-163733,57.000000000114,1.5194543071148232
WALLABY J130334-163733,63.00000000012601,0.4303404416348612
WALLABY J130334-163733,69.000000000138,0.13556759017564304
WALLABY J130334-163733,75.00000000015001,0.059393924580443375
WALLABY J130337-155652,3.000000000006,23.69376203630474
WALLABY J130337-155652,9.000000000018,17.80232719779429
WALLABY J130337-155652,15.00000000003,13.901932199506486
WALLABY J130337-155652,21.000000000042,8.366829228479252
WALLABY J130337-155652,27.000000000054,5.457361543311671
WALLABY J130337-155652,33.000000000066,3.3172134866528866
WALLABY J130337-155652,39.000000000078,1.1537059440613822
WALLABY J130337-155652,45.00000000009,0.24497541286554633
WALLABY J130337-155652,51.000000000102006,0.08357480974818073
WALLABY J130338+075404,3.000000000006,38.49650526655242
WALLABY J130338+075404,9.000000000018,26.648686752937085
WALLABY J130338+075404,15.00000000003,21.07170615151468
WALLABY J130338+075404,21.000000000042,15.300890691469013
WALLABY J130338+075404,27.000000000054,10.094308578978202
WALLABY J130338+075404,33.000000000066,7.163546806142661
WALLABY J130338+075404,39.000000000078,2.957372952319241
WALLABY J130338+075404,45.00000000009,0.37406383835514884
WALLABY J130338+075404,51.000000000102006,0.01607554470092975
WALLABY J130338+075404,57.000000000114,0.09977307163336031
WALLABY J130338+075404,63.00000000012601,0.06430046251703442
WALLABY J130339+043644,3.000000000006,23.12883246913714
WALLABY J130339+043644,9.000000000018,27.39991644747411
WALLABY J130339+043644,15.00000000003,29.29825263843033
WALLABY J130339+043644,21.000000000042,22.24724771885755
WALLABY J130339+043644,27.000000000054,16.2446926224178
WALLABY J130339+043644,33.000000000066,13.240789090265665
WALLABY J130339+043644,39.000000000078,5.717889127481446
WALLABY J130339+043644,45.00000000009,1.0743103084309942
WALLABY J130339+043644,51.000000000102006,0.01898345263327344
WALLABY J130339+043644,57.000000000114,0.1578995322424189
WALLABY J130339+043644,63.00000000012601,0.10005123060651706
WALLABY J130339+043644,69.000000000138,0.06321692108364255
WALLABY J130339+043644,75.00000000015001,0.07734127638100159
WALLABY J130339+043644,81.000000000162,0.04525942435250248
WALLABY J130339+043644,87.000000000174,0.014045126472388102
WALLABY J130340-211340,3.000000000006,20.07274800749299
WALLABY J130340-211340,9.000000000018,52.83176664953095
WALLABY J130340-211340,15.00000000003,44.356887175616926
WALLABY J130340-211340,21.000000000042,26.654832249572866
WALLABY J130340-211340,27.000000000054,23.310794674969124
WALLABY J130340-211340,33.000000000066,12.073383055356734
WALLABY J130340-211340,39.000000000078,7.9969951936207355
WALLABY J130340-211340,45.00000000009,2.8591673066526755
WALLABY J130340-211340,51.000000000102006,1.2708498048891412
WALLABY J130340-211340,57.000000000114,0.9860715955141778
WALLABY J130340-211340,63.00000000012601,0.22418170176432214
WALLABY J130340-211340,69.000000000138,0.029998875274157743
WALLABY J130342+055733,3.000000000006,16.88036467558541
WALLABY J130342+055733,9.000000000018,20.68121359393892
WALLABY J130342+055733,15.00000000003,17.930903652681856
WALLABY J130342+055733,21.000000000042,14.285344282155126
WALLABY J130342+055733,27.000000000054,8.000703584038511
WALLABY J130342+055733,33.000000000066,3.268041850182629
WALLABY J130342+055733,39.000000000078,1.0784255006423586
WALLABY J130342+055733,45.00000000009,0.05526023823759367
WALLABY J130342+055733,51.000000000102006,0.06285471167268594
WALLABY J130342-123045,3.000000000006,26.256876430943333
WALLABY J130342-123045,9.000000000018,29.456766202585833
WALLABY J130342-123045,15.00000000003,30.660136530139674
WALLABY J130342-123045,21.000000000042,21.336511807933036
WALLABY J130342-123045,27.000000000054,13.141233623901934
WALLABY J130342-123045,33.000000000066,7.585691924900485
WALLABY J130342-123045,39.000000000078,2.233041876771833
WALLABY J130342-123045,45.00000000009,1.847198459236376
WALLABY J130342-123045,51.000000000102006,1.4406027852129915
WALLABY J130342-123045,57.000000000114,0.3923475052398094
WALLABY J130342-123045,63.00000000012601,0.27588505169862254
WALLABY J130342-123045,69.000000000138,0.3302578158451824
WALLABY J130342-123045,75.00000000015001,0.13305387917866124
WALLABY J130342-123045,81.000000000162,0.03443867576681367
WALLABY J130344+061920,3.000000000006,45.138162057187245
WALLABY J130344+061920,9.000000000018,46.32195106100792
WALLABY J130344+061920,15.00000000003,24.09099045785697
WALLABY J130344+061920,21.000000000042,31.104422169030478
WALLABY J130344+061920,27.000000000054,19.44025526590821
WALLABY J130344+061920,33.000000000066,11.054584740961381
WALLABY J130344+061920,39.000000000078,7.864487759419643
WALLABY J130344+061920,45.00000000009,3.6718893252693077
WALLABY J130344+061920,51.000000000102006,2.06297940611963
WALLABY J130344+061920,57.000000000114,1.4084191413759874
WALLABY J130344+061920,63.00000000012601,0.7143927171673652
WALLABY J130344+061920,69.000000000138,0.3782700871655261
WALLABY J130344+061920,75.00000000015001,0.10200069707191937
WALLABY J130344+061920,81.000000000162,0.04204947779408604
WALLABY J130347-180311,3.000000000006,15.463604406450859
WALLABY J130347-180311,9.000000000018,9.836417995280998
WALLABY J130347-180311,15.00000000003,13.739581766747014
WALLABY J130347-180311,21.000000000042,11.575695900481653
WALLABY J130347-180311,27.000000000054,9.364725048752332
WALLABY J130347-180311,33.000000000066,6.0314264836391525
WALLABY J130347-180311,39.000000000078,2.755348236498237
WALLABY J130347-180311,45.00000000009,1.4374623283927597
WALLABY J130347-180311,51.000000000102006,0.21987999905263572
WALLABY J130347-180311,57.000000000114,0.03772419970063871
WALLABY J130353-192550,3.000000000006,26.95529481049718
WALLABY J130353-192550,9.000000000018,24.264651351085885
WALLABY J130353-192550,15.00000000003,15.966742867832476
WALLABY J130353-192550,21.000000000042,10.90892449774488
WALLABY J130353-192550,27.000000000054,5.1972329061886615
WALLABY J130353-192550,33.000000000066,1.416975695198252
WALLABY J130353-192550,39.000000000078,0.05754461878088867
WALLABY J130353-192550,45.00000000009,0.04594997744520684
WALLABY J130353-192550,51.000000000102006,0.005041773826571179
WALLABY J130355-163807,3.000000000006,20.94896366532332
WALLABY J130355-163807,9.000000000018,22.26165627154166
WALLABY J130355-163807,15.00000000003,17.744937400699413
WALLABY J130355-163807,21.000000000042,14.70951335975767
WALLABY J130355-163807,27.000000000054,11.178720425341703
WALLABY J130355-163807,33.000000000066,8.87516446363511
WALLABY J130355-163807,39.000000000078,5.604579309872277
WALLABY J130355-163807,45.00000000009,2.004858977245109
WALLABY J130355-163807,51.000000000102006,0.8647269181721654
WALLABY J130355-163807,57.000000000114,0.4289030381597776
WALLABY J130355-163807,63.00000000012601,0.23987952663793366
WALLABY J130355-163807,69.000000000138,0.03289180285376234
WALLABY J130357-112956,3.000000000006,18.422926168387086
WALLABY J130357-112956,9.000000000018,18.032028067345596
WALLABY J130357-112956,15.00000000003,17.327398094519932
WALLABY J130357-112956,21.000000000042,18.8790847778744
WALLABY J130357-112956,27.000000000054,20.39132655902597
WALLABY J130357-112956,33.000000000066,19.588041380845688
WALLABY J130357-112956,39.000000000078,12.671229625679397
WALLABY J130357-112956,45.00000000009,17.93357518645248
WALLABY J130357-112956,51.000000000102006,12.948735455782334
WALLABY J130357-112956,57.000000000114,12.314393983982317
WALLABY J130357-112956,63.00000000012601,9.494590596695874
WALLABY J130357-112956,69.000000000138,7.993542796766577
WALLABY J130357-112956,75.00000000015001,5.351336041692161
WALLABY J130357-112956,81.000000000162,5.1036881465778805
WALLABY J130357-112956,87.000000000174,3.531474518751856
WALLABY J130357-112956,93.000000000186,2.3186257101486585
WALLABY J130357-112956,99.000000000198,1.8039091021977856
WALLABY J130357-112956,105.00000000021001,1.2282707827997432
WALLABY J130357-112956,111.000000000222,1.1063889905240736
WALLABY J130357-112956,117.000000000234,0.7794041754583947
WALLABY J130357-112956,123.000000000246,0.5911423510653514
WALLABY J130357-112956,129.000000000258,0.5399385764435949
WALLABY J130357-112956,135.00000000027,0.46637735349359183
WALLABY J130357-112956,141.000000000282,0.4515855988195946
WALLABY J130357-112956,147.000000000294,0.23475904183135748
WALLABY J130357-112956,153.000000000306,0.1395599213484084
WALLABY J130357-112956,159.000000000318,0.17269733241915297
WALLABY J130357-112956,165.00000000033,0.1106284321697561
WALLABY J130357-112956,171.000000000342,0.14062386321090223
WALLABY J130357-112956,177.00000000035402,0.06988560318927475
WALLABY J130357-112956,183.00000000036601,0.10357175109433413
WALLABY J130357-112956,189.000000000378,0.07849884989221823
WALLABY J130357-112956,195.00000000039,0.07480030777140867
WALLABY J130357-112956,201.000000000402,0.04464935211127994
WALLABY J130357-112956,207.000000000414,0.040098741060147054
WALLABY J130357-112956,213.000000000426,0.016566598534802742
WALLABY J130357-112956,219.000000000438,0.015962587106193988
WALLABY J130357-112956,225.00000000045,0.010965042006552081
WALLABY J130358+054204,3.000000000006,18.477021536448003
WALLABY J130358+054204,9.000000000018,36.237497922197406
WALLABY J130358+054204,15.00000000003,22.614758635416152
WALLABY J130358+054204,21.000000000042,16.78482166697041
WALLABY J130358+054204,27.000000000054,27.573011800102826
WALLABY J130358+054204,33.000000000066,24.37459509959184
WALLABY J130358+054204,39.000000000078,15.853840642053903
WALLABY J130358+054204,45.00000000009,13.02063957605631
WALLABY J130358+054204,51.000000000102006,10.761837162640331
WALLABY J130358+054204,57.000000000114,7.225176478210765
WALLABY J130358+054204,63.00000000012601,5.985444149027385
WALLABY J130358+054204,69.000000000138,4.934986916777766
WALLABY J130358+054204,75.00000000015001,2.7884918466387902
WALLABY J130358+054204,81.000000000162,2.3161123111310196
WALLABY J130358+054204,87.000000000174,1.0252950929093432
WALLABY J130358+054204,93.000000000186,0.9604558301636895
WALLABY J130358+054204,99.000000000198,0.995258526823407
WALLABY J130358+054204,105.00000000021001,0.6622362840947349
WALLABY J130358+054204,111.000000000222,0.5502148148956285
WALLABY J130358+054204,117.000000000234,0.4596432258433495
WALLABY J130358+054204,123.000000000246,0.40653934450378676
WALLABY J130358+054204,129.000000000258,0.1812726952175
WALLABY J130358+054204,135.00000000027,0.09289553204751054
WALLABY J130358+054204,141.000000000282,0.06134251561067428
WALLABY J130358+054204,147.000000000294,0.044281534053373935
WALLABY J130358+054204,153.000000000306,0.024489757518818437
WALLABY J130358+054204,159.000000000318,0.012196853198449525
WALLABY J130358+054204,165.00000000033,0.007649722027715812
WALLABY J130358-143526,3.000000000006,16.743158621282895
WALLABY J130358-143526,9.000000000018,21.645061287136073
WALLABY J130358-143526,15.00000000003,20.12056540296216
WALLABY J130358-143526,21.000000000042,12.621422426995057
WALLABY J130358-143526,27.000000000054,8.520319824887023
WALLABY J130358-143526,33.000000000066,4.605131184566822
WALLABY J130358-143526,39.000000000078,2.2572086001048315
WALLABY J130358-143526,45.00000000009,1.2439685022993179
WALLABY J130358-143526,51.000000000102006,0.42963485623694836
WALLABY J130358-143526,57.000000000114,0.007002157267473578
WALLABY J130358-164910,3.000000000006,22.83450332653645
WALLABY J130358-164910,9.000000000018,22.227287973894146
WALLABY J130358-164910,15.00000000003,21.311400094885922
WALLABY J130358-164910,21.000000000042,13.1315728844134
WALLABY J130358-164910,27.000000000054,7.587131398638926
WALLABY J130358-164910,33.000000000066,4.861096195609459
WALLABY J130358-164910,39.000000000078,3.6131934686985248
WALLABY J130358-164910,45.00000000009,0.5372089886404672
WALLABY J130358-164910,51.000000000102006,0.1125260883331359
WALLABY J130358-164910,57.000000000114,0.014959830927603338
WALLABY J130401-170100,3.000000000006,50.25757266493565
WALLABY J130401-170100,9.000000000018,53.33836786279114
WALLABY J130401-170100,15.00000000003,41.217233632655145
WALLABY J130401-170100,21.000000000042,35.55882601545205
WALLABY J130401-170100,27.000000000054,33.11399347838178
WALLABY J130401-170100,33.000000000066,23.96285276062555
WALLABY J130401-170100,39.000000000078,21.454697948336715
WALLABY J130401-170100,45.00000000009,15.420133003572849
WALLABY J130401-170100,51.000000000102006,12.593525945811619
WALLABY J130401-170100,57.000000000114,10.089183741143854
WALLABY J130401-170100,63.00000000012601,7.328122243976299
WALLABY J130401-170100,69.000000000138,5.7436077686182045
WALLABY J130401-170100,75.00000000015001,3.3581210764035463
WALLABY J130401-170100,81.000000000162,1.3916080840868148
WALLABY J130401-170100,87.000000000174,0.6163732199600217
WALLABY J130401-170100,93.000000000186,0.1826698607674147
WALLABY J130401-170100,99.000000000198,0.025309091509536107
WALLABY J130401-170100,105.00000000021001,0.004498313077515555
WALLABY J130401-170100,111.000000000222,0.025022834910215598
WALLABY J130401-170100,117.000000000234,0.029960904790816402
WALLABY J130401-170100,123.000000000246,0.012908847751297968
WALLABY J130401-170100,129.000000000258,0.0053643525260075025
WALLABY J130401-200110,3.000000000006,41.185949221071255
WALLABY J130401-200110,9.000000000018,25.157564016280944
WALLABY J130401-200110,15.00000000003,25.503876117516775
WALLABY J130401-200110,21.000000000042,14.096870668933
WALLABY J130401-200110,27.000000000054,7.763123235866362
WALLABY J130401-200110,33.000000000066,4.268610361319991
WALLABY J130401-200110,39.000000000078,0.8857982517242194
WALLABY J130401-200110,45.00000000009,0.7438851590959046
WALLABY J130401-200110,51.000000000102006,0.14225067032109853
WALLABY J130401-200110,57.000000000114,0.01278791420725713
WALLABY J130408-142339,3.000000000006,36.69506658468721
WALLABY J130408-142339,9.000000000018,34.6203142010666
WALLABY J130408-142339,15.00000000003,24.384589535872248
WALLABY J130408-142339,21.000000000042,25.53057966216473
WALLABY J130408-142339,27.000000000054,17.08522744697819
WALLABY J130408-142339,33.000000000066,16.830083199300553
WALLABY J130408-142339,39.000000000078,9.130242983935936
WALLABY J130408-142339,45.00000000009,7.078289721430195
WALLABY J130408-142339,51.000000000102006,3.5633953267642475
WALLABY J130408-142339,57.000000000114,1.384339223358653
WALLABY J130408-142339,63.00000000012601,0.6903424222028851
WALLABY J130408-142339,69.000000000138,0.06141672592295561
WALLABY J130408-142339,75.00000000015001,0.13361144472256506
WALLABY J130408-142339,81.000000000162,0.21172461171246842
WALLABY J130408-142339,87.000000000174,0.16484906590071274
WALLABY J130408-142339,93.000000000186,0.09402996085654253
WALLABY J130408-142339,99.000000000198,0.046667383767901326
WALLABY J130408-142339,105.00000000021001,0.07090880264553473
WALLABY J130408-142339,111.000000000222,0.06372685733333278
WALLABY J130408-142339,117.000000000234,0.04906387407413066
WALLABY J130408-142339,123.000000000246,0.04756805839546007
WALLABY J130408-142339,129.000000000258,0.02955044261742107
WALLABY J130414-191227,3.000000000006,46.49016633154571
WALLABY J130414-191227,9.000000000018,18.357384595046906
WALLABY J130414-191227,15.00000000003,29.25722708862968
WALLABY J130414-191227,21.000000000042,19.388845189329473
WALLABY J130414-191227,27.000000000054,11.888414084925063
WALLABY J130414-191227,33.000000000066,6.5615282247777476
WALLABY J130414-191227,39.000000000078,4.182189094505485
WALLABY J130414-191227,45.00000000009,1.4566748046244593
WALLABY J130414-191227,51.000000000102006,0.5122890590370566
WALLABY J130414-191227,57.000000000114,0.044764685247007205
WALLABY J130414-191227,63.00000000012601,0.012705353516856354
WALLABY J130415-102023,3.000000000006,13.771971151156604
WALLABY J130415-102023,9.000000000018,32.04927656212863
WALLABY J130415-102023,15.00000000003,14.152869504468217
WALLABY J130415-102023,21.000000000042,34.2760871351754
WALLABY J130415-102023,27.000000000054,18.7466989466773
WALLABY J130415-102023,33.000000000066,35.646781845370874
WALLABY J130415-102023,39.000000000078,29.417090908060622
WALLABY J130415-102023,45.00000000009,38.95490827571913
WALLABY J130415-102023,51.000000000102006,32.73653307861682
WALLABY J130415-102023,57.000000000114,44.4147735498619
WALLABY J130415-102023,63.00000000012601,37.272317572193664
WALLABY J130415-102023,69.000000000138,48.43899704357577
WALLABY J130415-102023,75.00000000015001,43.40893710288266
WALLABY J130415-102023,81.000000000162,46.34644169210906
WALLABY J130415-102023,87.000000000174,38.43565022455501
WALLABY J130415-102023,93.000000000186,37.270759890217505
WALLABY J130415-102023,99.000000000198,38.33912125634018
WALLABY J130415-102023,105.00000000021001,32.030127811581906
WALLABY J130415-102023,111.000000000222,36.7491941870477
WALLABY J130415-102023,117.000000000234,28.28632371791285
WALLABY J130415-102023,123.000000000246,32.84934220987062
WALLABY J130415-102023,129.000000000258,25.511569966399346
WALLABY J130415-102023,135.00000000027,31.972111424202588
WALLABY J130415-102023,141.000000000282,27.3191039198446
WALLABY J130415-102023,147.000000000294,31.323333908170206
WALLABY J130415-102023,153.000000000306,26.481052772336483
WALLABY J130415-102023,159.000000000318,27.91591426832054
WALLABY J130415-102023,165.00000000033,22.96281112261499
WALLABY J130415-102023,171.000000000342,24.549761991071296
WALLABY J130415-102023,177.00000000035402,20.93360409713252
WALLABY J130415-102023,183.00000000036601,19.90969328599094
WALLABY J130415-102023,189.000000000378,17.795054504452505
WALLABY J130415-102023,195.00000000039,15.73087816020449
WALLABY J130415-102023,201.000000000402,14.597231190410938
WALLABY J130415-102023,207.000000000414,14.76827483861586
WALLABY J130415-102023,213.000000000426,13.327890499603868
WALLABY J130415-102023,219.000000000438,11.385080539638563
WALLABY J130415-102023,225.00000000045,10.466242692169395
WALLABY J130415-102023,231.00000000046202,8.085455461773119
WALLABY J130415-102023,237.00000000047402,7.7830479412208184
WALLABY J130415-102023,243.000000000486,5.029068841977795
WALLABY J130415-102023,249.000000000498,5.422793166500303
WALLABY J130415-102023,255.00000000051,3.8311350887460804
WALLABY J130415-102023,261.00000000052205,3.3638753234869867
WALLABY J130415-102023,267.000000000534,2.0515134513715827
WALLABY J130415-102023,273.00000000054604,1.9048105633093997
WALLABY J130415-102023,279.000000000558,1.397801304404657
WALLABY J130415-102023,285.00000000057,1.0485271295650758
WALLABY J130415-102023,291.00000000058196,0.924036194430202
WALLABY J130415-102023,297.000000000594,0.46111820746198684
WALLABY J130415-102023,303.000000000606,0.3766013899350198
WALLABY J130415-102023,309.000000000618,0.26844856409509765
WALLABY J130415-102023,315.00000000063005,0.10905276670788178
WALLABY J130415-102023,321.000000000642,0.12688490122864649
WALLABY J130415-102023,327.00000000065404,0.11054393828006798
WALLABY J130415-102023,333.000000000666,0.10692484157794076
WALLABY J130415-102023,339.000000000678,0.1116012870975412
WALLABY J130415-102023,345.00000000068997,0.07909742458662072
WALLABY J130415-102023,351.000000000702,0.10964136250099624
WALLABY J130415-102023,357.000000000714,0.06901711674091614
WALLABY J130415-102023,363.000000000726,0.03386050036585054
WALLABY J130415-102023,369.00000000073805,0.0013417841153888829
WALLABY J130415-102023,375.00000000075,0.014491085476106159
WALLABY J130415-102023,381.00000000076204,0.0
WALLABY J130415-102023,387.000000000774,0.0020444967548572633
WALLABY J130417-202952,3.000000000006,37.329153149509416
WALLABY J130417-202952,9.000000000018,38.75321730251373
WALLABY J130417-202952,15.00000000003,29.03866600014741
WALLABY J130417-202952,21.000000000042,25.251057733645787
WALLABY J130417-202952,27.000000000054,14.551793602837662
WALLABY J130417-202952,33.000000000066,7.1169889848502494
WALLABY J130417-202952,39.000000000078,2.8245015251428303
WALLABY J130417-202952,45.00000000009,0.6313384016695567
WALLABY J130417-202952,51.000000000102006,0.1809401384850272
WALLABY J130419+081330,3.000000000006,9.562434294129675
WALLABY J130419+081330,9.000000000018,17.607361241213063
WALLABY J130419+081330,15.00000000003,14.589170520674948
WALLABY J130419+081330,21.000000000042,13.04424487558334
WALLABY J130419+081330,27.000000000054,8.609265966163935
WALLABY J130419+081330,33.000000000066,6.094447766747502
WALLABY J130419+081330,39.000000000078,4.348991879220252
WALLABY J130419+081330,45.00000000009,1.912583317961679
WALLABY J130419+081330,51.000000000102006,0.47431465130434597
WALLABY J130419+081330,57.000000000114,0.31827844820089807
WALLABY J130419+081330,63.00000000012601,0.27940715752456846
WALLABY J130419+081330,69.000000000138,0.13101783985533244
WALLABY J130419+081330,75.00000000015001,0.04206361443055469
WALLABY J130422-170313,3.000000000006,19.3590397182452
WALLABY J130422-170313,9.000000000018,21.693804755068697
WALLABY J130422-170313,15.00000000003,18.821894213823914
WALLABY J130422-170313,21.000000000042,12.067884757674335
WALLABY J130422-170313,27.000000000054,6.903887109757844
WALLABY J130422-170313,33.000000000066,3.2351497396263325
WALLABY J130422-170313,39.000000000078,0.6856878325516225
WALLABY J130422-170313,45.00000000009,0.07890648943165415
WALLABY J130425-204308,3.000000000006,40.6007178357201
WALLABY J130425-204308,9.000000000018,36.40638310218623
WALLABY J130425-204308,15.00000000003,29.36982757027217
WALLABY J130425-204308,21.000000000042,24.10386133860601
WALLABY J130425-204308,27.000000000054,25.402249102867636
WALLABY J130425-204308,33.000000000066,17.945215807994312
WALLABY J130425-204308,39.000000000078,11.80709335652896
WALLABY J130425-204308,45.00000000009,8.25283607391516
WALLABY J130425-204308,51.000000000102006,7.232543025013156
WALLABY J130425-204308,57.000000000114,5.976807388421454
WALLABY J130425-204308,63.00000000012601,3.886216697022646
WALLABY J130425-204308,69.000000000138,2.3326810766021002
WALLABY J130425-204308,75.00000000015001,2.2631132441742787
WALLABY J130425-204308,81.000000000162,0.8054805966550683
WALLABY J130425-204308,87.000000000174,0.15009425075250815
WALLABY J130425-204308,93.000000000186,0.0017570630358554765
WALLABY J130425-204308,99.000000000198,0.0313045062917095
WALLABY J130428+043155,3.000000000006,25.950846179279242
WALLABY J130428+043155,9.000000000018,27.401493720853992
WALLABY J130428+043155,15.00000000003,16.93211960596595
WALLABY J130428+043155,21.000000000042,20.344264790476533
WALLABY J130428+043155,27.000000000054,18.46304692068607
WALLABY J130428+043155,33.000000000066,12.928534121554375
WALLABY J130428+043155,39.000000000078,11.556771445773675
WALLABY J130428+043155,45.00000000009,8.011530422891822
WALLABY J130428+043155,51.000000000102006,5.272666215761583
WALLABY J130428+043155,57.000000000114,3.8646256227005935
WALLABY J130428+043155,63.00000000012601,1.647516406526477
WALLABY J130428+043155,69.000000000138,0.8415503913117819
WALLABY J130428+043155,75.00000000015001,0.10752730580792279
WALLABY J130428+043155,81.000000000162,0.037704557655059305
WALLABY J130428+043155,87.000000000174,0.00694996725195855
WALLABY J130428+043155,93.000000000186,0.034740677058563235
WALLABY J130428+043155,99.000000000198,0.04080307278037933
WALLABY J130428+043155,105.00000000021001,0.06452792572506252
WALLABY J130428+043155,111.000000000222,0.002052405526426522
WALLABY J130428+043155,117.000000000234,0.04229374905582052
WALLABY J130428+043155,123.000000000246,0.014004030433543101
WALLABY J130430-174819,3.000000000006,30.472379871394526
WALLABY J130430-174819,9.000000000018,36.99728964955707
WALLABY J130430-174819,15.00000000003,19.805045930695478
WALLABY J130430-174819,21.000000000042,14.60456179567649
WALLABY J130430-174819,27.000000000054,11.442281553888185
WALLABY J130430-174819,33.000000000066,4.047454312412409
WALLABY J130430-174819,39.000000000078,1.1644431784142275
WALLABY J130430-174819,45.00000000009,0.18308877058150716
WALLABY J130430-174819,51.000000000102006,0.023829937952746707
WALLABY J130430-174819,57.000000000114,0.003918738266280425
WALLABY J130430-180121,3.000000000006,48.97689539835742
WALLABY J130430-180121,9.000000000018,30.434844974373604
WALLABY J130430-180121,15.00000000003,21.252315970146977
WALLABY J130430-180121,21.000000000042,21.164760829941226
WALLABY J130430-180121,27.000000000054,12.50369753059729
WALLABY J130430-180121,33.000000000066,8.57292329122596
WALLABY J130430-180121,39.000000000078,4.416663460566446
WALLABY J130430-180121,45.00000000009,2.6835917743037405
WALLABY J130430-180121,51.000000000102006,1.051103881346269
WALLABY J130430-180121,57.000000000114,0.4817044348709677
WALLABY J130430-180121,63.00000000012601,0.14522148171196728
WALLABY J130430-180121,69.000000000138,0.14548998562822138
WALLABY J130430-180121,75.00000000015001,0.021003115024070727
WALLABY J130430-180121,81.000000000162,0.025688274634273964
WALLABY J130430-180121,87.000000000174,0.02133244109992642
WALLABY J130440+075733,3.000000000006,35.39293746471584
WALLABY J130440+075733,9.000000000018,36.8228581086138
WALLABY J130440+075733,15.00000000003,26.09313537841473
WALLABY J130440+075733,21.000000000042,17.94268689940779
WALLABY J130440+075733,27.000000000054,12.652253031976608
WALLABY J130440+075733,33.000000000066,8.315275628202103
WALLABY J130440+075733,39.000000000078,4.130087015317199
WALLABY J130440+075733,45.00000000009,1.9487342005404376
WALLABY J130440+075733,51.000000000102006,0.9042043621833259
WALLABY J130440+075733,57.000000000114,0.28581709089760193
WALLABY J130440+075733,63.00000000012601,0.17087036512901174
WALLABY J130440+075733,69.000000000138,0.08800572187216985
WALLABY J130444-160813,3.000000000006,20.83278150668461
WALLABY J130444-160813,9.000000000018,20.392972280457982
WALLABY J130444-160813,15.00000000003,21.392936296038854
WALLABY J130444-160813,21.000000000042,18.079490398984372
WALLABY J130444-160813,27.000000000054,13.539851483947237
WALLABY J130444-160813,33.000000000066,8.275302865208985
WALLABY J130444-160813,39.000000000078,5.346066256809393
WALLABY J130444-160813,45.00000000009,2.8364089926640768
WALLABY J130444-160813,51.000000000102006,1.2112917294051375
WALLABY J130444-160813,57.000000000114,0.7620697940514717
WALLABY J130444-160813,63.00000000012601,0.1316207492236192
WALLABY J130444-160813,69.000000000138,0.12770550607133035
WALLABY J130444-160813,75.00000000015001,0.01291938949940355
WALLABY J130445+062514,3.000000000006,16.045666314192513
WALLABY J130445+062514,9.000000000018,19.082301994875664
WALLABY J130445+062514,15.00000000003,14.768604669807447
WALLABY J130445+062514,21.000000000042,9.784486938695224
WALLABY J130445+062514,27.000000000054,7.310246480476608
WALLABY J130445+062514,33.000000000066,3.775805215402877
WALLABY J130445+062514,39.000000000078,1.912486913895551
WALLABY J130445+062514,45.00000000009,0.48248339818160096
WALLABY J130445+062514,51.000000000102006,0.4478529265583756
WALLABY J130445+062514,57.000000000114,0.21155834414694533
WALLABY J130445+062514,63.00000000012601,0.23140868306457693
WALLABY J130445+062514,69.000000000138,0.20121267797179096
WALLABY J130445+062514,75.00000000015001,0.11034493629897521
WALLABY J130445+062514,81.000000000162,0.12268844880775755
WALLABY J130445+062514,87.000000000174,0.06561575944905855
WALLABY J130445+062514,93.000000000186,0.031224085481689527
WALLABY J130445-190601,3.000000000006,34.815008883895906
WALLABY J130445-190601,9.000000000018,31.003192446903633
WALLABY J130445-190601,15.00000000003,18.443820651360497
WALLABY J130445-190601,21.000000000042,12.327998753056141
WALLABY J130445-190601,27.000000000054,8.540576119719226
WALLABY J130445-190601,33.000000000066,3.126506076297695
WALLABY J130445-190601,39.000000000078,0.4054571169274379
WALLABY J130445-190601,45.00000000009,0.06869948607619634
WALLABY J130445-190601,51.000000000102006,0.018047270454398735
WALLABY J130449-171802,3.000000000006,12.952527081285979
WALLABY J130449-171802,9.000000000018,13.147240022925512
WALLABY J130449-171802,15.00000000003,16.850005257126472
WALLABY J130449-171802,21.000000000042,16.2361429869975
WALLABY J130449-171802,27.000000000054,16.193968973024482
WALLABY J130449-171802,33.000000000066,15.079112112158935
WALLABY J130449-171802,39.000000000078,12.443395938281874
WALLABY J130449-171802,45.00000000009,11.847789524381163
WALLABY J130449-171802,51.000000000102006,8.312144728648184
WALLABY J130449-171802,57.000000000114,7.141098375336585
WALLABY J130449-171802,63.00000000012601,3.352106373774581
WALLABY J130449-171802,69.000000000138,0.8641357024762027
WALLABY J130449-171802,75.00000000015001,0.07130683241330939
WALLABY J130449-171802,81.000000000162,0.14275634222534944
WALLABY J130449-171802,87.000000000174,0.17423672813994048
WALLABY J130449-171802,93.000000000186,0.10791932981002297
WALLABY J130449-171802,99.000000000198,0.05456827267670307
WALLABY J130449-171802,105.00000000021001,0.0014629405104213285
WALLABY J130501-131601,3.000000000006,19.50070290103008
WALLABY J130501-131601,9.000000000018,25.387531122671003
WALLABY J130501-131601,15.00000000003,21.096929969287842
WALLABY J130501-131601,21.000000000042,14.721922669091578
WALLABY J130501-131601,27.000000000054,10.543699475650229
WALLABY J130501-131601,33.000000000066,6.670239141130932
WALLABY J130501-131601,39.000000000078,4.247761612410669
WALLABY J130501-131601,45.00000000009,2.2304829115889
WALLABY J130501-131601,51.000000000102006,1.1886435864835885
WALLABY J130501-131601,57.000000000114,0.3425134990810528
WALLABY J130501-131601,63.00000000012601,0.03581413104368745
WALLABY J130502-201243,3.000000000006,26.989353337985
WALLABY J130502-201243,9.000000000018,28.377035867193573
WALLABY J130502-201243,15.00000000003,18.102954316727605
WALLABY J130502-201243,21.000000000042,20.428794961083543
WALLABY J130502-201243,27.000000000054,14.310081914026522
WALLABY J130502-201243,33.000000000066,9.278701508540456
WALLABY J130502-201243,39.000000000078,9.101688377257831
WALLABY J130502-201243,45.00000000009,5.861083645510591
WALLABY J130502-201243,51.000000000102006,4.611081354974813
WALLABY J130502-201243,57.000000000114,3.8115529901459917
WALLABY J130502-201243,63.00000000012601,2.5564382224197626
WALLABY J130502-201243,69.000000000138,1.7631177922404537
WALLABY J130502-201243,75.00000000015001,0.9738122258208467
WALLABY J130502-201243,81.000000000162,0.37203934473832184
WALLABY J130502-201243,87.000000000174,0.09393200098961582
WALLABY J130502-201243,93.000000000186,0.007328857717945641
WALLABY J130503-171522,3.000000000006,63.46624782779814
WALLABY J130503-171522,9.000000000018,57.5861708686968
WALLABY J130503-171522,15.00000000003,42.13714976497866
WALLABY J130503-171522,21.000000000042,35.42957514872985
WALLABY J130503-171522,27.000000000054,27.857289090093218
WALLABY J130503-171522,33.000000000066,17.144895243654556
WALLABY J130503-171522,39.000000000078,10.805014317066865
WALLABY J130503-171522,45.00000000009,5.31452662730998
WALLABY J130503-171522,51.000000000102006,2.3631883751015916
WALLABY J130503-171522,57.000000000114,1.6874451142737492
WALLABY J130503-171522,63.00000000012601,1.5721791706254251
WALLABY J130503-171522,69.000000000138,1.1569155963777669
WALLABY J130503-171522,75.00000000015001,0.6250561481794389
WALLABY J130503-171522,81.000000000162,0.5618509165517042
WALLABY J130503-171522,87.000000000174,0.228566348282398
WALLABY J130503-171522,93.000000000186,0.05780802115635361
WALLABY J130504+071549,3.000000000006,30.910380845794677
WALLABY J130504+071549,9.000000000018,40.27404739324157
WALLABY J130504+071549,15.00000000003,22.111662753939765
WALLABY J130504+071549,21.000000000042,16.214596749304214
WALLABY J130504+071549,27.000000000054,12.082943419087055
WALLABY J130504+071549,33.000000000066,6.752855833365882
WALLABY J130504+071549,39.000000000078,2.9942618508484613
WALLABY J130504+071549,45.00000000009,1.027623030493047
WALLABY J130504+071549,51.000000000102006,0.3677248082123822
WALLABY J130504+071549,57.000000000114,0.22483394806276227
WALLABY J130504+071549,63.00000000012601,0.18927427145658404
WALLABY J130504+071549,69.000000000138,0.05108313878404154
WALLABY J130504+071549,75.00000000015001,0.005089082881367201
WALLABY J130510-161645,3.000000000006,20.940358099179747
WALLABY J130510-161645,9.000000000018,25.66006248387793
WALLABY J130510-161645,15.00000000003,17.427976471818567
WALLABY J130510-161645,21.000000000042,11.989038653629924
WALLABY J130510-161645,27.000000000054,9.074463183551304
WALLABY J130510-161645,33.000000000066,5.651444035621311
WALLABY J130510-161645,39.000000000078,3.613843852543566
WALLABY J130510-161645,45.00000000009,2.339736230780327
WALLABY J130510-161645,51.000000000102006,0.728441235332438
WALLABY J130510-161645,57.000000000114,0.2403940758398026
WALLABY J130510-161645,63.00000000012601,0.0008280110641169802
WALLABY J130512+034927,3.000000000006,31.75728814503193
WALLABY J130512+034927,9.000000000018,24.027205148203805
WALLABY J130512+034927,15.00000000003,27.26259673882381
WALLABY J130512+034927,21.000000000042,17.760961214340124
WALLABY J130512+034927,27.000000000054,9.161644685024436
WALLABY J130512+034927,33.000000000066,7.789074297635343
WALLABY J130512+034927,39.000000000078,3.215146630918066
WALLABY J130512+034927,45.00000000009,1.207465682593984
WALLABY J130512+034927,51.000000000102006,0.5058641133887573
WALLABY J130512+034927,57.000000000114,0.28343954266973614
WALLABY J130512+034927,63.00000000012601,0.20116442492781608
WALLABY J130512+034927,69.000000000138,0.2096419487480243
WALLABY J130512+034927,75.00000000015001,0.08747251992466472
WALLABY J130516-171618,3.000000000006,23.442640434288073
WALLABY J130516-171618,9.000000000018,17.423967232850483
WALLABY J130516-171618,15.00000000003,14.945938642017564
WALLABY J130516-171618,21.000000000042,14.324271185381244
WALLABY J130516-171618,27.000000000054,8.355809612482247
WALLABY J130516-171618,33.000000000066,4.275225173391301
WALLABY J130516-171618,39.000000000078,1.6175640564526166
WALLABY J130516-171618,45.00000000009,0.9058727935685749
WALLABY J130516-171618,51.000000000102006,0.46900112589885423
WALLABY J130516-171618,57.000000000114,0.22243256361472236
WALLABY J130516-171618,63.00000000012601,0.0387562424571419
WALLABY J130522+043840,3.000000000006,32.773206367197396
WALLABY J130522+043840,9.000000000018,22.96077766026163
WALLABY J130522+043840,15.00000000003,18.252820688250026
WALLABY J130522+043840,21.000000000042,15.028048056738012
WALLABY J130522+043840,27.000000000054,12.892530774570892
WALLABY J130522+043840,33.000000000066,11.451715813536826
WALLABY J130522+043840,39.000000000078,9.204715438475883
WALLABY J130522+043840,45.00000000009,9.196599850514408
WALLABY J130522+043840,51.000000000102006,6.989930769284144
WALLABY J130522+043840,57.000000000114,5.06712147448991
WALLABY J130522+043840,63.00000000012601,1.97835441360513
WALLABY J130522+043840,69.000000000138,0.8176258636147522
WALLABY J130522+043840,75.00000000015001,0.14409875538754838
WALLABY J130525-161217,3.000000000006,29.355827901863556
WALLABY J130525-161217,9.000000000018,36.70969054250475
WALLABY J130525-161217,15.00000000003,23.367369091763695
WALLABY J130525-161217,21.000000000042,15.044715568607408
WALLABY J130525-161217,27.000000000054,5.194975338472041
WALLABY J130525-161217,33.000000000066,0.743441832866014
WALLABY J130525-161217,39.000000000078,0.0694467634031765
WALLABY J130525-161217,45.00000000009,0.08301277136030381
WALLABY J130525-161217,51.000000000102006,0.046276696193954435
WALLABY J130527-142801,3.000000000006,49.92910296511843
WALLABY J130527-142801,9.000000000018,35.27312441124371
WALLABY J130527-142801,15.00000000003,21.79900590333695
WALLABY J130527-142801,21.000000000042,17.905548479408907
WALLABY J130527-142801,27.000000000054,12.397621540968984
WALLABY J130527-142801,33.000000000066,8.36262039604482
WALLABY J130527-142801,39.000000000078,4.491010588594495
WALLABY J130527-142801,45.00000000009,0.6987954192066812
WALLABY J130527-142801,51.000000000102006,0.4438095484724448
WALLABY J130527-142801,57.000000000114,0.11344532058913864
WALLABY J130527-142801,63.00000000012601,0.02282929736197263
WALLABY J130528-111138,3.000000000006,28.054031218161125
WALLABY J130528-111138,9.000000000018,36.665819388611155
WALLABY J130528-111138,15.00000000003,30.598865611560875
WALLABY J130528-111138,21.000000000042,31.53695120543806
WALLABY J130528-111138,27.000000000054,21.40167314572629
WALLABY J130528-111138,33.000000000066,15.983269827046309
WALLABY J130528-111138,39.000000000078,10.610382354357696
WALLABY J130528-111138,45.00000000009,4.945544709905021
WALLABY J130528-111138,51.000000000102006,2.290476520674123
WALLABY J130528-111138,57.000000000114,1.2716720399482786
WALLABY J130528-111138,63.00000000012601,0.6316118942793035
WALLABY J130528-111138,69.000000000138,0.4466441173307971
WALLABY J130528-111138,75.00000000015001,0.07780736073221567
WALLABY J130528-111138,81.000000000162,0.04824017886953609
WALLABY J130534-154506,3.000000000006,61.23211851712747
WALLABY J130534-154506,9.000000000018,82.33065547758287
WALLABY J130534-154506,15.00000000003,80.25014079334483
WALLABY J130534-154506,21.000000000042,76.17857898848867
WALLABY J130534-154506,27.000000000054,70.07257990691649
WALLABY J130534-154506,33.000000000066,67.04612958966463
WALLABY J130534-154506,39.000000000078,58.20821843614328
WALLABY J130534-154506,45.00000000009,39.12800825470012
WALLABY J130534-154506,51.000000000102006,26.86569055379136
WALLABY J130534-154506,57.000000000114,16.823673329256152
WALLABY J130534-154506,63.00000000012601,8.5903338218896
WALLABY J130534-154506,69.000000000138,3.1033454285621866
WALLABY J130534-154506,75.00000000015001,0.473960838933502
WALLABY J130534-154506,81.000000000162,0.5039674914476371
WALLABY J130534-154506,87.000000000174,0.9118665001373273
WALLABY J130534-154506,93.000000000186,0.7014474463519214
WALLABY J130534-154506,99.000000000198,0.36146563078204785
WALLABY J130534-154506,105.00000000021001,0.14960008111827447
WALLABY J130534-154506,111.000000000222,0.10588016522335968
WALLABY J130534-154506,117.000000000234,0.034843051794163235
WALLABY J130535+041627,3.000000000006,70.03488412849052
WALLABY J130535+041627,9.000000000018,42.173709839412254
WALLABY J130535+041627,15.00000000003,50.3687121539365
WALLABY J130535+041627,21.000000000042,31.282343339951716
WALLABY J130535+041627,27.000000000054,22.94529466889633
WALLABY J130535+041627,33.000000000066,17.997009860717192
WALLABY J130535+041627,39.000000000078,8.944728479238186
WALLABY J130535+041627,45.00000000009,3.8717799346032336
WALLABY J130535+041627,51.000000000102006,1.7506734278402931
WALLABY J130535+041627,57.000000000114,1.286984269692992
WALLABY J130535+041627,63.00000000012601,0.7042322460240652
WALLABY J130535+041627,69.000000000138,0.4749539967414188
WALLABY J130535+041627,75.00000000015001,0.37322380300199065
WALLABY J130535+041627,81.000000000162,0.04787283071483727
WALLABY J130535+051140,3.000000000006,43.86964785656561
WALLABY J130535+051140,9.000000000018,32.16864744658073
WALLABY J130535+051140,15.00000000003,27.40261911116702
WALLABY J130535+051140,21.000000000042,17.453418578100962
WALLABY J130535+051140,27.000000000054,10.48188931804001
WALLABY J130535+051140,33.000000000066,5.076875795952955
WALLABY J130535+051140,39.000000000078,1.7009532671708583
WALLABY J130535+051140,45.00000000009,0.42748876593890406
WALLABY J130535+051140,51.000000000102006,0.06474709587539466
WALLABY J130535+051140,57.000000000114,0.0031644776802550643
WALLABY J130544+073310,3.000000000006,52.197901708888025
WALLABY J130544+073310,9.000000000018,35.11394428358662
WALLABY J130544+073310,15.00000000003,27.222034333188745
WALLABY J130544+073310,21.000000000042,22.98653771911776
WALLABY J130544+073310,27.000000000054,16.17603763710871
WALLABY J130544+073310,33.000000000066,7.024702992829558
WALLABY J130544+073310,39.000000000078,3.6277082550555897
WALLABY J130544+073310,45.00000000009,0.6722687366656314
WALLABY J130544+073310,51.000000000102006,0.09009196668592197
WALLABY J130544+073310,57.000000000114,0.05873182480826647
WALLABY J130544+073310,63.00000000012601,0.24431939773109568
WALLABY J130544+073310,69.000000000138,0.1390578640442354
WALLABY J130544+073310,75.00000000015001,0.2426645690456598
WALLABY J130544+073310,81.000000000162,0.235427352619265
WALLABY J130544+073310,87.000000000174,0.0679001335177799
WALLABY J130545-130604,3.000000000006,25.412675573083856
WALLABY J130545-130604,9.000000000018,9.713560397634833
WALLABY J130545-130604,15.00000000003,13.933361566255677
WALLABY J130545-130604,21.000000000042,9.807057873410656
WALLABY J130545-130604,27.000000000054,6.860552092921682
WALLABY J130545-130604,33.000000000066,5.3994216355241225
WALLABY J130545-130604,39.000000000078,2.823195961401587
WALLABY J130545-130604,45.00000000009,1.6353918564121686
WALLABY J130545-130604,51.000000000102006,0.8700342344514626
WALLABY J130545-130604,57.000000000114,0.7200205250685621
WALLABY J130545-130604,63.00000000012601,0.2364530973921596
WALLABY J130545-130604,69.000000000138,0.23453313661107497
WALLABY J130545-130604,75.00000000015001,0.2504257848429855
WALLABY J130545-130604,81.000000000162,0.1728083007338113
WALLABY J130545-130604,87.000000000174,0.06807084812075856
WALLABY J130545-130604,93.000000000186,0.07183288461226828
WALLABY J130545-130604,99.000000000198,0.01026022073732462
WALLABY J130545-193817,3.000000000006,21.327826602024672
WALLABY J130545-193817,9.000000000018,22.988266613863356
WALLABY J130545-193817,15.00000000003,19.28978050723129
WALLABY J130545-193817,21.000000000042,18.042914815483947
WALLABY J130545-193817,27.000000000054,19.570093335624616
WALLABY J130545-193817,33.000000000066,15.390171664381311
WALLABY J130545-193817,39.000000000078,13.606853714970885
WALLABY J130545-193817,45.00000000009,10.837872680816
WALLABY J130545-193817,51.000000000102006,9.791706288646171
WALLABY J130545-193817,57.000000000114,6.88065585337159
WALLABY J130545-193817,63.00000000012601,5.234970668260266
WALLABY J130545-193817,69.000000000138,3.770136848526532
WALLABY J130545-193817,75.00000000015001,2.754262479592453
WALLABY J130545-193817,81.000000000162,1.6083500037142733
WALLABY J130545-193817,87.000000000174,1.0476204361591726
WALLABY J130545-193817,93.000000000186,0.4493087040089089
WALLABY J130545-193817,99.000000000198,0.3429522290241265
WALLABY J130545-193817,105.00000000021001,0.1487067882625049
WALLABY J130545-193817,111.000000000222,0.08900328164738047
WALLABY J130545-193817,117.000000000234,0.02298434719661789
WALLABY J130545-193817,123.000000000246,0.011970914903943603
WALLABY J130546-133400,3.000000000006,39.03892684756988
WALLABY J130546-133400,9.000000000018,26.843548733239395
WALLABY J130546-133400,15.00000000003,21.832023300873427
WALLABY J130546-133400,21.000000000042,15.149497156143148
WALLABY J130546-133400,27.000000000054,7.261477947904661
WALLABY J130546-133400,33.000000000066,2.804278707711652
WALLABY J130546-133400,39.000000000078,0.2931303700204863
WALLABY J130546-133400,45.00000000009,0.03749523498375756
WALLABY J130546-133400,51.000000000102006,0.008456210689643822
WALLABY J130547-130037,3.000000000006,26.46463938498101
WALLABY J130547-130037,9.000000000018,22.394033365236336
WALLABY J130547-130037,15.00000000003,18.457883892808844
WALLABY J130547-130037,21.000000000042,14.726787826088167
WALLABY J130547-130037,27.000000000054,10.11621709750755
WALLABY J130547-130037,33.000000000066,5.980142185335295
WALLABY J130547-130037,39.000000000078,2.5160354335906
WALLABY J130547-130037,45.00000000009,0.3381268792687384
WALLABY J130547-130037,51.000000000102006,0.2707324224367936
WALLABY J130547-130037,57.000000000114,0.03707697844749064
WALLABY J130554-121523,3.000000000006,25.073430296997437
WALLABY J130554-121523,9.000000000018,33.68539691808534
WALLABY J130554-121523,15.00000000003,23.359758351948297
WALLABY J130554-121523,21.000000000042,13.849884976540968
WALLABY J130554-121523,27.000000000054,8.899808774191268
WALLABY J130554-121523,33.000000000066,3.913026256259636
WALLABY J130554-121523,39.000000000078,1.875691134260656
WALLABY J130554-121523,45.00000000009,0.6180750303237131
WALLABY J130554-121523,51.000000000102006,0.09128316172156327
WALLABY J130554-121523,57.000000000114,0.03524311928281866
WALLABY J130554-121523,63.00000000012601,0.026149217416816806
WALLABY J130559-145906,3.000000000006,37.06170925048959
WALLABY J130559-145906,9.000000000018,49.01808259709274
WALLABY J130559-145906,15.00000000003,34.018071936704594
WALLABY J130559-145906,21.000000000042,20.307312479279414
WALLABY J130559-145906,27.000000000054,16.903042207830495
WALLABY J130559-145906,33.000000000066,10.16692550669527
WALLABY J130559-145906,39.000000000078,5.946002966795745
WALLABY J130559-145906,45.00000000009,4.61002717061567
WALLABY J130559-145906,51.000000000102006,2.7949210096095953
WALLABY J130559-145906,57.000000000114,1.6110176138565828
WALLABY J130559-145906,63.00000000012601,0.7455198479504185
WALLABY J130559-145906,69.000000000138,0.2540411682104957
WALLABY J130559-145906,75.00000000015001,0.18516800646713458
WALLABY J130559-145906,81.000000000162,0.04342686117505008
WALLABY J130602-155021,3.000000000006,23.8140969499588
WALLABY J130602-155021,9.000000000018,28.874065686210674
WALLABY J130602-155021,15.00000000003,27.97027238912896
WALLABY J130602-155021,21.000000000042,20.752650565757087
WALLABY J130602-155021,27.000000000054,13.257920493232495
WALLABY J130602-155021,33.000000000066,7.215579606556498
WALLABY J130602-155021,39.000000000078,3.59967645330494
WALLABY J130602-155021,45.00000000009,1.5132011046101728
WALLABY J130602-155021,51.000000000102006,0.9658774525556606
WALLABY J130602-155021,57.000000000114,0.2803217653538893
WALLABY J130602-155021,63.00000000012601,0.13008663131587284
WALLABY J130602-155021,69.000000000138,0.09860551187609688
WALLABY J130607-124509,3.000000000006,14.101841292723636
WALLABY J130607-124509,9.000000000018,16.75274530615524
WALLABY J130607-124509,15.00000000003,11.977921944707024
WALLABY J130607-124509,21.000000000042,9.669446604583666
WALLABY J130607-124509,27.000000000054,6.145113614632219
WALLABY J130607-124509,33.000000000066,3.2438871790148793
WALLABY J130607-124509,39.000000000078,2.031156652240483
WALLABY J130607-124509,45.00000000009,0.053564961429129795
WALLABY J130609+040911,3.000000000006,32.66459414937744
WALLABY J130609+040911,9.000000000018,31.390946614680956
WALLABY J130609+040911,15.00000000003,24.543135893930263
WALLABY J130609+040911,21.000000000042,13.824249684079826
WALLABY J130609+040911,27.000000000054,11.612724279346995
WALLABY J130609+040911,33.000000000066,8.05563718044296
WALLABY J130609+040911,39.000000000078,3.5833345384806665
WALLABY J130609+040911,45.00000000009,1.4004235309190851
WALLABY J130609+040911,51.000000000102006,0.6986939280771485
WALLABY J130609+040911,57.000000000114,0.17358254639532417
WALLABY J130609+040911,63.00000000012601,0.005760138246210055
WALLABY J130612-201622,3.000000000006,42.59229279399966
WALLABY J130612-201622,9.000000000018,21.55442815097128
WALLABY J130612-201622,15.00000000003,23.374249011456705
WALLABY J130612-201622,21.000000000042,21.709634629563556
WALLABY J130612-201622,27.000000000054,15.59338880905675
WALLABY J130612-201622,33.000000000066,12.494269410879038
WALLABY J130612-201622,39.000000000078,9.489447102818875
WALLABY J130612-201622,45.00000000009,7.540272024053875
WALLABY J130612-201622,51.000000000102006,6.577419465642924
WALLABY J130612-201622,57.000000000114,3.1323323588752525
WALLABY J130612-201622,63.00000000012601,1.0022664562483292
WALLABY J130612-201622,69.000000000138,0.6528891568495798
WALLABY J130612-201622,75.00000000015001,0.2824854590828974
WALLABY J130612-201622,81.000000000162,0.0922734537210297
WALLABY J130612-201622,87.000000000174,0.026240350436705497
WALLABY J130612-201622,93.000000000186,0.03689811920090384
WALLABY J130612-201622,99.000000000198,0.01121942460100319
WALLABY J130614-202212,3.000000000006,43.44793733868182
WALLABY J130614-202212,9.000000000018,52.76420365500353
WALLABY J130614-202212,15.00000000003,50.25874957567478
WALLABY J130614-202212,21.000000000042,44.928202186656144
WALLABY J130614-202212,27.000000000054,35.50525319286737
WALLABY J130614-202212,33.000000000066,23.220366892841035
WALLABY J130614-202212,39.000000000078,22.412539599983525
WALLABY J130614-202212,45.00000000009,13.320292370472064
WALLABY J130614-202212,51.000000000102006,5.629731043944279
WALLABY J130614-202212,57.000000000114,2.322849047671427
WALLABY J130614-202212,63.00000000012601,1.3835997079419882
WALLABY J130614-202212,69.000000000138,1.0282195653568011
WALLABY J130614-202212,75.00000000015001,1.02109213312933
WALLABY J130614-202212,81.000000000162,0.6781302567271886
WALLABY J130614-202212,87.000000000174,0.19564924920979637
WALLABY J130614-202212,93.000000000186,0.06639756858864679
WALLABY J130618-173039,3.000000000006,71.55798406815852
WALLABY J130618-173039,9.000000000018,50.01989512382747
WALLABY J130618-173039,15.00000000003,57.840194848013404
WALLABY J130618-173039,21.000000000042,72.53862172032711
WALLABY J130618-173039,27.000000000054,72.61307730221287
WALLABY J130618-173039,33.000000000066,80.63809513590112
WALLABY J130618-173039,39.000000000078,66.19097054353219
WALLABY J130618-173039,45.00000000009,67.2890851747087
WALLABY J130618-173039,51.000000000102006,70.65546581908502
WALLABY J130618-173039,57.000000000114,60.35399470238094
WALLABY J130618-173039,63.00000000012601,50.651620866890056
WALLABY J130618-173039,69.000000000138,40.34293946021354
WALLABY J130618-173039,75.00000000015001,36.012980280943594
WALLABY J130618-173039,81.000000000162,27.325128120937038
WALLABY J130618-173039,87.000000000174,18.04778049221127
WALLABY J130618-173039,93.000000000186,13.108215817889986
WALLABY J130618-173039,99.000000000198,7.668185687912037
WALLABY J130618-173039,105.00000000021001,4.781714989615324
WALLABY J130618-173039,111.000000000222,2.632345582032451
WALLABY J130618-173039,117.000000000234,1.4282688105114862
WALLABY J130618-173039,123.000000000246,0.2739954484399854
WALLABY J130618-173039,129.000000000258,0.15995982446920623
WALLABY J130618-173039,135.00000000027,0.20860399589275663
WALLABY J130618-173039,141.000000000282,0.12127972419520154
WALLABY J130618-173039,147.000000000294,0.06341142389624471
WALLABY J130618-173039,153.000000000306,0.04484980839726266
WALLABY J130618-173039,159.000000000318,0.06830264647314634
WALLABY J130618-173039,165.00000000033,0.06336726875546841
WALLABY J130618-173039,171.000000000342,0.029273966512105336
WALLABY J130622-161408,3.000000000006,24.516911475367753
WALLABY J130622-161408,9.000000000018,27.673347437350376
WALLABY J130622-161408,15.00000000003,17.739884693213156
WALLABY J130622-161408,21.000000000042,10.73748822403178
WALLABY J130622-161408,27.000000000054,6.784636545318532
WALLABY J130622-161408,33.000000000066,2.69331174652958
WALLABY J130622-161408,39.000000000078,0.19330049938355867
WALLABY J130622-161408,45.00000000009,0.38772910899378626
WALLABY J130622-161408,51.000000000102006,0.2437154251051622
WALLABY J130622-161408,57.000000000114,0.2247418838586167
WALLABY J130623+052247,3.000000000006,28.141501892416894
WALLABY J130623+052247,9.000000000018,26.04516777499937
WALLABY J130623+052247,15.00000000003,16.24101115457766
WALLABY J130623+052247,21.000000000042,23.140512068525428
WALLABY J130623+052247,27.000000000054,10.960434820031645
WALLABY J130623+052247,33.000000000066,9.175360902780012
WALLABY J130623+052247,39.000000000078,5.174841382223248
WALLABY J130623+052247,45.00000000009,2.600709975220055
WALLABY J130623+052247,51.000000000102006,1.262797623635838
WALLABY J130623+052247,57.000000000114,0.7993015426744104
WALLABY J130623+052247,63.00000000012601,0.5670910095150155
WALLABY J130623+052247,69.000000000138,0.35384076616677534
WALLABY J130623+052247,75.00000000015001,0.10428127396254033
WALLABY J130623+052247,81.000000000162,0.001970367943588874
WALLABY J130623-145631,3.000000000006,38.3662474540722
WALLABY J130623-145631,9.000000000018,31.293617622021408
WALLABY J130623-145631,15.00000000003,32.19172622292639
WALLABY J130623-145631,21.000000000042,23.12375572323978
WALLABY J130623-145631,27.000000000054,17.841746649879834
WALLABY J130623-145631,33.000000000066,16.169371462423694
WALLABY J130623-145631,39.000000000078,11.126387498335895
WALLABY J130623-145631,45.00000000009,7.644240572211821
WALLABY J130623-145631,51.000000000102006,5.5488751641060325
WALLABY J130623-145631,57.000000000114,4.039644729853564
WALLABY J130623-145631,63.00000000012601,3.643999288785172
WALLABY J130623-145631,69.000000000138,2.4215883199272485
WALLABY J130623-145631,75.00000000015001,1.3136726897096758
WALLABY J130623-145631,81.000000000162,0.42430163415643707
WALLABY J130623-145631,87.000000000174,0.05246050725484484
WALLABY J130623-145631,93.000000000186,0.009005228382806568
WALLABY J130629-133413,3.000000000006,90.90817321041258
WALLABY J130629-133413,9.000000000018,102.38539580094951
WALLABY J130629-133413,15.00000000003,100.907716297709
WALLABY J130629-133413,21.000000000042,100.39308015944918
WALLABY J130629-133413,27.000000000054,86.96895884827967
WALLABY J130629-133413,33.000000000066,72.9278542408085
WALLABY J130629-133413,39.000000000078,58.246321743279886
WALLABY J130629-133413,45.00000000009,45.488875269235415
WALLABY J130629-133413,51.000000000102006,33.993213855968705
WALLABY J130629-133413,57.000000000114,24.2751434495034
WALLABY J130629-133413,63.00000000012601,18.531415984077395
WALLABY J130629-133413,69.000000000138,10.016422219376171
WALLABY J130629-133413,75.00000000015001,5.015289722058737
WALLABY J130629-133413,81.000000000162,1.5552782952253548
WALLABY J130629-133413,87.000000000174,0.2233627994666999
WALLABY J130629-133413,93.000000000186,0.5869925367761345
WALLABY J130629-133413,99.000000000198,0.6648058852023465
WALLABY J130629-133413,105.00000000021001,0.3005003277747081
WALLABY J130629-133413,111.000000000222,0.17659997255148469
WALLABY J130629-133413,117.000000000234,0.25083733287850946
WALLABY J130629-133413,123.000000000246,0.264042618651822
WALLABY J130629-133413,129.000000000258,0.14753728901682014
WALLABY J130629-133413,135.00000000027,0.06487915929564177
WALLABY J130629-133413,141.000000000282,0.0077508455643470605
WALLABY J130630-112046,3.000000000006,28.40169911250935
WALLABY J130630-112046,9.000000000018,31.76931485455354
WALLABY J130630-112046,15.00000000003,27.19458491935537
WALLABY J130630-112046,21.000000000042,16.59638307442898
WALLABY J130630-112046,27.000000000054,9.341145354390513
WALLABY J130630-112046,33.000000000066,4.775531265251071
WALLABY J130630-112046,39.000000000078,2.6302560859117285
WALLABY J130630-112046,45.00000000009,1.183843626782903
WALLABY J130630-112046,51.000000000102006,0.11815438016371442
WALLABY J130630-112046,57.000000000114,0.026223133519440518
WALLABY J130639-135036,3.000000000006,32.70516756426557
WALLABY J130639-135036,9.000000000018,39.75368641255126
WALLABY J130639-135036,15.00000000003,25.573728748857516
WALLABY J130639-135036,21.000000000042,20.575672890907104
WALLABY J130639-135036,27.000000000054,20.14548714985718
WALLABY J130639-135036,33.000000000066,12.968170302637365
WALLABY J130639-135036,39.000000000078,5.2951943326361155
WALLABY J130639-135036,45.00000000009,2.836920992076591
WALLABY J130639-135036,51.000000000102006,0.6789143474301257
WALLABY J130639-135036,57.000000000114,0.1300762299705692
WALLABY J130639-135036,63.00000000012601,0.09239841582198244
WALLABY J130639-135036,69.000000000138,0.10000185514578802
WALLABY J130643-155855,3.000000000006,31.422593899880464
WALLABY J130643-155855,9.000000000018,24.398382834752862
WALLABY J130643-155855,15.00000000003,23.978346047136085
WALLABY J130643-155855,21.000000000042,17.38932637652421
WALLABY J130643-155855,27.000000000054,12.00567846033537
WALLABY J130643-155855,33.000000000066,8.467120051944658
WALLABY J130643-155855,39.000000000078,5.205477467321435
WALLABY J130643-155855,45.00000000009,2.9155608815873126
WALLABY J130643-155855,51.000000000102006,1.4721585198365965
WALLABY J130643-155855,57.000000000114,0.30404297628193294
WALLABY J130643-155855,63.00000000012601,0.05898492802643832
WALLABY J130643-155855,69.000000000138,0.09915515365998476
WALLABY J130643-155855,75.00000000015001,0.007600724565668829
WALLABY J130643-155855,81.000000000162,0.027271363044209563
WALLABY J130645-122324,3.000000000006,22.005361939593588
WALLABY J130645-122324,9.000000000018,23.862024617848338
WALLABY J130645-122324,15.00000000003,18.924888636467347
WALLABY J130645-122324,21.000000000042,10.720453756334216
WALLABY J130645-122324,27.000000000054,5.0920208165007805
WALLABY J130645-122324,33.000000000066,2.2252268528385764
WALLABY J130645-122324,39.000000000078,0.2763350127998909
WALLABY J130645-122324,45.00000000009,0.11701580824282345
WALLABY J130645-122324,51.000000000102006,0.041311880854229675
WALLABY J130645-164412,3.000000000006,12.503914590074023
WALLABY J130645-164412,9.000000000018,17.85043691411682
WALLABY J130645-164412,15.00000000003,19.26840841695592
WALLABY J130645-164412,21.000000000042,11.716289111847608
WALLABY J130645-164412,27.000000000054,11.296733891677276
WALLABY J130645-164412,33.000000000066,6.493733934952451
WALLABY J130645-164412,39.000000000078,2.4148449011065174
WALLABY J130645-164412,45.00000000009,0.8506048733005744
WALLABY J130645-164412,51.000000000102006,0.1280804178635687
WALLABY J130645-164412,57.000000000114,0.02242886069420154
WALLABY J130647-162241,3.000000000006,29.463550205060983
WALLABY J130647-162241,9.000000000018,23.486291762899945
WALLABY J130647-162241,15.00000000003,18.41967341980957
WALLABY J130647-162241,21.000000000042,14.238769070423015
WALLABY J130647-162241,27.000000000054,11.32306529967211
WALLABY J130647-162241,33.000000000066,7.658654283877143
WALLABY J130647-162241,39.000000000078,2.9535327446197934
WALLABY J130647-162241,45.00000000009,1.250408779720658
WALLABY J130647-162241,51.000000000102006,0.3280808325203976
WALLABY J130647-162241,57.000000000114,0.21706228632767718
WALLABY J130647-162241,63.00000000012601,0.0471225584376613
WALLABY J130647-162241,69.000000000138,0.1324423320833855
WALLABY J130647-162241,75.00000000015001,0.042316751697286416
WALLABY J130654-154854,3.000000000006,47.341312193211884
WALLABY J130654-154854,9.000000000018,49.60839298981247
WALLABY J130654-154854,15.00000000003,40.74755407223795
WALLABY J130654-154854,21.000000000042,27.21311316845737
WALLABY J130654-154854,27.000000000054,19.098962964325956
WALLABY J130654-154854,33.000000000066,15.566513742875117
WALLABY J130654-154854,39.000000000078,8.943077420788466
WALLABY J130654-154854,45.00000000009,5.191243892760452
WALLABY J130654-154854,51.000000000102006,2.2549160011064986
WALLABY J130654-154854,57.000000000114,1.3865533840719348
WALLABY J130654-154854,63.00000000012601,0.11681378040729819
WALLABY J130654-154854,69.000000000138,0.02050035103186162
WALLABY J130654-154854,75.00000000015001,0.012459738680447656
WALLABY J130656+074407,3.000000000006,39.519369571863116
WALLABY J130656+074407,9.000000000018,30.09766771092121
WALLABY J130656+074407,15.00000000003,26.246655095012123
WALLABY J130656+074407,21.000000000042,22.895757870007746
WALLABY J130656+074407,27.000000000054,16.819426780915414
WALLABY J130656+074407,33.000000000066,18.910340045916097
WALLABY J130656+074407,39.000000000078,12.211277040793096
WALLABY J130656+074407,45.00000000009,6.611886673027287
WALLABY J130656+074407,51.000000000102006,6.7797146335133665
WALLABY J130656+074407,57.000000000114,3.7556516586012645
WALLABY J130656+074407,63.00000000012601,2.6636366424786
WALLABY J130656+074407,69.000000000138,2.096185019972841
WALLABY J130656+074407,75.00000000015001,0.9718952180077395
WALLABY J130656+074407,81.000000000162,0.6985882445158819
WALLABY J130656+074407,87.000000000174,0.6603261599836302
WALLABY J130656+074407,93.000000000186,0.116282103197409
WALLABY J130656+074407,99.000000000198,0.09166827726931698
WALLABY J130656+074407,105.00000000021001,0.04662155631232787
WALLABY J130656+074407,111.000000000222,0.021727359112344285
WALLABY J130659-151041,3.000000000006,40.14002160993391
WALLABY J130659-151041,9.000000000018,24.885926707160927
WALLABY J130659-151041,15.00000000003,16.677388372084994
WALLABY J130659-151041,21.000000000042,10.771716496778216
WALLABY J130659-151041,27.000000000054,3.321379113751267
WALLABY J130659-151041,33.000000000066,0.9138275329740857
WALLABY J130659-151041,39.000000000078,0.44367602031309783
WALLABY J130659-151041,45.00000000009,0.08583299811201525
WALLABY J130659-151041,51.000000000102006,0.03446059299676897
WALLABY J130659-151041,57.000000000114,0.021865156616528242
WALLABY J130659-211444,3.000000000006,51.45104909189198
WALLABY J130659-211444,9.000000000018,42.2250183553745
WALLABY J130659-211444,15.00000000003,38.58460605864523
WALLABY J130659-211444,21.000000000042,29.1882440957661
WALLABY J130659-211444,27.000000000054,17.948976834668322
WALLABY J130659-211444,33.000000000066,11.949447320782419
WALLABY J130659-211444,39.000000000078,5.262309509914661
WALLABY J130659-211444,45.00000000009,1.6216245740875
WALLABY J130659-211444,51.000000000102006,0.10832491635372729
WALLABY J130659-211444,57.000000000114,0.010311394127891681
WALLABY J130703-185253,3.000000000006,24.4015366619536
WALLABY J130703-185253,9.000000000018,26.88192209641265
WALLABY J130703-185253,15.00000000003,16.39051001132874
WALLABY J130703-185253,21.000000000042,17.75405313933046
WALLABY J130703-185253,27.000000000054,11.885427225399438
WALLABY J130703-185253,33.000000000066,6.963142532336384
WALLABY J130703-185253,39.000000000078,4.484269612203053
WALLABY J130703-185253,45.00000000009,2.391689782218689
WALLABY J130703-185253,51.000000000102006,1.4021526910140185
WALLABY J130703-185253,57.000000000114,0.7436334649607147
WALLABY J130703-185253,63.00000000012601,0.23396301247050738
WALLABY J130703-185253,69.000000000138,0.17475487183618327
WALLABY J130703-185253,75.00000000015001,0.11882404680243462
WALLABY J130703-185253,81.000000000162,0.21584414279198352
WALLABY J130703-185253,87.000000000174,0.1605808324569019
WALLABY J130703-185253,93.000000000186,0.03207148918090534
WALLABY J130718-130903,3.000000000006,19.60918397921797
WALLABY J130718-130903,9.000000000018,27.359488383508765
WALLABY J130718-130903,15.00000000003,19.60544450292787
WALLABY J130718-130903,21.000000000042,15.378109577027738
WALLABY J130718-130903,27.000000000054,8.411516260582324
WALLABY J130718-130903,33.000000000066,2.875610790222788
WALLABY J130718-130903,39.000000000078,0.8464671361933903
WALLABY J130718-130903,45.00000000009,0.18797985991110705
WALLABY J130718-162004,3.000000000006,64.46511088209483
WALLABY J130718-162004,9.000000000018,81.45911335561128
WALLABY J130718-162004,15.00000000003,63.6274997097962
WALLABY J130718-162004,21.000000000042,51.43255848086659
WALLABY J130718-162004,27.000000000054,37.00237447336107
WALLABY J130718-162004,33.000000000066,28.021893079232196
WALLABY J130718-162004,39.000000000078,19.74565971410431
WALLABY J130718-162004,45.00000000009,11.302275129146603
WALLABY J130718-162004,51.000000000102006,4.768387287982687
WALLABY J130718-162004,57.000000000114,1.8000045036852426
WALLABY J130718-162004,63.00000000012601,1.259805615871167
WALLABY J130718-162004,69.000000000138,1.2986009211382836
WALLABY J130718-162004,75.00000000015001,1.2589780790494483
WALLABY J130718-162004,81.000000000162,1.012562508689209
WALLABY J130718-162004,87.000000000174,0.2266634055317958
WALLABY J130718-162004,93.000000000186,0.08741384115204122
WALLABY J130718-162004,99.000000000198,0.014937506556444123
WALLABY J130721+070242,3.000000000006,38.18542371054217
WALLABY J130721+070242,9.000000000018,27.952735476493846
WALLABY J130721+070242,15.00000000003,18.124127700778587
WALLABY J130721+070242,21.000000000042,10.279238396131923
WALLABY J130721+070242,27.000000000054,5.1441807225700105
WALLABY J130721+070242,33.000000000066,1.9855654880131814
WALLABY J130721+070242,39.000000000078,0.2336673694809125
WALLABY J130721+070242,45.00000000009,0.15770082870306473
WALLABY J130721+070242,51.000000000102006,0.12490029021835579
WALLABY J130721+070242,57.000000000114,0.06638852626514118
WALLABY J130721+070242,63.00000000012601,0.0341708654280779
WALLABY J130727+044550,3.000000000006,44.927254989995646
WALLABY J130727+044550,9.000000000018,42.210902406227675
WALLABY J130727+044550,15.00000000003,25.229366868443538
WALLABY J130727+044550,21.000000000042,40.47806843476785
WALLABY J130727+044550,27.000000000054,24.773651694057488
WALLABY J130727+044550,33.000000000066,20.31166508714115
WALLABY J130727+044550,39.000000000078,15.92903452802772
WALLABY J130727+044550,45.00000000009,9.131891584987805
WALLABY J130727+044550,51.000000000102006,7.094857236476856
WALLABY J130727+044550,57.000000000114,3.7203153134495732
WALLABY J130727+044550,63.00000000012601,1.7398547036337253
WALLABY J130727+044550,69.000000000138,1.0605122475228443
WALLABY J130727+044550,75.00000000015001,0.1302168249366209
WALLABY J130727+044550,81.000000000162,0.09030004717087799
WALLABY J130727+044550,87.000000000174,0.03692350572687514
WALLABY J130727+044550,93.000000000186,0.004234395768720361
WALLABY J130730-164622,3.000000000006,32.7514625527304
WALLABY J130730-164622,9.000000000018,29.489799538354685
WALLABY J130730-164622,15.00000000003,20.89447800844797
WALLABY J130730-164622,21.000000000042,17.113429637763584
WALLABY J130730-164622,27.000000000054,10.417776698975956
WALLABY J130730-164622,33.000000000066,5.613821193079521
WALLABY J130730-164622,39.000000000078,0.764710087797886
WALLABY J130730-164622,45.00000000009,0.13444470895504074
WALLABY J130730-164622,51.000000000102006,0.03945172421957274
WALLABY J130732-132154,3.000000000006,69.05241622654812
WALLABY J130732-132154,9.000000000018,54.343200018968695
WALLABY J130732-132154,15.00000000003,48.58965787395911
WALLABY J130732-132154,21.000000000042,32.51732326323134
WALLABY J130732-132154,27.000000000054,21.767869205227978
WALLABY J130732-132154,33.000000000066,11.42253894413432
WALLABY J130732-132154,39.000000000078,6.3567847837420155
WALLABY J130732-132154,45.00000000009,3.1066553846346956
WALLABY J130732-132154,51.000000000102006,1.632511240886922
WALLABY J130732-132154,57.000000000114,0.43640034808275935
WALLABY J130732-132154,63.00000000012601,0.10200836128300114
WALLABY J130733-120657,3.000000000006,50.80273360715623
WALLABY J130733-120657,9.000000000018,34.653916708023175
WALLABY J130733-120657,15.00000000003,21.511751501034926
WALLABY J130733-120657,21.000000000042,16.326108879934427
WALLABY J130733-120657,27.000000000054,10.244292997156617
WALLABY J130733-120657,33.000000000066,2.7406510410220517
WALLABY J130733-120657,39.000000000078,0.2811162272719605
WALLABY J130733-120657,45.00000000009,0.22021940152963443
WALLABY J130733-140834,3.000000000006,15.43581953420065
WALLABY J130733-140834,9.000000000018,15.823166431570579
WALLABY J130733-140834,15.00000000003,16.53485200442489
WALLABY J130733-140834,21.000000000042,10.258127266785758
WALLABY J130733-140834,27.000000000054,4.9451503225847455
WALLABY J130733-140834,33.000000000066,0.9321611461001962
WALLABY J130733-140834,39.000000000078,0.187847981078361
WALLABY J130733-140834,45.00000000009,0.09438981518577555
WALLABY J130737-151812,3.000000000006,56.90007026028963
WALLABY J130737-151812,9.000000000018,43.21026051713266
WALLABY J130737-151812,15.00000000003,41.76734398966413
WALLABY J130737-151812,21.000000000042,38.800860770287436
WALLABY J130737-151812,27.000000000054,28.997579071962033
WALLABY J130737-151812,33.000000000066,18.331041833555442
WALLABY J130737-151812,39.000000000078,9.484022419987218
WALLABY J130737-151812,45.00000000009,7.2099902628229815
WALLABY J130737-151812,51.000000000102006,4.285728260679475
WALLABY J130737-151812,57.000000000114,2.2214089105700183
WALLABY J130737-151812,63.00000000012601,1.6247833000918508
WALLABY J130737-151812,69.000000000138,0.7422171021112433
WALLABY J130737-151812,75.00000000015001,0.25735938408888437
WALLABY J130737-151812,81.000000000162,0.10059912826905934
WALLABY J130739+075909,3.000000000006,28.26609101890864
WALLABY J130739+075909,9.000000000018,17.438247961013733
WALLABY J130739+075909,15.00000000003,18.75691582134258
WALLABY J130739+075909,21.000000000042,14.538536807165086
WALLABY J130739+075909,27.000000000054,10.091381053090403
WALLABY J130739+075909,33.000000000066,8.665335103706001
WALLABY J130739+075909,39.000000000078,4.242486085253915
WALLABY J130739+075909,45.00000000009,3.0954968249021504
WALLABY J130739+075909,51.000000000102006,0.9700954546333243
WALLABY J130739+075909,57.000000000114,0.11012176629417093
WALLABY J130739+075909,63.00000000012601,0.15402077381396403
WALLABY J130753-205916,3.000000000006,44.120080300927356
WALLABY J130753-205916,9.000000000018,58.506741224084635
WALLABY J130753-205916,15.00000000003,44.599684810913935
WALLABY J130753-205916,21.000000000042,42.42598569119848
WALLABY J130753-205916,27.000000000054,37.6924792478452
WALLABY J130753-205916,33.000000000066,31.87738634012084
WALLABY J130753-205916,39.000000000078,27.53626085752112
WALLABY J130753-205916,45.00000000009,15.59977449363802
WALLABY J130753-205916,51.000000000102006,11.262459221522183
WALLABY J130753-205916,57.000000000114,5.859718214834109
WALLABY J130753-205916,63.00000000012601,2.9392154684580722
WALLABY J130753-205916,69.000000000138,1.3135093435487732
WALLABY J130753-205916,75.00000000015001,1.0715606015326185
WALLABY J130753-205916,81.000000000162,0.6617177044210799
WALLABY J130753-205916,87.000000000174,0.08631224509553156
WALLABY J130753-205916,93.000000000186,0.1106798719438482
WALLABY J130753-205916,99.000000000198,0.06805912229743695
WALLABY J130753-205916,105.00000000021001,0.021415225268980966
WALLABY J130753-205916,111.000000000222,0.02068159766829161
WALLABY J130756-164123,3.000000000006,104.67857500333858
WALLABY J130756-164123,9.000000000018,74.31897305684178
WALLABY J130756-164123,15.00000000003,60.378732596264726
WALLABY J130756-164123,21.000000000042,53.35918408858099
WALLABY J130756-164123,27.000000000054,38.77189945329826
WALLABY J130756-164123,33.000000000066,26.754371281333114
WALLABY J130756-164123,39.000000000078,17.21417317817292
WALLABY J130756-164123,45.00000000009,8.871965634150031
WALLABY J130756-164123,51.000000000102006,6.386449689885302
WALLABY J130756-164123,57.000000000114,3.631380305883989
WALLABY J130756-164123,63.00000000012601,1.9463304862368673
WALLABY J130756-164123,69.000000000138,0.5546351751590616
WALLABY J130756-164123,75.00000000015001,0.23404425589124456
WALLABY J130756-164123,81.000000000162,0.09089381640887043
WALLABY J130756-164123,87.000000000174,0.04443095685705295
WALLABY J130756-164123,93.000000000186,0.07136608157609163
WALLABY J130756-164123,99.000000000198,0.029932592399719408
WALLABY J130757-193648,3.000000000006,37.82240870155761
WALLABY J130757-193648,9.000000000018,31.007560170177307
WALLABY J130757-193648,15.00000000003,37.249091918432185
WALLABY J130757-193648,21.000000000042,19.512484497909977
WALLABY J130757-193648,27.000000000054,21.337027183517566
WALLABY J130757-193648,33.000000000066,14.976259532996883
WALLABY J130757-193648,39.000000000078,7.841855566311889
WALLABY J130757-193648,45.00000000009,4.580765313524502
WALLABY J130757-193648,51.000000000102006,1.7578090827123345
WALLABY J130757-193648,57.000000000114,0.45319599250673687
WALLABY J130757-193648,63.00000000012601,0.1770617698977901
WALLABY J130757-193648,69.000000000138,0.14470073467647834
WALLABY J130757-193648,75.00000000015001,0.000724941901375666
WALLABY J130759-180456,3.000000000006,42.331612030243306
WALLABY J130759-180456,9.000000000018,54.150184067341605
WALLABY J130759-180456,15.00000000003,46.94379828661704
WALLABY J130759-180456,21.000000000042,40.572159771600404
WALLABY J130759-180456,27.000000000054,31.979607418338922
WALLABY J130759-180456,33.000000000066,18.800410569004825
WALLABY J130759-180456,39.000000000078,12.026087204240302
WALLABY J130759-180456,45.00000000009,5.911015342620907
WALLABY J130759-180456,51.000000000102006,2.5423800149822777
WALLABY J130759-180456,57.000000000114,2.4545232233479886
WALLABY J130759-180456,63.00000000012601,0.9625552832765573
WALLABY J130759-180456,69.000000000138,0.24480942275234363
WALLABY J130759-180456,75.00000000015001,0.05539037142160768
WALLABY J130802+062900,3.000000000006,16.205499621553333
WALLABY J130802+062900,9.000000000018,30.736906678132403
WALLABY J130802+062900,15.00000000003,29.754997945507306
WALLABY J130802+062900,21.000000000042,31.753639826590696
WALLABY J130802+062900,27.000000000054,24.885486277075188
WALLABY J130802+062900,33.000000000066,24.30200045469619
WALLABY J130802+062900,39.000000000078,22.34328099921101
WALLABY J130802+062900,45.00000000009,14.441250664245395
WALLABY J130802+062900,51.000000000102006,11.566340330106991
WALLABY J130802+062900,57.000000000114,9.20064334735623
WALLABY J130802+062900,63.00000000012601,5.446603999384338
WALLABY J130802+062900,69.000000000138,3.8215961875675024
WALLABY J130802+062900,75.00000000015001,2.480850927422685
WALLABY J130802+062900,81.000000000162,1.5548179884146685
WALLABY J130802+062900,87.000000000174,0.8674058164011856
WALLABY J130802+062900,93.000000000186,0.4306193767617823
WALLABY J130802+062900,99.000000000198,0.0029894500616141307
WALLABY J130802+062900,105.00000000021001,0.01492837465083445
WALLABY J130810+044441,3.000000000006,4.443135397919693
WALLABY J130810+044441,9.000000000018,3.8009929201031185
WALLABY J130810+044441,15.00000000003,8.611277271175803
WALLABY J130810+044441,21.000000000042,3.8905804651309266
WALLABY J130810+044441,27.000000000054,14.033050014690511
WALLABY J130810+044441,33.000000000066,12.26088502363019
WALLABY J130810+044441,39.000000000078,8.830747883215325
WALLABY J130810+044441,45.00000000009,12.688613221907927
WALLABY J130810+044441,51.000000000102006,9.207702386996747
WALLABY J130810+044441,57.000000000114,9.758269218384422
WALLABY J130810+044441,63.00000000012601,7.183004352713857
WALLABY J130810+044441,69.000000000138,9.500351267855034
WALLABY J130810+044441,75.00000000015001,4.641552522828386
WALLABY J130810+044441,81.000000000162,4.762251844807558
WALLABY J130810+044441,87.000000000174,4.133141575413298
WALLABY J130810+044441,93.000000000186,3.062339485983544
WALLABY J130810+044441,99.000000000198,2.8881863483405055
WALLABY J130810+044441,105.00000000021001,2.0671376202450715
WALLABY J130810+044441,111.000000000222,2.1029917397424547
WALLABY J130810+044441,117.000000000234,1.3316425805615284
WALLABY J130810+044441,123.000000000246,1.5822629080714339
WALLABY J130810+044441,129.000000000258,1.1896798480688249
WALLABY J130810+044441,135.00000000027,1.0519479115165848
WALLABY J130810+044441,141.000000000282,0.5767567302696229
WALLABY J130810+044441,147.000000000294,0.2705685962553659
WALLABY J130810+044441,153.000000000306,0.2068540376063953
WALLABY J130810+044441,159.000000000318,0.0600769158521202
WALLABY J130810+044441,165.00000000033,0.0064079041005748565
WALLABY J130810+044441,171.000000000342,0.039969395385878285
WALLABY J130810+044441,177.00000000035402,0.03796369264777156
WALLABY J130812-145720,3.000000000006,20.754760441307177
WALLABY J130812-145720,9.000000000018,19.016507316648905
WALLABY J130812-145720,15.00000000003,15.225133947276543
WALLABY J130812-145720,21.000000000042,12.517243495840175
WALLABY J130812-145720,27.000000000054,6.883835373001264
WALLABY J130812-145720,33.000000000066,3.170271387492278
WALLABY J130812-145720,39.000000000078,1.6306794031290481
WALLABY J130812-145720,45.00000000009,1.6157090104898677
WALLABY J130812-145720,51.000000000102006,0.8346814859398597
WALLABY J130812-145720,57.000000000114,0.15258734691531706
WALLABY J130812-145720,63.00000000012601,0.27254368767060055
WALLABY J130812-145720,69.000000000138,0.4972507397687846
WALLABY J130812-145720,75.00000000015001,0.37302381236474713
WALLABY J130812-145720,81.000000000162,0.2226053230035896
WALLABY J130812-145720,87.000000000174,0.03152527051408348
WALLABY J130813+034746,3.000000000006,22.28290197127452
WALLABY J130813+034746,9.000000000018,24.848059014091554
WALLABY J130813+034746,15.00000000003,22.68384903788312
WALLABY J130813+034746,21.000000000042,16.793608060866482
WALLABY J130813+034746,27.000000000054,11.418193805883215
WALLABY J130813+034746,33.000000000066,7.145397852853421
WALLABY J130813+034746,39.000000000078,4.0665889208482975
WALLABY J130813+034746,45.00000000009,0.7094344543728213
WALLABY J130813+034746,51.000000000102006,0.14597986209230404
WALLABY J130813+034746,57.000000000114,0.04888936281480545
WALLABY J130813+034746,63.00000000012601,0.013322770842862488
WALLABY J130813+053320,3.000000000006,31.567830772556402
WALLABY J130813+053320,9.000000000018,21.873944018077466
WALLABY J130813+053320,15.00000000003,14.344918260833639
WALLABY J130813+053320,21.000000000042,12.77522020818266
WALLABY J130813+053320,27.000000000054,9.079194823801197
WALLABY J130813+053320,33.000000000066,5.848682725639168
WALLABY J130813+053320,39.000000000078,4.817959726790876
WALLABY J130813+053320,45.00000000009,3.098997382439941
WALLABY J130813+053320,51.000000000102006,1.6855924941927316
WALLABY J130813+053320,57.000000000114,0.41363911290587335
WALLABY J130813+053320,63.00000000012601,0.5191340458223892
WALLABY J130813+053320,69.000000000138,0.22476393793876398
WALLABY J130813+053320,75.00000000015001,0.05216490767903075
WALLABY J130813+053320,81.000000000162,0.010605537975890892
WALLABY J130813+064248,3.000000000006,10.470993410514911
WALLABY J130813+064248,9.000000000018,16.627243598931724
WALLABY J130813+064248,15.00000000003,15.245554681583252
WALLABY J130813+064248,21.000000000042,9.534313362116873
WALLABY J130813+064248,27.000000000054,9.477031340187079
WALLABY J130813+064248,33.000000000066,8.271684718912137
WALLABY J130813+064248,39.000000000078,5.355228926392085
WALLABY J130813+064248,45.00000000009,3.1955660735758054
WALLABY J130813+064248,51.000000000102006,1.0854494451778693
WALLABY J130813+064248,57.000000000114,0.12757496676536847
WALLABY J130813-120248,3.000000000006,82.31645498025075
WALLABY J130813-120248,9.000000000018,53.68538743445904
WALLABY J130813-120248,15.00000000003,33.1985301866965
WALLABY J130813-120248,21.000000000042,23.64148512238931
WALLABY J130813-120248,27.000000000054,12.7588448479846
WALLABY J130813-120248,33.000000000066,5.99382377578212
WALLABY J130813-120248,39.000000000078,2.109364829288082
WALLABY J130813-120248,45.00000000009,1.6707879495423335
WALLABY J130813-120248,51.000000000102006,0.7983691833973239
WALLABY J130813-120248,57.000000000114,0.07115584707856816
WALLABY J130813-120248,63.00000000012601,0.07947678307323021
WALLABY J130813-120248,69.000000000138,0.008370236246880151
WALLABY J130815-210002,3.000000000006,0.0
WALLABY J130815-210002,9.000000000018,70.96867170380463
WALLABY J130815-210002,15.00000000003,34.35779482009297
WALLABY J130815-210002,21.000000000042,31.72920791950103
WALLABY J130815-210002,27.000000000054,39.73721462716093
WALLABY J130815-210002,33.000000000066,25.266347243844333
WALLABY J130815-210002,39.000000000078,24.9022044468553
WALLABY J130815-210002,45.00000000009,26.93895002727452
WALLABY J130815-210002,51.000000000102006,18.637326927437112
WALLABY J130815-210002,57.000000000114,17.024612959373762
WALLABY J130815-210002,63.00000000012601,14.578990235586014
WALLABY J130815-210002,69.000000000138,8.377738274427742
WALLABY J130815-210002,75.00000000015001,8.607037157197716
WALLABY J130815-210002,81.000000000162,4.903451808972486
WALLABY J130815-210002,87.000000000174,3.494030959688339
WALLABY J130815-210002,93.000000000186,1.6756379752224628
WALLABY J130815-210002,99.000000000198,1.42383365341198
WALLABY J130815-210002,105.00000000021001,0.5141175372345013
WALLABY J130815-210002,111.000000000222,0.18908429680893446
WALLABY J130815-210002,117.000000000234,0.30350080974821325
WALLABY J130815-210002,123.000000000246,0.14508438486574823
WALLABY J130815-210002,129.000000000258,0.3079979683114476
WALLABY J130815-210002,135.00000000027,0.34337699472812855
WALLABY J130815-210002,141.000000000282,0.24446736045734516
WALLABY J130815-210002,147.000000000294,0.11945552051719616
WALLABY J130815-210002,153.000000000306,0.12046568292485975
WALLABY J130815-210002,159.000000000318,0.005248587829253127
WALLABY J130815-210002,165.00000000033,0.09867062313323198
WALLABY J130815-210002,171.000000000342,0.03285885572394975
WALLABY J130815-210002,177.00000000035402,0.027389575945250894
WALLABY J130815-210002,183.00000000036601,0.012733934300947148
WALLABY J130821-185647,3.000000000006,0.0
WALLABY J130821-185647,9.000000000018,1.9870453370363466
WALLABY J130821-185647,15.00000000003,1.8418945702785472
WALLABY J130821-185647,21.000000000042,4.103248989924708
WALLABY J130821-185647,27.000000000054,5.905359631368474
WALLABY J130821-185647,33.000000000066,5.26747228108471
WALLABY J130821-185647,39.000000000078,5.828973692161467
WALLABY J130821-185647,45.00000000009,7.594974403112674
WALLABY J130821-185647,51.000000000102006,4.911969543612048
WALLABY J130821-185647,57.000000000114,5.197340295934874
WALLABY J130821-185647,63.00000000012601,2.2659544496193864
WALLABY J130821-185647,69.000000000138,2.5149811714788535
WALLABY J130821-185647,75.00000000015001,0.9287547674575083
WALLABY J130821-185647,81.000000000162,0.8096080129802949
WALLABY J130821-185647,87.000000000174,0.3461859596312747
WALLABY J130821-185647,93.000000000186,0.11373480366323208
WALLABY J130821-185647,99.000000000198,0.09286477207466466
WALLABY J130821-185647,105.00000000021001,0.01309665536246099
WALLABY J130821-185647,111.000000000222,0.04370333973133608
WALLABY J130825-194130,3.000000000006,32.55025118360324
WALLABY J130825-194130,9.000000000018,37.15768439284611
WALLABY J130825-194130,15.00000000003,34.484219469698196
WALLABY J130825-194130,21.000000000042,30.410665452611475
WALLABY J130825-194130,27.000000000054,21.00917966240282
WALLABY J130825-194130,33.000000000066,15.828951964132331
WALLABY J130825-194130,39.000000000078,15.025418325491867
WALLABY J130825-194130,45.00000000009,12.62047555156625
WALLABY J130825-194130,51.000000000102006,8.900290405176243
WALLABY J130825-194130,57.000000000114,6.389605572799896
WALLABY J130825-194130,63.00000000012601,5.6246441007235335
WALLABY J130825-194130,69.000000000138,2.6099174377242407
WALLABY J130825-194130,75.00000000015001,1.096788751901366
WALLABY J130825-194130,81.000000000162,0.8164463184409212
WALLABY J130825-194130,87.000000000174,0.4733961287645721
WALLABY J130825-194130,93.000000000186,0.2495174557230887
WALLABY J130825-194130,99.000000000198,0.05626145740755085
WALLABY J130825-194130,105.00000000021001,0.03878531521155174
WALLABY J130826+064302,3.000000000006,33.45652318163174
WALLABY J130826+064302,9.000000000018,32.33382977583375
WALLABY J130826+064302,15.00000000003,26.860530937823164
WALLABY J130826+064302,21.000000000042,16.17450710936682
WALLABY J130826+064302,27.000000000054,10.588311483017357
WALLABY J130826+064302,33.000000000066,9.262477553996137
WALLABY J130826+064302,39.000000000078,3.957199841982367
WALLABY J130826+064302,45.00000000009,3.0187416107104728
WALLABY J130826+064302,51.000000000102006,2.1088436623697953
WALLABY J130826+064302,57.000000000114,0.40816671232181784
WALLABY J130826+064302,63.00000000012601,0.07295436118324128
WALLABY J130829-204924,3.000000000006,34.85682893479254
WALLABY J130829-204924,9.000000000018,36.22534313116958
WALLABY J130829-204924,15.00000000003,35.47189928156084
WALLABY J130829-204924,21.000000000042,29.01904012543125
WALLABY J130829-204924,27.000000000054,20.500296127846052
WALLABY J130829-204924,33.000000000066,12.776237651208817
WALLABY J130829-204924,39.000000000078,6.358050819303959
WALLABY J130829-204924,45.00000000009,3.2351312131278807
WALLABY J130829-204924,51.000000000102006,1.1311391248681713
WALLABY J130829-204924,57.000000000114,0.3952382735740168
WALLABY J130829-204924,63.00000000012601,0.03896488566315235
WALLABY J130846-175751,3.000000000006,95.25939915434925
WALLABY J130846-175751,9.000000000018,75.73344548806058
WALLABY J130846-175751,15.00000000003,59.96189334905937
WALLABY J130846-175751,21.000000000042,41.92796886848774
WALLABY J130846-175751,27.000000000054,32.182892796425314
WALLABY J130846-175751,33.000000000066,19.2819897877151
WALLABY J130846-175751,39.000000000078,10.068187517458725
WALLABY J130846-175751,45.00000000009,3.9223545163476348
WALLABY J130846-175751,51.000000000102006,0.6297421364142259
WALLABY J130846-175751,57.000000000114,0.39673667811085617
WALLABY J130846-175751,63.00000000012601,0.05661635855961956
WALLABY J130852+055946,3.000000000006,35.9861246544122
WALLABY J130852+055946,9.000000000018,39.92683210151923
WALLABY J130852+055946,15.00000000003,29.87856277972886
WALLABY J130852+055946,21.000000000042,22.410846992559968
WALLABY J130852+055946,27.000000000054,20.60550459163104
WALLABY J130852+055946,33.000000000066,11.133023375434737
WALLABY J130852+055946,39.000000000078,6.789243123846173
WALLABY J130852+055946,45.00000000009,4.067074900764356
WALLABY J130852+055946,51.000000000102006,2.3132503827261197
WALLABY J130852+055946,57.000000000114,1.1083686962536923
WALLABY J130852+055946,63.00000000012601,0.4341022375732694
WALLABY J130852+055946,69.000000000138,0.3090489144438958
WALLABY J130852+055946,75.00000000015001,0.10108684626225853
WALLABY J130852+055946,81.000000000162,0.07675663558621165
WALLABY J130852+055946,87.000000000174,0.008427843400134994
WALLABY J130854-171416,3.000000000006,32.01700613881462
WALLABY J130854-171416,9.000000000018,41.15904167116066
WALLABY J130854-171416,15.00000000003,33.34206084101552
WALLABY J130854-171416,21.000000000042,26.908394852783186
WALLABY J130854-171416,27.000000000054,21.378289246372972
WALLABY J130854-171416,33.000000000066,17.7982062260281
WALLABY J130854-171416,39.000000000078,13.680707785069622
WALLABY J130854-171416,45.00000000009,6.193737636984914
WALLABY J130854-171416,51.000000000102006,2.5610716661049855
WALLABY J130854-171416,57.000000000114,0.6834960603003228
WALLABY J130854-171416,63.00000000012601,0.030764235298564514
WALLABY J130854-171416,69.000000000138,0.16313000613423254
WALLABY J130854-171416,75.00000000015001,0.11177630700046629
WALLABY J130854-171416,81.000000000162,0.08492800251300534
WALLABY J130854-171416,87.000000000174,0.04388152701926874
WALLABY J130854-171416,93.000000000186,0.07177625198044067
WALLABY J130857-153100,3.000000000006,34.82878771964015
WALLABY J130857-153100,9.000000000018,39.3514421249348
WALLABY J130857-153100,15.00000000003,19.359102967483388
WALLABY J130857-153100,21.000000000042,35.24323336403266
WALLABY J130857-153100,27.000000000054,15.896405307676705
WALLABY J130857-153100,33.000000000066,22.578404060498265
WALLABY J130857-153100,39.000000000078,14.026849572565554
WALLABY J130857-153100,45.00000000009,8.947266619133257
WALLABY J130857-153100,51.000000000102006,9.237636923146765
WALLABY J130857-153100,57.000000000114,3.6950149085300277
WALLABY J130857-153100,63.00000000012601,5.915204409387339
WALLABY J130857-153100,69.000000000138,3.636573280764698
WALLABY J130857-153100,75.00000000015001,2.472118498357349
WALLABY J130857-153100,81.000000000162,2.636094690776009
WALLABY J130857-153100,87.000000000174,1.9842131605699742
WALLABY J130857-153100,93.000000000186,1.9124733403827892
WALLABY J130857-153100,99.000000000198,1.8426988961021042
WALLABY J130857-153100,105.00000000021001,1.7694436503530637
WALLABY J130857-153100,111.000000000222,1.78881022323883
WALLABY J130857-153100,117.000000000234,1.6265836058292817
WALLABY J130857-153100,123.000000000246,1.2342106473470862
WALLABY J130857-153100,129.000000000258,0.6283191130763888
WALLABY J130857-153100,135.00000000027,0.21137528518522625
WALLABY J130857-153100,141.000000000282,0.1145706620700143
WALLABY J130857-153100,147.000000000294,0.04634515499106229
WALLABY J130857-153100,153.000000000306,0.019375769529035924
WALLABY J130901+072007,3.000000000006,41.24271379333047
WALLABY J130901+072007,9.000000000018,24.094705720985925
WALLABY J130901+072007,15.00000000003,20.63272162987405
WALLABY J130901+072007,21.000000000042,12.075691767492854
WALLABY J130901+072007,27.000000000054,8.247278892217134
WALLABY J130901+072007,33.000000000066,3.8977108556251197
WALLABY J130901+072007,39.000000000078,0.6445711023647125
WALLABY J130901+072007,45.00000000009,0.013744316024392845
WALLABY J130901-172115,3.000000000006,12.056385215082448
WALLABY J130901-172115,9.000000000018,7.487508676674114
WALLABY J130901-172115,15.00000000003,6.713546727428259
WALLABY J130901-172115,21.000000000042,7.139114047989733
WALLABY J130901-172115,27.000000000054,6.187601830189795
WALLABY J130901-172115,33.000000000066,5.397106027382822
WALLABY J130901-172115,39.000000000078,3.34900021821629
WALLABY J130901-172115,45.00000000009,1.4607646864836508
WALLABY J130901-172115,51.000000000102006,0.3309380868435402
WALLABY J130901-172115,57.000000000114,0.054828099793042505
WALLABY J130904+081148,3.000000000006,35.14155951979699
WALLABY J130904+081148,9.000000000018,35.98979836300755
WALLABY J130904+081148,15.00000000003,25.687442784067084
WALLABY J130904+081148,21.000000000042,19.05437671867095
WALLABY J130904+081148,27.000000000054,11.48159849879448
WALLABY J130904+081148,33.000000000066,4.330083285771469
WALLABY J130904+081148,39.000000000078,0.7179385451807507
WALLABY J130904+081148,45.00000000009,0.2666677877162961
WALLABY J130904+081148,51.000000000102006,0.3988662785943046
WALLABY J130904+081148,57.000000000114,0.18620932239357096
WALLABY J130904+081148,63.00000000012601,0.19664969899807916
WALLABY J130904+081148,69.000000000138,0.058213513851489984
WALLABY J130905+055109,3.000000000006,67.73667017161284
WALLABY J130905+055109,9.000000000018,88.0792923887281
WALLABY J130905+055109,15.00000000003,69.16464239358653
WALLABY J130905+055109,21.000000000042,40.55532054853435
WALLABY J130905+055109,27.000000000054,23.675608761402604
WALLABY J130905+055109,33.000000000066,12.50067886806191
WALLABY J130905+055109,39.000000000078,6.4242438832868505
WALLABY J130905+055109,45.00000000009,4.406755799008015
WALLABY J130905+055109,51.000000000102006,2.5756179145240887
WALLABY J130905+055109,57.000000000114,1.3613703035677578
WALLABY J130905+055109,63.00000000012601,0.6817219608587622
WALLABY J130905+055109,69.000000000138,0.5128785817333893
WALLABY J130905+055109,75.00000000015001,0.021670783554688006
WALLABY J130906+051433,3.000000000006,50.38155952052458
WALLABY J130906+051433,9.000000000018,21.873242627919144
WALLABY J130906+051433,15.00000000003,30.365801019441623
WALLABY J130906+051433,21.000000000042,21.08982119898705
WALLABY J130906+051433,27.000000000054,20.22234468829334
WALLABY J130906+051433,33.000000000066,21.090104252013663
WALLABY J130906+051433,39.000000000078,14.657124811399433
WALLABY J130906+051433,45.00000000009,17.15738471793788
WALLABY J130906+051433,51.000000000102006,16.933513368514948
WALLABY J130906+051433,57.000000000114,14.05322368134498
WALLABY J130906+051433,63.00000000012601,14.868993016707627
WALLABY J130906+051433,69.000000000138,12.896102430273823
WALLABY J130906+051433,75.00000000015001,10.849580792088133
WALLABY J130906+051433,81.000000000162,8.764895020069847
WALLABY J130906+051433,87.000000000174,7.385029694629539
WALLABY J130906+051433,93.000000000186,4.360091071413255
WALLABY J130906+051433,99.000000000198,2.871479816816133
WALLABY J130906+051433,105.00000000021001,2.0260828818583767
WALLABY J130906+051433,111.000000000222,1.4077664264500966
WALLABY J130906+051433,117.000000000234,1.3758717280962784
WALLABY J130906+051433,123.000000000246,0.9198346906394491
WALLABY J130906+051433,129.000000000258,0.5435649851536787
WALLABY J130906+051433,135.00000000027,0.3194582364247172
WALLABY J130906+051433,141.000000000282,0.03231340395087423
WALLABY J130906+051433,147.000000000294,0.00995800279764406
WALLABY J130914-183640,3.000000000006,10.514418437813838
WALLABY J130914-183640,9.000000000018,15.127742676783491
WALLABY J130914-183640,15.00000000003,13.487464636832122
WALLABY J130914-183640,21.000000000042,11.23293171093486
WALLABY J130914-183640,27.000000000054,7.149407379508825
WALLABY J130914-183640,33.000000000066,4.298743638118151
WALLABY J130914-183640,39.000000000078,1.7979041724819027
WALLABY J130914-183640,45.00000000009,0.22762933965093318
WALLABY J130914-183640,51.000000000102006,0.0703154845412576
WALLABY J130914-183640,57.000000000114,0.016390345924887872
WALLABY J130922-201247,3.000000000006,60.67604977966708
WALLABY J130922-201247,9.000000000018,31.389708253601224
WALLABY J130922-201247,15.00000000003,40.193011951202195
WALLABY J130922-201247,21.000000000042,29.1638151183096
WALLABY J130922-201247,27.000000000054,19.140916703292863
WALLABY J130922-201247,33.000000000066,16.815341691704326
WALLABY J130922-201247,39.000000000078,10.275074225035908
WALLABY J130922-201247,45.00000000009,5.910553242026715
WALLABY J130922-201247,51.000000000102006,3.0518536564649312
WALLABY J130922-201247,57.000000000114,0.8123313436457551
WALLABY J130922-201247,63.00000000012601,0.09279794113215376
WALLABY J130922-201247,69.000000000138,0.09180366377500072
WALLABY J130922-201247,75.00000000015001,0.17274371811278394
WALLABY J130922-201247,81.000000000162,0.0819849895538421
WALLABY J130924-183226,3.000000000006,26.466518513371323
WALLABY J130924-183226,9.000000000018,22.746097945108936
WALLABY J130924-183226,15.00000000003,11.880054272173378
WALLABY J130924-183226,21.000000000042,12.006001072167543
WALLABY J130924-183226,27.000000000054,9.004433244622186
WALLABY J130924-183226,33.000000000066,4.808134507099743
WALLABY J130924-183226,39.000000000078,1.9139015939425206
WALLABY J130924-183226,45.00000000009,0.8817198028796123
WALLABY J130924-183226,51.000000000102006,0.5713032060574584
WALLABY J130924-183226,57.000000000114,0.2986836018896111
WALLABY J130924-183226,63.00000000012601,0.28229870704224563
WALLABY J130924-183226,69.000000000138,0.24555767785831314
WALLABY J130924-183226,75.00000000015001,0.2106733688118906
WALLABY J130924-183226,81.000000000162,0.2212306741967624
WALLABY J130924-183226,87.000000000174,0.06742940874360376
WALLABY J130924-183226,93.000000000186,0.033319184943176004
WALLABY J130932-145705,3.000000000006,5.642441332306283
WALLABY J130932-145705,9.000000000018,8.986787300056474
WALLABY J130932-145705,15.00000000003,8.677381902824939
WALLABY J130932-145705,21.000000000042,5.564224945201726
WALLABY J130932-145705,27.000000000054,4.805257404174245
WALLABY J130932-145705,33.000000000066,4.206330924145128
WALLABY J130932-145705,39.000000000078,2.745309946150326
WALLABY J130932-145705,45.00000000009,1.7549257412207249
WALLABY J130932-145705,51.000000000102006,0.6084909044203476
WALLABY J130932-145705,57.000000000114,0.5032076038880817
WALLABY J130932-145705,63.00000000012601,0.3942399246818165
WALLABY J130932-145705,69.000000000138,0.24343650706816786
WALLABY J130932-145705,75.00000000015001,0.20550935656292227
WALLABY J130932-145705,81.000000000162,0.1043107318438748
WALLABY J130932-145705,87.000000000174,0.022410053478852696
WALLABY J130934-145427,3.000000000006,16.739040944769947
WALLABY J130934-145427,9.000000000018,19.017609681073168
WALLABY J130934-145427,15.00000000003,17.770232724650555
WALLABY J130934-145427,21.000000000042,12.577647173615262
WALLABY J130934-145427,27.000000000054,7.462576676062997
WALLABY J130934-145427,33.000000000066,2.6221924927321445
WALLABY J130934-145427,39.000000000078,0.544379494310144
WALLABY J130934-145427,45.00000000009,0.19460361996462247
WALLABY J130934-145427,51.000000000102006,0.13380473814851937
WALLABY J130934-145427,57.000000000114,0.05771052372419596
WALLABY J130937-150616,3.000000000006,12.843353067758297
WALLABY J130937-150616,9.000000000018,14.41365751849705
WALLABY J130937-150616,15.00000000003,14.954741565212354
WALLABY J130937-150616,21.000000000042,11.935315233337901
WALLABY J130937-150616,27.000000000054,7.998918537990543
WALLABY J130937-150616,33.000000000066,3.8199379760182235
WALLABY J130937-150616,39.000000000078,2.428625694286977
WALLABY J130937-150616,45.00000000009,0.9450888175578697
WALLABY J130937-150616,51.000000000102006,0.46881841003022967
WALLABY J130937-150616,57.000000000114,0.13523204103742884
WALLABY J130937-150616,63.00000000012601,0.020990185407710235
WALLABY J130939-135908,3.000000000006,40.072728090260846
WALLABY J130939-135908,9.000000000018,26.7957196449361
WALLABY J130939-135908,15.00000000003,23.849602546621185
WALLABY J130939-135908,21.000000000042,13.057502583553958
WALLABY J130939-135908,27.000000000054,4.359093592463743
WALLABY J130939-135908,33.000000000066,0.6905477170428979
WALLABY J130939-135908,39.000000000078,0.3397684348475098
WALLABY J130939-135908,45.00000000009,0.03269934485891669
WALLABY J130941-132855,3.000000000006,25.84613630993441
WALLABY J130941-132855,9.000000000018,17.254101293912395
WALLABY J130941-132855,15.00000000003,15.92316419669302
WALLABY J130941-132855,21.000000000042,12.984749904485637
WALLABY J130941-132855,27.000000000054,8.606095754004592
WALLABY J130941-132855,33.000000000066,4.664674452559644
WALLABY J130941-132855,39.000000000078,2.18859134302794
WALLABY J130941-132855,45.00000000009,0.5753984308408081
WALLABY J130941-132855,51.000000000102006,0.34896181937233606
WALLABY J130941-132855,57.000000000114,0.0005142435668066157
WALLABY J130941-145553,3.000000000006,16.757724834488787
WALLABY J130941-145553,9.000000000018,10.95872661689108
WALLABY J130941-145553,15.00000000003,8.551642228437807
WALLABY J130941-145553,21.000000000042,8.26283899846601
WALLABY J130941-145553,27.000000000054,4.263889752264256
WALLABY J130941-145553,33.000000000066,2.6081564475677532
WALLABY J130941-145553,39.000000000078,1.325739165414245
WALLABY J130941-145553,45.00000000009,0.1771522640920062
WALLABY J130941-145553,51.000000000102006,0.09452423789268825
WALLABY J130941-145553,57.000000000114,0.04950259930007353
WALLABY J130947-101916,3.000000000006,38.58484372899073
WALLABY J130947-101916,9.000000000018,44.56404390117714
WALLABY J130947-101916,15.00000000003,37.36148732575293
WALLABY J130947-101916,21.000000000042,38.7684876299228
WALLABY J130947-101916,27.000000000054,26.52977458736257
WALLABY J130947-101916,33.000000000066,35.306153446012054
WALLABY J130947-101916,39.000000000078,33.935014876982976
WALLABY J130947-101916,45.00000000009,30.41131507049804
WALLABY J130947-101916,51.000000000102006,31.398012599639394
WALLABY J130947-101916,57.000000000114,30.85767291061385
WALLABY J130947-101916,63.00000000012601,34.62270010459785
WALLABY J130947-101916,69.000000000138,34.61473621080035
WALLABY J130947-101916,75.00000000015001,31.2387933082893
WALLABY J130947-101916,81.000000000162,27.43199678228245
WALLABY J130947-101916,87.000000000174,25.61754169414792
WALLABY J130947-101916,93.000000000186,22.708735640703026
WALLABY J130947-101916,99.000000000198,15.90051677799311
WALLABY J130947-101916,105.00000000021001,11.461647863962256
WALLABY J130947-101916,111.000000000222,8.824920307402765
WALLABY J130947-101916,117.000000000234,5.720059702573333
WALLABY J130947-101916,123.000000000246,2.831068989226695
WALLABY J130947-101916,129.000000000258,0.9793112089007606
WALLABY J130947-101916,135.00000000027,0.07001852267548402
WALLABY J130947-171234,3.000000000006,70.80606935343097
WALLABY J130947-171234,9.000000000018,47.83650263947473
WALLABY J130947-171234,15.00000000003,35.60914904907404
WALLABY J130947-171234,21.000000000042,24.484867841638874
WALLABY J130947-171234,27.000000000054,16.30531347638381
WALLABY J130947-171234,33.000000000066,9.474902894816081
WALLABY J130947-171234,39.000000000078,3.8717679694642246
WALLABY J130947-171234,45.00000000009,2.7095942425665016
WALLABY J130947-171234,51.000000000102006,1.3927871331750379
WALLABY J130947-171234,57.000000000114,0.6585362494874141
WALLABY J130947-171234,63.00000000012601,0.22162123339460496
WALLABY J130947-171234,69.000000000138,0.011287265866829614
WALLABY J130954-104332,3.000000000006,96.33506578015535
WALLABY J130954-104332,9.000000000018,70.15217296890764
WALLABY J130954-104332,15.00000000003,50.81323772978377
WALLABY J130954-104332,21.000000000042,50.0475518888729
WALLABY J130954-104332,27.000000000054,44.684669096933995
WALLABY J130954-104332,33.000000000066,33.68973325877343
WALLABY J130954-104332,39.000000000078,21.29406634169798
WALLABY J130954-104332,45.00000000009,13.45273535553571
WALLABY J130954-104332,51.000000000102006,10.434089249139895
WALLABY J130954-104332,57.000000000114,6.387837973321443
WALLABY J130954-104332,63.00000000012601,4.775269631753927
WALLABY J130954-104332,69.000000000138,3.0699840055379775
WALLABY J130954-104332,75.00000000015001,1.2772986225204257
WALLABY J130954-104332,81.000000000162,0.8797060638003666
WALLABY J130954-104332,87.000000000174,1.2968152723781932
WALLABY J130954-104332,93.000000000186,1.1710813495318084
WALLABY J130954-104332,99.000000000198,0.9490504785473949
WALLABY J130954-104332,105.00000000021001,0.8225097999181865
WALLABY J130954-104332,111.000000000222,0.5205238222454375
WALLABY J130954-104332,117.000000000234,0.07284203065602726
WALLABY J130954-104332,123.000000000246,0.011773597505255235
WALLABY J130958-171937,3.000000000006,23.914593081661028
WALLABY J130958-171937,9.000000000018,29.36020174138893
WALLABY J130958-171937,15.00000000003,22.69054147647251
WALLABY J130958-171937,21.000000000042,19.50004828220829
WALLABY J130958-171937,27.000000000054,10.14668289677182
WALLABY J130958-171937,33.000000000066,5.686239359992007
WALLABY J130958-171937,39.000000000078,3.4152820603882903
WALLABY J130958-171937,45.00000000009,1.191086968193148
WALLABY J130958-171937,51.000000000102006,0.1861359318218321
WALLABY J131001-162607,3.000000000006,36.72865344123502
WALLABY J131001-162607,9.000000000018,25.651295196843787
WALLABY J131001-162607,15.00000000003,22.559817497678814
WALLABY J131001-162607,21.000000000042,16.36285642519224
WALLABY J131001-162607,27.000000000054,9.947720944106708
WALLABY J131001-162607,33.000000000066,6.09109385716574
WALLABY J131001-162607,39.000000000078,4.339197710973684
WALLABY J131001-162607,45.00000000009,2.176119670008658
WALLABY J131001-162607,51.000000000102006,0.6824570146466107
WALLABY J131001-162607,57.000000000114,0.03354810760925784
WALLABY J131009-121223,3.000000000006,22.12643134312106
WALLABY J131009-121223,9.000000000018,25.402931844454596
WALLABY J131009-121223,15.00000000003,17.28176592784975
WALLABY J131009-121223,21.000000000042,10.892651888862162
WALLABY J131009-121223,27.000000000054,8.389069841701156
WALLABY J131009-121223,33.000000000066,4.360470736829257
WALLABY J131009-121223,39.000000000078,0.9886119858806794
WALLABY J131009-121223,45.00000000009,0.538349867250662
WALLABY J131009-121223,51.000000000102006,0.0764359863032696
WALLABY J131009-121223,57.000000000114,0.046433124935580536
WALLABY J131009-121223,63.00000000012601,0.0031306904870459784
WALLABY J131017-171323,3.000000000006,16.8881817849288
WALLABY J131017-171323,9.000000000018,14.676878145717208
WALLABY J131017-171323,15.00000000003,9.860180784434556
WALLABY J131017-171323,21.000000000042,8.147711469219905
WALLABY J131017-171323,27.000000000054,5.9593937254182086
WALLABY J131017-171323,33.000000000066,4.69316907575342
WALLABY J131017-171323,39.000000000078,2.937288434366313
WALLABY J131017-171323,45.00000000009,1.2298878431658924
WALLABY J131017-171323,51.000000000102006,0.4941602708701375
WALLABY J131017-171323,57.000000000114,0.1415938565867111
WALLABY J131017-171323,63.00000000012601,0.09101595923313137
WALLABY J131021-214424,3.000000000006,76.38133427429528
WALLABY J131021-214424,9.000000000018,49.376602161076924
WALLABY J131021-214424,15.00000000003,48.69948056994663
WALLABY J131021-214424,21.000000000042,49.23936770989148
WALLABY J131021-214424,27.000000000054,28.57413045925657
WALLABY J131021-214424,33.000000000066,22.034582184913507
WALLABY J131021-214424,39.000000000078,13.840065638616426
WALLABY J131021-214424,45.00000000009,6.180623506537285
WALLABY J131021-214424,51.000000000102006,1.6993323824200968
WALLABY J131021-214424,57.000000000114,0.14544322959980685
WALLABY J131021-214424,63.00000000012601,0.31262344611914494
WALLABY J131025-165550,3.000000000006,34.38943973074769
WALLABY J131025-165550,9.000000000018,38.07226298024385
WALLABY J131025-165550,15.00000000003,30.15543491672402
WALLABY J131025-165550,21.000000000042,23.140256034005684
WALLABY J131025-165550,27.000000000054,24.97232349953712
WALLABY J131025-165550,33.000000000066,14.878233639246101
WALLABY J131025-165550,39.000000000078,11.86709986218601
WALLABY J131025-165550,45.00000000009,8.59727723286888
WALLABY J131025-165550,51.000000000102006,5.784769946395058
WALLABY J131025-165550,57.000000000114,3.2053885215776243
WALLABY J131025-165550,63.00000000012601,1.2695912189607483
WALLABY J131025-165550,69.000000000138,0.9834788911085067
WALLABY J131025-165550,75.00000000015001,0.1477229488778511
WALLABY J131025-165550,81.000000000162,0.04449534761118136
WALLABY J131029-213510,3.000000000006,126.7967882628503
WALLABY J131029-213510,9.000000000018,81.47582655305403
WALLABY J131029-213510,15.00000000003,125.38804424101897
WALLABY J131029-213510,21.000000000042,76.51286370176152
WALLABY J131029-213510,27.000000000054,55.615150353781345
WALLABY J131029-213510,33.000000000066,45.066911289956316
WALLABY J131029-213510,39.000000000078,28.44190945451933
WALLABY J131029-213510,45.00000000009,19.91073073955596
WALLABY J131029-213510,51.000000000102006,15.847356655946474
WALLABY J131029-213510,57.000000000114,6.468508517563824
WALLABY J131029-213510,63.00000000012601,7.199670672813621
WALLABY J131029-213510,69.000000000138,6.134364238006502
WALLABY J131029-213510,75.00000000015001,4.201247058117777
WALLABY J131029-213510,81.000000000162,5.01574918774429
WALLABY J131029-213510,87.000000000174,3.623512402389806
WALLABY J131029-213510,93.000000000186,1.2249772251349562
WALLABY J131029-213510,99.000000000198,0.7841982339646923
WALLABY J131029-213510,105.00000000021001,0.24087504895475445
WALLABY J131029-213510,111.000000000222,0.26793427241710094
WALLABY J131029-213510,117.000000000234,0.09361211830647735
WALLABY J131029-213510,123.000000000246,0.12691431456652047
WALLABY J131029-213510,129.000000000258,0.07031514202245684
WALLABY J131029-213510,135.00000000027,0.028560865688471566
WALLABY J131029-213510,141.000000000282,0.021432588922629423
WALLABY J131029-213510,147.000000000294,0.01985619729937244
WALLABY J131029-213510,153.000000000306,0.023320567357030857
WALLABY J131032-172527,3.000000000006,24.950485003095263
WALLABY J131032-172527,9.000000000018,22.54907440949952
WALLABY J131032-172527,15.00000000003,15.85822180015185
WALLABY J131032-172527,21.000000000042,15.347034495443266
WALLABY J131032-172527,27.000000000054,12.734415489333143
WALLABY J131032-172527,33.000000000066,11.105761921048193
WALLABY J131032-172527,39.000000000078,8.863728270856116
WALLABY J131032-172527,45.00000000009,5.710691004258614
WALLABY J131032-172527,51.000000000102006,3.127314478816099
WALLABY J131032-172527,57.000000000114,2.2202277201393312
WALLABY J131032-172527,63.00000000012601,1.057331627249602
WALLABY J131032-172527,69.000000000138,0.11546635188070821
WALLABY J131032-172527,75.00000000015001,0.11764044230928798
WALLABY J131032-172527,81.000000000162,0.04376132994838026
WALLABY J131032-172527,87.000000000174,0.011335599151757273
WALLABY J131033-170323,3.000000000006,30.3002599138148
WALLABY J131033-170323,9.000000000018,36.815706051698044
WALLABY J131033-170323,15.00000000003,21.83542980122533
WALLABY J131033-170323,21.000000000042,17.488881710501527
WALLABY J131033-170323,27.000000000054,15.626218299750521
WALLABY J131033-170323,33.000000000066,7.079166892907722
WALLABY J131033-170323,39.000000000078,2.7680949132548833
WALLABY J131033-170323,45.00000000009,0.7860590453425195
WALLABY J131033-170323,51.000000000102006,0.3020697305124567
WALLABY J131033-170323,57.000000000114,0.005466634879756714
WALLABY J131037-144407,3.000000000006,22.50201848736716
WALLABY J131037-144407,9.000000000018,29.526364829591216
WALLABY J131037-144407,15.00000000003,20.537214686585262
WALLABY J131037-144407,21.000000000042,14.454841042341632
WALLABY J131037-144407,27.000000000054,11.63930435494776
WALLABY J131037-144407,33.000000000066,5.947625364160726
WALLABY J131037-144407,39.000000000078,3.707078694721636
WALLABY J131037-144407,45.00000000009,1.359332542565711
WALLABY J131037-144407,51.000000000102006,0.17736452627021732
WALLABY J131037-144407,57.000000000114,0.07276075094616179
WALLABY J131037-144407,63.00000000012601,0.031042896576669442
WALLABY J131037-144407,69.000000000138,0.07573784789095081
WALLABY J131037-144407,75.00000000015001,0.016395965905724896
WALLABY J131038-144004,3.000000000006,29.11658388076084
WALLABY J131038-144004,9.000000000018,41.35165466973449
WALLABY J131038-144004,15.00000000003,31.694753968631186
WALLABY J131038-144004,21.000000000042,21.38154743961376
WALLABY J131038-144004,27.000000000054,13.713452443905808
WALLABY J131038-144004,33.000000000066,7.106814881274969
WALLABY J131038-144004,39.000000000078,2.712029522666695
WALLABY J131038-144004,45.00000000009,0.17925645628022668
WALLABY J131038-144004,51.000000000102006,1.0915602330790692
WALLABY J131038-144004,57.000000000114,1.1456326808925157
WALLABY J131038-144004,63.00000000012601,0.3711769491215186
WALLABY J131038-144004,69.000000000138,0.017833703296742633
WALLABY J131038-144004,75.00000000015001,0.010267288094784126
WALLABY J131041+053553,3.000000000006,66.20510174179527
WALLABY J131041+053553,9.000000000018,47.94636563076757
WALLABY J131041+053553,15.00000000003,35.07855356452238
WALLABY J131041+053553,21.000000000042,19.98432080800793
WALLABY J131041+053553,27.000000000054,9.262191395729705
WALLABY J131041+053553,33.000000000066,4.369305160304563
WALLABY J131041+053553,39.000000000078,0.9134517847231127
WALLABY J131041+053553,45.00000000009,0.1510759009076716
WALLABY J131041+053553,51.000000000102006,0.04453567260419528
WALLABY J131049-105237,3.000000000006,76.76658257777268
WALLABY J131049-105237,9.000000000018,59.710063017382325
WALLABY J131049-105237,15.00000000003,40.585953995628365
WALLABY J131049-105237,21.000000000042,29.58191671360871
WALLABY J131049-105237,27.000000000054,28.656816635655833
WALLABY J131049-105237,33.000000000066,18.515850237389134
WALLABY J131049-105237,39.000000000078,8.526845899929256
WALLABY J131049-105237,45.00000000009,4.264001896849789
WALLABY J131049-105237,51.000000000102006,2.1606684213405924
WALLABY J131049-105237,57.000000000114,0.5984920309751718
WALLABY J131049-105237,63.00000000012601,0.01828433007702973
WALLABY J131049-105237,69.000000000138,0.13308505132613277
WALLABY J131049-105237,75.00000000015001,0.07772169970393199
WALLABY J131049-105237,81.000000000162,0.06854187415966048
WALLABY J131049-105237,87.000000000174,0.03287615820923772
WALLABY J131049-105237,93.000000000186,0.013647419749287546
WALLABY J131049-182530,3.000000000006,18.511724429041525
WALLABY J131049-182530,9.000000000018,22.479512120224832
WALLABY J131049-182530,15.00000000003,15.79385922427195
WALLABY J131049-182530,21.000000000042,15.507481984978595
WALLABY J131049-182530,27.000000000054,8.409457497279915
WALLABY J131049-182530,33.000000000066,3.5801221952572906
WALLABY J131049-182530,39.000000000078,1.3447784563725818
WALLABY J131049-182530,45.00000000009,0.6607071309133674
WALLABY J131049-182530,51.000000000102006,0.3652845775496677
WALLABY J131049-182530,57.000000000114,0.09810880299518965
WALLABY J131049-182530,63.00000000012601,0.00892042059810443
WALLABY J131049-182903,3.000000000006,33.77172457283201
WALLABY J131049-182903,9.000000000018,44.72386227768823
WALLABY J131049-182903,15.00000000003,30.818244514851497
WALLABY J131049-182903,21.000000000042,20.60715002609605
WALLABY J131049-182903,27.000000000054,14.939312474814246
WALLABY J131049-182903,33.000000000066,9.948993129230367
WALLABY J131049-182903,39.000000000078,6.868873112930382
WALLABY J131049-182903,45.00000000009,3.504812016808775
WALLABY J131049-182903,51.000000000102006,2.070557876986546
WALLABY J131049-182903,57.000000000114,0.32179196247218284
WALLABY J131049-182903,63.00000000012601,0.23798349857376735
WALLABY J131049-182903,69.000000000138,0.0025409179941659654
WALLABY J131051-190753,3.000000000006,25.59345344472613
WALLABY J131051-190753,9.000000000018,20.97224319863658
WALLABY J131051-190753,15.00000000003,19.28986081001833
WALLABY J131051-190753,21.000000000042,11.922940655576154
WALLABY J131051-190753,27.000000000054,7.272436612594503
WALLABY J131051-190753,33.000000000066,2.8374591475698145
WALLABY J131051-190753,39.000000000078,0.7575029488875092
WALLABY J131051-190753,45.00000000009,0.07100518022858002
WALLABY J131051-190753,51.000000000102006,0.10441335481153655
WALLABY J131051-190753,57.000000000114,0.04931591678270683
WALLABY J131054-185747,3.000000000006,23.81451465397204
WALLABY J131054-185747,9.000000000018,30.85598146404626
WALLABY J131054-185747,15.00000000003,22.75550902160156
WALLABY J131054-185747,21.000000000042,14.073820160977561
WALLABY J131054-185747,27.000000000054,5.536752963877243
WALLABY J131054-185747,33.000000000066,2.690418238458991
WALLABY J131054-185747,39.000000000078,0.6013143301152561
WALLABY J131054-185747,45.00000000009,0.002557869585130615
WALLABY J131103-144149,3.000000000006,31.780219771557245
WALLABY J131103-144149,9.000000000018,41.46166948798133
WALLABY J131103-144149,15.00000000003,31.079090417403787
WALLABY J131103-144149,21.000000000042,18.362512198348103
WALLABY J131103-144149,27.000000000054,8.851392600678723
WALLABY J131103-144149,33.000000000066,2.7699745410176475
WALLABY J131103-144149,39.000000000078,0.6562707114661904
WALLABY J131103-144149,45.00000000009,0.2695768697744441
WALLABY J131103-144149,51.000000000102006,0.14821821279915914
WALLABY J131104-185724,3.000000000006,20.215860741931056
WALLABY J131104-185724,9.000000000018,23.11723335756535
WALLABY J131104-185724,15.00000000003,13.448404130769212
WALLABY J131104-185724,21.000000000042,11.74653761285291
WALLABY J131104-185724,27.000000000054,8.077630200140943
WALLABY J131104-185724,33.000000000066,4.505603391243888
WALLABY J131104-185724,39.000000000078,2.1389991338487753
WALLABY J131104-185724,45.00000000009,0.5066421272176302
WALLABY J131104-185724,51.000000000102006,0.06029761873481211
WALLABY J131109-163337,3.000000000006,16.54575839652459
WALLABY J131109-163337,9.000000000018,19.20444390112791
WALLABY J131109-163337,15.00000000003,15.990013514591793
WALLABY J131109-163337,21.000000000042,10.57869848284357
WALLABY J131109-163337,27.000000000054,5.576128803940085
WALLABY J131109-163337,33.000000000066,2.603378601841925
WALLABY J131109-163337,39.000000000078,0.8546038346609593
WALLABY J131109-163337,45.00000000009,0.046250044695782505
WALLABY J131109-163337,51.000000000102006,0.08475197201880671
WALLABY J131113+065134,3.000000000006,35.89857410910481
WALLABY J131113+065134,9.000000000018,14.803644477924822
WALLABY J131113+065134,15.00000000003,24.898082793394998
WALLABY J131113+065134,21.000000000042,15.337631953434638
WALLABY J131113+065134,27.000000000054,13.651639985205794
WALLABY J131113+065134,33.000000000066,12.922330647851988
WALLABY J131113+065134,39.000000000078,8.277743527963684
WALLABY J131113+065134,45.00000000009,7.444424513479182
WALLABY J131113+065134,51.000000000102006,5.384703199555665
WALLABY J131113+065134,57.000000000114,2.896016997291255
WALLABY J131113+065134,63.00000000012601,0.6342004864347757
WALLABY J131113+065134,69.000000000138,0.15827830022654354
WALLABY J131113+065134,75.00000000015001,0.03273339051304382
WALLABY J131113+065134,81.000000000162,0.04291726222892791
WALLABY J131113+065134,87.000000000174,0.020121636979099588
WALLABY J131113+065134,93.000000000186,0.0028879522269120404
WALLABY J131122+032431,3.000000000006,52.08645352906604
WALLABY J131122+032431,9.000000000018,51.22156373026827
WALLABY J131122+032431,15.00000000003,29.791713588601834
WALLABY J131122+032431,21.000000000042,38.93452536066375
WALLABY J131122+032431,27.000000000054,33.18754626211199
WALLABY J131122+032431,33.000000000066,31.86984804354551
WALLABY J131122+032431,39.000000000078,27.38987338920983
WALLABY J131122+032431,45.00000000009,25.327946508653135
WALLABY J131122+032431,51.000000000102006,28.18726310035805
WALLABY J131122+032431,57.000000000114,28.189409393126255
WALLABY J131122+032431,63.00000000012601,23.247014208419323
WALLABY J131122+032431,69.000000000138,19.34822138565175
WALLABY J131122+032431,75.00000000015001,18.90142601585772
WALLABY J131122+032431,81.000000000162,16.870391119366776
WALLABY J131122+032431,87.000000000174,12.325121335880768
WALLABY J131122+032431,93.000000000186,10.351149988405977
WALLABY J131122+032431,99.000000000198,8.974680021132828
WALLABY J131122+032431,105.00000000021001,6.692443333662817
WALLABY J131122+032431,111.000000000222,7.338728271014216
WALLABY J131122+032431,117.000000000234,4.242909126717286
WALLABY J131122+032431,123.000000000246,4.734279031607498
WALLABY J131122+032431,129.000000000258,3.172436341168939
WALLABY J131122+032431,135.00000000027,4.577930728780001
WALLABY J131122+032431,141.000000000282,3.102180392660016
WALLABY J131122+032431,147.000000000294,3.055755575258054
WALLABY J131122+032431,153.000000000306,2.9228717717662325
WALLABY J131122+032431,159.000000000318,2.3811141052826073
WALLABY J131122+032431,165.00000000033,2.204154412390977
WALLABY J131122+032431,171.000000000342,2.0174830540574873
WALLABY J131122+032431,177.00000000035402,1.045732671407126
WALLABY J131122+032431,183.00000000036601,1.2114407119418134
WALLABY J131122+032431,189.000000000378,0.6352198914322401
WALLABY J131122+032431,195.00000000039,0.6118956316750225
WALLABY J131122+032431,201.000000000402,0.4067983917799527
WALLABY J131122+032431,207.000000000414,0.431911413841492
WALLABY J131122+032431,213.000000000426,0.25228900569303014
WALLABY J131122+032431,219.000000000438,0.14689807933540683
WALLABY J131122+032431,225.00000000045,0.06016295373671444
WALLABY J131122+032431,231.00000000046202,0.021901420671424983
WALLABY J131124-104927,3.000000000006,52.40202621272252
WALLABY J131124-104927,9.000000000018,34.40051626257854
WALLABY J131124-104927,15.00000000003,30.715790894781275
WALLABY J131124-104927,21.000000000042,21.826830865304174
WALLABY J131124-104927,27.000000000054,11.92689993587978
WALLABY J131124-104927,33.000000000066,5.254125649898976
WALLABY J131124-104927,39.000000000078,1.696076005930445
WALLABY J131124-104927,45.00000000009,0.04342241134350203
WALLABY J131124-104927,51.000000000102006,0.010195064751904364
WALLABY J131132-144033,3.000000000006,73.55915542535726
WALLABY J131132-144033,9.000000000018,55.46251509515055
WALLABY J131132-144033,15.00000000003,55.4344321455748
WALLABY J131132-144033,21.000000000042,51.50745887015544
WALLABY J131132-144033,27.000000000054,36.74527993181543
WALLABY J131132-144033,33.000000000066,25.58595223814777
WALLABY J131132-144033,39.000000000078,14.371874929642082
WALLABY J131132-144033,45.00000000009,9.106289561932401
WALLABY J131132-144033,51.000000000102006,5.110931678123437
WALLABY J131132-144033,57.000000000114,3.189727784537161
WALLABY J131132-144033,63.00000000012601,2.620897710693345
WALLABY J131132-144033,69.000000000138,2.279712792133742
WALLABY J131132-144033,75.00000000015001,1.1349398213119322
WALLABY J131132-144033,81.000000000162,0.47581239404854986
WALLABY J131132-144033,87.000000000174,0.0805296202698308
WALLABY J131139-165121,3.000000000006,16.493189213152874
WALLABY J131139-165121,9.000000000018,11.8442757647623
WALLABY J131139-165121,15.00000000003,11.57232589719138
WALLABY J131139-165121,21.000000000042,6.437062820915215
WALLABY J131139-165121,27.000000000054,2.752497594445284
WALLABY J131139-165121,33.000000000066,1.6790650655976513
WALLABY J131139-165121,39.000000000078,0.3192124317901976
WALLABY J131139-165121,45.00000000009,0.1921548216141318
WALLABY J131139-165121,51.000000000102006,0.27849434650539145
WALLABY J131139-165121,57.000000000114,0.10519930543379856
WALLABY J131139-165121,63.00000000012601,0.07718294936766276
WALLABY J131139-165121,69.000000000138,0.0739460857958188
WALLABY J131142-103858,3.000000000006,25.318644139540027
WALLABY J131142-103858,9.000000000018,47.060929543607955
WALLABY J131142-103858,15.00000000003,37.67283483077833
WALLABY J131142-103858,21.000000000042,23.498753240263056
WALLABY J131142-103858,27.000000000054,16.621569246415945
WALLABY J131142-103858,33.000000000066,11.91259046134206
WALLABY J131142-103858,39.000000000078,7.748758948911485
WALLABY J131142-103858,45.00000000009,2.7087882889578534
WALLABY J131142-103858,51.000000000102006,0.9507286884480998
WALLABY J131142-103858,57.000000000114,0.12195953919359787
WALLABY J131142-103858,63.00000000012601,0.09791939083847025
WALLABY J131142-103858,69.000000000138,0.03701972208983108
WALLABY J131145+075645,3.000000000006,17.745063251572645
WALLABY J131145+075645,9.000000000018,27.30430054496016
WALLABY J131145+075645,15.00000000003,22.940079580923744
WALLABY J131145+075645,21.000000000042,17.653744658342188
WALLABY J131145+075645,27.000000000054,20.563947419631052
WALLABY J131145+075645,33.000000000066,17.8523778346383
WALLABY J131145+075645,39.000000000078,11.932736597207072
WALLABY J131145+075645,45.00000000009,9.13280413873611
WALLABY J131145+075645,51.000000000102006,6.777123173434873
WALLABY J131145+075645,57.000000000114,2.0761461389284857
WALLABY J131145+075645,63.00000000012601,0.5382236868238064
WALLABY J131145+075645,69.000000000138,0.10094397507087993
WALLABY J131145+075645,75.00000000015001,0.08508742731071799
WALLABY J131145-191544,3.000000000006,2.204384663203954
WALLABY J131145-191544,9.000000000018,4.159043828408777
WALLABY J131145-191544,15.00000000003,8.46632876065429
WALLABY J131145-191544,21.000000000042,11.042892093141132
WALLABY J131145-191544,27.000000000054,15.534474827796656
WALLABY J131145-191544,33.000000000066,14.919583607547496
WALLABY J131145-191544,39.000000000078,14.8221090647341
WALLABY J131145-191544,45.00000000009,12.703720772859057
WALLABY J131145-191544,51.000000000102006,10.729440747054447
WALLABY J131145-191544,57.000000000114,6.640048004593555
WALLABY J131145-191544,63.00000000012601,4.4175214276146395
WALLABY J131145-191544,69.000000000138,2.5493887159047777
WALLABY J131145-191544,75.00000000015001,0.8140110336722081
WALLABY J131145-191544,81.000000000162,0.08218433239784645
WALLABY J131145-191544,87.000000000174,0.07401659670573973
WALLABY J131150-141025,3.000000000006,23.35300460693008
WALLABY J131150-141025,9.000000000018,13.380089592819514
WALLABY J131150-141025,15.00000000003,15.836413441240431
WALLABY J131150-141025,21.000000000042,11.349666121085741
WALLABY J131150-141025,27.000000000054,7.06893061073136
WALLABY J131150-141025,33.000000000066,4.40184378442418
WALLABY J131150-141025,39.000000000078,3.6502993204354697
WALLABY J131150-141025,45.00000000009,1.924335117709672
WALLABY J131150-141025,51.000000000102006,1.3209522937152314
WALLABY J131150-141025,57.000000000114,0.4772844366106011
WALLABY J131150-141025,63.00000000012601,0.20444828351123298
WALLABY J131150-141025,69.000000000138,0.2538095215932182
WALLABY J131150-141025,75.00000000015001,0.09464778576700925
WALLABY J131150-141025,81.000000000162,0.05116356635602252
WALLABY J131157-120351,3.000000000006,62.354375870157114
WALLABY J131157-120351,9.000000000018,73.12307891156591
WALLABY J131157-120351,15.00000000003,61.91983374402786
WALLABY J131157-120351,21.000000000042,58.35409284206781
WALLABY J131157-120351,27.000000000054,68.58612998656005
WALLABY J131157-120351,33.000000000066,61.53368727389425
WALLABY J131157-120351,39.000000000078,55.12064734468933
WALLABY J131157-120351,45.00000000009,57.07486323573047
WALLABY J131157-120351,51.000000000102006,46.186523068798145
WALLABY J131157-120351,57.000000000114,38.67210739747684
WALLABY J131157-120351,63.00000000012601,33.04788612606069
WALLABY J131157-120351,69.000000000138,21.243785080151763
WALLABY J131157-120351,75.00000000015001,12.60235559644432
WALLABY J131157-120351,81.000000000162,8.268202102085485
WALLABY J131157-120351,87.000000000174,4.378197042208495
WALLABY J131157-120351,93.000000000186,1.6369325326470008
WALLABY J131157-120351,99.000000000198,1.2809334078310863
WALLABY J131157-120351,105.00000000021001,1.1367828761816166
WALLABY J131157-120351,111.000000000222,0.3823169249561988
WALLABY J131157-120351,117.000000000234,0.40282881381105257
WALLABY J131157-120351,123.000000000246,0.016372366649906094
WALLABY J131157-120351,129.000000000258,0.06271545742613667
WALLABY J131157-120351,135.00000000027,0.0192138509360974
WALLABY J131159-134336,3.000000000006,55.040206983497605
WALLABY J131159-134336,9.000000000018,33.26927161734327
WALLABY J131159-134336,15.00000000003,33.84391569904378
WALLABY J131159-134336,21.000000000042,27.058760510893006
WALLABY J131159-134336,27.000000000054,18.761134859736657
WALLABY J131159-134336,33.000000000066,11.024349537196576
WALLABY J131159-134336,39.000000000078,6.549017148565144
WALLABY J131159-134336,45.00000000009,3.387810865364893
WALLABY J131159-134336,51.000000000102006,0.7829178954796439
WALLABY J131159-134336,57.000000000114,0.24196394955221348
WALLABY J131159-134336,63.00000000012601,0.07426635981332909
WALLABY J131208+025916,3.000000000006,37.268942249306335
WALLABY J131208+025916,9.000000000018,83.07351454199755
WALLABY J131208+025916,15.00000000003,38.450161707853496
WALLABY J131208+025916,21.000000000042,46.21658408008323
WALLABY J131208+025916,27.000000000054,40.54786886381468
WALLABY J131208+025916,33.000000000066,34.88002146687842
WALLABY J131208+025916,39.000000000078,32.431610499345744
WALLABY J131208+025916,45.00000000009,15.391878250285696
WALLABY J131208+025916,51.000000000102006,15.42164265721606
WALLABY J131208+025916,57.000000000114,10.08397375184263
WALLABY J131208+025916,63.00000000012601,5.348297143679366
WALLABY J131208+025916,69.000000000138,3.192445165467157
WALLABY J131208+025916,75.00000000015001,2.1789041200380095
WALLABY J131208+025916,81.000000000162,1.2289565863327587
WALLABY J131208+025916,87.000000000174,1.2260742562017526
WALLABY J131208+025916,93.000000000186,0.21833057974378334
WALLABY J131208+025916,99.000000000198,0.16200900036737936
WALLABY J131208+025916,105.00000000021001,0.09704246281078173
WALLABY J131208+025916,111.000000000222,0.0277713841649286
WALLABY J131210-131509,3.000000000006,29.456700722714675
WALLABY J131210-131509,9.000000000018,32.10891469334887
WALLABY J131210-131509,15.00000000003,34.609514483592164
WALLABY J131210-131509,21.000000000042,25.34571233100265
WALLABY J131210-131509,27.000000000054,22.11137939759256
WALLABY J131210-131509,33.000000000066,15.073876357442707
WALLABY J131210-131509,39.000000000078,11.349325225704895
WALLABY J131210-131509,45.00000000009,6.799160567256023
WALLABY J131210-131509,51.000000000102006,3.677924292428501
WALLABY J131210-131509,57.000000000114,1.3655499050765725
WALLABY J131210-131509,63.00000000012601,0.1836881596343669
WALLABY J131210-131509,69.000000000138,0.09279835993362741
WALLABY J131210-131509,75.00000000015001,0.027766771742967933
WALLABY J131222-143329,3.000000000006,37.78971877533281
WALLABY J131222-143329,9.000000000018,26.43178899709393
WALLABY J131222-143329,15.00000000003,25.780723969394884
WALLABY J131222-143329,21.000000000042,15.29954475631524
WALLABY J131222-143329,27.000000000054,6.737433739921223
WALLABY J131222-143329,33.000000000066,2.069723216190969
WALLABY J131222-143329,39.000000000078,0.45212099463377525
WALLABY J131222-143329,45.00000000009,0.13875813299777548
WALLABY J131222-143329,51.000000000102006,0.11194521124943081
WALLABY J131222-143329,57.000000000114,0.09549929844755758
WALLABY J131244-155218,3.000000000006,18.46523839765591
WALLABY J131244-155218,9.000000000018,22.273265636829542
WALLABY J131244-155218,15.00000000003,21.214656985172418
WALLABY J131244-155218,21.000000000042,16.05691664522611
WALLABY J131244-155218,27.000000000054,14.516707844880298
WALLABY J131244-155218,33.000000000066,13.458831345620004
WALLABY J131244-155218,39.000000000078,13.204002581803227
WALLABY J131244-155218,45.00000000009,11.266700577367851
WALLABY J131244-155218,51.000000000102006,9.198440765558782
WALLABY J131244-155218,57.000000000114,7.1673424572104185
WALLABY J131244-155218,63.00000000012601,7.140368547549657
WALLABY J131244-155218,69.000000000138,4.292662978836141
WALLABY J131244-155218,75.00000000015001,3.233928650671725
WALLABY J131244-155218,81.000000000162,2.3600669665076164
WALLABY J131244-155218,87.000000000174,2.1293115545770376
WALLABY J131244-155218,93.000000000186,1.4714092990686582
WALLABY J131244-155218,99.000000000198,0.8437180345211734
WALLABY J131244-155218,105.00000000021001,0.697362714550372
WALLABY J131244-155218,111.000000000222,0.30217765520305184
WALLABY J131244-155218,117.000000000234,0.24805633441303634
WALLABY J131244-155218,123.000000000246,0.04274158162364724
WALLABY J131244-155218,129.000000000258,0.00870235441481824
WALLABY J131247-132906,3.000000000006,14.954667684489593
WALLABY J131247-132906,9.000000000018,18.14753581928937
WALLABY J131247-132906,15.00000000003,8.362089064667252
WALLABY J131247-132906,21.000000000042,7.407204900238965
WALLABY J131247-132906,27.000000000054,7.045553005879879
WALLABY J131247-132906,33.000000000066,3.632371215236459
WALLABY J131247-132906,39.000000000078,2.6374017841327206
WALLABY J131247-132906,45.00000000009,0.905810318699578
WALLABY J131247-132906,51.000000000102006,0.09211662789351699
WALLABY J131247-132906,57.000000000114,0.061588190956808404
WALLABY J131248-173738,3.000000000006,47.092429678987116
WALLABY J131248-173738,9.000000000018,52.01460484099365
WALLABY J131248-173738,15.00000000003,43.39895220685111
WALLABY J131248-173738,21.000000000042,35.12612798546805
WALLABY J131248-173738,27.000000000054,29.457643674833566
WALLABY J131248-173738,33.000000000066,16.55100098909576
WALLABY J131248-173738,39.000000000078,8.972964709588519
WALLABY J131248-173738,45.00000000009,4.056917801216351
WALLABY J131248-173738,51.000000000102006,2.0379831602300142
WALLABY J131248-173738,57.000000000114,1.1031202324391773
WALLABY J131248-173738,63.00000000012601,0.5913530570343246
WALLABY J131248-173738,69.000000000138,0.024551410561422404
WALLABY J131251-183142,3.000000000006,38.32754021551196
WALLABY J131251-183142,9.000000000018,45.68543778337839
WALLABY J131251-183142,15.00000000003,35.48439132990305
WALLABY J131251-183142,21.000000000042,22.625094265588707
WALLABY J131251-183142,27.000000000054,13.07516338455074
WALLABY J131251-183142,33.000000000066,5.547367916992232
WALLABY J131251-183142,39.000000000078,2.183688795726282
WALLABY J131251-183142,45.00000000009,0.7600737234545438
WALLABY J131251-183142,51.000000000102006,0.2812661533391457
WALLABY J131251-183142,57.000000000114,0.03047893230131349
WALLABY J131253-105339,3.000000000006,46.36869865209864
WALLABY J131253-105339,9.000000000018,58.54516495638955
WALLABY J131253-105339,15.00000000003,48.70017976544993
WALLABY J131253-105339,21.000000000042,36.171636273584355
WALLABY J131253-105339,27.000000000054,32.21851348655352
WALLABY J131253-105339,33.000000000066,32.660821272465775
WALLABY J131253-105339,39.000000000078,18.041267703365747
WALLABY J131253-105339,45.00000000009,10.469431670615446
WALLABY J131253-105339,51.000000000102006,7.948117947918857
WALLABY J131253-105339,57.000000000114,2.6834493615494863
WALLABY J131253-105339,63.00000000012601,0.6458358173834563
WALLABY J131253-105339,69.000000000138,0.957834041227189
WALLABY J131253-105339,75.00000000015001,0.6508744281177964
WALLABY J131253-105339,81.000000000162,0.2978133810613817
WALLABY J131253-105339,87.000000000174,0.2262000783846
WALLABY J131253-105339,93.000000000186,0.012176696957775368
WALLABY J131312-182434,3.000000000006,30.849350727643145
WALLABY J131312-182434,9.000000000018,21.58335496339205
WALLABY J131312-182434,15.00000000003,23.656714172808993
WALLABY J131312-182434,21.000000000042,14.240548938215865
WALLABY J131312-182434,27.000000000054,9.348132684757697
WALLABY J131312-182434,33.000000000066,3.21072186855754
WALLABY J131312-182434,39.000000000078,1.3100755660493046
WALLABY J131312-182434,45.00000000009,0.6376918961970152
WALLABY J131312-182434,51.000000000102006,0.04643219193586474
WALLABY J131321-185558,3.000000000006,77.09235069323553
WALLABY J131321-185558,9.000000000018,84.9443320255864
WALLABY J131321-185558,15.00000000003,66.43925128501044
WALLABY J131321-185558,21.000000000042,61.231994239004635
WALLABY J131321-185558,27.000000000054,55.98275099249724
WALLABY J131321-185558,33.000000000066,43.10184194245817
WALLABY J131321-185558,39.000000000078,32.46854450923121
WALLABY J131321-185558,45.00000000009,24.604865153618146
WALLABY J131321-185558,51.000000000102006,15.97075114068675
WALLABY J131321-185558,57.000000000114,10.383509965269955
WALLABY J131321-185558,63.00000000012601,5.631059083055261
WALLABY J131321-185558,69.000000000138,3.1671009383147783
WALLABY J131321-185558,75.00000000015001,1.0073122516072346
WALLABY J131321-185558,81.000000000162,0.39170194544275194
WALLABY J131321-185558,87.000000000174,0.1776580788612735
WALLABY J131321-185558,93.000000000186,0.060139916795708084
WALLABY J131321-185558,99.000000000198,0.0056279056962705055
WALLABY J131324-124234,3.000000000006,12.951481741914343
WALLABY J131324-124234,9.000000000018,31.782269795215683
WALLABY J131324-124234,15.00000000003,24.137355171591196
WALLABY J131324-124234,21.000000000042,25.08673121705727
WALLABY J131324-124234,27.000000000054,14.987530784586095
WALLABY J131324-124234,33.000000000066,10.386484711035205
WALLABY J131324-124234,39.000000000078,5.363014764755426
WALLABY J131324-124234,45.00000000009,2.856365296031291
WALLABY J131324-124234,51.000000000102006,0.8359000043982859
WALLABY J131324-124234,57.000000000114,0.1877672859913546
WALLABY J131324-124234,63.00000000012601,0.21852767016555913
WALLABY J131324-124234,69.000000000138,0.05056018973138818
WALLABY J131324-124234,75.00000000015001,0.0654954577018028
WALLABY J131324-124234,81.000000000162,0.012323869909101379
WALLABY J131327-204640,3.000000000006,74.13506888113142
WALLABY J131327-204640,9.000000000018,58.917379887271224
WALLABY J131327-204640,15.00000000003,40.96976310910252
WALLABY J131327-204640,21.000000000042,38.02547853745168
WALLABY J131327-204640,27.000000000054,26.085506553682524
WALLABY J131327-204640,33.000000000066,18.467504125485316
WALLABY J131327-204640,39.000000000078,8.88631463877826
WALLABY J131327-204640,45.00000000009,4.056002987602987
WALLABY J131327-204640,51.000000000102006,0.28046380501551094
WALLABY J131327-204640,57.000000000114,0.06167236030661621
WALLABY J131327-204640,63.00000000012601,0.01448903648520761
WALLABY J131344-175928,3.000000000006,49.26594117882682
WALLABY J131344-175928,9.000000000018,41.9549120879671
WALLABY J131344-175928,15.00000000003,38.0367683568566
WALLABY J131344-175928,21.000000000042,34.38414094949445
WALLABY J131344-175928,27.000000000054,29.611580106050543
WALLABY J131344-175928,33.000000000066,18.990851120764514
WALLABY J131344-175928,39.000000000078,12.136729042933919
WALLABY J131344-175928,45.00000000009,6.060450337946481
WALLABY J131344-175928,51.000000000102006,1.5866679785401023
WALLABY J131344-175928,57.000000000114,0.4820326183041982
WALLABY J131344-175928,63.00000000012601,0.4045913509091059
WALLABY J131344-175928,69.000000000138,0.2283580834764728
WALLABY J131344-175928,75.00000000015001,0.056706464551340784
WALLABY J131344-175928,81.000000000162,0.009895471416086626
WALLABY J131346-144345,3.000000000006,50.62401565310896
WALLABY J131346-144345,9.000000000018,28.099487920363384
WALLABY J131346-144345,15.00000000003,37.522408606357544
WALLABY J131346-144345,21.000000000042,27.69360893453006
WALLABY J131346-144345,27.000000000054,24.333537584676208
WALLABY J131346-144345,33.000000000066,16.630597888735025
WALLABY J131346-144345,39.000000000078,10.61848863853775
WALLABY J131346-144345,45.00000000009,6.714747702919464
WALLABY J131346-144345,51.000000000102006,2.9669937736497327
WALLABY J131346-144345,57.000000000114,1.3449301875211703
WALLABY J131346-144345,63.00000000012601,0.8292981390314241
WALLABY J131346-144345,69.000000000138,0.1038589634248202
WALLABY J131352-204405,3.000000000006,17.74121379068577
WALLABY J131352-204405,9.000000000018,33.57952388157874
WALLABY J131352-204405,15.00000000003,28.678630181388556
WALLABY J131352-204405,21.000000000042,23.99640069790783
WALLABY J131352-204405,27.000000000054,14.067930844486556
WALLABY J131352-204405,33.000000000066,14.74426332382037
WALLABY J131352-204405,39.000000000078,10.048484730216446
WALLABY J131352-204405,45.00000000009,4.794614544008476
WALLABY J131352-204405,51.000000000102006,3.065318988882364
WALLABY J131352-204405,57.000000000114,1.8292255117479297
WALLABY J131352-204405,63.00000000012601,0.7093394601339682
WALLABY J131352-204405,69.000000000138,0.6868451647744426
WALLABY J131352-204405,75.00000000015001,0.3508474285258871
WALLABY J131352-204405,81.000000000162,0.32194760406106343
WALLABY J131352-204405,87.000000000174,0.23993736831832788
WALLABY J131352-204405,93.000000000186,0.0748808852265052
WALLABY J131352-204405,99.000000000198,0.022662253369989293
WALLABY J131403-120644,3.000000000006,31.899630231755644
WALLABY J131403-120644,9.000000000018,25.04825256697974
WALLABY J131403-120644,15.00000000003,18.14189458447766
WALLABY J131403-120644,21.000000000042,16.263084452551727
WALLABY J131403-120644,27.000000000054,9.355232461213145
WALLABY J131403-120644,33.000000000066,4.445380659328712
WALLABY J131403-120644,39.000000000078,1.6760434205129073
WALLABY J131403-120644,45.00000000009,0.008445405620961684
WALLABY J131403-120644,51.000000000102006,0.12660033595922454
WALLABY J131403-120644,57.000000000114,0.023521032351865204
WALLABY J131409-171242,3.000000000006,15.560428088786036
WALLABY J131409-171242,9.000000000018,15.709193049299902
WALLABY J131409-171242,15.00000000003,12.773959964799053
WALLABY J131409-171242,21.000000000042,12.401515545985891
WALLABY J131409-171242,27.000000000054,7.457028816027256
WALLABY J131409-171242,33.000000000066,7.398635173040864
WALLABY J131409-171242,39.000000000078,3.365570080063696
WALLABY J131409-171242,45.00000000009,0.4141623811088375
WALLABY J131409-171242,51.000000000102006,0.13622222284284113
WALLABY J131410-132513,3.000000000006,20.45709722197031
WALLABY J131410-132513,9.000000000018,17.474007166254
WALLABY J131410-132513,15.00000000003,11.771615989758425
WALLABY J131410-132513,21.000000000042,12.537211721320656
WALLABY J131410-132513,27.000000000054,8.782343117134902
WALLABY J131410-132513,33.000000000066,7.352342956513635
WALLABY J131410-132513,39.000000000078,4.069496636160512
WALLABY J131410-132513,45.00000000009,1.7531504789268573
WALLABY J131410-132513,51.000000000102006,1.581368020648791
WALLABY J131410-132513,57.000000000114,0.6093864891500069
WALLABY J131410-132513,63.00000000012601,0.07369437187526845
WALLABY J131410-132513,69.000000000138,0.027631938155423644
WALLABY J131410-132513,75.00000000015001,0.03887193212902593
WALLABY J131410-132513,81.000000000162,0.008737296038897691
WALLABY J131413-125346,3.000000000006,22.405825678405982
WALLABY J131413-125346,9.000000000018,24.08380062409246
WALLABY J131413-125346,15.00000000003,13.080228804246417
WALLABY J131413-125346,21.000000000042,10.93796248203481
WALLABY J131413-125346,27.000000000054,6.151868122682809
WALLABY J131413-125346,33.000000000066,3.3614873861132635
WALLABY J131413-125346,39.000000000078,1.3398704742705903
WALLABY J131413-125346,45.00000000009,0.5174798739486336
WALLABY J131413-125346,51.000000000102006,0.311072889556713
WALLABY J131413-125346,57.000000000114,0.11137079675219834
WALLABY J131413-125346,63.00000000012601,0.1422845621557847
WALLABY J131413-125346,69.000000000138,0.02371961404787672
WALLABY J131415-141108,3.000000000006,49.37769373211582
WALLABY J131415-141108,9.000000000018,38.42797626403572
WALLABY J131415-141108,15.00000000003,39.78206524479757
WALLABY J131415-141108,21.000000000042,29.196293339990227
WALLABY J131415-141108,27.000000000054,21.492415774789187
WALLABY J131415-141108,33.000000000066,15.598869049623495
WALLABY J131415-141108,39.000000000078,10.110576068415913
WALLABY J131415-141108,45.00000000009,7.084830568046587
WALLABY J131415-141108,51.000000000102006,5.0684589074158595
WALLABY J131415-141108,57.000000000114,3.8357232870105276
WALLABY J131415-141108,63.00000000012601,2.507151174148067
WALLABY J131415-141108,69.000000000138,1.5196230286630719
WALLABY J131415-141108,75.00000000015001,0.7028251649885642
WALLABY J131415-141108,81.000000000162,0.4353586370082118
WALLABY J131415-141108,87.000000000174,0.07503323241819668
WALLABY J131415-141108,93.000000000186,0.04401010549219326
WALLABY J131415-141108,99.000000000198,0.048068409137323444
WALLABY J131420-122736,3.000000000006,49.766169257814376
WALLABY J131420-122736,9.000000000018,33.67392894614561
WALLABY J131420-122736,15.00000000003,27.047627473119988
WALLABY J131420-122736,21.000000000042,19.7905223359426
WALLABY J131420-122736,27.000000000054,17.230339176347258
WALLABY J131420-122736,33.000000000066,13.103211252898506
WALLABY J131420-122736,39.000000000078,9.206161996002454
WALLABY J131420-122736,45.00000000009,6.868451846991868
WALLABY J131420-122736,51.000000000102006,3.2325209846948164
WALLABY J131420-122736,57.000000000114,1.0629392295185869
WALLABY J131420-122736,63.00000000012601,0.1257478204016037
WALLABY J131420-122736,69.000000000138,0.022948825366928143
WALLABY J131420-122736,75.00000000015001,0.03426957156355152
WALLABY J131420-122736,81.000000000162,0.011085031270472476
WALLABY J131420-122736,87.000000000174,0.015453052062513316
WALLABY J131420-122736,93.000000000186,0.004862793845173713
WALLABY J131431-105651,3.000000000006,49.248994484480875
WALLABY J131431-105651,9.000000000018,42.38577107927782
WALLABY J131431-105651,15.00000000003,45.43503887046715
WALLABY J131431-105651,21.000000000042,35.25942190015303
WALLABY J131431-105651,27.000000000054,29.268608053890787
WALLABY J131431-105651,33.000000000066,24.68305928111761
WALLABY J131431-105651,39.000000000078,15.266880470311085
WALLABY J131431-105651,45.00000000009,10.399512237213846
WALLABY J131431-105651,51.000000000102006,4.059250370188537
WALLABY J131431-105651,57.000000000114,1.1084461584320728
WALLABY J131431-105651,63.00000000012601,0.06864330561701693
WALLABY J131431-105651,69.000000000138,0.21588195114315947
WALLABY J131431-105651,75.00000000015001,0.08189154368393978
WALLABY J131434-145005,3.000000000006,0.0
WALLABY J131434-145005,9.000000000018,10.954132727221783
WALLABY J131434-145005,15.00000000003,5.228250444573766
WALLABY J131434-145005,21.000000000042,9.957184592952181
WALLABY J131434-145005,27.000000000054,8.108552690775344
WALLABY J131434-145005,33.000000000066,8.061834649558168
WALLABY J131434-145005,39.000000000078,8.060394854231394
WALLABY J131434-145005,45.00000000009,4.4456112431166
WALLABY J131434-145005,51.000000000102006,6.628846422144779
WALLABY J131434-145005,57.000000000114,3.0002923210361967
WALLABY J131434-145005,63.00000000012601,2.8607958053270224
WALLABY J131434-145005,69.000000000138,2.262880953486302
WALLABY J131434-145005,75.00000000015001,1.5466676666014687
WALLABY J131434-145005,81.000000000162,2.436696287383315
WALLABY J131434-145005,87.000000000174,1.202428645118032
WALLABY J131434-145005,93.000000000186,1.450205449715076
WALLABY J131434-145005,99.000000000198,0.813414171895935
WALLABY J131434-145005,105.00000000021001,0.5916979207943076
WALLABY J131434-145005,111.000000000222,0.24628200385069235
WALLABY J131434-145005,117.000000000234,0.09389540286173276
WALLABY J131434-145005,123.000000000246,0.10080368138202274
WALLABY J131434-145005,129.000000000258,0.0
WALLABY J131434-145005,135.00000000027,0.08237010185316877
WALLABY J131434-145005,141.000000000282,0.0
WALLABY J131434-145005,147.000000000294,0.021889578860871582
WALLABY J131434-145005,153.000000000306,0.02352072447166172
WALLABY J131434-145005,159.000000000318,0.0
WALLABY J131434-145005,165.00000000033,0.010483447161963453
WALLABY J131441-184647,3.000000000006,77.35779781596469
WALLABY J131441-184647,9.000000000018,35.21321356715349
WALLABY J131441-184647,15.00000000003,37.78420098087162
WALLABY J131441-184647,21.000000000042,37.081461608262956
WALLABY J131441-184647,27.000000000054,23.592681322859033
WALLABY J131441-184647,33.000000000066,16.13225325549193
WALLABY J131441-184647,39.000000000078,10.042808355886837
WALLABY J131441-184647,45.00000000009,4.7310744263412525
WALLABY J131441-184647,51.000000000102006,3.1337866042181357
WALLABY J131441-184647,57.000000000114,0.6726216288592448
WALLABY J131441-184647,63.00000000012601,0.3958881368641742
WALLABY J131441-184647,69.000000000138,0.20260947846637037
WALLABY J131441-184647,75.00000000015001,0.07370469525697633
WALLABY J131441-184647,81.000000000162,0.054539850038484675
WALLABY J131441-184647,87.000000000174,0.013884141036273126
WALLABY J131448-163249,3.000000000006,16.2404561587027
WALLABY J131448-163249,9.000000000018,8.462675842817486
WALLABY J131448-163249,15.00000000003,10.360775622656474
WALLABY J131448-163249,21.000000000042,8.642520729089961
WALLABY J131448-163249,27.000000000054,5.251838670207259
WALLABY J131448-163249,33.000000000066,4.777577225036382
WALLABY J131448-163249,39.000000000078,2.5854554854731058
WALLABY J131448-163249,45.00000000009,0.4367320275646633
WALLABY J131448-163249,51.000000000102006,0.049964699307961824
WALLABY J131448-163249,57.000000000114,0.1853137146153188
WALLABY J131448-163249,63.00000000012601,0.07062750646435327
WALLABY J131448-163249,69.000000000138,0.032009964944826975
WALLABY J131448-163249,75.00000000015001,0.01633202724005482
WALLABY J131451-143740,3.000000000006,21.436885126329056
WALLABY J131451-143740,9.000000000018,25.93725173053482
WALLABY J131451-143740,15.00000000003,21.512887828645102
WALLABY J131451-143740,21.000000000042,15.994631372001203
WALLABY J131451-143740,27.000000000054,10.736415483595543
WALLABY J131451-143740,33.000000000066,6.906077511477554
WALLABY J131451-143740,39.000000000078,2.6378581555787233
WALLABY J131451-143740,45.00000000009,0.6096249021399073
WALLABY J131451-143740,51.000000000102006,0.11765863472895077
WALLABY J131451-143740,57.000000000114,0.05139169842405788
WALLABY J131451-143740,63.00000000012601,0.1387718568996855
WALLABY J131451-143740,69.000000000138,0.047494695244433276
WALLABY J131451-143740,75.00000000015001,0.03774799734899479
WALLABY J131512-175802,3.000000000006,25.369981797642733
WALLABY J131512-175802,9.000000000018,35.63161663198498
WALLABY J131512-175802,15.00000000003,40.85218342292804
WALLABY J131512-175802,21.000000000042,44.95637030118206
WALLABY J131512-175802,27.000000000054,43.09682563484632
WALLABY J131512-175802,33.000000000066,39.088043913818346
WALLABY J131512-175802,39.000000000078,36.49146406557369
WALLABY J131512-175802,45.00000000009,33.98421247522064
WALLABY J131512-175802,51.000000000102006,28.154339481467684
WALLABY J131512-175802,57.000000000114,19.759525526690275
WALLABY J131512-175802,63.00000000012601,12.256909350983577
WALLABY J131512-175802,69.000000000138,6.754134445495093
WALLABY J131512-175802,75.00000000015001,4.93217228691565
WALLABY J131512-175802,81.000000000162,2.3171122209219566
WALLABY J131512-175802,87.000000000174,1.201338328876202
WALLABY J131512-175802,93.000000000186,0.2775863114147615
WALLABY J131512-175802,99.000000000198,0.25576799585861404
WALLABY J131512-175802,105.00000000021001,0.04851303975593871
WALLABY J131512-175802,111.000000000222,0.06582884041571654
WALLABY J131512-175802,117.000000000234,0.12890300305343294
WALLABY J131512-175802,123.000000000246,0.09923808695377606
WALLABY J131512-175802,129.000000000258,0.13671460346411726
WALLABY J131512-175802,135.00000000027,0.1226846825533784
WALLABY J131512-175802,141.000000000282,0.010598816104647591
WALLABY J131512-175802,147.000000000294,0.018310441683146893
WALLABY J131516-145919,3.000000000006,21.418100318457146
WALLABY J131516-145919,9.000000000018,19.38714929150484
WALLABY J131516-145919,15.00000000003,18.16360968853961
WALLABY J131516-145919,21.000000000042,11.884082502359968
WALLABY J131516-145919,27.000000000054,7.702862903457434
WALLABY J131516-145919,33.000000000066,4.078490034278903
WALLABY J131516-145919,39.000000000078,2.7767497513809776
WALLABY J131516-145919,45.00000000009,1.7595205864138137
WALLABY J131516-145919,51.000000000102006,0.357418044756559
WALLABY J131516-145919,57.000000000114,0.2510841402708707
WALLABY J131516-145919,63.00000000012601,0.0005829375725256532
WALLABY J131524-154106,3.000000000006,35.31536432483065
WALLABY J131524-154106,9.000000000018,21.234283928947672
WALLABY J131524-154106,15.00000000003,19.850873997309854
WALLABY J131524-154106,21.000000000042,13.255958825425838
WALLABY J131524-154106,27.000000000054,7.096632836989916
WALLABY J131524-154106,33.000000000066,4.404963646190383
WALLABY J131524-154106,39.000000000078,1.9587974418515457
WALLABY J131524-154106,45.00000000009,0.38122586270492287
WALLABY J131524-154106,51.000000000102006,0.13996128713911163
WALLABY J131526-132732,3.000000000006,9.217850069977388
WALLABY J131526-132732,9.000000000018,6.748320802398194
WALLABY J131526-132732,15.00000000003,11.433577306220846
WALLABY J131526-132732,21.000000000042,8.076699768027828
WALLABY J131526-132732,27.000000000054,3.417529300551863
WALLABY J131526-132732,33.000000000066,6.435480903492202
WALLABY J131526-132732,39.000000000078,1.7737784031626247
WALLABY J131526-132732,45.00000000009,2.062847121819121
WALLABY J131526-132732,51.000000000102006,0.9698183147165553
WALLABY J131526-132732,57.000000000114,1.0946201047335509
WALLABY J131526-132732,63.00000000012601,0.7548308481328676
WALLABY J131526-132732,69.000000000138,0.5519787923220358
WALLABY J131526-132732,75.00000000015001,0.2223332004281108
WALLABY J131526-132732,81.000000000162,0.05618805824727303
WALLABY J131526-132732,87.000000000174,0.010818069117866671
WALLABY J131526-132732,93.000000000186,0.042953496172421925
WALLABY J131526-132732,99.000000000198,0.013138501548915372
WALLABY J131526-132732,105.00000000021001,0.007381027182342015
WALLABY J131526-132732,111.000000000222,0.010853342428365264
WALLABY J131526-132732,117.000000000234,0.01326960503398809
WALLABY J131526-132732,123.000000000246,0.025784497615963523
WALLABY J131528-131929,3.000000000006,55.575327918660925
WALLABY J131528-131929,9.000000000018,38.49071533486846
WALLABY J131528-131929,15.00000000003,34.74011185597565
WALLABY J131528-131929,21.000000000042,22.899313596621745
WALLABY J131528-131929,27.000000000054,12.884474396861322
WALLABY J131528-131929,33.000000000066,10.466530983461562
WALLABY J131528-131929,39.000000000078,6.056835948949493
WALLABY J131528-131929,45.00000000009,3.4365121660144173
WALLABY J131528-131929,51.000000000102006,2.243802203988397
WALLABY J131528-131929,57.000000000114,0.31985309530684397
WALLABY J131528-131929,63.00000000012601,0.13000112646241432
WALLABY J131528-131929,69.000000000138,0.16368908076498861
WALLABY J131528-131929,75.00000000015001,0.020382564848574227
WALLABY J131532-161726,3.000000000006,18.86731143022474
WALLABY J131532-161726,9.000000000018,15.824345249141105
WALLABY J131532-161726,15.00000000003,13.948959357266876
WALLABY J131532-161726,21.000000000042,12.108606581611093
WALLABY J131532-161726,27.000000000054,10.555225319623517
WALLABY J131532-161726,33.000000000066,7.4977398533926705
WALLABY J131532-161726,39.000000000078,4.868060551795704
WALLABY J131532-161726,45.00000000009,2.81469434057514
WALLABY J131532-161726,51.000000000102006,1.0062085819835922
WALLABY J131532-161726,57.000000000114,0.8571331060798267
WALLABY J131532-161726,63.00000000012601,0.22216465715831732
WALLABY J131532-161726,69.000000000138,0.09400656696247463
WALLABY J131532-161726,75.00000000015001,0.04435494490592219
WALLABY J131532-161726,81.000000000162,0.02598891819962821
WALLABY J131535-142104,3.000000000006,42.133600899873905
WALLABY J131535-142104,9.000000000018,38.20278666978331
WALLABY J131535-142104,15.00000000003,34.2292833773632
WALLABY J131535-142104,21.000000000042,22.322078799193303
WALLABY J131535-142104,27.000000000054,11.177528490809808
WALLABY J131535-142104,33.000000000066,5.014552942615474
WALLABY J131535-142104,39.000000000078,2.566776199929327
WALLABY J131535-142104,45.00000000009,1.0239721529995847
WALLABY J131535-142104,51.000000000102006,0.21279733484789637
WALLABY J131535-142104,57.000000000114,0.012288200880439165
WALLABY J131547-173827,3.000000000006,2.912853809471081
WALLABY J131547-173827,9.000000000018,5.14266228063572
WALLABY J131547-173827,15.00000000003,5.586362605481853
WALLABY J131547-173827,21.000000000042,3.2789406352015784
WALLABY J131547-173827,27.000000000054,7.6926288571906465
WALLABY J131547-173827,33.000000000066,8.758208626241876
WALLABY J131547-173827,39.000000000078,5.981680680463086
WALLABY J131547-173827,45.00000000009,6.1768242911078595
WALLABY J131547-173827,51.000000000102006,5.51596962909633
WALLABY J131547-173827,57.000000000114,2.4601428923170325
WALLABY J131547-173827,63.00000000012601,2.912341358968941
WALLABY J131547-173827,69.000000000138,1.354790249082127
WALLABY J131547-173827,75.00000000015001,1.5957292424153209
WALLABY J131547-173827,81.000000000162,0.6438786489734014
WALLABY J131547-173827,87.000000000174,0.7734918240928922
WALLABY J131547-173827,93.000000000186,0.4343989790736099
WALLABY J131547-173827,99.000000000198,0.35246647995432656
WALLABY J131547-173827,105.00000000021001,0.14326083847719043
WALLABY J131547-173827,111.000000000222,0.1038286851823489
WALLABY J131547-173827,117.000000000234,0.04954694401393157
WALLABY J131547-173827,123.000000000246,0.033376583641778805
WALLABY J131547-173827,129.000000000258,0.03439955649948299
WALLABY J131547-173827,135.00000000027,0.01756220513479299
WALLABY J131547-173827,141.000000000282,0.010913144567889653
WALLABY J131547-173827,147.000000000294,0.013280915125838903
WALLABY J131548-170147,3.000000000006,21.84067592617714
WALLABY J131548-170147,9.000000000018,16.657803990225982
WALLABY J131548-170147,15.00000000003,10.624350308894225
WALLABY J131548-170147,21.000000000042,11.361195908044389
WALLABY J131548-170147,27.000000000054,10.434369287832785
WALLABY J131548-170147,33.000000000066,5.223791107126971
WALLABY J131548-170147,39.000000000078,4.56289449224875
WALLABY J131548-170147,45.00000000009,2.4598061923668593
WALLABY J131548-170147,51.000000000102006,1.9812450054758786
WALLABY J131548-170147,57.000000000114,0.6920146103081882
WALLABY J131548-170147,63.00000000012601,0.23750307314117614
WALLABY J131548-170147,69.000000000138,0.03503618492749659
WALLABY J131548-170147,75.00000000015001,0.04510049665014832
WALLABY J131548-170147,81.000000000162,0.009652871185561587
WALLABY J131551-161220,3.000000000006,37.13871357896658
WALLABY J131551-161220,9.000000000018,40.243539889535555
WALLABY J131551-161220,15.00000000003,35.967735100312005
WALLABY J131551-161220,21.000000000042,21.58705380515614
WALLABY J131551-161220,27.000000000054,13.662930585846187
WALLABY J131551-161220,33.000000000066,9.073988593491165
WALLABY J131551-161220,39.000000000078,3.7193074861275477
WALLABY J131551-161220,45.00000000009,1.8133957549379855
WALLABY J131551-161220,51.000000000102006,0.41383092458598
WALLABY J131551-161220,57.000000000114,0.1587256380749416
WALLABY J131551-161220,63.00000000012601,0.05113156447260007
WALLABY J131554-145828,3.000000000006,8.641021335125124
WALLABY J131554-145828,9.000000000018,13.699627046696412
WALLABY J131554-145828,15.00000000003,13.305946716722978
WALLABY J131554-145828,21.000000000042,9.683696166846705
WALLABY J131554-145828,27.000000000054,7.271208492113894
WALLABY J131554-145828,33.000000000066,5.947719640702239
WALLABY J131554-145828,39.000000000078,3.1117812658250736
WALLABY J131554-145828,45.00000000009,2.133683765092118
WALLABY J131554-145828,51.000000000102006,0.7956549768335308
WALLABY J131554-145828,57.000000000114,0.06964802993692036
WALLABY J131554-145828,63.00000000012601,0.04180175976246681
WALLABY J131554-145828,69.000000000138,0.006244282124577026
WALLABY J131554-145828,75.00000000015001,0.017921137365877162
WALLABY J131554-145828,81.000000000162,0.0013689713487146764
WALLABY J131600-185222,3.000000000006,14.036907207089188
WALLABY J131600-185222,9.000000000018,13.691290595627692
WALLABY J131600-185222,15.00000000003,13.450810084298704
WALLABY J131600-185222,21.000000000042,11.775239884310492
WALLABY J131600-185222,27.000000000054,9.004279555059677
WALLABY J131600-185222,33.000000000066,6.39239672869643
WALLABY J131600-185222,39.000000000078,3.6608599159329867
WALLABY J131600-185222,45.00000000009,0.6714036282782939
WALLABY J131600-185222,51.000000000102006,0.11229430906297853
WALLABY J131608-165949,3.000000000006,28.219107412458158
WALLABY J131608-165949,9.000000000018,37.81910448652093
WALLABY J131608-165949,15.00000000003,30.608818300130608
WALLABY J131608-165949,21.000000000042,19.83152397839469
WALLABY J131608-165949,27.000000000054,11.318781884730711
WALLABY J131608-165949,33.000000000066,5.039778500055451
WALLABY J131608-165949,39.000000000078,0.825107093233761
WALLABY J131608-165949,45.00000000009,0.09100573528116944
WALLABY J131608-165949,51.000000000102006,0.017704272937256765
WALLABY J131618-190711,3.000000000006,28.906839261171978
WALLABY J131618-190711,9.000000000018,18.500669124201874
WALLABY J131618-190711,15.00000000003,19.767719921659126
WALLABY J131618-190711,21.000000000042,12.481361464444422
WALLABY J131618-190711,27.000000000054,7.968457925547568
WALLABY J131618-190711,33.000000000066,4.951143646502519
WALLABY J131618-190711,39.000000000078,2.780432938188103
WALLABY J131618-190711,45.00000000009,0.7236306003403848
WALLABY J131618-190711,51.000000000102006,0.23794519590149327
WALLABY J131618-190711,57.000000000114,0.1731849984300953
WALLABY J131618-204147,3.000000000006,83.60733091665095
WALLABY J131618-204147,9.000000000018,63.038177847263164
WALLABY J131618-204147,15.00000000003,74.14994087094443
WALLABY J131618-204147,21.000000000042,44.30642686555233
WALLABY J131618-204147,27.000000000054,47.40013338508725
WALLABY J131618-204147,33.000000000066,36.93060464786746
WALLABY J131618-204147,39.000000000078,28.058880520149053
WALLABY J131618-204147,45.00000000009,23.766175848045343
WALLABY J131618-204147,51.000000000102006,15.085288051545675
WALLABY J131618-204147,57.000000000114,10.721404257454582
WALLABY J131618-204147,63.00000000012601,6.21488245663066
WALLABY J131618-204147,69.000000000138,3.5720212477924234
WALLABY J131618-204147,75.00000000015001,1.7460743352351218
WALLABY J131618-204147,81.000000000162,0.9283676156455842
WALLABY J131618-204147,87.000000000174,1.1369860963150078
WALLABY J131618-204147,93.000000000186,0.6375139223389683
WALLABY J131618-204147,99.000000000198,0.38772415672335125
WALLABY J131618-204147,105.00000000021001,0.24886421943658923
WALLABY J131618-204147,111.000000000222,0.22776356566475792
WALLABY J131618-204147,117.000000000234,0.13529668454155744
WALLABY J131618-204147,123.000000000246,0.08947540984548417
WALLABY J131618-204147,129.000000000258,0.01606340322240134
WALLABY J131620-164013,3.000000000006,52.36143229040222
WALLABY J131620-164013,9.000000000018,69.2144810663311
WALLABY J131620-164013,15.00000000003,52.59870004264645
WALLABY J131620-164013,21.000000000042,33.8478728316591
WALLABY J131620-164013,27.000000000054,41.98219212959895
WALLABY J131620-164013,33.000000000066,29.6867541761876
WALLABY J131620-164013,39.000000000078,17.043720217448254
WALLABY J131620-164013,45.00000000009,9.52089361652122
WALLABY J131620-164013,51.000000000102006,8.794255042883238
WALLABY J131620-164013,57.000000000114,5.2520658157396705
WALLABY J131620-164013,63.00000000012601,2.1641647973802844
WALLABY J131620-164013,69.000000000138,1.077222218208389
WALLABY J131620-164013,75.00000000015001,0.7753131283546608
WALLABY J131620-164013,81.000000000162,0.28633568601788406
WALLABY J131620-164013,87.000000000174,0.1651992130115431
WALLABY J131620-164013,93.000000000186,0.021176428394953564
WALLABY J131624-192614,3.000000000006,40.07305512983711
WALLABY J131624-192614,9.000000000018,31.816153469860755
WALLABY J131624-192614,15.00000000003,36.87451697786468
WALLABY J131624-192614,21.000000000042,30.223841511971354
WALLABY J131624-192614,27.000000000054,21.533967310243487
WALLABY J131624-192614,33.000000000066,14.131456772190912
WALLABY J131624-192614,39.000000000078,9.098677064256796
WALLABY J131624-192614,45.00000000009,5.499023464894005
WALLABY J131624-192614,51.000000000102006,1.9399888189364984
WALLABY J131624-192614,57.000000000114,0.7479442519940068
WALLABY J131624-192614,63.00000000012601,0.6537121756063454
WALLABY J131624-192614,69.000000000138,0.21161100864982643
WALLABY J131624-192614,75.00000000015001,0.08257567996929253
WALLABY J131624-192614,81.000000000162,0.004353788063760822
WALLABY J131638-174225,3.000000000006,13.41284823693108
WALLABY J131638-174225,9.000000000018,12.69975714943584
WALLABY J131638-174225,15.00000000003,10.365876549591801
WALLABY J131638-174225,21.000000000042,10.4619996679766
WALLABY J131638-174225,27.000000000054,6.998525926071715
WALLABY J131638-174225,33.000000000066,5.181846318271647
WALLABY J131638-174225,39.000000000078,4.5844914942157216
WALLABY J131638-174225,45.00000000009,3.0046011647950515
WALLABY J131638-174225,51.000000000102006,1.8187755221223585
WALLABY J131638-174225,57.000000000114,1.2589741861567263
WALLABY J131638-174225,63.00000000012601,0.8552339067626221
WALLABY J131638-174225,69.000000000138,0.4966028209849554
WALLABY J131638-174225,75.00000000015001,0.6867228776541378
WALLABY J131638-174225,81.000000000162,0.5167963311183371
WALLABY J131638-174225,87.000000000174,0.06904341064916904
WALLABY J131638-174225,93.000000000186,0.0026254080073430074
WALLABY J131649-133623,3.000000000006,54.00765453549222
WALLABY J131649-133623,9.000000000018,78.42890999293046
WALLABY J131649-133623,15.00000000003,63.53191219388573
WALLABY J131649-133623,21.000000000042,56.4412903229776
WALLABY J131649-133623,27.000000000054,52.02350086912977
WALLABY J131649-133623,33.000000000066,36.733362497143766
WALLABY J131649-133623,39.000000000078,32.866775719308954
WALLABY J131649-133623,45.00000000009,20.662984681390736
WALLABY J131649-133623,51.000000000102006,15.49263243860459
WALLABY J131649-133623,57.000000000114,9.738173105172303
WALLABY J131649-133623,63.00000000012601,5.042819028285576
WALLABY J131649-133623,69.000000000138,3.1997872940884418
WALLABY J131649-133623,75.00000000015001,1.730937868439224
WALLABY J131649-133623,81.000000000162,0.9743498053404791
WALLABY J131649-133623,87.000000000174,0.3497458710186432
WALLABY J131649-133623,93.000000000186,0.15572465402146868
WALLABY J131649-133623,99.000000000198,0.057323708204919124
WALLABY J131650-184634,3.000000000006,11.070560840129266
WALLABY J131650-184634,9.000000000018,11.139493245423612
WALLABY J131650-184634,15.00000000003,6.136405982788845
WALLABY J131650-184634,21.000000000042,9.623444964913661
WALLABY J131650-184634,27.000000000054,6.31021327329929
WALLABY J131650-184634,33.000000000066,3.890606811131898
WALLABY J131650-184634,39.000000000078,2.144264971323286
WALLABY J131650-184634,45.00000000009,0.42547874168120126
WALLABY J131650-184634,51.000000000102006,0.23367241258796342
WALLABY J131650-184634,57.000000000114,0.0490145612030473
WALLABY J131650-184634,63.00000000012601,0.04027404380187106
WALLABY J131650-184634,69.000000000138,0.0
WALLABY J131650-184634,75.00000000015001,0.012137600987607635
WALLABY J131650-214015,3.000000000006,58.8073413235766
WALLABY J131650-214015,9.000000000018,72.20637438703275
WALLABY J131650-214015,15.00000000003,68.44314948308526
WALLABY J131650-214015,21.000000000042,40.49427285258381
WALLABY J131650-214015,27.000000000054,26.713982536907427
WALLABY J131650-214015,33.000000000066,28.047930502393424
WALLABY J131650-214015,39.000000000078,19.262810844847372
WALLABY J131650-214015,45.00000000009,10.222459313515266
WALLABY J131650-214015,51.000000000102006,7.633138496169972
WALLABY J131650-214015,57.000000000114,1.931945766008839
WALLABY J131650-214015,63.00000000012601,0.8922808927738166
WALLABY J131650-214015,69.000000000138,0.07832178581143966
WALLABY J131652-175359,3.000000000006,17.567435969115504
WALLABY J131652-175359,9.000000000018,18.659973375790543
WALLABY J131652-175359,15.00000000003,18.59500683804413
WALLABY J131652-175359,21.000000000042,18.079692505125145
WALLABY J131652-175359,27.000000000054,11.990952175228337
WALLABY J131652-175359,33.000000000066,9.675299081249097
WALLABY J131652-175359,39.000000000078,6.063488967682623
WALLABY J131652-175359,45.00000000009,3.37231228154701
WALLABY J131652-175359,51.000000000102006,2.3824750602639138
WALLABY J131652-175359,57.000000000114,1.2054663254271192
WALLABY J131652-175359,63.00000000012601,0.323076155611964
WALLABY J131652-175359,69.000000000138,0.0604839682697767
WALLABY J131655-134334,3.000000000006,72.29925866360308
WALLABY J131655-134334,9.000000000018,59.7728182782931
WALLABY J131655-134334,15.00000000003,50.34008054060519
WALLABY J131655-134334,21.000000000042,38.56396346244773
WALLABY J131655-134334,27.000000000054,34.820469737253035
WALLABY J131655-134334,33.000000000066,25.203063810256566
WALLABY J131655-134334,39.000000000078,14.158027941466619
WALLABY J131655-134334,45.00000000009,8.08195714259433
WALLABY J131655-134334,51.000000000102006,3.5886049954806145
WALLABY J131655-134334,57.000000000114,0.8952543541300051
WALLABY J131655-134334,63.00000000012601,0.5600907414336487
WALLABY J131655-134334,69.000000000138,0.14842804690561326
WALLABY J131655-134334,75.00000000015001,0.12625751371678967
WALLABY J131655-134334,81.000000000162,0.004207025193780845
WALLABY J131655-163531,3.000000000006,44.40250218080437
WALLABY J131655-163531,9.000000000018,61.569595656802974
WALLABY J131655-163531,15.00000000003,44.151172590251925
WALLABY J131655-163531,21.000000000042,33.021116859975315
WALLABY J131655-163531,27.000000000054,25.09886425748622
WALLABY J131655-163531,33.000000000066,15.149906122946005
WALLABY J131655-163531,39.000000000078,9.248004908897899
WALLABY J131655-163531,45.00000000009,6.6534726831353055
WALLABY J131655-163531,51.000000000102006,2.9570054310042613
WALLABY J131655-163531,57.000000000114,1.7176653421205512
WALLABY J131655-163531,63.00000000012601,2.0126559735585876
WALLABY J131655-163531,69.000000000138,1.7325093566788272
WALLABY J131655-163531,75.00000000015001,1.0487618590148708
WALLABY J131655-163531,81.000000000162,0.5648259469204889
WALLABY J131655-163531,87.000000000174,0.38519549265245734
WALLABY J131655-163531,93.000000000186,0.17780584117393566
WALLABY J131655-163531,99.000000000198,0.02269752453841016
WALLABY J131658-163757,3.000000000006,33.9247974432757
WALLABY J131658-163757,9.000000000018,68.09968482081788
WALLABY J131658-163757,15.00000000003,49.35104443193884
WALLABY J131658-163757,21.000000000042,74.58848080533268
WALLABY J131658-163757,27.000000000054,57.734232730099656
WALLABY J131658-163757,33.000000000066,67.66222426795179
WALLABY J131658-163757,39.000000000078,60.85903269842435
WALLABY J131658-163757,45.00000000009,58.64235665718735
WALLABY J131658-163757,51.000000000102006,60.802518288511166
WALLABY J131658-163757,57.000000000114,38.965064700798905
WALLABY J131658-163757,63.00000000012601,47.160956574223796
WALLABY J131658-163757,69.000000000138,41.350745397410044
WALLABY J131658-163757,75.00000000015001,35.78456785378007
WALLABY J131658-163757,81.000000000162,37.00098360574386
WALLABY J131658-163757,87.000000000174,26.143097019454267
WALLABY J131658-163757,93.000000000186,32.956369350690224
WALLABY J131658-163757,99.000000000198,24.98748343513477
WALLABY J131658-163757,105.00000000021001,25.6954313858784
WALLABY J131658-163757,111.000000000222,24.66476449988146
WALLABY J131658-163757,117.000000000234,18.863213334019804
WALLABY J131658-163757,123.000000000246,23.064098609027717
WALLABY J131658-163757,129.000000000258,17.290553082034002
WALLABY J131658-163757,135.00000000027,15.183516389348108
WALLABY J131658-163757,141.000000000282,13.734909037485728
WALLABY J131658-163757,147.000000000294,9.574660630112742
WALLABY J131658-163757,153.000000000306,8.569653419538051
WALLABY J131658-163757,159.000000000318,5.722412652160658
WALLABY J131658-163757,165.00000000033,4.018848836580326
WALLABY J131658-163757,171.000000000342,2.7430153579761787
WALLABY J131658-163757,177.00000000035402,1.5420413037936767
WALLABY J131658-163757,183.00000000036601,1.2689140242889194
WALLABY J131658-163757,189.000000000378,0.8921821090715935
WALLABY J131658-163757,195.00000000039,0.7633613587043157
WALLABY J131658-163757,201.000000000402,0.545989982786059
WALLABY J131658-163757,207.000000000414,0.4039487705810667
WALLABY J131658-163757,213.000000000426,0.3664761990479531
WALLABY J131658-163757,219.000000000438,0.34867277977887545
WALLABY J131658-163757,225.00000000045,0.36759756188900294
WALLABY J131658-163757,231.00000000046202,0.4172296699077034
WALLABY J131658-163757,237.00000000047402,0.3749913776068061
WALLABY J131658-163757,243.000000000486,0.4226762967166261
WALLABY J131658-163757,249.000000000498,0.46830866352789335
WALLABY J131658-163757,255.00000000051,0.4713387588987095
WALLABY J131658-163757,261.00000000052205,0.5983635472752744
WALLABY J131658-163757,267.000000000534,0.6684449411201728
WALLABY J131658-163757,273.00000000054604,0.7169682046869355
WALLABY J131658-163757,279.000000000558,0.7020577235389185
WALLABY J131658-163757,285.00000000057,0.7378538446285788
WALLABY J131658-163757,291.00000000058196,0.6242313284431296
WALLABY J131658-163757,297.000000000594,0.42585897070616163
WALLABY J131658-163757,303.000000000606,0.3125053329456544
WALLABY J131658-163757,309.000000000618,0.1365489556177655
WALLABY J131658-163757,315.00000000063005,0.06124104370881952
WALLABY J131658-163757,321.000000000642,0.03715447218956773
WALLABY J131658-163757,327.00000000065404,0.03209684292825112
WALLABY J131658-163757,333.000000000666,0.005781768882412025
WALLABY J131658-163757,339.000000000678,0.012853246833995673
WALLABY J131713-130921,3.000000000006,116.8339042613092
WALLABY J131713-130921,9.000000000018,79.22639797842211
WALLABY J131713-130921,15.00000000003,69.92738201035436
WALLABY J131713-130921,21.000000000042,59.38281147959508
WALLABY J131713-130921,27.000000000054,37.4405402867409
WALLABY J131713-130921,33.000000000066,30.14319010559163
WALLABY J131713-130921,39.000000000078,21.130883954535886
WALLABY J131713-130921,45.00000000009,13.56393422502066
WALLABY J131713-130921,51.000000000102006,7.385035105176566
WALLABY J131713-130921,57.000000000114,3.824160969476957
WALLABY J131713-130921,63.00000000012601,2.0590391715976586
WALLABY J131713-130921,69.000000000138,0.9741110503503415
WALLABY J131713-130921,75.00000000015001,0.348277025122013
WALLABY J131713-130921,81.000000000162,0.13900521951016664
WALLABY J131713-130921,87.000000000174,0.041262712112683377
WALLABY J131713-130921,93.000000000186,0.043183684155868506
WALLABY J131713-130921,99.000000000198,0.0201308902082103
WALLABY J131721-175129,3.000000000006,33.12819595450121
WALLABY J131721-175129,9.000000000018,23.974014805504908
WALLABY J131721-175129,15.00000000003,20.047468819652963
WALLABY J131721-175129,21.000000000042,14.735066275559872
WALLABY J131721-175129,27.000000000054,12.153875658797933
WALLABY J131721-175129,33.000000000066,7.481063999427872
WALLABY J131721-175129,39.000000000078,3.6052925251073256
WALLABY J131721-175129,45.00000000009,0.859760295672022
WALLABY J131721-175129,51.000000000102006,0.21780444096925272
WALLABY J131721-175129,57.000000000114,0.19169931727476086
WALLABY J131721-175129,63.00000000012601,0.0968391506457188
WALLABY J131721-175129,69.000000000138,0.00648617347567479
WALLABY J131727-161741,3.000000000006,47.82366210869735
WALLABY J131727-161741,9.000000000018,67.50699412684786
WALLABY J131727-161741,15.00000000003,51.30554519086238
WALLABY J131727-161741,21.000000000042,42.36900185902533
WALLABY J131727-161741,27.000000000054,32.869478027834916
WALLABY J131727-161741,33.000000000066,16.936877933678822
WALLABY J131727-161741,39.000000000078,9.855104405186125
WALLABY J131727-161741,45.00000000009,4.456410688507791
WALLABY J131727-161741,51.000000000102006,1.5820076679265624
WALLABY J131727-161741,57.000000000114,0.36085591001954964
WALLABY J131727-161741,63.00000000012601,0.19213309034938453
WALLABY J131727-161741,69.000000000138,0.045623837872246366
WALLABY J131732-121430,3.000000000006,49.95669841345566
WALLABY J131732-121430,9.000000000018,69.54382826837768
WALLABY J131732-121430,15.00000000003,53.46487288713932
WALLABY J131732-121430,21.000000000042,41.4226964237589
WALLABY J131732-121430,27.000000000054,34.66972583951595
WALLABY J131732-121430,33.000000000066,26.869550341985597
WALLABY J131732-121430,39.000000000078,16.708769100103595
WALLABY J131732-121430,45.00000000009,7.274528268738778
WALLABY J131732-121430,51.000000000102006,2.179761771258793
WALLABY J131732-121430,57.000000000114,0.7815927971411306
WALLABY J131732-121430,63.00000000012601,0.6357941270720546
WALLABY J131732-121430,69.000000000138,0.6292633400334496
WALLABY J131732-121430,75.00000000015001,0.3418589010960061
WALLABY J131732-121430,81.000000000162,0.18505608289771452
WALLABY J131732-121430,87.000000000174,0.16926758567748185
WALLABY J131732-121430,93.000000000186,0.15050607610524944
WALLABY J131732-121430,99.000000000198,0.010320070876799018
WALLABY J131734-161058,3.000000000006,31.03941145036002
WALLABY J131734-161058,9.000000000018,36.25204812521502
WALLABY J131734-161058,15.00000000003,27.751903854641427
WALLABY J131734-161058,21.000000000042,15.91113825298779
WALLABY J131734-161058,27.000000000054,14.20105308652268
WALLABY J131734-161058,33.000000000066,7.280295796891214
WALLABY J131734-161058,39.000000000078,4.268581763507217
WALLABY J131734-161058,45.00000000009,1.5636053265044196
WALLABY J131734-161058,51.000000000102006,0.4534670368025739
WALLABY J131734-161058,57.000000000114,0.0074056328294601825
WALLABY J131738-151033,3.000000000006,6.180654572373823
WALLABY J131738-151033,9.000000000018,11.270702674712629
WALLABY J131738-151033,15.00000000003,9.757072977277968
WALLABY J131738-151033,21.000000000042,7.725748810144663
WALLABY J131738-151033,27.000000000054,6.4791263212094705
WALLABY J131738-151033,33.000000000066,4.745168043350308
WALLABY J131738-151033,39.000000000078,2.850364412646729
WALLABY J131738-151033,45.00000000009,1.3356992587176788
WALLABY J131738-151033,51.000000000102006,0.6022914370903923
WALLABY J131738-151033,57.000000000114,0.39674562503733907
WALLABY J131738-151033,63.00000000012601,0.15256945076868808
WALLABY J131738-151033,69.000000000138,0.16752940357000262
WALLABY J131738-151033,75.00000000015001,0.12667923048724788
WALLABY J131738-151033,81.000000000162,0.03376681626085408
WALLABY J131738-201111,3.000000000006,65.1872574400132
WALLABY J131738-201111,9.000000000018,46.159533277523835
WALLABY J131738-201111,15.00000000003,38.71754300523827
WALLABY J131738-201111,21.000000000042,25.679720656514803
WALLABY J131738-201111,27.000000000054,22.4673075896795
WALLABY J131738-201111,33.000000000066,15.532296454500887
WALLABY J131738-201111,39.000000000078,11.789992685200495
WALLABY J131738-201111,45.00000000009,6.159541302982024
WALLABY J131738-201111,51.000000000102006,3.1091738504145696
WALLABY J131738-201111,57.000000000114,1.4725177613861333
WALLABY J131738-201111,63.00000000012601,0.28829759668909105
WALLABY J131738-201111,69.000000000138,0.06354473276824117
WALLABY J131739-164913,3.000000000006,43.08439345381487
WALLABY J131739-164913,9.000000000018,26.594358247752496
WALLABY J131739-164913,15.00000000003,31.19707280478586
WALLABY J131739-164913,21.000000000042,18.661169180093726
WALLABY J131739-164913,27.000000000054,15.616565925135639
WALLABY J131739-164913,33.000000000066,12.5917146588265
WALLABY J131739-164913,39.000000000078,6.975002646175174
WALLABY J131739-164913,45.00000000009,3.640217139954647
WALLABY J131739-164913,51.000000000102006,2.2073489571194056
WALLABY J131739-164913,57.000000000114,0.5140952290999533
WALLABY J131739-164913,63.00000000012601,0.1748963964506953
WALLABY J131739-213708,3.000000000006,29.60076651307959
WALLABY J131739-213708,9.000000000018,39.67393085014727
WALLABY J131739-213708,15.00000000003,32.008359773674414
WALLABY J131739-213708,21.000000000042,37.50786231465717
WALLABY J131739-213708,27.000000000054,37.71965303459456
WALLABY J131739-213708,33.000000000066,29.929514976604043
WALLABY J131739-213708,39.000000000078,29.175770779284864
WALLABY J131739-213708,45.00000000009,20.682070480802246
WALLABY J131739-213708,51.000000000102006,17.038990322169703
WALLABY J131739-213708,57.000000000114,15.16123817892242
WALLABY J131739-213708,63.00000000012601,11.135716985211962
WALLABY J131739-213708,69.000000000138,8.442975860049561
WALLABY J131739-213708,75.00000000015001,6.456100248645938
WALLABY J131739-213708,81.000000000162,5.838256400937466
WALLABY J131739-213708,87.000000000174,4.563310040850487
WALLABY J131739-213708,93.000000000186,2.6114321472982613
WALLABY J131739-213708,99.000000000198,0.921348950447624
WALLABY J131739-213708,105.00000000021001,0.05000660987023788
WALLABY J131739-213708,111.000000000222,0.027026552149892125
WALLABY J131742-141341,3.000000000006,44.4157240778643
WALLABY J131742-141341,9.000000000018,31.593214656234384
WALLABY J131742-141341,15.00000000003,29.638063056173937
WALLABY J131742-141341,21.000000000042,23.042614637086448
WALLABY J131742-141341,27.000000000054,16.754219382778476
WALLABY J131742-141341,33.000000000066,10.032729813424744
WALLABY J131742-141341,39.000000000078,3.765055735138308
WALLABY J131742-141341,45.00000000009,1.2935850856106907
WALLABY J131742-141341,51.000000000102006,1.0898511776701396
WALLABY J131742-141341,57.000000000114,0.5081771178284467
WALLABY J131742-141341,63.00000000012601,0.14971308342592896
WALLABY J131743-181822,3.000000000006,7.210165714220791
WALLABY J131743-181822,9.000000000018,12.597432168530077
WALLABY J131743-181822,15.00000000003,10.793052541001284
WALLABY J131743-181822,21.000000000042,9.939040912170361
WALLABY J131743-181822,27.000000000054,8.576335849637948
WALLABY J131743-181822,33.000000000066,5.8370285578365815
WALLABY J131743-181822,39.000000000078,3.648167079699211
WALLABY J131743-181822,45.00000000009,1.5252123634287527
WALLABY J131743-181822,51.000000000102006,0.12638349357371279
WALLABY J131743-181822,57.000000000114,0.05872001148169697
WALLABY J131744-185121,3.000000000006,62.09825099435911
WALLABY J131744-185121,9.000000000018,22.205418416487767
WALLABY J131744-185121,15.00000000003,26.915859126359337
WALLABY J131744-185121,21.000000000042,17.89484290595329
WALLABY J131744-185121,27.000000000054,13.385968629895897
WALLABY J131744-185121,33.000000000066,6.913784825721677
WALLABY J131744-185121,39.000000000078,3.7199426196131284
WALLABY J131744-185121,45.00000000009,1.873283163609169
WALLABY J131744-185121,51.000000000102006,0.2781967675451431
WALLABY J131744-185121,57.000000000114,0.02518303950230795
WALLABY J131745-150812,3.000000000006,10.850702548628101
WALLABY J131745-150812,9.000000000018,9.060723833608487
WALLABY J131745-150812,15.00000000003,9.544113372468598
WALLABY J131745-150812,21.000000000042,9.300021276347152
WALLABY J131745-150812,27.000000000054,5.839415480682288
WALLABY J131745-150812,33.000000000066,4.717895909414898
WALLABY J131745-150812,39.000000000078,2.4718283831988783
WALLABY J131745-150812,45.00000000009,1.3963565226045138
WALLABY J131745-150812,51.000000000102006,0.7818622785829829
WALLABY J131745-150812,57.000000000114,0.18934449993808836
WALLABY J131745-150812,63.00000000012601,0.23347996101890395
WALLABY J131745-150812,69.000000000138,0.017550453647065718
WALLABY J131745-150812,75.00000000015001,0.025597404161059323
WALLABY J131745-185133,3.000000000006,7.303945931720482
WALLABY J131745-185133,9.000000000018,6.210774919595777
WALLABY J131745-185133,15.00000000003,6.120897729655031
WALLABY J131745-185133,21.000000000042,5.73666618126782
WALLABY J131745-185133,27.000000000054,5.466715788367384
WALLABY J131745-185133,33.000000000066,10.21892473032843
WALLABY J131745-185133,39.000000000078,4.316618116808948
WALLABY J131745-185133,45.00000000009,6.609235619178337
WALLABY J131745-185133,51.000000000102006,5.276320900684558
WALLABY J131745-185133,57.000000000114,2.929794461496169
WALLABY J131745-185133,63.00000000012601,4.679866599252943
WALLABY J131745-185133,69.000000000138,4.532893927078099
WALLABY J131745-185133,75.00000000015001,2.7390174101747298
WALLABY J131745-185133,81.000000000162,2.5964120602898686
WALLABY J131745-185133,87.000000000174,1.5811246198950557
WALLABY J131745-185133,93.000000000186,0.9301962966658964
WALLABY J131745-185133,99.000000000198,0.42459152339275713
WALLABY J131745-185133,105.00000000021001,0.2948428195654882
WALLABY J131745-185133,111.000000000222,0.13634707182513284
WALLABY J131745-185133,117.000000000234,0.06926151900813628
WALLABY J131745-185133,123.000000000246,0.06073127362084693
WALLABY J131745-185133,129.000000000258,0.04397761450757437
WALLABY J131745-185133,135.00000000027,0.01679618133671095
WALLABY J131745-185133,141.000000000282,0.014018088282359592
WALLABY J131745-185133,147.000000000294,0.006929329305556832
WALLABY J131749-150807,3.000000000006,13.548171385158412
WALLABY J131749-150807,9.000000000018,9.453975702161278
WALLABY J131749-150807,15.00000000003,10.031704353506495
WALLABY J131749-150807,21.000000000042,6.92100517693638
WALLABY J131749-150807,27.000000000054,7.269200315309931
WALLABY J131749-150807,33.000000000066,3.8689363978179245
WALLABY J131749-150807,39.000000000078,2.702806102508045
WALLABY J131749-150807,45.00000000009,1.3223611830912914
WALLABY J131749-150807,51.000000000102006,0.422059810881028
WALLABY J131749-150807,57.000000000114,0.2281409756521155
WALLABY J131749-150807,63.00000000012601,0.10707206758228707
WALLABY J131749-150807,69.000000000138,0.09805557569382448
WALLABY J131749-150807,75.00000000015001,0.057455307097573675
WALLABY J131749-150807,81.000000000162,0.01873989914388527
WALLABY J131753-193408,3.000000000006,48.74000973195478
WALLABY J131753-193408,9.000000000018,30.518731705022233
WALLABY J131753-193408,15.00000000003,28.112458943169713
WALLABY J131753-193408,21.000000000042,23.750784377734913
WALLABY J131753-193408,27.000000000054,14.882580132802962
WALLABY J131753-193408,33.000000000066,8.01738639016319
WALLABY J131753-193408,39.000000000078,3.63105547074386
WALLABY J131753-193408,45.00000000009,2.166628723131971
WALLABY J131753-193408,51.000000000102006,0.45333947888116133
WALLABY J131753-193408,57.000000000114,0.07397500155613389
WALLABY J131758-151541,3.000000000006,8.619406501613124
WALLABY J131758-151541,9.000000000018,26.22185261502526
WALLABY J131758-151541,15.00000000003,22.872762207869048
WALLABY J131758-151541,21.000000000042,32.47253271849378
WALLABY J131758-151541,27.000000000054,29.83845637663606
WALLABY J131758-151541,33.000000000066,24.228527800098092
WALLABY J131758-151541,39.000000000078,20.936716820902028
WALLABY J131758-151541,45.00000000009,15.552576840196654
WALLABY J131758-151541,51.000000000102006,12.70707375343755
WALLABY J131758-151541,57.000000000114,8.52494451162829
WALLABY J131758-151541,63.00000000012601,7.089965961216685
WALLABY J131758-151541,69.000000000138,5.456168281094807
WALLABY J131758-151541,75.00000000015001,2.7205987387251205
WALLABY J131758-151541,81.000000000162,1.8559414221461272
WALLABY J131758-151541,87.000000000174,1.228659845020332
WALLABY J131758-151541,93.000000000186,0.6965710639052364
WALLABY J131758-151541,99.000000000198,0.49549181526430347
WALLABY J131758-151541,105.00000000021001,0.07488583701067779
WALLABY J131758-151541,111.000000000222,0.04354377141674114
WALLABY J131802-151824,3.000000000006,50.922783035767644
WALLABY J131802-151824,9.000000000018,25.831553726760728
WALLABY J131802-151824,15.00000000003,40.72199878960054
WALLABY J131802-151824,21.000000000042,45.42132744712398
WALLABY J131802-151824,27.000000000054,42.78410072595251
WALLABY J131802-151824,33.000000000066,45.33651921367899
WALLABY J131802-151824,39.000000000078,34.413286387272976
WALLABY J131802-151824,45.00000000009,32.28021334625897
WALLABY J131802-151824,51.000000000102006,23.291387654004065
WALLABY J131802-151824,57.000000000114,13.58208875362816
WALLABY J131802-151824,63.00000000012601,8.82054930383243
WALLABY J131802-151824,69.000000000138,4.666229371104445
WALLABY J131802-151824,75.00000000015001,3.296392624195785
WALLABY J131802-151824,81.000000000162,1.6469799363500857
WALLABY J131802-151824,87.000000000174,0.5997048904016755
WALLABY J131802-151824,93.000000000186,0.256378861523286
WALLABY J131802-151824,99.000000000198,0.13971304971678172
WALLABY J131802-151824,105.00000000021001,0.14609601518816512
WALLABY J131802-151824,111.000000000222,0.14881399201932988
WALLABY J131802-151824,117.000000000234,0.0230615989009684
WALLABY J131802-151824,123.000000000246,0.010457690503832842
WALLABY J131805-191823,3.000000000006,54.36391288524452
WALLABY J131805-191823,9.000000000018,43.474947785532805
WALLABY J131805-191823,15.00000000003,32.765908419689595
WALLABY J131805-191823,21.000000000042,25.46667287552925
WALLABY J131805-191823,27.000000000054,13.6590822642611
WALLABY J131805-191823,33.000000000066,6.564936923055396
WALLABY J131805-191823,39.000000000078,3.1965632818432645
WALLABY J131805-191823,45.00000000009,1.856594659267797
WALLABY J131805-191823,51.000000000102006,0.7922741299181998
WALLABY J131805-191823,57.000000000114,0.1696878983038838
WALLABY J131805-191823,63.00000000012601,0.03733082172978968
WALLABY J131806-181910,3.000000000006,27.69540264098486
WALLABY J131806-181910,9.000000000018,39.33538444576259
WALLABY J131806-181910,15.00000000003,24.18734689454013
WALLABY J131806-181910,21.000000000042,13.151049124260712
WALLABY J131806-181910,27.000000000054,5.713944545850144
WALLABY J131806-181910,33.000000000066,1.8193443056407435
WALLABY J131806-181910,39.000000000078,0.21487884262613455
WALLABY J131806-181910,45.00000000009,0.08893917841904768
WALLABY J131806-181910,51.000000000102006,0.030928545930812023
WALLABY J131807-154958,3.000000000006,44.31688041345992
WALLABY J131807-154958,9.000000000018,47.92982908506512
WALLABY J131807-154958,15.00000000003,38.295549916525886
WALLABY J131807-154958,21.000000000042,32.13983085518324
WALLABY J131807-154958,27.000000000054,19.613087227141865
WALLABY J131807-154958,33.000000000066,14.688806046701984
WALLABY J131807-154958,39.000000000078,6.971289353184983
WALLABY J131807-154958,45.00000000009,3.5915869907629867
WALLABY J131807-154958,51.000000000102006,1.3668173505409464
WALLABY J131807-154958,57.000000000114,0.8256873553977218
WALLABY J131807-154958,63.00000000012601,0.21270768793301328
WALLABY J131807-154958,69.000000000138,0.09575028309460468
WALLABY J131824-152926,3.000000000006,34.6183199432325
WALLABY J131824-152926,9.000000000018,21.190719666977664
WALLABY J131824-152926,15.00000000003,22.164537821852445
WALLABY J131824-152926,21.000000000042,16.857764598729513
WALLABY J131824-152926,27.000000000054,9.299769526255304
WALLABY J131824-152926,33.000000000066,4.757713589168361
WALLABY J131824-152926,39.000000000078,1.2254711091255155
WALLABY J131824-152926,45.00000000009,0.022398066060704266
WALLABY J131824-152926,51.000000000102006,0.23600167350948667
WALLABY J131824-152926,57.000000000114,0.2793013595012765
WALLABY J131824-152926,63.00000000012601,0.2478174223154677
WALLABY J131824-152926,69.000000000138,0.1485556098997692
WALLABY J131824-152926,75.00000000015001,0.10852755180687977
WALLABY J131824-152926,81.000000000162,0.09796677180140394
WALLABY J131824-152926,87.000000000174,0.027273491421961293
WALLABY J131830-134228,3.000000000006,60.7440351553414
WALLABY J131830-134228,9.000000000018,38.048145160668014
WALLABY J131830-134228,15.00000000003,33.023115656171
WALLABY J131830-134228,21.000000000042,25.59797356032159
WALLABY J131830-134228,27.000000000054,19.633503814989698
WALLABY J131830-134228,33.000000000066,11.860465057821385
WALLABY J131830-134228,39.000000000078,5.9045780796394505
WALLABY J131830-134228,45.00000000009,2.6769755069132857
WALLABY J131830-134228,51.000000000102006,0.8881479082207404
WALLABY J131830-134228,57.000000000114,0.12584536559533283
WALLABY J131830-134228,63.00000000012601,0.09445494783556965
WALLABY J131830-134228,69.000000000138,0.1400785928291261
WALLABY J131830-134228,75.00000000015001,0.014356580028007387
WALLABY J131830-143635,3.000000000006,50.327893729200795
WALLABY J131830-143635,9.000000000018,99.26034520468178
WALLABY J131830-143635,15.00000000003,102.93036217441012
WALLABY J131830-143635,21.000000000042,81.6418764135042
WALLABY J131830-143635,27.000000000054,81.39063052479858
WALLABY J131830-143635,33.000000000066,68.64871869136172
WALLABY J131830-143635,39.000000000078,53.82060774109666
WALLABY J131830-143635,45.00000000009,39.089426867013124
WALLABY J131830-143635,51.000000000102006,29.217031489846857
WALLABY J131830-143635,57.000000000114,21.966177754116146
WALLABY J131830-143635,63.00000000012601,14.691961184601078
WALLABY J131830-143635,69.000000000138,11.219193183153196
WALLABY J131830-143635,75.00000000015001,7.862452890885033
WALLABY J131830-143635,81.000000000162,7.106523794141293
WALLABY J131830-143635,87.000000000174,6.098729287125037
WALLABY J131830-143635,93.000000000186,6.0695701194379
WALLABY J131830-143635,99.000000000198,5.0371791377993675
WALLABY J131830-143635,105.00000000021001,4.233928913305598
WALLABY J131830-143635,111.000000000222,3.448479021181428
WALLABY J131830-143635,117.000000000234,3.07237854665796
WALLABY J131830-143635,123.000000000246,3.1252053159838304
WALLABY J131830-143635,129.000000000258,3.140774138438198
WALLABY J131830-143635,135.00000000027,2.3474616275946794
WALLABY J131830-143635,141.000000000282,1.765358027042112
WALLABY J131830-143635,147.000000000294,1.2649882678084368
WALLABY J131830-143635,153.000000000306,0.8205257158890611
WALLABY J131830-143635,159.000000000318,0.37989683441231525
WALLABY J131830-143635,165.00000000033,0.2062948153010162
WALLABY J131830-143635,171.000000000342,0.3324497748687094
WALLABY J131830-143635,177.00000000035402,0.10017466518302331
WALLABY J131830-143635,183.00000000036601,0.011775345381753214
WALLABY J131835-183814,3.000000000006,67.94043849373061
WALLABY J131835-183814,9.000000000018,54.44120503733098
WALLABY J131835-183814,15.00000000003,45.15781832299273
WALLABY J131835-183814,21.000000000042,32.286470328286065
WALLABY J131835-183814,27.000000000054,19.85108560162973
WALLABY J131835-183814,33.000000000066,10.862599729348648
WALLABY J131835-183814,39.000000000078,4.194602914998184
WALLABY J131835-183814,45.00000000009,0.9041218972016074
WALLABY J131835-183814,51.000000000102006,0.03648598068699384
WALLABY J131835-183814,57.000000000114,0.07274590479882885
WALLABY J131835-211758,3.000000000006,35.740683071438625
WALLABY J131835-211758,9.000000000018,49.282800446751395
WALLABY J131835-211758,15.00000000003,44.99557711929305
WALLABY J131835-211758,21.000000000042,35.705352312199864
WALLABY J131835-211758,27.000000000054,35.76567119765358
WALLABY J131835-211758,33.000000000066,37.931450741418935
WALLABY J131835-211758,39.000000000078,29.597746440831198
WALLABY J131835-211758,45.00000000009,23.768859569346947
WALLABY J131835-211758,51.000000000102006,18.433071918875577
WALLABY J131835-211758,57.000000000114,15.065285000868405
WALLABY J131835-211758,63.00000000012601,14.287264414166676
WALLABY J131835-211758,69.000000000138,8.060061422771001
WALLABY J131835-211758,75.00000000015001,5.866031165947429
WALLABY J131835-211758,81.000000000162,2.9215567197080614
WALLABY J131835-211758,87.000000000174,2.2849948878475503
WALLABY J131835-211758,93.000000000186,0.2573252813406144
WALLABY J131835-211758,99.000000000198,0.5215498407853255
WALLABY J131835-211758,105.00000000021001,0.0007879397175222221
WALLABY J131835-211758,111.000000000222,0.20052389292489065
WALLABY J131835-211758,117.000000000234,0.05912926481647339
WALLABY J131835-211758,123.000000000246,0.07024984889980243
WALLABY J131835-211758,129.000000000258,0.19510742732381026
WALLABY J131835-211758,135.00000000027,0.07441381667764296
WALLABY J131835-211758,141.000000000282,0.030528758206951775
WALLABY J131835-211758,147.000000000294,0.029949346979899375
WALLABY J131835-211758,153.000000000306,0.04516017526846799
WALLABY J131835-211758,159.000000000318,0.007915665807007553
WALLABY J131836-145740,3.000000000006,34.71278041384419
WALLABY J131836-145740,9.000000000018,45.00892314028455
WALLABY J131836-145740,15.00000000003,27.096653835682766
WALLABY J131836-145740,21.000000000042,16.92574438497213
WALLABY J131836-145740,27.000000000054,14.728585237415313
WALLABY J131836-145740,33.000000000066,6.645969864218337
WALLABY J131836-145740,39.000000000078,4.27697504592816
WALLABY J131836-145740,45.00000000009,2.0796113357858568
WALLABY J131836-145740,51.000000000102006,0.7424858469066036
WALLABY J131836-145740,57.000000000114,0.45361542007725886
WALLABY J131836-145740,63.00000000012601,0.09331186026550314
WALLABY J131836-145740,69.000000000138,0.01700570014121061
WALLABY J131843-172044,3.000000000006,15.505344586295864
WALLABY J131843-172044,9.000000000018,18.682576343731796
WALLABY J131843-172044,15.00000000003,15.101988004340617
WALLABY J131843-172044,21.000000000042,16.294653755542043
WALLABY J131843-172044,27.000000000054,12.703120937963362
WALLABY J131843-172044,33.000000000066,8.827508208503216
WALLABY J131843-172044,39.000000000078,6.3293870255979945
WALLABY J131843-172044,45.00000000009,3.0724772119080552
WALLABY J131843-172044,51.000000000102006,1.3263769667004228
WALLABY J131843-172044,57.000000000114,0.29681511343839617
WALLABY J131843-172044,63.00000000012601,0.04810463383461171
WALLABY J131844-113805,3.000000000006,9.70407804882092
WALLABY J131844-113805,9.000000000018,8.253466125417846
WALLABY J131844-113805,15.00000000003,5.845098583335613
WALLABY J131844-113805,21.000000000042,9.644714120985764
WALLABY J131844-113805,27.000000000054,9.528348783178464
WALLABY J131844-113805,33.000000000066,7.45312505160172
WALLABY J131844-113805,39.000000000078,5.604950975297036
WALLABY J131844-113805,45.00000000009,4.10356766944579
WALLABY J131844-113805,51.000000000102006,3.4632085433570823
WALLABY J131844-113805,57.000000000114,1.9157773444316188
WALLABY J131844-113805,63.00000000012601,0.5376513174230937
WALLABY J131844-113805,69.000000000138,0.04972592767720008
WALLABY J131844-113805,75.00000000015001,0.016855256495444566
WALLABY J131844-113805,81.000000000162,0.00653635572797337
WALLABY J131844-113805,87.000000000174,0.008913919453356551
WALLABY J131844-113805,93.000000000186,0.006479492685435914
WALLABY J131844-113805,99.000000000198,0.01666768610109422
WALLABY J131844-113805,105.00000000021001,0.04163438250353844
WALLABY J131844-113805,111.000000000222,0.027071106770603908
WALLABY J131844-113805,117.000000000234,0.035600293397424175
WALLABY J131845-153954,3.000000000006,55.475837730473785
WALLABY J131845-153954,9.000000000018,45.438115273116935
WALLABY J131845-153954,15.00000000003,42.63584993233535
WALLABY J131845-153954,21.000000000042,26.448215090486237
WALLABY J131845-153954,27.000000000054,20.5028269368588
WALLABY J131845-153954,33.000000000066,13.836632581158742
WALLABY J131845-153954,39.000000000078,5.865657866310732
WALLABY J131845-153954,45.00000000009,2.8587242837184457
WALLABY J131845-153954,51.000000000102006,0.4695821530904749
WALLABY J131845-153954,57.000000000114,0.01666659157225669
WALLABY J131845-153954,63.00000000012601,0.0476988352707424
WALLABY J131847-210939,3.000000000006,38.08959355932892
WALLABY J131847-210939,9.000000000018,76.20669801880979
WALLABY J131847-210939,15.00000000003,59.186105177000414
WALLABY J131847-210939,21.000000000042,33.90493730583997
WALLABY J131847-210939,27.000000000054,27.583703754806375
WALLABY J131847-210939,33.000000000066,12.663106120288603
WALLABY J131847-210939,39.000000000078,4.505197569330344
WALLABY J131847-210939,45.00000000009,0.9702944228986365
WALLABY J131847-210939,51.000000000102006,0.16061206697885358
WALLABY J131847-210939,57.000000000114,0.06693018556331795
WALLABY J131847-210939,63.00000000012601,0.07324578017858951
WALLABY J131847-210939,69.000000000138,0.02954977260083662
WALLABY J131847-210939,75.00000000015001,0.03674499975352053
WALLABY J131847-210939,81.000000000162,0.05814372455611683
WALLABY J131851-123625,3.000000000006,94.05893077235993
WALLABY J131851-123625,9.000000000018,59.19892066712376
WALLABY J131851-123625,15.00000000003,62.760858000643495
WALLABY J131851-123625,21.000000000042,52.311104430595066
WALLABY J131851-123625,27.000000000054,40.32899723764309
WALLABY J131851-123625,33.000000000066,31.804006528567758
WALLABY J131851-123625,39.000000000078,26.839817356139594
WALLABY J131851-123625,45.00000000009,20.098936322181473
WALLABY J131851-123625,51.000000000102006,12.364417076251694
WALLABY J131851-123625,57.000000000114,7.1836702629120355
WALLABY J131851-123625,63.00000000012601,4.39766552180436
WALLABY J131851-123625,69.000000000138,2.5346923432030057
WALLABY J131851-123625,75.00000000015001,1.6154105166633101
WALLABY J131851-123625,81.000000000162,1.360736362339083
WALLABY J131851-123625,87.000000000174,0.8033931999036844
WALLABY J131851-123625,93.000000000186,0.3845269147282866
WALLABY J131851-123625,99.000000000198,0.11619229072478975
WALLABY J131851-123625,105.00000000021001,0.016147942270321285
WALLABY J131851-123625,111.000000000222,0.0310955982629112
WALLABY J131851-123625,117.000000000234,0.02936892868468583
WALLABY J131854-183512,3.000000000006,8.375752573088972
WALLABY J131854-183512,9.000000000018,11.73763477888769
WALLABY J131854-183512,15.00000000003,12.755475698742355
WALLABY J131854-183512,21.000000000042,11.355452940435995
WALLABY J131854-183512,27.000000000054,11.625013987691753
WALLABY J131854-183512,33.000000000066,11.086307034056501
WALLABY J131854-183512,39.000000000078,9.111825161544353
WALLABY J131854-183512,45.00000000009,8.912352908113222
WALLABY J131854-183512,51.000000000102006,5.667171380873366
WALLABY J131854-183512,57.000000000114,2.8924851235580236
WALLABY J131854-183512,63.00000000012601,1.7748776971986324
WALLABY J131854-183512,69.000000000138,0.7890369893764356
WALLABY J131854-183512,75.00000000015001,0.31644757903031046
WALLABY J131854-183512,81.000000000162,0.0252740434927107
WALLABY J131855-170333,3.000000000006,51.46131036334902
WALLABY J131855-170333,9.000000000018,16.524542738380973
WALLABY J131855-170333,15.00000000003,27.86413325969541
WALLABY J131855-170333,21.000000000042,18.729488611044783
WALLABY J131855-170333,27.000000000054,16.11564179524573
WALLABY J131855-170333,33.000000000066,10.1840713206032
WALLABY J131855-170333,39.000000000078,5.70684760907269
WALLABY J131855-170333,45.00000000009,4.7697253243324615
WALLABY J131855-170333,51.000000000102006,2.4172089925206723
WALLABY J131855-170333,57.000000000114,0.8402560760574828
WALLABY J131855-170333,63.00000000012601,0.48315460231687807
WALLABY J131855-170333,69.000000000138,0.4439830300543312
WALLABY J131855-170333,75.00000000015001,0.5318828143213021
WALLABY J131855-170333,81.000000000162,0.5069474410770806
WALLABY J131855-170333,87.000000000174,0.40831459227794314
WALLABY J131855-170333,93.000000000186,0.43126178764046424
WALLABY J131855-170333,99.000000000198,0.20873928256288465
WALLABY J131855-170333,105.00000000021001,0.13812816405164435
WALLABY J131858-150054,3.000000000006,33.959152788860784
WALLABY J131858-150054,9.000000000018,35.757369645197514
WALLABY J131858-150054,15.00000000003,25.678408396723356
WALLABY J131858-150054,21.000000000042,13.81941027701687
WALLABY J131858-150054,27.000000000054,11.245456451670362
WALLABY J131858-150054,33.000000000066,5.788404244125509
WALLABY J131858-150054,39.000000000078,2.388388038168876
WALLABY J131858-150054,45.00000000009,1.370115157302692
WALLABY J131858-150054,51.000000000102006,0.19590256094507572
WALLABY J131858-150054,57.000000000114,0.03461392882482267
WALLABY J131905-175622,3.000000000006,46.83653578163572
WALLABY J131905-175622,9.000000000018,43.48679712375508
WALLABY J131905-175622,15.00000000003,44.81835383324975
WALLABY J131905-175622,21.000000000042,27.640233639463542
WALLABY J131905-175622,27.000000000054,20.39596336739287
WALLABY J131905-175622,33.000000000066,8.730526948874461
WALLABY J131905-175622,39.000000000078,3.883930860287762
WALLABY J131905-175622,45.00000000009,0.5742389393327001
WALLABY J131905-175622,51.000000000102006,0.3037852673158106
WALLABY J131905-175622,57.000000000114,0.3129054407521024
WALLABY J131905-175622,63.00000000012601,0.0988985859916278
WALLABY J131905-175622,69.000000000138,0.009533814309167948
WALLABY J131905-175622,75.00000000015001,0.009676325286892126
WALLABY J131915-155513,3.000000000006,44.189509831562184
WALLABY J131915-155513,9.000000000018,18.20042520642662
WALLABY J131915-155513,15.00000000003,30.000700080803355
WALLABY J131915-155513,21.000000000042,25.471947217474213
WALLABY J131915-155513,27.000000000054,12.787098842736615
WALLABY J131915-155513,33.000000000066,13.056601220233414
WALLABY J131915-155513,39.000000000078,7.478135873802715
WALLABY J131915-155513,45.00000000009,4.40463033071026
WALLABY J131915-155513,51.000000000102006,2.1373501040522345
WALLABY J131915-155513,57.000000000114,0.6338026728246622
WALLABY J131915-155513,63.00000000012601,0.06564738104137079
WALLABY J131915-155513,69.000000000138,0.06506469402957674
WALLABY J131915-155513,75.00000000015001,0.04281787508758916
WALLABY J131919-170339,3.000000000006,19.998234792355948
WALLABY J131919-170339,9.000000000018,27.706463162627436
WALLABY J131919-170339,15.00000000003,19.347512490619877
WALLABY J131919-170339,21.000000000042,15.122143229077142
WALLABY J131919-170339,27.000000000054,8.544188478412394
WALLABY J131919-170339,33.000000000066,5.012780536649608
WALLABY J131919-170339,39.000000000078,1.3521777494067646
WALLABY J131919-170339,45.00000000009,0.24314699666227704
WALLABY J131919-170339,51.000000000102006,0.16028208203852248
WALLABY J131920-170105,3.000000000006,14.522389902673954
WALLABY J131920-170105,9.000000000018,16.903192505721567
WALLABY J131920-170105,15.00000000003,12.757643550190915
WALLABY J131920-170105,21.000000000042,12.656881531150015
WALLABY J131920-170105,27.000000000054,9.722951017664041
WALLABY J131920-170105,33.000000000066,7.244817203316564
WALLABY J131920-170105,39.000000000078,3.287697313465934
WALLABY J131920-170105,45.00000000009,2.346625859320217
WALLABY J131920-170105,51.000000000102006,1.298284338160889
WALLABY J131920-170105,57.000000000114,0.5706433319607811
WALLABY J131920-170105,63.00000000012601,0.04220766091971254
WALLABY J131920-170105,69.000000000138,0.3110434448011987
WALLABY J131920-170105,75.00000000015001,0.10052067181300754
WALLABY J131920-170105,81.000000000162,0.04684813322423038
WALLABY J131920-170105,87.000000000174,0.011292452651954521
WALLABY J131934-124159,3.000000000006,6.018589192921578
WALLABY J131934-124159,9.000000000018,5.648861058025704
WALLABY J131934-124159,15.00000000003,5.540146860703125
WALLABY J131934-124159,21.000000000042,5.155216353038382
WALLABY J131934-124159,27.000000000054,4.819705010067736
WALLABY J131934-124159,33.000000000066,3.4934273829635405
WALLABY J131934-124159,39.000000000078,5.214576322310498
WALLABY J131934-124159,45.00000000009,4.528622131018862
WALLABY J131934-124159,51.000000000102006,4.752215804730929
WALLABY J131934-124159,57.000000000114,4.181476256386366
WALLABY J131934-124159,63.00000000012601,3.9873780188805967
WALLABY J131934-124159,69.000000000138,4.7472891638131
WALLABY J131934-124159,75.00000000015001,4.399287021919947
WALLABY J131934-124159,81.000000000162,3.779967803624977
WALLABY J131934-124159,87.000000000174,2.963059981750663
WALLABY J131934-124159,93.000000000186,2.3515429804338353
WALLABY J131934-124159,99.000000000198,0.8715240907704616
WALLABY J131934-124159,105.00000000021001,1.0532620517315352
WALLABY J131934-124159,111.000000000222,0.5183006196001989
WALLABY J131934-124159,117.000000000234,0.3627560651402794
WALLABY J131934-124159,123.000000000246,0.2840142475259238
WALLABY J131934-124159,129.000000000258,0.19214986795227146
WALLABY J131934-124159,135.00000000027,0.16408946914473982
WALLABY J131934-124159,141.000000000282,0.02802599604845279
WALLABY J131934-124159,147.000000000294,0.05379435754570187
WALLABY J131934-124159,153.000000000306,0.0531127050579538
WALLABY J131934-124159,159.000000000318,0.061946608939880916
WALLABY J131934-124159,165.00000000033,0.024490304210520623
WALLABY J131934-124159,171.000000000342,0.057121929768518216
WALLABY J131934-124159,177.00000000035402,0.04255724826331866
WALLABY J131934-124159,183.00000000036601,0.031875442547127264
WALLABY J131934-124159,189.000000000378,0.04140735863340825
WALLABY J131934-124159,195.00000000039,0.040324464417086564
WALLABY J131934-124159,201.000000000402,0.02887183160042804
WALLABY J131934-124159,207.000000000414,0.01896819570144981
WALLABY J131934-124159,213.000000000426,0.02246127518592373
WALLABY J131934-124159,219.000000000438,0.012350815878343708
WALLABY J131934-124159,225.00000000045,0.005546328574286496
WALLABY J131938-124148,3.000000000006,51.47047718553105
WALLABY J131938-124148,9.000000000018,113.94875680220987
WALLABY J131938-124148,15.00000000003,76.99686118126412
WALLABY J131938-124148,21.000000000042,78.3385950560453
WALLABY J131938-124148,27.000000000054,57.59837662848879
WALLABY J131938-124148,33.000000000066,42.54137833472459
WALLABY J131938-124148,39.000000000078,27.732244450451574
WALLABY J131938-124148,45.00000000009,15.744886181032813
WALLABY J131938-124148,51.000000000102006,11.344841063088847
WALLABY J131938-124148,57.000000000114,6.189528332840733
WALLABY J131938-124148,63.00000000012601,3.5043131500310603
WALLABY J131938-124148,69.000000000138,1.5746264945025257
WALLABY J131938-124148,75.00000000015001,0.4476319755635873
WALLABY J131938-124148,81.000000000162,0.5421838179397204
WALLABY J131938-124148,87.000000000174,0.4983819595981216
WALLABY J131938-124148,93.000000000186,0.13054716524327686
WALLABY J131938-124148,99.000000000198,0.014730326834636057
WALLABY J131938-124148,105.00000000021001,0.00846568097828568
WALLABY J131954-163715,3.000000000006,53.552281607363135
WALLABY J131954-163715,9.000000000018,60.612175964254014
WALLABY J131954-163715,15.00000000003,51.03396375550055
WALLABY J131954-163715,21.000000000042,48.09326437640573
WALLABY J131954-163715,27.000000000054,37.985884356732996
WALLABY J131954-163715,33.000000000066,22.9698451669448
WALLABY J131954-163715,39.000000000078,18.592692821585146
WALLABY J131954-163715,45.00000000009,10.01842146482482
WALLABY J131954-163715,51.000000000102006,5.139980992739881
WALLABY J131954-163715,57.000000000114,2.96175213585513
WALLABY J131954-163715,63.00000000012601,1.9313865967972794
WALLABY J131954-163715,69.000000000138,0.47002641249145066
WALLABY J131954-163715,75.00000000015001,0.2291687598132503
WALLABY J131954-163715,81.000000000162,0.16558944014880161
WALLABY J132001-195929,3.000000000006,32.832340627211316
WALLABY J132001-195929,9.000000000018,61.294759727933
WALLABY J132001-195929,15.00000000003,52.674749588254926
WALLABY J132001-195929,21.000000000042,45.01444657814436
WALLABY J132001-195929,27.000000000054,33.350008538329035
WALLABY J132001-195929,33.000000000066,25.060185243219863
WALLABY J132001-195929,39.000000000078,17.719151861941942
WALLABY J132001-195929,45.00000000009,13.057395235627041
WALLABY J132001-195929,51.000000000102006,9.378105680444698
WALLABY J132001-195929,57.000000000114,6.258486918603732
WALLABY J132001-195929,63.00000000012601,3.615495519549766
WALLABY J132001-195929,69.000000000138,1.945759112351114
WALLABY J132001-195929,75.00000000015001,1.5423153267127045
WALLABY J132001-195929,81.000000000162,0.8318711151822716
WALLABY J132001-195929,87.000000000174,0.6692359424329867
WALLABY J132001-195929,93.000000000186,0.17038616542645477
WALLABY J132001-195929,99.000000000198,0.05843473621181447
WALLABY J132001-195929,105.00000000021001,0.03534263051709278
WALLABY J132004-165233,3.000000000006,26.875610484436535
WALLABY J132004-165233,9.000000000018,40.388670987035006
WALLABY J132004-165233,15.00000000003,31.863435045702946
WALLABY J132004-165233,21.000000000042,26.613477856158692
WALLABY J132004-165233,27.000000000054,32.7056959004787
WALLABY J132004-165233,33.000000000066,31.467893345728843
WALLABY J132004-165233,39.000000000078,27.238484224611987
WALLABY J132004-165233,45.00000000009,21.708269906209704
WALLABY J132004-165233,51.000000000102006,22.135205952726448
WALLABY J132004-165233,57.000000000114,16.184286387187473
WALLABY J132004-165233,63.00000000012601,13.401953010684885
WALLABY J132004-165233,69.000000000138,10.791744235460415
WALLABY J132004-165233,75.00000000015001,7.176004551166763
WALLABY J132004-165233,81.000000000162,5.0006484305671455
WALLABY J132004-165233,87.000000000174,5.0153939645134376
WALLABY J132004-165233,93.000000000186,3.2717116296655533
WALLABY J132004-165233,99.000000000198,1.4814787261696316
WALLABY J132004-165233,105.00000000021001,0.6010544285927792
WALLABY J132004-165233,111.000000000222,0.09803822431716627
WALLABY J132004-165233,117.000000000234,0.006670747819916518
WALLABY J132004-165233,123.000000000246,0.015543631991781805
WALLABY J132009-174141,3.000000000006,41.60688153587095
WALLABY J132009-174141,9.000000000018,36.994247354005
WALLABY J132009-174141,15.00000000003,30.690924661864923
WALLABY J132009-174141,21.000000000042,21.727107539993366
WALLABY J132009-174141,27.000000000054,15.247339382842515
WALLABY J132009-174141,33.000000000066,7.800349804560608
WALLABY J132009-174141,39.000000000078,3.113508982607811
WALLABY J132009-174141,45.00000000009,0.8645194107531168
WALLABY J132009-174141,51.000000000102006,0.3977763968843062
WALLABY J132009-174141,57.000000000114,0.2655737537262647
WALLABY J132009-174141,63.00000000012601,0.08627586717625747
WALLABY J132009-174141,69.000000000138,0.02008901869972233
WALLABY J132014-141744,3.000000000006,47.31969735969988
WALLABY J132014-141744,9.000000000018,58.935669278755334
WALLABY J132014-141744,15.00000000003,44.170126422538495
WALLABY J132014-141744,21.000000000042,38.04462970366079
WALLABY J132014-141744,27.000000000054,29.49195131965171
WALLABY J132014-141744,33.000000000066,26.71080397759087
WALLABY J132014-141744,39.000000000078,22.168315801469138
WALLABY J132014-141744,45.00000000009,12.174879730610638
WALLABY J132014-141744,51.000000000102006,10.85674059061247
WALLABY J132014-141744,57.000000000114,6.390162050812588
WALLABY J132014-141744,63.00000000012601,4.71641561548581
WALLABY J132014-141744,69.000000000138,3.4711863380657717
WALLABY J132014-141744,75.00000000015001,2.3173858415200015
WALLABY J132014-141744,81.000000000162,0.8623267962382298
WALLABY J132014-141744,87.000000000174,0.5784931738085283
WALLABY J132014-141744,93.000000000186,0.05902336858781335
WALLABY J132017-144841,3.000000000006,35.28683848667581
WALLABY J132017-144841,9.000000000018,43.82924965429975
WALLABY J132017-144841,15.00000000003,36.2610032531323
WALLABY J132017-144841,21.000000000042,30.211519166485168
WALLABY J132017-144841,27.000000000054,26.78029062049757
WALLABY J132017-144841,33.000000000066,29.986027179889327
WALLABY J132017-144841,39.000000000078,21.186104968906783
WALLABY J132017-144841,45.00000000009,20.920499709244513
WALLABY J132017-144841,51.000000000102006,15.421039516728978
WALLABY J132017-144841,57.000000000114,13.556381913397987
WALLABY J132017-144841,63.00000000012601,9.13899233734518
WALLABY J132017-144841,69.000000000138,7.02666734633591
WALLABY J132017-144841,75.00000000015001,5.845937620637906
WALLABY J132017-144841,81.000000000162,4.393238604294043
WALLABY J132017-144841,87.000000000174,3.0924426896915884
WALLABY J132017-144841,93.000000000186,1.7149190473928326
WALLABY J132017-144841,99.000000000198,0.6993558770530257
WALLABY J132017-144841,105.00000000021001,0.42750070083116787
WALLABY J132017-144841,111.000000000222,0.304637803523158
WALLABY J132017-144841,117.000000000234,0.044624232335146896
WALLABY J132017-144841,123.000000000246,0.3270627047055291
WALLABY J132017-144841,129.000000000258,0.10495704414469119
WALLABY J132017-144841,135.00000000027,0.10565831896962473
WALLABY J132017-144841,141.000000000282,0.02367602941270539
WALLABY J132017-144841,147.000000000294,0.018997029369684542
WALLABY J132017-144841,153.000000000306,0.017853912445046125
WALLABY J132017-144841,159.000000000318,0.018389261641467314
WALLABY J132017-144841,165.00000000033,0.0001437827644970053
WALLABY J132017-144841,171.000000000342,0.024387729952765128
WALLABY J132018-163208,3.000000000006,80.43120889911927
WALLABY J132018-163208,9.000000000018,53.250958710831895
WALLABY J132018-163208,15.00000000003,37.89619249971238
WALLABY J132018-163208,21.000000000042,28.10893092471781
WALLABY J132018-163208,27.000000000054,22.547943082824556
WALLABY J132018-163208,33.000000000066,13.825941990534
WALLABY J132018-163208,39.000000000078,6.588667557764205
WALLABY J132018-163208,45.00000000009,2.7955678259281553
WALLABY J132018-163208,51.000000000102006,1.4052001351508252
WALLABY J132018-163208,57.000000000114,0.7041238806613631
WALLABY J132018-163208,63.00000000012601,0.20100559179735927
WALLABY J132024-143418,3.000000000006,35.57555938624603
WALLABY J132024-143418,9.000000000018,41.69051048449935
WALLABY J132024-143418,15.00000000003,27.520587575081986
WALLABY J132024-143418,21.000000000042,26.313755104704867
WALLABY J132024-143418,27.000000000054,12.94620854355426
WALLABY J132024-143418,33.000000000066,5.307613499080085
WALLABY J132024-143418,39.000000000078,0.5288427175474457
WALLABY J132024-143418,45.00000000009,0.002866644167452321
WALLABY J132025-164032,3.000000000006,37.67181615106851
WALLABY J132025-164032,9.000000000018,44.03662152800806
WALLABY J132025-164032,15.00000000003,44.633331678684314
WALLABY J132025-164032,21.000000000042,36.81483446013207
WALLABY J132025-164032,27.000000000054,27.951250426595493
WALLABY J132025-164032,33.000000000066,19.723039971668765
WALLABY J132025-164032,39.000000000078,10.820026556544299
WALLABY J132025-164032,45.00000000009,4.833113150786507
WALLABY J132025-164032,51.000000000102006,1.2150488427987023
WALLABY J132025-164032,57.000000000114,0.6265511241699051
WALLABY J132025-164032,63.00000000012601,0.7380698079454358
WALLABY J132025-164032,69.000000000138,1.1087425171119474
WALLABY J132025-164032,75.00000000015001,0.7862626880931542
WALLABY J132025-164032,81.000000000162,0.2524433333609871
WALLABY J132025-164032,87.000000000174,0.10940909982857834
WALLABY J132036-173846,3.000000000006,6.785161324961279
WALLABY J132036-173846,9.000000000018,13.05437544428344
WALLABY J132036-173846,15.00000000003,14.915439557152125
WALLABY J132036-173846,21.000000000042,9.857968672396474
WALLABY J132036-173846,27.000000000054,8.894156653051159
WALLABY J132036-173846,33.000000000066,8.441326534762032
WALLABY J132036-173846,39.000000000078,8.565535215648254
WALLABY J132036-173846,45.00000000009,6.132552841469991
WALLABY J132036-173846,51.000000000102006,2.782523626746839
WALLABY J132036-173846,57.000000000114,2.174198321738575
WALLABY J132036-173846,63.00000000012601,1.149734090189553
WALLABY J132036-173846,69.000000000138,0.6138145207457512
WALLABY J132036-173846,75.00000000015001,0.26014147967754675
WALLABY J132036-173846,81.000000000162,0.08001207270358149
WALLABY J132036-173846,87.000000000174,0.011065333305853247
WALLABY J132037-142743,3.000000000006,40.87290326892639
WALLABY J132037-142743,9.000000000018,48.822720523268984
WALLABY J132037-142743,15.00000000003,30.12291293557534
WALLABY J132037-142743,21.000000000042,20.50540756676775
WALLABY J132037-142743,27.000000000054,19.00249813207221
WALLABY J132037-142743,33.000000000066,9.95459990043557
WALLABY J132037-142743,39.000000000078,2.7960382373804227
WALLABY J132037-142743,45.00000000009,1.4057231668895767
WALLABY J132037-142743,51.000000000102006,1.0075096646937818
WALLABY J132037-142743,57.000000000114,0.3701559081309485
WALLABY J132037-142743,63.00000000012601,0.06311083941457932
WALLABY J132037-142743,69.000000000138,0.024335957413441543
WALLABY J132040-165353,3.000000000006,29.931063533037413
WALLABY J132040-165353,9.000000000018,63.757684343123685
WALLABY J132040-165353,15.00000000003,51.05753262349723
WALLABY J132040-165353,21.000000000042,38.27439682403934
WALLABY J132040-165353,27.000000000054,31.03567094270198
WALLABY J132040-165353,33.000000000066,19.266240840248088
WALLABY J132040-165353,39.000000000078,11.557804217078326
WALLABY J132040-165353,45.00000000009,7.52115392543669
WALLABY J132040-165353,51.000000000102006,3.923809074820066
WALLABY J132040-165353,57.000000000114,1.8897843850141305
WALLABY J132040-165353,63.00000000012601,0.6337356858378939
WALLABY J132040-165353,69.000000000138,0.6228721485322108
WALLABY J132040-165353,75.00000000015001,0.43990793286001095
WALLABY J132040-165353,81.000000000162,0.27861632770601347
WALLABY J132040-165353,87.000000000174,0.21059953130920014
WALLABY J132040-165353,93.000000000186,0.07797604923539785
WALLABY J132042-173916,3.000000000006,14.334301401296077
WALLABY J132042-173916,9.000000000018,8.039805755567055
WALLABY J132042-173916,15.00000000003,8.087521234495002
WALLABY J132042-173916,21.000000000042,8.926395880483323
WALLABY J132042-173916,27.000000000054,9.631111773153664
WALLABY J132042-173916,33.000000000066,12.22224082671944
WALLABY J132042-173916,39.000000000078,8.681508400335844
WALLABY J132042-173916,45.00000000009,5.946259479641855
WALLABY J132042-173916,51.000000000102006,3.1929818082608517
WALLABY J132042-173916,57.000000000114,1.3717680287459633
WALLABY J132042-173916,63.00000000012601,0.7459118252942283
WALLABY J132042-173916,69.000000000138,0.093684646361863
WALLABY J132042-173916,75.00000000015001,0.0013792759211350384
WALLABY J132046-124531,3.000000000006,35.10951072066228
WALLABY J132046-124531,9.000000000018,26.65082564213494
WALLABY J132046-124531,15.00000000003,25.071758185738243
WALLABY J132046-124531,21.000000000042,20.33697898552725
WALLABY J132046-124531,27.000000000054,15.295996863471808
WALLABY J132046-124531,33.000000000066,10.082269397781591
WALLABY J132046-124531,39.000000000078,5.38880134484106
WALLABY J132046-124531,45.00000000009,1.4013525572285552
WALLABY J132046-124531,51.000000000102006,0.6240898656036631
WALLABY J132046-124531,57.000000000114,0.12476845779056867
WALLABY J132059-122814,3.000000000006,134.51171446840385
WALLABY J132059-122814,9.000000000018,148.2749400991868
WALLABY J132059-122814,15.00000000003,57.33163168511928
WALLABY J132059-122814,21.000000000042,109.94794181441375
WALLABY J132059-122814,27.000000000054,75.92546077293873
WALLABY J132059-122814,33.000000000066,44.41399262261001
WALLABY J132059-122814,39.000000000078,59.27263445218548
WALLABY J132059-122814,45.00000000009,37.525397546607984
WALLABY J132059-122814,51.000000000102006,21.295790818442892
WALLABY J132059-122814,57.000000000114,24.981373896753524
WALLABY J132059-122814,63.00000000012601,17.873010945505897
WALLABY J132059-122814,69.000000000138,9.4390258232125
WALLABY J132059-122814,75.00000000015001,12.78367709565978
WALLABY J132059-122814,81.000000000162,10.176603372108763
WALLABY J132059-122814,87.000000000174,5.8220622962427555
WALLABY J132059-122814,93.000000000186,8.69110161578802
WALLABY J132059-122814,99.000000000198,7.098642722746577
WALLABY J132059-122814,105.00000000021001,4.723044091321164
WALLABY J132059-122814,111.000000000222,5.376069592260761
WALLABY J132059-122814,117.000000000234,4.182783180748716
WALLABY J132059-122814,123.000000000246,2.5199257048419477
WALLABY J132059-122814,129.000000000258,2.9045823606946417
WALLABY J132059-122814,135.00000000027,2.2475213990863616
WALLABY J132059-122814,141.000000000282,1.443610710685871
WALLABY J132059-122814,147.000000000294,1.292902738268732
WALLABY J132059-122814,153.000000000306,0.7200210475250782
WALLABY J132059-122814,159.000000000318,0.7724284242564599
WALLABY J132059-122814,165.00000000033,0.4517737544266143
WALLABY J132059-122814,171.000000000342,0.3764832100331407
WALLABY J132059-122814,177.00000000035402,0.1734121039576137
WALLABY J132059-122814,183.00000000036601,0.15167484379679244
WALLABY J132059-122814,189.000000000378,0.1370211324519123
WALLABY J132059-122814,195.00000000039,0.13440385068883243
WALLABY J132059-122814,201.000000000402,0.1285979624866378
WALLABY J132059-122814,207.000000000414,0.06833623500064676
WALLABY J132059-122814,213.000000000426,0.05310561414880049
WALLABY J132059-173347,3.000000000006,18.886780538728157
WALLABY J132059-173347,9.000000000018,26.26140929301294
WALLABY J132059-173347,15.00000000003,18.657201346607764
WALLABY J132059-173347,21.000000000042,12.807892864990897
WALLABY J132059-173347,27.000000000054,6.242849975139451
WALLABY J132059-173347,33.000000000066,2.242284887317038
WALLABY J132059-173347,39.000000000078,0.42773351750304384
WALLABY J132059-173347,45.00000000009,0.0015169893713587893
WALLABY J132113-131115,3.000000000006,11.630085349745697
WALLABY J132113-131115,9.000000000018,7.048643601831417
WALLABY J132113-131115,15.00000000003,9.17835504920355
WALLABY J132113-131115,21.000000000042,6.235403614835303
WALLABY J132113-131115,27.000000000054,6.589442567228567
WALLABY J132113-131115,33.000000000066,4.080024626769993
WALLABY J132113-131115,39.000000000078,2.0108917769155683
WALLABY J132113-131115,45.00000000009,0.7173005019864762
WALLABY J132113-131115,51.000000000102006,0.4489696312384367
WALLABY J132113-131115,57.000000000114,0.039720869033842636
WALLABY J132113-131115,63.00000000012601,0.07741724864741657
WALLABY J132119-130231,3.000000000006,168.52511697073615
WALLABY J132119-130231,9.000000000018,151.96231743774376
WALLABY J132119-130231,15.00000000003,95.36460918917147
WALLABY J132119-130231,21.000000000042,85.98612397123517
WALLABY J132119-130231,27.000000000054,59.278418627397265
WALLABY J132119-130231,33.000000000066,39.477091979549144
WALLABY J132119-130231,39.000000000078,33.137656730382076
WALLABY J132119-130231,45.00000000009,17.153407247500695
WALLABY J132119-130231,51.000000000102006,13.2517286437432
WALLABY J132119-130231,57.000000000114,7.9551452474773665
WALLABY J132119-130231,63.00000000012601,4.939003958443484
WALLABY J132119-130231,69.000000000138,4.336825623487207
WALLABY J132119-130231,75.00000000015001,3.9208525821115634
WALLABY J132119-130231,81.000000000162,1.8212962738617071
WALLABY J132119-130231,87.000000000174,0.4634563038486207
WALLABY J132119-130231,93.000000000186,0.31318594341376177
WALLABY J132119-130231,99.000000000198,0.22619254480058015
WALLABY J132119-130231,105.00000000021001,0.15069117655356154
WALLABY J132119-130231,111.000000000222,0.0371695166172322
WALLABY J132121-151214,3.000000000006,34.501279710458064
WALLABY J132121-151214,9.000000000018,48.369127064605436
WALLABY J132121-151214,15.00000000003,30.651668147923964
WALLABY J132121-151214,21.000000000042,20.63135534918887
WALLABY J132121-151214,27.000000000054,12.069474443447382
WALLABY J132121-151214,33.000000000066,5.069190492395885
WALLABY J132121-151214,39.000000000078,2.2099195215922722
WALLABY J132121-151214,45.00000000009,0.8908870840220755
WALLABY J132121-151214,51.000000000102006,0.42661789223782914
WALLABY J132121-151214,57.000000000114,0.15482441764617713
WALLABY J132121-151214,63.00000000012601,0.09655444197995987
WALLABY J132124-160619,3.000000000006,30.89287937144148
WALLABY J132124-160619,9.000000000018,31.240399756189856
WALLABY J132124-160619,15.00000000003,20.183832288327743
WALLABY J132124-160619,21.000000000042,12.082538474397213
WALLABY J132124-160619,27.000000000054,6.3061707279302865
WALLABY J132124-160619,33.000000000066,3.145266569731036
WALLABY J132124-160619,39.000000000078,1.7908898284309676
WALLABY J132124-160619,45.00000000009,0.43443247046373384
WALLABY J132124-160619,51.000000000102006,0.0019128195260415721
WALLABY J132124-160619,57.000000000114,0.016175975622482325
WALLABY J132132-152931,3.000000000006,54.69382889869931
WALLABY J132132-152931,9.000000000018,76.19565926382768
WALLABY J132132-152931,15.00000000003,64.23208493029519
WALLABY J132132-152931,21.000000000042,44.64115595791937
WALLABY J132132-152931,27.000000000054,35.52264631362425
WALLABY J132132-152931,33.000000000066,19.39919349121682
WALLABY J132132-152931,39.000000000078,11.622542113474717
WALLABY J132132-152931,45.00000000009,4.239121601332846
WALLABY J132132-152931,51.000000000102006,0.5735926123043542
WALLABY J132132-152931,57.000000000114,0.5329835728093554
WALLABY J132132-152931,63.00000000012601,0.32913439206379
WALLABY J132132-152931,69.000000000138,0.18304451932080412
WALLABY J132132-152931,75.00000000015001,0.017460354253338868
WALLABY J132136-203629,3.000000000006,27.37975548296943
WALLABY J132136-203629,9.000000000018,36.187774234984786
WALLABY J132136-203629,15.00000000003,24.80021096540799
WALLABY J132136-203629,21.000000000042,21.418371926290035
WALLABY J132136-203629,27.000000000054,17.8736472498373
WALLABY J132136-203629,33.000000000066,12.010153098087319
WALLABY J132136-203629,39.000000000078,6.555135778616472
WALLABY J132136-203629,45.00000000009,2.9475145158087543
WALLABY J132136-203629,51.000000000102006,0.8596695148316529
WALLABY J132136-203629,57.000000000114,0.0826752573548968
WALLABY J132136-203629,63.00000000012601,0.05272568424704697
WALLABY J132136-203629,69.000000000138,0.0661233510327406
WALLABY J132136-203629,75.00000000015001,0.10558845158732352
WALLABY J132136-203629,81.000000000162,0.18606398208928251
WALLABY J132136-203629,87.000000000174,0.07239462711845304
WALLABY J132136-203629,93.000000000186,0.06195627983450922
WALLABY J132145-154135,3.000000000006,56.56269925557012
WALLABY J132145-154135,9.000000000018,60.755314962596444
WALLABY J132145-154135,15.00000000003,60.512140997930075
WALLABY J132145-154135,21.000000000042,42.23144201297
WALLABY J132145-154135,27.000000000054,27.76144340839771
WALLABY J132145-154135,33.000000000066,14.834068823502772
WALLABY J132145-154135,39.000000000078,6.003812270001392
WALLABY J132145-154135,45.00000000009,1.6424802808051102
WALLABY J132145-154135,51.000000000102006,0.15189913542013236
WALLABY J132145-154135,57.000000000114,0.3018706585819951
WALLABY J132145-154135,63.00000000012601,0.09512472518006622
WALLABY J132148-131222,3.000000000006,120.1899196325533
WALLABY J132148-131222,9.000000000018,68.1482018075478
WALLABY J132148-131222,15.00000000003,106.33995720576289
WALLABY J132148-131222,21.000000000042,86.57255789390611
WALLABY J132148-131222,27.000000000054,82.921707975509
WALLABY J132148-131222,33.000000000066,86.41404461056561
WALLABY J132148-131222,39.000000000078,72.43415937533281
WALLABY J132148-131222,45.00000000009,81.30192252083098
WALLABY J132148-131222,51.000000000102006,66.86007395171302
WALLABY J132148-131222,57.000000000114,60.07259450163872
WALLABY J132148-131222,63.00000000012601,49.640771963744875
WALLABY J132148-131222,69.000000000138,38.37498699897753
WALLABY J132148-131222,75.00000000015001,32.20970869370448
WALLABY J132148-131222,81.000000000162,18.222251590291595
WALLABY J132148-131222,87.000000000174,13.267843663960967
WALLABY J132148-131222,93.000000000186,7.738528971199705
WALLABY J132148-131222,99.000000000198,4.119090324543254
WALLABY J132148-131222,105.00000000021001,2.890844633481573
WALLABY J132148-131222,111.000000000222,1.5916499478746597
WALLABY J132148-131222,117.000000000234,1.5539599806745463
WALLABY J132148-131222,123.000000000246,0.9033643804830911
WALLABY J132148-131222,129.000000000258,0.24166989857395074
WALLABY J132148-131222,135.00000000027,0.12778745893341306
WALLABY J132148-131222,141.000000000282,0.016473315768932933
WALLABY J132148-131222,147.000000000294,0.006282720597157476
WALLABY J132151-144210,3.000000000006,31.46960772780994
WALLABY J132151-144210,9.000000000018,36.84216027942373
WALLABY J132151-144210,15.00000000003,24.5424172163664
WALLABY J132151-144210,21.000000000042,14.032946805619979
WALLABY J132151-144210,27.000000000054,10.605101733238907
WALLABY J132151-144210,33.000000000066,5.991730190758862
WALLABY J132151-144210,39.000000000078,3.030226594621178
WALLABY J132151-144210,45.00000000009,0.2738653241352854
WALLABY J132151-144210,51.000000000102006,0.1782518985445492
WALLABY J132151-144210,57.000000000114,0.10652309328866677
WALLABY J132151-144210,63.00000000012601,0.03653307812095487
WALLABY J132151-171211,3.000000000006,50.62410739688448
WALLABY J132151-171211,9.000000000018,42.735694791165244
WALLABY J132151-171211,15.00000000003,50.57226331314093
WALLABY J132151-171211,21.000000000042,31.07047203796986
WALLABY J132151-171211,27.000000000054,36.89758923020851
WALLABY J132151-171211,33.000000000066,23.9861066678254
WALLABY J132151-171211,39.000000000078,17.014558794191583
WALLABY J132151-171211,45.00000000009,13.65615672765418
WALLABY J132151-171211,51.000000000102006,8.314533059793597
WALLABY J132151-171211,57.000000000114,4.619137789468466
WALLABY J132151-171211,63.00000000012601,3.0869021544160775
WALLABY J132151-171211,69.000000000138,0.7337715184382242
WALLABY J132151-171211,75.00000000015001,0.660169198101753
WALLABY J132151-171211,81.000000000162,0.5125584307055768
WALLABY J132151-171211,87.000000000174,0.05089928375335436
WALLABY J132151-171211,93.000000000186,0.0673955552461657
WALLABY J132151-171211,99.000000000198,0.04842971771208336
WALLABY J132151-171211,105.00000000021001,0.0647733991099751
WALLABY J132151-171211,111.000000000222,0.025629363912941742
WALLABY J132157-165559,3.000000000006,19.858873838667293
WALLABY J132157-165559,9.000000000018,20.832799315770448
WALLABY J132157-165559,15.00000000003,15.542048680468067
WALLABY J132157-165559,21.000000000042,10.952833184351128
WALLABY J132157-165559,27.000000000054,3.2974023230594427
WALLABY J132157-165559,33.000000000066,0.7937629192653312
WALLABY J132157-165559,39.000000000078,0.0941393197222702
WALLABY J132157-165559,45.00000000009,0.036692585162907854
WALLABY J132158-170021,3.000000000006,21.7760597057414
WALLABY J132158-170021,9.000000000018,28.55434996158566
WALLABY J132158-170021,15.00000000003,18.21596224866725
WALLABY J132158-170021,21.000000000042,11.984242458656194
WALLABY J132158-170021,27.000000000054,7.731171599686061
WALLABY J132158-170021,33.000000000066,4.07307681576321
WALLABY J132158-170021,39.000000000078,1.3313351788061516
WALLABY J132158-170021,45.00000000009,0.16142916974701071
WALLABY J132158-170021,51.000000000102006,0.05736554755897248
WALLABY J132202-174134,3.000000000006,66.23072955598228
WALLABY J132202-174134,9.000000000018,44.18573826293962
WALLABY J132202-174134,15.00000000003,29.16414385398929
WALLABY J132202-174134,21.000000000042,21.017835409222105
WALLABY J132202-174134,27.000000000054,16.231215161977975
WALLABY J132202-174134,33.000000000066,9.16307340626157
WALLABY J132202-174134,39.000000000078,4.501500568254814
WALLABY J132202-174134,45.00000000009,1.3391424338124924
WALLABY J132202-174134,51.000000000102006,0.15040139235228184
WALLABY J132202-174134,57.000000000114,0.13306420972661026
WALLABY J132202-174134,63.00000000012601,0.07320293027811416
WALLABY J132202-174134,69.000000000138,0.04036765718084019
WALLABY J132202-174134,75.00000000015001,0.07628363794675402
WALLABY J132202-201335,3.000000000006,40.53563156335214
WALLABY J132202-201335,9.000000000018,40.552790887389584
WALLABY J132202-201335,15.00000000003,50.53051147643974
WALLABY J132202-201335,21.000000000042,35.76624088281203
WALLABY J132202-201335,27.000000000054,29.125932151743342
WALLABY J132202-201335,33.000000000066,33.46087703704062
WALLABY J132202-201335,39.000000000078,25.03464787835689
WALLABY J132202-201335,45.00000000009,17.706992211123175
WALLABY J132202-201335,51.000000000102006,17.558085738745568
WALLABY J132202-201335,57.000000000114,11.978846408103951
WALLABY J132202-201335,63.00000000012601,8.191505890897195
WALLABY J132202-201335,69.000000000138,5.495861074707172
WALLABY J132202-201335,75.00000000015001,3.4617350356139713
WALLABY J132202-201335,81.000000000162,1.2310918788968948
WALLABY J132202-201335,87.000000000174,0.7452752275504378
WALLABY J132202-201335,93.000000000186,0.47663354054363305
WALLABY J132202-201335,99.000000000198,0.24552366179506213
WALLABY J132202-201335,105.00000000021001,0.05124802159714757
WALLABY J132202-201335,111.000000000222,0.0008768682091353889
WALLABY J132202-201335,117.000000000234,0.007494942357921584
WALLABY J132205-130816,3.000000000006,25.943984824209046
WALLABY J132205-130816,9.000000000018,60.41857716981776
WALLABY J132205-130816,15.00000000003,43.890631061166644
WALLABY J132205-130816,21.000000000042,30.27644461741133
WALLABY J132205-130816,27.000000000054,22.504933390990416
WALLABY J132205-130816,33.000000000066,11.992731715559541
WALLABY J132205-130816,39.000000000078,5.895269166171606
WALLABY J132205-130816,45.00000000009,2.1336265548092594
WALLABY J132205-130816,51.000000000102006,1.8058077738221496
WALLABY J132205-130816,57.000000000114,0.37835612989688633
WALLABY J132205-130816,63.00000000012601,0.006394907357738651
WALLABY J132207-172410,3.000000000006,45.366436760753636
WALLABY J132207-172410,9.000000000018,31.73730455182659
WALLABY J132207-172410,15.00000000003,24.35786349472537
WALLABY J132207-172410,21.000000000042,20.2900912474674
WALLABY J132207-172410,27.000000000054,10.050269557960702
WALLABY J132207-172410,33.000000000066,5.366188427927034
WALLABY J132207-172410,39.000000000078,1.3599729529291755
WALLABY J132207-172410,45.00000000009,0.5879074419437725
WALLABY J132207-172410,51.000000000102006,0.0882360344017419
WALLABY J132208-164023,3.000000000006,31.49080269863163
WALLABY J132208-164023,9.000000000018,11.002685467040694
WALLABY J132208-164023,15.00000000003,12.171753336597682
WALLABY J132208-164023,21.000000000042,9.588307195259844
WALLABY J132208-164023,27.000000000054,8.763371473139106
WALLABY J132208-164023,33.000000000066,4.364770086408642
WALLABY J132208-164023,39.000000000078,5.196779521734217
WALLABY J132208-164023,45.00000000009,2.0352604164753787
WALLABY J132208-164023,51.000000000102006,0.9135278798545513
WALLABY J132208-164023,57.000000000114,0.5353651856571664
WALLABY J132208-164023,63.00000000012601,0.33725395370781125
WALLABY J132208-164023,69.000000000138,0.39274596307685034
WALLABY J132208-164023,75.00000000015001,0.2324761994862454
WALLABY J132208-164023,81.000000000162,0.24977053781869227
WALLABY J132208-164023,87.000000000174,0.12703182806728575
WALLABY J132208-164023,93.000000000186,0.055621619664757996
WALLABY J132208-164023,99.000000000198,0.03439975126912637
WALLABY J132211-160558,3.000000000006,2.510885000529585
WALLABY J132211-160558,9.000000000018,3.777475741179183
WALLABY J132211-160558,15.00000000003,6.412385052312432
WALLABY J132211-160558,21.000000000042,8.72045828064821
WALLABY J132211-160558,27.000000000054,9.405744740143263
WALLABY J132211-160558,33.000000000066,11.340695904207037
WALLABY J132211-160558,39.000000000078,10.225567623245663
WALLABY J132211-160558,45.00000000009,9.068054485073917
WALLABY J132211-160558,51.000000000102006,7.42803429671779
WALLABY J132211-160558,57.000000000114,5.2829842018477144
WALLABY J132211-160558,63.00000000012601,2.7739345178586836
WALLABY J132211-160558,69.000000000138,1.2980861981924205
WALLABY J132211-160558,75.00000000015001,0.3385437157144415
WALLABY J132211-160558,81.000000000162,0.18885356969901615
WALLABY J132211-160558,87.000000000174,0.132429017089331
WALLABY J132211-160558,93.000000000186,0.14457220088197703
WALLABY J132211-160558,99.000000000198,0.20442305745906023
WALLABY J132211-160558,105.00000000021001,0.143563427662686
WALLABY J132211-160558,111.000000000222,0.08062638440295686
WALLABY J132219-164225,3.000000000006,81.75210124019183
WALLABY J132219-164225,9.000000000018,51.321656549137735
WALLABY J132219-164225,15.00000000003,69.91279885153347
WALLABY J132219-164225,21.000000000042,53.55138637314352
WALLABY J132219-164225,27.000000000054,54.596592489300804
WALLABY J132219-164225,33.000000000066,47.20131187862351
WALLABY J132219-164225,39.000000000078,32.938623507932576
WALLABY J132219-164225,45.00000000009,26.522467933190566
WALLABY J132219-164225,51.000000000102006,16.86120841653104
WALLABY J132219-164225,57.000000000114,11.681518355336463
WALLABY J132219-164225,63.00000000012601,7.48854629413116
WALLABY J132219-164225,69.000000000138,2.6593614099314618
WALLABY J132219-164225,75.00000000015001,0.3578514493831816
WALLABY J132219-164225,81.000000000162,0.38345276417264273
WALLABY J132219-164225,87.000000000174,0.24165628864633296
WALLABY J132219-164225,93.000000000186,0.3591656074980187
WALLABY J132219-164225,99.000000000198,0.5775438405823732
WALLABY J132219-164225,105.00000000021001,0.5033565822079049
WALLABY J132219-164225,111.000000000222,0.270302140611228
WALLABY J132219-164225,117.000000000234,0.21764929308171715
WALLABY J132219-164225,123.000000000246,0.10399436836395247
WALLABY J132219-164225,129.000000000258,0.012968613721662987
WALLABY J132228-185728,3.000000000006,27.346195070215742
WALLABY J132228-185728,9.000000000018,20.076984411244847
WALLABY J132228-185728,15.00000000003,19.8420927148527
WALLABY J132228-185728,21.000000000042,11.520814754692987
WALLABY J132228-185728,27.000000000054,6.655702312942216
WALLABY J132228-185728,33.000000000066,4.945642857449225
WALLABY J132228-185728,39.000000000078,1.3684429596012726
WALLABY J132228-185728,45.00000000009,0.48726294307349477
WALLABY J132228-185728,51.000000000102006,0.044786363859652484
WALLABY J132228-185728,57.000000000114,0.021126752864981637
WALLABY J132228-185728,63.00000000012601,0.0303930930181742
WALLABY J132229-214334,3.000000000006,33.32567497097261
WALLABY J132229-214334,9.000000000018,36.85485941685295
WALLABY J132229-214334,15.00000000003,26.553262468991147
WALLABY J132229-214334,21.000000000042,17.392622425850906
WALLABY J132229-214334,27.000000000054,9.809018158314814
WALLABY J132229-214334,33.000000000066,3.526271381697987
WALLABY J132229-214334,39.000000000078,0.4110437144852003
WALLABY J132229-214334,45.00000000009,0.11984912965999743
WALLABY J132229-214334,51.000000000102006,0.07631302107334978
WALLABY J132243-172410,3.000000000006,32.6949721324592
WALLABY J132243-172410,9.000000000018,20.072468998481565
WALLABY J132243-172410,15.00000000003,20.120568640977766
WALLABY J132243-172410,21.000000000042,13.057731056393242
WALLABY J132243-172410,27.000000000054,9.05280595602016
WALLABY J132243-172410,33.000000000066,4.135149789581224
WALLABY J132243-172410,39.000000000078,1.5330270752546613
WALLABY J132243-172410,45.00000000009,0.22231124404016817
WALLABY J132243-172410,51.000000000102006,0.056342537499309765
WALLABY J132243-172410,57.000000000114,0.005151266539028104
WALLABY J132247-175705,3.000000000006,11.726230128142044
WALLABY J132247-175705,9.000000000018,14.866402437181938
WALLABY J132247-175705,15.00000000003,12.877447429285505
WALLABY J132247-175705,21.000000000042,9.097664991640736
WALLABY J132247-175705,27.000000000054,6.588850276459507
WALLABY J132247-175705,33.000000000066,5.622851006726204
WALLABY J132247-175705,39.000000000078,4.928949097574182
WALLABY J132247-175705,45.00000000009,2.686529249711238
WALLABY J132247-175705,51.000000000102006,1.3322358593517174
WALLABY J132247-175705,57.000000000114,0.1171514516871282
WALLABY J132247-175705,63.00000000012601,0.0293714194890874
WALLABY J132255-173325,3.000000000006,40.885831585904654
WALLABY J132255-173325,9.000000000018,52.439639002007766
WALLABY J132255-173325,15.00000000003,41.62038254987616
WALLABY J132255-173325,21.000000000042,34.450664438218034
WALLABY J132255-173325,27.000000000054,26.131536024867625
WALLABY J132255-173325,33.000000000066,18.479914507149065
WALLABY J132255-173325,39.000000000078,15.495148926167877
WALLABY J132255-173325,45.00000000009,10.293742412454707
WALLABY J132255-173325,51.000000000102006,6.031456528264628
WALLABY J132255-173325,57.000000000114,2.2878835352196725
WALLABY J132255-173325,63.00000000012601,0.6959314125748998
WALLABY J132255-173325,69.000000000138,0.8859086692803607
WALLABY J132255-173325,75.00000000015001,0.11367920141345043
WALLABY J132255-173325,81.000000000162,0.020886143209366853
WALLABY J132256-170904,3.000000000006,39.913127380354425
WALLABY J132256-170904,9.000000000018,23.91747203731473
WALLABY J132256-170904,15.00000000003,18.862531255718707
WALLABY J132256-170904,21.000000000042,14.447062634994303
WALLABY J132256-170904,27.000000000054,13.740265371804796
WALLABY J132256-170904,33.000000000066,10.002114314539124
WALLABY J132256-170904,39.000000000078,7.301915166644184
WALLABY J132256-170904,45.00000000009,3.9161568037839665
WALLABY J132256-170904,51.000000000102006,0.8908498462990465
WALLABY J132256-170904,57.000000000114,0.3699100714710159
WALLABY J132256-170904,63.00000000012601,0.11818779731064608
WALLABY J132259-172513,3.000000000006,16.666046358952354
WALLABY J132259-172513,9.000000000018,16.548528518875962
WALLABY J132259-172513,15.00000000003,13.497004262544321
WALLABY J132259-172513,21.000000000042,8.654341124335433
WALLABY J132259-172513,27.000000000054,6.683620775822413
WALLABY J132259-172513,33.000000000066,2.37191614320246
WALLABY J132259-172513,39.000000000078,0.5102325319264315
WALLABY J132259-172513,45.00000000009,0.09228226910764874
WALLABY J132259-204701,3.000000000006,50.13112815550137
WALLABY J132259-204701,9.000000000018,38.874391401879144
WALLABY J132259-204701,15.00000000003,29.13232106834391
WALLABY J132259-204701,21.000000000042,38.7898746459082
WALLABY J132259-204701,27.000000000054,21.486340477989096
WALLABY J132259-204701,33.000000000066,12.570891716373662
WALLABY J132259-204701,39.000000000078,8.381751059269563
WALLABY J132259-204701,45.00000000009,3.8182482158874946
WALLABY J132259-204701,51.000000000102006,2.302494939394333
WALLABY J132259-204701,57.000000000114,1.1884534949674554
WALLABY J132259-204701,63.00000000012601,0.33374094589159803
WALLABY J132259-204701,69.000000000138,0.14691930960560123
WALLABY J132313-152804,3.000000000006,50.015547188426936
WALLABY J132313-152804,9.000000000018,29.68104951224793
WALLABY J132313-152804,15.00000000003,29.156331601669315
WALLABY J132313-152804,21.000000000042,15.587413749398502
WALLABY J132313-152804,27.000000000054,13.633626818189594
WALLABY J132313-152804,33.000000000066,10.109875872543176
WALLABY J132313-152804,39.000000000078,5.598924619609521
WALLABY J132313-152804,45.00000000009,4.662903497475561
WALLABY J132313-152804,51.000000000102006,1.5685377173036315
WALLABY J132313-152804,57.000000000114,0.9336400161558057
WALLABY J132313-152804,63.00000000012601,0.5006138792715028
WALLABY J132313-152804,69.000000000138,0.2107317333392823
WALLABY J132313-152804,75.00000000015001,0.10134281611805936
WALLABY J132313-152804,81.000000000162,0.05816820007405804
WALLABY J132314-165544,3.000000000006,15.091764725600026
WALLABY J132314-165544,9.000000000018,22.774050294721903
WALLABY J132314-165544,15.00000000003,25.508183649678116
WALLABY J132314-165544,21.000000000042,12.217938448399591
WALLABY J132314-165544,27.000000000054,14.649803778039619
WALLABY J132314-165544,33.000000000066,11.4585278747255
WALLABY J132314-165544,39.000000000078,8.461206389130343
WALLABY J132314-165544,45.00000000009,6.1018526730246085
WALLABY J132314-165544,51.000000000102006,5.495107360410053
WALLABY J132314-165544,57.000000000114,4.9821272049930405
WALLABY J132314-165544,63.00000000012601,2.7482486828007624
WALLABY J132314-165544,69.000000000138,1.6834098138543068
WALLABY J132314-165544,75.00000000015001,0.6776938523040398
WALLABY J132314-165544,81.000000000162,0.17440754416513865
WALLABY J132314-165544,87.000000000174,0.14428540464449097
WALLABY J132314-165544,93.000000000186,0.10260777376764157
WALLABY J132314-165544,99.000000000198,0.029044781260819635
WALLABY J132318-182146,3.000000000006,47.98226011310429
WALLABY J132318-182146,9.000000000018,23.094437907585267
WALLABY J132318-182146,15.00000000003,16.14816202846562
WALLABY J132318-182146,21.000000000042,17.956529840151482
WALLABY J132318-182146,27.000000000054,10.52923787583281
WALLABY J132318-182146,33.000000000066,5.828289746277595
WALLABY J132318-182146,39.000000000078,2.8431600393791894
WALLABY J132318-182146,45.00000000009,1.7465569881355525
WALLABY J132318-182146,51.000000000102006,1.1515640664498843
WALLABY J132318-182146,57.000000000114,0.584916556693568
WALLABY J132318-182146,63.00000000012601,0.04021736347102084
WALLABY J132328-172821,3.000000000006,9.576154845593
WALLABY J132328-172821,9.000000000018,12.959913444608823
WALLABY J132328-172821,15.00000000003,12.332662474643769
WALLABY J132328-172821,21.000000000042,12.229117928567902
WALLABY J132328-172821,27.000000000054,8.77240495766112
WALLABY J132328-172821,33.000000000066,5.960079317985243
WALLABY J132328-172821,39.000000000078,2.5470148539093906
WALLABY J132328-172821,45.00000000009,0.0853324121423583
WALLABY J132328-172821,51.000000000102006,0.021598180275715414
WALLABY J132329-163056,3.000000000006,50.5903543222022
WALLABY J132329-163056,9.000000000018,38.98979427809522
WALLABY J132329-163056,15.00000000003,43.12321143250887
WALLABY J132329-163056,21.000000000042,28.292205923157585
WALLABY J132329-163056,27.000000000054,23.693825717278337
WALLABY J132329-163056,33.000000000066,11.975279375640133
WALLABY J132329-163056,39.000000000078,9.692360900164186
WALLABY J132329-163056,45.00000000009,3.3538237057647957
WALLABY J132329-163056,51.000000000102006,1.1526343897061062
WALLABY J132329-163056,57.000000000114,0.2064971870088157
WALLABY J132329-163056,63.00000000012601,0.3752132797277638
WALLABY J132329-163056,69.000000000138,0.32463135421081674
WALLABY J132329-163056,75.00000000015001,0.020821938269380925
WALLABY J132329-175427,3.000000000006,59.55279080047649
WALLABY J132329-175427,9.000000000018,68.21369894811828
WALLABY J132329-175427,15.00000000003,44.04574776706117
WALLABY J132329-175427,21.000000000042,30.600982826612974
WALLABY J132329-175427,27.000000000054,13.006406866465243
WALLABY J132329-175427,33.000000000066,6.140851590558865
WALLABY J132329-175427,39.000000000078,3.6057005017766066
WALLABY J132329-175427,45.00000000009,0.7383262301717727
WALLABY J132329-175427,51.000000000102006,0.42006077621334575
WALLABY J132329-175427,57.000000000114,0.3220738785475102
WALLABY J132329-175427,63.00000000012601,0.1171846637699134
WALLABY J132329-175427,69.000000000138,0.043626840141185314
WALLABY J132329-175427,75.00000000015001,0.004936548735770041
WALLABY J132329-232337,3.000000000006,51.72458153959059
WALLABY J132329-232337,9.000000000018,30.765458060632575
WALLABY J132329-232337,15.00000000003,33.67050183042768
WALLABY J132329-232337,21.000000000042,21.19209592640457
WALLABY J132329-232337,27.000000000054,16.10282886255507
WALLABY J132329-232337,33.000000000066,10.331364130813297
WALLABY J132329-232337,39.000000000078,6.286713583753272
WALLABY J132329-232337,45.00000000009,4.167298996431822
WALLABY J132329-232337,51.000000000102006,1.9383625050133166
WALLABY J132329-232337,57.000000000114,0.7131021696509925
WALLABY J132329-232337,63.00000000012601,0.2600321334966737
WALLABY J132329-232337,69.000000000138,0.274817981185321
WALLABY J132329-232337,75.00000000015001,0.035455493767556516
WALLABY J132331-235339,3.000000000006,84.37196023932674
WALLABY J132331-235339,9.000000000018,64.53898225058278
WALLABY J132331-235339,15.00000000003,77.09613485414104
WALLABY J132331-235339,21.000000000042,56.492071042395985
WALLABY J132331-235339,27.000000000054,40.245312163410844
WALLABY J132331-235339,33.000000000066,29.326719220899573
WALLABY J132331-235339,39.000000000078,17.2999499966493
WALLABY J132331-235339,45.00000000009,7.173769094365269
WALLABY J132331-235339,51.000000000102006,3.6565929241675432
WALLABY J132331-235339,57.000000000114,0.7506618210408642
WALLABY J132331-235339,63.00000000012601,0.1521719469596104
WALLABY J132331-235339,69.000000000138,0.726286166011087
WALLABY J132331-235339,75.00000000015001,0.13463789238121965
WALLABY J132331-235339,81.000000000162,0.054751051855041345
WALLABY J132331-235339,87.000000000174,0.04281792030815197
WALLABY J132347-193322,3.000000000006,25.08655397425063
WALLABY J132347-193322,9.000000000018,18.156854648315154
WALLABY J132347-193322,15.00000000003,14.016497347118229
WALLABY J132347-193322,21.000000000042,12.699205787333947
WALLABY J132347-193322,27.000000000054,6.611696854012694
WALLABY J132347-193322,33.000000000066,1.5117761420212927
WALLABY J132347-193322,39.000000000078,0.20653585217560233
WALLABY J132347-193322,45.00000000009,0.06785274576805736
WALLABY J132353-180755,3.000000000006,32.65189357283017
WALLABY J132353-180755,9.000000000018,40.188267682691425
WALLABY J132353-180755,15.00000000003,29.085502816557064
WALLABY J132353-180755,21.000000000042,23.287816337070513
WALLABY J132353-180755,27.000000000054,15.371264416318667
WALLABY J132353-180755,33.000000000066,10.680641343448377
WALLABY J132353-180755,39.000000000078,6.326490774203714
WALLABY J132353-180755,45.00000000009,2.777522755826803
WALLABY J132353-180755,51.000000000102006,0.7842051996348363
WALLABY J132353-180755,57.000000000114,0.21959776577382736
WALLABY J132353-180755,63.00000000012601,0.30299378325518106
WALLABY J132353-184841,3.000000000006,58.372654997818984
WALLABY J132353-184841,9.000000000018,35.53615381565332
WALLABY J132353-184841,15.00000000003,35.09496231654223
WALLABY J132353-184841,21.000000000042,25.220369749117513
WALLABY J132353-184841,27.000000000054,17.262677358135996
WALLABY J132353-184841,33.000000000066,10.33312369793038
WALLABY J132353-184841,39.000000000078,5.2078509794631564
WALLABY J132353-184841,45.00000000009,2.5690095750404116
WALLABY J132353-184841,51.000000000102006,0.8051332179442309
WALLABY J132353-184841,57.000000000114,0.22441451780686142
WALLABY J132358-151422,3.000000000006,25.268722573595902
WALLABY J132358-151422,9.000000000018,18.801569099916957
WALLABY J132358-151422,15.00000000003,17.897705681808386
WALLABY J132358-151422,21.000000000042,21.181121944583857
WALLABY J132358-151422,27.000000000054,14.946242742651775
WALLABY J132358-151422,33.000000000066,11.236772087681102
WALLABY J132358-151422,39.000000000078,10.944559679376699
WALLABY J132358-151422,45.00000000009,6.601554498022957
WALLABY J132358-151422,51.000000000102006,3.9668242141337737
WALLABY J132358-151422,57.000000000114,2.772028779436844
WALLABY J132358-151422,63.00000000012601,0.8902376143789203
WALLABY J132358-151422,69.000000000138,0.07585886762437476
WALLABY J132358-151422,75.00000000015001,0.00255473237805685
WALLABY J132358-151422,81.000000000162,0.010378024905563304
WALLABY J132358-190341,3.000000000006,109.14534197882385
WALLABY J132358-190341,9.000000000018,66.30415335875749
WALLABY J132358-190341,15.00000000003,59.59099161339589
WALLABY J132358-190341,21.000000000042,43.65141300586524
WALLABY J132358-190341,27.000000000054,27.908397928426396
WALLABY J132358-190341,33.000000000066,20.74998483436559
WALLABY J132358-190341,39.000000000078,8.415149275462655
WALLABY J132358-190341,45.00000000009,4.63680968421633
WALLABY J132358-190341,51.000000000102006,2.895161067996267
WALLABY J132358-190341,57.000000000114,1.2880083964786637
WALLABY J132358-190341,63.00000000012601,0.1625852724914952
WALLABY J132358-190341,69.000000000138,0.014705418547121001
WALLABY J132359-235510,3.000000000006,6.055973702106558
WALLABY J132359-235510,9.000000000018,15.683248719087361
WALLABY J132359-235510,15.00000000003,11.082348620077068
WALLABY J132359-235510,21.000000000042,9.441006318921586
WALLABY J132359-235510,27.000000000054,7.453662958767539
WALLABY J132359-235510,33.000000000066,5.851277811169627
WALLABY J132359-235510,39.000000000078,4.347799767969734
WALLABY J132359-235510,45.00000000009,2.9815037229196752
WALLABY J132359-235510,51.000000000102006,0.7095129479781654
WALLABY J132359-235510,57.000000000114,0.17337743163166888
WALLABY J132415-164212,3.000000000006,60.29538003025729
WALLABY J132415-164212,9.000000000018,71.98815084368847
WALLABY J132415-164212,15.00000000003,62.35608813280986
WALLABY J132415-164212,21.000000000042,60.15076331466559
WALLABY J132415-164212,27.000000000054,41.78089381375642
WALLABY J132415-164212,33.000000000066,31.572564162643033
WALLABY J132415-164212,39.000000000078,22.830677486558287
WALLABY J132415-164212,45.00000000009,16.07935919776245
WALLABY J132415-164212,51.000000000102006,13.741587176158717
WALLABY J132415-164212,57.000000000114,10.00698164847226
WALLABY J132415-164212,63.00000000012601,7.217680054147614
WALLABY J132415-164212,69.000000000138,5.109072751993325
WALLABY J132415-164212,75.00000000015001,2.7121437586897352
WALLABY J132415-164212,81.000000000162,1.7533308457966315
WALLABY J132415-164212,87.000000000174,0.8072414463893215
WALLABY J132415-164212,93.000000000186,0.2793727550084713
WALLABY J132415-164212,99.000000000198,0.10942896432845681
WALLABY J132415-232043,3.000000000006,26.60382548582691
WALLABY J132415-232043,9.000000000018,46.892143302984884
WALLABY J132415-232043,15.00000000003,31.094284805637344
WALLABY J132415-232043,21.000000000042,44.36916326373727
WALLABY J132415-232043,27.000000000054,31.638119336738978
WALLABY J132415-232043,33.000000000066,31.88195096090917
WALLABY J132415-232043,39.000000000078,19.50803742150903
WALLABY J132415-232043,45.00000000009,19.946866876796285
WALLABY J132415-232043,51.000000000102006,12.000994815377808
WALLABY J132415-232043,57.000000000114,9.883577933930777
WALLABY J132415-232043,63.00000000012601,6.210509655687549
WALLABY J132415-232043,69.000000000138,3.8576989591443134
WALLABY J132415-232043,75.00000000015001,2.749106006438832
WALLABY J132415-232043,81.000000000162,1.4526529313367287
WALLABY J132415-232043,87.000000000174,0.9395758948718113
WALLABY J132415-232043,93.000000000186,0.2783015025696313
WALLABY J132415-232043,99.000000000198,0.42553667499822795
WALLABY J132415-232043,105.00000000021001,0.13053647552509268
WALLABY J132415-232043,111.000000000222,0.270340277856714
WALLABY J132415-232043,117.000000000234,0.0564728977225039
WALLABY J132415-232043,123.000000000246,0.11541836826152464
WALLABY J132415-232043,129.000000000258,0.04621186057192598
WALLABY J132415-232043,135.00000000027,0.039898860346298956
WALLABY J132415-232043,141.000000000282,0.028534826662250157
WALLABY J132415-232043,147.000000000294,0.02922091659769481
WALLABY J132415-232043,153.000000000306,0.011366108373401297
WALLABY J132415-232043,159.000000000318,0.0
WALLABY J132415-232043,165.00000000033,0.0074579189705027875
WALLABY J132419-185912,3.000000000006,30.416571593077766
WALLABY J132419-185912,9.000000000018,25.14542613489018
WALLABY J132419-185912,15.00000000003,20.05408084752146
WALLABY J132419-185912,21.000000000042,14.00997979220982
WALLABY J132419-185912,27.000000000054,8.797222938148611
WALLABY J132419-185912,33.000000000066,3.691630013132819
WALLABY J132419-185912,39.000000000078,0.4663337035506197
WALLABY J132419-185912,45.00000000009,0.1498823027278501
WALLABY J132419-185912,51.000000000102006,0.09070832528791332
WALLABY J132419-185912,57.000000000114,0.022557158186470288
WALLABY J132422-162744,3.000000000006,7.971885140204867
WALLABY J132422-162744,9.000000000018,12.445804262550787
WALLABY J132422-162744,15.00000000003,10.761764675534097
WALLABY J132422-162744,21.000000000042,6.938218891926449
WALLABY J132422-162744,27.000000000054,5.111834258357097
WALLABY J132422-162744,33.000000000066,2.898815557239532
WALLABY J132422-162744,39.000000000078,0.55208313413598
WALLABY J132422-162744,45.00000000009,0.09239152817249087
WALLABY J132427-201307,3.000000000006,51.05263069960437
WALLABY J132427-201307,9.000000000018,64.49657863731795
WALLABY J132427-201307,15.00000000003,54.343463305615465
WALLABY J132427-201307,21.000000000042,54.69396628307573
WALLABY J132427-201307,27.000000000054,39.07364359167461
WALLABY J132427-201307,33.000000000066,31.310833742160895
WALLABY J132427-201307,39.000000000078,21.933258742110745
WALLABY J132427-201307,45.00000000009,12.359338290570786
WALLABY J132427-201307,51.000000000102006,6.238412400960146
WALLABY J132427-201307,57.000000000114,2.2076539065662732
WALLABY J132427-201307,63.00000000012601,1.2017295639718362
WALLABY J132427-201307,69.000000000138,0.7509576618751954
WALLABY J132427-201307,75.00000000015001,0.051310259093982236
WALLABY J132454-201759,3.000000000006,29.23480275121604
WALLABY J132454-201759,9.000000000018,35.404205039467485
WALLABY J132454-201759,15.00000000003,32.02778819111505
WALLABY J132454-201759,21.000000000042,28.970892066892176
WALLABY J132454-201759,27.000000000054,23.981682696295756
WALLABY J132454-201759,33.000000000066,16.631426808465083
WALLABY J132454-201759,39.000000000078,10.499561529681216
WALLABY J132454-201759,45.00000000009,7.699063667415638
WALLABY J132454-201759,51.000000000102006,4.02852813391906
WALLABY J132454-201759,57.000000000114,1.6107991386726193
WALLABY J132454-201759,63.00000000012601,0.20942361364752438
WALLABY J132454-201759,69.000000000138,0.06869074247167317
WALLABY J132454-201759,75.00000000015001,0.10123321165083199
WALLABY J132454-201759,81.000000000162,0.04487182126713543
WALLABY J132455-192622,3.000000000006,18.821157835108057
WALLABY J132455-192622,9.000000000018,48.0221398730936
WALLABY J132455-192622,15.00000000003,45.24166457844628
WALLABY J132455-192622,21.000000000042,35.76053765799042
WALLABY J132455-192622,27.000000000054,28.983109759371327
WALLABY J132455-192622,33.000000000066,19.932806860280678
WALLABY J132455-192622,39.000000000078,11.196953416774775
WALLABY J132455-192622,45.00000000009,5.734015007373577
WALLABY J132455-192622,51.000000000102006,0.986927163308816
WALLABY J132455-192622,57.000000000114,0.35824977859900653
WALLABY J132455-192622,63.00000000012601,0.08632334476454522
WALLABY J132455-192622,69.000000000138,0.08713223489947668
WALLABY J132455-192622,75.00000000015001,0.14385529371620087
WALLABY J132455-192622,81.000000000162,0.16923620736434175
WALLABY J132455-192622,87.000000000174,0.15815398919073498
WALLABY J132455-192622,93.000000000186,0.08963753340922348
WALLABY J132455-192622,99.000000000198,0.016460237694515774
WALLABY J132508-194605,3.000000000006,35.10584420765717
WALLABY J132508-194605,9.000000000018,91.17904400928265
WALLABY J132508-194605,15.00000000003,64.45565933040716
WALLABY J132508-194605,21.000000000042,69.48912769978075
WALLABY J132508-194605,27.000000000054,63.01876342524554
WALLABY J132508-194605,33.000000000066,50.53539872132853
WALLABY J132508-194605,39.000000000078,31.81419286524867
WALLABY J132508-194605,45.00000000009,22.79489656724071
WALLABY J132508-194605,51.000000000102006,13.147597252235515
WALLABY J132508-194605,57.000000000114,5.874455095783086
WALLABY J132508-194605,63.00000000012601,1.9640126799268633
WALLABY J132508-194605,69.000000000138,0.8197881910607475
WALLABY J132508-194605,75.00000000015001,0.6067576041575148
WALLABY J132508-194605,81.000000000162,0.11958109422037398
WALLABY J132508-194605,87.000000000174,0.019070132991006326
WALLABY J132529-174924,3.000000000006,20.636192944505005
WALLABY J132529-174924,9.000000000018,18.31188148128762
WALLABY J132529-174924,15.00000000003,18.572927025491037
WALLABY J132529-174924,21.000000000042,15.050821945645923
WALLABY J132529-174924,27.000000000054,11.560741266744936
WALLABY J132529-174924,33.000000000066,8.380699475962247
WALLABY J132529-174924,39.000000000078,6.0793138790240695
WALLABY J132529-174924,45.00000000009,3.181531709211604
WALLABY J132529-174924,51.000000000102006,2.4520606406324785
WALLABY J132529-174924,57.000000000114,0.6685519777518715
WALLABY J132529-174924,63.00000000012601,0.2792617296316587
WALLABY J132529-174924,69.000000000138,0.07775667399737374
WALLABY J132529-174924,75.00000000015001,0.04188275034674689
WALLABY J132529-174924,81.000000000162,0.004961229860128792
WALLABY J132531-212650,3.000000000006,31.457750114658896
WALLABY J132531-212650,9.000000000018,46.318259003657474
WALLABY J132531-212650,15.00000000003,38.002326448320964
WALLABY J132531-212650,21.000000000042,27.95115961653346
WALLABY J132531-212650,27.000000000054,21.56285181858999
WALLABY J132531-212650,33.000000000066,8.74824397203928
WALLABY J132531-212650,39.000000000078,3.34659074039351
WALLABY J132531-212650,45.00000000009,0.0020026091720993806
WALLABY J132531-212650,51.000000000102006,0.07076088107782845
WALLABY J132531-212650,57.000000000114,0.25858747986621183
WALLABY J132531-220703,3.000000000006,29.16344012526413
WALLABY J132531-220703,9.000000000018,38.196022095401794
WALLABY J132531-220703,15.00000000003,28.454463872023705
WALLABY J132531-220703,21.000000000042,21.96128053954775
WALLABY J132531-220703,27.000000000054,13.03066804318573
WALLABY J132531-220703,33.000000000066,7.333750675652996
WALLABY J132531-220703,39.000000000078,3.08950655236457
WALLABY J132531-220703,45.00000000009,1.9623666296338937
WALLABY J132531-220703,51.000000000102006,1.7781107069522513
WALLABY J132531-220703,57.000000000114,0.8362343730777959
WALLABY J132531-220703,63.00000000012601,0.06814890985826987
WALLABY J132532-161724,3.000000000006,4.336104545971572
WALLABY J132532-161724,9.000000000018,3.8190143882820125
WALLABY J132532-161724,15.00000000003,4.316842279206752
WALLABY J132532-161724,21.000000000042,4.000952878112452
WALLABY J132532-161724,27.000000000054,5.565910870923413
WALLABY J132532-161724,33.000000000066,3.111382329353123
WALLABY J132532-161724,39.000000000078,4.138470309235122
WALLABY J132532-161724,45.00000000009,2.9002669311197224
WALLABY J132532-161724,51.000000000102006,1.7296676016725794
WALLABY J132532-161724,57.000000000114,0.7868994621337086
WALLABY J132532-161724,63.00000000012601,0.34445537409921584
WALLABY J132532-161724,69.000000000138,0.12735047041856176
WALLABY J132532-161724,75.00000000015001,0.08811315996323987
WALLABY J132532-161724,81.000000000162,0.02174973583812552
WALLABY J132536-213356,3.000000000006,40.45136760388535
WALLABY J132536-213356,9.000000000018,26.786270755616787
WALLABY J132536-213356,15.00000000003,37.44150214527315
WALLABY J132536-213356,21.000000000042,20.328720002696986
WALLABY J132536-213356,27.000000000054,20.384484692012663
WALLABY J132536-213356,33.000000000066,14.192300618588593
WALLABY J132536-213356,39.000000000078,9.472282288684461
WALLABY J132536-213356,45.00000000009,6.151508257348567
WALLABY J132536-213356,51.000000000102006,3.7036269842383467
WALLABY J132536-213356,57.000000000114,2.0216150302896847
WALLABY J132536-213356,63.00000000012601,1.6690298366247605
WALLABY J132536-213356,69.000000000138,1.2957078257770342
WALLABY J132536-213356,75.00000000015001,0.5843858795224162
WALLABY J132536-213356,81.000000000162,0.6039822305993083
WALLABY J132536-213356,87.000000000174,0.5907033673480124
WALLABY J132536-213356,93.000000000186,0.22896109048611882
WALLABY J132536-213356,99.000000000198,0.11486957930017655
WALLABY J132536-213356,105.00000000021001,0.3146468535623397
WALLABY J132536-213356,111.000000000222,0.19653563630401788
WALLABY J132536-213356,117.000000000234,0.04205138112283753
WALLABY J132536-213356,123.000000000246,0.027920270107254664
WALLABY J132538-163436,3.000000000006,31.76566597074451
WALLABY J132538-163436,9.000000000018,21.424029304922428
WALLABY J132538-163436,15.00000000003,18.70162346684579
WALLABY J132538-163436,21.000000000042,15.5411118223288
WALLABY J132538-163436,27.000000000054,8.946534373759325
WALLABY J132538-163436,33.000000000066,5.096763923530166
WALLABY J132538-163436,39.000000000078,1.5808174242206419
WALLABY J132538-163436,45.00000000009,0.38833939496899567
WALLABY J132538-163436,51.000000000102006,0.16240367151095014
WALLABY J132538-163436,57.000000000114,0.03137415163752074
WALLABY J132540-155525,3.000000000006,9.15697267822863
WALLABY J132540-155525,9.000000000018,6.801187253591563
WALLABY J132540-155525,15.00000000003,7.17522606871951
WALLABY J132540-155525,21.000000000042,11.102119812307883
WALLABY J132540-155525,27.000000000054,7.401390593493086
WALLABY J132540-155525,33.000000000066,7.318396066972971
WALLABY J132540-155525,39.000000000078,7.016570074774096
WALLABY J132540-155525,45.00000000009,6.730684689557179
WALLABY J132540-155525,51.000000000102006,4.079507919870433
WALLABY J132540-155525,57.000000000114,2.840878764082523
WALLABY J132540-155525,63.00000000012601,0.9922734314363033
WALLABY J132540-155525,69.000000000138,0.2233949155861504
WALLABY J132540-155525,75.00000000015001,0.15469614230875176
WALLABY J132540-155525,81.000000000162,0.1147650187628373
WALLABY J132540-155525,87.000000000174,0.12311573183742262
WALLABY J132540-155525,93.000000000186,0.05380223162874516
WALLABY J132540-155525,99.000000000198,0.10293987679871716
WALLABY J132540-155525,105.00000000021001,0.03536631525208124
WALLABY J132540-155525,111.000000000222,0.00789723837880255
WALLABY J132542-164457,3.000000000006,55.78553665382005
WALLABY J132542-164457,9.000000000018,43.37652686205484
WALLABY J132542-164457,15.00000000003,32.35505280945737
WALLABY J132542-164457,21.000000000042,28.492614110223116
WALLABY J132542-164457,27.000000000054,26.153432385847633
WALLABY J132542-164457,33.000000000066,22.62594578309329
WALLABY J132542-164457,39.000000000078,14.118223576041549
WALLABY J132542-164457,45.00000000009,13.518904473165097
WALLABY J132542-164457,51.000000000102006,8.916687619235796
WALLABY J132542-164457,57.000000000114,8.185601434467012
WALLABY J132542-164457,63.00000000012601,5.909289711910697
WALLABY J132542-164457,69.000000000138,4.023596099284671
WALLABY J132542-164457,75.00000000015001,2.467516633444368
WALLABY J132542-164457,81.000000000162,1.7463406785742412
WALLABY J132542-164457,87.000000000174,0.5408594004462619
WALLABY J132542-164457,93.000000000186,0.46769227294844834
WALLABY J132542-164457,99.000000000198,0.1433906312759663
WALLABY J132542-164457,105.00000000021001,0.24723384990878078
WALLABY J132542-164457,111.000000000222,0.14755480716201677
WALLABY J132542-164457,117.000000000234,0.2253379074102872
WALLABY J132542-164457,123.000000000246,0.07501426951590641
WALLABY J132542-164457,129.000000000258,0.0631781140068132
WALLABY J132542-164457,135.00000000027,0.0790681211971562
WALLABY J132542-164457,141.000000000282,0.04506507287423645
WALLABY J132542-164457,147.000000000294,0.04306280803227802
WALLABY J132542-164457,153.000000000306,0.013911381095703869
WALLABY J132542-164457,159.000000000318,0.012967931836800383
WALLABY J132542-164457,165.00000000033,0.001972350027889112
WALLABY J132551-162706,3.000000000006,24.026580930750768
WALLABY J132551-162706,9.000000000018,30.704050533773128
WALLABY J132551-162706,15.00000000003,23.945389740160717
WALLABY J132551-162706,21.000000000042,17.353130257614623
WALLABY J132551-162706,27.000000000054,9.538821814859839
WALLABY J132551-162706,33.000000000066,4.762663645733914
WALLABY J132551-162706,39.000000000078,1.470726605605946
WALLABY J132551-162706,45.00000000009,0.49384141264856396
WALLABY J132551-162706,51.000000000102006,0.13358688995937004
WALLABY J132551-162706,57.000000000114,0.051892960026944275
WALLABY J132552-203408,3.000000000006,15.867054135321725
WALLABY J132552-203408,9.000000000018,23.826319559424604
WALLABY J132552-203408,15.00000000003,22.923044164950177
WALLABY J132552-203408,21.000000000042,23.56490050241141
WALLABY J132552-203408,27.000000000054,20.79738855698739
WALLABY J132552-203408,33.000000000066,20.34938036452642
WALLABY J132552-203408,39.000000000078,18.923064433954572
WALLABY J132552-203408,45.00000000009,12.039389473794545
WALLABY J132552-203408,51.000000000102006,7.940969528479779
WALLABY J132552-203408,57.000000000114,3.978113662150918
WALLABY J132552-203408,63.00000000012601,1.7091976705834986
WALLABY J132552-203408,69.000000000138,0.7655932251483561
WALLABY J132552-203408,75.00000000015001,0.40690187520834536
WALLABY J132552-203408,81.000000000162,0.0005001709739839248
WALLABY J132552-241252,3.000000000006,23.09040154124199
WALLABY J132552-241252,9.000000000018,21.935686319772675
WALLABY J132552-241252,15.00000000003,14.474438885094104
WALLABY J132552-241252,21.000000000042,18.413997263256512
WALLABY J132552-241252,27.000000000054,12.757880758819388
WALLABY J132552-241252,33.000000000066,13.604872767052472
WALLABY J132552-241252,39.000000000078,6.876626719352115
WALLABY J132552-241252,45.00000000009,3.5393598222275533
WALLABY J132552-241252,51.000000000102006,1.2440938860048145
WALLABY J132552-241252,57.000000000114,0.28770684969903076
WALLABY J132552-241252,63.00000000012601,0.1760571117110681
WALLABY J132552-241252,69.000000000138,0.04167588748149076
WALLABY J132558-233802,3.000000000006,32.74049971122529
WALLABY J132558-233802,9.000000000018,33.531648021938906
WALLABY J132558-233802,15.00000000003,35.32642322746543
WALLABY J132558-233802,21.000000000042,22.163380493398172
WALLABY J132558-233802,27.000000000054,25.321884763548
WALLABY J132558-233802,33.000000000066,17.493416040819074
WALLABY J132558-233802,39.000000000078,10.898516879917425
WALLABY J132558-233802,45.00000000009,5.869574986156399
WALLABY J132558-233802,51.000000000102006,3.0174569837711886
WALLABY J132558-233802,57.000000000114,1.3559463111589134
WALLABY J132558-233802,63.00000000012601,0.3780761190737915
WALLABY J132558-233802,69.000000000138,0.4072695059774155
WALLABY J132558-233802,75.00000000015001,0.5265964566882814
WALLABY J132558-233802,81.000000000162,0.5192570772092451
WALLABY J132558-233802,87.000000000174,0.403477994048764
WALLABY J132558-233802,93.000000000186,0.26968190747319387
WALLABY J132558-233802,99.000000000198,0.1061912737500269
WALLABY J132558-242128,3.000000000006,9.691086590538326
WALLABY J132558-242128,9.000000000018,7.960763905769669
WALLABY J132558-242128,15.00000000003,8.565371576510197
WALLABY J132558-242128,21.000000000042,11.091179155064456
WALLABY J132558-242128,27.000000000054,9.570602443340922
WALLABY J132558-242128,33.000000000066,8.263565708691544
WALLABY J132558-242128,39.000000000078,7.718222823275049
WALLABY J132558-242128,45.00000000009,4.900226927566771
WALLABY J132558-242128,51.000000000102006,0.7739738183777397
WALLABY J132558-242128,57.000000000114,0.513547682369549
WALLABY J132558-242128,63.00000000012601,0.23676079881965617
WALLABY J132558-242128,69.000000000138,0.046839796322568274
WALLABY J132607-171123,3.000000000006,51.89594056350279
WALLABY J132607-171123,9.000000000018,31.04492866917401
WALLABY J132607-171123,15.00000000003,18.457807907375948
WALLABY J132607-171123,21.000000000042,19.743789829892844
WALLABY J132607-171123,27.000000000054,14.041929886477934
WALLABY J132607-171123,33.000000000066,8.50342506980602
WALLABY J132607-171123,39.000000000078,4.249634325133917
WALLABY J132607-171123,45.00000000009,1.3720210546940734
WALLABY J132607-171123,51.000000000102006,0.7229974030652011
WALLABY J132607-171123,57.000000000114,0.00862165858407292
WALLABY J132612-162649,3.000000000006,18.013327447879455
WALLABY J132612-162649,9.000000000018,24.93356079496881
WALLABY J132612-162649,15.00000000003,18.95247879604575
WALLABY J132612-162649,21.000000000042,14.58967037391507
WALLABY J132612-162649,27.000000000054,8.075982466192288
WALLABY J132612-162649,33.000000000066,3.300824787332526
WALLABY J132612-162649,39.000000000078,0.9466668766040995
WALLABY J132612-162649,45.00000000009,0.025549286686991107
WALLABY J132612-162649,51.000000000102006,0.034295925791421725
WALLABY J132612-162649,57.000000000114,0.11340219087365615
WALLABY J132612-162649,63.00000000012601,0.10281366106466375
WALLABY J132612-162649,69.000000000138,0.11574416716717957
WALLABY J132612-162649,75.00000000015001,0.025948361541970468
WALLABY J132614-195933,3.000000000006,18.88697697834162
WALLABY J132614-195933,9.000000000018,22.850159131993934
WALLABY J132614-195933,15.00000000003,11.261172079466181
WALLABY J132614-195933,21.000000000042,12.701235290710938
WALLABY J132614-195933,27.000000000054,6.4807078819618695
WALLABY J132614-195933,33.000000000066,6.6173615609198295
WALLABY J132614-195933,39.000000000078,3.5366389091513413
WALLABY J132614-195933,45.00000000009,0.8463238833105622
WALLABY J132614-195933,51.000000000102006,0.24935678495823663
WALLABY J132614-195933,57.000000000114,0.027890629008698768
WALLABY J132614-195933,63.00000000012601,0.01965198169881483
WALLABY J132620-223750,3.000000000006,21.711850395933542
WALLABY J132620-223750,9.000000000018,29.410934610132244
WALLABY J132620-223750,15.00000000003,27.098386066098396
WALLABY J132620-223750,21.000000000042,27.380522815572554
WALLABY J132620-223750,27.000000000054,22.377899112991365
WALLABY J132620-223750,33.000000000066,21.584423541249443
WALLABY J132620-223750,39.000000000078,18.187515937005962
WALLABY J132620-223750,45.00000000009,11.046540430856258
WALLABY J132620-223750,51.000000000102006,8.647726303168291
WALLABY J132620-223750,57.000000000114,4.594887321316892
WALLABY J132620-223750,63.00000000012601,1.502617170383984
WALLABY J132620-223750,69.000000000138,0.31787040255479426
WALLABY J132620-223750,75.00000000015001,0.21596004856000556
WALLABY J132620-223750,81.000000000162,0.23592508758613753
WALLABY J132620-223750,87.000000000174,0.10276638772050584
WALLABY J132621-155739,3.000000000006,5.26501337618788
WALLABY J132621-155739,9.000000000018,11.486267627354193
WALLABY J132621-155739,15.00000000003,11.937385766998371
WALLABY J132621-155739,21.000000000042,7.4142361354850905
WALLABY J132621-155739,27.000000000054,4.650214336151305
WALLABY J132621-155739,33.000000000066,1.799661549433348
WALLABY J132621-155739,39.000000000078,1.0072762413191392
WALLABY J132621-155739,45.00000000009,0.6513311824631047
WALLABY J132621-155739,51.000000000102006,0.31910035979818346
WALLABY J132621-155739,57.000000000114,0.09788833973632552
WALLABY J132625-215123,3.000000000006,40.3118911609734
WALLABY J132625-215123,9.000000000018,46.132399066520776
WALLABY J132625-215123,15.00000000003,34.804155487318305
WALLABY J132625-215123,21.000000000042,26.46983940675823
WALLABY J132625-215123,27.000000000054,11.628330735048106
WALLABY J132625-215123,33.000000000066,6.396242816650381
WALLABY J132625-215123,39.000000000078,1.6997561203585103
WALLABY J132625-215123,45.00000000009,0.13894147213976252
WALLABY J132630-214027,3.000000000006,78.92753057705913
WALLABY J132630-214027,9.000000000018,48.57289862473882
WALLABY J132630-214027,15.00000000003,49.842549296882446
WALLABY J132630-214027,21.000000000042,35.56842110374585
WALLABY J132630-214027,27.000000000054,19.594055700469713
WALLABY J132630-214027,33.000000000066,18.991031223117417
WALLABY J132630-214027,39.000000000078,8.622208451478471
WALLABY J132630-214027,45.00000000009,3.362420067736575
WALLABY J132630-214027,51.000000000102006,0.8784064419986382
WALLABY J132630-214027,57.000000000114,0.28238289897997876
WALLABY J132630-214027,63.00000000012601,0.08720557136493719
WALLABY J132630-214027,69.000000000138,0.045113140631814284
WALLABY J132630-214027,75.00000000015001,0.04060522164559405
WALLABY J132630-214027,81.000000000162,0.014032529644845268
WALLABY J132634-222458,3.000000000006,34.81803211113385
WALLABY J132634-222458,9.000000000018,36.05659214893867
WALLABY J132634-222458,15.00000000003,24.184637754816016
WALLABY J132634-222458,21.000000000042,24.657630930794546
WALLABY J132634-222458,27.000000000054,13.99478422184359
WALLABY J132634-222458,33.000000000066,10.015407960014933
WALLABY J132634-222458,39.000000000078,4.44384200401608
WALLABY J132634-222458,45.00000000009,1.0456190406174677
WALLABY J132634-222458,51.000000000102006,0.10188635197722946
WALLABY J132635-221419,3.000000000006,111.36447927723638
WALLABY J132635-221419,9.000000000018,88.57779352605885
WALLABY J132635-221419,15.00000000003,102.15561038321296
WALLABY J132635-221419,21.000000000042,73.26737228817056
WALLABY J132635-221419,27.000000000054,84.19653126965017
WALLABY J132635-221419,33.000000000066,65.43264446732995
WALLABY J132635-221419,39.000000000078,62.59209221210186
WALLABY J132635-221419,45.00000000009,54.37661043964387
WALLABY J132635-221419,51.000000000102006,49.06844933727402
WALLABY J132635-221419,57.000000000114,45.298623227135614
WALLABY J132635-221419,63.00000000012601,30.396964791815446
WALLABY J132635-221419,69.000000000138,28.411589396540677
WALLABY J132635-221419,75.00000000015001,21.689692914179393
WALLABY J132635-221419,81.000000000162,16.72421091324314
WALLABY J132635-221419,87.000000000174,13.12591207945716
WALLABY J132635-221419,93.000000000186,9.812814090272623
WALLABY J132635-221419,99.000000000198,6.919466638296306
WALLABY J132635-221419,105.00000000021001,4.852792094867873
WALLABY J132635-221419,111.000000000222,3.410523851115676
WALLABY J132635-221419,117.000000000234,1.5333168621381121
WALLABY J132635-221419,123.000000000246,0.9521152922113091
WALLABY J132635-221419,129.000000000258,0.360744054691861
WALLABY J132635-221419,135.00000000027,0.24081074052863677
WALLABY J132635-221419,141.000000000282,0.27261430301794964
WALLABY J132635-221419,147.000000000294,0.1437740209975547
WALLABY J132635-221419,153.000000000306,0.14292581658117726
WALLABY J132635-221419,159.000000000318,0.2583024524304196
WALLABY J132635-221419,165.00000000033,0.031035616653983782
WALLABY J132635-221419,171.000000000342,0.2397496486011325
WALLABY J132635-221419,177.00000000035402,0.0
WALLABY J132635-221419,183.00000000036601,0.05073984776545129
WALLABY J132637-192904,3.000000000006,19.275011054579153
WALLABY J132637-192904,9.000000000018,15.396073252410233
WALLABY J132637-192904,15.00000000003,15.632700786007625
WALLABY J132637-192904,21.000000000042,7.990643852417516
WALLABY J132637-192904,27.000000000054,3.399061274323958
WALLABY J132637-192904,33.000000000066,2.0105979381441106
WALLABY J132637-192904,39.000000000078,0.4689962042474357
WALLABY J132637-192904,45.00000000009,0.3772616390445696
WALLABY J132637-192904,51.000000000102006,0.2255981939921935
WALLABY J132637-192904,57.000000000114,0.13214263846432464
WALLABY J132637-192904,63.00000000012601,0.029027550684085156
WALLABY J132648-250524,3.000000000006,53.7289261520837
WALLABY J132648-250524,9.000000000018,36.53109635260956
WALLABY J132648-250524,15.00000000003,32.784498299022
WALLABY J132648-250524,21.000000000042,23.79674334498496
WALLABY J132648-250524,27.000000000054,11.188702245558328
WALLABY J132648-250524,33.000000000066,2.707380603527957
WALLABY J132648-250524,39.000000000078,1.2221609609565725
WALLABY J132648-250524,45.00000000009,0.03180710712884273
WALLABY J132709-163509,3.000000000006,3.5068556299271116
WALLABY J132709-163509,9.000000000018,5.94547815097325
WALLABY J132709-163509,15.00000000003,5.565119597349468
WALLABY J132709-163509,21.000000000042,5.594366832615792
WALLABY J132709-163509,27.000000000054,6.625476119337422
WALLABY J132709-163509,33.000000000066,4.813375736699367
WALLABY J132709-163509,39.000000000078,3.1099924717945817
WALLABY J132709-163509,45.00000000009,2.8773581868524376
WALLABY J132709-163509,51.000000000102006,2.0184735142965615
WALLABY J132709-163509,57.000000000114,0.7948342807337782
WALLABY J132709-163509,63.00000000012601,0.4977261816984359
WALLABY J132709-163509,69.000000000138,0.36463626785391196
WALLABY J132709-163509,75.00000000015001,0.18095307392087767
WALLABY J132709-163509,81.000000000162,0.0983126195387217
WALLABY J132709-163509,87.000000000174,0.0409514936635735
WALLABY J132709-163509,93.000000000186,0.0012500467509204492
WALLABY J132713-202729,3.000000000006,28.737602216820576
WALLABY J132713-202729,9.000000000018,46.12862569900066
WALLABY J132713-202729,15.00000000003,41.88111339494057
WALLABY J132713-202729,21.000000000042,35.67997567550919
WALLABY J132713-202729,27.000000000054,21.786689151565543
WALLABY J132713-202729,33.000000000066,22.30400838727547
WALLABY J132713-202729,39.000000000078,14.906528334789193
WALLABY J132713-202729,45.00000000009,8.42699388673565
WALLABY J132713-202729,51.000000000102006,6.074357231807553
WALLABY J132713-202729,57.000000000114,3.8880986190509934
WALLABY J132713-202729,63.00000000012601,2.265194278274851
WALLABY J132713-202729,69.000000000138,1.7381179089100993
WALLABY J132713-202729,75.00000000015001,0.4521352406246206
WALLABY J132713-202729,81.000000000162,0.03860824969357158
WALLABY J132713-202729,87.000000000174,0.042200794652552595
WALLABY J132732-142623,3.000000000006,16.169334764913472
WALLABY J132732-142623,9.000000000018,14.964596159898182
WALLABY J132732-142623,15.00000000003,13.669017176724793
WALLABY J132732-142623,21.000000000042,17.615444253314223
WALLABY J132732-142623,27.000000000054,17.001280516972283
WALLABY J132732-142623,33.000000000066,12.528944824801293
WALLABY J132732-142623,39.000000000078,11.858821576913128
WALLABY J132732-142623,45.00000000009,7.120201332839658
WALLABY J132732-142623,51.000000000102006,3.980501285763608
WALLABY J132732-142623,57.000000000114,2.8602766349111777
WALLABY J132732-142623,63.00000000012601,1.5802601400944774
WALLABY J132732-142623,69.000000000138,0.8445958517686967
WALLABY J132732-142623,75.00000000015001,0.4135287879141566
WALLABY J132732-142623,81.000000000162,0.2248407867664513
WALLABY J132732-142623,87.000000000174,0.0683028756658036
WALLABY J132732-142623,93.000000000186,0.057748989934000294
WALLABY J132746-161514,3.000000000006,0.21547106705364102
WALLABY J132746-161514,9.000000000018,0.17631321168177194
WALLABY J132746-161514,15.00000000003,0.17635112653968676
WALLABY J132746-161514,21.000000000042,0.8597328429493414
WALLABY J132746-161514,27.000000000054,1.4485103519603124
WALLABY J132746-161514,33.000000000066,2.8348880341300227
WALLABY J132746-161514,39.000000000078,4.33716176714807
WALLABY J132746-161514,45.00000000009,4.29022818176851
WALLABY J132746-161514,51.000000000102006,3.08304874693196
WALLABY J132746-161514,57.000000000114,4.837611925160152
WALLABY J132746-161514,63.00000000012601,3.5644247615289077
WALLABY J132746-161514,69.000000000138,2.766777570705209
WALLABY J132746-161514,75.00000000015001,3.0142343572405768
WALLABY J132746-161514,81.000000000162,1.8926729062201302
WALLABY J132746-161514,87.000000000174,0.8245896511812342
WALLABY J132746-161514,93.000000000186,1.1250493406907043
WALLABY J132746-161514,99.000000000198,0.44655054449116255
WALLABY J132746-161514,105.00000000021001,0.2644797299099791
WALLABY J132746-161514,111.000000000222,0.2355173664245768
WALLABY J132746-161514,117.000000000234,0.1856833335039212
WALLABY J132746-161514,123.000000000246,0.041873622120789614
WALLABY J132746-161514,129.000000000258,0.0395949370481715
WALLABY J132746-161514,135.00000000027,0.08928051520212008
WALLABY J132746-161514,141.000000000282,0.012535618956780934
WALLABY J132746-161514,147.000000000294,0.026751736012219227
WALLABY J132746-161514,153.000000000306,0.03844955076305667
WALLABY J132746-161514,159.000000000318,0.014285341126326378
WALLABY J132746-161514,165.00000000033,0.019565504166698614
WALLABY J132746-161514,171.000000000342,0.01683198563116073
WALLABY J132746-161514,177.00000000035402,0.007296841300147205
WALLABY J132746-161514,183.00000000036601,0.0030935556540993858
WALLABY J132746-161514,189.000000000378,0.009181854755149385
WALLABY J132747-155109,3.000000000006,21.455488065657732
WALLABY J132747-155109,9.000000000018,13.466233939904905
WALLABY J132747-155109,15.00000000003,13.21590020105223
WALLABY J132747-155109,21.000000000042,10.263846662411492
WALLABY J132747-155109,27.000000000054,6.753192172015995
WALLABY J132747-155109,33.000000000066,4.028801714767345
WALLABY J132747-155109,39.000000000078,1.6328416970777178
WALLABY J132747-155109,45.00000000009,0.38020395650808714
WALLABY J132747-155109,51.000000000102006,0.031010230150894214
WALLABY J132749-180135,3.000000000006,17.375430818026917
WALLABY J132749-180135,9.000000000018,21.548826383972013
WALLABY J132749-180135,15.00000000003,15.640778798458506
WALLABY J132749-180135,21.000000000042,9.003685057964171
WALLABY J132749-180135,27.000000000054,6.523659949110864
WALLABY J132749-180135,33.000000000066,3.597874336786449
WALLABY J132749-180135,39.000000000078,1.5325824212641226
WALLABY J132749-180135,45.00000000009,0.6493632191884107
WALLABY J132749-180135,51.000000000102006,0.1503117367725574
WALLABY J132749-180135,57.000000000114,0.01573213847999701
WALLABY J132749-240921,3.000000000006,38.71341993203263
WALLABY J132749-240921,9.000000000018,27.72360359824051
WALLABY J132749-240921,15.00000000003,20.912196861582213
WALLABY J132749-240921,21.000000000042,19.607863331424163
WALLABY J132749-240921,27.000000000054,13.376149797293541
WALLABY J132749-240921,33.000000000066,6.1961441750283575
WALLABY J132749-240921,39.000000000078,0.9290193747685889
WALLABY J132749-240921,45.00000000009,0.1804877847948161
WALLABY J132751-240335,3.000000000006,36.00441296655778
WALLABY J132751-240335,9.000000000018,27.827031213405167
WALLABY J132751-240335,15.00000000003,20.96792311017028
WALLABY J132751-240335,21.000000000042,14.671708872238964
WALLABY J132751-240335,27.000000000054,14.235594273216444
WALLABY J132751-240335,33.000000000066,9.047211903156988
WALLABY J132751-240335,39.000000000078,5.895375060049378
WALLABY J132751-240335,45.00000000009,3.3066250399165327
WALLABY J132751-240335,51.000000000102006,1.52247470789633
WALLABY J132751-240335,57.000000000114,0.5169761376522295
WALLABY J132751-240335,63.00000000012601,0.21968167670250116
WALLABY J132751-240335,69.000000000138,0.056147470716993345
WALLABY J132759-152532,3.000000000006,28.990781577755186
WALLABY J132759-152532,9.000000000018,29.861979390733957
WALLABY J132759-152532,15.00000000003,16.017863794757254
WALLABY J132759-152532,21.000000000042,9.298424580495185
WALLABY J132759-152532,27.000000000054,5.8438137102604015
WALLABY J132759-152532,33.000000000066,2.2937131995079545
WALLABY J132759-152532,39.000000000078,0.5119081529493652
WALLABY J132759-152532,45.00000000009,0.08235389453570101
WALLABY J132759-152532,51.000000000102006,0.015166720759212049
WALLABY J132803-152028,3.000000000006,30.49946263392739
WALLABY J132803-152028,9.000000000018,35.22041599320091
WALLABY J132803-152028,15.00000000003,20.16261006420803
WALLABY J132803-152028,21.000000000042,19.790463589088027
WALLABY J132803-152028,27.000000000054,10.569734462804346
WALLABY J132803-152028,33.000000000066,5.248169153077303
WALLABY J132803-152028,39.000000000078,1.43664790153337
WALLABY J132803-152028,45.00000000009,0.5229453580850127
WALLABY J132803-152028,51.000000000102006,0.0956662673467699
WALLABY J132803-152028,57.000000000114,0.015554702680717162
WALLABY J132805-150633,3.000000000006,20.93182700739512
WALLABY J132805-150633,9.000000000018,25.933657353321834
WALLABY J132805-150633,15.00000000003,19.38962881994451
WALLABY J132805-150633,21.000000000042,10.243992750446264
WALLABY J132805-150633,27.000000000054,6.918812525329271
WALLABY J132805-150633,33.000000000066,1.6132427074176197
WALLABY J132805-150633,39.000000000078,0.4472092980894018
WALLABY J132805-150633,45.00000000009,0.013315698043445795
WALLABY J132807-162439,3.000000000006,26.631584453952268
WALLABY J132807-162439,9.000000000018,18.044885327870276
WALLABY J132807-162439,15.00000000003,13.324051001648254
WALLABY J132807-162439,21.000000000042,12.248226268165828
WALLABY J132807-162439,27.000000000054,9.16880426732832
WALLABY J132807-162439,33.000000000066,5.366109475999629
WALLABY J132807-162439,39.000000000078,3.2066456778296364
WALLABY J132807-162439,45.00000000009,1.0059312217328729
WALLABY J132807-162439,51.000000000102006,0.03864672256337321
WALLABY J132811-240540,3.000000000006,93.41972490486383
WALLABY J132811-240540,9.000000000018,92.01368714452049
WALLABY J132811-240540,15.00000000003,59.22689705000813
WALLABY J132811-240540,21.000000000042,43.84947270646873
WALLABY J132811-240540,27.000000000054,32.36739162770549
WALLABY J132811-240540,33.000000000066,17.16347360350113
WALLABY J132811-240540,39.000000000078,7.371363043439546
WALLABY J132811-240540,45.00000000009,3.005757610290003
WALLABY J132811-240540,51.000000000102006,1.109851483047673
WALLABY J132811-240540,57.000000000114,1.1825095785400497
WALLABY J132811-240540,63.00000000012601,0.9181065417237396
WALLABY J132811-240540,69.000000000138,0.1981338332696758
WALLABY J132811-240540,75.00000000015001,0.06647610287079338
WALLABY J132812-245827,3.000000000006,44.87703552661572
WALLABY J132812-245827,9.000000000018,42.20463432757249
WALLABY J132812-245827,15.00000000003,39.24820217076352
WALLABY J132812-245827,21.000000000042,21.310328211495857
WALLABY J132812-245827,27.000000000054,24.240081648443184
WALLABY J132812-245827,33.000000000066,14.476637379944908
WALLABY J132812-245827,39.000000000078,12.637682805845389
WALLABY J132812-245827,45.00000000009,7.501361390892486
WALLABY J132812-245827,51.000000000102006,4.578613544815348
WALLABY J132812-245827,57.000000000114,1.6279912751341075
WALLABY J132812-245827,63.00000000012601,0.2676960351920356
WALLABY J132812-245827,69.000000000138,0.6963686449166571
WALLABY J132812-245827,75.00000000015001,0.48184758154953683
WALLABY J132812-245827,81.000000000162,0.3227520199480303
WALLABY J132812-245827,87.000000000174,0.12696060946091736
WALLABY J132812-245827,93.000000000186,0.08644755271971331
WALLABY J132812-245827,99.000000000198,0.058783197521429804
WALLABY J132812-245827,105.00000000021001,0.1256839679906622
WALLABY J132812-245827,111.000000000222,0.014424504442932981
WALLABY J132814-212253,3.000000000006,51.6903449212444
WALLABY J132814-212253,9.000000000018,72.90601673648585
WALLABY J132814-212253,15.00000000003,57.78382790407067
WALLABY J132814-212253,21.000000000042,49.203432212690416
WALLABY J132814-212253,27.000000000054,31.68526376463125
WALLABY J132814-212253,33.000000000066,19.247949290086904
WALLABY J132814-212253,39.000000000078,10.65916507804042
WALLABY J132814-212253,45.00000000009,4.705924395129799
WALLABY J132814-212253,51.000000000102006,2.0945850044878083
WALLABY J132814-212253,57.000000000114,0.5613570752224931
WALLABY J132814-212253,63.00000000012601,0.462059436530201
WALLABY J132814-212253,69.000000000138,0.008947143198213794
WALLABY J132814-212253,75.00000000015001,0.007085955890900938
WALLABY J132821-193108,3.000000000006,41.86023898766391
WALLABY J132821-193108,9.000000000018,53.75836043350592
WALLABY J132821-193108,15.00000000003,37.0102684076229
WALLABY J132821-193108,21.000000000042,30.95484728058913
WALLABY J132821-193108,27.000000000054,23.445367143245015
WALLABY J132821-193108,33.000000000066,17.80812336020526
WALLABY J132821-193108,39.000000000078,8.679446374657758
WALLABY J132821-193108,45.00000000009,3.573056246252759
WALLABY J132821-193108,51.000000000102006,2.5122659627237347
WALLABY J132821-193108,57.000000000114,1.6041153039053206
WALLABY J132821-193108,63.00000000012601,0.7517323173566278
WALLABY J132821-193108,69.000000000138,0.26794641359831145
WALLABY J132821-193108,75.00000000015001,0.1984315694939453
WALLABY J132821-193108,81.000000000162,0.04410949930978317
WALLABY J132821-193108,87.000000000174,0.005095682257247998
WALLABY J132821-193108,93.000000000186,0.003993029232739747
WALLABY J132821-193108,99.000000000198,0.000828594127042881
WALLABY J132825-253528,3.000000000006,60.456361214150625
WALLABY J132825-253528,9.000000000018,41.50057928240673
WALLABY J132825-253528,15.00000000003,35.37957654885256
WALLABY J132825-253528,21.000000000042,35.19304736014734
WALLABY J132825-253528,27.000000000054,29.69938417598728
WALLABY J132825-253528,33.000000000066,17.790237212051053
WALLABY J132825-253528,39.000000000078,6.100169078096356
WALLABY J132825-253528,45.00000000009,0.1791757751625423
WALLABY J132859-234535,3.000000000006,13.412739223738994
WALLABY J132859-234535,9.000000000018,14.155140108945353
WALLABY J132859-234535,15.00000000003,11.538337041006024
WALLABY J132859-234535,21.000000000042,7.469155419508171
WALLABY J132859-234535,27.000000000054,5.795290477983016
WALLABY J132859-234535,33.000000000066,4.23760847150387
WALLABY J132859-234535,39.000000000078,2.5373392552819785
WALLABY J132859-234535,45.00000000009,1.1427700506160232
WALLABY J132859-234535,51.000000000102006,0.22103412915159004
WALLABY J132859-234535,57.000000000114,0.18738301251431083
WALLABY J132859-234535,63.00000000012601,0.19933518643160783
WALLABY J132859-234535,69.000000000138,0.17080617506372012
WALLABY J132859-234535,75.00000000015001,0.1253619777431757
WALLABY J132859-234535,81.000000000162,0.04406611628736687
WALLABY J132859-234535,87.000000000174,0.11060304553634463
WALLABY J132859-234535,93.000000000186,0.05009509953488643
WALLABY J132859-234535,99.000000000198,0.02002536442434708
WALLABY J132906-151215,3.000000000006,6.714958448265769
WALLABY J132906-151215,9.000000000018,6.374981200762523
WALLABY J132906-151215,15.00000000003,6.682172568845159
WALLABY J132906-151215,21.000000000042,5.070193117459673
WALLABY J132906-151215,27.000000000054,4.52768546454786
WALLABY J132906-151215,33.000000000066,4.72281244630966
WALLABY J132906-151215,39.000000000078,3.6767342735792097
WALLABY J132906-151215,45.00000000009,2.212580712004646
WALLABY J132906-151215,51.000000000102006,1.1182520274243208
WALLABY J132906-151215,57.000000000114,0.4530393175534078
WALLABY J132906-151215,63.00000000012601,0.17675875057300033
WALLABY J132911-224640,3.000000000006,50.72492193345468
WALLABY J132911-224640,9.000000000018,73.0159437685318
WALLABY J132911-224640,15.00000000003,43.82857751421575
WALLABY J132911-224640,21.000000000042,29.151532785444832
WALLABY J132911-224640,27.000000000054,20.14845029391665
WALLABY J132911-224640,33.000000000066,12.448070072659311
WALLABY J132911-224640,39.000000000078,7.108093691824961
WALLABY J132911-224640,45.00000000009,4.42290511177326
WALLABY J132911-224640,51.000000000102006,2.955733199395061
WALLABY J132911-224640,57.000000000114,2.2026830185440733
WALLABY J132911-224640,63.00000000012601,1.7313773434736526
WALLABY J132911-224640,69.000000000138,0.8813314971757802
WALLABY J132911-224640,75.00000000015001,0.31576869326315465
WALLABY J132911-224640,81.000000000162,0.05991348871947225
WALLABY J132911-224640,87.000000000174,0.10668149547748335
WALLABY J132911-224640,93.000000000186,0.09740316744402691
WALLABY J132911-224640,99.000000000198,0.1259903940990796
WALLABY J132919-162832,3.000000000006,15.91238797282069
WALLABY J132919-162832,9.000000000018,23.46270713656065
WALLABY J132919-162832,15.00000000003,19.830652158111775
WALLABY J132919-162832,21.000000000042,16.94021808344641
WALLABY J132919-162832,27.000000000054,12.801259224653158
WALLABY J132919-162832,33.000000000066,8.044768075810092
WALLABY J132919-162832,39.000000000078,5.016605506273227
WALLABY J132919-162832,45.00000000009,2.408148422024561
WALLABY J132919-162832,51.000000000102006,1.0415932374486119
WALLABY J132919-162832,57.000000000114,0.21304063899028838
WALLABY J132938-154327,3.000000000006,12.337234498713233
WALLABY J132938-154327,9.000000000018,18.057257425723243
WALLABY J132938-154327,15.00000000003,14.996037867084633
WALLABY J132938-154327,21.000000000042,16.134406444757246
WALLABY J132938-154327,27.000000000054,9.748544637806608
WALLABY J132938-154327,33.000000000066,12.2493509284068
WALLABY J132938-154327,39.000000000078,8.329091688860602
WALLABY J132938-154327,45.00000000009,7.186779641199586
WALLABY J132938-154327,51.000000000102006,4.8156658172397435
WALLABY J132938-154327,57.000000000114,3.2434716983131393
WALLABY J132938-154327,63.00000000012601,2.693666563376574
WALLABY J132938-154327,69.000000000138,1.7854191982244239
WALLABY J132938-154327,75.00000000015001,1.41366283838417
WALLABY J132938-154327,81.000000000162,0.8744106157555238
WALLABY J132938-154327,87.000000000174,0.8489740816230715
WALLABY J132938-154327,93.000000000186,0.42428775770587795
WALLABY J132938-154327,99.000000000198,0.07913929664032163
WALLABY J132947-170153,3.000000000006,22.30503704596063
WALLABY J132947-170153,9.000000000018,23.090546352495505
WALLABY J132947-170153,15.00000000003,18.239410608516437
WALLABY J132947-170153,21.000000000042,13.68379794315763
WALLABY J132947-170153,27.000000000054,9.108155462991487
WALLABY J132947-170153,33.000000000066,6.2542715931005075
WALLABY J132947-170153,39.000000000078,4.587055020939086
WALLABY J132947-170153,45.00000000009,2.3301431411299767
WALLABY J132947-170153,51.000000000102006,1.422331301770614
WALLABY J132947-170153,57.000000000114,0.9918393769405142
WALLABY J132947-170153,63.00000000012601,0.7335641659464481
WALLABY J132947-170153,69.000000000138,0.6024217643853134
WALLABY J132947-170153,75.00000000015001,0.40932632649225253
WALLABY J132947-170153,81.000000000162,0.2209745389798019
WALLABY J132947-170153,87.000000000174,0.22080970632168612
WALLABY J132947-170153,93.000000000186,0.10842799692801545
WALLABY J132947-170153,99.000000000198,0.07295716670415885
WALLABY J132947-170153,105.00000000021001,0.07016195820067332
WALLABY J132947-170153,111.000000000222,0.06033574384562404
WALLABY J132947-170153,117.000000000234,0.04288080803114692
WALLABY J132947-170153,123.000000000246,0.02059678774904827
WALLABY J132947-170153,129.000000000258,0.024208237710272546
WALLABY J132948-180438,3.000000000006,14.813962954324237
WALLABY J132948-180438,9.000000000018,16.282191841303806
WALLABY J132948-180438,15.00000000003,14.59904657620866
WALLABY J132948-180438,21.000000000042,8.50316393856423
WALLABY J132948-180438,27.000000000054,8.6923793807335
WALLABY J132948-180438,33.000000000066,7.370100086917216
WALLABY J132948-180438,39.000000000078,6.163191715508035
WALLABY J132948-180438,45.00000000009,4.6840206387132755
WALLABY J132948-180438,51.000000000102006,3.270545139359497
WALLABY J132948-180438,57.000000000114,2.722429142631791
WALLABY J132948-180438,63.00000000012601,0.866696632386266
WALLABY J132948-180438,69.000000000138,0.23617475956295936
WALLABY J133006-205341,3.000000000006,7.385043111924101
WALLABY J133006-205341,9.000000000018,9.7732159781614
WALLABY J133006-205341,15.00000000003,6.826019253487366
WALLABY J133006-205341,21.000000000042,8.133516047348763
WALLABY J133006-205341,27.000000000054,9.196597504452178
WALLABY J133006-205341,33.000000000066,7.538843615988469
WALLABY J133006-205341,39.000000000078,6.847755290489946
WALLABY J133006-205341,45.00000000009,4.889460215365291
WALLABY J133006-205341,51.000000000102006,3.1368920175220043
WALLABY J133006-205341,57.000000000114,1.9675073229528053
WALLABY J133006-205341,63.00000000012601,0.7348435555428796
WALLABY J133006-205341,69.000000000138,0.11495744449446442
WALLABY J133006-205341,75.00000000015001,0.1712338213166688
WALLABY J133006-205341,81.000000000162,0.008842221735974128
WALLABY J133008-203319,3.000000000006,16.39845297154536
WALLABY J133008-203319,9.000000000018,11.848820049831405
WALLABY J133008-203319,15.00000000003,12.268458129793174
WALLABY J133008-203319,21.000000000042,11.193956189289889
WALLABY J133008-203319,27.000000000054,8.493020021615942
WALLABY J133008-203319,33.000000000066,7.149991326579563
WALLABY J133008-203319,39.000000000078,5.563206254965402
WALLABY J133008-203319,45.00000000009,3.502387292345409
WALLABY J133008-203319,51.000000000102006,2.056611912911966
WALLABY J133008-203319,57.000000000114,0.9535083782855663
WALLABY J133008-203319,63.00000000012601,0.9382110761571429
WALLABY J133008-203319,69.000000000138,0.4563473302989474
WALLABY J133008-203319,75.00000000015001,0.12648962249645265
WALLABY J133008-203319,81.000000000162,0.02316668746998487
WALLABY J133011-210731,3.000000000006,16.808936749652105
WALLABY J133011-210731,9.000000000018,11.693083371882086
WALLABY J133011-210731,15.00000000003,13.49182581211868
WALLABY J133011-210731,21.000000000042,9.613020173668497
WALLABY J133011-210731,27.000000000054,5.595102153140861
WALLABY J133011-210731,33.000000000066,6.548205837313977
WALLABY J133011-210731,39.000000000078,3.575659811338554
WALLABY J133011-210731,45.00000000009,4.673940429246887
WALLABY J133011-210731,51.000000000102006,2.336919238144787
WALLABY J133011-210731,57.000000000114,1.6945618486441287
WALLABY J133011-210731,63.00000000012601,0.7393936361339035
WALLABY J133011-210731,69.000000000138,0.18107749202353943
WALLABY J133011-210731,75.00000000015001,0.15243032469801723
WALLABY J133011-210731,81.000000000162,0.05288877251391615
WALLABY J133019-220858,3.000000000006,110.57649738600642
WALLABY J133019-220858,9.000000000018,34.096113653425995
WALLABY J133019-220858,15.00000000003,54.41459840700409
WALLABY J133019-220858,21.000000000042,44.08532837552607
WALLABY J133019-220858,27.000000000054,26.24788847914193
WALLABY J133019-220858,33.000000000066,27.349571437398186
WALLABY J133019-220858,39.000000000078,16.108923211525333
WALLABY J133019-220858,45.00000000009,10.752592631489735
WALLABY J133019-220858,51.000000000102006,7.1423754727604924
WALLABY J133019-220858,57.000000000114,6.984891650780739
WALLABY J133019-220858,63.00000000012601,4.314703819013836
WALLABY J133019-220858,69.000000000138,2.876101567286334
WALLABY J133019-220858,75.00000000015001,3.2238142685831224
WALLABY J133019-220858,81.000000000162,2.377309446692813
WALLABY J133019-220858,87.000000000174,1.0495142357900065
WALLABY J133019-220858,93.000000000186,0.6617502480344937
WALLABY J133019-220858,99.000000000198,0.08434418646504815
WALLABY J133019-220858,105.00000000021001,0.0058483110494570644
WALLABY J133020-221958,3.000000000006,16.69063746847601
WALLABY J133020-221958,9.000000000018,24.429670700220047
WALLABY J133020-221958,15.00000000003,9.555330991835016
WALLABY J133020-221958,21.000000000042,17.127687844371856
WALLABY J133020-221958,27.000000000054,11.513462702463388
WALLABY J133020-221958,33.000000000066,7.1552457928448066
WALLABY J133020-221958,39.000000000078,8.107476184926924
WALLABY J133020-221958,45.00000000009,4.009034025302946
WALLABY J133020-221958,51.000000000102006,4.199020037291028
WALLABY J133020-221958,57.000000000114,3.628369794603164
WALLABY J133020-221958,63.00000000012601,1.5350092309699102
WALLABY J133020-221958,69.000000000138,2.7319077630266246
WALLABY J133020-221958,75.00000000015001,1.6586880182847383
WALLABY J133020-221958,81.000000000162,1.3633904301885813
WALLABY J133020-221958,87.000000000174,0.7253987660851505
WALLABY J133020-221958,93.000000000186,0.22460504706940304
WALLABY J133020-221958,99.000000000198,0.08503377199695072
WALLABY J133020-221958,105.00000000021001,0.059239723675949714
WALLABY J133020-221958,111.000000000222,0.06850465328353884
WALLABY J133020-221958,117.000000000234,0.016548990095233102
WALLABY J133031-231420,3.000000000006,32.88206683288051
WALLABY J133031-231420,9.000000000018,33.404628584844716
WALLABY J133031-231420,15.00000000003,29.19607414175281
WALLABY J133031-231420,21.000000000042,19.719916904521153
WALLABY J133031-231420,27.000000000054,16.16695638248724
WALLABY J133031-231420,33.000000000066,11.886877998803888
WALLABY J133031-231420,39.000000000078,7.756967580524934
WALLABY J133031-231420,45.00000000009,6.7200490857881325
WALLABY J133031-231420,51.000000000102006,4.929027681149844
WALLABY J133031-231420,57.000000000114,2.7048421602682957
WALLABY J133031-231420,63.00000000012601,2.452284145564361
WALLABY J133031-231420,69.000000000138,1.9271968845061347
WALLABY J133031-231420,75.00000000015001,0.963815838628359
WALLABY J133031-231420,81.000000000162,0.5450870899803688
WALLABY J133031-231420,87.000000000174,0.06200573521962754
WALLABY J133031-231420,93.000000000186,0.016519436925217353
WALLABY J133031-231420,99.000000000198,0.08788357541694654
WALLABY J133031-231420,105.00000000021001,0.05254431425542376
WALLABY J133033-193217,3.000000000006,42.96044545441321
WALLABY J133033-193217,9.000000000018,24.270448118580564
WALLABY J133033-193217,15.00000000003,16.94864654555544
WALLABY J133033-193217,21.000000000042,10.827335100621267
WALLABY J133033-193217,27.000000000054,5.53862839328445
WALLABY J133033-193217,33.000000000066,0.6948342841647228
WALLABY J133033-193217,39.000000000078,0.19508163012666435
WALLABY J133033-193217,45.00000000009,0.1595322078873684
WALLABY J133039-214217,3.000000000006,35.39826507972709
WALLABY J133039-214217,9.000000000018,21.804024287857768
WALLABY J133039-214217,15.00000000003,19.15768663196833
WALLABY J133039-214217,21.000000000042,17.797418803009933
WALLABY J133039-214217,27.000000000054,10.891768186860855
WALLABY J133039-214217,33.000000000066,5.880484135475463
WALLABY J133039-214217,39.000000000078,3.2359159359832135
WALLABY J133039-214217,45.00000000009,2.0440172566930235
WALLABY J133039-214217,51.000000000102006,0.7991187681376059
WALLABY J133039-214217,57.000000000114,0.0764593871153637
WALLABY J133039-214217,63.00000000012601,0.026870097104341434
WALLABY J133039-241626,3.000000000006,14.829879420038045
WALLABY J133039-241626,9.000000000018,18.186041041653713
WALLABY J133039-241626,15.00000000003,15.763621771067516
WALLABY J133039-241626,21.000000000042,12.536335664633972
WALLABY J133039-241626,27.000000000054,7.205572671532425
WALLABY J133039-241626,33.000000000066,4.068054923392144
WALLABY J133039-241626,39.000000000078,0.5933097518627021
WALLABY J133039-241626,45.00000000009,0.17218989091692438
WALLABY J133039-241626,51.000000000102006,0.2118040689414169
WALLABY J133039-241626,57.000000000114,0.13112452132422317
WALLABY J133041-233009,3.000000000006,64.34285420617832
WALLABY J133041-233009,9.000000000018,52.61861060061087
WALLABY J133041-233009,15.00000000003,56.664421299980994
WALLABY J133041-233009,21.000000000042,39.26686633942538
WALLABY J133041-233009,27.000000000054,41.50983269152461
WALLABY J133041-233009,33.000000000066,29.883605704483127
WALLABY J133041-233009,39.000000000078,24.674101939298343
WALLABY J133041-233009,45.00000000009,20.32772802890637
WALLABY J133041-233009,51.000000000102006,12.7748529428383
WALLABY J133041-233009,57.000000000114,10.234756398168459
WALLABY J133041-233009,63.00000000012601,6.933044177586177
WALLABY J133041-233009,69.000000000138,4.9844312893374605
WALLABY J133041-233009,75.00000000015001,4.033895973189092
WALLABY J133041-233009,81.000000000162,2.1960008316895636
WALLABY J133041-233009,87.000000000174,1.5101233944012515
WALLABY J133041-233009,93.000000000186,0.1550246016912027
WALLABY J133041-233009,99.000000000198,0.27059769785726984
WALLABY J133041-233009,105.00000000021001,0.11468335108234946
WALLABY J133041-233009,111.000000000222,0.09217803060408485
WALLABY J133041-233009,117.000000000234,0.10383016576323216
WALLABY J133041-233009,123.000000000246,0.03136546513642287
WALLABY J133041-233009,129.000000000258,0.04126711776626022
WALLABY J133041-233009,135.00000000027,0.0048157596979225975
WALLABY J133042-213957,3.000000000006,32.82416463780487
WALLABY J133042-213957,9.000000000018,15.271104738423256
WALLABY J133042-213957,15.00000000003,14.176123637347942
WALLABY J133042-213957,21.000000000042,16.632829522783194
WALLABY J133042-213957,27.000000000054,10.128457051343984
WALLABY J133042-213957,33.000000000066,5.0386440990727035
WALLABY J133042-213957,39.000000000078,3.7928713750231875
WALLABY J133042-213957,45.00000000009,1.6661415833609945
WALLABY J133042-213957,51.000000000102006,1.1653361829893305
WALLABY J133042-213957,57.000000000114,0.22088834048856665
WALLABY J133042-213957,63.00000000012601,0.1693285083541783
WALLABY J133042-213957,69.000000000138,0.06625384169601181
WALLABY J133043-234430,3.000000000006,17.813946097239235
WALLABY J133043-234430,9.000000000018,28.026215224983144
WALLABY J133043-234430,15.00000000003,24.46319905661924
WALLABY J133043-234430,21.000000000042,22.471320788792056
WALLABY J133043-234430,27.000000000054,11.500151998421906
WALLABY J133043-234430,33.000000000066,7.784497325779907
WALLABY J133043-234430,39.000000000078,3.5554492021260513
WALLABY J133043-234430,45.00000000009,2.1717389758052157
WALLABY J133043-234430,51.000000000102006,0.4938810687210984
WALLABY J133043-234430,57.000000000114,0.0646605026069577
WALLABY J133043-234430,63.00000000012601,0.04664724237104343
WALLABY J133043-234430,69.000000000138,0.12783613463073154
WALLABY J133043-234430,75.00000000015001,0.10753754067774736
WALLABY J133043-234430,81.000000000162,0.0926000370144169
WALLABY J133043-234430,87.000000000174,0.016066634502961374
WALLABY J133048-251954,3.000000000006,71.89015481981399
WALLABY J133048-251954,9.000000000018,50.163519104951845
WALLABY J133048-251954,15.00000000003,54.089406874186906
WALLABY J133048-251954,21.000000000042,41.52795860605147
WALLABY J133048-251954,27.000000000054,35.75361498621201
WALLABY J133048-251954,33.000000000066,30.93837152827929
WALLABY J133048-251954,39.000000000078,18.442206102055643
WALLABY J133048-251954,45.00000000009,13.847508190850471
WALLABY J133048-251954,51.000000000102006,7.928925853312241
WALLABY J133048-251954,57.000000000114,1.085412283220411
WALLABY J133048-251954,63.00000000012601,0.7006571740210444
WALLABY J133048-251954,69.000000000138,0.07032586684502119
WALLABY J133057-211755,3.000000000006,9.335670124843721
WALLABY J133057-211755,9.000000000018,12.519445821875536
WALLABY J133057-211755,15.00000000003,10.811872535309451
WALLABY J133057-211755,21.000000000042,9.731907747349677
WALLABY J133057-211755,27.000000000054,6.721320727315948
WALLABY J133057-211755,33.000000000066,3.815373539208052
WALLABY J133057-211755,39.000000000078,1.3685923823946242
WALLABY J133057-211755,45.00000000009,0.2309558345960482
WALLABY J133057-211755,51.000000000102006,0.4182973577750311
WALLABY J133057-211755,57.000000000114,0.20371642155622302
WALLABY J133058-215044,3.000000000006,43.551802085953355
WALLABY J133058-215044,9.000000000018,56.05842725486955
WALLABY J133058-215044,15.00000000003,56.692464673810456
WALLABY J133058-215044,21.000000000042,59.126325333770126
WALLABY J133058-215044,27.000000000054,50.816397073603675
WALLABY J133058-215044,33.000000000066,46.0264160683125
WALLABY J133058-215044,39.000000000078,37.206667570797315
WALLABY J133058-215044,45.00000000009,39.00836645627561
WALLABY J133058-215044,51.000000000102006,30.68367588140193
WALLABY J133058-215044,57.000000000114,22.754876659876512
WALLABY J133058-215044,63.00000000012601,16.69046348938349
WALLABY J133058-215044,69.000000000138,12.575210613799152
WALLABY J133058-215044,75.00000000015001,8.924302159691836
WALLABY J133058-215044,81.000000000162,5.710122170981001
WALLABY J133058-215044,87.000000000174,3.4500063240954795
WALLABY J133058-215044,93.000000000186,2.1476834002156813
WALLABY J133058-215044,99.000000000198,1.3144802875618034
WALLABY J133058-215044,105.00000000021001,0.7225574677003045
WALLABY J133058-215044,111.000000000222,0.36819257577013764
WALLABY J133058-215044,117.000000000234,0.18834846827419047
WALLABY J133058-215044,123.000000000246,0.04413271573678209
WALLABY J133058-215044,129.000000000258,0.10897834071718207
WALLABY J133058-215044,135.00000000027,0.30880475657963996
WALLABY J133058-215044,141.000000000282,0.207463084871407
WALLABY J133058-215044,147.000000000294,0.2957114995790333
WALLABY J133058-215044,153.000000000306,0.20583610302800154
WALLABY J133058-215044,159.000000000318,0.2332624517136079
WALLABY J133058-215044,165.00000000033,0.1526205105436099
WALLABY J133058-215044,171.000000000342,0.1074598585412393
WALLABY J133058-215044,177.00000000035402,0.06929147834823639
WALLABY J133058-215044,183.00000000036601,0.05743001045452945
WALLABY J133058-215044,189.000000000378,0.016654583363962534
WALLABY J133058-231656,3.000000000006,26.80548262176924
WALLABY J133058-231656,9.000000000018,34.14369323463783
WALLABY J133058-231656,15.00000000003,26.45833550826441
WALLABY J133058-231656,21.000000000042,13.7984552277325
WALLABY J133058-231656,27.000000000054,11.527730417195574
WALLABY J133058-231656,33.000000000066,6.576145246618678
WALLABY J133058-231656,39.000000000078,2.0310831111136958
WALLABY J133058-231656,45.00000000009,0.6127597438039178
WALLABY J133058-231656,51.000000000102006,0.17937890307051554
WALLABY J133059-160809,3.000000000006,15.273142169798774
WALLABY J133059-160809,9.000000000018,18.566289938979534
WALLABY J133059-160809,15.00000000003,12.115859952437395
WALLABY J133059-160809,21.000000000042,13.965566707577251
WALLABY J133059-160809,27.000000000054,8.18318354256965
WALLABY J133059-160809,33.000000000066,4.93490418719881
WALLABY J133059-160809,39.000000000078,2.9947379111417636
WALLABY J133059-160809,45.00000000009,0.6091520764973866
WALLABY J133059-160809,51.000000000102006,0.517504702719641
WALLABY J133059-160809,57.000000000114,0.3697232200296237
WALLABY J133059-160809,63.00000000012601,0.15461909497216786
WALLABY J133107-190909,3.000000000006,16.2332952871889
WALLABY J133107-190909,9.000000000018,22.25783361422842
WALLABY J133107-190909,15.00000000003,20.576451556564873
WALLABY J133107-190909,21.000000000042,16.631084656397135
WALLABY J133107-190909,27.000000000054,17.925057283585137
WALLABY J133107-190909,33.000000000066,13.421307062094675
WALLABY J133107-190909,39.000000000078,9.236239980051744
WALLABY J133107-190909,45.00000000009,5.259363277308441
WALLABY J133107-190909,51.000000000102006,3.5516118334189293
WALLABY J133107-190909,57.000000000114,1.8623974685045366
WALLABY J133107-190909,63.00000000012601,0.7877581461183196
WALLABY J133107-190909,69.000000000138,0.33085531157320064
WALLABY J133107-190909,75.00000000015001,0.0810514560503218
WALLABY J133107-190909,81.000000000162,0.009058729051095941
WALLABY J133108-164842,3.000000000006,20.720326304008996
WALLABY J133108-164842,9.000000000018,18.764025208408235
WALLABY J133108-164842,15.00000000003,18.560798012665238
WALLABY J133108-164842,21.000000000042,11.716669347394545
WALLABY J133108-164842,27.000000000054,7.03982275262245
WALLABY J133108-164842,33.000000000066,3.906898748672442
WALLABY J133108-164842,39.000000000078,1.1048897121143664
WALLABY J133108-164842,45.00000000009,0.5361596554000378
WALLABY J133108-164842,51.000000000102006,0.13693447293580707
WALLABY J133108-164842,57.000000000114,0.016775372431397133
WALLABY J133108-202916,3.000000000006,2.2877530077915775
WALLABY J133108-202916,9.000000000018,4.060312548021329
WALLABY J133108-202916,15.00000000003,3.011783551123662
WALLABY J133108-202916,21.000000000042,10.277176098209965
WALLABY J133108-202916,27.000000000054,6.166121818662531
WALLABY J133108-202916,33.000000000066,10.38119107679001
WALLABY J133108-202916,39.000000000078,16.520917782071614
WALLABY J133108-202916,45.00000000009,13.132273781561357
WALLABY J133108-202916,51.000000000102006,20.570801042748553
WALLABY J133108-202916,57.000000000114,10.503124063076006
WALLABY J133108-202916,63.00000000012601,15.155714611893625
WALLABY J133108-202916,69.000000000138,12.10101362162503
WALLABY J133108-202916,75.00000000015001,6.839407681099654
WALLABY J133108-202916,81.000000000162,6.810154033680394
WALLABY J133108-202916,87.000000000174,3.691015088537327
WALLABY J133108-202916,93.000000000186,2.4494491762136366
WALLABY J133108-202916,99.000000000198,1.8647651558657545
WALLABY J133108-202916,105.00000000021001,0.5802562273749856
WALLABY J133108-202916,111.000000000222,1.0566101100405876
WALLABY J133108-202916,117.000000000234,0.5731132591852841
WALLABY J133108-202916,123.000000000246,0.6331599786034746
WALLABY J133108-202916,129.000000000258,0.5115071737431942
WALLABY J133108-202916,135.00000000027,0.4040686505147094
WALLABY J133108-202916,141.000000000282,0.46770560849896625
WALLABY J133108-202916,147.000000000294,0.21419106826422263
WALLABY J133108-202916,153.000000000306,0.10517013183525767
WALLABY J133108-202916,159.000000000318,0.04533572013647925
WALLABY J133108-202916,165.00000000033,0.059700691971266484
WALLABY J133108-202916,171.000000000342,0.027523512554109605
WALLABY J133108-202916,177.00000000035402,0.02978726418836618
WALLABY J133108-202916,183.00000000036601,0.010158657990466793
WALLABY J133113-220341,3.000000000006,64.89823864300719
WALLABY J133113-220341,9.000000000018,61.94285430804848
WALLABY J133113-220341,15.00000000003,57.55620533684743
WALLABY J133113-220341,21.000000000042,30.664037089996622
WALLABY J133113-220341,27.000000000054,34.76333303305207
WALLABY J133113-220341,33.000000000066,19.160572739057514
WALLABY J133113-220341,39.000000000078,10.116131999851312
WALLABY J133113-220341,45.00000000009,4.406197198592075
WALLABY J133113-220341,51.000000000102006,2.2653656258183217
WALLABY J133113-220341,57.000000000114,1.3328145574280759
WALLABY J133113-220341,63.00000000012601,0.07370677711600203
WALLABY J133113-220341,69.000000000138,0.1365212295373985
WALLABY J133113-220341,75.00000000015001,0.78484069768677
WALLABY J133113-220341,81.000000000162,0.26466814480739975
WALLABY J133113-220341,87.000000000174,0.0351826353109455
WALLABY J133113-220341,93.000000000186,0.04541148295888507
WALLABY J133115-250859,3.000000000006,24.145174331677794
WALLABY J133115-250859,9.000000000018,33.560968433145625
WALLABY J133115-250859,15.00000000003,36.37494459703745
WALLABY J133115-250859,21.000000000042,40.21565471589713
WALLABY J133115-250859,27.000000000054,40.066628448380456
WALLABY J133115-250859,33.000000000066,38.65203034508796
WALLABY J133115-250859,39.000000000078,36.52263781174725
WALLABY J133115-250859,45.00000000009,29.04925157685639
WALLABY J133115-250859,51.000000000102006,26.067131573474356
WALLABY J133115-250859,57.000000000114,21.599073749199864
WALLABY J133115-250859,63.00000000012601,17.30870777916309
WALLABY J133115-250859,69.000000000138,14.405767883518958
WALLABY J133115-250859,75.00000000015001,10.729600571759814
WALLABY J133115-250859,81.000000000162,8.328503829126026
WALLABY J133115-250859,87.000000000174,6.787622885738788
WALLABY J133115-250859,93.000000000186,4.419227190365431
WALLABY J133115-250859,99.000000000198,2.2745765370762605
WALLABY J133115-250859,105.00000000021001,0.4956088822828358
WALLABY J133115-250859,111.000000000222,0.13150862682333014
WALLABY J133115-250859,117.000000000234,0.1172158371758283
WALLABY J133117-152046,3.000000000006,15.597140170063398
WALLABY J133117-152046,9.000000000018,33.71227496607597
WALLABY J133117-152046,15.00000000003,23.744938657097958
WALLABY J133117-152046,21.000000000042,20.951468887159823
WALLABY J133117-152046,27.000000000054,14.709929800259534
WALLABY J133117-152046,33.000000000066,8.806693876228241
WALLABY J133117-152046,39.000000000078,5.020287075531991
WALLABY J133117-152046,45.00000000009,2.1769955135631225
WALLABY J133117-152046,51.000000000102006,0.3753660194138233
WALLABY J133117-152046,57.000000000114,0.4234103713110253
WALLABY J133117-152046,63.00000000012601,0.41636374260583753
WALLABY J133117-152046,69.000000000138,0.32056937893542664
WALLABY J133117-152046,75.00000000015001,0.05112671083015395
WALLABY J133128-212511,3.000000000006,41.37569909428991
WALLABY J133128-212511,9.000000000018,25.155263406192518
WALLABY J133128-212511,15.00000000003,19.96404674424387
WALLABY J133128-212511,21.000000000042,19.867045510719585
WALLABY J133128-212511,27.000000000054,14.570228884913824
WALLABY J133128-212511,33.000000000066,11.633259537196095
WALLABY J133128-212511,39.000000000078,7.295386865349102
WALLABY J133128-212511,45.00000000009,4.603160930414287
WALLABY J133128-212511,51.000000000102006,3.0000328217527845
WALLABY J133128-212511,57.000000000114,0.4612914927494028
WALLABY J133128-212511,63.00000000012601,0.4852054354792134
WALLABY J133128-212511,69.000000000138,0.20213707478417428
WALLABY J133128-212511,75.00000000015001,0.12803382429712898
WALLABY J133128-212511,81.000000000162,0.006803670890263532
WALLABY J133134-240142,3.000000000006,31.655725626856622
WALLABY J133134-240142,9.000000000018,33.33158578857254
WALLABY J133134-240142,15.00000000003,25.694320221281462
WALLABY J133134-240142,21.000000000042,18.320894986000532
WALLABY J133134-240142,27.000000000054,13.52427770821845
WALLABY J133134-240142,33.000000000066,6.461537707985953
WALLABY J133134-240142,39.000000000078,4.0491878716810525
WALLABY J133134-240142,45.00000000009,2.854431364788994
WALLABY J133134-240142,51.000000000102006,0.8224498620214753
WALLABY J133134-240142,57.000000000114,0.921714300826194
WALLABY J133134-240142,63.00000000012601,0.37355989995618594
WALLABY J133134-240142,69.000000000138,0.04421060335776005
WALLABY J133138-232047,3.000000000006,79.95051684762434
WALLABY J133138-232047,9.000000000018,101.52826068974983
WALLABY J133138-232047,15.00000000003,98.88949873115135
WALLABY J133138-232047,21.000000000042,71.10350606586657
WALLABY J133138-232047,27.000000000054,66.94760798243534
WALLABY J133138-232047,33.000000000066,50.242146562342896
WALLABY J133138-232047,39.000000000078,35.15281145797753
WALLABY J133138-232047,45.00000000009,22.13701209878459
WALLABY J133138-232047,51.000000000102006,12.438876699452743
WALLABY J133138-232047,57.000000000114,5.453955529608896
WALLABY J133138-232047,63.00000000012601,2.2311813296763336
WALLABY J133138-232047,69.000000000138,0.24079606308066528
WALLABY J133138-232047,75.00000000015001,1.3558481044500335
WALLABY J133138-232047,81.000000000162,0.49040327067236716
WALLABY J133138-232047,87.000000000174,0.35697805985525405
WALLABY J133138-232047,93.000000000186,0.11296085645885316
WALLABY J133138-232047,99.000000000198,0.007408722546297386
WALLABY J133140-190616,3.000000000006,21.871676147924614
WALLABY J133140-190616,9.000000000018,16.029243278926042
WALLABY J133140-190616,15.00000000003,11.756436928132073
WALLABY J133140-190616,21.000000000042,9.50939280377916
WALLABY J133140-190616,27.000000000054,6.38619210461949
WALLABY J133140-190616,33.000000000066,2.22435806628705
WALLABY J133140-190616,39.000000000078,2.0105211275868538
WALLABY J133140-190616,45.00000000009,0.6255382570257876
WALLABY J133140-190616,51.000000000102006,0.6239658117348412
WALLABY J133140-190616,57.000000000114,0.13668836945651727
WALLABY J133140-190616,63.00000000012601,0.11278421489335472
WALLABY J133140-190616,69.000000000138,0.1120769908491499
WALLABY J133140-190616,75.00000000015001,0.1279198517131191
WALLABY J133140-190616,81.000000000162,0.11187464971312547
WALLABY J133140-190616,87.000000000174,0.05191424819208624
WALLABY J133140-190616,93.000000000186,0.029892672436215968
WALLABY J133141-173508,3.000000000006,33.940906570918095
WALLABY J133141-173508,9.000000000018,33.269542171536166
WALLABY J133141-173508,15.00000000003,17.158880753104004
WALLABY J133141-173508,21.000000000042,14.80366444568772
WALLABY J133141-173508,27.000000000054,9.049780465169452
WALLABY J133141-173508,33.000000000066,4.3363047632699105
WALLABY J133141-173508,39.000000000078,0.9874408220030587
WALLABY J133141-173508,45.00000000009,0.019893095166384215
WALLABY J133141-231608,3.000000000006,17.904932716774407
WALLABY J133141-231608,9.000000000018,18.427473781416676
WALLABY J133141-231608,15.00000000003,18.845302260378798
WALLABY J133141-231608,21.000000000042,11.402005004211302
WALLABY J133141-231608,27.000000000054,8.177645261663411
WALLABY J133141-231608,33.000000000066,5.50490301344778
WALLABY J133141-231608,39.000000000078,2.665347550553585
WALLABY J133141-231608,45.00000000009,0.3634878074679358
WALLABY J133141-231608,51.000000000102006,0.19534672739230768
WALLABY J133141-231608,57.000000000114,0.0256195362163048
WALLABY J133151-173014,3.000000000006,7.561606166585234
WALLABY J133151-173014,9.000000000018,6.41264170580552
WALLABY J133151-173014,15.00000000003,8.878030450872767
WALLABY J133151-173014,21.000000000042,6.440994559079972
WALLABY J133151-173014,27.000000000054,8.475740237026844
WALLABY J133151-173014,33.000000000066,7.6691240271192695
WALLABY J133151-173014,39.000000000078,5.377001059225535
WALLABY J133151-173014,45.00000000009,5.376522799477267
WALLABY J133151-173014,51.000000000102006,1.8936609426395943
WALLABY J133151-173014,57.000000000114,2.7745984952062086
WALLABY J133151-173014,63.00000000012601,0.8647959850603456
WALLABY J133151-173014,69.000000000138,0.8303494118516622
WALLABY J133151-173014,75.00000000015001,0.38968541528932477
WALLABY J133151-173014,81.000000000162,0.28661921155826603
WALLABY J133151-173014,87.000000000174,0.024609714001954417
WALLABY J133151-173014,93.000000000186,0.003326656011729148
WALLABY J133151-173014,99.000000000198,0.004017043494084174
WALLABY J133152-235603,3.000000000006,12.162699521160311
WALLABY J133152-235603,9.000000000018,10.497548556393669
WALLABY J133152-235603,15.00000000003,14.061125405148829
WALLABY J133152-235603,21.000000000042,13.313105136596382
WALLABY J133152-235603,27.000000000054,12.233695831605921
WALLABY J133152-235603,33.000000000066,7.9159032110359995
WALLABY J133152-235603,39.000000000078,4.070469960819668
WALLABY J133152-235603,45.00000000009,1.605933832915106
WALLABY J133152-235603,51.000000000102006,0.6147130330853602
WALLABY J133152-235603,57.000000000114,0.06368378400232541
WALLABY J133158-205217,3.000000000006,38.14350867785441
WALLABY J133158-205217,9.000000000018,50.348486788899194
WALLABY J133158-205217,15.00000000003,32.39880962542211
WALLABY J133158-205217,21.000000000042,22.914215484112177
WALLABY J133158-205217,27.000000000054,13.107076187029982
WALLABY J133158-205217,33.000000000066,8.67853884825419
WALLABY J133158-205217,39.000000000078,3.2875650675767356
WALLABY J133158-205217,45.00000000009,1.122257543319278
WALLABY J133158-205217,51.000000000102006,0.5402423245914535
WALLABY J133158-205217,57.000000000114,0.04846707194564478
WALLABY J133158-205217,63.00000000012601,0.17569778533671015
WALLABY J133158-205217,69.000000000138,0.11182785621625481
WALLABY J133158-205217,75.00000000015001,0.05378241250337587
WALLABY J133158-205217,81.000000000162,0.030499223780307064
WALLABY J133207-220728,3.000000000006,34.803048733583985
WALLABY J133207-220728,9.000000000018,26.61026338041168
WALLABY J133207-220728,15.00000000003,20.94983080590275
WALLABY J133207-220728,21.000000000042,14.188787562642364
WALLABY J133207-220728,27.000000000054,5.960077652216319
WALLABY J133207-220728,33.000000000066,1.1855506132550326
WALLABY J133207-220728,39.000000000078,0.2003539459026315
WALLABY J133207-220728,45.00000000009,0.15148423815003614
WALLABY J133207-220728,51.000000000102006,0.02680696177586903
WALLABY J133210-252901,3.000000000006,94.49187936307538
WALLABY J133210-252901,9.000000000018,54.89083480511265
WALLABY J133210-252901,15.00000000003,51.47620501927128
WALLABY J133210-252901,21.000000000042,49.32144523786778
WALLABY J133210-252901,27.000000000054,37.64112839782706
WALLABY J133210-252901,33.000000000066,38.37812572183798
WALLABY J133210-252901,39.000000000078,26.886595836377058
WALLABY J133210-252901,45.00000000009,17.71245237790107
WALLABY J133210-252901,51.000000000102006,7.681664093995582
WALLABY J133210-252901,57.000000000114,2.9342319420894944
WALLABY J133210-252901,63.00000000012601,0.8050115950111136
WALLABY J133210-252901,69.000000000138,0.01735803029848914
WALLABY J133212-211202,3.000000000006,123.19396486604667
WALLABY J133212-211202,9.000000000018,77.80155166475907
WALLABY J133212-211202,15.00000000003,60.73617713906754
WALLABY J133212-211202,21.000000000042,75.6332795825531
WALLABY J133212-211202,27.000000000054,46.748217226997056
WALLABY J133212-211202,33.000000000066,29.562744262002678
WALLABY J133212-211202,39.000000000078,23.726178537019383
WALLABY J133212-211202,45.00000000009,13.55477807929564
WALLABY J133212-211202,51.000000000102006,7.437639679543001
WALLABY J133212-211202,57.000000000114,4.115229870840303
WALLABY J133212-211202,63.00000000012601,2.362665633900382
WALLABY J133212-211202,69.000000000138,1.1231482276548734
WALLABY J133212-211202,75.00000000015001,1.587751412649485
WALLABY J133212-211202,81.000000000162,1.1649892696275
WALLABY J133212-211202,87.000000000174,0.8930198307855964
WALLABY J133212-211202,93.000000000186,0.47723008103061504
WALLABY J133212-211202,99.000000000198,0.06070258796684808
WALLABY J133212-211202,105.00000000021001,0.01071843300330891
WALLABY J133217-210813,3.000000000006,20.841479895942236
WALLABY J133217-210813,9.000000000018,21.86873315151781
WALLABY J133217-210813,15.00000000003,15.78486107571955
WALLABY J133217-210813,21.000000000042,11.141244624782523
WALLABY J133217-210813,27.000000000054,7.397698944642293
WALLABY J133217-210813,33.000000000066,3.6960289408910123
WALLABY J133217-210813,39.000000000078,2.527798071923411
WALLABY J133217-210813,45.00000000009,0.9772223208057454
WALLABY J133217-210813,51.000000000102006,0.5041945370901546
WALLABY J133217-210813,57.000000000114,0.17803795390523428
WALLABY J133217-210813,63.00000000012601,0.06144003952358958
WALLABY J133217-210813,69.000000000138,0.13243996663086136
WALLABY J133217-210813,75.00000000015001,0.30961357532615863
WALLABY J133217-210813,81.000000000162,0.03574618634379962
WALLABY J133217-210813,87.000000000174,0.02294622405562175
WALLABY J133217-210813,93.000000000186,0.002968325682338489
WALLABY J133217-231924,3.000000000006,43.66557731965789
WALLABY J133217-231924,9.000000000018,35.647900972249644
WALLABY J133217-231924,15.00000000003,36.14830271680757
WALLABY J133217-231924,21.000000000042,21.351555628440888
WALLABY J133217-231924,27.000000000054,14.916942823886417
WALLABY J133217-231924,33.000000000066,7.227400273060246
WALLABY J133217-231924,39.000000000078,4.46429605312181
WALLABY J133217-231924,45.00000000009,1.8690418691045774
WALLABY J133217-231924,51.000000000102006,0.702900067111053
WALLABY J133217-231924,57.000000000114,0.32184192945000883
WALLABY J133217-231924,63.00000000012601,0.03757579804878964
WALLABY J133222-200358,3.000000000006,20.089553308490785
WALLABY J133222-200358,9.000000000018,23.658136489153122
WALLABY J133222-200358,15.00000000003,18.282659757601007
WALLABY J133222-200358,21.000000000042,17.37664179731594
WALLABY J133222-200358,27.000000000054,11.460778598113878
WALLABY J133222-200358,33.000000000066,6.641722575092049
WALLABY J133222-200358,39.000000000078,2.632406044560497
WALLABY J133222-200358,45.00000000009,0.3846331999702001
WALLABY J133222-200358,51.000000000102006,0.06482851382598348
WALLABY J133224-192120,3.000000000006,27.06252169730681
WALLABY J133224-192120,9.000000000018,29.240212036176477
WALLABY J133224-192120,15.00000000003,20.972466585735482
WALLABY J133224-192120,21.000000000042,12.60598755828101
WALLABY J133224-192120,27.000000000054,5.813680028710291
WALLABY J133224-192120,33.000000000066,0.8904513749702906
WALLABY J133224-192120,39.000000000078,0.16166029604590706
WALLABY J133224-192120,45.00000000009,0.07742847141917895
WALLABY J133224-192120,51.000000000102006,0.17375548878615557
WALLABY J133242-233015,3.000000000006,43.2515063599284
WALLABY J133242-233015,9.000000000018,28.405101367463015
WALLABY J133242-233015,15.00000000003,18.575464874189567
WALLABY J133242-233015,21.000000000042,13.591014957369136
WALLABY J133242-233015,27.000000000054,6.975579196302309
WALLABY J133242-233015,33.000000000066,1.5122542872677256
WALLABY J133242-233015,39.000000000078,0.027101968183197475
WALLABY J133242-233015,45.00000000009,0.0486782947172869
WALLABY J133245-241711,3.000000000006,43.78902990267175
WALLABY J133245-241711,9.000000000018,63.82737651280215
WALLABY J133245-241711,15.00000000003,53.37817609861351
WALLABY J133245-241711,21.000000000042,38.93216345956563
WALLABY J133245-241711,27.000000000054,25.59046174316791
WALLABY J133245-241711,33.000000000066,17.12889914606073
WALLABY J133245-241711,39.000000000078,8.404388863121508
WALLABY J133245-241711,45.00000000009,4.904960199191888
WALLABY J133245-241711,51.000000000102006,1.4933801990788345
WALLABY J133245-241711,57.000000000114,0.9206952192935606
WALLABY J133245-241711,63.00000000012601,0.6187300463284249
WALLABY J133245-241711,69.000000000138,0.07930901834775957
WALLABY J133245-241711,75.00000000015001,0.05694224217554874
WALLABY J133245-241711,81.000000000162,0.03540726842209653
WALLABY J133245-241711,87.000000000174,0.019536090298957226
WALLABY J133247-222656,3.000000000006,123.63527185438106
WALLABY J133247-222656,9.000000000018,48.73930528367061
WALLABY J133247-222656,15.00000000003,78.2893811661216
WALLABY J133247-222656,21.000000000042,48.27313922717183
WALLABY J133247-222656,27.000000000054,32.171300340774486
WALLABY J133247-222656,33.000000000066,15.253281408589507
WALLABY J133247-222656,39.000000000078,7.097118715545015
WALLABY J133247-222656,45.00000000009,4.038091547868989
WALLABY J133247-222656,51.000000000102006,1.9316986928900615
WALLABY J133247-222656,57.000000000114,0.546426565178603
WALLABY J133247-222656,63.00000000012601,0.6727635859188489
WALLABY J133247-222656,69.000000000138,0.42256105553085793
WALLABY J133247-222656,75.00000000015001,0.022375870391278155
WALLABY J133253-241226,3.000000000006,116.00788432141101
WALLABY J133253-241226,9.000000000018,84.65339920157743
WALLABY J133253-241226,15.00000000003,69.80467589787165
WALLABY J133253-241226,21.000000000042,74.94834121616039
WALLABY J133253-241226,27.000000000054,50.5619905047542
WALLABY J133253-241226,33.000000000066,41.007086243173525
WALLABY J133253-241226,39.000000000078,28.884115178993124
WALLABY J133253-241226,45.00000000009,18.055802063630935
WALLABY J133253-241226,51.000000000102006,11.680234215655458
WALLABY J133253-241226,57.000000000114,6.562633620949917
WALLABY J133253-241226,63.00000000012601,4.790904205401737
WALLABY J133253-241226,69.000000000138,3.691180651542322
WALLABY J133253-241226,75.00000000015001,2.4686916905460317
WALLABY J133253-241226,81.000000000162,0.8526473580479242
WALLABY J133253-241226,87.000000000174,0.3989544956964949
WALLABY J133253-241226,93.000000000186,0.19493513250782152
WALLABY J133253-241226,99.000000000198,0.021551219997064296
WALLABY J133255-154459,3.000000000006,7.149948068151861
WALLABY J133255-154459,9.000000000018,14.448847552549596
WALLABY J133255-154459,15.00000000003,11.324320993129833
WALLABY J133255-154459,21.000000000042,7.11007503796681
WALLABY J133255-154459,27.000000000054,5.856303671858025
WALLABY J133255-154459,33.000000000066,2.653169469893213
WALLABY J133255-154459,39.000000000078,1.9527366663970487
WALLABY J133255-154459,45.00000000009,0.3605047410396146
WALLABY J133255-154459,51.000000000102006,0.06005063873636133
WALLABY J133255-154459,57.000000000114,0.27370238360400556
WALLABY J133255-154459,63.00000000012601,0.12597138572386826
WALLABY J133255-154459,69.000000000138,0.061837402516645976
WALLABY J133255-154459,75.00000000015001,0.0571143703630848
WALLABY J133255-154459,81.000000000162,0.01546079652973698
WALLABY J133255-154459,87.000000000174,0.015827246985661292
WALLABY J133255-154459,93.000000000186,0.0005043118863577558
WALLABY J133255-154459,99.000000000198,0.005761884085782185
WALLABY J133256-233558,3.000000000006,38.05036823827164
WALLABY J133256-233558,9.000000000018,46.03977598987603
WALLABY J133256-233558,15.00000000003,31.770744258554068
WALLABY J133256-233558,21.000000000042,19.502274572128986
WALLABY J133256-233558,27.000000000054,16.069108602762437
WALLABY J133256-233558,33.000000000066,9.919555679295406
WALLABY J133256-233558,39.000000000078,7.245956269034763
WALLABY J133256-233558,45.00000000009,3.6808825867229777
WALLABY J133256-233558,51.000000000102006,1.289028784344042
WALLABY J133256-233558,57.000000000114,0.46993792974196463
WALLABY J133256-233558,63.00000000012601,0.257952687749368
WALLABY J133256-233558,69.000000000138,0.07460122503915459
WALLABY J133256-233558,75.00000000015001,0.30460585804299706
WALLABY J133256-233558,81.000000000162,0.22875994493986848
WALLABY J133256-233558,87.000000000174,0.08416629677552874
WALLABY J133256-233558,93.000000000186,0.08244398497566281
WALLABY J133300-224718,3.000000000006,30.92793089038197
WALLABY J133300-224718,9.000000000018,26.672478612275196
WALLABY J133300-224718,15.00000000003,19.109159517445146
WALLABY J133300-224718,21.000000000042,12.059599889993125
WALLABY J133300-224718,27.000000000054,7.918698979942793
WALLABY J133300-224718,33.000000000066,3.084746509754136
WALLABY J133300-224718,39.000000000078,0.8703763246248466
WALLABY J133300-224718,45.00000000009,0.09306488658798004
WALLABY J133300-224718,51.000000000102006,0.009439356650307743
WALLABY J133301-161437,3.000000000006,74.99255585669367
WALLABY J133301-161437,9.000000000018,46.21263277589599
WALLABY J133301-161437,15.00000000003,48.597309520705004
WALLABY J133301-161437,21.000000000042,34.54612584113019
WALLABY J133301-161437,27.000000000054,20.974069079659138
WALLABY J133301-161437,33.000000000066,13.55548329047593
WALLABY J133301-161437,39.000000000078,7.122589986077273
WALLABY J133301-161437,45.00000000009,4.923334704951857
WALLABY J133301-161437,51.000000000102006,2.33064093520401
WALLABY J133301-161437,57.000000000114,0.5453853456670107
WALLABY J133301-161437,63.00000000012601,0.6988629784407899
WALLABY J133301-161437,69.000000000138,0.48003685377520633
WALLABY J133301-161437,75.00000000015001,0.42350992995577025
WALLABY J133301-161437,81.000000000162,0.17587712658948804
WALLABY J133301-161437,87.000000000174,0.09807209058732001
WALLABY J133301-161437,93.000000000186,0.05184580377614905
WALLABY J133301-161437,99.000000000198,0.005796971914856645
WALLABY J133304-241753,3.000000000006,5.650144031764906
WALLABY J133304-241753,9.000000000018,11.869825147015723
WALLABY J133304-241753,15.00000000003,12.982987957567266
WALLABY J133304-241753,21.000000000042,13.078016800142183
WALLABY J133304-241753,27.000000000054,9.09947701901055
WALLABY J133304-241753,33.000000000066,4.52840262095305
WALLABY J133304-241753,39.000000000078,1.8812007705700784
WALLABY J133304-241753,45.00000000009,0.4040056388106441
WALLABY J133304-241753,51.000000000102006,0.048438217503050364
WALLABY J133304-241753,57.000000000114,0.017727663456945264
WALLABY J133304-241753,63.00000000012601,0.007638058002224723
WALLABY J133308-233234,3.000000000006,95.9397537241729
WALLABY J133308-233234,9.000000000018,87.10617011938513
WALLABY J133308-233234,15.00000000003,57.67266466962205
WALLABY J133308-233234,21.000000000042,51.06530444687945
WALLABY J133308-233234,27.000000000054,38.584261485814075
WALLABY J133308-233234,33.000000000066,21.110595690353573
WALLABY J133308-233234,39.000000000078,13.518318988052165
WALLABY J133308-233234,45.00000000009,7.284928924400253
WALLABY J133308-233234,51.000000000102006,2.5498249102031294
WALLABY J133308-233234,57.000000000114,0.21979981416421931
WALLABY J133308-233234,63.00000000012601,0.2514332983619818
WALLABY J133308-233234,69.000000000138,0.3183376061918016
WALLABY J133308-233234,75.00000000015001,0.08995330104350656
WALLABY J133308-233234,81.000000000162,0.03302107363517072
WALLABY J133314-160715,3.000000000006,19.73163817408649
WALLABY J133314-160715,9.000000000018,28.197521001527594
WALLABY J133314-160715,15.00000000003,19.71191283061475
WALLABY J133314-160715,21.000000000042,26.696393259220976
WALLABY J133314-160715,27.000000000054,26.798762540120688
WALLABY J133314-160715,33.000000000066,41.72223917799025
WALLABY J133314-160715,39.000000000078,55.47108158370405
WALLABY J133314-160715,45.00000000009,44.810457752303485
WALLABY J133314-160715,51.000000000102006,50.62530317700083
WALLABY J133314-160715,57.000000000114,46.50289548216052
WALLABY J133314-160715,63.00000000012601,38.35342373013771
WALLABY J133314-160715,69.000000000138,28.530095511829614
WALLABY J133314-160715,75.00000000015001,20.473204158555447
WALLABY J133314-160715,81.000000000162,18.598430059648553
WALLABY J133314-160715,87.000000000174,12.331002280538106
WALLABY J133314-160715,93.000000000186,10.65840011321588
WALLABY J133314-160715,99.000000000198,8.691204761272035
WALLABY J133314-160715,105.00000000021001,7.8034968821365265
WALLABY J133314-160715,111.000000000222,8.004742072189572
WALLABY J133314-160715,117.000000000234,5.694027125841046
WALLABY J133314-160715,123.000000000246,5.158151135922607
WALLABY J133314-160715,129.000000000258,4.3772382824780705
WALLABY J133314-160715,135.00000000027,3.541710849605635
WALLABY J133314-160715,141.000000000282,2.737262586311448
WALLABY J133314-160715,147.000000000294,1.9849681390111134
WALLABY J133314-160715,153.000000000306,1.5314100005127071
WALLABY J133314-160715,159.000000000318,1.35652323212198
WALLABY J133314-160715,165.00000000033,0.9948860940922788
WALLABY J133314-160715,171.000000000342,0.9323523262094471
WALLABY J133314-160715,177.00000000035402,0.7708083048313973
WALLABY J133314-160715,183.00000000036601,0.5875656996791772
WALLABY J133314-160715,189.000000000378,0.44763139336324215
WALLABY J133314-160715,195.00000000039,0.5337557318707677
WALLABY J133314-160715,201.000000000402,0.37268684518467543
WALLABY J133314-160715,207.000000000414,0.40604042451134836
WALLABY J133314-160715,213.000000000426,0.2117245199322275
WALLABY J133314-160715,219.000000000438,0.22744101897002178
WALLABY J133314-160715,225.00000000045,0.10081684871572263
WALLABY J133314-160715,231.00000000046202,0.008721350881789859
WALLABY J133314-160715,237.00000000047402,0.004113389472506213
WALLABY J133319-183129,3.000000000006,25.51451710027059
WALLABY J133319-183129,9.000000000018,22.712046613211346
WALLABY J133319-183129,15.00000000003,18.218429616559412
WALLABY J133319-183129,21.000000000042,12.228853413531093
WALLABY J133319-183129,27.000000000054,5.8203385805669114
WALLABY J133319-183129,33.000000000066,2.21197774997239
WALLABY J133319-183129,39.000000000078,0.5555098181509297
WALLABY J133319-183129,45.00000000009,0.06251142877896423
WALLABY J133321-231451,3.000000000006,41.38364194657268
WALLABY J133321-231451,9.000000000018,44.16611768726172
WALLABY J133321-231451,15.00000000003,42.56787599764951
WALLABY J133321-231451,21.000000000042,35.471175554234506
WALLABY J133321-231451,27.000000000054,24.400374274314114
WALLABY J133321-231451,33.000000000066,13.183781470592587
WALLABY J133321-231451,39.000000000078,8.198057643867486
WALLABY J133321-231451,45.00000000009,3.510179572686313
WALLABY J133321-231451,51.000000000102006,0.8320704789710452
WALLABY J133321-231451,57.000000000114,0.4585200704874357
WALLABY J133321-231451,63.00000000012601,0.10421852296276828
WALLABY J133325-220257,3.000000000006,35.037143230533815
WALLABY J133325-220257,9.000000000018,41.228289153362496
WALLABY J133325-220257,15.00000000003,27.695227788142116
WALLABY J133325-220257,21.000000000042,21.82725735821692
WALLABY J133325-220257,27.000000000054,15.189260446081684
WALLABY J133325-220257,33.000000000066,10.18655042936824
WALLABY J133325-220257,39.000000000078,8.108554789200877
WALLABY J133325-220257,45.00000000009,4.113836006916223
WALLABY J133325-220257,51.000000000102006,2.8564373325699046
WALLABY J133325-220257,57.000000000114,2.0362516229586256
WALLABY J133325-220257,63.00000000012601,0.9496345466136902
WALLABY J133325-220257,69.000000000138,0.17789485429297214
WALLABY J133325-220257,75.00000000015001,0.06268779089676792
WALLABY J133328-205305,3.000000000006,20.15757106432117
WALLABY J133328-205305,9.000000000018,14.213132069009196
WALLABY J133328-205305,15.00000000003,19.753637899720257
WALLABY J133328-205305,21.000000000042,17.891365662669944
WALLABY J133328-205305,27.000000000054,16.996011962016528
WALLABY J133328-205305,33.000000000066,14.52743881530405
WALLABY J133328-205305,39.000000000078,8.516131555770833
WALLABY J133328-205305,45.00000000009,5.789923604374852
WALLABY J133328-205305,51.000000000102006,3.2902131948551907
WALLABY J133328-205305,57.000000000114,0.2800429556117882
WALLABY J133328-205305,63.00000000012601,0.8656896290073132
WALLABY J133328-205305,69.000000000138,0.16018454094827844
WALLABY J133328-205305,75.00000000015001,0.010265731148946662
WALLABY J133328-205305,81.000000000162,0.025447063396265318
WALLABY J133328-205305,87.000000000174,0.02396016200328009
WALLABY J133328-205305,93.000000000186,0.08305024001948444
WALLABY J133328-205305,99.000000000198,0.006015013630541716
WALLABY J133351-224126,3.000000000006,23.78574596464672
WALLABY J133351-224126,9.000000000018,30.172107890817355
WALLABY J133351-224126,15.00000000003,27.419666399864475
WALLABY J133351-224126,21.000000000042,19.998315048885615
WALLABY J133351-224126,27.000000000054,8.799394582272857
WALLABY J133351-224126,33.000000000066,3.770017613597892
WALLABY J133351-224126,39.000000000078,1.8721931307141615
WALLABY J133351-224126,45.00000000009,0.8067492942058241
WALLABY J133351-224126,51.000000000102006,0.2695419848230014
WALLABY J133351-224126,57.000000000114,0.12162492613471997
WALLABY J133351-224126,63.00000000012601,0.023009380659993407
WALLABY J133402-144915,3.000000000006,20.12526646195354
WALLABY J133402-144915,9.000000000018,23.364268583886602
WALLABY J133402-144915,15.00000000003,20.570568729810965
WALLABY J133402-144915,21.000000000042,19.386549359168846
WALLABY J133402-144915,27.000000000054,15.275371873341744
WALLABY J133402-144915,33.000000000066,11.204737510058111
WALLABY J133402-144915,39.000000000078,8.896406256898373
WALLABY J133402-144915,45.00000000009,4.905219041437366
WALLABY J133402-144915,51.000000000102006,2.0327430880807316
WALLABY J133402-144915,57.000000000114,0.7019361049429792
WALLABY J133402-144915,63.00000000012601,0.20733705419897105
WALLABY J133413-225449,3.000000000006,21.367999582316127
WALLABY J133413-225449,9.000000000018,40.00221310483882
WALLABY J133413-225449,15.00000000003,36.033916469558086
WALLABY J133413-225449,21.000000000042,21.339723688127865
WALLABY J133413-225449,27.000000000054,14.922389256081447
WALLABY J133413-225449,33.000000000066,8.14164321377017
WALLABY J133413-225449,39.000000000078,3.219423387920502
WALLABY J133413-225449,45.00000000009,1.358996311606698
WALLABY J133413-225449,51.000000000102006,0.9891788394568116
WALLABY J133413-225449,57.000000000114,0.42163477889689555
WALLABY J133413-225449,63.00000000012601,0.09160791056735532
WALLABY J133413-225449,69.000000000138,0.048720636109716026
WALLABY J133413-225449,75.00000000015001,0.037095774658760516
WALLABY J133413-225449,81.000000000162,0.014553782074217961
WALLABY J133413-225449,87.000000000174,0.012656443464591167
WALLABY J133422-234348,3.000000000006,25.202269858641998
WALLABY J133422-234348,9.000000000018,37.08536295449516
WALLABY J133422-234348,15.00000000003,23.955651227485458
WALLABY J133422-234348,21.000000000042,17.35686056723674
WALLABY J133422-234348,27.000000000054,10.025467857496123
WALLABY J133422-234348,33.000000000066,5.246149320873649
WALLABY J133422-234348,39.000000000078,2.8477127885640097
WALLABY J133422-234348,45.00000000009,0.5276426807802234
WALLABY J133422-234348,51.000000000102006,0.2978087187348297
WALLABY J133422-234348,57.000000000114,0.13124216733841348
WALLABY J133424-141834,3.000000000006,19.53689204278699
WALLABY J133424-141834,9.000000000018,21.493358996742714
WALLABY J133424-141834,15.00000000003,13.26402536990479
WALLABY J133424-141834,21.000000000042,13.506482782276276
WALLABY J133424-141834,27.000000000054,11.214308000764012
WALLABY J133424-141834,33.000000000066,6.2245802165098585
WALLABY J133424-141834,39.000000000078,4.099089052137501
WALLABY J133424-141834,45.00000000009,2.373048898378395
WALLABY J133424-141834,51.000000000102006,0.7814081166369772
WALLABY J133424-141834,57.000000000114,0.07027240138634681
WALLABY J133437-211108,3.000000000006,26.68931341519296
WALLABY J133437-211108,9.000000000018,18.037820157706623
WALLABY J133437-211108,15.00000000003,13.265364721093496
WALLABY J133437-211108,21.000000000042,12.799585620308976
WALLABY J133437-211108,27.000000000054,6.884394495659652
WALLABY J133437-211108,33.000000000066,3.8729951478511917
WALLABY J133437-211108,39.000000000078,2.0617364516826697
WALLABY J133437-211108,45.00000000009,0.8029786913663888
WALLABY J133437-211108,51.000000000102006,0.2900590740021465
WALLABY J133437-211108,57.000000000114,0.03510254475851552
WALLABY J133437-211108,63.00000000012601,0.20937718030697258
WALLABY J133437-211108,69.000000000138,0.08233565518094375
WALLABY J133437-211108,75.00000000015001,0.0686390811058651
WALLABY J133439-154115,3.000000000006,20.412318704147864
WALLABY J133439-154115,9.000000000018,8.487853842669818
WALLABY J133439-154115,15.00000000003,12.848099620868961
WALLABY J133439-154115,21.000000000042,12.986414225233482
WALLABY J133439-154115,27.000000000054,6.879260112227886
WALLABY J133439-154115,33.000000000066,5.266506348603137
WALLABY J133439-154115,39.000000000078,4.147277284068289
WALLABY J133439-154115,45.00000000009,2.6852382798723853
WALLABY J133439-154115,51.000000000102006,1.1307118038419357
WALLABY J133439-154115,57.000000000114,0.47592196853791585
WALLABY J133439-154115,63.00000000012601,0.2502627464848163
WALLABY J133439-154115,69.000000000138,0.03388527037230669
WALLABY J133439-154115,75.00000000015001,0.007771288724208289
WALLABY J133440-234722,3.000000000006,30.651123729566645
WALLABY J133440-234722,9.000000000018,39.843207110465464
WALLABY J133440-234722,15.00000000003,36.83921591585479
WALLABY J133440-234722,21.000000000042,34.707477700714854
WALLABY J133440-234722,27.000000000054,30.136616601386898
WALLABY J133440-234722,33.000000000066,30.11628018440697
WALLABY J133440-234722,39.000000000078,22.626794754555746
WALLABY J133440-234722,45.00000000009,21.825625018012893
WALLABY J133440-234722,51.000000000102006,17.275057064267468
WALLABY J133440-234722,57.000000000114,13.870707144441146
WALLABY J133440-234722,63.00000000012601,11.116057034557576
WALLABY J133440-234722,69.000000000138,7.691402645477439
WALLABY J133440-234722,75.00000000015001,6.4499550658936755
WALLABY J133440-234722,81.000000000162,4.098923807901385
WALLABY J133440-234722,87.000000000174,3.1986055967320914
WALLABY J133440-234722,93.000000000186,1.8685459098627226
WALLABY J133440-234722,99.000000000198,0.9101443292272059
WALLABY J133440-234722,105.00000000021001,0.5318358877415105
WALLABY J133440-234722,111.000000000222,0.06623113878572956
WALLABY J133452-175929,3.000000000006,26.527802276078695
WALLABY J133452-175929,9.000000000018,21.180574964082464
WALLABY J133452-175929,15.00000000003,20.566623099860575
WALLABY J133452-175929,21.000000000042,12.346655196737935
WALLABY J133452-175929,27.000000000054,8.368058508338633
WALLABY J133452-175929,33.000000000066,5.2693108756369025
WALLABY J133452-175929,39.000000000078,1.8894411372661715
WALLABY J133452-175929,45.00000000009,0.541265308868433
WALLABY J133452-175929,51.000000000102006,0.08819688593494535
WALLABY J133452-175929,57.000000000114,0.0016803519112836356
WALLABY J133458-235846,3.000000000006,22.179681589108675
WALLABY J133458-235846,9.000000000018,15.35079742935755
WALLABY J133458-235846,15.00000000003,10.403663571100134
WALLABY J133458-235846,21.000000000042,11.763190476556467
WALLABY J133458-235846,27.000000000054,6.670939979652883
WALLABY J133458-235846,33.000000000066,5.393570266889069
WALLABY J133458-235846,39.000000000078,3.479872744154277
WALLABY J133458-235846,45.00000000009,1.2982666932492557
WALLABY J133458-235846,51.000000000102006,0.38731597199786083
WALLABY J133458-235846,57.000000000114,0.06881757342312649
WALLABY J133458-235846,63.00000000012601,0.08403210927764443
WALLABY J133458-235846,69.000000000138,0.06880391756968808
WALLABY J133506-233309,3.000000000006,13.318920419886657
WALLABY J133506-233309,9.000000000018,15.191700680602331
WALLABY J133506-233309,15.00000000003,12.769206503921767
WALLABY J133506-233309,21.000000000042,10.493189178719739
WALLABY J133506-233309,27.000000000054,5.511608155558728
WALLABY J133506-233309,33.000000000066,3.0570485470616617
WALLABY J133506-233309,39.000000000078,0.8415836232603163
WALLABY J133506-233309,45.00000000009,0.09254924908082578
WALLABY J133506-233309,51.000000000102006,0.1762242125477507
WALLABY J133506-233309,57.000000000114,0.15468825101263656
WALLABY J133506-233309,63.00000000012601,0.123948681215956
WALLABY J133506-233309,69.000000000138,0.09464399189205729
WALLABY J133506-233309,75.00000000015001,0.023454997781181014
WALLABY J133521-145344,3.000000000006,61.71218563161034
WALLABY J133521-145344,9.000000000018,32.81635796206733
WALLABY J133521-145344,15.00000000003,22.794022087159263
WALLABY J133521-145344,21.000000000042,9.24699835881086
WALLABY J133521-145344,27.000000000054,4.65877483991102
WALLABY J133521-145344,33.000000000066,1.1696498577428915
WALLABY J133521-145344,39.000000000078,0.6085939883807688
WALLABY J133521-145344,45.00000000009,0.23426722294756291
WALLABY J133522-223319,3.000000000006,17.418030691015453
WALLABY J133522-223319,9.000000000018,15.176229262144663
WALLABY J133522-223319,15.00000000003,17.67643896145224
WALLABY J133522-223319,21.000000000042,11.749663049595387
WALLABY J133522-223319,27.000000000054,6.409090871282725
WALLABY J133522-223319,33.000000000066,3.9508483406322292
WALLABY J133522-223319,39.000000000078,2.312482432537767
WALLABY J133522-223319,45.00000000009,0.653147784547193
WALLABY J133522-223319,51.000000000102006,0.043565400334868894
WALLABY J133522-232056,3.000000000006,40.01224411740828
WALLABY J133522-232056,9.000000000018,34.41989650554254
WALLABY J133522-232056,15.00000000003,34.07346564108987
WALLABY J133522-232056,21.000000000042,24.822559024425384
WALLABY J133522-232056,27.000000000054,19.478360653308403
WALLABY J133522-232056,33.000000000066,11.748121437899485
WALLABY J133522-232056,39.000000000078,4.778718520516806
WALLABY J133522-232056,45.00000000009,1.9767913297525164
WALLABY J133522-232056,51.000000000102006,0.4692585578274537
WALLABY J133522-232056,57.000000000114,0.03087208491332648
WALLABY J133523-230609,3.000000000006,51.95302893732266
WALLABY J133523-230609,9.000000000018,41.67784228810814
WALLABY J133523-230609,15.00000000003,32.83379579142489
WALLABY J133523-230609,21.000000000042,24.031257087860222
WALLABY J133523-230609,27.000000000054,14.74389166698518
WALLABY J133523-230609,33.000000000066,8.835273877553218
WALLABY J133523-230609,39.000000000078,3.9829833974552655
WALLABY J133523-230609,45.00000000009,2.1239861011699483
WALLABY J133523-230609,51.000000000102006,0.7354500983077549
WALLABY J133523-230609,57.000000000114,0.19083777980818092
WALLABY J133523-230609,63.00000000012601,0.09397338336051865
WALLABY J133523-230609,69.000000000138,0.23211558253871473
WALLABY J133523-230609,75.00000000015001,0.15009853454305977
WALLABY J133540-251206,3.000000000006,120.40642199071296
WALLABY J133540-251206,9.000000000018,74.64246808534885
WALLABY J133540-251206,15.00000000003,54.340139374661526
WALLABY J133540-251206,21.000000000042,50.340896057964336
WALLABY J133540-251206,27.000000000054,35.03140429759566
WALLABY J133540-251206,33.000000000066,21.2681667256081
WALLABY J133540-251206,39.000000000078,11.835728899327126
WALLABY J133540-251206,45.00000000009,6.118517945025621
WALLABY J133540-251206,51.000000000102006,5.7080577217215485
WALLABY J133540-251206,57.000000000114,3.113073678170554
WALLABY J133540-251206,63.00000000012601,1.731678026389891
WALLABY J133540-251206,69.000000000138,0.2199540014058542
WALLABY J133540-251206,75.00000000015001,0.002485929816626171
WALLABY J133540-251206,81.000000000162,0.10778618904546734
WALLABY J133540-251206,87.000000000174,0.057469510587899175
WALLABY J133543-174712,3.000000000006,42.57616207958656
WALLABY J133543-174712,9.000000000018,35.25820147665183
WALLABY J133543-174712,15.00000000003,31.038981010152074
WALLABY J133543-174712,21.000000000042,23.916387250689468
WALLABY J133543-174712,27.000000000054,15.20509365282013
WALLABY J133543-174712,33.000000000066,7.769567602393947
WALLABY J133543-174712,39.000000000078,2.8297550179260815
WALLABY J133543-174712,45.00000000009,0.874751117987543
WALLABY J133543-174712,51.000000000102006,0.8213044803432863
WALLABY J133543-174712,57.000000000114,0.17047524583630178
WALLABY J133543-174712,63.00000000012601,0.021029876596656744
WALLABY J133545-231543,3.000000000006,52.30247450223886
WALLABY J133545-231543,9.000000000018,63.923169966505185
WALLABY J133545-231543,15.00000000003,52.5845380417221
WALLABY J133545-231543,21.000000000042,46.631770767476
WALLABY J133545-231543,27.000000000054,31.429067772416413
WALLABY J133545-231543,33.000000000066,20.383975801609605
WALLABY J133545-231543,39.000000000078,11.936547846331448
WALLABY J133545-231543,45.00000000009,4.774327198517934
WALLABY J133545-231543,51.000000000102006,2.774132060796771
WALLABY J133545-231543,57.000000000114,1.302326325928502
WALLABY J133545-231543,63.00000000012601,1.811848872627361
WALLABY J133545-231543,69.000000000138,1.9454657109065838
WALLABY J133545-231543,75.00000000015001,1.2143044810276893
WALLABY J133545-231543,81.000000000162,0.5250207178179871
WALLABY J133545-231543,87.000000000174,0.09616830155040113
WALLABY J133545-231543,93.000000000186,0.006398346039538909
WALLABY J133545-231543,99.000000000198,0.003314832109641411
WALLABY J133556-153510,3.000000000006,9.406390544367007
WALLABY J133556-153510,9.000000000018,8.245610699556448
WALLABY J133556-153510,15.00000000003,6.880844200431358
WALLABY J133556-153510,21.000000000042,5.220039054790747
WALLABY J133556-153510,27.000000000054,3.5932565897493185
WALLABY J133556-153510,33.000000000066,2.0759774502341273
WALLABY J133556-153510,39.000000000078,1.4644376697254449
WALLABY J133556-153510,45.00000000009,0.15739093739886761
WALLABY J133556-153510,51.000000000102006,0.027234278616939635
WALLABY J133556-241859,3.000000000006,21.118869359897463
WALLABY J133556-241859,9.000000000018,19.613860033533285
WALLABY J133556-241859,15.00000000003,11.114882676325616
WALLABY J133556-241859,21.000000000042,14.785431476143703
WALLABY J133556-241859,27.000000000054,9.043460963341072
WALLABY J133556-241859,33.000000000066,7.177760914281221
WALLABY J133556-241859,39.000000000078,4.974861764092141
WALLABY J133556-241859,45.00000000009,2.9656054617680887
WALLABY J133556-241859,51.000000000102006,1.9259344301970258
WALLABY J133556-241859,57.000000000114,1.5467563030203715
WALLABY J133556-241859,63.00000000012601,0.930493887040451
WALLABY J133556-241859,69.000000000138,0.6125055544949672
WALLABY J133556-241859,75.00000000015001,0.0007111212665601698
WALLABY J133556-241859,81.000000000162,0.03922261896323968
WALLABY J133600-205437,3.000000000006,39.20105752700353
WALLABY J133600-205437,9.000000000018,85.92970766554345
WALLABY J133600-205437,15.00000000003,68.97676020776971
WALLABY J133600-205437,21.000000000042,53.26277309904442
WALLABY J133600-205437,27.000000000054,34.49159036849834
WALLABY J133600-205437,33.000000000066,31.165403520704576
WALLABY J133600-205437,39.000000000078,20.781224410755026
WALLABY J133600-205437,45.00000000009,13.314899640850191
WALLABY J133600-205437,51.000000000102006,6.474996221859399
WALLABY J133600-205437,57.000000000114,4.0350055954697135
WALLABY J133600-205437,63.00000000012601,2.869384902724056
WALLABY J133600-205437,69.000000000138,0.7030642436142374
WALLABY J133600-205437,75.00000000015001,0.21895492309244402
WALLABY J133600-205437,81.000000000162,0.33023394954754987
WALLABY J133600-205437,87.000000000174,0.2855410837759115
WALLABY J133600-205437,93.000000000186,0.06421525548616994
WALLABY J133600-205437,99.000000000198,0.042105186380770855
WALLABY J133600-205437,105.00000000021001,0.00047733819009792655
WALLABY J133604-195904,3.000000000006,18.81467020100578
WALLABY J133604-195904,9.000000000018,12.061093109884562
WALLABY J133604-195904,15.00000000003,11.86306016788226
WALLABY J133604-195904,21.000000000042,10.038229560154145
WALLABY J133604-195904,27.000000000054,6.47275560795313
WALLABY J133604-195904,33.000000000066,4.946109524183303
WALLABY J133604-195904,39.000000000078,3.0944888565570494
WALLABY J133604-195904,45.00000000009,1.04681478651672
WALLABY J133604-195904,51.000000000102006,0.09993133991242795
WALLABY J133604-195904,57.000000000114,0.029369540267751237
WALLABY J133604-195904,63.00000000012601,0.11172914031603533
WALLABY J133607-222504,3.000000000006,61.04039561306591
WALLABY J133607-222504,9.000000000018,36.40884399404718
WALLABY J133607-222504,15.00000000003,34.16908402608245
WALLABY J133607-222504,21.000000000042,21.69074724598297
WALLABY J133607-222504,27.000000000054,12.953851414678228
WALLABY J133607-222504,33.000000000066,10.183743891606506
WALLABY J133607-222504,39.000000000078,5.080595168094545
WALLABY J133607-222504,45.00000000009,1.8186385716047597
WALLABY J133607-222504,51.000000000102006,0.42623631283221886
WALLABY J133607-222504,57.000000000114,0.3308026607704473
WALLABY J133607-222504,63.00000000012601,0.04419361601842003
WALLABY J133607-222504,69.000000000138,0.042704028423964424
WALLABY J133607-222504,75.00000000015001,0.0825249899311758
WALLABY J133607-222504,81.000000000162,0.05460660225489137
WALLABY J133609-200251,3.000000000006,27.423308951554084
WALLABY J133609-200251,9.000000000018,19.565569168226553
WALLABY J133609-200251,15.00000000003,14.120825022687644
WALLABY J133609-200251,21.000000000042,12.012119980555333
WALLABY J133609-200251,27.000000000054,5.657427992844193
WALLABY J133609-200251,33.000000000066,2.6370727669091862
WALLABY J133609-200251,39.000000000078,1.3617600947090156
WALLABY J133609-200251,45.00000000009,0.4019802510542833
WALLABY J133609-200251,51.000000000102006,0.1291242068021034
WALLABY J133609-200251,57.000000000114,0.025903724760115186
WALLABY J133611-234050,3.000000000006,24.360377166240696
WALLABY J133611-234050,9.000000000018,53.6071594958623
WALLABY J133611-234050,15.00000000003,42.51676348956531
WALLABY J133611-234050,21.000000000042,35.61970541168666
WALLABY J133611-234050,27.000000000054,30.504002211881215
WALLABY J133611-234050,33.000000000066,21.014433936905714
WALLABY J133611-234050,39.000000000078,15.976356631648146
WALLABY J133611-234050,45.00000000009,7.156897492749309
WALLABY J133611-234050,51.000000000102006,5.588908926095052
WALLABY J133611-234050,57.000000000114,3.413302915421686
WALLABY J133611-234050,63.00000000012601,2.5569477565395418
WALLABY J133611-234050,69.000000000138,0.9676310261639227
WALLABY J133611-234050,75.00000000015001,0.9676194408662363
WALLABY J133611-234050,81.000000000162,0.7443689300423979
WALLABY J133611-234050,87.000000000174,0.25445020297070126
WALLABY J133611-234050,93.000000000186,0.1608933962417198
WALLABY J133611-234050,99.000000000198,0.014291156403065294
WALLABY J133624-165744,3.000000000006,9.95729518660427
WALLABY J133624-165744,9.000000000018,19.151897563755195
WALLABY J133624-165744,15.00000000003,15.875226562911005
WALLABY J133624-165744,21.000000000042,11.18799491582574
WALLABY J133624-165744,27.000000000054,5.581266680231279
WALLABY J133624-165744,33.000000000066,2.1963362500026014
WALLABY J133624-165744,39.000000000078,0.6824923113594596
WALLABY J133624-165744,45.00000000009,0.08205847578398405
WALLABY J133624-165744,51.000000000102006,0.019992079521111716
WALLABY J133624-165744,57.000000000114,0.033377443569187426
WALLABY J133627-171544,3.000000000006,35.69076798152571
WALLABY J133627-171544,9.000000000018,20.735138066731718
WALLABY J133627-171544,15.00000000003,21.42663572759592
WALLABY J133627-171544,21.000000000042,12.75051889048497
WALLABY J133627-171544,27.000000000054,7.258697613061939
WALLABY J133627-171544,33.000000000066,3.5365844077444297
WALLABY J133627-171544,39.000000000078,1.2331097997630855
WALLABY J133627-171544,45.00000000009,0.31532542343023523
WALLABY J133627-171544,51.000000000102006,0.3070393275426225
WALLABY J133627-171544,57.000000000114,0.26371734958391024
WALLABY J133627-224910,3.000000000006,28.664729596257498
WALLABY J133627-224910,9.000000000018,32.45496393967335
WALLABY J133627-224910,15.00000000003,23.155179554524214
WALLABY J133627-224910,21.000000000042,18.833001725240575
WALLABY J133627-224910,27.000000000054,18.994701919922136
WALLABY J133627-224910,33.000000000066,11.12254219795
WALLABY J133627-224910,39.000000000078,5.568611322894827
WALLABY J133627-224910,45.00000000009,4.061190950823782
WALLABY J133627-224910,51.000000000102006,1.6835756072235104
WALLABY J133627-224910,57.000000000114,1.3355962163750381
WALLABY J133627-224910,63.00000000012601,0.9507200967665582
WALLABY J133627-224910,69.000000000138,0.5871317056590576
WALLABY J133627-224910,75.00000000015001,0.060167300322941625
WALLABY J133627-224910,81.000000000162,0.12539488706244747
WALLABY J133627-224910,87.000000000174,0.11641312080218084
WALLABY J133627-224910,93.000000000186,0.030454925121954718
WALLABY J133629-163858,3.000000000006,57.93587691397956
WALLABY J133629-163858,9.000000000018,39.80697155715153
WALLABY J133629-163858,15.00000000003,29.51050380590019
WALLABY J133629-163858,21.000000000042,19.174322954808815
WALLABY J133629-163858,27.000000000054,13.811836010277798
WALLABY J133629-163858,33.000000000066,7.020843228399178
WALLABY J133629-163858,39.000000000078,1.8575627727563973
WALLABY J133629-163858,45.00000000009,0.4360042383035831
WALLABY J133629-163858,51.000000000102006,0.056098555404252945
WALLABY J133629-163858,57.000000000114,0.18205486670993526
WALLABY J133629-163858,63.00000000012601,0.008358739730709918
WALLABY J133643-201220,3.000000000006,46.860787439189956
WALLABY J133643-201220,9.000000000018,23.510932342106475
WALLABY J133643-201220,15.00000000003,17.236094743091513
WALLABY J133643-201220,21.000000000042,13.01724824812039
WALLABY J133643-201220,27.000000000054,7.887432703120169
WALLABY J133643-201220,33.000000000066,4.893286219062392
WALLABY J133643-201220,39.000000000078,2.318553612233591
WALLABY J133643-201220,45.00000000009,1.2852138622034992
WALLABY J133643-201220,51.000000000102006,0.2563828890460061
WALLABY J133702-175223,3.000000000006,20.25499917623623
WALLABY J133702-175223,9.000000000018,16.461091663894305
WALLABY J133702-175223,15.00000000003,15.592051088868502
WALLABY J133702-175223,21.000000000042,12.242086682193444
WALLABY J133702-175223,27.000000000054,13.51822723198851
WALLABY J133702-175223,33.000000000066,11.512573915175563
WALLABY J133702-175223,39.000000000078,8.14480911937294
WALLABY J133702-175223,45.00000000009,6.856929935108827
WALLABY J133702-175223,51.000000000102006,4.104273495837609
WALLABY J133702-175223,57.000000000114,4.206558192446198
WALLABY J133702-175223,63.00000000012601,2.7611283149053647
WALLABY J133702-175223,69.000000000138,2.2686550978888516
WALLABY J133702-175223,75.00000000015001,1.098850005388621
WALLABY J133702-175223,81.000000000162,0.3581119692442969
WALLABY J133702-175223,87.000000000174,0.2264631512329672
WALLABY J133702-175223,93.000000000186,0.1545617781038516
WALLABY J133702-175223,99.000000000198,0.14646028891592439
WALLABY J133702-175223,105.00000000021001,0.07708335509076551
WALLABY J133702-175223,111.000000000222,0.03877331568361548
WALLABY J133702-175223,117.000000000234,0.009509188819544842
WALLABY J133702-175223,123.000000000246,0.007598672448598226
WALLABY J133702-205515,3.000000000006,61.24300364625802
WALLABY J133702-205515,9.000000000018,42.73999415633167
WALLABY J133702-205515,15.00000000003,35.001964349646144
WALLABY J133702-205515,21.000000000042,31.195511711204574
WALLABY J133702-205515,27.000000000054,21.111992594271506
WALLABY J133702-205515,33.000000000066,14.873962794782798
WALLABY J133702-205515,39.000000000078,6.103266590614417
WALLABY J133702-205515,45.00000000009,1.8714148730847648
WALLABY J133702-205515,51.000000000102006,0.8015914146697929
WALLABY J133702-205515,57.000000000114,0.24374563313370506
WALLABY J133702-205515,63.00000000012601,0.06619814163688599
WALLABY J133708-203705,3.000000000006,11.57077785589683
WALLABY J133708-203705,9.000000000018,11.28343554147109
WALLABY J133708-203705,15.00000000003,4.502959085423165
WALLABY J133708-203705,21.000000000042,10.581440638762531
WALLABY J133708-203705,27.000000000054,5.801616048279879
WALLABY J133708-203705,33.000000000066,2.4745551670329036
WALLABY J133708-203705,39.000000000078,1.9332078251569385
WALLABY J133708-203705,45.00000000009,0.7570221628070767
WALLABY J133708-203705,51.000000000102006,0.3585140550050761
WALLABY J133708-203705,57.000000000114,0.19453680752607647
WALLABY J133708-203705,63.00000000012601,0.2979854071097269
WALLABY J133708-203705,69.000000000138,0.03582797469868294
WALLABY J133717-200343,3.000000000006,21.856237289512766
WALLABY J133717-200343,9.000000000018,22.69694738665867
WALLABY J133717-200343,15.00000000003,15.315601404976139
WALLABY J133717-200343,21.000000000042,11.036459447482455
WALLABY J133717-200343,27.000000000054,7.01717876232144
WALLABY J133717-200343,33.000000000066,4.022024940134503
WALLABY J133717-200343,39.000000000078,2.1332943292621467
WALLABY J133717-200343,45.00000000009,1.0649219567050325
WALLABY J133717-200343,51.000000000102006,0.017919526293146658
WALLABY J133717-200343,57.000000000114,0.2536837244153141
WALLABY J133717-200343,63.00000000012601,0.06626395689401898
WALLABY J133717-200343,69.000000000138,0.029646554511597277
WALLABY J133718-194336,3.000000000006,53.84479961990125
WALLABY J133718-194336,9.000000000018,43.631862381603874
WALLABY J133718-194336,15.00000000003,31.61354259441051
WALLABY J133718-194336,21.000000000042,24.68385064652486
WALLABY J133718-194336,27.000000000054,17.025979106877394
WALLABY J133718-194336,33.000000000066,12.322547546773901
WALLABY J133718-194336,39.000000000078,6.338603837240519
WALLABY J133718-194336,45.00000000009,3.3363042272578105
WALLABY J133718-194336,51.000000000102006,1.1925299274158638
WALLABY J133718-194336,57.000000000114,0.3124195554517049
WALLABY J133718-194336,63.00000000012601,0.20401526658329033
WALLABY J133718-194336,69.000000000138,0.046081912959594906
WALLABY J133720-200032,3.000000000006,17.573269254230635
WALLABY J133720-200032,9.000000000018,12.267734181459458
WALLABY J133720-200032,15.00000000003,15.182822041809281
WALLABY J133720-200032,21.000000000042,10.524306365348666
WALLABY J133720-200032,27.000000000054,5.959091817705703
WALLABY J133720-200032,33.000000000066,6.206643544886761
WALLABY J133720-200032,39.000000000078,2.1316967775284503
WALLABY J133720-200032,45.00000000009,2.382792248993226
WALLABY J133720-200032,51.000000000102006,0.9674695525385097
WALLABY J133720-200032,57.000000000114,0.6083934457719287
WALLABY J133720-200032,63.00000000012601,0.28200048220106766
WALLABY J133720-200032,69.000000000138,0.1746961363567457
WALLABY J133720-200032,75.00000000015001,0.15720085126672254
WALLABY J133720-200032,81.000000000162,0.07933620940131833
WALLABY J133720-200032,87.000000000174,0.0
WALLABY J133720-200032,93.000000000186,0.03304907612249464
WALLABY J133725-155412,3.000000000006,21.937562749816646
WALLABY J133725-155412,9.000000000018,20.50555502497054
WALLABY J133725-155412,15.00000000003,12.379274572770331
WALLABY J133725-155412,21.000000000042,9.313991301975685
WALLABY J133725-155412,27.000000000054,6.749769559538286
WALLABY J133725-155412,33.000000000066,2.8690822869055355
WALLABY J133725-155412,39.000000000078,0.33081398633129344
WALLABY J133725-155412,45.00000000009,0.042808872560969886
WALLABY J133727-223204,3.000000000006,12.215220673967197
WALLABY J133727-223204,9.000000000018,31.20038489899385
WALLABY J133727-223204,15.00000000003,10.89404025743951
WALLABY J133727-223204,21.000000000042,21.21993131555302
WALLABY J133727-223204,27.000000000054,21.09247152667333
WALLABY J133727-223204,33.000000000066,15.344584188459109
WALLABY J133727-223204,39.000000000078,15.688670353306561
WALLABY J133727-223204,45.00000000009,11.691130323980284
WALLABY J133727-223204,51.000000000102006,9.367922165011938
WALLABY J133727-223204,57.000000000114,7.736102140606963
WALLABY J133727-223204,63.00000000012601,5.606080185425702
WALLABY J133727-223204,69.000000000138,5.320065308025899
WALLABY J133727-223204,75.00000000015001,3.341023130975687
WALLABY J133727-223204,81.000000000162,4.633112329487349
WALLABY J133727-223204,87.000000000174,4.012866118570502
WALLABY J133727-223204,93.000000000186,3.1791210477840486
WALLABY J133727-223204,99.000000000198,3.5412027357181537
WALLABY J133727-223204,105.00000000021001,1.7031289992409004
WALLABY J133727-223204,111.000000000222,2.004802395837621
WALLABY J133727-223204,117.000000000234,0.5500324529448122
WALLABY J133727-223204,123.000000000246,0.6280428511113988
WALLABY J133727-223204,129.000000000258,0.2799713113479183
WALLABY J133727-223204,135.00000000027,0.15479884631737392
WALLABY J133727-223204,141.000000000282,0.27075460384259725
WALLABY J133727-223204,147.000000000294,0.2628165923044024
WALLABY J133727-223204,153.000000000306,0.10303690469020257
WALLABY J133727-223204,159.000000000318,0.038391503281169796
WALLABY J133727-223204,165.00000000033,0.0865239117809734
WALLABY J133727-223204,171.000000000342,0.021415570953395056
WALLABY J133735-163755,3.000000000006,69.19393477796925
WALLABY J133735-163755,9.000000000018,40.96690358154245
WALLABY J133735-163755,15.00000000003,36.42839031123385
WALLABY J133735-163755,21.000000000042,30.499880877609886
WALLABY J133735-163755,27.000000000054,18.782763095035474
WALLABY J133735-163755,33.000000000066,14.944906735504617
WALLABY J133735-163755,39.000000000078,10.445546676123744
WALLABY J133735-163755,45.00000000009,5.516047859844377
WALLABY J133735-163755,51.000000000102006,1.953896074885635
WALLABY J133735-163755,57.000000000114,0.9272027101411288
WALLABY J133735-163755,63.00000000012601,0.6292227524187263
WALLABY J133735-163755,69.000000000138,0.5622774333896997
WALLABY J133735-163755,75.00000000015001,0.3423030691198827
WALLABY J133735-163755,81.000000000162,0.06551747381252027
WALLABY J133735-163755,87.000000000174,0.0769886158434262
WALLABY J133735-163755,93.000000000186,0.05038874394707868
WALLABY J133735-163755,99.000000000198,0.06538926775550657
WALLABY J133735-163755,105.00000000021001,0.055376998489429924
WALLABY J133735-163755,111.000000000222,0.034312512840936366
WALLABY J133735-163755,117.000000000234,0.091597610766873
WALLABY J133735-163755,123.000000000246,0.0900254586973081
WALLABY J133735-163755,129.000000000258,0.03903527511271732
WALLABY J133735-163755,135.00000000027,0.035542779874922874
WALLABY J133735-163755,141.000000000282,0.005995339471551065
WALLABY J133736-185135,3.000000000006,26.862178116362188
WALLABY J133736-185135,9.000000000018,16.611265970700906
WALLABY J133736-185135,15.00000000003,15.681278710392364
WALLABY J133736-185135,21.000000000042,12.577517383156367
WALLABY J133736-185135,27.000000000054,11.415896029058445
WALLABY J133736-185135,33.000000000066,6.533920146339873
WALLABY J133736-185135,39.000000000078,2.2037036255201867
WALLABY J133736-185135,45.00000000009,0.4170538326357863
WALLABY J133736-185135,51.000000000102006,0.09002336147826878
WALLABY J133737-234516,3.000000000006,42.868485811188286
WALLABY J133737-234516,9.000000000018,48.16954693578492
WALLABY J133737-234516,15.00000000003,23.654478970635818
WALLABY J133737-234516,21.000000000042,20.059900640904882
WALLABY J133737-234516,27.000000000054,13.049298085904299
WALLABY J133737-234516,33.000000000066,5.345333874193522
WALLABY J133737-234516,39.000000000078,3.192511625627487
WALLABY J133737-234516,45.00000000009,2.105194326224008
WALLABY J133737-234516,51.000000000102006,1.1424194862300052
WALLABY J133737-234516,57.000000000114,0.28671467507308374
WALLABY J133737-234516,63.00000000012601,0.4626508937761797
WALLABY J133737-234516,69.000000000138,0.13734388150735075
WALLABY J133737-234516,75.00000000015001,0.020127560663469376
WALLABY J133737-234516,81.000000000162,0.017922563947857184
WALLABY J133739-213902,3.000000000006,25.10686712548881
WALLABY J133739-213902,9.000000000018,25.396473802217166
WALLABY J133739-213902,15.00000000003,20.746415751287643
WALLABY J133739-213902,21.000000000042,12.582072461610826
WALLABY J133739-213902,27.000000000054,9.358590628185796
WALLABY J133739-213902,33.000000000066,7.849398920871395
WALLABY J133739-213902,39.000000000078,5.351298584033149
WALLABY J133739-213902,45.00000000009,1.9953814698547905
WALLABY J133739-213902,51.000000000102006,0.4845243148880737
WALLABY J133739-213902,57.000000000114,0.09039802054968286
WALLABY J133739-213902,63.00000000012601,0.09160908948771998
WALLABY J133739-213902,69.000000000138,0.02828838367702099
WALLABY J133739-213902,75.00000000015001,0.024942021369969068
WALLABY J133747-175606,3.000000000006,0.0
WALLABY J133747-175606,9.000000000018,1.0035563892716943
WALLABY J133747-175606,15.00000000003,0.812052031025984
WALLABY J133747-175606,21.000000000042,0.7931216435143175
WALLABY J133747-175606,27.000000000054,2.1077211726964205
WALLABY J133747-175606,33.000000000066,1.7047858964590639
WALLABY J133747-175606,39.000000000078,2.519637114770912
WALLABY J133747-175606,45.00000000009,3.3487774608180225
WALLABY J133747-175606,51.000000000102006,2.1789089444828598
WALLABY J133747-175606,57.000000000114,2.439495156784211
WALLABY J133747-175606,63.00000000012601,2.2555476338982365
WALLABY J133747-175606,69.000000000138,1.259994553345072
WALLABY J133747-175606,75.00000000015001,1.8570920663324946
WALLABY J133747-175606,81.000000000162,1.3855231378877848
WALLABY J133747-175606,87.000000000174,0.7396057596812274
WALLABY J133747-175606,93.000000000186,1.111892866561025
WALLABY J133747-175606,99.000000000198,0.576323561553292
WALLABY J133747-175606,105.00000000021001,0.35057020907070086
WALLABY J133747-175606,111.000000000222,0.6245821291471021
WALLABY J133747-175606,117.000000000234,0.2015795661606749
WALLABY J133747-175606,123.000000000246,0.06965652714386208
WALLABY J133747-175606,129.000000000258,0.17754518762299157
WALLABY J133747-175606,135.00000000027,0.06528187947598596
WALLABY J133747-175606,141.000000000282,0.08589553933928122
WALLABY J133747-175606,147.000000000294,0.08980524702532028
WALLABY J133747-175606,153.000000000306,0.09425454950190844
WALLABY J133747-175606,159.000000000318,0.07475068202470372
WALLABY J133747-175606,165.00000000033,0.05426946652614095
WALLABY J133747-175606,171.000000000342,0.030143508915641954
WALLABY J133747-175606,177.00000000035402,0.011177936296058873
WALLABY J133756-240727,3.000000000006,32.746444707878844
WALLABY J133756-240727,9.000000000018,28.5548892710739
WALLABY J133756-240727,15.00000000003,26.12690831292606
WALLABY J133756-240727,21.000000000042,23.62725365832064
WALLABY J133756-240727,27.000000000054,20.937062938594103
WALLABY J133756-240727,33.000000000066,21.596025547410942
WALLABY J133756-240727,39.000000000078,17.729834179210375
WALLABY J133756-240727,45.00000000009,16.159326508398127
WALLABY J133756-240727,51.000000000102006,12.328911973227974
WALLABY J133756-240727,57.000000000114,8.641403480436825
WALLABY J133756-240727,63.00000000012601,5.586506022107907
WALLABY J133756-240727,69.000000000138,2.888391154064969
WALLABY J133756-240727,75.00000000015001,1.7860158348291848
WALLABY J133756-240727,81.000000000162,0.8355639917767447
WALLABY J133756-240727,87.000000000174,0.43727920281001925
WALLABY J133801-225524,3.000000000006,47.97768587639082
WALLABY J133801-225524,9.000000000018,32.103783517951086
WALLABY J133801-225524,15.00000000003,40.57259415910361
WALLABY J133801-225524,21.000000000042,34.10298066217422
WALLABY J133801-225524,27.000000000054,28.551468127695863
WALLABY J133801-225524,33.000000000066,31.78748234619762
WALLABY J133801-225524,39.000000000078,23.510283784185688
WALLABY J133801-225524,45.00000000009,19.417809917371084
WALLABY J133801-225524,51.000000000102006,16.674339710551912
WALLABY J133801-225524,57.000000000114,13.044192377530816
WALLABY J133801-225524,63.00000000012601,11.668635390357796
WALLABY J133801-225524,69.000000000138,9.19761331127046
WALLABY J133801-225524,75.00000000015001,7.251359945746102
WALLABY J133801-225524,81.000000000162,6.274296883450933
WALLABY J133801-225524,87.000000000174,5.448540450728142
WALLABY J133801-225524,93.000000000186,3.5941285513356673
WALLABY J133801-225524,99.000000000198,3.375434288078143
WALLABY J133801-225524,105.00000000021001,1.9049874990378364
WALLABY J133801-225524,111.000000000222,0.898136105273793
WALLABY J133801-225524,117.000000000234,0.7433806618429586
WALLABY J133801-225524,123.000000000246,0.42589513906855897
WALLABY J133801-225524,129.000000000258,0.31047241108974827
WALLABY J133801-225524,135.00000000027,0.3451134912480588
WALLABY J133801-225524,141.000000000282,0.15417173404465903
WALLABY J133801-225524,147.000000000294,0.05373462866858946
WALLABY J133801-225524,153.000000000306,0.07358700378810923
WALLABY J133809-241011,3.000000000006,44.08109027567082
WALLABY J133809-241011,9.000000000018,39.09517009931646
WALLABY J133809-241011,15.00000000003,26.214655945450037
WALLABY J133809-241011,21.000000000042,18.654568909305706
WALLABY J133809-241011,27.000000000054,11.498552478675542
WALLABY J133809-241011,33.000000000066,4.379132807169583
WALLABY J133809-241011,39.000000000078,1.2023505586677692
WALLABY J133809-241011,45.00000000009,0.025729231604415603
WALLABY J133809-241011,51.000000000102006,0.03202648619138872
WALLABY J133818-233325,3.000000000006,30.916415427546678
WALLABY J133818-233325,9.000000000018,31.816649605807573
WALLABY J133818-233325,15.00000000003,23.409927626086322
WALLABY J133818-233325,21.000000000042,15.579004738511808
WALLABY J133818-233325,27.000000000054,11.467455701101578
WALLABY J133818-233325,33.000000000066,7.508336811399458
WALLABY J133818-233325,39.000000000078,4.16833463825374
WALLABY J133818-233325,45.00000000009,1.7737228498891446
WALLABY J133818-233325,51.000000000102006,0.05565670677150096
WALLABY J133818-233325,57.000000000114,0.023300393608953862
WALLABY J133818-233325,63.00000000012601,0.019137891308811657
WALLABY J133818-233325,69.000000000138,0.008108912036042448
WALLABY J133819-203750,3.000000000006,32.65710785729519
WALLABY J133819-203750,9.000000000018,30.54239512307462
WALLABY J133819-203750,15.00000000003,21.490333970607214
WALLABY J133819-203750,21.000000000042,20.929705490407972
WALLABY J133819-203750,27.000000000054,12.072490565039969
WALLABY J133819-203750,33.000000000066,9.449596367821549
WALLABY J133819-203750,39.000000000078,5.227869409011616
WALLABY J133819-203750,45.00000000009,2.4210390726176367
WALLABY J133819-203750,51.000000000102006,1.27583125795679
WALLABY J133819-203750,57.000000000114,0.512223532590102
WALLABY J133819-203750,63.00000000012601,0.09263249074146589
WALLABY J133819-203750,69.000000000138,0.003547923983126461
WALLABY J133822-195211,3.000000000006,19.440293402536465
WALLABY J133822-195211,9.000000000018,14.474950815361488
WALLABY J133822-195211,15.00000000003,16.57571856765926
WALLABY J133822-195211,21.000000000042,14.201126907710487
WALLABY J133822-195211,27.000000000054,5.70875533726756
WALLABY J133822-195211,33.000000000066,4.428385488654187
WALLABY J133822-195211,39.000000000078,1.3713373056127718
WALLABY J133822-195211,45.00000000009,0.1209461826986764
WALLABY J133822-195211,51.000000000102006,0.026351058305231868
WALLABY J133832-200024,3.000000000006,25.112428956962262
WALLABY J133832-200024,9.000000000018,24.487532599990363
WALLABY J133832-200024,15.00000000003,18.579811478405894
WALLABY J133832-200024,21.000000000042,12.488089521205486
WALLABY J133832-200024,27.000000000054,6.775541300520837
WALLABY J133832-200024,33.000000000066,1.901303941247476
WALLABY J133832-200024,39.000000000078,0.19087446240604733
WALLABY J133832-200024,45.00000000009,0.036924509717190704
WALLABY J133834-174954,3.000000000006,33.38963225523242
WALLABY J133834-174954,9.000000000018,30.609717784888137
WALLABY J133834-174954,15.00000000003,20.87765371109195
WALLABY J133834-174954,21.000000000042,23.609008057142827
WALLABY J133834-174954,27.000000000054,14.716671858439934
WALLABY J133834-174954,33.000000000066,12.881569084632787
WALLABY J133834-174954,39.000000000078,10.668998438470277
WALLABY J133834-174954,45.00000000009,6.307022097987054
WALLABY J133834-174954,51.000000000102006,7.613496826961132
WALLABY J133834-174954,57.000000000114,4.035306801486426
WALLABY J133834-174954,63.00000000012601,2.241362692211535
WALLABY J133834-174954,69.000000000138,1.8301919814508192
WALLABY J133834-174954,75.00000000015001,0.43175793460009065
WALLABY J133834-174954,81.000000000162,0.5645061977982064
WALLABY J133834-174954,87.000000000174,0.4008286192068119
WALLABY J133834-174954,93.000000000186,0.05380191623231575
WALLABY J133834-174954,99.000000000198,0.14573761216514663
WALLABY J133834-174954,105.00000000021001,0.1441699513520661
WALLABY J133834-174954,111.000000000222,0.15441569247154
WALLABY J133834-174954,117.000000000234,0.11687481290075724
WALLABY J133834-174954,123.000000000246,0.03312377589208371
WALLABY J133834-174954,129.000000000258,0.01130661945710383
WALLABY J133840-135814,3.000000000006,30.654023912211546
WALLABY J133840-135814,9.000000000018,28.520348279260705
WALLABY J133840-135814,15.00000000003,23.113627746237118
WALLABY J133840-135814,21.000000000042,18.095815066677527
WALLABY J133840-135814,27.000000000054,16.62483117236918
WALLABY J133840-135814,33.000000000066,10.6091452658722
WALLABY J133840-135814,39.000000000078,6.427989491569012
WALLABY J133840-135814,45.00000000009,4.264764266824589
WALLABY J133840-135814,51.000000000102006,1.5861489684865067
WALLABY J133840-135814,57.000000000114,0.1839810537278271
WALLABY J133840-135814,63.00000000012601,0.21994090908388775
WALLABY J133841-182702,3.000000000006,28.286281125553774
WALLABY J133841-182702,9.000000000018,28.292683401966876
WALLABY J133841-182702,15.00000000003,17.51603527764233
WALLABY J133841-182702,21.000000000042,11.01655775551313
WALLABY J133841-182702,27.000000000054,5.166683252064211
WALLABY J133841-182702,33.000000000066,1.6718516173420432
WALLABY J133841-182702,39.000000000078,0.19254306902578222
WALLABY J133841-182702,45.00000000009,0.002009638408230247
WALLABY J133841-182702,51.000000000102006,0.09198817426930578
WALLABY J133841-182702,57.000000000114,0.02700076298303834
WALLABY J133841-202243,3.000000000006,58.32073881426125
WALLABY J133841-202243,9.000000000018,36.597769612404214
WALLABY J133841-202243,15.00000000003,33.92616410172936
WALLABY J133841-202243,21.000000000042,35.540532846283064
WALLABY J133841-202243,27.000000000054,23.433845684084528
WALLABY J133841-202243,33.000000000066,15.275215726308016
WALLABY J133841-202243,39.000000000078,9.727073501615399
WALLABY J133841-202243,45.00000000009,6.434743410941906
WALLABY J133841-202243,51.000000000102006,3.624067574159499
WALLABY J133841-202243,57.000000000114,1.6375732735158688
WALLABY J133841-202243,63.00000000012601,0.538186913924533
WALLABY J133841-202243,69.000000000138,0.24269645002231807
WALLABY J133841-202243,75.00000000015001,0.18859641110922148
WALLABY J133841-202243,81.000000000162,0.1890382743166817
WALLABY J133841-202243,87.000000000174,0.06588813017956885
WALLABY J133841-202243,93.000000000186,0.03459756133853551
WALLABY J133844-153815,3.000000000006,44.2909633365454
WALLABY J133844-153815,9.000000000018,56.15280245773694
WALLABY J133844-153815,15.00000000003,43.66990352437591
WALLABY J133844-153815,21.000000000042,29.72692071899561
WALLABY J133844-153815,27.000000000054,20.08618314886774
WALLABY J133844-153815,33.000000000066,13.077104758203612
WALLABY J133844-153815,39.000000000078,9.303646472221228
WALLABY J133844-153815,45.00000000009,4.869842006221452
WALLABY J133844-153815,51.000000000102006,3.4068026599453822
WALLABY J133844-153815,57.000000000114,0.8263066533984988
WALLABY J133844-153815,63.00000000012601,0.4216423956810742
WALLABY J133844-153815,69.000000000138,0.2116942019487275
WALLABY J133844-153815,75.00000000015001,0.166762071844669
WALLABY J133844-153815,81.000000000162,0.08114216076262191
WALLABY J133844-153815,87.000000000174,0.059934525568576834
WALLABY J133844-153815,93.000000000186,0.00940011489583484
WALLABY J133845-243304,3.000000000006,12.615313120323378
WALLABY J133845-243304,9.000000000018,9.482976988941
WALLABY J133845-243304,15.00000000003,19.951959016117055
WALLABY J133845-243304,21.000000000042,8.069076452954794
WALLABY J133845-243304,27.000000000054,11.28640606101055
WALLABY J133845-243304,33.000000000066,6.459732587876587
WALLABY J133845-243304,39.000000000078,5.1154452113732605
WALLABY J133845-243304,45.00000000009,3.6478233769045922
WALLABY J133845-243304,51.000000000102006,1.4600124406894341
WALLABY J133845-243304,57.000000000114,1.4702952091621153
WALLABY J133845-243304,63.00000000012601,0.4650347442792186
WALLABY J133845-243304,69.000000000138,0.2766252653482036
WALLABY J133845-243304,75.00000000015001,0.07549740374071835
WALLABY J133845-243304,81.000000000162,0.02513936852724944
WALLABY J133851-165026,3.000000000006,40.55210982477368
WALLABY J133851-165026,9.000000000018,24.586541762970178
WALLABY J133851-165026,15.00000000003,20.696490191790936
WALLABY J133851-165026,21.000000000042,15.750366383674736
WALLABY J133851-165026,27.000000000054,8.515456666487038
WALLABY J133851-165026,33.000000000066,6.201152960488712
WALLABY J133851-165026,39.000000000078,3.317146588980382
WALLABY J133851-165026,45.00000000009,0.9732058598261205
WALLABY J133851-165026,51.000000000102006,0.20395426738366715
WALLABY J133851-165026,57.000000000114,0.08542453980720129
WALLABY J133851-165026,63.00000000012601,0.16985215809785711
WALLABY J133851-165026,69.000000000138,0.1167181220797217
WALLABY J133851-165026,75.00000000015001,0.09227283218943041
WALLABY J133851-165026,81.000000000162,0.1732449781193629
WALLABY J133851-165026,87.000000000174,0.03339830261890666
WALLABY J133900-160039,3.000000000006,15.137624200965783
WALLABY J133900-160039,9.000000000018,16.416204312769526
WALLABY J133900-160039,15.00000000003,13.889577874761402
WALLABY J133900-160039,21.000000000042,8.538023489436618
WALLABY J133900-160039,27.000000000054,6.305152116241292
WALLABY J133900-160039,33.000000000066,2.8327816388608356
WALLABY J133900-160039,39.000000000078,1.6745498530580358
WALLABY J133900-160039,45.00000000009,0.8589917609069078
WALLABY J133900-160039,51.000000000102006,0.5312832242355
WALLABY J133900-160039,57.000000000114,0.18350278848204307
WALLABY J133900-160039,63.00000000012601,0.08945577713679644
WALLABY J133900-160039,69.000000000138,0.05840763347369739
WALLABY J133900-160039,75.00000000015001,0.04003799720232399
WALLABY J133900-160039,81.000000000162,0.012211293275843584
WALLABY J133902-204211,3.000000000006,16.93621288942799
WALLABY J133902-204211,9.000000000018,18.032740070999516
WALLABY J133902-204211,15.00000000003,11.646113203196373
WALLABY J133902-204211,21.000000000042,10.76375226973766
WALLABY J133902-204211,27.000000000054,8.159008982766636
WALLABY J133902-204211,33.000000000066,3.8415354235941552
WALLABY J133902-204211,39.000000000078,2.907716511551398
WALLABY J133902-204211,45.00000000009,1.1497008782842906
WALLABY J133902-204211,51.000000000102006,0.3216311227086709
WALLABY J133902-204211,57.000000000114,0.04427019264340569
WALLABY J133902-204211,63.00000000012601,0.0171041894334104
WALLABY J133902-204211,69.000000000138,0.020617458346405933
WALLABY J133904-240956,3.000000000006,61.1404891514944
WALLABY J133904-240956,9.000000000018,64.95472906327839
WALLABY J133904-240956,15.00000000003,53.63414080057284
WALLABY J133904-240956,21.000000000042,37.464397968597304
WALLABY J133904-240956,27.000000000054,25.891757251483817
WALLABY J133904-240956,33.000000000066,16.175788179078108
WALLABY J133904-240956,39.000000000078,9.861335141149574
WALLABY J133904-240956,45.00000000009,6.971778052679561
WALLABY J133904-240956,51.000000000102006,4.515780132222035
WALLABY J133904-240956,57.000000000114,3.099679679371772
WALLABY J133904-240956,63.00000000012601,1.815746008766682
WALLABY J133904-240956,69.000000000138,0.6064711515175756
WALLABY J133904-240956,75.00000000015001,0.32086287966608584
WALLABY J133904-240956,81.000000000162,0.2717630071455203
WALLABY J133904-240956,87.000000000174,0.09366601231706344
WALLABY J133904-240956,93.000000000186,0.0668282714501566
WALLABY J133904-240956,99.000000000198,0.052249725739830014
WALLABY J133916-181515,3.000000000006,32.31003791649564
WALLABY J133916-181515,9.000000000018,39.846027781838245
WALLABY J133916-181515,15.00000000003,29.26819467922435
WALLABY J133916-181515,21.000000000042,22.102315142553017
WALLABY J133916-181515,27.000000000054,14.045742912193829
WALLABY J133916-181515,33.000000000066,9.93324465090766
WALLABY J133916-181515,39.000000000078,4.998794319165066
WALLABY J133916-181515,45.00000000009,2.453788928411932
WALLABY J133916-181515,51.000000000102006,0.5142348735353924
WALLABY J133916-181515,57.000000000114,0.19580214256433304
WALLABY J133916-181515,63.00000000012601,0.06027564365054899
WALLABY J133931-181852,3.000000000006,11.759742510330902
WALLABY J133931-181852,9.000000000018,10.626548129976118
WALLABY J133931-181852,15.00000000003,8.924464539091362
WALLABY J133931-181852,21.000000000042,5.6237144617850445
WALLABY J133931-181852,27.000000000054,7.8623213055761125
WALLABY J133931-181852,33.000000000066,5.272512509945669
WALLABY J133931-181852,39.000000000078,3.5736276889810776
WALLABY J133931-181852,45.00000000009,1.5181123109879002
WALLABY J133931-181852,51.000000000102006,1.118580664679541
WALLABY J133931-181852,57.000000000114,0.3245926840100116
WALLABY J133931-181852,63.00000000012601,0.176898779389091
WALLABY J133931-181852,69.000000000138,0.2678933159350103
WALLABY J133931-181852,75.00000000015001,0.27972488271142293
WALLABY J133931-181852,81.000000000162,0.17258557410514896
WALLABY J133931-181852,87.000000000174,0.09609996840091771
WALLABY J133931-181852,93.000000000186,0.03209273539419444
WALLABY J133931-181852,99.000000000198,0.009588541007554182
WALLABY J133931-181852,105.00000000021001,0.00916276888035549
WALLABY J133931-181852,111.000000000222,0.0071966469370745795
WALLABY J133931-181852,117.000000000234,0.006192926682657255
WALLABY J133933-145203,3.000000000006,14.959110781570994
WALLABY J133933-145203,9.000000000018,32.67005632192612
WALLABY J133933-145203,15.00000000003,27.418904818593823
WALLABY J133933-145203,21.000000000042,18.566802149360964
WALLABY J133933-145203,27.000000000054,8.316911503395573
WALLABY J133933-145203,33.000000000066,2.612248210277831
WALLABY J133933-145203,39.000000000078,0.29946896620660146
WALLABY J133933-145203,45.00000000009,0.15625221275769155
WALLABY J133933-145203,51.000000000102006,0.0487853796003137
WALLABY J133933-222957,3.000000000006,54.36772187093631
WALLABY J133933-222957,9.000000000018,60.59710408094424
WALLABY J133933-222957,15.00000000003,66.63429898349675
WALLABY J133933-222957,21.000000000042,43.56313390704638
WALLABY J133933-222957,27.000000000054,40.07524115015101
WALLABY J133933-222957,33.000000000066,31.254075351567835
WALLABY J133933-222957,39.000000000078,25.404681431464127
WALLABY J133933-222957,45.00000000009,20.41231117576157
WALLABY J133933-222957,51.000000000102006,12.219367739638342
WALLABY J133933-222957,57.000000000114,7.868292722649953
WALLABY J133933-222957,63.00000000012601,5.131085514117136
WALLABY J133933-222957,69.000000000138,3.466724724957457
WALLABY J133933-222957,75.00000000015001,3.142964824384288
WALLABY J133933-222957,81.000000000162,2.2713434814728144
WALLABY J133933-222957,87.000000000174,1.7111782633275483
WALLABY J133933-222957,93.000000000186,1.2012965463703442
WALLABY J133933-222957,99.000000000198,0.7142391669147757
WALLABY J133933-222957,105.00000000021001,0.5693714806808148
WALLABY J133933-222957,111.000000000222,0.07546694177616509
WALLABY J133933-222957,117.000000000234,0.030353119701303447
WALLABY J133933-222957,123.000000000246,0.06892640421596269
WALLABY J133933-222957,129.000000000258,0.05277924179015828
WALLABY J133933-222957,135.00000000027,0.0243032799178596
WALLABY J133939-234522,3.000000000006,25.04721100529298
WALLABY J133939-234522,9.000000000018,31.55988432247851
WALLABY J133939-234522,15.00000000003,25.912866738693502
WALLABY J133939-234522,21.000000000042,20.60242807419444
WALLABY J133939-234522,27.000000000054,14.26440916422741
WALLABY J133939-234522,33.000000000066,8.814052484401527
WALLABY J133939-234522,39.000000000078,3.69506526102888
WALLABY J133939-234522,45.00000000009,1.4727384606338025
WALLABY J133939-234522,51.000000000102006,0.04846533036553743
WALLABY J133939-234522,57.000000000114,0.19429274209973565
WALLABY J133939-234522,63.00000000012601,0.14701943078433302
WALLABY J133942-250143,3.000000000006,54.59338997193946
WALLABY J133942-250143,9.000000000018,38.838874688029854
WALLABY J133942-250143,15.00000000003,30.544922861968875
WALLABY J133942-250143,21.000000000042,29.832197125428173
WALLABY J133942-250143,27.000000000054,21.391216214178066
WALLABY J133942-250143,33.000000000066,13.01561545816279
WALLABY J133942-250143,39.000000000078,10.53976200197056
WALLABY J133942-250143,45.00000000009,8.726400831443547
WALLABY J133942-250143,51.000000000102006,5.718924506189163
WALLABY J133942-250143,57.000000000114,2.9186979208132815
WALLABY J133942-250143,63.00000000012601,1.6815565026424184
WALLABY J133942-250143,69.000000000138,0.7143934147813767
WALLABY J133942-250143,75.00000000015001,0.4613996863631683
WALLABY J133942-250143,81.000000000162,0.022449224037048618
WALLABY J133942-250143,87.000000000174,0.00806518158142458
WALLABY J133950-163125,3.000000000006,15.708317435912974
WALLABY J133950-163125,9.000000000018,32.85226305789965
WALLABY J133950-163125,15.00000000003,21.184667887765002
WALLABY J133950-163125,21.000000000042,15.96681970902663
WALLABY J133950-163125,27.000000000054,10.705851779331615
WALLABY J133950-163125,33.000000000066,6.011217154342655
WALLABY J133950-163125,39.000000000078,3.2667500475949383
WALLABY J133950-163125,45.00000000009,1.7707153205708854
WALLABY J133950-163125,51.000000000102006,0.33680365359285336
WALLABY J133950-163125,57.000000000114,0.09637853144086651
WALLABY J133950-163125,63.00000000012601,0.017203755552340744
WALLABY J133950-195837,3.000000000006,35.54870004679002
WALLABY J133950-195837,9.000000000018,38.473608898419265
WALLABY J133950-195837,15.00000000003,30.66590699775204
WALLABY J133950-195837,21.000000000042,19.36085501147069
WALLABY J133950-195837,27.000000000054,18.2936769977683
WALLABY J133950-195837,33.000000000066,11.87240918976822
WALLABY J133950-195837,39.000000000078,8.883026802357906
WALLABY J133950-195837,45.00000000009,6.283693197303216
WALLABY J133950-195837,51.000000000102006,3.365218489160516
WALLABY J133950-195837,57.000000000114,1.2175437096645931
WALLABY J133950-195837,63.00000000012601,0.3678229178732482
WALLABY J133950-195837,69.000000000138,0.06781449867624981
WALLABY J133950-195837,75.00000000015001,0.03800540221910791
WALLABY J133951-233716,3.000000000006,58.98915589988223
WALLABY J133951-233716,9.000000000018,50.98762106027244
WALLABY J133951-233716,15.00000000003,35.21784285013228
WALLABY J133951-233716,21.000000000042,21.708435214615978
WALLABY J133951-233716,27.000000000054,10.846654714312889
WALLABY J133951-233716,33.000000000066,3.8570340860231744
WALLABY J133951-233716,39.000000000078,0.45915636904310836
WALLABY J133951-233716,45.00000000009,0.2565941994577755
WALLABY J133951-233716,51.000000000102006,0.05125074109340564
WALLABY J134002-252831,3.000000000006,204.63921016059476
WALLABY J134002-252831,9.000000000018,112.04501373681596
WALLABY J134002-252831,15.00000000003,141.28180067203982
WALLABY J134002-252831,21.000000000042,118.5479567657068
WALLABY J134002-252831,27.000000000054,90.27556977666467
WALLABY J134002-252831,33.000000000066,89.87163623702094
WALLABY J134002-252831,39.000000000078,48.90683105061163
WALLABY J134002-252831,45.00000000009,41.08837392652001
WALLABY J134002-252831,51.000000000102006,32.066062285565565
WALLABY J134002-252831,57.000000000114,22.528633583874043
WALLABY J134002-252831,63.00000000012601,13.66902632112238
WALLABY J134002-252831,69.000000000138,7.27379526452013
WALLABY J134002-252831,75.00000000015001,5.489963810157858
WALLABY J134002-252831,81.000000000162,4.306288196197075
WALLABY J134002-252831,87.000000000174,2.2467702002621643
WALLABY J134002-252831,93.000000000186,1.1860084401074675
WALLABY J134002-252831,99.000000000198,0.7951588669653159
WALLABY J134002-252831,105.00000000021001,0.4030356406417192
WALLABY J134002-252831,111.000000000222,0.46032286945966766
WALLABY J134002-252831,117.000000000234,0.35356676311705804
WALLABY J134002-252831,123.000000000246,0.2939005530634422
WALLABY J134002-252831,129.000000000258,0.3621816655067818
WALLABY J134002-252831,135.00000000027,0.1436211088846126
WALLABY J134002-252831,141.000000000282,0.08075955966501581
WALLABY J134004-235850,3.000000000006,31.33162401009259
WALLABY J134004-235850,9.000000000018,34.322380607426595
WALLABY J134004-235850,15.00000000003,21.624827269401525
WALLABY J134004-235850,21.000000000042,20.489825758640134
WALLABY J134004-235850,27.000000000054,14.413844037940013
WALLABY J134004-235850,33.000000000066,6.3790797915856325
WALLABY J134004-235850,39.000000000078,2.908317230256423
WALLABY J134004-235850,45.00000000009,1.376842073028655
WALLABY J134004-235850,51.000000000102006,0.7398506026866266
WALLABY J134004-235850,57.000000000114,0.6515605903804134
WALLABY J134004-235850,63.00000000012601,0.5424381306742443
WALLABY J134004-235850,69.000000000138,0.3563984940153986
WALLABY J134004-235850,75.00000000015001,0.30654916795014986
WALLABY J134004-235850,81.000000000162,0.08918109806666295
WALLABY J134015-153211,3.000000000006,23.468589891358658
WALLABY J134015-153211,9.000000000018,20.10922497285937
WALLABY J134015-153211,15.00000000003,14.066782488248037
WALLABY J134015-153211,21.000000000042,14.563985374059587
WALLABY J134015-153211,27.000000000054,7.730543244768642
WALLABY J134015-153211,33.000000000066,3.730526344445353
WALLABY J134015-153211,39.000000000078,2.1171494118825493
WALLABY J134015-153211,45.00000000009,0.03515772880369806
WALLABY J134015-153211,51.000000000102006,0.02883999920356135
WALLABY J134015-153211,57.000000000114,0.03603882390969617
WALLABY J134017-200502,3.000000000006,31.8139782429322
WALLABY J134017-200502,9.000000000018,25.844630093008114
WALLABY J134017-200502,15.00000000003,23.03251553624439
WALLABY J134017-200502,21.000000000042,23.13473120842488
WALLABY J134017-200502,27.000000000054,17.670424053643206
WALLABY J134017-200502,33.000000000066,9.866987201173302
WALLABY J134017-200502,39.000000000078,6.459701825077232
WALLABY J134017-200502,45.00000000009,3.4393494954596764
WALLABY J134017-200502,51.000000000102006,1.1445355868935003
WALLABY J134017-200502,57.000000000114,0.16443409587992788
WALLABY J134017-200502,63.00000000012601,0.02295553901358394
WALLABY J134018-200556,3.000000000006,39.06014448450082
WALLABY J134018-200556,9.000000000018,29.77084004479601
WALLABY J134018-200556,15.00000000003,26.274008447715836
WALLABY J134018-200556,21.000000000042,26.92342834247934
WALLABY J134018-200556,27.000000000054,23.377972525529128
WALLABY J134018-200556,33.000000000066,18.87303067341144
WALLABY J134018-200556,39.000000000078,11.99646709583537
WALLABY J134018-200556,45.00000000009,8.753797701727839
WALLABY J134018-200556,51.000000000102006,6.97729045532975
WALLABY J134018-200556,57.000000000114,4.777802401312117
WALLABY J134018-200556,63.00000000012601,2.029748153945402
WALLABY J134018-200556,69.000000000138,0.162219787922003
WALLABY J134018-200556,75.00000000015001,0.20218891996749325
WALLABY J134018-200556,81.000000000162,0.2790252464782223
WALLABY J134018-200556,87.000000000174,0.20730012716040144
WALLABY J134018-200556,93.000000000186,0.1473675010895784
WALLABY J134018-200556,99.000000000198,0.07105802660060168
WALLABY J134018-200556,105.00000000021001,0.054149811534930904
WALLABY J134018-211518,3.000000000006,38.97620972328736
WALLABY J134018-211518,9.000000000018,37.32271633426319
WALLABY J134018-211518,15.00000000003,38.03173173151452
WALLABY J134018-211518,21.000000000042,27.829375922182315
WALLABY J134018-211518,27.000000000054,17.257449147205705
WALLABY J134018-211518,33.000000000066,9.513165249656323
WALLABY J134018-211518,39.000000000078,6.120403998877584
WALLABY J134018-211518,45.00000000009,2.4744618185462155
WALLABY J134018-211518,51.000000000102006,1.4522320455969142
WALLABY J134018-211518,57.000000000114,0.3613701130334949
WALLABY J134018-211518,63.00000000012601,0.22176097982794818
WALLABY J134018-211518,69.000000000138,0.2079531617909384
WALLABY J134018-211518,75.00000000015001,0.17434896434971206
WALLABY J134018-211518,81.000000000162,0.13549986742630266
WALLABY J134018-211518,87.000000000174,0.03314788212170594
WALLABY J134018-211518,93.000000000186,0.0070365919920858545
WALLABY J134019-235122,3.000000000006,34.86058935025023
WALLABY J134019-235122,9.000000000018,35.19643345072152
WALLABY J134019-235122,15.00000000003,46.58325409940796
WALLABY J134019-235122,21.000000000042,53.29790155940337
WALLABY J134019-235122,27.000000000054,60.56888969192015
WALLABY J134019-235122,33.000000000066,59.47386397382444
WALLABY J134019-235122,39.000000000078,52.02440933084737
WALLABY J134019-235122,45.00000000009,48.772911928091546
WALLABY J134019-235122,51.000000000102006,33.89578271238217
WALLABY J134019-235122,57.000000000114,25.336593965440137
WALLABY J134019-235122,63.00000000012601,13.906213704932837
WALLABY J134019-235122,69.000000000138,8.568756168966193
WALLABY J134019-235122,75.00000000015001,5.242801598814672
WALLABY J134019-235122,81.000000000162,2.553276046125324
WALLABY J134019-235122,87.000000000174,2.8461406052336584
WALLABY J134019-235122,93.000000000186,1.9364156292651582
WALLABY J134019-235122,99.000000000198,1.3542085987105645
WALLABY J134019-235122,105.00000000021001,0.5446411097736582
WALLABY J134019-235122,111.000000000222,0.13935635806754526
WALLABY J134019-235122,117.000000000234,0.009010510524533848
WALLABY J134024-233429,3.000000000006,18.02246998494444
WALLABY J134024-233429,9.000000000018,21.78899791665624
WALLABY J134024-233429,15.00000000003,15.999530636095525
WALLABY J134024-233429,21.000000000042,12.622787732420761
WALLABY J134024-233429,27.000000000054,7.8548115678623365
WALLABY J134024-233429,33.000000000066,3.813897908650767
WALLABY J134024-233429,39.000000000078,1.2032738417724598
WALLABY J134024-233429,45.00000000009,0.43985241522732477
WALLABY J134030-172613,3.000000000006,32.282405770648204
WALLABY J134030-172613,9.000000000018,34.158466680842544
WALLABY J134030-172613,15.00000000003,27.873898035426116
WALLABY J134030-172613,21.000000000042,23.531827565197723
WALLABY J134030-172613,27.000000000054,15.578301335301461
WALLABY J134030-172613,33.000000000066,10.738336072486199
WALLABY J134030-172613,39.000000000078,7.6816133764547025
WALLABY J134030-172613,45.00000000009,5.212362000062371
WALLABY J134030-172613,51.000000000102006,3.61630746995562
WALLABY J134030-172613,57.000000000114,1.9709997199456715
WALLABY J134030-172613,63.00000000012601,1.0491798161632147
WALLABY J134030-172613,69.000000000138,0.16044250386647751
WALLABY J134034-183340,3.000000000006,23.043723387597055
WALLABY J134034-183340,9.000000000018,31.23400485525675
WALLABY J134034-183340,15.00000000003,20.019839426118793
WALLABY J134034-183340,21.000000000042,9.318436519186353
WALLABY J134034-183340,27.000000000054,3.7688108009343
WALLABY J134034-183340,33.000000000066,1.3401696385463855
WALLABY J134034-183340,39.000000000078,0.4245747139289575
WALLABY J134034-183340,45.00000000009,0.07058246122623835
WALLABY J134045-211913,3.000000000006,31.617828971536547
WALLABY J134045-211913,9.000000000018,37.133133398738025
WALLABY J134045-211913,15.00000000003,26.445482313248213
WALLABY J134045-211913,21.000000000042,14.470264520179349
WALLABY J134045-211913,27.000000000054,10.868247436375723
WALLABY J134045-211913,33.000000000066,7.500110357550452
WALLABY J134045-211913,39.000000000078,3.2976967081000095
WALLABY J134045-211913,45.00000000009,1.5728133904508117
WALLABY J134045-211913,51.000000000102006,1.0813145439831169
WALLABY J134045-211913,57.000000000114,1.0415156681475997
WALLABY J134045-211913,63.00000000012601,0.7509579951530897
WALLABY J134045-211913,69.000000000138,0.34862451605177036
WALLABY J134045-211913,75.00000000015001,0.044249447659115704
WALLABY J134056-233626,3.000000000006,58.393892062843555
WALLABY J134056-233626,9.000000000018,46.83392917907248
WALLABY J134056-233626,15.00000000003,32.760706871419295
WALLABY J134056-233626,21.000000000042,22.064674907230735
WALLABY J134056-233626,27.000000000054,19.249400719680096
WALLABY J134056-233626,33.000000000066,11.00108489180482
WALLABY J134056-233626,39.000000000078,5.623474052655059
WALLABY J134056-233626,45.00000000009,2.5589239828649637
WALLABY J134056-233626,51.000000000102006,1.0909026008145297
WALLABY J134056-233626,57.000000000114,0.49148850222466894
WALLABY J134056-233626,63.00000000012601,0.37420454009143467
WALLABY J134056-233626,69.000000000138,0.2440739165995785
WALLABY J134056-233626,75.00000000015001,0.13602239634838603
WALLABY J134056-233626,81.000000000162,0.07260406889294874
WALLABY J134059-191452,3.000000000006,17.42052018534759
WALLABY J134059-191452,9.000000000018,18.50852329083498
WALLABY J134059-191452,15.00000000003,15.393026999283533
WALLABY J134059-191452,21.000000000042,12.141798246063688
WALLABY J134059-191452,27.000000000054,9.531468461307206
WALLABY J134059-191452,33.000000000066,8.00684108249152
WALLABY J134059-191452,39.000000000078,4.352095626150772
WALLABY J134059-191452,45.00000000009,3.0408322009085698
WALLABY J134059-191452,51.000000000102006,2.764670593579111
WALLABY J134059-191452,57.000000000114,0.5872653531369376
WALLABY J134059-191452,63.00000000012601,0.6222797026670099
WALLABY J134059-191452,69.000000000138,0.12271005639451513
WALLABY J134059-191452,75.00000000015001,0.05739461251878937
WALLABY J134059-191452,81.000000000162,0.00017785418699415252
WALLABY J134115-145751,3.000000000006,28.62888368415488
WALLABY J134115-145751,9.000000000018,38.320362974030374
WALLABY J134115-145751,15.00000000003,23.312512142432126
WALLABY J134115-145751,21.000000000042,16.203657190673223
WALLABY J134115-145751,27.000000000054,15.283494885215067
WALLABY J134115-145751,33.000000000066,10.017952400190971
WALLABY J134115-145751,39.000000000078,6.413785072121308
WALLABY J134115-145751,45.00000000009,2.605543055865465
WALLABY J134115-145751,51.000000000102006,0.4704952984164934
WALLABY J134115-145751,57.000000000114,0.4175404712615207
WALLABY J134115-145751,63.00000000012601,0.3310990953762269
WALLABY J134115-145751,69.000000000138,0.21291710644113288
WALLABY J134115-145751,75.00000000015001,0.1486544959065798
WALLABY J134115-145751,81.000000000162,0.1285330988329886
WALLABY J134115-145751,87.000000000174,0.18487598049194526
WALLABY J134115-145751,93.000000000186,0.17248033478978714
WALLABY J134115-145751,99.000000000198,0.03916705312997871
WALLABY J134115-145751,105.00000000021001,0.1438403859308963
WALLABY J134123-164916,3.000000000006,5.452735711967587
WALLABY J134123-164916,9.000000000018,10.8106436184419
WALLABY J134123-164916,15.00000000003,11.453909291916473
WALLABY J134123-164916,21.000000000042,10.629039487452154
WALLABY J134123-164916,27.000000000054,8.523682035631479
WALLABY J134123-164916,33.000000000066,6.5999067740909
WALLABY J134123-164916,39.000000000078,4.376619134314947
WALLABY J134123-164916,45.00000000009,3.2323178885651602
WALLABY J134123-164916,51.000000000102006,1.0493974134543105
WALLABY J134123-164916,57.000000000114,0.21908900172517284
WALLABY J134123-164916,63.00000000012601,0.0016309838232171278
WALLABY J134128-192219,3.000000000006,101.66442500247582
WALLABY J134128-192219,9.000000000018,54.95136986665589
WALLABY J134128-192219,15.00000000003,69.41802272735644
WALLABY J134128-192219,21.000000000042,69.88685531540565
WALLABY J134128-192219,27.000000000054,33.22949079671971
WALLABY J134128-192219,33.000000000066,34.40606537094019
WALLABY J134128-192219,39.000000000078,24.16914614996018
WALLABY J134128-192219,45.00000000009,13.008952385962775
WALLABY J134128-192219,51.000000000102006,5.463767906181813
WALLABY J134128-192219,57.000000000114,2.257512515164058
WALLABY J134128-192219,63.00000000012601,0.6183960127348267
WALLABY J134128-192219,69.000000000138,0.6638759503946153
WALLABY J134128-192219,75.00000000015001,0.2425387876548383
WALLABY J134128-192219,81.000000000162,0.07488206658920955
WALLABY J134138-155809,3.000000000006,36.5608324890422
WALLABY J134138-155809,9.000000000018,24.72476869163753
WALLABY J134138-155809,15.00000000003,20.108406006756585
WALLABY J134138-155809,21.000000000042,17.021933570439653
WALLABY J134138-155809,27.000000000054,8.157649780743364
WALLABY J134138-155809,33.000000000066,3.6004830842284
WALLABY J134138-155809,39.000000000078,0.9455884762871852
WALLABY J134138-155809,45.00000000009,0.12955096335292685
WALLABY J134138-155809,51.000000000102006,0.058872292250066745
WALLABY J134143-183508,3.000000000006,25.44553657446654
WALLABY J134143-183508,9.000000000018,27.728082133603824
WALLABY J134143-183508,15.00000000003,19.138671061517528
WALLABY J134143-183508,21.000000000042,13.853513481410504
WALLABY J134143-183508,27.000000000054,9.411794410148543
WALLABY J134143-183508,33.000000000066,6.653834332606271
WALLABY J134143-183508,39.000000000078,3.006529663236992
WALLABY J134143-183508,45.00000000009,1.8286953443872682
WALLABY J134143-183508,51.000000000102006,0.3144818954242563
WALLABY J134143-183508,57.000000000114,0.051500649316741254
WALLABY J134143-183508,63.00000000012601,0.010400648348434316
WALLABY J134145-191825,3.000000000006,19.03899425569759
WALLABY J134145-191825,9.000000000018,38.7884202886287
WALLABY J134145-191825,15.00000000003,28.54307929273023
WALLABY J134145-191825,21.000000000042,20.70733823793322
WALLABY J134145-191825,27.000000000054,14.726566244739775
WALLABY J134145-191825,33.000000000066,10.588249596852927
WALLABY J134145-191825,39.000000000078,6.745264961493438
WALLABY J134145-191825,45.00000000009,3.975310411503289
WALLABY J134145-191825,51.000000000102006,2.5582819966152845
WALLABY J134145-191825,57.000000000114,1.0538745896044133
WALLABY J134145-191825,63.00000000012601,0.5221757804988831
WALLABY J134145-191825,69.000000000138,0.14704571684321013
WALLABY J134145-191825,75.00000000015001,0.0527204121922717
WALLABY J134150-175703,3.000000000006,27.264259783639304
WALLABY J134150-175703,9.000000000018,23.032113662529664
WALLABY J134150-175703,15.00000000003,19.115351952457967
WALLABY J134150-175703,21.000000000042,12.29880414903515
WALLABY J134150-175703,27.000000000054,3.7148959889592246
WALLABY J134150-175703,33.000000000066,0.9438042750215713
WALLABY J134150-175703,39.000000000078,0.15016486308089375
WALLABY J134150-175703,45.00000000009,0.023617188633738042
WALLABY J134201-221411,3.000000000006,21.869540136962854
WALLABY J134201-221411,9.000000000018,31.605458312801627
WALLABY J134201-221411,15.00000000003,28.249906661370332
WALLABY J134201-221411,21.000000000042,17.594748862043254
WALLABY J134201-221411,27.000000000054,13.004854402880863
WALLABY J134201-221411,33.000000000066,8.56468097117714
WALLABY J134201-221411,39.000000000078,2.1164599273936733
WALLABY J134201-221411,45.00000000009,0.553505010215073
WALLABY J134201-221411,51.000000000102006,0.17647423194473072
WALLABY J134219-211125,3.000000000006,21.058289865584506
WALLABY J134219-211125,9.000000000018,24.278393489319917
WALLABY J134219-211125,15.00000000003,13.183972881469684
WALLABY J134219-211125,21.000000000042,14.19744534178759
WALLABY J134219-211125,27.000000000054,8.101979030955778
WALLABY J134219-211125,33.000000000066,5.504583633495562
WALLABY J134219-211125,39.000000000078,2.976110245701274
WALLABY J134219-211125,45.00000000009,1.559705827525201
WALLABY J134219-211125,51.000000000102006,0.1206337206657032
WALLABY J134219-211125,57.000000000114,0.10907760151314051
WALLABY J134219-211125,63.00000000012601,0.07787720115514549
WALLABY J134221-150432,3.000000000006,12.247822094432092
WALLABY J134221-150432,9.000000000018,24.567220343956368
WALLABY J134221-150432,15.00000000003,16.12059982375529
WALLABY J134221-150432,21.000000000042,14.63609740788538
WALLABY J134221-150432,27.000000000054,10.765197139974102
WALLABY J134221-150432,33.000000000066,5.4981989106430795
WALLABY J134221-150432,39.000000000078,3.595304356137256
WALLABY J134221-150432,45.00000000009,1.157555653731789
WALLABY J134221-150432,51.000000000102006,0.16035868531337039
WALLABY J134221-150432,57.000000000114,0.06363829312284476
WALLABY J134221-150432,63.00000000012601,0.1124095227237987
WALLABY J134221-150432,69.000000000138,0.0158372428518989
WALLABY J134221-150432,75.00000000015001,0.02275731537559107
WALLABY J134230-171445,3.000000000006,36.058988640266996
WALLABY J134230-171445,9.000000000018,22.190278894629767
WALLABY J134230-171445,15.00000000003,21.57607165891038
WALLABY J134230-171445,21.000000000042,17.719427804920276
WALLABY J134230-171445,27.000000000054,12.414271806978805
WALLABY J134230-171445,33.000000000066,8.633453565248656
WALLABY J134230-171445,39.000000000078,4.78216781469572
WALLABY J134230-171445,45.00000000009,2.3333633313481434
WALLABY J134230-171445,51.000000000102006,0.06803598306069733
WALLABY J134230-171445,57.000000000114,0.5357075337998751
WALLABY J134230-171445,63.00000000012601,0.5596833574909205
WALLABY J134230-171445,69.000000000138,0.10389728140932317
WALLABY J134230-171445,75.00000000015001,0.07738419088117322
WALLABY J134241-233218,3.000000000006,39.26480649892599
WALLABY J134241-233218,9.000000000018,43.038233742446494
WALLABY J134241-233218,15.00000000003,32.25957970343167
WALLABY J134241-233218,21.000000000042,22.396633954342015
WALLABY J134241-233218,27.000000000054,17.07553972402627
WALLABY J134241-233218,33.000000000066,9.01059585081311
WALLABY J134241-233218,39.000000000078,2.3164293095855095
WALLABY J134241-233218,45.00000000009,0.32342429894690633
WALLABY J134241-233218,51.000000000102006,0.17120044447876592
WALLABY J134241-233218,57.000000000114,0.4303364649745504
WALLABY J134241-233218,63.00000000012601,0.35742886027088105
WALLABY J134241-233218,69.000000000138,0.25618883540518195
WALLABY J134241-233218,75.00000000015001,0.13459913063606335
WALLABY J134247-193454,3.000000000006,63.50061180809151
WALLABY J134247-193454,9.000000000018,78.88297908010865
WALLABY J134247-193454,15.00000000003,69.64517340777196
WALLABY J134247-193454,21.000000000042,65.80693498957763
WALLABY J134247-193454,27.000000000054,49.61514185382197
WALLABY J134247-193454,33.000000000066,37.576945384630825
WALLABY J134247-193454,39.000000000078,25.5624578620587
WALLABY J134247-193454,45.00000000009,15.358708560260212
WALLABY J134247-193454,51.000000000102006,7.864692634246147
WALLABY J134247-193454,57.000000000114,3.649930867558627
WALLABY J134247-193454,63.00000000012601,2.53379075224244
WALLABY J134247-193454,69.000000000138,0.8341193849914064
WALLABY J134247-193454,75.00000000015001,0.7574268839798767
WALLABY J134247-193454,81.000000000162,0.989573725317037
WALLABY J134247-193454,87.000000000174,0.5830102109588585
WALLABY J134247-193454,93.000000000186,0.3498971481365787
WALLABY J134247-193454,99.000000000198,0.20920032991405446
WALLABY J134247-193454,105.00000000021001,0.11198436737972915
WALLABY J134247-193454,111.000000000222,0.05176395033245207
WALLABY J134248-171356,3.000000000006,27.867345587044767
WALLABY J134248-171356,9.000000000018,29.954158499461105
WALLABY J134248-171356,15.00000000003,26.410071158707694
WALLABY J134248-171356,21.000000000042,18.134373028863525
WALLABY J134248-171356,27.000000000054,14.561057685414395
WALLABY J134248-171356,33.000000000066,7.4685708521227845
WALLABY J134248-171356,39.000000000078,4.467638543947264
WALLABY J134248-171356,45.00000000009,2.315115236930434
WALLABY J134248-171356,51.000000000102006,0.6366763319859853
WALLABY J134248-171356,57.000000000114,0.12968583467574527
WALLABY J134248-171356,63.00000000012601,0.2372229789688882
WALLABY J134248-171356,69.000000000138,0.010367165786036447
WALLABY J134248-171356,75.00000000015001,0.022277773359305714
WALLABY J134249-182801,3.000000000006,60.259138000912145
WALLABY J134249-182801,9.000000000018,54.441545028969664
WALLABY J134249-182801,15.00000000003,36.014140828910584
WALLABY J134249-182801,21.000000000042,26.43847429149014
WALLABY J134249-182801,27.000000000054,19.713444034228136
WALLABY J134249-182801,33.000000000066,13.304192042198421
WALLABY J134249-182801,39.000000000078,8.431309720982199
WALLABY J134249-182801,45.00000000009,5.490567292168458
WALLABY J134249-182801,51.000000000102006,3.7771783872154687
WALLABY J134249-182801,57.000000000114,2.1632417797404555
WALLABY J134249-182801,63.00000000012601,0.4218446893157601
WALLABY J134249-182801,69.000000000138,0.0009634931378207047
WALLABY J134250-184550,3.000000000006,43.13557460782993
WALLABY J134250-184550,9.000000000018,27.0939327872568
WALLABY J134250-184550,15.00000000003,20.13622563370764
WALLABY J134250-184550,21.000000000042,16.70525973019013
WALLABY J134250-184550,27.000000000054,9.320655448350179
WALLABY J134250-184550,33.000000000066,4.058405547434942
WALLABY J134250-184550,39.000000000078,1.15667635315621
WALLABY J134250-184550,45.00000000009,0.5855773302164534
WALLABY J134250-184550,51.000000000102006,0.36014380380162225
WALLABY J134250-184550,57.000000000114,0.2473284904123505
WALLABY J134250-184550,63.00000000012601,0.10279940801382437
WALLABY J134250-184928,3.000000000006,36.769493452741415
WALLABY J134250-184928,9.000000000018,22.70928062832436
WALLABY J134250-184928,15.00000000003,25.48457732863426
WALLABY J134250-184928,21.000000000042,17.691062402729187
WALLABY J134250-184928,27.000000000054,12.568641592617785
WALLABY J134250-184928,33.000000000066,6.019378394833314
WALLABY J134250-184928,39.000000000078,4.011447090618264
WALLABY J134250-184928,45.00000000009,1.9884564617881146
WALLABY J134250-184928,51.000000000102006,0.8864157263344228
WALLABY J134250-184928,57.000000000114,0.09066895094295198
WALLABY J134259-182447,3.000000000006,9.172625785339775
WALLABY J134259-182447,9.000000000018,4.0873704857678765
WALLABY J134259-182447,15.00000000003,6.032756698472458
WALLABY J134259-182447,21.000000000042,3.5325362256958908
WALLABY J134259-182447,27.000000000054,4.453696180198775
WALLABY J134259-182447,33.000000000066,2.2907541116558505
WALLABY J134259-182447,39.000000000078,1.1088381919336183
WALLABY J134259-182447,45.00000000009,0.566263653208013
WALLABY J134259-182447,51.000000000102006,0.30698518651298606
WALLABY J134259-182447,57.000000000114,0.19547249595501937
WALLABY J134259-182447,63.00000000012601,0.0643527847374698
WALLABY J134306-193556,3.000000000006,29.030528219325113
WALLABY J134306-193556,9.000000000018,32.43987334782896
WALLABY J134306-193556,15.00000000003,23.10690182116966
WALLABY J134306-193556,21.000000000042,23.75531887166159
WALLABY J134306-193556,27.000000000054,17.05767205409328
WALLABY J134306-193556,33.000000000066,9.854207440426196
WALLABY J134306-193556,39.000000000078,6.9311640557868115
WALLABY J134306-193556,45.00000000009,3.1515458371712977
WALLABY J134306-193556,51.000000000102006,1.3126097776501633
WALLABY J134306-193556,57.000000000114,0.4524096076748368
WALLABY J134306-193556,63.00000000012601,0.1768782703005654
WALLABY J134308-201304,3.000000000006,48.971265568556234
WALLABY J134308-201304,9.000000000018,27.767997511764804
WALLABY J134308-201304,15.00000000003,31.101035636441505
WALLABY J134308-201304,21.000000000042,31.939542474695152
WALLABY J134308-201304,27.000000000054,20.080212667832097
WALLABY J134308-201304,33.000000000066,21.44982249196648
WALLABY J134308-201304,39.000000000078,12.769422544945721
WALLABY J134308-201304,45.00000000009,12.7289247442949
WALLABY J134308-201304,51.000000000102006,9.059616887451666
WALLABY J134308-201304,57.000000000114,5.587167710901423
WALLABY J134308-201304,63.00000000012601,5.077991404231187
WALLABY J134308-201304,69.000000000138,5.369156919279496
WALLABY J134308-201304,75.00000000015001,1.6814627850466286
WALLABY J134308-201304,81.000000000162,0.9986515144060822
WALLABY J134308-201304,87.000000000174,0.43506093008503527
WALLABY J134308-201304,93.000000000186,0.17819766690334193
WALLABY J134308-201304,99.000000000198,0.10812436293450903
WALLABY J134308-201304,105.00000000021001,0.10844805428348138
WALLABY J134308-201304,111.000000000222,0.10733798757371664
WALLABY J134308-201304,117.000000000234,0.08855806372270475
WALLABY J134308-201304,123.000000000246,0.11816417629118338
WALLABY J134308-201304,129.000000000258,0.10964911387763579
WALLABY J134308-201304,135.00000000027,0.09424659218547589
WALLABY J134437-235646,3.000000000006,29.76391824676782
WALLABY J134437-235646,9.000000000018,30.967527503895468
WALLABY J134437-235646,15.00000000003,24.533501016592307
WALLABY J134437-235646,21.000000000042,15.343396045240082
WALLABY J134437-235646,27.000000000054,15.717649306946061
WALLABY J134437-235646,33.000000000066,8.343063713937498
WALLABY J134437-235646,39.000000000078,5.173196516997289
WALLABY J134437-235646,45.00000000009,2.1308249305292337
WALLABY J134437-235646,51.000000000102006,0.9496129444338973
WALLABY J134437-235646,57.000000000114,0.043997084933173086
WALLABY J134437-235646,63.00000000012601,0.04969178247947718
WALLABY J134447-230014,3.000000000006,26.845812106148344
WALLABY J134447-230014,9.000000000018,32.32997581770298
WALLABY J134447-230014,15.00000000003,29.851527400157703
WALLABY J134447-230014,21.000000000042,18.59129881676276
WALLABY J134447-230014,27.000000000054,11.293305372819248
WALLABY J134447-230014,33.000000000066,7.895061508943502
WALLABY J134447-230014,39.000000000078,3.5693551643608195
WALLABY J134447-230014,45.00000000009,2.24088593223851
WALLABY J134447-230014,51.000000000102006,0.4391545134918116
WALLABY J134447-230014,57.000000000114,0.24466654201409752
WALLABY J134447-230014,63.00000000012601,0.27932193921983106
WALLABY J134447-230014,69.000000000138,0.1576560730636267
WALLABY J134447-230014,75.00000000015001,0.015232877445731777
WALLABY J134455-201659,3.000000000006,15.362932342567342
WALLABY J134455-201659,9.000000000018,17.895100482385235
WALLABY J134455-201659,15.00000000003,12.471642044060902
WALLABY J134455-201659,21.000000000042,9.136972236420252
WALLABY J134455-201659,27.000000000054,4.898208322403751
WALLABY J134455-201659,33.000000000066,1.1520039773033621
WALLABY J134455-201659,39.000000000078,0.3038759276224761
WALLABY J134455-201659,45.00000000009,0.05313986338476611
WALLABY J134510-222447,3.000000000006,28.46947401716924
WALLABY J134510-222447,9.000000000018,30.243931394323923
WALLABY J134510-222447,15.00000000003,22.208260962454876
WALLABY J134510-222447,21.000000000042,15.702327685257993
WALLABY J134510-222447,27.000000000054,14.722691565557744
WALLABY J134510-222447,33.000000000066,7.260747549415927
WALLABY J134510-222447,39.000000000078,1.685648297817888
WALLABY J134510-222447,45.00000000009,0.623024273795235
WALLABY J134510-222447,51.000000000102006,0.6545558193642439
WALLABY J134510-222447,57.000000000114,0.055742155295351106
WALLABY J134510-222447,63.00000000012601,0.02985188766055338
WALLABY J134514-151038,3.000000000006,25.117265472939856
WALLABY J134514-151038,9.000000000018,54.04421820772095
WALLABY J134514-151038,15.00000000003,40.814697995589995
WALLABY J134514-151038,21.000000000042,29.91777440860584
WALLABY J134514-151038,27.000000000054,25.969517176898908
WALLABY J134514-151038,33.000000000066,11.74683489702819
WALLABY J134514-151038,39.000000000078,6.979604591208285
WALLABY J134514-151038,45.00000000009,2.27935553797711
WALLABY J134514-151038,51.000000000102006,0.7428086107943612
WALLABY J134514-151038,57.000000000114,0.1208430033935079
WALLABY J134514-151038,63.00000000012601,0.09698385167660277
WALLABY J134533-145830,3.000000000006,61.276574312727796
WALLABY J134533-145830,9.000000000018,37.99370224559867
WALLABY J134533-145830,15.00000000003,60.7017199039247
WALLABY J134533-145830,21.000000000042,50.54695689513152
WALLABY J134533-145830,27.000000000054,44.61890895754038
WALLABY J134533-145830,33.000000000066,50.51577879979519
WALLABY J134533-145830,39.000000000078,36.487290595561056
WALLABY J134533-145830,45.00000000009,29.05344849480682
WALLABY J134533-145830,51.000000000102006,22.678285581052812
WALLABY J134533-145830,57.000000000114,15.058703329396218
WALLABY J134533-145830,63.00000000012601,9.721968457675672
WALLABY J134533-145830,69.000000000138,6.260624342415328
WALLABY J134533-145830,75.00000000015001,3.392113111578184
WALLABY J134533-145830,81.000000000162,1.6445977156706268
WALLABY J134533-145830,87.000000000174,0.7289691720189246
WALLABY J134533-145830,93.000000000186,0.2665204481956801
WALLABY J134533-145830,99.000000000198,0.3167449296293606
WALLABY J134533-145830,105.00000000021001,0.15238698597925335
WALLABY J134533-145830,111.000000000222,0.00978532760354838
WALLABY J134737-201752,3.000000000006,72.80362276785868
WALLABY J134737-201752,9.000000000018,59.470083247177904
WALLABY J134737-201752,15.00000000003,48.64420958635284
WALLABY J134737-201752,21.000000000042,31.98083827544597
WALLABY J134737-201752,27.000000000054,21.51984947225422
WALLABY J134737-201752,33.000000000066,13.758229739253022
WALLABY J134737-201752,39.000000000078,7.261327057444049
WALLABY J134737-201752,45.00000000009,1.9370848631866375
WALLABY J134737-201752,51.000000000102006,0.008050677012022906
