galaxy_id,team_release,field_id,shard_index,status,reason,response_products_used,n_profile_annuli,profile_q_source,profile_rmax_arcsec,moment0_shape,mask_shape,n_mask_finite_pixels,pixel_scale_arcsec,moment0_inside_mask_sum,moment0_inside_mask_negative_pixels,mom0_url,mask_url,mom0_sha256,mask_sha256,mom0_bytes,mask_bytes
WALLABY J124747+042017,NGC 4808 TR1,NGC4808,21,pass,,False,36,0.8351657230610481,216.000000000432,84x72,65x84x72,2346,6.000000000012,3335993.25,91,https://ws.cadc-ccda.hia-iha.nrc-cnrc.gc.ca/data/pub/WALLABY/WALLABY_J124747+042017_NGC_4808_TR1_mom0.fits,https://ws.cadc-ccda.hia-iha.nrc-cnrc.gc.ca/data/pub/WALLABY/WALLABY_J124747+042017_NGC_4808_TR1_mask.fits,635dbffc357218ee52146af8709d677337e7fdd828878a0095588f5d66ebdf28,f2de19637210cf0a3a7ff5f9359539c02342ca33433312083d0ec86a8b9ff2e7,37440,406080
WALLABY J124805+065910,NGC 4808 TR1,NGC4808,18,profile_rejected,negative source annular moment-0 weight; no clipping is allowed,False,,,,36x37,70x36x37,205,6.000000000012,194657.703125,15,https://ws.cadc-ccda.hia-iha.nrc-cnrc.gc.ca/data/pub/WALLABY/WALLABY_J124805+065910_NGC_4808_TR1_mom0.fits,https://ws.cadc-ccda.hia-iha.nrc-cnrc.gc.ca/data/pub/WALLABY/WALLABY_J124805+065910_NGC_4808_TR1_mask.fits,c5bd7b90380a99f4884832ffcd1f8e76d24b2090ab392e4de8e9ebd65c35c888,389db6610621ec8d3962f2ba6f960576d71a394a8e0476f4ea2fd71f7a347635,17280,106560
WALLABY J124822+082925,NGC 4808 TR1,NGC4808,3,profile_rejected,negative source annular moment-0 weight; no clipping is allowed,False,,,,127x69,160x127x69,3032,6.000000000012,2588630.5,128,https://ws.cadc-ccda.hia-iha.nrc-cnrc.gc.ca/data/pub/WALLABY/WALLABY_J124822+082925_NGC_4808_TR1_mom0.fits,https://ws.cadc-ccda.hia-iha.nrc-cnrc.gc.ca/data/pub/WALLABY/WALLABY_J124822+082925_NGC_4808_TR1_mask.fits,2228951a6d0cb10900a72aa518c444ab2264d0cf686e567f9ca8c5b5bf3c410e,28e0f82f8a5da2731e90764401b92123ca39ed9674d3739527a53d2f3626fa2f,48960,1414080
WALLABY J124911+032310,NGC 4808 TR1,NGC4808,15,pass,,False,52,0.7845395032135449,312.000000000624,102x103,94x102x103,4652,6.000000000012,5304761.0,122,https://ws.cadc-ccda.hia-iha.nrc-cnrc.gc.ca/data/pub/WALLABY/WALLABY_J124911+032310_NGC_4808_TR1_mom0.fits,https://ws.cadc-ccda.hia-iha.nrc-cnrc.gc.ca/data/pub/WALLABY/WALLABY_J124911+032310_NGC_4808_TR1_mask.fits,1c504c97d70e1980c6d7293a60dbdbfaa0fd9834aa8034f627fdb4158d4a7955,19fa9f265e8d13b05def73a6d7ec42ab9996ce940fff0d8aaea71c2f5eac2506,54720,999360
WALLABY J124923+050820,NGC 4808 TR1,NGC4808,1,profile_rejected,negative source annular moment-0 weight; no clipping is allowed,False,,,,38x37,94x38x37,205,6.000000000012,110671.03125,23,https://ws.cadc-ccda.hia-iha.nrc-cnrc.gc.ca/data/pub/WALLABY/WALLABY_J124923+050820_NGC_4808_TR1_mom0.fits,https://ws.cadc-ccda.hia-iha.nrc-cnrc.gc.ca/data/pub/WALLABY/WALLABY_J124923+050820_NGC_4808_TR1_mask.fits,7cd0bf8e192427a2672bc175d32c11f8c2b663bbbc802faaadad26db3a9c747e,0e40cf10491bd23951dc5504a3500738b035e638d91322c386ccb9d5f3b9098d,17280,144000
WALLABY J124935+033620,NGC 4808 TR1,NGC4808,19,pass,,False,11,0.8780879841184608,66.000000000132,36x39,73x36x39,214,6.000000000012,113134.140625,29,https://ws.cadc-ccda.hia-iha.nrc-cnrc.gc.ca/data/pub/WALLABY/WALLABY_J124935+033620_NGC_4808_TR1_mom0.fits,https://ws.cadc-ccda.hia-iha.nrc-cnrc.gc.ca/data/pub/WALLABY/WALLABY_J124935+033620_NGC_4808_TR1_mask.fits,2127d472eebd7912f052c796201e697b8844052db1d078b42c8af1a5aff1e93d,2ef851188df5154fc82e169c68291a4cb8a1bee0492c9d5d4ea014de60eebf0a,17280,115200
WALLABY J124937+074725,NGC 4808 TR1,NGC4808,1,pass,,False,11,0.6121953888111954,66.000000000132,35x32,99x35x32,143,6.000000000012,72650.375,13,https://ws.cadc-ccda.hia-iha.nrc-cnrc.gc.ca/data/pub/WALLABY/WALLABY_J124937+074725_NGC_4808_TR1_mom0.fits,https://ws.cadc-ccda.hia-iha.nrc-cnrc.gc.ca/data/pub/WALLABY/WALLABY_J124937+074725_NGC_4808_TR1_mask.fits,bc78f42926a4c5a541a70258d30fdc48d09201a95a7d1c278ae9996864f61c3d,942a33f2bad746259b54590d9daaf7a210d803ce7d0927ba57194c020ce71ad5,17280,123840
WALLABY J124947+035042,NGC 4808 TR1,NGC4808,10,pass,,False,30,0.7837959657523275,180.00000000036002,67x52,58x67x52,950,6.000000000012,587247.75,72,https://ws.cadc-ccda.hia-iha.nrc-cnrc.gc.ca/data/pub/WALLABY/WALLABY_J124947+035042_NGC_4808_TR1_mom0.fits,https://ws.cadc-ccda.hia-iha.nrc-cnrc.gc.ca/data/pub/WALLABY/WALLABY_J124947+035042_NGC_4808_TR1_mask.fits,56627549ff7aef3cdbe9bea04c5e71026a62dc7cc9ad223910f1802523545c14,35eaf5856d92f78ee81e85fee4ddf405fdf89dcb771e537e3d56322ed2eb0fef,25920,216000
WALLABY J124950+025100,NGC 4808 TR1,NGC4808,2,profile_rejected,negative source annular moment-0 weight; no clipping is allowed,False,,,,59x37,93x59x37,524,6.000000000012,678428.5625,94,https://ws.cadc-ccda.hia-iha.nrc-cnrc.gc.ca/data/pub/WALLABY/WALLABY_J124950+025100_NGC_4808_TR1_mom0.fits,https://ws.cadc-ccda.hia-iha.nrc-cnrc.gc.ca/data/pub/WALLABY/WALLABY_J124950+025100_NGC_4808_TR1_mask.fits,91f4956468743b6de969c990f4741593a4c7621eb8faeba6032d272e130a2f47,762bc05035f59273348cce1d0739a3547ddb9164e3b56e4e5cc8d29c2cf3efcc,23040,216000
WALLABY J124957+040438,NGC 4808 TR1,NGC4808,17,pass,,False,11,0.9024691443712405,66.000000000132,36x35,83x36x35,164,6.000000000012,88084.7265625,20,https://ws.cadc-ccda.hia-iha.nrc-cnrc.gc.ca/data/pub/WALLABY/WALLABY_J124957+040438_NGC_4808_TR1_mom0.fits,https://ws.cadc-ccda.hia-iha.nrc-cnrc.gc.ca/data/pub/WALLABY/WALLABY_J124957+040438_NGC_4808_TR1_mask.fits,a6fe2298f5f3b406ca5e0a80b80ae8397caed477df6a0563be6bbcefea968361,fd019f4ef37a2f795c7cecb32e2197a9c6a219e43d077930c402f9b743982d39,17280,118080
WALLABY J124959+054921,NGC 4808 TR1,NGC4808,0,profile_rejected,negative source annular moment-0 weight; no clipping is allowed,False,,,,39x36,62x39x36,222,6.000000000012,83007.109375,31,https://ws.cadc-ccda.hia-iha.nrc-cnrc.gc.ca/data/pub/WALLABY/WALLABY_J124959+054921_NGC_4808_TR1_mom0.fits,https://ws.cadc-ccda.hia-iha.nrc-cnrc.gc.ca/data/pub/WALLABY/WALLABY_J124959+054921_NGC_4808_TR1_mask.fits,838d6b0980e73edb1bcc87eadce94e284953014ca103b5b8c110b0324e52b1ce,c8ab88c29d44be467c954df929c519d06ab710fabc16769542dba79bf45e2286,17280,100800
WALLABY J125012+073442,NGC 4808 TR1,NGC4808,19,pass,,False,31,0.5162392842704804,186.000000000372,47x56,105x47x56,524,6.000000000012,277499.4375,51,https://ws.cadc-ccda.hia-iha.nrc-cnrc.gc.ca/data/pub/WALLABY/WALLABY_J125012+073442_NGC_4808_TR1_mom0.fits,https://ws.cadc-ccda.hia-iha.nrc-cnrc.gc.ca/data/pub/WALLABY/WALLABY_J125012+073442_NGC_4808_TR1_mask.fits,1ca7a9d19e47f4a7104be3feeaa476b3d655f83f30bdaf639f0b0c4b0dbd03fa,38700728a282a690cd985d731cefc6243d1356d608ca3850e5140e5687005b08,23040,288000
WALLABY J125103+072753,NGC 4808 TR1,NGC4808,6,profile_rejected,negative source annular moment-0 weight; no clipping is allowed,False,,,,34x38,112x34x38,186,6.000000000012,57058.921875,33,https://ws.cadc-ccda.hia-iha.nrc-cnrc.gc.ca/data/pub/WALLABY/WALLABY_J125103+072753_NGC_4808_TR1_mom0.fits,https://ws.cadc-ccda.hia-iha.nrc-cnrc.gc.ca/data/pub/WALLABY/WALLABY_J125103+072753_NGC_4808_TR1_mask.fits,26b4e9a5b016e49d7b2131d5fc635d3d6fe531d7a72bff63aa909d5dbcfcceee,92449825f5d1ea6299ae237f86b2593f1e028d9892f46163ee5a395daeeaa4fd,17280,158400
WALLABY J125112+045132,NGC 4808 TR1,NGC4808,16,pass,,False,24,0.8895542124786254,144.000000000288,53x48,108x53x48,590,6.000000000012,347604.75,103,https://ws.cadc-ccda.hia-iha.nrc-cnrc.gc.ca/data/pub/WALLABY/WALLABY_J125112+045132_NGC_4808_TR1_mom0.fits,https://ws.cadc-ccda.hia-iha.nrc-cnrc.gc.ca/data/pub/WALLABY/WALLABY_J125112+045132_NGC_4808_TR1_mask.fits,2af5c86e6f4f8fe716645c095f265c12ea1a96a003433966e90e3dfbbedf0ee7,f2b0adf378a7b360efc794461e96d9ad78a76d0d94c3a1eded14978af874b127,23040,288000
WALLABY J125114+052031,NGC 4808 TR1,NGC4808,8,pass,,False,12,0.8249959138176178,72.000000000144,42x38,62x42x38,304,6.000000000012,137505.953125,19,https://ws.cadc-ccda.hia-iha.nrc-cnrc.gc.ca/data/pub/WALLABY/WALLABY_J125114+052031_NGC_4808_TR1_mom0.fits,https://ws.cadc-ccda.hia-iha.nrc-cnrc.gc.ca/data/pub/WALLABY/WALLABY_J125114+052031_NGC_4808_TR1_mask.fits,fbcb46fdf32e58bc31d5d6fa29ebe2048a6c25633e17a4d6ce53ede2ae2558ba,a2ce8ec8818ea53d6ccd08bbd93bb06bbb55112b578abe94efeced9d01f7aca1,20160,112320
WALLABY J125119+053108,NGC 4808 TR1,NGC4808,18,profile_rejected,negative source annular moment-0 weight; no clipping is allowed,False,,,,35x37,89x35x37,173,6.000000000012,62662.828125,34,https://ws.cadc-ccda.hia-iha.nrc-cnrc.gc.ca/data/pub/WALLABY/WALLABY_J125119+053108_NGC_4808_TR1_mom0.fits,https://ws.cadc-ccda.hia-iha.nrc-cnrc.gc.ca/data/pub/WALLABY/WALLABY_J125119+053108_NGC_4808_TR1_mask.fits,74e09137bcaf24d648b9c919270fad81bcf4c2f3796478c964435fb436f18c8d,4815186fb883e9a46913e145e6bad68e88c99f0da957bd003dbcf8a5d2d5804a,17280,129600
WALLABY J125121+063829,NGC 4808 TR1,NGC4808,3,pass,,False,9,0.9527812470572723,54.000000000108,34x36,62x34x36,177,6.000000000012,61458.71484375,40,https://ws.cadc-ccda.hia-iha.nrc-cnrc.gc.ca/data/pub/WALLABY/WALLABY_J125121+063829_NGC_4808_TR1_mom0.fits,https://ws.cadc-ccda.hia-iha.nrc-cnrc.gc.ca/data/pub/WALLABY/WALLABY_J125121+063829_NGC_4808_TR1_mask.fits,7cbd4efe99b9b651b8435fd525833dd3aff0d364478896ab4297ecefc832419d,567644c5f75bcfd9bfa295751b90a0f15985e3b963662fc058f56aa3c9d145b6,17280,89280
WALLABY J125127+054748,NGC 4808 TR1,NGC4808,20,profile_rejected,negative source annular moment-0 weight; no clipping is allowed,False,,,,42x45,145x42x45,347,6.000000000012,164865.171875,55,https://ws.cadc-ccda.hia-iha.nrc-cnrc.gc.ca/data/pub/WALLABY/WALLABY_J125127+054748_NGC_4808_TR1_mom0.fits,https://ws.cadc-ccda.hia-iha.nrc-cnrc.gc.ca/data/pub/WALLABY/WALLABY_J125127+054748_NGC_4808_TR1_mask.fits,efe8a9cf394262e02bfa4ca5f62d38dc2aca63b3200626b043a39b8b1d258980,beb28bdb173c8dd7997c9e8dff52531743248db43b29ba9a9713d2e41ca39c50,20160,288000
WALLABY J125133+080241,NGC 4808 TR1,NGC4808,10,pass,,False,23,0.5568257003455429,138.000000000276,53x38,77x53x38,429,6.000000000012,190958.984375,39,https://ws.cadc-ccda.hia-iha.nrc-cnrc.gc.ca/data/pub/WALLABY/WALLABY_J125133+080241_NGC_4808_TR1_mom0.fits,https://ws.cadc-ccda.hia-iha.nrc-cnrc.gc.ca/data/pub/WALLABY/WALLABY_J125133+080241_NGC_4808_TR1_mask.fits,19d34244c57b50bcc7c4fd44add72a86683e5da854f50d4c9dbd0cddce4a5785,97f09d7def87b70b311361c877884f576aec407b959841878d53f772720b7e40,20160,167040
WALLABY J125134+055147,NGC 4808 TR1,NGC4808,9,pass,,False,12,0.655645914272237,72.000000000144,34x37,124x34x37,182,6.000000000012,76878.8984375,26,https://ws.cadc-ccda.hia-iha.nrc-cnrc.gc.ca/data/pub/WALLABY/WALLABY_J125134+055147_NGC_4808_TR1_mom0.fits,https://ws.cadc-ccda.hia-iha.nrc-cnrc.gc.ca/data/pub/WALLABY/WALLABY_J125134+055147_NGC_4808_TR1_mask.fits,62ddd2eb53dcbe2541c5024bd97f02839c2e15892d457e67a81444433a1af810,2b9ef74507ec7a2fce4f947e232fbd543562e20afc752ceda4ac6c68537b240b,17280,169920
WALLABY J125156+035954,NGC 4808 TR1,NGC4808,11,pass,,False,18,0.7748036273355249,108.000000000216,43x42,95x43x42,324,6.000000000012,114085.578125,51,https://ws.cadc-ccda.hia-iha.nrc-cnrc.gc.ca/data/pub/WALLABY/WALLABY_J125156+035954_NGC_4808_TR1_mom0.fits,https://ws.cadc-ccda.hia-iha.nrc-cnrc.gc.ca/data/pub/WALLABY/WALLABY_J125156+035954_NGC_4808_TR1_mask.fits,e257a45bc2169377168e3f6f6b1b1fb02d3eee475f6efd2f35f1fd83ecf46d7a,0076c9419e8cf7c737b8e07da2606039cb4a20ca2c1278716275e016ecd7a42a,20160,184320
WALLABY J125211+043045,NGC 4808 TR1,NGC4808,19,profile_rejected,negative source annular moment-0 weight; no clipping is allowed,False,,,,40x35,95x40x35,201,6.000000000012,66449.4375,15,https://ws.cadc-ccda.hia-iha.nrc-cnrc.gc.ca/data/pub/WALLABY/WALLABY_J125211+043045_NGC_4808_TR1_mom0.fits,https://ws.cadc-ccda.hia-iha.nrc-cnrc.gc.ca/data/pub/WALLABY/WALLABY_J125211+043045_NGC_4808_TR1_mask.fits,3db994429e914bc915e872234c1856e780f40e20f9fbb8a2ec1f77a9b9398e72,b6c89426fec6fe4c629ee0c281fb0cc9a8989d5a0b5ca83b0a6c2d8a36006983,17280,146880
WALLABY J125215+042728,NGC 4808 TR1,NGC4808,1,profile_rejected,negative source annular moment-0 weight; no clipping is allowed,False,,,,36x42,56x36x42,282,6.000000000012,160944.5,49,https://ws.cadc-ccda.hia-iha.nrc-cnrc.gc.ca/data/pub/WALLABY/WALLABY_J125215+042728_NGC_4808_TR1_mom0.fits,https://ws.cadc-ccda.hia-iha.nrc-cnrc.gc.ca/data/pub/WALLABY/WALLABY_J125215+042728_NGC_4808_TR1_mask.fits,a118d1b5c5f7e31fa4274b1e73244935c0c90bfbbf4dc64ffdad014acf14f198,a5710ae31b7366b28e2fc78a39d4734c5446125c3bbed017392d3af33925bc63,20160,97920
WALLABY J125224+071046,NGC 4808 TR1,NGC4808,16,profile_rejected,negative source annular moment-0 weight; no clipping is allowed,False,,,,37x38,95x37x38,221,6.000000000012,113581.6953125,33,https://ws.cadc-ccda.hia-iha.nrc-cnrc.gc.ca/data/pub/WALLABY/WALLABY_J125224+071046_NGC_4808_TR1_mom0.fits,https://ws.cadc-ccda.hia-iha.nrc-cnrc.gc.ca/data/pub/WALLABY/WALLABY_J125224+071046_NGC_4808_TR1_mask.fits,f39982ec65c405612e3c498ca79b402c10c037c5a4c5c300398006310e179219,355df314fce1390f20595e2c6cd7313c557c76b3fa7b39cfadcc0ab4b4d0b9e6,17280,146880
WALLABY J125233+031517,NGC 4808 TR1,NGC4808,14,profile_rejected,negative source annular moment-0 weight; no clipping is allowed,False,,,,35x41,104x35x41,220,6.000000000012,100076.484375,34,https://ws.cadc-ccda.hia-iha.nrc-cnrc.gc.ca/data/pub/WALLABY/WALLABY_J125233+031517_NGC_4808_TR1_mom0.fits,https://ws.cadc-ccda.hia-iha.nrc-cnrc.gc.ca/data/pub/WALLABY/WALLABY_J125233+031517_NGC_4808_TR1_mask.fits,1bffc4b6149e343272c31de900c1ad3802cb6110e01af6cd87ea0557a36b7e36,1c5f2e66d3320821e010d5a0a32ff852feaff1f155da2a29874852233355d12e,17280,161280
WALLABY J125243+075643,NGC 4808 TR1,NGC4808,8,pass,,False,16,0.719658548822534,96.000000000192,40x43,90x40x43,298,6.000000000012,106933.390625,38,https://ws.cadc-ccda.hia-iha.nrc-cnrc.gc.ca/data/pub/WALLABY/WALLABY_J125243+075643_NGC_4808_TR1_mom0.fits,https://ws.cadc-ccda.hia-iha.nrc-cnrc.gc.ca/data/pub/WALLABY/WALLABY_J125243+075643_NGC_4808_TR1_mask.fits,0a1e7496e175ce1d6ff38bd04b1476c827cf6cb8afa4fc93d2176b7485fa56df,7d44faa40662fd87b0959087c69ced5da37556818e3292bc0e9381f34bc38419,20160,167040
WALLABY J125258+073025,NGC 4808 TR1,NGC4808,3,profile_rejected,negative source annular moment-0 weight; no clipping is allowed,False,,,,38x41,132x38x41,268,6.000000000012,116077.484375,40,https://ws.cadc-ccda.hia-iha.nrc-cnrc.gc.ca/data/pub/WALLABY/WALLABY_J125258+073025_NGC_4808_TR1_mom0.fits,https://ws.cadc-ccda.hia-iha.nrc-cnrc.gc.ca/data/pub/WALLABY/WALLABY_J125258+073025_NGC_4808_TR1_mask.fits,56e4137374fc01fcf662481875f7c8163eb5e962887548dfd63ca34866cfd4dc,ba5df632f4c10f2e387a7b2edefa4d6fc4dbecc202d9f0951847006210bcd140,20160,218880
WALLABY J125303+070944,NGC 4808 TR1,NGC4808,21,profile_rejected,negative source annular moment-0 weight; no clipping is allowed,False,,,,35x41,68x35x41,227,6.000000000012,67056.3515625,26,https://ws.cadc-ccda.hia-iha.nrc-cnrc.gc.ca/data/pub/WALLABY/WALLABY_J125303+070944_NGC_4808_TR1_mom0.fits,https://ws.cadc-ccda.hia-iha.nrc-cnrc.gc.ca/data/pub/WALLABY/WALLABY_J125303+070944_NGC_4808_TR1_mask.fits,f67f4f537b59d6110cc7f47f4a5e024f23fd6576efec20c96d91aa9bf924ffa0,0a21909d5e0072bfa749bc75ee109651f17d6f2df7dfdda9d677f18871110211,17280,109440
WALLABY J125308+081035,NGC 4808 TR1,NGC4808,19,pass,,False,9,0.7503877389253264,54.000000000108,33x34,64x33x34,138,6.000000000012,34250.8671875,7,https://ws.cadc-ccda.hia-iha.nrc-cnrc.gc.ca/data/pub/WALLABY/WALLABY_J125308+081035_NGC_4808_TR1_mom0.fits,https://ws.cadc-ccda.hia-iha.nrc-cnrc.gc.ca/data/pub/WALLABY/WALLABY_J125308+081035_NGC_4808_TR1_mask.fits,490c667409740ace61b3124f05f8d3fac2317815bf22ada4ae62d7ae99a905d2,c7b2ffadf36c7ba610b0381ff172a8884d52b3f5c43d54b825bf34d8704d2510,17280,83520
WALLABY J125311+032639,NGC 4808 TR1,NGC4808,20,profile_rejected,negative source annular moment-0 weight; no clipping is allowed,False,,,,39x42,54x39x42,332,6.000000000012,128694.390625,36,https://ws.cadc-ccda.hia-iha.nrc-cnrc.gc.ca/data/pub/WALLABY/WALLABY_J125311+032639_NGC_4808_TR1_mom0.fits,https://ws.cadc-ccda.hia-iha.nrc-cnrc.gc.ca/data/pub/WALLABY/WALLABY_J125311+032639_NGC_4808_TR1_mask.fits,c5cbb4829eb410875cefc465becee6539958287ebb24b69904ee016665a024ee,52b4c40c5cb85ce90550d60d0dd936a3285f18d3c98e553ed788d5c5aacb58b5,20160,100800
WALLABY J125313+042746,NGC 4808 TR1,NGC4808,23,profile_rejected,negative source annular moment-0 weight; no clipping is allowed,False,,,,81x73,94x81x73,1847,6.000000000012,1754625.5,119,https://ws.cadc-ccda.hia-iha.nrc-cnrc.gc.ca/data/pub/WALLABY/WALLABY_J125313+042746_NGC_4808_TR1_mom0.fits,https://ws.cadc-ccda.hia-iha.nrc-cnrc.gc.ca/data/pub/WALLABY/WALLABY_J125313+042746_NGC_4808_TR1_mask.fits,c6051619f8746048e14ff1c440e8ea43dfd31d3eb56e6567eb6194dd2a4f3d4a,6ebee7a10f60bbc09cdc26b5beb1588ddee969ac2e6b3d0152e2f2a42d1a8328,37440,567360
WALLABY J125334+060947,NGC 4808 TR1,NGC4808,13,profile_rejected,negative source annular moment-0 weight; no clipping is allowed,False,,,,33x35,78x33x35,143,6.000000000012,47178.97265625,10,https://ws.cadc-ccda.hia-iha.nrc-cnrc.gc.ca/data/pub/WALLABY/WALLABY_J125334+060947_NGC_4808_TR1_mom0.fits,https://ws.cadc-ccda.hia-iha.nrc-cnrc.gc.ca/data/pub/WALLABY/WALLABY_J125334+060947_NGC_4808_TR1_mask.fits,f4d390cf7e75cc2076a27671ca04ce60f38333d237da9b151dbd27edcde71610,df252996986c3bb13c096b90372c19f8ba320cd96030686c88ccd1002822dd61,17280,103680
WALLABY J125339+040434,NGC 4808 TR1,NGC4808,9,pass,,False,8,0.8720051327469887,48.000000000096,33x31,46x33x31,103,6.000000000012,31573.734375,13,https://ws.cadc-ccda.hia-iha.nrc-cnrc.gc.ca/data/pub/WALLABY/WALLABY_J125339+040434_NGC_4808_TR1_mom0.fits,https://ws.cadc-ccda.hia-iha.nrc-cnrc.gc.ca/data/pub/WALLABY/WALLABY_J125339+040434_NGC_4808_TR1_mask.fits,8a223a75bdffe11f65624585fb875c8aa31e2abadcad5f1695a7f24aa88f76ad,616b06f2cf285896f62c3e3301b04379ccc4a0673e42dd2a01b924d932f3c81d,17280,60480
WALLABY J125340+064728,NGC 4808 TR1,NGC4808,4,profile_rejected,negative source annular moment-0 weight; no clipping is allowed,False,,,,35x36,84x35x36,191,6.000000000012,102069.375,38,https://ws.cadc-ccda.hia-iha.nrc-cnrc.gc.ca/data/pub/WALLABY/WALLABY_J125340+064728_NGC_4808_TR1_mom0.fits,https://ws.cadc-ccda.hia-iha.nrc-cnrc.gc.ca/data/pub/WALLABY/WALLABY_J125340+064728_NGC_4808_TR1_mask.fits,4e4d416033c4874dbc2d839c738b5f22c88c44313cbfb8796cbd47da5fd04e07,fbe5899f32f55ea3e229b2847401b33d2e196c6c91ba5f05457f473bb8a40b9e,17280,118080
WALLABY J125341+034603,NGC 4808 TR1,NGC4808,17,profile_rejected,negative source annular moment-0 weight; no clipping is allowed,False,,,,44x46,80x44x46,378,6.000000000012,172742.9375,66,https://ws.cadc-ccda.hia-iha.nrc-cnrc.gc.ca/data/pub/WALLABY/WALLABY_J125341+034603_NGC_4808_TR1_mom0.fits,https://ws.cadc-ccda.hia-iha.nrc-cnrc.gc.ca/data/pub/WALLABY/WALLABY_J125341+034603_NGC_4808_TR1_mask.fits,7a11ad8a149e366c3a55060076c1205584eb4b0ad48444dba7553cf85272d1a6,4235adc7f2ab0bf720b17669aface951441ef117110df8783ffdb185e76d690c,20160,175680
WALLABY J125343+040920,NGC 4808 TR1,NGC4808,19,profile_rejected,negative source annular moment-0 weight; no clipping is allowed,False,,,,34x35,49x34x35,160,6.000000000012,54740.1328125,27,https://ws.cadc-ccda.hia-iha.nrc-cnrc.gc.ca/data/pub/WALLABY/WALLABY_J125343+040920_NGC_4808_TR1_mom0.fits,https://ws.cadc-ccda.hia-iha.nrc-cnrc.gc.ca/data/pub/WALLABY/WALLABY_J125343+040920_NGC_4808_TR1_mask.fits,c075b4918c8496dad0d09bf86f855cab9696896dfb03896af452a84c4c71fe91,a69ada4d2cdadd8ef55bcda430b4bf73457cca89d8eaec701ec6954a3270a380,17280,72000
WALLABY J125413+052149,NGC 4808 TR1,NGC4808,22,pass,,False,16,0.8207103926999142,96.000000000192,43x44,117x43x44,361,6.000000000012,156496.921875,67,https://ws.cadc-ccda.hia-iha.nrc-cnrc.gc.ca/data/pub/WALLABY/WALLABY_J125413+052149_NGC_4808_TR1_mom0.fits,https://ws.cadc-ccda.hia-iha.nrc-cnrc.gc.ca/data/pub/WALLABY/WALLABY_J125413+052149_NGC_4808_TR1_mask.fits,a74c413657cbc031af87d89ee4ae0725711d66af6fc3145b01fd112895e4a2dd,214e3ebd0a649815ec21fdd757f805d62adb32c0c7dd650e9eb0264bb129b1e4,20160,233280
WALLABY J125413+065150,NGC 4808 TR1,NGC4808,12,profile_rejected,negative source annular moment-0 weight; no clipping is allowed,False,,,,32x32,80x32x32,123,6.000000000012,43804.8046875,22,https://ws.cadc-ccda.hia-iha.nrc-cnrc.gc.ca/data/pub/WALLABY/WALLABY_J125413+065150_NGC_4808_TR1_mom0.fits,https://ws.cadc-ccda.hia-iha.nrc-cnrc.gc.ca/data/pub/WALLABY/WALLABY_J125413+065150_NGC_4808_TR1_mask.fits,882af077d0f49acf0a7ec179a81ed63f79f1d530c383632fa7011a1a9cd93ba7,d457a73ff24ebec326be26e9e1ee27a4707db718273f055f2f4193def3f2f351,17280,95040
WALLABY J125419+064115,NGC 4808 TR1,NGC4808,19,profile_rejected,source radial support contains fewer than 8 pixel-scale annuli,False,,,,25x32,59x25x32,111,6.000000000012,44966.21484375,6,https://ws.cadc-ccda.hia-iha.nrc-cnrc.gc.ca/data/pub/WALLABY/WALLABY_J125419+064115_NGC_4808_TR1_mom0.fits,https://ws.cadc-ccda.hia-iha.nrc-cnrc.gc.ca/data/pub/WALLABY/WALLABY_J125419+064115_NGC_4808_TR1_mask.fits,df4f343b51147244d1092a723fd2fee8ca2a4458548cad6883f96529cf1bba95,8234cd74f44dedddbb60a3f5ccc52a281b60ebba5cc6271fa64f3334c5ce64df,17280,60480
WALLABY J125431+050959,NGC 4808 TR1,NGC4808,11,profile_rejected,negative source annular moment-0 weight; no clipping is allowed,False,,,,37x35,145x37x35,180,6.000000000012,71252.875,32,https://ws.cadc-ccda.hia-iha.nrc-cnrc.gc.ca/data/pub/WALLABY/WALLABY_J125431+050959_NGC_4808_TR1_mom0.fits,https://ws.cadc-ccda.hia-iha.nrc-cnrc.gc.ca/data/pub/WALLABY/WALLABY_J125431+050959_NGC_4808_TR1_mask.fits,9f3e5eeb11f06b079469adf4b3c7286f3df9eda3b8872f7dc4c12793e94ff7ee,944ed7a90d5d96179e0453fa6c42d39b05ca97d03be17125c013b33a41e22359,17280,201600
WALLABY J125441+050734,NGC 4808 TR1,NGC4808,23,pass,,False,9,0.7963016210691591,54.000000000108,33x29,77x33x29,79,6.000000000012,34821.28515625,0,https://ws.cadc-ccda.hia-iha.nrc-cnrc.gc.ca/data/pub/WALLABY/WALLABY_J125441+050734_NGC_4808_TR1_mom0.fits,https://ws.cadc-ccda.hia-iha.nrc-cnrc.gc.ca/data/pub/WALLABY/WALLABY_J125441+050734_NGC_4808_TR1_mask.fits,b006f2052260eded0ea2311df1de1d2b16f0ae126b55528561790b28447c5651,8865656df1ad64ab74fe5d9cf80d58c8b3ddc02a1e8a541a27b93811c0a75aed,17280,86400
WALLABY J125445+045357,NGC 4808 TR1,NGC4808,19,profile_rejected,negative source annular moment-0 weight; no clipping is allowed,False,,,,39x40,87x39x40,278,6.000000000012,122300.6875,82,https://ws.cadc-ccda.hia-iha.nrc-cnrc.gc.ca/data/pub/WALLABY/WALLABY_J125445+045357_NGC_4808_TR1_mom0.fits,https://ws.cadc-ccda.hia-iha.nrc-cnrc.gc.ca/data/pub/WALLABY/WALLABY_J125445+045357_NGC_4808_TR1_mask.fits,348034335ab632eba9e38d36432e1f0606575fd1e116ee536750a0040c9b0fe0,c892509013fe9d5e7d812dc3d7198cc12f4b81793888a72c46a3dcb5e83a0e15,20160,149760
WALLABY J125450+072542,NGC 4808 TR1,NGC4808,6,profile_rejected,negative source annular moment-0 weight; no clipping is allowed,False,,,,35x41,108x35x41,216,6.000000000012,142175.375,24,https://ws.cadc-ccda.hia-iha.nrc-cnrc.gc.ca/data/pub/WALLABY/WALLABY_J125450+072542_NGC_4808_TR1_mom0.fits,https://ws.cadc-ccda.hia-iha.nrc-cnrc.gc.ca/data/pub/WALLABY/WALLABY_J125450+072542_NGC_4808_TR1_mask.fits,196cb17cf47f2e7d44c595eb4815f31112e2ad00ce7ddc1e8999ccada00a9bf6,7b4b655fcd7aa2ebce301349ba2f14969d6ace2475082bbac4d026d53fd83f41,17280,167040
WALLABY J125451+023900,NGC 4808 TR1,NGC4808,10,pass,,False,24,0.5530288140370079,144.000000000288,50x57,89x50x57,717,6.000000000012,1801684.25,71,https://ws.cadc-ccda.hia-iha.nrc-cnrc.gc.ca/data/pub/WALLABY/WALLABY_J125451+023900_NGC_4808_TR1_mom0.fits,https://ws.cadc-ccda.hia-iha.nrc-cnrc.gc.ca/data/pub/WALLABY/WALLABY_J125451+023900_NGC_4808_TR1_mask.fits,6c17c6c38e551fbf6424ad2a3128fca6f073a4c6ef72c5d42e0c2a470fb52b09,2cb43ce3bead879e2835b5a344c9e89cab3b36fcc79b5f45fed6edde07cb0c0c,23040,267840
WALLABY J125500+051140,NGC 4808 TR1,NGC4808,17,pass,,False,11,0.9557332347366715,66.000000000132,37x35,59x37x35,193,6.000000000012,55543.83984375,18,https://ws.cadc-ccda.hia-iha.nrc-cnrc.gc.ca/data/pub/WALLABY/WALLABY_J125500+051140_NGC_4808_TR1_mom0.fits,https://ws.cadc-ccda.hia-iha.nrc-cnrc.gc.ca/data/pub/WALLABY/WALLABY_J125500+051140_NGC_4808_TR1_mask.fits,1d3b4d6575c2124912794c4664e1ceb5a562756df8b37c575eab3bd99a52e9cf,5d66d4e92ef6b463565d6c4c245aaebed4a2f7b6578a08ea32f2125a3a39c5df,17280,89280
WALLABY J125507+040229,NGC 4808 TR1,NGC4808,0,pass,,False,13,0.9602410257486221,78.000000000156,38x39,68x38x39,248,6.000000000012,64989.16015625,24,https://ws.cadc-ccda.hia-iha.nrc-cnrc.gc.ca/data/pub/WALLABY/WALLABY_J125507+040229_NGC_4808_TR1_mom0.fits,https://ws.cadc-ccda.hia-iha.nrc-cnrc.gc.ca/data/pub/WALLABY/WALLABY_J125507+040229_NGC_4808_TR1_mask.fits,1657be1a44ca18aca9978e856a98b2121c9ff03e1a50286fcae72acdb395bc2a,9f15ea96e8828cf3dd3499cebc554f2ff753bb89dfd490963b9ae01f2689336d,20160,112320
WALLABY J125515+081543,NGC 4808 TR1,NGC4808,0,pass,,False,25,0.4782671413811391,150.0000000003,47x48,93x47x48,389,6.000000000012,122893.796875,26,https://ws.cadc-ccda.hia-iha.nrc-cnrc.gc.ca/data/pub/WALLABY/WALLABY_J125515+081543_NGC_4808_TR1_mom0.fits,https://ws.cadc-ccda.hia-iha.nrc-cnrc.gc.ca/data/pub/WALLABY/WALLABY_J125515+081543_NGC_4808_TR1_mask.fits,9632192d7985aa972e76d5d651c2c9b2e634cfc8da53144a8920bdb830068450,b7dc98152b46663862f146008eeba69d498573ca3a1541be212ad41673a45612,23040,221760
WALLABY J125523+075436,NGC 4808 TR1,NGC4808,2,pass,,False,13,0.9427881722978478,78.000000000156,41x43,60x41x43,360,6.000000000012,153793.3125,53,https://ws.cadc-ccda.hia-iha.nrc-cnrc.gc.ca/data/pub/WALLABY/WALLABY_J125523+075436_NGC_4808_TR1_mom0.fits,https://ws.cadc-ccda.hia-iha.nrc-cnrc.gc.ca/data/pub/WALLABY/WALLABY_J125523+075436_NGC_4808_TR1_mask.fits,5f7b83e460c55a59def1cf17a207c540c42d2a41610a5924bd5c874c868d2871,9058b70a8120f2c33fc29e04ca388982295f38471cd05d4d23a62e9a153781b7,20160,118080
WALLABY J125548+041805,NGC 4808 TR1,NGC4808,0,profile_rejected,negative source annular moment-0 weight; no clipping is allowed,False,,,,173x138,129x173x138,8497,6.000000000012,8758304.0,1570,https://ws.cadc-ccda.hia-iha.nrc-cnrc.gc.ca/data/pub/WALLABY/WALLABY_J125548+041805_NGC_4808_TR1_mom0.fits,https://ws.cadc-ccda.hia-iha.nrc-cnrc.gc.ca/data/pub/WALLABY/WALLABY_J125548+041805_NGC_4808_TR1_mask.fits,a0d5cabbe6db0d96455b242170276debe21e32a05ab320ff9fa5c89418014639,74b0a77b78afa47f7d3cd87cf28a2ff828f2903760de0ffadb9ead514016f885,109440,3093120
WALLABY J125548+045901,NGC 4808 TR1,NGC4808,17,pass,,False,13,0.6635531457931214,78.000000000156,37x40,141x37x40,259,6.000000000012,157646.9375,32,https://ws.cadc-ccda.hia-iha.nrc-cnrc.gc.ca/data/pub/WALLABY/WALLABY_J125548+045901_NGC_4808_TR1_mom0.fits,https://ws.cadc-ccda.hia-iha.nrc-cnrc.gc.ca/data/pub/WALLABY/WALLABY_J125548+045901_NGC_4808_TR1_mask.fits,92466c84959f7abe86e78b98b84fdfa46fbdc4e5388b99c99a22b9dd68527ec4,72751d98f0f217b429cdcbfbf0955babf81e709d45f6f26be0a3e2398ce9158c,20160,221760
WALLABY J125549+040049,NGC 4808 TR1,NGC4808,0,profile_rejected,negative source annular moment-0 weight; no clipping is allowed,False,,,,72x73,116x72x73,1602,6.000000000012,1818032.0,235,https://ws.cadc-ccda.hia-iha.nrc-cnrc.gc.ca/data/pub/WALLABY/WALLABY_J125549+040049_NGC_4808_TR1_mom0.fits,https://ws.cadc-ccda.hia-iha.nrc-cnrc.gc.ca/data/pub/WALLABY/WALLABY_J125549+040049_NGC_4808_TR1_mask.fits,24081d64eee3be33b1fd0c5865c3a3a46c769ce21dd8c5effb6ae4c7c1b20344,990c35388d08f72bc77c3e8c3d4c1c6e5dba6f8c5f0b2e5ddcb72dab7b171f26,34560,622080
WALLABY J125556+075542,NGC 4808 TR1,NGC4808,19,profile_rejected,negative source annular moment-0 weight; no clipping is allowed,False,,,,37x35,110x37x35,182,6.000000000012,85052.484375,30,https://ws.cadc-ccda.hia-iha.nrc-cnrc.gc.ca/data/pub/WALLABY/WALLABY_J125556+075542_NGC_4808_TR1_mom0.fits,https://ws.cadc-ccda.hia-iha.nrc-cnrc.gc.ca/data/pub/WALLABY/WALLABY_J125556+075542_NGC_4808_TR1_mask.fits,389ee6298701e491cc2ce8f74f92b493b6098b75727551be91892529f6eec602,232e07012e7e3fb6fca95f790766d71a0150efb576ee8893643b57338d88fcf7,17280,155520
WALLABY J125603+045202,NGC 4808 TR1,NGC4808,16,pass,,False,9,0.9743704707291518,54.000000000108,36x36,51x36x36,195,6.000000000012,59922.0,9,https://ws.cadc-ccda.hia-iha.nrc-cnrc.gc.ca/data/pub/WALLABY/WALLABY_J125603+045202_NGC_4808_TR1_mom0.fits,https://ws.cadc-ccda.hia-iha.nrc-cnrc.gc.ca/data/pub/WALLABY/WALLABY_J125603+045202_NGC_4808_TR1_mask.fits,32d4b5bb715db58642f8e318cf7daa23288ece1f11fef02fe01d86d13ee78bcf,9835f006b7513f516212447a245e89b42dae8422ca1ff1c62c9c94a6ab36be37,17280,77760
WALLABY J125604+034843,NGC 4808 TR1,NGC4808,23,pass,,False,27,0.7626932226763182,162.000000000324,60x71,66x60x71,1285,6.000000000012,1264597.5,100,https://ws.cadc-ccda.hia-iha.nrc-cnrc.gc.ca/data/pub/WALLABY/WALLABY_J125604+034843_NGC_4808_TR1_mom0.fits,https://ws.cadc-ccda.hia-iha.nrc-cnrc.gc.ca/data/pub/WALLABY/WALLABY_J125604+034843_NGC_4808_TR1_mask.fits,b4a400f29195bfaae635967cd55f38e0ede663829bfb188d22b225166970a761,290740ea63c58051689d4183f31f15df6f98df94f2931ba58b3e0660d945352e,28800,293760
WALLABY J125604+064914,NGC 4808 TR1,NGC4808,16,pass,,False,13,0.8111775571383009,78.000000000156,39x41,64x39x41,311,6.000000000012,137101.109375,66,https://ws.cadc-ccda.hia-iha.nrc-cnrc.gc.ca/data/pub/WALLABY/WALLABY_J125604+064914_NGC_4808_TR1_mom0.fits,https://ws.cadc-ccda.hia-iha.nrc-cnrc.gc.ca/data/pub/WALLABY/WALLABY_J125604+064914_NGC_4808_TR1_mask.fits,5ef81b817e52dbc87c75862ce9e3270da57809548f87cd081910488b3c6bbde3,4b1609e84b4adf9c6868bbfa45d40a37f4a442dd7876d032dfb4690b8bf1d99f,20160,115200
WALLABY J125605+053051,NGC 4808 TR1,NGC4808,20,pass,,False,15,0.5830477174475569,90.00000000018001,42x36,97x42x36,235,6.000000000012,84904.2578125,34,https://ws.cadc-ccda.hia-iha.nrc-cnrc.gc.ca/data/pub/WALLABY/WALLABY_J125605+053051_NGC_4808_TR1_mom0.fits,https://ws.cadc-ccda.hia-iha.nrc-cnrc.gc.ca/data/pub/WALLABY/WALLABY_J125605+053051_NGC_4808_TR1_mask.fits,e25849bcc1183546355e6f0cb0e9ca94b66a06085a3d1e095fc1a982f5bcae3b,80c4d046896bf62d16d5f92db49cdb2994e848a49df09f87f05356cc8172da2d,20160,158400
WALLABY J125618+052020,NGC 4808 TR1,NGC4808,7,profile_rejected,negative source annular moment-0 weight; no clipping is allowed,False,,,,38x37,132x38x37,235,6.000000000012,113228.453125,42,https://ws.cadc-ccda.hia-iha.nrc-cnrc.gc.ca/data/pub/WALLABY/WALLABY_J125618+052020_NGC_4808_TR1_mom0.fits,https://ws.cadc-ccda.hia-iha.nrc-cnrc.gc.ca/data/pub/WALLABY/WALLABY_J125618+052020_NGC_4808_TR1_mask.fits,e3894b50a2bec562b8701945ff674e323246b4453326913452e4fc3c601305b8,444d1592a76665cc00edd7a5930885732d6c218f9b42042c035851a2eec5b795,17280,198720
WALLABY J125620+052836,NGC 4808 TR1,NGC4808,0,profile_rejected,negative source annular moment-0 weight; no clipping is allowed,False,,,,48x43,119x48x43,469,6.000000000012,242553.78125,60,https://ws.cadc-ccda.hia-iha.nrc-cnrc.gc.ca/data/pub/WALLABY/WALLABY_J125620+052836_NGC_4808_TR1_mom0.fits,https://ws.cadc-ccda.hia-iha.nrc-cnrc.gc.ca/data/pub/WALLABY/WALLABY_J125620+052836_NGC_4808_TR1_mask.fits,8e78e97bb04fa6a09fbe381d305288a18ba57470cc757cc15ed82381e314f33f,fbfb7234dbbe9b719949f9ab667269735a6c96c94e0c160a13608fd6b0e9ee9a,20160,259200
WALLABY J125627+060352,NGC 4808 TR1,NGC4808,15,pass,,False,19,0.5779694129310575,114.000000000228,49x41,136x49x41,416,6.000000000012,236241.375,37,https://ws.cadc-ccda.hia-iha.nrc-cnrc.gc.ca/data/pub/WALLABY/WALLABY_J125627+060352_NGC_4808_TR1_mom0.fits,https://ws.cadc-ccda.hia-iha.nrc-cnrc.gc.ca/data/pub/WALLABY/WALLABY_J125627+060352_NGC_4808_TR1_mask.fits,7d33223524b2c278a1b53dd344e26758acf3ce6293d153a5888c7118ecf2bf42,0858187fe7330cdb855e197acdc24bdff0d1d199f944123cca1fa0caf870aa82,20160,285120
WALLABY J125631+071846,NGC 4808 TR1,NGC4808,22,profile_rejected,negative source annular moment-0 weight; no clipping is allowed,False,,,,38x35,83x38x35,200,6.000000000012,56842.671875,25,https://ws.cadc-ccda.hia-iha.nrc-cnrc.gc.ca/data/pub/WALLABY/WALLABY_J125631+071846_NGC_4808_TR1_mom0.fits,https://ws.cadc-ccda.hia-iha.nrc-cnrc.gc.ca/data/pub/WALLABY/WALLABY_J125631+071846_NGC_4808_TR1_mask.fits,2cfd9bfe0e780b2f6853400221ff0f5b6376bdab32248974969a5608a27bab5c,2859043d0138192224ad40e1c24da9af4f5423b04380ecb5356e250630a48251,17280,123840
WALLABY J125636+030211,NGC 4808 TR1,NGC4808,9,pass,,False,10,0.6938562079661824,60.000000000120004,32x35,78x32x35,149,6.000000000012,54371.5,23,https://ws.cadc-ccda.hia-iha.nrc-cnrc.gc.ca/data/pub/WALLABY/WALLABY_J125636+030211_NGC_4808_TR1_mom0.fits,https://ws.cadc-ccda.hia-iha.nrc-cnrc.gc.ca/data/pub/WALLABY/WALLABY_J125636+030211_NGC_4808_TR1_mask.fits,b4f53e85cb77a2400877c6683f6c95f84436e055526dfea3f2a3dbf163f66c76,bb1f9310098900e316b62471103775ef3db13fd8d86750068868201d5800c1f7,17280,100800
WALLABY J125646+034002,NGC 4808 TR1,NGC4808,15,pass,,False,25,0.49050048204639124,150.0000000003,34x53,51x34x53,241,6.000000000012,49406.4609375,18,https://ws.cadc-ccda.hia-iha.nrc-cnrc.gc.ca/data/pub/WALLABY/WALLABY_J125646+034002_NGC_4808_TR1_mom0.fits,https://ws.cadc-ccda.hia-iha.nrc-cnrc.gc.ca/data/pub/WALLABY/WALLABY_J125646+034002_NGC_4808_TR1_mask.fits,6ff236f8a47668661d06f495248b6f4c74d476595ccbd00078f10dd8d3b7d328,3ecd4781f6e8709bd1e12983db5e90a3b77d891ce66064e79d16d20a203318cc,20160,103680
WALLABY J125646+074748,NGC 4808 TR1,NGC4808,12,profile_rejected,negative source annular moment-0 weight; no clipping is allowed,False,,,,44x41,89x44x41,385,6.000000000012,179531.921875,57,https://ws.cadc-ccda.hia-iha.nrc-cnrc.gc.ca/data/pub/WALLABY/WALLABY_J125646+074748_NGC_4808_TR1_mom0.fits,https://ws.cadc-ccda.hia-iha.nrc-cnrc.gc.ca/data/pub/WALLABY/WALLABY_J125646+074748_NGC_4808_TR1_mask.fits,a782dc4feb3907d90af2272442b53dbfdbf275a85d199121c6272fbbde0baf28,56eb7f66d66319666f65d975f8ac687b1acdbf06740cab12364564a1468d364b,20160,172800
WALLABY J125647+055350,NGC 4808 TR1,NGC4808,9,pass,,False,8,0.8393418904600769,48.000000000096,32x35,75x32x35,144,6.000000000012,61721.6484375,10,https://ws.cadc-ccda.hia-iha.nrc-cnrc.gc.ca/data/pub/WALLABY/WALLABY_J125647+055350_NGC_4808_TR1_mom0.fits,https://ws.cadc-ccda.hia-iha.nrc-cnrc.gc.ca/data/pub/WALLABY/WALLABY_J125647+055350_NGC_4808_TR1_mask.fits,051c5d74c93be38ef449aa1c5a244d3e98b40050902fd4ca7fdafca13c2e529b,0ee7e5dd490a802a68061ca28713e0a56ee7f0b8198d397e1596859e13c302f5,17280,97920
WALLABY J125647+055512,NGC 4808 TR1,NGC4808,7,pass,,False,20,0.6481399362256013,120.00000000024001,39x43,94x39x43,297,6.000000000012,105752.359375,42,https://ws.cadc-ccda.hia-iha.nrc-cnrc.gc.ca/data/pub/WALLABY/WALLABY_J125647+055512_NGC_4808_TR1_mom0.fits,https://ws.cadc-ccda.hia-iha.nrc-cnrc.gc.ca/data/pub/WALLABY/WALLABY_J125647+055512_NGC_4808_TR1_mask.fits,619e9e78eebca03e6a7165734d4f6a269442d8531e07ec5d269605a9738e4349,4e6947d7f42e1a2bc862d6fd15ebcd2173864bddeca3946e86f894263b5516bf,20160,169920
WALLABY J125652+045727,NGC 4808 TR1,NGC4808,0,pass,,False,10,0.7913198365061995,60.000000000120004,34x38,82x34x38,215,6.000000000012,99132.359375,32,https://ws.cadc-ccda.hia-iha.nrc-cnrc.gc.ca/data/pub/WALLABY/WALLABY_J125652+045727_NGC_4808_TR1_mom0.fits,https://ws.cadc-ccda.hia-iha.nrc-cnrc.gc.ca/data/pub/WALLABY/WALLABY_J125652+045727_NGC_4808_TR1_mask.fits,91e58c5cddcd5570d10233a31b24df658bb85ef1e2cdd0f973df383c37bea788,b75b09a406a626f53355b11a8a21088e8600c088d6fc50aeadbfba399a26186c,17280,118080
WALLABY J125652+071852,NGC 4808 TR1,NGC4808,10,profile_rejected,negative source annular moment-0 weight; no clipping is allowed,False,,,,39x35,97x39x35,204,6.000000000012,97728.0703125,33,https://ws.cadc-ccda.hia-iha.nrc-cnrc.gc.ca/data/pub/WALLABY/WALLABY_J125652+071852_NGC_4808_TR1_mom0.fits,https://ws.cadc-ccda.hia-iha.nrc-cnrc.gc.ca/data/pub/WALLABY/WALLABY_J125652+071852_NGC_4808_TR1_mask.fits,07c58d68e9941d26cfca86697fb369fac066b2a0e24481eccc422664d06c15b3,673c162ce60921f3d46c8004539e277fefeb7deefff97259ff19ddc55eca4b4c,17280,144000
WALLABY J125656+040352,NGC 4808 TR1,NGC4808,15,profile_rejected,negative source annular moment-0 weight; no clipping is allowed,False,,,,49x47,74x49x47,563,6.000000000012,351909.34375,127,https://ws.cadc-ccda.hia-iha.nrc-cnrc.gc.ca/data/pub/WALLABY/WALLABY_J125656+040352_NGC_4808_TR1_mom0.fits,https://ws.cadc-ccda.hia-iha.nrc-cnrc.gc.ca/data/pub/WALLABY/WALLABY_J125656+040352_NGC_4808_TR1_mask.fits,69e9fb1d00c0d2bb4ac7a29d2d7ef08ed750dc397bf01dfdfcdda5a969ec4a18,f514384bf2df9ad6e41a5ee5277fd536e93c808af2c9fdea8089187ecd18c6b4,23040,184320
WALLABY J125716+052221,NGC 4808 TR1,NGC4808,2,profile_rejected,negative source annular moment-0 weight; no clipping is allowed,False,,,,37x33,59x37x33,157,6.000000000012,43525.765625,36,https://ws.cadc-ccda.hia-iha.nrc-cnrc.gc.ca/data/pub/WALLABY/WALLABY_J125716+052221_NGC_4808_TR1_mom0.fits,https://ws.cadc-ccda.hia-iha.nrc-cnrc.gc.ca/data/pub/WALLABY/WALLABY_J125716+052221_NGC_4808_TR1_mask.fits,557ccd361653adfa87b6e2d14f7dbfd1aaae71572cc2e8dac77c7a494a2317bf,f3b0a0c54b33a800b1eb97c145634410e3118a6f30a0ed561f04179cb06460bc,17280,86400
WALLABY J125716+060334,NGC 4808 TR1,NGC4808,7,pass,,False,12,0.7878091119770385,72.000000000144,37x35,108x37x35,181,6.000000000012,67308.15625,28,https://ws.cadc-ccda.hia-iha.nrc-cnrc.gc.ca/data/pub/WALLABY/WALLABY_J125716+060334_NGC_4808_TR1_mom0.fits,https://ws.cadc-ccda.hia-iha.nrc-cnrc.gc.ca/data/pub/WALLABY/WALLABY_J125716+060334_NGC_4808_TR1_mask.fits,47c6edd8e7fd1729fe834e475d93f9c2919e74f033a523da96be3b50259f8021,bd52d782fd81381e826cc4d8697015049c7a95abb027a9781e6084663dfdc755,17280,152640
WALLABY J125718+045929,NGC 4808 TR1,NGC4808,16,pass,,False,12,0.7319298611590508,72.000000000144,35x38,52x35x38,216,6.000000000012,80877.1796875,18,https://ws.cadc-ccda.hia-iha.nrc-cnrc.gc.ca/data/pub/WALLABY/WALLABY_J125718+045929_NGC_4808_TR1_mom0.fits,https://ws.cadc-ccda.hia-iha.nrc-cnrc.gc.ca/data/pub/WALLABY/WALLABY_J125718+045929_NGC_4808_TR1_mask.fits,f1d85c4fa80911bd4bb3af8770af6e8f5507a24b885f6002bd722356c0aec240,c944d9b2ab3bb220228ae7c8d5e4567c653a0f058f9df942e7087bed643198f5,17280,83520
WALLABY J125734+035519,NGC 4808 TR1,NGC4808,1,pass,,False,16,0.7888430619594172,96.000000000192,39x45,73x39x45,344,6.000000000012,116032.28125,59,https://ws.cadc-ccda.hia-iha.nrc-cnrc.gc.ca/data/pub/WALLABY/WALLABY_J125734+035519_NGC_4808_TR1_mom0.fits,https://ws.cadc-ccda.hia-iha.nrc-cnrc.gc.ca/data/pub/WALLABY/WALLABY_J125734+035519_NGC_4808_TR1_mask.fits,cd96d2e717f85ddc9ebc059c56d48e4728518c8313a64a730ac5beb808498262,a8fc09275b13ef6711366d3a0ff29345bea1152f30f1a82b72fe9ec4a2deeb1b,20160,141120
WALLABY J125743+024130,NGC 4808 TR1,NGC4808,9,profile_rejected,negative source annular moment-0 weight; no clipping is allowed,False,,,,45x51,68x45x51,556,6.000000000012,666727.25,44,https://ws.cadc-ccda.hia-iha.nrc-cnrc.gc.ca/data/pub/WALLABY/WALLABY_J125743+024130_NGC_4808_TR1_mom0.fits,https://ws.cadc-ccda.hia-iha.nrc-cnrc.gc.ca/data/pub/WALLABY/WALLABY_J125743+024130_NGC_4808_TR1_mask.fits,9fc9c78e784d930c82e5766779d4d5c27b525a005457ade3378b30064c50896e,4c9b282ef84978e03eca2a9bda792fb2e6a4bc83a8750bb92b23fadf75e2a09e,23040,169920
WALLABY J125752+034320,NGC 4808 TR1,NGC4808,15,profile_rejected,negative source annular moment-0 weight; no clipping is allowed,False,,,,37x38,81x37x38,208,6.000000000012,89528.65625,48,https://ws.cadc-ccda.hia-iha.nrc-cnrc.gc.ca/data/pub/WALLABY/WALLABY_J125752+034320_NGC_4808_TR1_mom0.fits,https://ws.cadc-ccda.hia-iha.nrc-cnrc.gc.ca/data/pub/WALLABY/WALLABY_J125752+034320_NGC_4808_TR1_mask.fits,0eb96bfe54fb6d36ed706117619fb958f532bedb27042a7c99bf6361058eb9bb,27e9786c3ef5b3b762303d0ef7183aca633469d287151f62483d8547dcf648a9,17280,126720
WALLABY J125753+065307,NGC 4808 TR1,NGC4808,3,profile_rejected,negative source annular moment-0 weight; no clipping is allowed,False,,,,35x35,55x35x35,179,6.000000000012,36591.1171875,35,https://ws.cadc-ccda.hia-iha.nrc-cnrc.gc.ca/data/pub/WALLABY/WALLABY_J125753+065307_NGC_4808_TR1_mom0.fits,https://ws.cadc-ccda.hia-iha.nrc-cnrc.gc.ca/data/pub/WALLABY/WALLABY_J125753+065307_NGC_4808_TR1_mask.fits,50144b85042d61732a2ec285b752b41c649ea2ff106ec77bb852454a47cf6fe2,22a555dc1f57bce699e6efe27976bad66b6cbf7d60596104218fd41d216c711d,17280,80640
WALLABY J125814+033205,NGC 4808 TR1,NGC4808,0,pass,,False,14,0.6944154783105386,84.000000000168,36x44,83x36x44,296,6.000000000012,107674.390625,43,https://ws.cadc-ccda.hia-iha.nrc-cnrc.gc.ca/data/pub/WALLABY/WALLABY_J125814+033205_NGC_4808_TR1_mom0.fits,https://ws.cadc-ccda.hia-iha.nrc-cnrc.gc.ca/data/pub/WALLABY/WALLABY_J125814+033205_NGC_4808_TR1_mask.fits,ace2b4e82660f1f27932965f6aae7adbe9f3b0c072fa6d33e96aa64f1c02b141,d920f2213635aed963afbd6584fe37f593703ab97e9dedb7fd558c5d4e0ac375,20160,144000
WALLABY J125814+061724,NGC 4808 TR1,NGC4808,18,pass,,False,9,0.8268121289502923,54.000000000108,35x35,62x35x35,174,6.000000000012,37396.01171875,27,https://ws.cadc-ccda.hia-iha.nrc-cnrc.gc.ca/data/pub/WALLABY/WALLABY_J125814+061724_NGC_4808_TR1_mom0.fits,https://ws.cadc-ccda.hia-iha.nrc-cnrc.gc.ca/data/pub/WALLABY/WALLABY_J125814+061724_NGC_4808_TR1_mask.fits,f822a4c43a6058111fa4bb5aa3c003b45e2548d58cea09dd9b8f0fec68bab387,76f75dbbe64c4ac50aa6465d67fb3d3963c51ae00f055af0853c3dea3e5db8f3,17280,89280
WALLABY J125821+045311,NGC 4808 TR1,NGC4808,17,profile_rejected,negative source annular moment-0 weight; no clipping is allowed,False,,,,36x35,60x36x35,187,6.000000000012,52851.27734375,31,https://ws.cadc-ccda.hia-iha.nrc-cnrc.gc.ca/data/pub/WALLABY/WALLABY_J125821+045311_NGC_4808_TR1_mom0.fits,https://ws.cadc-ccda.hia-iha.nrc-cnrc.gc.ca/data/pub/WALLABY/WALLABY_J125821+045311_NGC_4808_TR1_mask.fits,a4b24c47110d320da641cfa9dd4b1b67d8c689d9d3c2b97a5bdb16864b3dd0a3,25ca06eb776d36a178bb10c04ebeee8d88974e038baa7535becae7117f63a5d5,17280,89280
WALLABY J125822+041824,NGC 4808 TR1,NGC4808,6,profile_rejected,negative source annular moment-0 weight; no clipping is allowed,False,,,,32x33,47x32x33,101,6.000000000012,21870.400390625,24,https://ws.cadc-ccda.hia-iha.nrc-cnrc.gc.ca/data/pub/WALLABY/WALLABY_J125822+041824_NGC_4808_TR1_mom0.fits,https://ws.cadc-ccda.hia-iha.nrc-cnrc.gc.ca/data/pub/WALLABY/WALLABY_J125822+041824_NGC_4808_TR1_mask.fits,29f838977e5d767c92eddfcb9dd4a2e3771164a5908a8e38353e740382a89f7c,93d364b4882c9e91845f60aa9730c0cce2257863e3b7b2a5e7667b821ce747b1,17280,63360
WALLABY J125822+043843,NGC 4808 TR1,NGC4808,1,profile_rejected,negative source annular moment-0 weight; no clipping is allowed,False,,,,38x38,65x38x38,230,6.000000000012,59333.7578125,42,https://ws.cadc-ccda.hia-iha.nrc-cnrc.gc.ca/data/pub/WALLABY/WALLABY_J125822+043843_NGC_4808_TR1_mom0.fits,https://ws.cadc-ccda.hia-iha.nrc-cnrc.gc.ca/data/pub/WALLABY/WALLABY_J125822+043843_NGC_4808_TR1_mask.fits,d237c684dca4b556fbf58b68083361a9bdc94d001eb19e7d051a2d79d04566c8,2710bbf4340fd6825d7a8384940f8476ea374b853b351f8b421729e08f37cb23,20160,106560
WALLABY J125834+054735,NGC 4808 TR1,NGC4808,11,pass,,False,15,0.6299809916105215,90.00000000018001,34x44,67x34x44,234,6.000000000012,53688.4296875,24,https://ws.cadc-ccda.hia-iha.nrc-cnrc.gc.ca/data/pub/WALLABY/WALLABY_J125834+054735_NGC_4808_TR1_mom0.fits,https://ws.cadc-ccda.hia-iha.nrc-cnrc.gc.ca/data/pub/WALLABY/WALLABY_J125834+054735_NGC_4808_TR1_mask.fits,b586426f06b8f3066f8a9a58dd1c16977d687cbf8153f654a2d6c0e671f2d5df,61173d64ac3e8604e7989e5d65adef3cf2808cecf35448025a74d662f571f122,20160,112320
WALLABY J125851+052229,NGC 4808 TR1,NGC4808,21,pass,,False,21,0.6078312728815324,126.000000000252,42x47,93x42x47,405,6.000000000012,156794.25,59,https://ws.cadc-ccda.hia-iha.nrc-cnrc.gc.ca/data/pub/WALLABY/WALLABY_J125851+052229_NGC_4808_TR1_mom0.fits,https://ws.cadc-ccda.hia-iha.nrc-cnrc.gc.ca/data/pub/WALLABY/WALLABY_J125851+052229_NGC_4808_TR1_mask.fits,4ad434e44df53b62c4ebb231003bbab9e5227e8885a4a7ed961329e65f294500,670c9515e37f41b7274f0b5bc051b7c77449663e028f838cf73de01bb66d5a71,20160,195840
WALLABY J125909+063848,NGC 4808 TR1,NGC4808,10,pass,,False,9,0.7173661305488374,54.000000000108,33x33,80x33x33,129,6.000000000012,35160.1015625,10,https://ws.cadc-ccda.hia-iha.nrc-cnrc.gc.ca/data/pub/WALLABY/WALLABY_J125909+063848_NGC_4808_TR1_mom0.fits,https://ws.cadc-ccda.hia-iha.nrc-cnrc.gc.ca/data/pub/WALLABY/WALLABY_J125909+063848_NGC_4808_TR1_mask.fits,50de1dd805251d4613f99196283ff0058f13d43a8e154f0c60817266af9abe94,eca29947524cbaf7aeab16ef339c06c6b098f486f141aaf8cada5ead32b7e609,17280,100800
WALLABY J125937+070246,NGC 4808 TR1,NGC4808,11,pass,,False,13,0.6449640442340459,78.000000000156,34x38,86x34x38,147,6.000000000012,34888.35546875,25,https://ws.cadc-ccda.hia-iha.nrc-cnrc.gc.ca/data/pub/WALLABY/WALLABY_J125937+070246_NGC_4808_TR1_mom0.fits,https://ws.cadc-ccda.hia-iha.nrc-cnrc.gc.ca/data/pub/WALLABY/WALLABY_J125937+070246_NGC_4808_TR1_mask.fits,e427849fb9990dc969a121513eaef3c5426298dda2e1ab83534aa6e41a202345,c9c9d8947a9aa98e71b2a00d6c8b325770471881910373679c7c76429727c4ca,17280,123840
WALLABY J125938+062651,NGC 4808 TR1,NGC4808,17,pass,,False,13,0.7502572007107784,78.000000000156,38x37,86x38x37,234,6.000000000012,131501.015625,45,https://ws.cadc-ccda.hia-iha.nrc-cnrc.gc.ca/data/pub/WALLABY/WALLABY_J125938+062651_NGC_4808_TR1_mom0.fits,https://ws.cadc-ccda.hia-iha.nrc-cnrc.gc.ca/data/pub/WALLABY/WALLABY_J125938+062651_NGC_4808_TR1_mask.fits,dabe0f45cdfc4c04040b13aff305c56690917f1ed49ef154fa617919844c4838,576b11eee02b98ad8925d3be7592fbad9034c0154fb0ecb80112eccbf0683ecb,17280,132480
WALLABY J125939+045140,NGC 4808 TR1,NGC4808,6,pass,,False,9,0.8339980568803899,54.000000000108,34x35,76x34x35,157,6.000000000012,49046.03125,19,https://ws.cadc-ccda.hia-iha.nrc-cnrc.gc.ca/data/pub/WALLABY/WALLABY_J125939+045140_NGC_4808_TR1_mom0.fits,https://ws.cadc-ccda.hia-iha.nrc-cnrc.gc.ca/data/pub/WALLABY/WALLABY_J125939+045140_NGC_4808_TR1_mask.fits,1514fb79178f81e38163911947339fea24d558acd870710f06d0a9cca0092a8c,392a2f9809d0c0c0fe5391dc6454dd11565397e2e94701bec7e2f8efd993d080,17280,103680
WALLABY J125941+031433,NGC 4808 TR1,NGC4808,1,profile_rejected,negative source annular moment-0 weight; no clipping is allowed,False,,,,47x41,77x47x41,362,6.000000000012,108595.75,68,https://ws.cadc-ccda.hia-iha.nrc-cnrc.gc.ca/data/pub/WALLABY/WALLABY_J125941+031433_NGC_4808_TR1_mom0.fits,https://ws.cadc-ccda.hia-iha.nrc-cnrc.gc.ca/data/pub/WALLABY/WALLABY_J125941+031433_NGC_4808_TR1_mask.fits,b0f4a37765ffd7988836705187db4f46c27903d7e8f21a02e26299634b003857,dddf5304cafe3111922375b563bf097e2d5c850785234b976b3b1bfa18487b56,20160,161280
WALLABY J125948+045800,NGC 4808 TR1,NGC4808,14,profile_rejected,negative source annular moment-0 weight; no clipping is allowed,False,,,,38x46,66x38x46,344,6.000000000012,107735.8984375,46,https://ws.cadc-ccda.hia-iha.nrc-cnrc.gc.ca/data/pub/WALLABY/WALLABY_J125948+045800_NGC_4808_TR1_mom0.fits,https://ws.cadc-ccda.hia-iha.nrc-cnrc.gc.ca/data/pub/WALLABY/WALLABY_J125948+045800_NGC_4808_TR1_mask.fits,46881c476e5ba37fa78ca5036f0b484690207fe2b1cfcdbec2afaf32559d90b2,3193bc3e69c356143879b580b72faf4c59b2839fe15d530974238ec7149380e3,20160,129600
WALLABY J125952+033800,NGC 4808 TR1,NGC4808,10,profile_rejected,negative source annular moment-0 weight; no clipping is allowed,False,,,,33x32,52x33x32,119,6.000000000012,46068.54296875,11,https://ws.cadc-ccda.hia-iha.nrc-cnrc.gc.ca/data/pub/WALLABY/WALLABY_J125952+033800_NGC_4808_TR1_mom0.fits,https://ws.cadc-ccda.hia-iha.nrc-cnrc.gc.ca/data/pub/WALLABY/WALLABY_J125952+033800_NGC_4808_TR1_mask.fits,98bb9d9b07fe05f2de32d49b48806e87bdf1c46e17cc62d6d2f64bb4ebed95a4,740355170570b685276646d09b17020a0b534e7a61933864ca37ce2b3ac0af7f,17280,69120
WALLABY J125953+041831,NGC 4808 TR1,NGC4808,4,profile_rejected,negative source annular moment-0 weight; no clipping is allowed,False,,,,40x44,99x40x44,332,6.000000000012,102091.546875,43,https://ws.cadc-ccda.hia-iha.nrc-cnrc.gc.ca/data/pub/WALLABY/WALLABY_J125953+041831_NGC_4808_TR1_mom0.fits,https://ws.cadc-ccda.hia-iha.nrc-cnrc.gc.ca/data/pub/WALLABY/WALLABY_J125953+041831_NGC_4808_TR1_mask.fits,f4f61b833f8da5dfb89dd7cccce1e4c0b8867bea678163e8b22f882eb16619b1,be7fc567c6ed46fdf1903843e20056e8163f5f5bf966315999ea246d892f6906,20160,187200
WALLABY J130011+065105,NGC 4808 TR1,NGC4808,14,pass,,False,9,0.9280811504942005,54.000000000108,34x35,39x34x35,157,6.000000000012,21997.15234375,18,https://ws.cadc-ccda.hia-iha.nrc-cnrc.gc.ca/data/pub/WALLABY/WALLABY_J130011+065105_NGC_4808_TR1_mom0.fits,https://ws.cadc-ccda.hia-iha.nrc-cnrc.gc.ca/data/pub/WALLABY/WALLABY_J130011+065105_NGC_4808_TR1_mask.fits,f2d9f190ac79b09eb3f6b1dbf537b1e8717f17e7a555c3a24544ebb653e0ee94,1b6537386269e4531b268fdd1df22302be90550840d5b4e25983d72e81624c33,17280,60480
WALLABY J130012+054417,NGC 4808 TR1,NGC4808,6,pass,,False,10,0.8881056678982091,60.000000000120004,34x36,65x34x36,177,6.000000000012,45710.8359375,23,https://ws.cadc-ccda.hia-iha.nrc-cnrc.gc.ca/data/pub/WALLABY/WALLABY_J130012+054417_NGC_4808_TR1_mom0.fits,https://ws.cadc-ccda.hia-iha.nrc-cnrc.gc.ca/data/pub/WALLABY/WALLABY_J130012+054417_NGC_4808_TR1_mask.fits,1cda81ccebba44d4073307f676d82c91fdcd7f9d1c388cae3a0a435d7bbc6071,a6148bf4d6417bb26430b2171621d9d929b9490865b0616a86c6011b338841ba,17280,92160
WALLABY J130026+070758,NGC 4808 TR1,NGC4808,9,profile_rejected,negative source annular moment-0 weight; no clipping is allowed,False,,,,34x34,89x34x34,139,6.000000000012,48373.8046875,21,https://ws.cadc-ccda.hia-iha.nrc-cnrc.gc.ca/data/pub/WALLABY/WALLABY_J130026+070758_NGC_4808_TR1_mom0.fits,https://ws.cadc-ccda.hia-iha.nrc-cnrc.gc.ca/data/pub/WALLABY/WALLABY_J130026+070758_NGC_4808_TR1_mask.fits,5340541e0ffc9608e23cd8e9c797f93a5081110957186ac4da823bb8863c519c,da4fe947218bfc8b3043417e1344be6dbf6c8959e136bc7ed47c335f0c0bef10,17280,115200
WALLABY J130030+071721,NGC 4808 TR1,NGC4808,4,profile_rejected,negative source annular moment-0 weight; no clipping is allowed,False,,,,41x36,118x41x36,252,6.000000000012,161038.25,28,https://ws.cadc-ccda.hia-iha.nrc-cnrc.gc.ca/data/pub/WALLABY/WALLABY_J130030+071721_NGC_4808_TR1_mom0.fits,https://ws.cadc-ccda.hia-iha.nrc-cnrc.gc.ca/data/pub/WALLABY/WALLABY_J130030+071721_NGC_4808_TR1_mask.fits,5cfebf9e39ef0bc3ab3fe7d2363c9a06e0eb5d1a2db51a1cafd40811135b31f0,a19b0a202b244c7b3a23492c5a4a9b4b5c2f57ad2a0e07b788fc379309e28098,20160,187200
WALLABY J130031+083118,NGC 4808 TR1,NGC4808,17,pass,,False,13,0.7669786329602564,78.000000000156,36x42,80x36x42,254,6.000000000012,128297.1171875,38,https://ws.cadc-ccda.hia-iha.nrc-cnrc.gc.ca/data/pub/WALLABY/WALLABY_J130031+083118_NGC_4808_TR1_mom0.fits,https://ws.cadc-ccda.hia-iha.nrc-cnrc.gc.ca/data/pub/WALLABY/WALLABY_J130031+083118_NGC_4808_TR1_mask.fits,b02c1a4ad284f197eab4efffc7c35b6b090700cd79b314376d3b257c0b257a7d,00e15087d1eebe7f8523f547441c692060230317e93725add607f9b3f01da385,20160,132480
WALLABY J130034+052831,NGC 4808 TR1,NGC4808,12,pass,,False,13,0.628320057782538,78.000000000156,39x36,69x39x36,204,6.000000000012,50740.75,13,https://ws.cadc-ccda.hia-iha.nrc-cnrc.gc.ca/data/pub/WALLABY/WALLABY_J130034+052831_NGC_4808_TR1_mom0.fits,https://ws.cadc-ccda.hia-iha.nrc-cnrc.gc.ca/data/pub/WALLABY/WALLABY_J130034+052831_NGC_4808_TR1_mask.fits,ad9bbed3d0c1b041eb69bead47ace6d1fae21049ef198e5ce94ff34796f5f81c,3fb90650e18988fea6f7130a2dee34d3bd5277559675af44c2ae96d62c992500,17280,109440
WALLABY J130043+071159,NGC 4808 TR1,NGC4808,1,pass,,False,9,0.8466479426151411,54.000000000108,32x35,71x32x35,120,6.000000000012,38838.671875,7,https://ws.cadc-ccda.hia-iha.nrc-cnrc.gc.ca/data/pub/WALLABY/WALLABY_J130043+071159_NGC_4808_TR1_mom0.fits,https://ws.cadc-ccda.hia-iha.nrc-cnrc.gc.ca/data/pub/WALLABY/WALLABY_J130043+071159_NGC_4808_TR1_mask.fits,0ca16764a634463e67adc782113a925798104fae1f772dd8ea50f38452702a1b,0812c178bd65eb0110fa8aa4502da8b02836341a610107d9fd265c0973c3bed7,17280,92160
WALLABY J130055+070243,NGC 4808 TR1,NGC4808,0,pass,,False,11,0.7577493042728648,66.000000000132,37x36,110x37x36,207,6.000000000012,94205.921875,18,https://ws.cadc-ccda.hia-iha.nrc-cnrc.gc.ca/data/pub/WALLABY/WALLABY_J130055+070243_NGC_4808_TR1_mom0.fits,https://ws.cadc-ccda.hia-iha.nrc-cnrc.gc.ca/data/pub/WALLABY/WALLABY_J130055+070243_NGC_4808_TR1_mask.fits,03ecca0e026cf4928040983977dce199f839affd69736f4ca5709ff6ae5d0ec0,5be4806c332de1c7e215696fbd380eb0f23f6b957f5d135bb74c9d91f7d51415,17280,158400
WALLABY J130100+025004,NGC 4808 TR1,NGC4808,3,pass,,False,14,0.5776390902433591,84.000000000168,36x42,72x36x42,203,6.000000000012,114942.859375,27,https://ws.cadc-ccda.hia-iha.nrc-cnrc.gc.ca/data/pub/WALLABY/WALLABY_J130100+025004_NGC_4808_TR1_mom0.fits,https://ws.cadc-ccda.hia-iha.nrc-cnrc.gc.ca/data/pub/WALLABY/WALLABY_J130100+025004_NGC_4808_TR1_mask.fits,fe49e628db6084c2d50ba4e3484242cec2988f25dce7ee831bc758bbacda0682,860a046ed2cc83a516783efd8a113643f318ab12f03e4df2b1ef03749edfd283,20160,120960
WALLABY J130116+045403,NGC 4808 TR1,NGC4808,16,pass,,False,12,0.8382604065098151,72.000000000144,35x39,78x35x39,219,6.000000000012,62540.1171875,50,https://ws.cadc-ccda.hia-iha.nrc-cnrc.gc.ca/data/pub/WALLABY/WALLABY_J130116+045403_NGC_4808_TR1_mom0.fits,https://ws.cadc-ccda.hia-iha.nrc-cnrc.gc.ca/data/pub/WALLABY/WALLABY_J130116+045403_NGC_4808_TR1_mask.fits,e870e065b95fb5e4250d39fa49e6a45e3874606036e93005eeb64b7d415b950d,dba2b5a060e573564cd9b514470125d34d1a7305e8e0fbc75917a3d13c24c4c6,17280,118080
WALLABY J130119+053553,NGC 4808 TR1,NGC4808,22,profile_rejected,negative source annular moment-0 weight; no clipping is allowed,False,,,,39x40,69x39x40,269,6.000000000012,79888.8515625,27,https://ws.cadc-ccda.hia-iha.nrc-cnrc.gc.ca/data/pub/WALLABY/WALLABY_J130119+053553_NGC_4808_TR1_mom0.fits,https://ws.cadc-ccda.hia-iha.nrc-cnrc.gc.ca/data/pub/WALLABY/WALLABY_J130119+053553_NGC_4808_TR1_mask.fits,72d1ab5fdea5885fc6da039a21e03034de3c2255412ed94112fe60bad27ac8b3,62126a27dbff53f459faf78d2586d8f0ab9eab6f95a41af790b3700e0677bb15,20160,120960
WALLABY J130122+042728,NGC 4808 TR1,NGC4808,20,pass,,False,8,0.9527601734108566,48.000000000096,34x34,65x34x34,138,6.000000000012,48659.41796875,11,https://ws.cadc-ccda.hia-iha.nrc-cnrc.gc.ca/data/pub/WALLABY/WALLABY_J130122+042728_NGC_4808_TR1_mom0.fits,https://ws.cadc-ccda.hia-iha.nrc-cnrc.gc.ca/data/pub/WALLABY/WALLABY_J130122+042728_NGC_4808_TR1_mask.fits,1a6e52eb4c3abffd2ba468740aed5a767429b857c59cead24601377c1e80c702,6a89e0680c90b3579c7167aba21cc1cb14c00fab5f4b529f4b64ad3ad61f0d80,17280,89280
WALLABY J130125+042810,NGC 4808 TR1,NGC4808,19,pass,,False,12,0.8374108370979819,72.000000000144,39x38,68x39x38,228,6.000000000012,86668.625,17,https://ws.cadc-ccda.hia-iha.nrc-cnrc.gc.ca/data/pub/WALLABY/WALLABY_J130125+042810_NGC_4808_TR1_mom0.fits,https://ws.cadc-ccda.hia-iha.nrc-cnrc.gc.ca/data/pub/WALLABY/WALLABY_J130125+042810_NGC_4808_TR1_mask.fits,65fe06c0d37d3e3b67911f23d89600309e8e4736cfdfef7a923b35d7b22ea838,78df3d0803f864d1a0886278b8b007ac450437407d0c53971f2c5de618deb2cb,20160,112320
WALLABY J130130+064803,NGC 4808 TR1,NGC4808,8,profile_rejected,negative source annular moment-0 weight; no clipping is allowed,False,,,,34x36,65x34x36,177,6.000000000012,46981.55078125,29,https://ws.cadc-ccda.hia-iha.nrc-cnrc.gc.ca/data/pub/WALLABY/WALLABY_J130130+064803_NGC_4808_TR1_mom0.fits,https://ws.cadc-ccda.hia-iha.nrc-cnrc.gc.ca/data/pub/WALLABY/WALLABY_J130130+064803_NGC_4808_TR1_mask.fits,df6649ce1a276f6b301bc1db384ffceba2332541d6bc4079a5460864c2875659,03c993138f9dca7ddde6b1fc7cf0be08fd6bba59ba097978e238d1a2d06b833c,17280,92160
WALLABY J130131+050335,NGC 4808 TR1,NGC4808,8,profile_rejected,negative source annular moment-0 weight; no clipping is allowed,False,,,,42x35,85x42x35,260,6.000000000012,79542.3984375,27,https://ws.cadc-ccda.hia-iha.nrc-cnrc.gc.ca/data/pub/WALLABY/WALLABY_J130131+050335_NGC_4808_TR1_mom0.fits,https://ws.cadc-ccda.hia-iha.nrc-cnrc.gc.ca/data/pub/WALLABY/WALLABY_J130131+050335_NGC_4808_TR1_mask.fits,ce555e943d9f9c910c56b5a50a503ab2769f3a58c8c49fe8f0f7c1df9b9d0a69,162b905e922375169a52986af8a9556b453d9ba304652c861e8ea17ccc011933,20160,138240
WALLABY J130139+072923,NGC 4808 TR1,NGC4808,11,pass,,False,9,0.7793289198427313,54.000000000108,32x37,83x32x37,162,6.000000000012,61824.98828125,24,https://ws.cadc-ccda.hia-iha.nrc-cnrc.gc.ca/data/pub/WALLABY/WALLABY_J130139+072923_NGC_4808_TR1_mom0.fits,https://ws.cadc-ccda.hia-iha.nrc-cnrc.gc.ca/data/pub/WALLABY/WALLABY_J130139+072923_NGC_4808_TR1_mask.fits,2c723c23a91781403296b2e36065348750d5c30e88fbf62d05fd7e592f6460b1,b36f8ae789f3ab437f536dad82dcf7f8edf2da4e7471b14639554f77d200aad8,17280,112320
WALLABY J130143+031600,NGC 4808 TR1,NGC4808,17,profile_rejected,negative source annular moment-0 weight; no clipping is allowed,False,,,,35x39,63x35x39,189,6.000000000012,59798.4921875,23,https://ws.cadc-ccda.hia-iha.nrc-cnrc.gc.ca/data/pub/WALLABY/WALLABY_J130143+031600_NGC_4808_TR1_mom0.fits,https://ws.cadc-ccda.hia-iha.nrc-cnrc.gc.ca/data/pub/WALLABY/WALLABY_J130143+031600_NGC_4808_TR1_mask.fits,2385307481174545cdb94861d1c9857c42901a9bbc934c35d80e6acc856484a9,e5ab98d0a65a31c8d4f0346ec4ee3a9b922c9beae0aaf5a1fd9bbc9f5e19e1f0,17280,97920
WALLABY J130143+040835,NGC 4808 TR1,NGC4808,19,pass,,False,10,0.8000358665205329,60.000000000120004,33x35,67x33x35,157,6.000000000012,60546.89453125,26,https://ws.cadc-ccda.hia-iha.nrc-cnrc.gc.ca/data/pub/WALLABY/WALLABY_J130143+040835_NGC_4808_TR1_mom0.fits,https://ws.cadc-ccda.hia-iha.nrc-cnrc.gc.ca/data/pub/WALLABY/WALLABY_J130143+040835_NGC_4808_TR1_mask.fits,e4b39eec6d1fc7ebaf8c2a44460ed6bc734c7c0ffa6db0f13d570c28c217a590,0f7e642ac688942d78d9120eacddb10408c8db4aa512c7b861e357ca90dec5b1,17280,89280
WALLABY J130147+053426,NGC 4808 TR1,NGC4808,20,pass,,False,12,0.7081757565279337,72.000000000144,35x38,76x35x38,189,6.000000000012,54346.1328125,36,https://ws.cadc-ccda.hia-iha.nrc-cnrc.gc.ca/data/pub/WALLABY/WALLABY_J130147+053426_NGC_4808_TR1_mom0.fits,https://ws.cadc-ccda.hia-iha.nrc-cnrc.gc.ca/data/pub/WALLABY/WALLABY_J130147+053426_NGC_4808_TR1_mask.fits,437ec7b4bb26f374bc20210723c365f9f476369d2e682b8d45f0d253c887f617,0f12bd5d855e3c1d5e607e55780f9797e846e32585e67b3939ad8533530d7e1e,17280,115200
WALLABY J130148+045931,NGC 4808 TR1,NGC4808,14,pass,,False,17,0.6292685883006834,102.000000000204,41x43,152x41x43,379,6.000000000012,210975.9375,63,https://ws.cadc-ccda.hia-iha.nrc-cnrc.gc.ca/data/pub/WALLABY/WALLABY_J130148+045931_NGC_4808_TR1_mom0.fits,https://ws.cadc-ccda.hia-iha.nrc-cnrc.gc.ca/data/pub/WALLABY/WALLABY_J130148+045931_NGC_4808_TR1_mask.fits,c7f8552eb17944bea25f767e52d4d108631860978e189114a1ee43d00003d581,2edb3d5043533236d22299fe7d3b6d0627a04863f2c42f5c04079ebb4eea9ac1,20160,282240
WALLABY J130150+041953,NGC 4808 TR1,NGC4808,16,profile_rejected,negative source annular moment-0 weight; no clipping is allowed,False,,,,61x56,116x61x56,791,6.000000000012,214935.21875,210,https://ws.cadc-ccda.hia-iha.nrc-cnrc.gc.ca/data/pub/WALLABY/WALLABY_J130150+041953_NGC_4808_TR1_mom0.fits,https://ws.cadc-ccda.hia-iha.nrc-cnrc.gc.ca/data/pub/WALLABY/WALLABY_J130150+041953_NGC_4808_TR1_mask.fits,3c072dcfe94c48ec8f94a67df5b754367582c45e1baeeff76f86d2fbef63a68d,daac7c1e218b13f472cc45042f1a1024a8bfdb670f055de96e0bda28dbbbe6a6,25920,408960
WALLABY J130153+052307,NGC 4808 TR1,NGC4808,12,profile_rejected,negative source annular moment-0 weight; no clipping is allowed,False,,,,35x38,82x35x38,196,6.000000000012,71440.921875,33,https://ws.cadc-ccda.hia-iha.nrc-cnrc.gc.ca/data/pub/WALLABY/WALLABY_J130153+052307_NGC_4808_TR1_mom0.fits,https://ws.cadc-ccda.hia-iha.nrc-cnrc.gc.ca/data/pub/WALLABY/WALLABY_J130153+052307_NGC_4808_TR1_mask.fits,2649abc51b3210d1cdbb003f5483a13626c14064b8d3bf16c3a9423f09e22c20,32d464b13dc377ecd32c4a297b176e64e6b3e7ea55590e4eef4a790aaf5a33a4,17280,120960
WALLABY J130158+030601,NGC 4808 TR1,NGC4808,22,pass,,False,15,0.5533123105663937,90.00000000018001,35x43,93x35x43,216,6.000000000012,104047.625,27,https://ws.cadc-ccda.hia-iha.nrc-cnrc.gc.ca/data/pub/WALLABY/WALLABY_J130158+030601_NGC_4808_TR1_mom0.fits,https://ws.cadc-ccda.hia-iha.nrc-cnrc.gc.ca/data/pub/WALLABY/WALLABY_J130158+030601_NGC_4808_TR1_mask.fits,644f82c92b408270be6b52cad667d27ad6d80201ad73cf8207b02fb25756c80e,7b97cd621a9999052648639e8daeb71fdd9871d0f4e05a9cc9014944d59a8631,20160,152640
WALLABY J130209+060100,NGC 4808 TR1,NGC4808,7,pass,,False,10,0.7354807018909311,60.000000000120004,34x34,82x34x34,141,6.000000000012,30832.4765625,11,https://ws.cadc-ccda.hia-iha.nrc-cnrc.gc.ca/data/pub/WALLABY/WALLABY_J130209+060100_NGC_4808_TR1_mom0.fits,https://ws.cadc-ccda.hia-iha.nrc-cnrc.gc.ca/data/pub/WALLABY/WALLABY_J130209+060100_NGC_4808_TR1_mask.fits,0a60ee54d83234309cbd89562f62a67d48ad17a87d2b69836371dac8c7ff456d,80f7ee8e39de9ffe6621deaedbaa75d72e308f29cd1ec60907f41e1ed565f383,17280,106560
WALLABY J130214+055401,NGC 4808 TR1,NGC4808,20,profile_rejected,negative source annular moment-0 weight; no clipping is allowed,False,,,,35x40,56x35x40,223,6.000000000012,33714.2109375,31,https://ws.cadc-ccda.hia-iha.nrc-cnrc.gc.ca/data/pub/WALLABY/WALLABY_J130214+055401_NGC_4808_TR1_mom0.fits,https://ws.cadc-ccda.hia-iha.nrc-cnrc.gc.ca/data/pub/WALLABY/WALLABY_J130214+055401_NGC_4808_TR1_mask.fits,f4da2441e271079e602d547c9ea5141107a6cefcd50137d51f422557bb1d981d,0b016d25fa2c5761dc5d35a639813f749a2d0586310cfa46079de5da1434c8a8,17280,92160
WALLABY J130216+060128,NGC 4808 TR1,NGC4808,2,pass,,False,15,0.6986247687033128,90.00000000018001,43x38,92x43x38,273,6.000000000012,70494.21875,26,https://ws.cadc-ccda.hia-iha.nrc-cnrc.gc.ca/data/pub/WALLABY/WALLABY_J130216+060128_NGC_4808_TR1_mom0.fits,https://ws.cadc-ccda.hia-iha.nrc-cnrc.gc.ca/data/pub/WALLABY/WALLABY_J130216+060128_NGC_4808_TR1_mask.fits,3a3fad90f4bdc76928a3851312a433b34da63759be91303ad5ef58a522ef97fd,7966808f6a7d35d091fe8aba5fb862e27c8cdd2680a238952abc669bad05d851,20160,164160
WALLABY J130216+063321,NGC 4808 TR1,NGC4808,11,pass,,False,14,0.8414581987368699,84.000000000168,42x39,65x42x39,298,6.000000000012,80084.1015625,42,https://ws.cadc-ccda.hia-iha.nrc-cnrc.gc.ca/data/pub/WALLABY/WALLABY_J130216+063321_NGC_4808_TR1_mom0.fits,https://ws.cadc-ccda.hia-iha.nrc-cnrc.gc.ca/data/pub/WALLABY/WALLABY_J130216+063321_NGC_4808_TR1_mask.fits,01d2085686faf1b3e67b041361c9583838c16c0e2814732ba3fa642fc44d711f,091564afe71793421d3bda19751d19a2c697ee32c89c3e30ce6cd2fc2b66d29f,20160,118080
WALLABY J130224+032233,NGC 4808 TR1,NGC4808,16,profile_rejected,negative source annular moment-0 weight; no clipping is allowed,False,,,,46x43,84x46x43,370,6.000000000012,166675.859375,50,https://ws.cadc-ccda.hia-iha.nrc-cnrc.gc.ca/data/pub/WALLABY/WALLABY_J130224+032233_NGC_4808_TR1_mom0.fits,https://ws.cadc-ccda.hia-iha.nrc-cnrc.gc.ca/data/pub/WALLABY/WALLABY_J130224+032233_NGC_4808_TR1_mask.fits,aca5cc507890d3c0ca4cf2523d2ed4678702baa99e324cb392882d433c6fba5b,62c110358dd4c73996b0303de03d4fa289703d2da233182d49d4051fb9f8ff94,20160,178560
WALLABY J130228+063639,NGC 4808 TR1,NGC4808,8,pass,,False,13,0.8085199611814792,78.000000000156,39x36,62x39x36,195,6.000000000012,39331.20703125,31,https://ws.cadc-ccda.hia-iha.nrc-cnrc.gc.ca/data/pub/WALLABY/WALLABY_J130228+063639_NGC_4808_TR1_mom0.fits,https://ws.cadc-ccda.hia-iha.nrc-cnrc.gc.ca/data/pub/WALLABY/WALLABY_J130228+063639_NGC_4808_TR1_mask.fits,aee0ff4843ce4f09f3be2ade484cb589bbeb6277814c8c27074adf284b5d4b14,f0ad61cdc9badb4c2837fe5d5caf47ac8aa36956e53cb7371626b18a35113ee8,17280,100800
WALLABY J130237+044721,NGC 4808 TR1,NGC4808,21,pass,,False,13,0.8383878729156545,78.000000000156,42x38,99x42x38,259,6.000000000012,87944.453125,32,https://ws.cadc-ccda.hia-iha.nrc-cnrc.gc.ca/data/pub/WALLABY/WALLABY_J130237+044721_NGC_4808_TR1_mom0.fits,https://ws.cadc-ccda.hia-iha.nrc-cnrc.gc.ca/data/pub/WALLABY/WALLABY_J130237+044721_NGC_4808_TR1_mask.fits,174367b36af9ff6eeecc350d8c515e04ff8d8a551d2c0b71a75f863e401ea455,cd66c86722a18014434f746f1fefd3646c2864e3c85af278bf575c3659caca04,20160,169920
WALLABY J130240+050621,NGC 4808 TR1,NGC4808,9,profile_rejected,source radial support contains fewer than 8 pixel-scale annuli,False,,,,30x29,60x30x29,72,6.000000000012,19713.80859375,6,https://ws.cadc-ccda.hia-iha.nrc-cnrc.gc.ca/data/pub/WALLABY/WALLABY_J130240+050621_NGC_4808_TR1_mom0.fits,https://ws.cadc-ccda.hia-iha.nrc-cnrc.gc.ca/data/pub/WALLABY/WALLABY_J130240+050621_NGC_4808_TR1_mask.fits,a9de8c9d543001e03227736a596f5c613dc6be73a5c265b22e8cb9305f2cfa21,9fd74680533629ca72890037b8c67b4f448fd4529f78c15efd3b08df9c71f0d2,17280,66240
WALLABY J130241+055729,NGC 4808 TR1,NGC4808,17,pass,,False,19,0.6138012983824037,114.000000000228,40x44,76x40x44,366,6.000000000012,211413.46875,60,https://ws.cadc-ccda.hia-iha.nrc-cnrc.gc.ca/data/pub/WALLABY/WALLABY_J130241+055729_NGC_4808_TR1_mom0.fits,https://ws.cadc-ccda.hia-iha.nrc-cnrc.gc.ca/data/pub/WALLABY/WALLABY_J130241+055729_NGC_4808_TR1_mask.fits,490b8bd17c9850bb7be071186884215010872e428a7debe89cccb04dd156861e,b6374ae2046c6cc22f54b98a22a4ee2d9a0ce53c695b90c6dac25d536485b770,20160,146880
WALLABY J130242+032114,NGC 4808 TR1,NGC4808,12,pass,,False,12,0.5141204180743761,72.000000000144,36x30,64x36x30,90,6.000000000012,25534.212890625,1,https://ws.cadc-ccda.hia-iha.nrc-cnrc.gc.ca/data/pub/WALLABY/WALLABY_J130242+032114_NGC_4808_TR1_mom0.fits,https://ws.cadc-ccda.hia-iha.nrc-cnrc.gc.ca/data/pub/WALLABY/WALLABY_J130242+032114_NGC_4808_TR1_mask.fits,6fea61ff6134a17ea2326e8d0de5e533cc2cd83e318ca815483f18fd60c6c518,b8af5a28ee2a6b9e27270461acfc139a09cfd4eaa1f7439b95f65f41986fba91,17280,80640
WALLABY J130247+052059,NGC 4808 TR1,NGC4808,4,profile_rejected,negative source annular moment-0 weight; no clipping is allowed,False,,,,37x38,93x37x38,221,6.000000000012,54399.03125,51,https://ws.cadc-ccda.hia-iha.nrc-cnrc.gc.ca/data/pub/WALLABY/WALLABY_J130247+052059_NGC_4808_TR1_mom0.fits,https://ws.cadc-ccda.hia-iha.nrc-cnrc.gc.ca/data/pub/WALLABY/WALLABY_J130247+052059_NGC_4808_TR1_mask.fits,dad2d55bd4316e00d20ec825347d45f904a01c1c51dd9c07ab24884a2a63c838,eebf9fe400567f96c7cf6203c114984ea1891b7d1c0f42b5504c09368888bdea,17280,144000
WALLABY J130247+064707,NGC 4808 TR1,NGC4808,15,profile_rejected,negative source annular moment-0 weight; no clipping is allowed,False,,,,43x42,108x43x42,340,6.000000000012,218716.375,58,https://ws.cadc-ccda.hia-iha.nrc-cnrc.gc.ca/data/pub/WALLABY/WALLABY_J130247+064707_NGC_4808_TR1_mom0.fits,https://ws.cadc-ccda.hia-iha.nrc-cnrc.gc.ca/data/pub/WALLABY/WALLABY_J130247+064707_NGC_4808_TR1_mask.fits,d9735db4eebf111a7dcf9f206c93814df041b237f35e72216d5510613c00ea02,c88db92a3efcb28a98b3fa7cd39baeeef50422924616825dd690e7e8af941092,20160,207360
WALLABY J130254+055411,NGC 4808 TR1,NGC4808,2,profile_rejected,negative source annular moment-0 weight; no clipping is allowed,False,,,,33x36,51x33x36,151,6.000000000012,37922.5234375,29,https://ws.cadc-ccda.hia-iha.nrc-cnrc.gc.ca/data/pub/WALLABY/WALLABY_J130254+055411_NGC_4808_TR1_mom0.fits,https://ws.cadc-ccda.hia-iha.nrc-cnrc.gc.ca/data/pub/WALLABY/WALLABY_J130254+055411_NGC_4808_TR1_mask.fits,a35b012a4ebbaa97e3a5cd773160d3cb4855e5c4663eb9e889c434912c9e838a,ea3e254327c9eb3358d509ac4120a6f0f6653cac9f6390e5fd28e804d344b76f,17280,74880
WALLABY J130305+035925,NGC 4808 TR1,NGC4808,17,profile_rejected,negative source annular moment-0 weight; no clipping is allowed,False,,,,54x53,84x54x53,919,6.000000000012,1064647.875,107,https://ws.cadc-ccda.hia-iha.nrc-cnrc.gc.ca/data/pub/WALLABY/WALLABY_J130305+035925_NGC_4808_TR1_mom0.fits,https://ws.cadc-ccda.hia-iha.nrc-cnrc.gc.ca/data/pub/WALLABY/WALLABY_J130305+035925_NGC_4808_TR1_mask.fits,7446d9a3514fc540643fb6155348a32e37aa6f632d06ace1c2c5f7879c850c20,e7dc466dbee7615c7caab470e1c389c5c293fd30028d48d51e633894bd3a6635,23040,253440
WALLABY J130305+070136,NGC 4808 TR1,NGC4808,4,pass,,False,8,0.7746443157548003,48.000000000096,32x33,71x32x33,110,6.000000000012,40134.78515625,4,https://ws.cadc-ccda.hia-iha.nrc-cnrc.gc.ca/data/pub/WALLABY/WALLABY_J130305+070136_NGC_4808_TR1_mom0.fits,https://ws.cadc-ccda.hia-iha.nrc-cnrc.gc.ca/data/pub/WALLABY/WALLABY_J130305+070136_NGC_4808_TR1_mask.fits,2a221af53de24fde3d17d69f080899857a5fc287a574fe77c8f55031b3f6cb67,09b7ba7cdc356c5295d5dae9deb83ba9521185fd19524d71bbbe881459005bf4,17280,89280
WALLABY J130309+073306,NGC 4808 TR1,NGC4808,12,profile_rejected,source radial support contains fewer than 8 pixel-scale annuli,False,,,,31x29,54x31x29,75,6.000000000012,21999.953125,6,https://ws.cadc-ccda.hia-iha.nrc-cnrc.gc.ca/data/pub/WALLABY/WALLABY_J130309+073306_NGC_4808_TR1_mom0.fits,https://ws.cadc-ccda.hia-iha.nrc-cnrc.gc.ca/data/pub/WALLABY/WALLABY_J130309+073306_NGC_4808_TR1_mask.fits,76c9534a1ff96de6c3f9dc5f9c510e068fe0a2b88cb09e9bc0985361eb9408b8,927367a9d46cd15ab376a20a4e57d1701c1143f09cb14cad984f11a53307ed86,17280,60480
WALLABY J130312+080017,NGC 4808 TR1,NGC4808,12,profile_rejected,negative source annular moment-0 weight; no clipping is allowed,False,,,,36x37,54x36x37,212,6.000000000012,57913.0078125,45,https://ws.cadc-ccda.hia-iha.nrc-cnrc.gc.ca/data/pub/WALLABY/WALLABY_J130312+080017_NGC_4808_TR1_mom0.fits,https://ws.cadc-ccda.hia-iha.nrc-cnrc.gc.ca/data/pub/WALLABY/WALLABY_J130312+080017_NGC_4808_TR1_mask.fits,9fb9292818d4c69536525e61667335f82985cec4010bdb58650cf90a9434565a,dce78f430bfee7b345a773e948e7541e1128ada71f05ed71973031efebad0b3b,17280,83520
WALLABY J130315+074816,NGC 4808 TR1,NGC4808,11,pass,,False,30,0.7701507574934064,180.00000000036002,68x64,116x68x64,1432,6.000000000012,1545231.375,123,https://ws.cadc-ccda.hia-iha.nrc-cnrc.gc.ca/data/pub/WALLABY/WALLABY_J130315+074816_NGC_4808_TR1_mom0.fits,https://ws.cadc-ccda.hia-iha.nrc-cnrc.gc.ca/data/pub/WALLABY/WALLABY_J130315+074816_NGC_4808_TR1_mask.fits,04e12d5a299e2a9866c552e6e45b2f4a16b317a713865cee1fec3b761094a70a,ba84698b00f3718d01581c642ad2d9bd4cc1f2f863eccb4f643fd7664d1c9f67,31680,518400
WALLABY J130316+044405,NGC 4808 TR1,NGC4808,16,pass,,False,16,0.6796442530609761,96.000000000192,39x41,122x39x41,325,6.000000000012,121209.7890625,71,https://ws.cadc-ccda.hia-iha.nrc-cnrc.gc.ca/data/pub/WALLABY/WALLABY_J130316+044405_NGC_4808_TR1_mom0.fits,https://ws.cadc-ccda.hia-iha.nrc-cnrc.gc.ca/data/pub/WALLABY/WALLABY_J130316+044405_NGC_4808_TR1_mask.fits,a927aa69987d338195e4953f903fc6935bb1253452c71c2b11e90208ea3ad7c9,b4e4b9f794741a3d17204b4f23305cfc743e4a4d3b99877c9cd36e4acdbe2439,20160,207360
WALLABY J130317+043547,NGC 4808 TR1,NGC4808,16,profile_rejected,negative source annular moment-0 weight; no clipping is allowed,False,,,,46x54,107x46x54,688,6.000000000012,386977.5625,119,https://ws.cadc-ccda.hia-iha.nrc-cnrc.gc.ca/data/pub/WALLABY/WALLABY_J130317+043547_NGC_4808_TR1_mom0.fits,https://ws.cadc-ccda.hia-iha.nrc-cnrc.gc.ca/data/pub/WALLABY/WALLABY_J130317+043547_NGC_4808_TR1_mask.fits,a10286d65dbefc6ee9f2ddc4d94c5fdbff1e9346dd11854aaa209b78815779e8,0a16e552d5c476b1107e7e011b62909d75728bb1e9e85b1f346b5a83b42cfb44,23040,279360
WALLABY J130322+073646,NGC 4808 TR1,NGC4808,10,pass,,False,16,0.6529844335125591,96.000000000192,42x41,66x42x41,318,6.000000000012,83624.140625,58,https://ws.cadc-ccda.hia-iha.nrc-cnrc.gc.ca/data/pub/WALLABY/WALLABY_J130322+073646_NGC_4808_TR1_mom0.fits,https://ws.cadc-ccda.hia-iha.nrc-cnrc.gc.ca/data/pub/WALLABY/WALLABY_J130322+073646_NGC_4808_TR1_mask.fits,5766fa9843fa60bd25413c9b28d72ab2993c964a42babf01ebcb15a51e718e7a,ca9c22f60780f31305fa3b0d3e911c81806929497535b125eec8abd057beb061,20160,126720
WALLABY J130330+081941,NGC 4808 TR1,NGC4808,4,pass,,False,12,0.8497104835440032,72.000000000144,38x39,72x38x39,250,6.000000000012,149555.28125,20,https://ws.cadc-ccda.hia-iha.nrc-cnrc.gc.ca/data/pub/WALLABY/WALLABY_J130330+081941_NGC_4808_TR1_mom0.fits,https://ws.cadc-ccda.hia-iha.nrc-cnrc.gc.ca/data/pub/WALLABY/WALLABY_J130330+081941_NGC_4808_TR1_mask.fits,45e5b90afd3f57eb1c0c13f35bc705de189cfb3ac4ab205f5fa90118e97edf1a,4ba13ff89d903740c5b6dc4d727928901519d092c2753cbd0ee495fe5b7c3e85,20160,120960
WALLABY J130331+075810,NGC 4808 TR1,NGC4808,21,pass,,False,13,0.7097105329739933,78.000000000156,39x40,101x39x40,290,6.000000000012,196448.0625,33,https://ws.cadc-ccda.hia-iha.nrc-cnrc.gc.ca/data/pub/WALLABY/WALLABY_J130331+075810_NGC_4808_TR1_mom0.fits,https://ws.cadc-ccda.hia-iha.nrc-cnrc.gc.ca/data/pub/WALLABY/WALLABY_J130331+075810_NGC_4808_TR1_mask.fits,a0eea7f4796652102cd056f9ec556566b25647f2ae0ef730f1c678ac40f5224c,3c68e87dfbd923148f58df6aa30ca3401c3c00f5926f4e9de67d57933de8427b,20160,169920
WALLABY J130338+075404,NGC 4808 TR1,NGC4808,4,pass,,False,11,0.7186947831664032,66.000000000132,35x29,93x35x29,167,6.000000000012,61992.18359375,23,https://ws.cadc-ccda.hia-iha.nrc-cnrc.gc.ca/data/pub/WALLABY/WALLABY_J130338+075404_NGC_4808_TR1_mom0.fits,https://ws.cadc-ccda.hia-iha.nrc-cnrc.gc.ca/data/pub/WALLABY/WALLABY_J130338+075404_NGC_4808_TR1_mask.fits,6c36030822b3e103df35254f75e045185beb7216a08ef235bde056e90b6bae65,4a38a2e0ff0d0be690b3793bb0187326a762c444e5437a0153169ec468a07bc3,17280,106560
WALLABY J130339+043644,NGC 4808 TR1,NGC4808,12,pass,,False,15,0.82899840785493,90.00000000018001,37x39,87x37x39,222,6.000000000012,90510.609375,37,https://ws.cadc-ccda.hia-iha.nrc-cnrc.gc.ca/data/pub/WALLABY/WALLABY_J130339+043644_NGC_4808_TR1_mom0.fits,https://ws.cadc-ccda.hia-iha.nrc-cnrc.gc.ca/data/pub/WALLABY/WALLABY_J130339+043644_NGC_4808_TR1_mask.fits,de4f424e1d377e8c0d97f381775bc6bbeaea22b20228bce9a805506fc669a7eb,a71f40f0cc670f55205d851fdc2c1e9da903ffe1318e2cacf96eb5e988313483,20160,138240
WALLABY J130342+055733,NGC 4808 TR1,NGC4808,5,pass,,False,9,0.851846442139634,54.000000000108,32x36,82x32x36,142,6.000000000012,44384.7890625,14,https://ws.cadc-ccda.hia-iha.nrc-cnrc.gc.ca/data/pub/WALLABY/WALLABY_J130342+055733_NGC_4808_TR1_mom0.fits,https://ws.cadc-ccda.hia-iha.nrc-cnrc.gc.ca/data/pub/WALLABY/WALLABY_J130342+055733_NGC_4808_TR1_mask.fits,7438109c49eda5e15678300f12224e93f05e20f80cc0b9ea3d91e2233676adb4,576dbf9d89799d0e7d19dcbcb2bf5d03294feaaca1e135357f4fd391c26f7c8e,17280,106560
WALLABY J130344+061920,NGC 4808 TR1,NGC4808,7,pass,,False,14,0.6314691936301734,84.000000000168,35x44,97x35x44,266,6.000000000012,120492.515625,36,https://ws.cadc-ccda.hia-iha.nrc-cnrc.gc.ca/data/pub/WALLABY/WALLABY_J130344+061920_NGC_4808_TR1_mom0.fits,https://ws.cadc-ccda.hia-iha.nrc-cnrc.gc.ca/data/pub/WALLABY/WALLABY_J130344+061920_NGC_4808_TR1_mask.fits,3b99404314a3526a727de17dfe6fdd62d635a68dc72127b571edde78e9845f43,9965f1a10dead1864db95398efd59a5344f975b6a928ae6b3444f5020491a638,20160,161280
WALLABY J130349+072123,NGC 4808 TR1,NGC4808,14,profile_rejected,negative source annular moment-0 weight; no clipping is allowed,False,,,,33x35,76x33x35,152,6.000000000012,58796.328125,27,https://ws.cadc-ccda.hia-iha.nrc-cnrc.gc.ca/data/pub/WALLABY/WALLABY_J130349+072123_NGC_4808_TR1_mom0.fits,https://ws.cadc-ccda.hia-iha.nrc-cnrc.gc.ca/data/pub/WALLABY/WALLABY_J130349+072123_NGC_4808_TR1_mask.fits,4836f015e936943d6ed03463a3e61711110cbe9ba59c611a8c7041084e53ea67,eb57d9827e09b85333b7bb65b1d6845fb24e19ed53bf3ffec731b672296bdd82,17280,100800
WALLABY J130358+054204,NGC 4808 TR1,NGC4808,11,pass,,False,28,0.4898548326549459,168.000000000336,47x54,188x47x54,541,6.000000000012,243944.828125,78,https://ws.cadc-ccda.hia-iha.nrc-cnrc.gc.ca/data/pub/WALLABY/WALLABY_J130358+054204_NGC_4808_TR1_mom0.fits,https://ws.cadc-ccda.hia-iha.nrc-cnrc.gc.ca/data/pub/WALLABY/WALLABY_J130358+054204_NGC_4808_TR1_mask.fits,041c7d8c78814c6b2496e5724f1da6b1d57909f32c82ecc93964574ef6bb2724,b8878e68f462fe8df59905f2e4f3adb24b812a2f1d8c0625e0c81f9cadc93e8a,23040,489600
WALLABY J130400+040855,NGC 4808 TR1,NGC4808,21,profile_rejected,negative source annular moment-0 weight; no clipping is allowed,False,,,,34x32,63x34x32,124,6.000000000012,30646.396484375,20,https://ws.cadc-ccda.hia-iha.nrc-cnrc.gc.ca/data/pub/WALLABY/WALLABY_J130400+040855_NGC_4808_TR1_mom0.fits,https://ws.cadc-ccda.hia-iha.nrc-cnrc.gc.ca/data/pub/WALLABY/WALLABY_J130400+040855_NGC_4808_TR1_mask.fits,27ea194c7950555ab9441c575d6cef75990e2eeee241423f23837a598366f2e5,50d2cd590a661c0be95b115f8fddab3d79b611d279f5b237d7f5a041651846f5,17280,80640
WALLABY J130406+044139,NGC 4808 TR1,NGC4808,19,profile_rejected,negative source annular moment-0 weight; no clipping is allowed,False,,,,32x35,76x32x35,144,6.000000000012,44547.80859375,27,https://ws.cadc-ccda.hia-iha.nrc-cnrc.gc.ca/data/pub/WALLABY/WALLABY_J130406+044139_NGC_4808_TR1_mom0.fits,https://ws.cadc-ccda.hia-iha.nrc-cnrc.gc.ca/data/pub/WALLABY/WALLABY_J130406+044139_NGC_4808_TR1_mask.fits,5a4814d65965e7c285a603abacc77e7ff34587997b040326f6e6fe6f13bf7c9a,ca13aac645bc595d351d82306b8ca5ecac3fabb6eb6ee8f3c3e5a745a7814fdf,17280,97920
WALLABY J130407+053333,NGC 4808 TR1,NGC4808,15,profile_rejected,negative source annular moment-0 weight; no clipping is allowed,False,,,,43x43,87x43x43,391,6.000000000012,295069.71875,93,https://ws.cadc-ccda.hia-iha.nrc-cnrc.gc.ca/data/pub/WALLABY/WALLABY_J130407+053333_NGC_4808_TR1_mom0.fits,https://ws.cadc-ccda.hia-iha.nrc-cnrc.gc.ca/data/pub/WALLABY/WALLABY_J130407+053333_NGC_4808_TR1_mask.fits,432169cd10bae57e4e02e3628229b4112ddd333a53760bd8136d50be6e9c53ff,73413766011939206955e58dbbb0eb6084b14cb3b7be4fabefa98b359f9d4cfb,20160,172800
WALLABY J130410+052910,NGC 4808 TR1,NGC4808,21,profile_rejected,negative source annular moment-0 weight; no clipping is allowed,False,,,,42x38,80x42x38,292,6.000000000012,110860.59375,40,https://ws.cadc-ccda.hia-iha.nrc-cnrc.gc.ca/data/pub/WALLABY/WALLABY_J130410+052910_NGC_4808_TR1_mom0.fits,https://ws.cadc-ccda.hia-iha.nrc-cnrc.gc.ca/data/pub/WALLABY/WALLABY_J130410+052910_NGC_4808_TR1_mask.fits,5916318a134ed731b10097b59ab5a2a0224e8a0eff24fc2a002f33a7aede8dc6,a296255dc7bcb6004209a889281b6ee3c51b31f2ba2cc50f5eda0c826097934b,20160,141120
WALLABY J130412+043057,NGC 4808 TR1,NGC4808,8,profile_rejected,negative source annular moment-0 weight; no clipping is allowed,False,,,,35x35,80x35x35,169,6.000000000012,59914.61328125,41,https://ws.cadc-ccda.hia-iha.nrc-cnrc.gc.ca/data/pub/WALLABY/WALLABY_J130412+043057_NGC_4808_TR1_mom0.fits,https://ws.cadc-ccda.hia-iha.nrc-cnrc.gc.ca/data/pub/WALLABY/WALLABY_J130412+043057_NGC_4808_TR1_mask.fits,c83e17da63bcfb5becd99612cbdefdae550f48904c29bad6024d7887ef985078,7a4a061ac360ff98fa909e6b3fb89fe01c61a2f5aaea7f8b8c908384cfda3b2a,17280,112320
WALLABY J130419+081330,NGC 4808 TR1,NGC4808,15,pass,,False,13,0.6121703031887227,78.000000000156,35x38,57x35x38,199,6.000000000012,54335.4921875,18,https://ws.cadc-ccda.hia-iha.nrc-cnrc.gc.ca/data/pub/WALLABY/WALLABY_J130419+081330_NGC_4808_TR1_mom0.fits,https://ws.cadc-ccda.hia-iha.nrc-cnrc.gc.ca/data/pub/WALLABY/WALLABY_J130419+081330_NGC_4808_TR1_mask.fits,0ce988ee3d3fbe998397b820dce15ad471625f8096699a052d7776b5f848ac32,fb7b2da728e391c963f05b9c7cffd833972665ab4cbdffec89b281413d16c290,17280,89280
WALLABY J130428+043155,NGC 4808 TR1,NGC4808,21,pass,,False,21,0.6460885638871106,126.000000000252,44x42,93x44x42,345,6.000000000012,129148.5703125,53,https://ws.cadc-ccda.hia-iha.nrc-cnrc.gc.ca/data/pub/WALLABY/WALLABY_J130428+043155_NGC_4808_TR1_mom0.fits,https://ws.cadc-ccda.hia-iha.nrc-cnrc.gc.ca/data/pub/WALLABY/WALLABY_J130428+043155_NGC_4808_TR1_mask.fits,93d05ba73fb4ac2bfaa6c788edcd0535e3fa5af9cd3889e86c30bf3d01d7b38e,139718c3129566610d508de8a56f3255a3d8bcaafe3bdddbc2adcb94499ad2fe,20160,184320
WALLABY J130436+045341,NGC 4808 TR1,NGC4808,17,profile_rejected,negative source annular moment-0 weight; no clipping is allowed,False,,,,35x36,57x35x36,174,6.000000000012,32884.9453125,32,https://ws.cadc-ccda.hia-iha.nrc-cnrc.gc.ca/data/pub/WALLABY/WALLABY_J130436+045341_NGC_4808_TR1_mom0.fits,https://ws.cadc-ccda.hia-iha.nrc-cnrc.gc.ca/data/pub/WALLABY/WALLABY_J130436+045341_NGC_4808_TR1_mask.fits,9a00d4938265e5554c5da71caa89eb40bf60597608e69037f87eb92424403684,78d5e4c99ad50be0c4f1396b4a32f6c95f6d37bede4b24605561d50db445dd3b,17280,83520
WALLABY J130438+034245,NGC 4808 TR1,NGC4808,18,profile_rejected,negative source annular moment-0 weight; no clipping is allowed,False,,,,36x37,130x36x37,194,6.000000000012,79428.328125,26,https://ws.cadc-ccda.hia-iha.nrc-cnrc.gc.ca/data/pub/WALLABY/WALLABY_J130438+034245_NGC_4808_TR1_mom0.fits,https://ws.cadc-ccda.hia-iha.nrc-cnrc.gc.ca/data/pub/WALLABY/WALLABY_J130438+034245_NGC_4808_TR1_mask.fits,0aa1f03689db8d44d48e5cf10ebfc0399c886c5fbefa365808857e7bfd426b3e,ed8acb391d86504959e2135dcbc1185ea4123957095ddf66c7329bd6a305448f,17280,187200
WALLABY J130438+061203,NGC 4808 TR1,NGC4808,20,profile_rejected,negative source annular moment-0 weight; no clipping is allowed,False,,,,42x41,117x42x41,311,6.000000000012,149246.03125,74,https://ws.cadc-ccda.hia-iha.nrc-cnrc.gc.ca/data/pub/WALLABY/WALLABY_J130438+061203_NGC_4808_TR1_mom0.fits,https://ws.cadc-ccda.hia-iha.nrc-cnrc.gc.ca/data/pub/WALLABY/WALLABY_J130438+061203_NGC_4808_TR1_mask.fits,468d502ad1efb4917739587fc577ee18ee7df0cca65c53d7cebde33ed22e0823,7611d225fcfff63427d408623e7f55e75fe33f897f9d4e52dd3fb00efbe617b9,20160,213120
WALLABY J130440+075733,NGC 4808 TR1,NGC4808,9,pass,,False,12,0.6570931827444547,72.000000000144,41x33,104x41x33,190,6.000000000012,81045.640625,21,https://ws.cadc-ccda.hia-iha.nrc-cnrc.gc.ca/data/pub/WALLABY/WALLABY_J130440+075733_NGC_4808_TR1_mom0.fits,https://ws.cadc-ccda.hia-iha.nrc-cnrc.gc.ca/data/pub/WALLABY/WALLABY_J130440+075733_NGC_4808_TR1_mask.fits,c3c865da3a9206851f0cc2bdf1cc3a44c3a23e583af9809ce7b51f855eec102f,650db75d367762a14e2b22fb061315d4724bdd955a4b918fa078a25bb1f4fcf4,17280,152640
WALLABY J130445+062514,NGC 4808 TR1,NGC4808,23,pass,,False,16,0.8873371357737991,96.000000000192,42x38,80x42x38,229,6.000000000012,43555.51171875,19,https://ws.cadc-ccda.hia-iha.nrc-cnrc.gc.ca/data/pub/WALLABY/WALLABY_J130445+062514_NGC_4808_TR1_mom0.fits,https://ws.cadc-ccda.hia-iha.nrc-cnrc.gc.ca/data/pub/WALLABY/WALLABY_J130445+062514_NGC_4808_TR1_mask.fits,79b6a6143f922aac4cae3942b4eb22e3fdd0c3417c6698aa3b06027b254d172e,60a4cdf58e9b11c2a8acfc0f78e06f9abad1778069578aaf34b8d773e3b03fa9,20160,141120
WALLABY J130504+071549,NGC 4808 TR1,NGC4808,17,pass,,False,13,0.750757561617128,78.000000000156,37x40,93x37x40,225,6.000000000012,71133.7890625,28,https://ws.cadc-ccda.hia-iha.nrc-cnrc.gc.ca/data/pub/WALLABY/WALLABY_J130504+071549_NGC_4808_TR1_mom0.fits,https://ws.cadc-ccda.hia-iha.nrc-cnrc.gc.ca/data/pub/WALLABY/WALLABY_J130504+071549_NGC_4808_TR1_mask.fits,e9b9e69c3efb90b114e47b31c58003e613f85709ea3a936df71f74b12dab4889,c819c3612fb173fca0bf5b117a1af60d26d564e457f20a98dcf70a4b43b14838,20160,149760
WALLABY J130510+053040,NGC 4808 TR1,NGC4808,12,profile_rejected,negative source annular moment-0 weight; no clipping is allowed,False,,,,34x34,69x34x34,139,6.000000000012,49642.7265625,22,https://ws.cadc-ccda.hia-iha.nrc-cnrc.gc.ca/data/pub/WALLABY/WALLABY_J130510+053040_NGC_4808_TR1_mom0.fits,https://ws.cadc-ccda.hia-iha.nrc-cnrc.gc.ca/data/pub/WALLABY/WALLABY_J130510+053040_NGC_4808_TR1_mask.fits,a7eb13ebb5edf052af19335ea44d4946b70fbe10a216c1fafd5f2cb09c197a3d,ac4df61516925885a1bdfe0a96e64ef1825c65bea86c92212c65dbb24adc2656,17280,92160
WALLABY J130512+034927,NGC 4808 TR1,NGC4808,0,pass,,False,13,0.6232069449982302,78.000000000156,35x40,82x35x40,212,6.000000000012,69864.765625,24,https://ws.cadc-ccda.hia-iha.nrc-cnrc.gc.ca/data/pub/WALLABY/WALLABY_J130512+034927_NGC_4808_TR1_mom0.fits,https://ws.cadc-ccda.hia-iha.nrc-cnrc.gc.ca/data/pub/WALLABY/WALLABY_J130512+034927_NGC_4808_TR1_mask.fits,3f539fc5d463cd86a0454a1302b341aa4c342813147a45e2d619ec487ab2dcb0,bb9070a92394887bf4c95c0ec7c97450af5c7c18e81685dbae881d48a75299d2,17280,126720
WALLABY J130512+083423,NGC 4808 TR1,NGC4808,12,profile_rejected,negative source annular moment-0 weight; no clipping is allowed,False,,,,43x32,71x43x32,268,6.000000000012,125816.796875,29,https://ws.cadc-ccda.hia-iha.nrc-cnrc.gc.ca/data/pub/WALLABY/WALLABY_J130512+083423_NGC_4808_TR1_mom0.fits,https://ws.cadc-ccda.hia-iha.nrc-cnrc.gc.ca/data/pub/WALLABY/WALLABY_J130512+083423_NGC_4808_TR1_mask.fits,4bd7e8a40047a0678f0d887f78efa5044dddef793aef4ff664facbec6fff4e45,3c3d25d5a54a1c58aa827e6ff065ce07d602443efc6340a60d3c7bdd636119ea,17280,109440
WALLABY J130522+043840,NGC 4808 TR1,NGC4808,8,pass,,False,13,0.8440915093549556,78.000000000156,41x42,99x41x42,367,6.000000000012,121781.5546875,29,https://ws.cadc-ccda.hia-iha.nrc-cnrc.gc.ca/data/pub/WALLABY/WALLABY_J130522+043840_NGC_4808_TR1_mom0.fits,https://ws.cadc-ccda.hia-iha.nrc-cnrc.gc.ca/data/pub/WALLABY/WALLABY_J130522+043840_NGC_4808_TR1_mask.fits,2b9159e60d19e52e6da354ad2510ea674c1d415a8989904cd2bb64c2ae092fe1,62ce9fb721452ca0cc670e6b699d5bd95dbe5005a2265b177b524d758dd41820,20160,184320
WALLABY J130535+041627,NGC 4808 TR1,NGC4808,3,pass,,False,14,0.7449893636128367,84.000000000168,39x40,116x39x40,275,6.000000000012,151183.890625,45,https://ws.cadc-ccda.hia-iha.nrc-cnrc.gc.ca/data/pub/WALLABY/WALLABY_J130535+041627_NGC_4808_TR1_mom0.fits,https://ws.cadc-ccda.hia-iha.nrc-cnrc.gc.ca/data/pub/WALLABY/WALLABY_J130535+041627_NGC_4808_TR1_mask.fits,4f42e26dd3ea219f394d7a899ade9e5268bcad0f613dfafa313efcaf8a75df47,0ed12ade9d1dbdd65be872ee713f23ed74db381ce59812a6dae6505cb2f01d85,20160,192960
WALLABY J130535+051140,NGC 4808 TR1,NGC4808,5,pass,,False,10,0.8514878506087838,60.000000000120004,34x37,78x34x37,171,6.000000000012,65532.0859375,33,https://ws.cadc-ccda.hia-iha.nrc-cnrc.gc.ca/data/pub/WALLABY/WALLABY_J130535+051140_NGC_4808_TR1_mom0.fits,https://ws.cadc-ccda.hia-iha.nrc-cnrc.gc.ca/data/pub/WALLABY/WALLABY_J130535+051140_NGC_4808_TR1_mask.fits,2b3f0ef27c2dd47b80481ebd71abacea12d9201a37fe70299a04ff16aca82bf3,8aa9e4fd84c7ccf20ae9d72179d79c989daae2e63cb93d92bde172756031fd07,17280,112320
WALLABY J130544+073310,NGC 4808 TR1,NGC4808,7,pass,,False,15,0.7638766544672411,90.00000000018001,46x37,85x46x37,281,6.000000000012,85956.7734375,52,https://ws.cadc-ccda.hia-iha.nrc-cnrc.gc.ca/data/pub/WALLABY/WALLABY_J130544+073310_NGC_4808_TR1_mom0.fits,https://ws.cadc-ccda.hia-iha.nrc-cnrc.gc.ca/data/pub/WALLABY/WALLABY_J130544+073310_NGC_4808_TR1_mask.fits,1a7a29f7b9b7d832b05025bac63d027762d62aa46b4eb0ab30b760d11ca794c9,473c34728dc87214818e6c2c86ee38a43c282f80ff1a911ec0a44ab428065c6e,20160,158400
WALLABY J130555+033208,NGC 4808 TR1,NGC4808,5,profile_rejected,negative source annular moment-0 weight; no clipping is allowed,False,,,,39x37,79x39x37,251,6.000000000012,86231.5546875,23,https://ws.cadc-ccda.hia-iha.nrc-cnrc.gc.ca/data/pub/WALLABY/WALLABY_J130555+033208_NGC_4808_TR1_mom0.fits,https://ws.cadc-ccda.hia-iha.nrc-cnrc.gc.ca/data/pub/WALLABY/WALLABY_J130555+033208_NGC_4808_TR1_mask.fits,c03bad7bdf0bc800798cc3eae78b51783136cad4869bfeecbfc28406387f847d,a77e2a6d3c3bc61bdc67c055dbe1e4d380b97e0af3749a9ea123c2c341e89091,20160,126720
WALLABY J130558+035723,NGC 4808 TR1,NGC4808,10,profile_rejected,negative source annular moment-0 weight; no clipping is allowed,False,,,,42x72,163x42x72,765,6.000000000012,510634.65625,130,https://ws.cadc-ccda.hia-iha.nrc-cnrc.gc.ca/data/pub/WALLABY/WALLABY_J130558+035723_NGC_4808_TR1_mom0.fits,https://ws.cadc-ccda.hia-iha.nrc-cnrc.gc.ca/data/pub/WALLABY/WALLABY_J130558+035723_NGC_4808_TR1_mask.fits,f4bc4b18593c32a44d8102c7d36bdfbf6ec6d977aa05b8e2654a425c9be3f84e,28f4a9f2af5cc1381ce591b22c6bc09d0514aadf5a6a48fdcee44bdb226c0086,25920,506880
WALLABY J130609+040911,NGC 4808 TR1,NGC4808,0,pass,,False,11,0.6519339599443463,66.000000000132,36x35,101x36x35,166,6.000000000012,70384.53125,14,https://ws.cadc-ccda.hia-iha.nrc-cnrc.gc.ca/data/pub/WALLABY/WALLABY_J130609+040911_NGC_4808_TR1_mom0.fits,https://ws.cadc-ccda.hia-iha.nrc-cnrc.gc.ca/data/pub/WALLABY/WALLABY_J130609+040911_NGC_4808_TR1_mask.fits,56624ca211a4bfa63966b4642f7483bdb810db0f8e8fb34303042147aca5d660,4337b128ed26fa92137fd383935e46eb93764639ce7d659c2a6da88c36ff02be,17280,141120
WALLABY J130620+040901,NGC 4808 TR1,NGC4808,20,profile_rejected,negative source annular moment-0 weight; no clipping is allowed,False,,,,33x46,72x33x46,207,6.000000000012,79685.203125,27,https://ws.cadc-ccda.hia-iha.nrc-cnrc.gc.ca/data/pub/WALLABY/WALLABY_J130620+040901_NGC_4808_TR1_mom0.fits,https://ws.cadc-ccda.hia-iha.nrc-cnrc.gc.ca/data/pub/WALLABY/WALLABY_J130620+040901_NGC_4808_TR1_mask.fits,ed2abebd32b16c45ba97d8cd4ab767241518413e51e0ac69645178b370d8a5a0,4baf4182262c912fdfd2f54cbc4ee657a8bafa394e0bd251de62c15d6270a837,20160,120960
WALLABY J130623+052247,NGC 4808 TR1,NGC4808,18,pass,,False,14,0.5976097796562759,84.000000000168,38x41,92x38x41,253,6.000000000012,80828.84375,32,https://ws.cadc-ccda.hia-iha.nrc-cnrc.gc.ca/data/pub/WALLABY/WALLABY_J130623+052247_NGC_4808_TR1_mom0.fits,https://ws.cadc-ccda.hia-iha.nrc-cnrc.gc.ca/data/pub/WALLABY/WALLABY_J130623+052247_NGC_4808_TR1_mask.fits,155e8588a82f42365df48f3d577eec50181136f097171173740b0023207ddd01,c65910ba08365e4ff99319c65978716dc9da56cdb8fa305cbb758fa151e4ef77,20160,155520
WALLABY J130635+042739,NGC 4808 TR1,NGC4808,6,profile_rejected,negative source annular moment-0 weight; no clipping is allowed,False,,,,37x43,89x37x43,289,6.000000000012,150466.046875,73,https://ws.cadc-ccda.hia-iha.nrc-cnrc.gc.ca/data/pub/WALLABY/WALLABY_J130635+042739_NGC_4808_TR1_mom0.fits,https://ws.cadc-ccda.hia-iha.nrc-cnrc.gc.ca/data/pub/WALLABY/WALLABY_J130635+042739_NGC_4808_TR1_mask.fits,ba8ac93c3a263e2cad3bf6a6d5f190dc09926eb257968b51e51b678c91a3914e,2b574ec42370de491686ea0c149bf1108f4537350b3d7e9618a7f43c1befb6db,20160,155520
WALLABY J130656+074407,NGC 4808 TR1,NGC4808,16,pass,,False,19,0.5222903643760876,114.000000000228,44x41,99x44x41,362,6.000000000012,158422.765625,54,https://ws.cadc-ccda.hia-iha.nrc-cnrc.gc.ca/data/pub/WALLABY/WALLABY_J130656+074407_NGC_4808_TR1_mom0.fits,https://ws.cadc-ccda.hia-iha.nrc-cnrc.gc.ca/data/pub/WALLABY/WALLABY_J130656+074407_NGC_4808_TR1_mask.fits,f77f73ff64b2a45a57f5c990a0cd3df4bdd51ae1e6ac60930e372459770ba4e8,4150cb7253d13537bbeeb43502550e18f4fb880fe51a89008ff6bbefae32f641,20160,192960
WALLABY J130658+065934,NGC 4808 TR1,NGC4808,4,profile_rejected,negative source annular moment-0 weight; no clipping is allowed,False,,,,37x38,70x37x38,177,6.000000000012,50371.21875,22,https://ws.cadc-ccda.hia-iha.nrc-cnrc.gc.ca/data/pub/WALLABY/WALLABY_J130658+065934_NGC_4808_TR1_mom0.fits,https://ws.cadc-ccda.hia-iha.nrc-cnrc.gc.ca/data/pub/WALLABY/WALLABY_J130658+065934_NGC_4808_TR1_mask.fits,c3201c800ebcf0b0fc8b7b98df59d22d1500fd00b923d99ab091f520e9f55124,5cab29d03a2005016a5505f9f1b563d939986bf4d4ef1e2b71b5fab984493bd3,17280,112320
WALLABY J130659+042805,NGC 4808 TR1,NGC4808,8,profile_rejected,negative source annular moment-0 weight; no clipping is allowed,False,,,,42x41,87x42x41,233,6.000000000012,85542.4140625,43,https://ws.cadc-ccda.hia-iha.nrc-cnrc.gc.ca/data/pub/WALLABY/WALLABY_J130659+042805_NGC_4808_TR1_mom0.fits,https://ws.cadc-ccda.hia-iha.nrc-cnrc.gc.ca/data/pub/WALLABY/WALLABY_J130659+042805_NGC_4808_TR1_mask.fits,739b0c37094bc7b4fee36d899ee370577d7f69de1db382874564073c06713801,5553d5ad79dd75abe5719c728d892cb65050370bb184b5a147983fa83b83c5a8,20160,164160
WALLABY J130659+045802,NGC 4808 TR1,NGC4808,23,profile_rejected,negative source annular moment-0 weight; no clipping is allowed,False,,,,34x33,91x34x33,131,6.000000000012,55889.81640625,5,https://ws.cadc-ccda.hia-iha.nrc-cnrc.gc.ca/data/pub/WALLABY/WALLABY_J130659+045802_NGC_4808_TR1_mom0.fits,https://ws.cadc-ccda.hia-iha.nrc-cnrc.gc.ca/data/pub/WALLABY/WALLABY_J130659+045802_NGC_4808_TR1_mask.fits,49e0e255018471fcd2f475646b7157f47b2e86a9f2e9ec1772c475f4b9932f6d,70c329c5f8f8806a9071000486e4fabc26dd79e0cbd625c29b6290b9c2c8f767,17280,115200
WALLABY J130705+031317,NGC 4808 TR1,NGC4808,14,profile_rejected,negative source annular moment-0 weight; no clipping is allowed,False,,,,36x40,112x36x40,206,6.000000000012,122200.71875,32,https://ws.cadc-ccda.hia-iha.nrc-cnrc.gc.ca/data/pub/WALLABY/WALLABY_J130705+031317_NGC_4808_TR1_mom0.fits,https://ws.cadc-ccda.hia-iha.nrc-cnrc.gc.ca/data/pub/WALLABY/WALLABY_J130705+031317_NGC_4808_TR1_mask.fits,37ac4608782af12d6f88b5ebf68cb024f86e86b44f03dbcd69c0325b58a29e6e,7eced031e927ee11c26ec598a83746f0ae55d950cfedd8073e03cde422d0cf40,17280,172800
WALLABY J130721+070242,NGC 4808 TR1,NGC4808,5,pass,,False,11,0.7823532403881298,66.000000000132,34x35,73x34x35,153,6.000000000012,40971.0078125,24,https://ws.cadc-ccda.hia-iha.nrc-cnrc.gc.ca/data/pub/WALLABY/WALLABY_J130721+070242_NGC_4808_TR1_mom0.fits,https://ws.cadc-ccda.hia-iha.nrc-cnrc.gc.ca/data/pub/WALLABY/WALLABY_J130721+070242_NGC_4808_TR1_mask.fits,342739f63a223d44979421a6f1d037c748fd67f964f1453ccbcefb665198ad7a,2d492460052528a255179403f5ab44e478555a4e5f0156a4ca4db2f8185b9b78,17280,100800
WALLABY J130727+044550,NGC 4808 TR1,NGC4808,9,pass,,False,16,0.5768925229944755,96.000000000192,38x43,144x38x43,279,6.000000000012,184419.125,24,https://ws.cadc-ccda.hia-iha.nrc-cnrc.gc.ca/data/pub/WALLABY/WALLABY_J130727+044550_NGC_4808_TR1_mom0.fits,https://ws.cadc-ccda.hia-iha.nrc-cnrc.gc.ca/data/pub/WALLABY/WALLABY_J130727+044550_NGC_4808_TR1_mask.fits,c99ec1d12e0111fd616b286a1709db24d3ab83e6bd62144cae95c91f7cf1483f,ccd1408f84650149f68fad9de8adad599c3b1e87b040e8c0f02b72cfa4da4166,20160,247680
WALLABY J130727+082924,NGC 4808 TR1,NGC4808,19,profile_rejected,source radial support contains fewer than 8 pixel-scale annuli,False,,,,31x32,79x31x32,107,6.000000000012,75404.1171875,9,https://ws.cadc-ccda.hia-iha.nrc-cnrc.gc.ca/data/pub/WALLABY/WALLABY_J130727+082924_NGC_4808_TR1_mom0.fits,https://ws.cadc-ccda.hia-iha.nrc-cnrc.gc.ca/data/pub/WALLABY/WALLABY_J130727+082924_NGC_4808_TR1_mask.fits,1e30b9e7f03e2697c2b38229343893dc01b3a8d960ca6005e9e94d560ed0aae3,097fbda9ed743a2ac9263b2ca2eb8f4f44250c42dac516b75a8ead0da7a30f21,17280,92160
WALLABY J130738+041709,NGC 4808 TR1,NGC4808,3,profile_rejected,source radial support contains fewer than 8 pixel-scale annuli,False,,,,32x31,67x32x31,106,6.000000000012,46067.765625,9,https://ws.cadc-ccda.hia-iha.nrc-cnrc.gc.ca/data/pub/WALLABY/WALLABY_J130738+041709_NGC_4808_TR1_mom0.fits,https://ws.cadc-ccda.hia-iha.nrc-cnrc.gc.ca/data/pub/WALLABY/WALLABY_J130738+041709_NGC_4808_TR1_mask.fits,90e88182a15fb60643b6f84508759c0bb505aa17693c7ec6495e262812bb9090,dc44a09bc0f37e1d49dfde1e49761767e8a0f1a300f08899792b23d1919bafdb,17280,80640
WALLABY J130739+062006,NGC 4808 TR1,NGC4808,14,profile_rejected,negative source annular moment-0 weight; no clipping is allowed,False,,,,51x53,132x51x53,713,6.000000000012,573952.1875,74,https://ws.cadc-ccda.hia-iha.nrc-cnrc.gc.ca/data/pub/WALLABY/WALLABY_J130739+062006_NGC_4808_TR1_mom0.fits,https://ws.cadc-ccda.hia-iha.nrc-cnrc.gc.ca/data/pub/WALLABY/WALLABY_J130739+062006_NGC_4808_TR1_mask.fits,af7057e5337fdbf9a3fcaa2e7a60d62ece8cd3a7bb1dc1e77e5703d1c9e2958e,2a2a06c43664603db7fe841b0567e77ed3303ecbac7740f71e3b6606245d1a5a,23040,368640
WALLABY J130739+075909,NGC 4808 TR1,NGC4808,10,pass,,False,11,0.6903511006307311,66.000000000132,36x36,57x36x36,178,6.000000000012,66238.7890625,9,https://ws.cadc-ccda.hia-iha.nrc-cnrc.gc.ca/data/pub/WALLABY/WALLABY_J130739+075909_NGC_4808_TR1_mom0.fits,https://ws.cadc-ccda.hia-iha.nrc-cnrc.gc.ca/data/pub/WALLABY/WALLABY_J130739+075909_NGC_4808_TR1_mask.fits,b3c71a17e35973fce76c8ff8db4632e7c0abf563dc253be2f3bb9eb700bc09a6,444caf0e68907a7e82f1aab653165c8987971afc5a38423ef6b7b981a2fa4c41,17280,86400
WALLABY J130802+062900,NGC 4808 TR1,NGC4808,15,pass,,False,18,0.567614283405732,108.000000000216,49x42,124x49x42,436,6.000000000012,248212.609375,61,https://ws.cadc-ccda.hia-iha.nrc-cnrc.gc.ca/data/pub/WALLABY/WALLABY_J130802+062900_NGC_4808_TR1_mom0.fits,https://ws.cadc-ccda.hia-iha.nrc-cnrc.gc.ca/data/pub/WALLABY/WALLABY_J130802+062900_NGC_4808_TR1_mask.fits,c4c091e238c7df1eff072747c26de660be3843f5ebc2eb69983f0cb8553629fe,ca063dd6e0a646941d854bdbfd3db97554625ccabd2eed4565740e2c3eccf0dc,20160,267840
WALLABY J130810+044441,NGC 4808 TR1,NGC4808,23,pass,,False,30,0.3765356336380671,180.00000000036002,57x46,80x57x46,592,6.000000000012,264973.0625,58,https://ws.cadc-ccda.hia-iha.nrc-cnrc.gc.ca/data/pub/WALLABY/WALLABY_J130810+044441_NGC_4808_TR1_mom0.fits,https://ws.cadc-ccda.hia-iha.nrc-cnrc.gc.ca/data/pub/WALLABY/WALLABY_J130810+044441_NGC_4808_TR1_mask.fits,e80a1b21a37fd85e75b30c9df66c385bc469eaf7230f804ac71c385725c405cd,3b5651e31bef9af1f5fc0dd7cc094aaf9b3b1cf95636facf675c0ad3e02aca69,23040,221760
WALLABY J130812+062455,NGC 4808 TR1,NGC4808,2,profile_rejected,negative source annular moment-0 weight; no clipping is allowed,False,,,,38x43,68x38x43,305,6.000000000012,108366.828125,57,https://ws.cadc-ccda.hia-iha.nrc-cnrc.gc.ca/data/pub/WALLABY/WALLABY_J130812+062455_NGC_4808_TR1_mom0.fits,https://ws.cadc-ccda.hia-iha.nrc-cnrc.gc.ca/data/pub/WALLABY/WALLABY_J130812+062455_NGC_4808_TR1_mask.fits,fdae314e4ddc71fa2377ec30115fb42851cfbee2e916a151a5028872932897bb,c3cc351cbb25d22786abeaa1e5d99c0b7d4320e88828494d0d6bfb8aab3bb682,20160,123840
WALLABY J130813+034746,NGC 4808 TR1,NGC4808,14,pass,,False,11,0.7876036012991748,66.000000000132,36x36,62x36x36,199,6.000000000012,65185.03125,37,https://ws.cadc-ccda.hia-iha.nrc-cnrc.gc.ca/data/pub/WALLABY/WALLABY_J130813+034746_NGC_4808_TR1_mom0.fits,https://ws.cadc-ccda.hia-iha.nrc-cnrc.gc.ca/data/pub/WALLABY/WALLABY_J130813+034746_NGC_4808_TR1_mask.fits,4da312cd797b14f7c79ccd0c12c2087a2cb4dfe1a0b630f64757e3f8d0114ab1,a31d4b9d8842873ce84892c4839843e825e6e7b9af0db828376b1f3f9863a3e8,17280,92160
WALLABY J130813+053320,NGC 4808 TR1,NGC4808,15,pass,,False,14,0.7410858662438806,84.000000000168,41x37,68x41x37,248,6.000000000012,64203.49609375,26,https://ws.cadc-ccda.hia-iha.nrc-cnrc.gc.ca/data/pub/WALLABY/WALLABY_J130813+053320_NGC_4808_TR1_mom0.fits,https://ws.cadc-ccda.hia-iha.nrc-cnrc.gc.ca/data/pub/WALLABY/WALLABY_J130813+053320_NGC_4808_TR1_mask.fits,28e8eda89ade1b4129b05a212a7ad2119abd93e068d041aae38b13af218a16f9,c428d04571e2f039f6452660c3a8d5cd45a12a601381dcb80e0bbdac54ec39a0,20160,115200
WALLABY J130813+064248,NGC 4808 TR1,NGC4808,13,pass,,False,10,0.8954390648172462,60.000000000120004,37x37,79x37x37,228,6.000000000012,58587.875,20,https://ws.cadc-ccda.hia-iha.nrc-cnrc.gc.ca/data/pub/WALLABY/WALLABY_J130813+064248_NGC_4808_TR1_mom0.fits,https://ws.cadc-ccda.hia-iha.nrc-cnrc.gc.ca/data/pub/WALLABY/WALLABY_J130813+064248_NGC_4808_TR1_mask.fits,8e2c792142a621d9c976b60e8388cd45dd2ed8d01cf8cb8ccbdb423952f3c18e,d3a7c23f626b9b9d43bc0404b7bd74b07dbac4a0419af232ff4540eb80aaf959,17280,120960
WALLABY J130826+064302,NGC 4808 TR1,NGC4808,3,pass,,False,11,0.6395351410714842,66.000000000132,34x37,115x34x37,176,6.000000000012,81093.7890625,6,https://ws.cadc-ccda.hia-iha.nrc-cnrc.gc.ca/data/pub/WALLABY/WALLABY_J130826+064302_NGC_4808_TR1_mom0.fits,https://ws.cadc-ccda.hia-iha.nrc-cnrc.gc.ca/data/pub/WALLABY/WALLABY_J130826+064302_NGC_4808_TR1_mask.fits,aebb0b310c10585b215e487b6cffd8460c4cf7008fb6d9a6d3874aa328997faf,c1a82fd40dac2e8af6e8597e2f15fed7d7c1ebe490910e78a04b2bbb60f186ae,17280,158400
WALLABY J130829+042207,NGC 4808 TR1,NGC4808,17,profile_rejected,negative source annular moment-0 weight; no clipping is allowed,False,,,,41x48,115x41x48,412,6.000000000012,237165.59375,93,https://ws.cadc-ccda.hia-iha.nrc-cnrc.gc.ca/data/pub/WALLABY/WALLABY_J130829+042207_NGC_4808_TR1_mom0.fits,https://ws.cadc-ccda.hia-iha.nrc-cnrc.gc.ca/data/pub/WALLABY/WALLABY_J130829+042207_NGC_4808_TR1_mask.fits,2fd805f752606bbc2d0fda78fac377ef19abd93ff12cdecff8784fe58f97507a,af2c406d9761d13e70dc07384d8c62b4372c181b7f2b06f68f76d717f7aa506f,20160,239040
WALLABY J130844+040942,NGC 4808 TR1,NGC4808,7,profile_rejected,negative source annular moment-0 weight; no clipping is allowed,False,,,,40x43,69x40x43,320,6.000000000012,98680.5,58,https://ws.cadc-ccda.hia-iha.nrc-cnrc.gc.ca/data/pub/WALLABY/WALLABY_J130844+040942_NGC_4808_TR1_mom0.fits,https://ws.cadc-ccda.hia-iha.nrc-cnrc.gc.ca/data/pub/WALLABY/WALLABY_J130844+040942_NGC_4808_TR1_mask.fits,0501ab7a49139e1874d2a9014b3bd98f53c35ca8bbd1be715018e574365e8efc,65ade1517ade2830127c09e0ccb6b34854a7afbee815549466ec50aa411efa36,20160,132480
WALLABY J130844+044424,NGC 4808 TR1,NGC4808,8,profile_rejected,negative source annular moment-0 weight; no clipping is allowed,False,,,,36x34,87x36x34,135,6.000000000012,42466.0234375,12,https://ws.cadc-ccda.hia-iha.nrc-cnrc.gc.ca/data/pub/WALLABY/WALLABY_J130844+044424_NGC_4808_TR1_mom0.fits,https://ws.cadc-ccda.hia-iha.nrc-cnrc.gc.ca/data/pub/WALLABY/WALLABY_J130844+044424_NGC_4808_TR1_mask.fits,91a6506b0d7713d669c39d6b7950f835f87467896ca3b6a400e23cc4d51e38ee,e4eb12b148020388b791e035c3810b2d6814a1aa1524b1f7c26ffccb1b432653,17280,118080
WALLABY J130852+055946,NGC 4808 TR1,NGC4808,21,pass,,False,15,0.7008474907586706,90.00000000018001,37x41,68x37x41,284,6.000000000012,113172.78125,47,https://ws.cadc-ccda.hia-iha.nrc-cnrc.gc.ca/data/pub/WALLABY/WALLABY_J130852+055946_NGC_4808_TR1_mom0.fits,https://ws.cadc-ccda.hia-iha.nrc-cnrc.gc.ca/data/pub/WALLABY/WALLABY_J130852+055946_NGC_4808_TR1_mask.fits,253a7855e48d06dbc69221c07a247b09f6bcdc5a85085581e9706f1c837fcc37,6e381b0006a563b3ebd997ec1fd4a33763204293c446828f564b74c9996a32b2,20160,115200
WALLABY J130901+072007,NGC 4808 TR1,NGC4808,21,pass,,False,8,0.8872244971104892,48.000000000096,33x34,65x33x34,129,6.000000000012,48281.953125,8,https://ws.cadc-ccda.hia-iha.nrc-cnrc.gc.ca/data/pub/WALLABY/WALLABY_J130901+072007_NGC_4808_TR1_mom0.fits,https://ws.cadc-ccda.hia-iha.nrc-cnrc.gc.ca/data/pub/WALLABY/WALLABY_J130901+072007_NGC_4808_TR1_mask.fits,e45fa194225e3525d8eacd7f68ad6bf043e520c3afb5d70d59e2e4bc779846c5,7221f9227acd2fada169125b0a093f1da60cd6a9f8279ded16be33bb9b062a92,17280,86400
WALLABY J130903+065753,NGC 4808 TR1,NGC4808,23,profile_rejected,negative source annular moment-0 weight; no clipping is allowed,False,,,,35x38,68x35x38,216,6.000000000012,78131.40625,49,https://ws.cadc-ccda.hia-iha.nrc-cnrc.gc.ca/data/pub/WALLABY/WALLABY_J130903+065753_NGC_4808_TR1_mom0.fits,https://ws.cadc-ccda.hia-iha.nrc-cnrc.gc.ca/data/pub/WALLABY/WALLABY_J130903+065753_NGC_4808_TR1_mask.fits,efe99a0b510c4cfc5e7c0c54fe475209e70e96276133463b7047408864bd70b9,9c7a4f3d1fbd8a81f1babf96d7ec24035bf3e8af268cb785c2796e0b3520189e,17280,103680
WALLABY J130904+081148,NGC 4808 TR1,NGC4808,3,pass,,False,12,0.7001769042224671,72.000000000144,33x41,60x33x41,147,6.000000000012,66163.5859375,24,https://ws.cadc-ccda.hia-iha.nrc-cnrc.gc.ca/data/pub/WALLABY/WALLABY_J130904+081148_NGC_4808_TR1_mom0.fits,https://ws.cadc-ccda.hia-iha.nrc-cnrc.gc.ca/data/pub/WALLABY/WALLABY_J130904+081148_NGC_4808_TR1_mask.fits,8ae11c65539e1262041de3a70e858f778a2f1b27e876adf0790dd3bb069fe865,e0a0a38a038a18701adae5d6fd9987a74b83d8ba4b52b7d818e9f4ef3eac3f95,17280,95040
WALLABY J130905+055109,NGC 4808 TR1,NGC4808,9,pass,,False,13,0.8729549502317222,78.000000000156,40x44,99x40x44,356,6.000000000012,176227.71875,67,https://ws.cadc-ccda.hia-iha.nrc-cnrc.gc.ca/data/pub/WALLABY/WALLABY_J130905+055109_NGC_4808_TR1_mom0.fits,https://ws.cadc-ccda.hia-iha.nrc-cnrc.gc.ca/data/pub/WALLABY/WALLABY_J130905+055109_NGC_4808_TR1_mask.fits,c0734e48a5235ed7a7deff9c194886b58252cbcf4dee494d6bfc73f3176d1a1b,19e621c997359ca1e3d02dc72db1292b10a3928fb7ee3e6146f63a4a1e4920d0,20160,187200
WALLABY J130906+051433,NGC 4808 TR1,NGC4808,19,pass,,False,25,0.568885189263992,150.0000000003,59x51,90x59x51,803,6.000000000012,412488.8125,56,https://ws.cadc-ccda.hia-iha.nrc-cnrc.gc.ca/data/pub/WALLABY/WALLABY_J130906+051433_NGC_4808_TR1_mom0.fits,https://ws.cadc-ccda.hia-iha.nrc-cnrc.gc.ca/data/pub/WALLABY/WALLABY_J130906+051433_NGC_4808_TR1_mask.fits,bb50a115be9612e4f304bef160a78d6e96b948d78ed3d59f8f1445c2b0924525,819821c0df1490f8bc28934915ccfc221a3545b09eba3132bcd9df10174814ef,25920,285120
WALLABY J130916+025905,NGC 4808 TR1,NGC4808,6,profile_rejected,negative source annular moment-0 weight; no clipping is allowed,False,,,,34x36,88x34x36,172,6.000000000012,130809.140625,28,https://ws.cadc-ccda.hia-iha.nrc-cnrc.gc.ca/data/pub/WALLABY/WALLABY_J130916+025905_NGC_4808_TR1_mom0.fits,https://ws.cadc-ccda.hia-iha.nrc-cnrc.gc.ca/data/pub/WALLABY/WALLABY_J130916+025905_NGC_4808_TR1_mask.fits,8063421815f2e983526013f8d1b87841bc877418536aa5f68a7bf2e5d5b211d1,b1071eb1d4ff41ee6f77a2447dc04cf0d66df017d0602b17017fc88a7a400dd2,17280,120960
WALLABY J130923+065940,NGC 4808 TR1,NGC4808,14,profile_rejected,negative source annular moment-0 weight; no clipping is allowed,False,,,,49x49,116x49x49,606,6.000000000012,570424.5,88,https://ws.cadc-ccda.hia-iha.nrc-cnrc.gc.ca/data/pub/WALLABY/WALLABY_J130923+065940_NGC_4808_TR1_mom0.fits,https://ws.cadc-ccda.hia-iha.nrc-cnrc.gc.ca/data/pub/WALLABY/WALLABY_J130923+065940_NGC_4808_TR1_mask.fits,2ca51b0852f4f9e6f441f327bc73c3f78fe981297652fba811e75ff79100c527,58a2cfbddccd509702c0698b73893ce0e65544fb4b297c213b1de60e101b0e1a,23040,290880
WALLABY J130942+061307,NGC 4808 TR1,NGC4808,1,profile_rejected,negative source annular moment-0 weight; no clipping is allowed,False,,,,43x43,103x43x43,367,6.000000000012,185845.171875,51,https://ws.cadc-ccda.hia-iha.nrc-cnrc.gc.ca/data/pub/WALLABY/WALLABY_J130942+061307_NGC_4808_TR1_mom0.fits,https://ws.cadc-ccda.hia-iha.nrc-cnrc.gc.ca/data/pub/WALLABY/WALLABY_J130942+061307_NGC_4808_TR1_mask.fits,992b948706db5e5159fa928d7ad9c9f6665a69f4b5142f8dc0be91d095298b45,4184ab5ce5c38a5cba93ce429aa4d68abee4b882886509abd4d524c20189c0cf,20160,204480
WALLABY J130950+062601,NGC 4808 TR1,NGC4808,8,profile_rejected,negative source annular moment-0 weight; no clipping is allowed,False,,,,35x31,95x35x31,128,6.000000000012,45887.7578125,12,https://ws.cadc-ccda.hia-iha.nrc-cnrc.gc.ca/data/pub/WALLABY/WALLABY_J130950+062601_NGC_4808_TR1_mom0.fits,https://ws.cadc-ccda.hia-iha.nrc-cnrc.gc.ca/data/pub/WALLABY/WALLABY_J130950+062601_NGC_4808_TR1_mask.fits,271cb620071739d64bc0841f14bb28bbd2a9243a420fca20e1581e2075e48205,f6ebb8bf3373b3e2c2f05b5d5e5f2a22de03c71f75b0a26d9750c7a3252060fa,17280,115200
WALLABY J131041+053553,NGC 4808 TR1,NGC4808,1,pass,,False,9,0.7911795946473006,54.000000000108,34x33,109x34x33,133,6.000000000012,75961.53125,15,https://ws.cadc-ccda.hia-iha.nrc-cnrc.gc.ca/data/pub/WALLABY/WALLABY_J131041+053553_NGC_4808_TR1_mom0.fits,https://ws.cadc-ccda.hia-iha.nrc-cnrc.gc.ca/data/pub/WALLABY/WALLABY_J131041+053553_NGC_4808_TR1_mask.fits,3ac58349a28d1047788d2dbe81378a815a859726807a054e0932d7e1edd75419,449444e35ee9ec02b75af486a7456ab6ed7f8dc6c2b13a09a2ce56170569c7ed,17280,135360
WALLABY J131113+065134,NGC 4808 TR1,NGC4808,0,pass,,False,16,0.6669951109204065,96.000000000192,37x41,61x37x41,273,6.000000000012,108870.1875,24,https://ws.cadc-ccda.hia-iha.nrc-cnrc.gc.ca/data/pub/WALLABY/WALLABY_J131113+065134_NGC_4808_TR1_mom0.fits,https://ws.cadc-ccda.hia-iha.nrc-cnrc.gc.ca/data/pub/WALLABY/WALLABY_J131113+065134_NGC_4808_TR1_mask.fits,25ee35cbf3eb39527116fc6217fbb54afb2e3c5f1fae4d405737de8ed5f20b1d,cf8bfbef04e157aec92454a072574c7537da4064ca8050587aab2e6787e14f5d,20160,106560
WALLABY J131122+032431,NGC 4808 TR1,NGC4808,8,pass,,False,39,0.4359952767022566,234.00000000046802,51x74,97x51x74,1070,6.000000000012,925708.8125,95,https://ws.cadc-ccda.hia-iha.nrc-cnrc.gc.ca/data/pub/WALLABY/WALLABY_J131122+032431_NGC_4808_TR1_mom0.fits,https://ws.cadc-ccda.hia-iha.nrc-cnrc.gc.ca/data/pub/WALLABY/WALLABY_J131122+032431_NGC_4808_TR1_mask.fits,73ad105a30090b34c0c0efbb16b8f59e09ee54ffece32400bd3b6285c2fc0c53,b743408510ea59e770a7b1644f4deb5c63740095304aec21acb8bb247d8887db,28800,380160
WALLABY J131145+075645,NGC 4808 TR1,NGC4808,7,pass,,False,13,0.7479684681016227,78.000000000156,37x40,72x37x40,260,6.000000000012,133671.25,10,https://ws.cadc-ccda.hia-iha.nrc-cnrc.gc.ca/data/pub/WALLABY/WALLABY_J131145+075645_NGC_4808_TR1_mom0.fits,https://ws.cadc-ccda.hia-iha.nrc-cnrc.gc.ca/data/pub/WALLABY/WALLABY_J131145+075645_NGC_4808_TR1_mask.fits,d2fecd0b8cf6d97dd7169520b68a19e944d93ff32b56b6e2e1fdf00cb175f64b,98f9b97065dbfc16a8c36afbd33c21b6bf149a35df2217ece9a840aecd54cb20,20160,118080
WALLABY J131206+052832,NGC 4808 TR1,NGC4808,23,profile_rejected,negative source annular moment-0 weight; no clipping is allowed,False,,,,47x42,71x47x42,445,6.000000000012,372784.46875,46,https://ws.cadc-ccda.hia-iha.nrc-cnrc.gc.ca/data/pub/WALLABY/WALLABY_J131206+052832_NGC_4808_TR1_mom0.fits,https://ws.cadc-ccda.hia-iha.nrc-cnrc.gc.ca/data/pub/WALLABY/WALLABY_J131206+052832_NGC_4808_TR1_mask.fits,fdcdd75edb915ba99841e8a11968944263738fc3a5582b43cce2fad49aa2995d,1847cebee090e30063ce138d75c1bcf35f2b2074eaee48bfda80bf2432100a37,20160,152640
WALLABY J131208+025916,NGC 4808 TR1,NGC4808,18,pass,,False,19,0.5192518818906128,114.000000000228,43x42,82x43x42,357,6.000000000012,337325.1875,59,https://ws.cadc-ccda.hia-iha.nrc-cnrc.gc.ca/data/pub/WALLABY/WALLABY_J131208+025916_NGC_4808_TR1_mom0.fits,https://ws.cadc-ccda.hia-iha.nrc-cnrc.gc.ca/data/pub/WALLABY/WALLABY_J131208+025916_NGC_4808_TR1_mask.fits,8743c93a902119730722b5e206123ac898e424d1f3e1ca2299ea9e015454ebee,267b54b2dd33e56adbf6feec5c278724d40c8d730aa3eac08faef8a196c9f296,20160,161280
WALLABY J131232+071059,NGC 4808 TR1,NGC4808,3,profile_rejected,negative source annular moment-0 weight; no clipping is allowed,False,,,,47x51,97x47x51,515,6.000000000012,807086.75,82,https://ws.cadc-ccda.hia-iha.nrc-cnrc.gc.ca/data/pub/WALLABY/WALLABY_J131232+071059_NGC_4808_TR1_mom0.fits,https://ws.cadc-ccda.hia-iha.nrc-cnrc.gc.ca/data/pub/WALLABY/WALLABY_J131232+071059_NGC_4808_TR1_mask.fits,a7c8f35fd0236981211b4eb03ae428e6e716056b0f4918bfe7e54c7d3bbc6517,4ad64671ab09e073fb39ac259683754bec8e5f08f7c686feaef8c7cd47cabcd1,23040,244800
WALLABY J131320+060327,NGC 4808 TR1,NGC4808,20,profile_rejected,negative source annular moment-0 weight; no clipping is allowed,False,,,,48x51,94x48x51,626,6.000000000012,655293.25,39,https://ws.cadc-ccda.hia-iha.nrc-cnrc.gc.ca/data/pub/WALLABY/WALLABY_J131320+060327_NGC_4808_TR1_mom0.fits,https://ws.cadc-ccda.hia-iha.nrc-cnrc.gc.ca/data/pub/WALLABY/WALLABY_J131320+060327_NGC_4808_TR1_mask.fits,d6482a3b990df72622c7907ce2324b7365e3b8326bc60f6c20c94f64166b7c5c,cc8c02569740a5c6d5b7f516865fe126cbf98c428021508afe8c917581d019c8,23040,241920
WALLABY J125700-171910,NGC 5044 TR3,NGC5044,22,pass,,False,16,0.6817522852950963,96.000000000192,46x41,94x46x41,401,6.000000000012,908334.3125,40,https://ws.cadc-ccda.hia-iha.nrc-cnrc.gc.ca/data/pub/WALLABY/WALLABY_J125700-171910_NGC_5044_TR3_mom0.fits,https://ws.cadc-ccda.hia-iha.nrc-cnrc.gc.ca/data/pub/WALLABY/WALLABY_J125700-171910_NGC_5044_TR3_mask.fits,6e52b19e1a444c3f4f669e1eda4defa52aa6f2df702e0c1e0546579483a9c146,26919431d9916fb0cb49d5f7c9fc4388eb5bb9f1c19c9cde7034c2ac1ed3f1f6,20160,190080
WALLABY J125706-182159,NGC 5044 TR3,NGC5044,9,profile_rejected,negative source annular moment-0 weight; no clipping is allowed,False,,,,40x35,46x40x35,177,6.000000000012,167023.453125,22,https://ws.cadc-ccda.hia-iha.nrc-cnrc.gc.ca/data/pub/WALLABY/WALLABY_J125706-182159_NGC_5044_TR3_mom0.fits,https://ws.cadc-ccda.hia-iha.nrc-cnrc.gc.ca/data/pub/WALLABY/WALLABY_J125706-182159_NGC_5044_TR3_mask.fits,8a5654283177d4c68676f380fce6323f1b5ca02252838790e92547382c4a2907,714e783c9a534a23bd2617ac707b13c4fbe318be984f309965ac1a9006fb976e,17280,77760
WALLABY J125721-171102,NGC 5044 TR3,NGC5044,5,profile_rejected,negative source annular moment-0 weight; no clipping is allowed,False,,,,31x31,47x31x31,97,6.000000000012,87562.125,9,https://ws.cadc-ccda.hia-iha.nrc-cnrc.gc.ca/data/pub/WALLABY/WALLABY_J125721-171102_NGC_5044_TR3_mom0.fits,https://ws.cadc-ccda.hia-iha.nrc-cnrc.gc.ca/data/pub/WALLABY/WALLABY_J125721-171102_NGC_5044_TR3_mask.fits,03a93d94a372b4f3344c891a584cb85154343b7f5016eb360eabbfe1a7a76835,9f1be28423112f163f42846e97a234377f5405c64d163a267c876068a966fe1d,17280,57600
WALLABY J125724-153912,NGC 5044 TR3,NGC5044,2,pass,,False,10,0.7350450416302436,60.000000000120004,33x33,53x33x33,111,6.000000000012,107451.2109375,8,https://ws.cadc-ccda.hia-iha.nrc-cnrc.gc.ca/data/pub/WALLABY/WALLABY_J125724-153912_NGC_5044_TR3_mom0.fits,https://ws.cadc-ccda.hia-iha.nrc-cnrc.gc.ca/data/pub/WALLABY/WALLABY_J125724-153912_NGC_5044_TR3_mask.fits,051396401c17400f37c1eded92b3de0f8bb4e50c7658c99e25b1df2a82aacabc,9ccc0a6113211600aa714809b9815adb6915d3dd922cb28400549e45799c1fdf,17280,72000
WALLABY J125757-130339,NGC 5044 TR3,NGC5044,6,pass,,False,25,0.8615539060041145,150.0000000003,61x57,95x61x57,1047,6.000000000012,976259.625,96,https://ws.cadc-ccda.hia-iha.nrc-cnrc.gc.ca/data/pub/WALLABY/WALLABY_J125757-130339_NGC_5044_TR3_mom0.fits,https://ws.cadc-ccda.hia-iha.nrc-cnrc.gc.ca/data/pub/WALLABY/WALLABY_J125757-130339_NGC_5044_TR3_mask.fits,60dbe85522fa40db98861991b356ee6066462261bb778d2d4c5b20461488097f,515c7f6ed7e12819e59f6c2281cee942840b897bae4795bbd8596fa23b9ece62,25920,342720
WALLABY J125831-181843,NGC 5044 TR3,NGC5044,3,profile_rejected,negative source annular moment-0 weight; no clipping is allowed,False,,,,37x35,95x37x35,179,6.000000000012,146009.71875,14,https://ws.cadc-ccda.hia-iha.nrc-cnrc.gc.ca/data/pub/WALLABY/WALLABY_J125831-181843_NGC_5044_TR3_mom0.fits,https://ws.cadc-ccda.hia-iha.nrc-cnrc.gc.ca/data/pub/WALLABY/WALLABY_J125831-181843_NGC_5044_TR3_mask.fits,6feb0aa69befc7c44a54d1b71c1c1aaf43ce9a00cc6016b769ae0ae2999af2a4,128db51614d83fbe4d920d6935f08ceefbc0e445e98b980ccf4d8ba023da516c,17280,135360
WALLABY J125832-161038,NGC 5044 TR3,NGC5044,12,pass,,False,8,0.8680838184184873,48.000000000096,33x35,73x33x35,159,6.000000000012,123266.6015625,11,https://ws.cadc-ccda.hia-iha.nrc-cnrc.gc.ca/data/pub/WALLABY/WALLABY_J125832-161038_NGC_5044_TR3_mom0.fits,https://ws.cadc-ccda.hia-iha.nrc-cnrc.gc.ca/data/pub/WALLABY/WALLABY_J125832-161038_NGC_5044_TR3_mask.fits,2ad4b9030feec2e4168a9321c2908eaf6539e639cc9a296b41203e7d91029607,0527bd0e679fdd989533757ec62efeba07be936e43cd74ae03b507da00f2a8fa,17280,97920
WALLABY J125834-164819,NGC 5044 TR3,NGC5044,16,profile_rejected,negative source annular moment-0 weight; no clipping is allowed,False,,,,34x40,78x34x40,196,6.000000000012,208535.234375,35,https://ws.cadc-ccda.hia-iha.nrc-cnrc.gc.ca/data/pub/WALLABY/WALLABY_J125834-164819_NGC_5044_TR3_mom0.fits,https://ws.cadc-ccda.hia-iha.nrc-cnrc.gc.ca/data/pub/WALLABY/WALLABY_J125834-164819_NGC_5044_TR3_mask.fits,cb125d6834f3bae8ce29fa470ed882b1b643d7e73d5c3ede507bf94c9e29cdfe,1710ff79abda5ca0d8be6e544f0e3b89d654ef9baba7d7724247dbbd8d84f530,17280,118080
WALLABY J125836-161333,NGC 5044 TR3,NGC5044,3,pass,,False,11,0.8530558359710131,66.000000000132,35x35,67x35x35,148,6.000000000012,105101.015625,5,https://ws.cadc-ccda.hia-iha.nrc-cnrc.gc.ca/data/pub/WALLABY/WALLABY_J125836-161333_NGC_5044_TR3_mom0.fits,https://ws.cadc-ccda.hia-iha.nrc-cnrc.gc.ca/data/pub/WALLABY/WALLABY_J125836-161333_NGC_5044_TR3_mask.fits,9b4027a75e8b8f69abbeaa860a5bab4a8d8ddb7c2bc179b1eeb42fb9e07d2410,7bdb1357880c8cb8e3285ce6a20fb7921119b1f4a26c337f727051434e594c3d,17280,95040
WALLABY J125848-114647,NGC 5044 TR3,NGC5044,21,pass,,False,17,0.4985045644868,102.000000000204,39x37,91x39x37,191,6.000000000012,91429.7265625,28,https://ws.cadc-ccda.hia-iha.nrc-cnrc.gc.ca/data/pub/WALLABY/WALLABY_J125848-114647_NGC_5044_TR3_mom0.fits,https://ws.cadc-ccda.hia-iha.nrc-cnrc.gc.ca/data/pub/WALLABY/WALLABY_J125848-114647_NGC_5044_TR3_mask.fits,d6d20fb0c9ffc9fc8f2a2334ab89b4ad392876d9398a1f163fe2525c7ce87f39,71a1fdf3b6e82cf4d4aad9d9b88a32d8b3982df337e19795b5bf55e7460011bc,20160,144000
WALLABY J125850-145324,NGC 5044 TR3,NGC5044,20,profile_rejected,negative source annular moment-0 weight; no clipping is allowed,False,,,,42x35,72x42x35,197,6.000000000012,131274.328125,51,https://ws.cadc-ccda.hia-iha.nrc-cnrc.gc.ca/data/pub/WALLABY/WALLABY_J125850-145324_NGC_5044_TR3_mom0.fits,https://ws.cadc-ccda.hia-iha.nrc-cnrc.gc.ca/data/pub/WALLABY/WALLABY_J125850-145324_NGC_5044_TR3_mask.fits,3100fe77798edeb0e2fb19b10ec4b23c9837014d77be585ba8ce425d263603c5,b0f3ee7ee4a2686ff9147021163c0b29ee514395daec3a4c074ba0e417e81094,20160,118080
WALLABY J125855-142319,NGC 5044 TR3,NGC5044,23,pass,,False,10,0.8388136057670769,60.000000000120004,37x35,67x37x35,197,6.000000000012,66733.7890625,12,https://ws.cadc-ccda.hia-iha.nrc-cnrc.gc.ca/data/pub/WALLABY/WALLABY_J125855-142319_NGC_5044_TR3_mom0.fits,https://ws.cadc-ccda.hia-iha.nrc-cnrc.gc.ca/data/pub/WALLABY/WALLABY_J125855-142319_NGC_5044_TR3_mask.fits,75e420dc8c1cf2bebfb9b53efc187d7b0a6134ac6ce1f1a26f0b7d388cfb847a,894a03c009724901b31b4c6832bac997a38e43133e127942d7bfeebb6ea7c5cc,17280,100800
WALLABY J125859-135141,NGC 5044 TR3,NGC5044,17,pass,,False,13,0.640856211797488,78.000000000156,33x38,50x33x38,148,6.000000000012,79668.25,12,https://ws.cadc-ccda.hia-iha.nrc-cnrc.gc.ca/data/pub/WALLABY/WALLABY_J125859-135141_NGC_5044_TR3_mom0.fits,https://ws.cadc-ccda.hia-iha.nrc-cnrc.gc.ca/data/pub/WALLABY/WALLABY_J125859-135141_NGC_5044_TR3_mask.fits,c463e1516dd606a5d2a174063ba0304deaedaadc69ed01d37429efdb8c5f1b0f,8f8b861148fbce3270a7102e8e3fedc00d7c6fe014873eb5a2933332808eb13a,17280,74880
WALLABY J125907-121329,NGC 5044 TR3,NGC5044,12,pass,,False,41,0.7046865953001725,246.000000000492,82x65,72x82x65,1547,6.000000000012,1345287.75,166,https://ws.cadc-ccda.hia-iha.nrc-cnrc.gc.ca/data/pub/WALLABY/WALLABY_J125907-121329_NGC_5044_TR3_mom0.fits,https://ws.cadc-ccda.hia-iha.nrc-cnrc.gc.ca/data/pub/WALLABY/WALLABY_J125907-121329_NGC_5044_TR3_mask.fits,46e4ac9bc264fa7be8e5c516d9a11a4bf758ccc4b63a2becb171e6ef11c1983c,7ba6854c5522a4cb65f9bd8a4a0b5f70ac2336b377a4024272a5fa8e394a9aeb,34560,397440
WALLABY J125910-161749,NGC 5044 TR3,NGC5044,13,pass,,False,14,0.8212975727346993,84.000000000168,35x40,79x35x40,180,6.000000000012,124197.890625,27,https://ws.cadc-ccda.hia-iha.nrc-cnrc.gc.ca/data/pub/WALLABY/WALLABY_J125910-161749_NGC_5044_TR3_mom0.fits,https://ws.cadc-ccda.hia-iha.nrc-cnrc.gc.ca/data/pub/WALLABY/WALLABY_J125910-161749_NGC_5044_TR3_mask.fits,08658daba0fab70183e0d578db19b74efdc0ee8e32d27e25d7f51ff1f2e22db5,a4eb0d0b6e0d4c87f074b0c89dc20d299c968bea08fd09d2b98402b9962749d6,17280,123840
WALLABY J125912-124101,NGC 5044 TR3,NGC5044,18,pass,,False,16,0.7991670142540788,96.000000000192,41x38,71x41x38,230,6.000000000012,129525.9375,22,https://ws.cadc-ccda.hia-iha.nrc-cnrc.gc.ca/data/pub/WALLABY/WALLABY_J125912-124101_NGC_5044_TR3_mom0.fits,https://ws.cadc-ccda.hia-iha.nrc-cnrc.gc.ca/data/pub/WALLABY/WALLABY_J125912-124101_NGC_5044_TR3_mask.fits,8166f83a06cae7c9844f7480893f7e780b815b48e746fb620277ef5ce2b6e43b,60c63353c413a986ce27c3a6341deb50f55349289853cd00c8b1f3b34112b71e,20160,123840
WALLABY J125912-182326,NGC 5044 TR3,NGC5044,18,pass,,False,8,0.8600656571379257,48.000000000096,33x33,64x33x33,110,6.000000000012,63054.15234375,5,https://ws.cadc-ccda.hia-iha.nrc-cnrc.gc.ca/data/pub/WALLABY/WALLABY_J125912-182326_NGC_5044_TR3_mom0.fits,https://ws.cadc-ccda.hia-iha.nrc-cnrc.gc.ca/data/pub/WALLABY/WALLABY_J125912-182326_NGC_5044_TR3_mask.fits,54aabc45b4bcba3a8ccee719da93ad6f63f78c425c82a30b48e700b3a4e7c988,579d08aaa9729e11e645dde83224ed42fa33fbbae181a909d19086afff9fd676,17280,83520
WALLABY J125915-150108,NGC 5044 TR3,NGC5044,22,profile_rejected,negative source annular moment-0 weight; no clipping is allowed,False,,,,50x48,71x50x48,390,6.000000000012,228419.84375,36,https://ws.cadc-ccda.hia-iha.nrc-cnrc.gc.ca/data/pub/WALLABY/WALLABY_J125915-150108_NGC_5044_TR3_mom0.fits,https://ws.cadc-ccda.hia-iha.nrc-cnrc.gc.ca/data/pub/WALLABY/WALLABY_J125915-150108_NGC_5044_TR3_mask.fits,88cb4ad78492df1ece60eeb6ca29b30bae4c550f6117af9982318c7813ea9c80,1f58c1bfc2a08baed4e352d9a3d48f781b480df8659ae3cf361c960052ce8d1d,23040,184320
WALLABY J125923-120455,NGC 5044 TR3,NGC5044,10,profile_rejected,negative source annular moment-0 weight; no clipping is allowed,False,,,,42x37,83x42x37,272,6.000000000012,237872.984375,39,https://ws.cadc-ccda.hia-iha.nrc-cnrc.gc.ca/data/pub/WALLABY/WALLABY_J125923-120455_NGC_5044_TR3_mom0.fits,https://ws.cadc-ccda.hia-iha.nrc-cnrc.gc.ca/data/pub/WALLABY/WALLABY_J125923-120455_NGC_5044_TR3_mask.fits,9c5873a60542fb036899a94f100850e4a1c36f335f5bc5bcfb56cae037403a6f,308665a72d008af03b94a280cce4900358795e6bf6886d98ca82fb8852be7387,20160,141120
WALLABY J125924-150253,NGC 5044 TR3,NGC5044,23,profile_rejected,negative source annular moment-0 weight; no clipping is allowed,False,,,,49x53,84x49x53,393,6.000000000012,186624.328125,46,https://ws.cadc-ccda.hia-iha.nrc-cnrc.gc.ca/data/pub/WALLABY/WALLABY_J125924-150253_NGC_5044_TR3_mom0.fits,https://ws.cadc-ccda.hia-iha.nrc-cnrc.gc.ca/data/pub/WALLABY/WALLABY_J125924-150253_NGC_5044_TR3_mask.fits,676db91ed9021ff0e6c14bf93da08b4c486c164fbb189ebaeeca736a8257a6c7,92a380bac9b1d839ac651661e0e7b8431dfdbebc3db9e353e680ea8f5306686e,23040,230400
WALLABY J125930-120652,NGC 5044 TR3,NGC5044,1,profile_rejected,negative source annular moment-0 weight; no clipping is allowed,False,,,,39x42,76x39x42,261,6.000000000012,118364.59375,66,https://ws.cadc-ccda.hia-iha.nrc-cnrc.gc.ca/data/pub/WALLABY/WALLABY_J125930-120652_NGC_5044_TR3_mom0.fits,https://ws.cadc-ccda.hia-iha.nrc-cnrc.gc.ca/data/pub/WALLABY/WALLABY_J125930-120652_NGC_5044_TR3_mask.fits,20c65fcce504efe321aa36b2c6f0a20af6014e6d31f90fec8008cab0c52cdfb8,18be5507345038226fdba00ff91044a2d38c24cb8bb8a3cc76ba00d6ee6d959c,20160,138240
WALLABY J125930-135159,NGC 5044 TR3,NGC5044,5,pass,,False,14,0.8861903001914249,84.000000000168,40x35,57x40x35,219,6.000000000012,65493.53515625,46,https://ws.cadc-ccda.hia-iha.nrc-cnrc.gc.ca/data/pub/WALLABY/WALLABY_J125930-135159_NGC_5044_TR3_mom0.fits,https://ws.cadc-ccda.hia-iha.nrc-cnrc.gc.ca/data/pub/WALLABY/WALLABY_J125930-135159_NGC_5044_TR3_mask.fits,5acad4a5d0245fcf41fd11f07bf13cd9c773c4c6d96d3bb5c07d1a4ef11e4947,5e5a0d5ae614e294b72219a420da612c8fa3fa26e7041ab9d4ec6979cc1375df,17280,92160
WALLABY J125930-180055,NGC 5044 TR3,NGC5044,22,profile_rejected,negative source annular moment-0 weight; no clipping is allowed,False,,,,35x43,63x35x43,236,6.000000000012,141466.1875,26,https://ws.cadc-ccda.hia-iha.nrc-cnrc.gc.ca/data/pub/WALLABY/WALLABY_J125930-180055_NGC_5044_TR3_mom0.fits,https://ws.cadc-ccda.hia-iha.nrc-cnrc.gc.ca/data/pub/WALLABY/WALLABY_J125930-180055_NGC_5044_TR3_mask.fits,152c6c3a172913cb35cc60811397ae691c5f7a45a6b0447ebd6df943159a7f90,e3624ef6f5575d6640fc77608ef73ed12451b1a6a76026726b000e304c632be8,20160,106560
WALLABY J125931-140755,NGC 5044 TR3,NGC5044,7,pass,,False,14,0.9806536296629504,84.000000000168,45x45,78x45x45,498,6.000000000012,362997.9375,56,https://ws.cadc-ccda.hia-iha.nrc-cnrc.gc.ca/data/pub/WALLABY/WALLABY_J125931-140755_NGC_5044_TR3_mom0.fits,https://ws.cadc-ccda.hia-iha.nrc-cnrc.gc.ca/data/pub/WALLABY/WALLABY_J125931-140755_NGC_5044_TR3_mask.fits,89b408fcc3f557c24aa8f1c39a22c0ad53ae2c24e23338d938a14b8b5618d62a,ecd73f247128178d6ecbd8a00cb72d267805a5146b0583439b0660316b0b6e6f,20160,169920
WALLABY J125932-151419,NGC 5044 TR3,NGC5044,21,pass,,False,14,0.7248343207776867,84.000000000168,36x43,63x36x43,289,6.000000000012,136819.46875,69,https://ws.cadc-ccda.hia-iha.nrc-cnrc.gc.ca/data/pub/WALLABY/WALLABY_J125932-151419_NGC_5044_TR3_mom0.fits,https://ws.cadc-ccda.hia-iha.nrc-cnrc.gc.ca/data/pub/WALLABY/WALLABY_J125932-151419_NGC_5044_TR3_mask.fits,2e4ddf6af1284649dc15e94ab5d1571db505ef607b272b8e78a77c6fe51bf012,d2e9c63a14152f37c3f92bfcc8a407fd949cd634d46e62da1d037878e84e1e42,20160,109440
WALLABY J125932-182203,NGC 5044 TR3,NGC5044,10,profile_rejected,negative source annular moment-0 weight; no clipping is allowed,False,,,,34x34,61x34x34,135,6.000000000012,68922.8671875,14,https://ws.cadc-ccda.hia-iha.nrc-cnrc.gc.ca/data/pub/WALLABY/WALLABY_J125932-182203_NGC_5044_TR3_mom0.fits,https://ws.cadc-ccda.hia-iha.nrc-cnrc.gc.ca/data/pub/WALLABY/WALLABY_J125932-182203_NGC_5044_TR3_mask.fits,8f0c2a111ce2ac9ac3032fa7f57d991557a59031665cc4e29b14b59becc3a2c2,0db1fe77d1433c998d45a2cf632827a4d42b1da78f4e237b0a6a9adb9b0e5d7a,17280,83520
WALLABY J125939-145813,NGC 5044 TR3,NGC5044,17,profile_rejected,negative source annular moment-0 weight; no clipping is allowed,False,,,,57x43,133x57x43,603,6.000000000012,689092.375,80,https://ws.cadc-ccda.hia-iha.nrc-cnrc.gc.ca/data/pub/WALLABY/WALLABY_J125939-145813_NGC_5044_TR3_mom0.fits,https://ws.cadc-ccda.hia-iha.nrc-cnrc.gc.ca/data/pub/WALLABY/WALLABY_J125939-145813_NGC_5044_TR3_mask.fits,9626edb7c5b036cdfe30fbef5c4f210b892315cf3ce9a8da79691d99e462b1cc,e12aa68362f97e402f2f5884afac838e6a9406cd5ab786803ad28acd038ffc2d,23040,339840
WALLABY J125940-151600,NGC 5044 TR3,NGC5044,6,profile_rejected,negative source annular moment-0 weight; no clipping is allowed,False,,,,34x31,58x34x31,124,6.000000000012,84466.8359375,14,https://ws.cadc-ccda.hia-iha.nrc-cnrc.gc.ca/data/pub/WALLABY/WALLABY_J125940-151600_NGC_5044_TR3_mom0.fits,https://ws.cadc-ccda.hia-iha.nrc-cnrc.gc.ca/data/pub/WALLABY/WALLABY_J125940-151600_NGC_5044_TR3_mask.fits,37598ad4b9c10bcb9ef41405f2cccbfd9e15e3310d20748e3aee7ef54e7d13f4,a1e960e7f6170e1486d917b11a1e712daa4bd1279a2ddfed40e105d0174ec516,17280,74880
WALLABY J125942-164952,NGC 5044 TR3,NGC5044,9,pass,,False,9,0.8771112882438505,54.000000000108,32x33,43x32x33,113,6.000000000012,40571.6015625,7,https://ws.cadc-ccda.hia-iha.nrc-cnrc.gc.ca/data/pub/WALLABY/WALLABY_J125942-164952_NGC_5044_TR3_mom0.fits,https://ws.cadc-ccda.hia-iha.nrc-cnrc.gc.ca/data/pub/WALLABY/WALLABY_J125942-164952_NGC_5044_TR3_mask.fits,8ccd7b8245d2ef36ab06ebe5582e3471c8674b2718e81a0d36dbaa9c7f25f04d,20ef9fb9a43605ccf782afcc6a13e01aa1e190f61279cf593c5de48a563de2f7,17280,57600
WALLABY J125943-150804,NGC 5044 TR3,NGC5044,0,pass,,False,16,0.7904550447538117,96.000000000192,36x43,56x36x43,203,6.000000000012,65862.2109375,31,https://ws.cadc-ccda.hia-iha.nrc-cnrc.gc.ca/data/pub/WALLABY/WALLABY_J125943-150804_NGC_5044_TR3_mom0.fits,https://ws.cadc-ccda.hia-iha.nrc-cnrc.gc.ca/data/pub/WALLABY/WALLABY_J125943-150804_NGC_5044_TR3_mask.fits,f6238e58b3acd21528e9c551b0f11ee1d1a8a073c526f8d26be70dbaa6948690,fbd12062156ba0d4655627689d3128a345a377a7e0b9f34274dd6da15b239195,20160,100800
WALLABY J125949-200826,NGC 5044 TR3,NGC5044,18,profile_rejected,source radial support contains fewer than 8 pixel-scale annuli,False,,,,27x30,43x27x30,55,6.000000000012,26006.6875,0,https://ws.cadc-ccda.hia-iha.nrc-cnrc.gc.ca/data/pub/WALLABY/WALLABY_J125949-200826_NGC_5044_TR3_mom0.fits,https://ws.cadc-ccda.hia-iha.nrc-cnrc.gc.ca/data/pub/WALLABY/WALLABY_J125949-200826_NGC_5044_TR3_mask.fits,a02d9d3f1ca40347255491abe2b9b80ee4ceecf2fb15e331eceebb270b7b6df6,53f3642b2aaaa55d9b772d91f44c2c7e4efbeaed98f7d2b9b41411a25ce1dab4,17280,48960
WALLABY J125956-192430,NGC 5044 TR3,NGC5044,15,pass,,False,25,0.5991647997449834,150.0000000003,60x52,59x60x52,883,6.000000000012,561259.6875,94,https://ws.cadc-ccda.hia-iha.nrc-cnrc.gc.ca/data/pub/WALLABY/WALLABY_J125956-192430_NGC_5044_TR3_mom0.fits,https://ws.cadc-ccda.hia-iha.nrc-cnrc.gc.ca/data/pub/WALLABY/WALLABY_J125956-192430_NGC_5044_TR3_mask.fits,747ad5b87529b92e3abdcfa870a4a28b310b990ce856dd32997d09ac8aa21e64,f8e8f4b9fde9b9420f07779ed4161607aec74babb04f5b360b94362ba0a958d2,25920,195840
WALLABY J130002-183046,NGC 5044 TR3,NGC5044,23,profile_rejected,negative source annular moment-0 weight; no clipping is allowed,False,,,,43x42,118x43x42,307,6.000000000012,148446.359375,52,https://ws.cadc-ccda.hia-iha.nrc-cnrc.gc.ca/data/pub/WALLABY/WALLABY_J130002-183046_NGC_5044_TR3_mom0.fits,https://ws.cadc-ccda.hia-iha.nrc-cnrc.gc.ca/data/pub/WALLABY/WALLABY_J130002-183046_NGC_5044_TR3_mask.fits,7fbe43d2176e75aa877282b4e2178715e8bb42bbf8b90f9e4f2a98ddc97557b5,acb5cd226230962cc1e7b2649c6d4aa267eeadcb59fcd899af31c666a3c306a4,20160,224640
WALLABY J130003-183028,NGC 5044 TR3,NGC5044,15,pass,,False,17,0.473121463025497,102.000000000204,39x39,94x39x39,241,6.000000000012,89726.0546875,42,https://ws.cadc-ccda.hia-iha.nrc-cnrc.gc.ca/data/pub/WALLABY/WALLABY_J130003-183028_NGC_5044_TR3_mom0.fits,https://ws.cadc-ccda.hia-iha.nrc-cnrc.gc.ca/data/pub/WALLABY/WALLABY_J130003-183028_NGC_5044_TR3_mask.fits,197049e26800c9e196c203206860eeaf4eb0012b9c305e79caa1083e95acac91,a1a76c4862f9e00bbc5b652dc589e70d41e72a651cd49d467bf5ea35d90cb6b4,20160,155520
WALLABY J130004-152151,NGC 5044 TR3,NGC5044,1,pass,,False,16,0.6336421957882408,96.000000000192,44x42,73x44x42,389,6.000000000012,259627.359375,77,https://ws.cadc-ccda.hia-iha.nrc-cnrc.gc.ca/data/pub/WALLABY/WALLABY_J130004-152151_NGC_5044_TR3_mom0.fits,https://ws.cadc-ccda.hia-iha.nrc-cnrc.gc.ca/data/pub/WALLABY/WALLABY_J130004-152151_NGC_5044_TR3_mask.fits,580fee9983d9251035d40d81085fce2a9452e0fb2de932d79ca721fe99465cf6,2c0e0f04c0e4070e546878d99585aa359623dc7650c6655584e33e3b6c58cfc1,20160,146880
WALLABY J130004-154055,NGC 5044 TR3,NGC5044,15,profile_rejected,negative source annular moment-0 weight; no clipping is allowed,False,,,,40x40,65x40x40,261,6.000000000012,86860.3984375,50,https://ws.cadc-ccda.hia-iha.nrc-cnrc.gc.ca/data/pub/WALLABY/WALLABY_J130004-154055_NGC_5044_TR3_mom0.fits,https://ws.cadc-ccda.hia-iha.nrc-cnrc.gc.ca/data/pub/WALLABY/WALLABY_J130004-154055_NGC_5044_TR3_mask.fits,08465f8ebc8f4956dcde704f16ea479f66ba4368a6855fdfeb58555b9209dcd8,38cbf1979e30c6d86f07376a79b4cae1b45f8ff32d975ebce46a596697ce04a8,20160,118080
WALLABY J130010-130042,NGC 5044 TR3,NGC5044,6,pass,,False,8,0.79714926769914,48.000000000096,33x31,71x33x31,114,6.000000000012,47692.5625,6,https://ws.cadc-ccda.hia-iha.nrc-cnrc.gc.ca/data/pub/WALLABY/WALLABY_J130010-130042_NGC_5044_TR3_mom0.fits,https://ws.cadc-ccda.hia-iha.nrc-cnrc.gc.ca/data/pub/WALLABY/WALLABY_J130010-130042_NGC_5044_TR3_mask.fits,a2cf0ed90bb351e74bfce142f336123e6ffcde70107f3ecffa3230d919a8752f,b1064efaf1057b6b9055a6caf6a2260ded05acc3ee6487757084497362055954,17280,86400
WALLABY J130016-170140,NGC 5044 TR3,NGC5044,4,pass,,False,12,0.8590326925307662,72.000000000144,38x39,110x38x39,284,6.000000000012,305126.25,38,https://ws.cadc-ccda.hia-iha.nrc-cnrc.gc.ca/data/pub/WALLABY/WALLABY_J130016-170140_NGC_5044_TR3_mom0.fits,https://ws.cadc-ccda.hia-iha.nrc-cnrc.gc.ca/data/pub/WALLABY/WALLABY_J130016-170140_NGC_5044_TR3_mask.fits,abefc54f4395608e52bc3c20a41792aed63151f1bfe96d08e624ecd2b9340073,c994dc79ccfb6e0c83fb805001213b76cf77be66b5eeb093a20bd05973c8b6b1,20160,175680
WALLABY J130017-122041,NGC 5044 TR3,NGC5044,14,profile_rejected,negative source annular moment-0 weight; no clipping is allowed,False,,,,65x80,90x65x80,1680,6.000000000012,1776455.625,203,https://ws.cadc-ccda.hia-iha.nrc-cnrc.gc.ca/data/pub/WALLABY/WALLABY_J130017-122041_NGC_5044_TR3_mom0.fits,https://ws.cadc-ccda.hia-iha.nrc-cnrc.gc.ca/data/pub/WALLABY/WALLABY_J130017-122041_NGC_5044_TR3_mask.fits,e139ee76c14bf908f0343fb06251a7279ad475edf0c6662895c59125a420361b,4dc57a734ff03d10d55189f0b5a933dd9c4e2d44f35f7403f29a56a754ca2e97,34560,480960
WALLABY J130018-115758,NGC 5044 TR3,NGC5044,3,pass,,False,16,0.7884912737757068,96.000000000192,41x43,80x41x43,334,6.000000000012,122793.6875,37,https://ws.cadc-ccda.hia-iha.nrc-cnrc.gc.ca/data/pub/WALLABY/WALLABY_J130018-115758_NGC_5044_TR3_mom0.fits,https://ws.cadc-ccda.hia-iha.nrc-cnrc.gc.ca/data/pub/WALLABY/WALLABY_J130018-115758_NGC_5044_TR3_mask.fits,59130623d70b8eecbf8fcbaca8610cc1abb958b8bad3e4e40f2b8ea5c785be8a,b0dce35c80d496674b7a37bb2d036afe652795e3035ef9b10137d115f47b50a4,20160,152640
WALLABY J130026-151708,NGC 5044 TR3,NGC5044,8,pass,,False,45,0.3193828730720966,270.00000000054,88x54,195x88x54,1365,6.000000000012,1619154.625,130,https://ws.cadc-ccda.hia-iha.nrc-cnrc.gc.ca/data/pub/WALLABY/WALLABY_J130026-151708_NGC_5044_TR3_mom0.fits,https://ws.cadc-ccda.hia-iha.nrc-cnrc.gc.ca/data/pub/WALLABY/WALLABY_J130026-151708_NGC_5044_TR3_mask.fits,4596c474affcd818b4a6de7ff2913e773e48eb310d57a1ab622f22abb638ee71,371146397e33dc554a08d834991d2315b24397d7fd476086387c836482a97bc4,31680,938880
WALLABY J130029-133942,NGC 5044 TR3,NGC5044,17,pass,,False,10,0.7202018468595429,60.000000000120004,32x35,76x32x35,123,6.000000000012,47650.234375,14,https://ws.cadc-ccda.hia-iha.nrc-cnrc.gc.ca/data/pub/WALLABY/WALLABY_J130029-133942_NGC_5044_TR3_mom0.fits,https://ws.cadc-ccda.hia-iha.nrc-cnrc.gc.ca/data/pub/WALLABY/WALLABY_J130029-133942_NGC_5044_TR3_mask.fits,1c9f0dde0523876c914d6893a788487aaa2e75bfe6b608205b878784d0526cd5,7ebf69468f82127c362e96751b40340fba1d19b9f94b1290094b77d71abdada5,17280,97920
WALLABY J130029-181400,NGC 5044 TR3,NGC5044,8,profile_rejected,negative source annular moment-0 weight; no clipping is allowed,False,,,,32x37,72x32x37,151,6.000000000012,55593.0078125,14,https://ws.cadc-ccda.hia-iha.nrc-cnrc.gc.ca/data/pub/WALLABY/WALLABY_J130029-181400_NGC_5044_TR3_mom0.fits,https://ws.cadc-ccda.hia-iha.nrc-cnrc.gc.ca/data/pub/WALLABY/WALLABY_J130029-181400_NGC_5044_TR3_mask.fits,bef24cfc24972e83106d957563c92e6b6adfe3e07b8838d0910ff2ce85f1853b,565872d6389a4e4310fa5b693d1792ed8403a50512edfd5cad4754de95192acb,17280,97920
WALLABY J130032-123039,NGC 5044 TR3,NGC5044,17,profile_rejected,negative source annular moment-0 weight; no clipping is allowed,False,,,,37x40,68x37x40,260,6.000000000012,151882.59375,43,https://ws.cadc-ccda.hia-iha.nrc-cnrc.gc.ca/data/pub/WALLABY/WALLABY_J130032-123039_NGC_5044_TR3_mom0.fits,https://ws.cadc-ccda.hia-iha.nrc-cnrc.gc.ca/data/pub/WALLABY/WALLABY_J130032-123039_NGC_5044_TR3_mask.fits,e8fb3b2fa028a2c148b13275af8b2ec75a1f54aff444986efc76943f993dc60a,d10fd379880d8053bee8e8203e95e14fa6a61231db5b5ef2d5150312f286b2d8,20160,112320
WALLABY J130033-122307,NGC 5044 TR3,NGC5044,0,profile_rejected,source radial support contains fewer than 8 pixel-scale annuli,False,,,,29x31,49x29x31,80,6.000000000012,36711.578125,5,https://ws.cadc-ccda.hia-iha.nrc-cnrc.gc.ca/data/pub/WALLABY/WALLABY_J130033-122307_NGC_5044_TR3_mom0.fits,https://ws.cadc-ccda.hia-iha.nrc-cnrc.gc.ca/data/pub/WALLABY/WALLABY_J130033-122307_NGC_5044_TR3_mask.fits,8f12ecee4449639c3d9a4851c96b35286fbc95bc755f7816954e40ee54ae2ae2,f77e270be4f56030b890cd0594e58e362bcbdb469ffcfc9afa17522c89927385,17280,57600
WALLABY J130043-154253,NGC 5044 TR3,NGC5044,6,pass,,False,21,0.798114297911852,126.000000000252,46x58,70x46x58,770,6.000000000012,417625.59375,54,https://ws.cadc-ccda.hia-iha.nrc-cnrc.gc.ca/data/pub/WALLABY/WALLABY_J130043-154253_NGC_5044_TR3_mom0.fits,https://ws.cadc-ccda.hia-iha.nrc-cnrc.gc.ca/data/pub/WALLABY/WALLABY_J130043-154253_NGC_5044_TR3_mask.fits,d5d01e499e0a859bf742c8ca7304d73fa1aaa6e591352f1a928dca8fb354eae7,3f8113caba3e04d9ad668b73f35f0b32a74bdf8fdc2c5cbd9fc996d9ece09b55,23040,198720
WALLABY J130043-185429,NGC 5044 TR3,NGC5044,18,pass,,False,13,0.6374469415067304,78.000000000156,39x37,81x39x37,205,6.000000000012,75875.734375,18,https://ws.cadc-ccda.hia-iha.nrc-cnrc.gc.ca/data/pub/WALLABY/WALLABY_J130043-185429_NGC_5044_TR3_mom0.fits,https://ws.cadc-ccda.hia-iha.nrc-cnrc.gc.ca/data/pub/WALLABY/WALLABY_J130043-185429_NGC_5044_TR3_mask.fits,a61537c769d2bbe70120cdcd27c4faf50147e1fe30bd2684be0a4126e74ebca5,e0d33c776c5ddac0007fb030e13a2f92ab3720a1a14fde09a83e8bfab8729f85,20160,129600
WALLABY J130044-142906,NGC 5044 TR3,NGC5044,3,profile_rejected,negative source annular moment-0 weight; no clipping is allowed,False,,,,37x37,81x37x37,200,6.000000000012,123955.328125,31,https://ws.cadc-ccda.hia-iha.nrc-cnrc.gc.ca/data/pub/WALLABY/WALLABY_J130044-142906_NGC_5044_TR3_mom0.fits,https://ws.cadc-ccda.hia-iha.nrc-cnrc.gc.ca/data/pub/WALLABY/WALLABY_J130044-142906_NGC_5044_TR3_mask.fits,1d0d2a9eaaef83fb00776ccdad77cf50cb5df914f9e48ef9cece607737173efc,db9854e7bcaecc6e7ea30dd647bf0fd1f6e34c277a6948827f5d7fa695a83d2b,17280,123840
WALLABY J130047-130944,NGC 5044 TR3,NGC5044,21,profile_rejected,negative source annular moment-0 weight; no clipping is allowed,False,,,,37x37,88x37x37,232,6.000000000012,98142.8671875,27,https://ws.cadc-ccda.hia-iha.nrc-cnrc.gc.ca/data/pub/WALLABY/WALLABY_J130047-130944_NGC_5044_TR3_mom0.fits,https://ws.cadc-ccda.hia-iha.nrc-cnrc.gc.ca/data/pub/WALLABY/WALLABY_J130047-130944_NGC_5044_TR3_mask.fits,2616ac8c17919fcafa181103c83b36dce9561afce04f7eba2369d6f9e4d959b3,368d84aeaa9a346aeab21db2710312d70dfefc8b4943c1c862ee15afd26e6ee7,17280,132480
WALLABY J130047-141534,NGC 5044 TR3,NGC5044,1,profile_rejected,negative source annular moment-0 weight; no clipping is allowed,False,,,,34x40,68x34x40,223,6.000000000012,118638.21875,34,https://ws.cadc-ccda.hia-iha.nrc-cnrc.gc.ca/data/pub/WALLABY/WALLABY_J130047-141534_NGC_5044_TR3_mom0.fits,https://ws.cadc-ccda.hia-iha.nrc-cnrc.gc.ca/data/pub/WALLABY/WALLABY_J130047-141534_NGC_5044_TR3_mask.fits,ad582245e9a32c0c74cfad77e9d31141fac3905ee4e7bd3daaf415f812533526,3f9cdc20dee9f1bafdc2887f02469a8ab0977ea42ebb99249651f99d3928bca3,17280,106560
WALLABY J130049-143608,NGC 5044 TR3,NGC5044,11,profile_rejected,negative source annular moment-0 weight; no clipping is allowed,False,,,,35x32,91x35x32,122,6.000000000012,60888.86328125,17,https://ws.cadc-ccda.hia-iha.nrc-cnrc.gc.ca/data/pub/WALLABY/WALLABY_J130049-143608_NGC_5044_TR3_mom0.fits,https://ws.cadc-ccda.hia-iha.nrc-cnrc.gc.ca/data/pub/WALLABY/WALLABY_J130049-143608_NGC_5044_TR3_mask.fits,250cf2f952d8c5b64dcf1e5ee7954a44f22ccce7f5b54858bdabaeec4b70ef19,ea1928b2c676757417f88b2ebc7aaeeeb81202e40b8207b1ab289759150adef3,17280,115200
WALLABY J130049-170522,NGC 5044 TR3,NGC5044,12,profile_rejected,negative source annular moment-0 weight; no clipping is allowed,False,,,,36x42,60x36x42,258,6.000000000012,112564.3125,22,https://ws.cadc-ccda.hia-iha.nrc-cnrc.gc.ca/data/pub/WALLABY/WALLABY_J130049-170522_NGC_5044_TR3_mom0.fits,https://ws.cadc-ccda.hia-iha.nrc-cnrc.gc.ca/data/pub/WALLABY/WALLABY_J130049-170522_NGC_5044_TR3_mask.fits,1b3b40656c09917b3cefa08e5892020f6d35ba42756c8018b6cf47391c5e97cd,8fd66b6930a728ca0890918d4c31481cea8173a6e212bc3745895757744ffe63,20160,103680
WALLABY J130052-145506,NGC 5044 TR3,NGC5044,11,profile_rejected,negative source annular moment-0 weight; no clipping is allowed,False,,,,36x37,79x36x37,191,6.000000000012,46334.265625,28,https://ws.cadc-ccda.hia-iha.nrc-cnrc.gc.ca/data/pub/WALLABY/WALLABY_J130052-145506_NGC_5044_TR3_mom0.fits,https://ws.cadc-ccda.hia-iha.nrc-cnrc.gc.ca/data/pub/WALLABY/WALLABY_J130052-145506_NGC_5044_TR3_mask.fits,6eefa1c7819a17d26380b3dfe27455768c167064a2329c0dbb692e67f16fbc11,ec16fca662884e7f3484dd5fdbcbcfdae97df72256bced4bd6d6383d790cb3d0,17280,118080
WALLABY J130057-172247,NGC 5044 TR3,NGC5044,8,pass,,False,16,0.7538126660917539,96.000000000192,41x41,83x41x41,331,6.000000000012,183945.53125,57,https://ws.cadc-ccda.hia-iha.nrc-cnrc.gc.ca/data/pub/WALLABY/WALLABY_J130057-172247_NGC_5044_TR3_mom0.fits,https://ws.cadc-ccda.hia-iha.nrc-cnrc.gc.ca/data/pub/WALLABY/WALLABY_J130057-172247_NGC_5044_TR3_mask.fits,ef0db303b6e5995a08a65632b706dc179a0174676e4987045a4b37b4b7f22628,ab57bed9e9b27e5c7609cf75a75e0ea950c2801691aee49759ce6038a871d4e4,20160,152640
WALLABY J130105-165505,NGC 5044 TR3,NGC5044,13,profile_rejected,negative source annular moment-0 weight; no clipping is allowed,False,,,,36x35,105x36x35,161,6.000000000012,91544.4921875,24,https://ws.cadc-ccda.hia-iha.nrc-cnrc.gc.ca/data/pub/WALLABY/WALLABY_J130105-165505_NGC_5044_TR3_mom0.fits,https://ws.cadc-ccda.hia-iha.nrc-cnrc.gc.ca/data/pub/WALLABY/WALLABY_J130105-165505_NGC_5044_TR3_mask.fits,cc91f6d29a8bbe1d96dda0cb3104a5a2c4ceef51ad9f964bd106684d70a842bb,014490c900b46e654d766c79b5d21df451d9a908d4c5640104828f763821b919,17280,144000
WALLABY J130107-133053,NGC 5044 TR3,NGC5044,12,profile_rejected,negative source annular moment-0 weight; no clipping is allowed,False,,,,66x55,68x66x55,1180,6.000000000012,984695.0,90,https://ws.cadc-ccda.hia-iha.nrc-cnrc.gc.ca/data/pub/WALLABY/WALLABY_J130107-133053_NGC_5044_TR3_mom0.fits,https://ws.cadc-ccda.hia-iha.nrc-cnrc.gc.ca/data/pub/WALLABY/WALLABY_J130107-133053_NGC_5044_TR3_mask.fits,dfd2debc401f116b70662176d1562bc185260e0cf4c25248b81347a6861f1edb,6294fa89b15b38ebfa6dd5917f5ae370fae5d8644a156ab6861595ce2c631ec6,28800,259200
WALLABY J130108-181149,NGC 5044 TR3,NGC5044,21,pass,,False,15,0.8552005053434872,90.00000000018001,44x45,110x44x45,436,6.000000000012,288925.375,40,https://ws.cadc-ccda.hia-iha.nrc-cnrc.gc.ca/data/pub/WALLABY/WALLABY_J130108-181149_NGC_5044_TR3_mom0.fits,https://ws.cadc-ccda.hia-iha.nrc-cnrc.gc.ca/data/pub/WALLABY/WALLABY_J130108-181149_NGC_5044_TR3_mask.fits,e00d557fe3066dabfca94d96820efd906f9498368b07ad50d65202e8f0674d5e,30f6320014ee9c33e5d4c03420583316889db637a6f2243690f89b5b845f6a90,20160,230400
WALLABY J130113-170851,NGC 5044 TR3,NGC5044,22,profile_rejected,negative source annular moment-0 weight; no clipping is allowed,False,,,,34x33,47x34x33,134,6.000000000012,36412.859375,24,https://ws.cadc-ccda.hia-iha.nrc-cnrc.gc.ca/data/pub/WALLABY/WALLABY_J130113-170851_NGC_5044_TR3_mom0.fits,https://ws.cadc-ccda.hia-iha.nrc-cnrc.gc.ca/data/pub/WALLABY/WALLABY_J130113-170851_NGC_5044_TR3_mask.fits,58efea28c0b60fe93d4ed8658476f658326801846709f4b879bcd1533c151662,9c209c6cb6cb117d5bae3837f82999013ad3275550d3cee1ff2841fdfc447725,17280,66240
WALLABY J130121-133904,NGC 5044 TR3,NGC5044,12,pass,,False,11,0.8090164137015073,66.000000000132,38x36,95x38x36,221,6.000000000012,130843.609375,39,https://ws.cadc-ccda.hia-iha.nrc-cnrc.gc.ca/data/pub/WALLABY/WALLABY_J130121-133904_NGC_5044_TR3_mom0.fits,https://ws.cadc-ccda.hia-iha.nrc-cnrc.gc.ca/data/pub/WALLABY/WALLABY_J130121-133904_NGC_5044_TR3_mask.fits,9ecbd0a8199cc20b85a53fda188fcc74fc71404afcd943a02b394c710d7bd100,bf43dc4b093db6e98b9731b2fb03d886941089cf4e57f4329ec6f97c79a33224,17280,144000
WALLABY J130121-194538,NGC 5044 TR3,NGC5044,1,pass,,False,13,0.8498702569350925,78.000000000156,37x35,74x37x35,179,6.000000000012,57060.09765625,12,https://ws.cadc-ccda.hia-iha.nrc-cnrc.gc.ca/data/pub/WALLABY/WALLABY_J130121-194538_NGC_5044_TR3_mom0.fits,https://ws.cadc-ccda.hia-iha.nrc-cnrc.gc.ca/data/pub/WALLABY/WALLABY_J130121-194538_NGC_5044_TR3_mask.fits,4f1f3b646bb9940ac673ad444b97ee3fb5d1731177bf31d237d9b42544ff2968,322be5eeddf8e0437abfb89a3501c8ba55fac9f3030fc28ae7c4ed8b4e32fb50,17280,109440
WALLABY J130130-151321,NGC 5044 TR3,NGC5044,19,pass,,False,13,0.738506037497533,78.000000000156,37x39,70x37x39,204,6.000000000012,96852.328125,34,https://ws.cadc-ccda.hia-iha.nrc-cnrc.gc.ca/data/pub/WALLABY/WALLABY_J130130-151321_NGC_5044_TR3_mom0.fits,https://ws.cadc-ccda.hia-iha.nrc-cnrc.gc.ca/data/pub/WALLABY/WALLABY_J130130-151321_NGC_5044_TR3_mask.fits,2a5ebb1b2caf49fd228e7a902af314b0b3dfb543d5283df3f95cdee007ad32b5,5ccdc97d6822ed1b8e443d94d9b9193a7efea00047c7929c3156a199429ceec4,20160,115200
WALLABY J130132-154057,NGC 5044 TR3,NGC5044,0,profile_rejected,negative source annular moment-0 weight; no clipping is allowed,False,,,,42x40,81x42x40,296,6.000000000012,116158.75,65,https://ws.cadc-ccda.hia-iha.nrc-cnrc.gc.ca/data/pub/WALLABY/WALLABY_J130132-154057_NGC_5044_TR3_mom0.fits,https://ws.cadc-ccda.hia-iha.nrc-cnrc.gc.ca/data/pub/WALLABY/WALLABY_J130132-154057_NGC_5044_TR3_mask.fits,7f91952635133d635966f316973ee7dc2973413b5e74ca0f8bee54f0806e0332,846aab1c35adb1c6485810d59f4e694f999cd8300b8c58050267ccdf02b66ef2,20160,149760
WALLABY J130132-190935,NGC 5044 TR3,NGC5044,21,pass,,False,14,0.7023179807913666,84.000000000168,42x35,123x42x35,238,6.000000000012,162226.875,34,https://ws.cadc-ccda.hia-iha.nrc-cnrc.gc.ca/data/pub/WALLABY/WALLABY_J130132-190935_NGC_5044_TR3_mom0.fits,https://ws.cadc-ccda.hia-iha.nrc-cnrc.gc.ca/data/pub/WALLABY/WALLABY_J130132-190935_NGC_5044_TR3_mask.fits,b9cb33f7678509e66bb0d5b53b125837d00f0579722382417f1eedfec3e1dfad,ea90a555921cbf0d15c506205e4253a62ac90b65a777d3805823725333eef91b,20160,192960
WALLABY J130133-191211,NGC 5044 TR3,NGC5044,7,profile_rejected,negative source annular moment-0 weight; no clipping is allowed,False,,,,38x35,94x38x35,199,6.000000000012,81293.96875,40,https://ws.cadc-ccda.hia-iha.nrc-cnrc.gc.ca/data/pub/WALLABY/WALLABY_J130133-191211_NGC_5044_TR3_mom0.fits,https://ws.cadc-ccda.hia-iha.nrc-cnrc.gc.ca/data/pub/WALLABY/WALLABY_J130133-191211_NGC_5044_TR3_mask.fits,f4a9a88b587e1d96650050dc055ab6a1ffbe2811bb418687c92b9ea57d19a98f,5a303fea55c2339ec8bff819bfd73f7f45d85ae06d129dd5a1f614c67e9eb89c,17280,138240
WALLABY J130133-192537,NGC 5044 TR3,NGC5044,8,pass,,False,9,0.8482195275810388,54.000000000108,34x36,63x34x36,153,6.000000000012,66003.21875,7,https://ws.cadc-ccda.hia-iha.nrc-cnrc.gc.ca/data/pub/WALLABY/WALLABY_J130133-192537_NGC_5044_TR3_mom0.fits,https://ws.cadc-ccda.hia-iha.nrc-cnrc.gc.ca/data/pub/WALLABY/WALLABY_J130133-192537_NGC_5044_TR3_mask.fits,d5b00e59516d41acd96255073b6348d61258c5cf4665e370cacb649eada7f4d0,b129add0c45e0e92ca548569c3978eed091ad7ac3a12f34c38ff98dd208c4441,17280,89280
WALLABY J130143-175939,NGC 5044 TR3,NGC5044,20,profile_rejected,negative source annular moment-0 weight; no clipping is allowed,False,,,,36x38,60x36x38,218,6.000000000012,83866.546875,57,https://ws.cadc-ccda.hia-iha.nrc-cnrc.gc.ca/data/pub/WALLABY/WALLABY_J130143-175939_NGC_5044_TR3_mom0.fits,https://ws.cadc-ccda.hia-iha.nrc-cnrc.gc.ca/data/pub/WALLABY/WALLABY_J130143-175939_NGC_5044_TR3_mask.fits,ad01b45309fd07c324d4f530e51701a09b48fad3cf70986da2eea8ffe2288dc3,8a3b8cbf9b9f10b62675b85221c548a4bf7e205765088eae80fb54a87e483017,17280,95040
WALLABY J130148-114530,NGC 5044 TR3,NGC5044,18,pass,,False,22,0.5159728496856083,132.000000000264,53x41,103x53x41,532,6.000000000012,519291.25,82,https://ws.cadc-ccda.hia-iha.nrc-cnrc.gc.ca/data/pub/WALLABY/WALLABY_J130148-114530_NGC_5044_TR3_mom0.fits,https://ws.cadc-ccda.hia-iha.nrc-cnrc.gc.ca/data/pub/WALLABY/WALLABY_J130148-114530_NGC_5044_TR3_mask.fits,c595cc65ec019e2d3358f84a94edde5f068882d6bac5596cf3720ccffc38c557,fce8bae35008cc1a2317c3c1b5e435c91bca0563ab05c94e2b3069538f55154e,23040,236160
WALLABY J130152-133135,NGC 5044 TR3,NGC5044,18,pass,,False,13,0.5658430990104003,78.000000000156,40x35,61x40x35,162,6.000000000012,36164.4140625,19,https://ws.cadc-ccda.hia-iha.nrc-cnrc.gc.ca/data/pub/WALLABY/WALLABY_J130152-133135_NGC_5044_TR3_mom0.fits,https://ws.cadc-ccda.hia-iha.nrc-cnrc.gc.ca/data/pub/WALLABY/WALLABY_J130152-133135_NGC_5044_TR3_mask.fits,df311240cd98fd8970d85b1116b084925ca37c900e371daecd2ddc8686787ce3,c49f043c839d2b64937b6c1619d1dc03d446f96f4114542d0672452c29af1656,17280,97920
WALLABY J130153-191443,NGC 5044 TR3,NGC5044,12,pass,,False,16,0.6767360684775384,96.000000000192,42x41,80x42x41,283,6.000000000012,102886.234375,42,https://ws.cadc-ccda.hia-iha.nrc-cnrc.gc.ca/data/pub/WALLABY/WALLABY_J130153-191443_NGC_5044_TR3_mom0.fits,https://ws.cadc-ccda.hia-iha.nrc-cnrc.gc.ca/data/pub/WALLABY/WALLABY_J130153-191443_NGC_5044_TR3_mask.fits,8e74cd7620b07de99baa7069be483d2c886ae04ed26df3eb1c77d81a414a388e,01d5f3da7d6b7e2ea28f4d0f301699636bbfcd357f7b298fdc10921a711e22a4,20160,149760
WALLABY J130154-144123,NGC 5044 TR3,NGC5044,10,profile_rejected,negative source annular moment-0 weight; no clipping is allowed,False,,,,38x39,85x38x39,261,6.000000000012,152232.359375,50,https://ws.cadc-ccda.hia-iha.nrc-cnrc.gc.ca/data/pub/WALLABY/WALLABY_J130154-144123_NGC_5044_TR3_mom0.fits,https://ws.cadc-ccda.hia-iha.nrc-cnrc.gc.ca/data/pub/WALLABY/WALLABY_J130154-144123_NGC_5044_TR3_mask.fits,c28783602b49e3a016decec303299ed90af9f1380b16d3f9050b824cad40a17d,32ec6b2f55669950a8907f67d006a105a83253af4a0a2da4a665b22077a86e24,20160,138240
WALLABY J130156-135401,NGC 5044 TR3,NGC5044,6,profile_rejected,negative source annular moment-0 weight; no clipping is allowed,False,,,,37x37,60x37x37,218,6.000000000012,119589.9453125,42,https://ws.cadc-ccda.hia-iha.nrc-cnrc.gc.ca/data/pub/WALLABY/WALLABY_J130156-135401_NGC_5044_TR3_mom0.fits,https://ws.cadc-ccda.hia-iha.nrc-cnrc.gc.ca/data/pub/WALLABY/WALLABY_J130156-135401_NGC_5044_TR3_mask.fits,b37461a374e1448f59704520a93db6a8681a38b7a6a8c702c3abd473c932ae38,012bb0be4a3e625943d08f8bda10abfa3eca7eb464e8958a821c535990a74a68,17280,95040
WALLABY J130157-165915,NGC 5044 TR3,NGC5044,11,profile_rejected,negative source annular moment-0 weight; no clipping is allowed,False,,,,37x37,62x37x37,210,6.000000000012,93375.453125,17,https://ws.cadc-ccda.hia-iha.nrc-cnrc.gc.ca/data/pub/WALLABY/WALLABY_J130157-165915_NGC_5044_TR3_mom0.fits,https://ws.cadc-ccda.hia-iha.nrc-cnrc.gc.ca/data/pub/WALLABY/WALLABY_J130157-165915_NGC_5044_TR3_mask.fits,38a34f374998184a16f985a8dee39bd2643a8ad4c249e571a255d7c1e19dd990,2cbbb3da994c2d93f82ca1a6fae06929c5436f05fd3a4e26180b3396169d210a,17280,97920
WALLABY J130158-164401,NGC 5044 TR3,NGC5044,2,pass,,False,14,0.7562477312873606,84.000000000168,41x33,49x41x33,176,6.000000000012,37911.72265625,20,https://ws.cadc-ccda.hia-iha.nrc-cnrc.gc.ca/data/pub/WALLABY/WALLABY_J130158-164401_NGC_5044_TR3_mom0.fits,https://ws.cadc-ccda.hia-iha.nrc-cnrc.gc.ca/data/pub/WALLABY/WALLABY_J130158-164401_NGC_5044_TR3_mask.fits,932d524854743ce9e7123aa45081d90fd8553f2397c1fa10f0f354a09eb80f51,806d9b2914e182e012d33d93a8d94f1cad924ba00d904e6343a750159b3816f8,17280,80640
WALLABY J130200-155427,NGC 5044 TR3,NGC5044,16,profile_rejected,negative source annular moment-0 weight; no clipping is allowed,False,,,,35x39,92x35x39,211,6.000000000012,90017.296875,13,https://ws.cadc-ccda.hia-iha.nrc-cnrc.gc.ca/data/pub/WALLABY/WALLABY_J130200-155427_NGC_5044_TR3_mom0.fits,https://ws.cadc-ccda.hia-iha.nrc-cnrc.gc.ca/data/pub/WALLABY/WALLABY_J130200-155427_NGC_5044_TR3_mask.fits,4d66fff4da8039ea4345de24e8c55c4fedb7adbb04d9aaa37f6aa91b8ae8f594,5a87c8316be90b9e636b7025b311b90a8c81807d45c974639be27131b8274bc5,17280,138240
WALLABY J130201-164147,NGC 5044 TR3,NGC5044,13,pass,,False,10,0.8651815914214648,60.000000000120004,35x34,50x35x34,124,6.000000000012,26106.376953125,7,https://ws.cadc-ccda.hia-iha.nrc-cnrc.gc.ca/data/pub/WALLABY/WALLABY_J130201-164147_NGC_5044_TR3_mom0.fits,https://ws.cadc-ccda.hia-iha.nrc-cnrc.gc.ca/data/pub/WALLABY/WALLABY_J130201-164147_NGC_5044_TR3_mask.fits,6f5e72659a77054ad7b8f0586802769607f8671f6f358d1fbab6b6a33c9280e5,6d399c8cfc8802fed36520c06cc989a8b7bfd77d574709a393a462db0e52d8a7,17280,72000
WALLABY J130201-164641,NGC 5044 TR3,NGC5044,22,profile_rejected,negative source annular moment-0 weight; no clipping is allowed,False,,,,24x42,132x24x42,247,6.000000000012,166636.09375,29,https://ws.cadc-ccda.hia-iha.nrc-cnrc.gc.ca/data/pub/WALLABY/WALLABY_J130201-164641_NGC_5044_TR3_mom0.fits,https://ws.cadc-ccda.hia-iha.nrc-cnrc.gc.ca/data/pub/WALLABY/WALLABY_J130201-164641_NGC_5044_TR3_mask.fits,a3a7457f7b3f6be6cd0bc0e8457d7e002a723268b9e4256ce18f6a2a788fc0d6,f81e8719ffc7dffdf4d103f81e12c76083711576b9f9cf6d9f876aa7a53232d8,17280,146880
WALLABY J130202-115118,NGC 5044 TR3,NGC5044,4,profile_rejected,negative source annular moment-0 weight; no clipping is allowed,False,,,,43x39,152x43x39,336,6.000000000012,232376.59375,39,https://ws.cadc-ccda.hia-iha.nrc-cnrc.gc.ca/data/pub/WALLABY/WALLABY_J130202-115118_NGC_5044_TR3_mom0.fits,https://ws.cadc-ccda.hia-iha.nrc-cnrc.gc.ca/data/pub/WALLABY/WALLABY_J130202-115118_NGC_5044_TR3_mask.fits,b679196ce20660c8fa9c6a9825233e0122a0f800f1a7d951cfe799fe7da2c03f,3fc0ec8ae737d96f8ae19194597cf0fc555ae3b2bd6533f3ab29a31f086db285,20160,267840
WALLABY J130203-145302,NGC 5044 TR3,NGC5044,6,pass,,False,35,0.47069251314366595,210.00000000042002,75x52,94x75x52,1235,6.000000000012,889508.375,84,https://ws.cadc-ccda.hia-iha.nrc-cnrc.gc.ca/data/pub/WALLABY/WALLABY_J130203-145302_NGC_5044_TR3_mom0.fits,https://ws.cadc-ccda.hia-iha.nrc-cnrc.gc.ca/data/pub/WALLABY/WALLABY_J130203-145302_NGC_5044_TR3_mask.fits,394447fe21a032219b13785a701a18fd1132a99acf463f1f255c4bf60091f077,7c5500a367333c2f05cc257b7f8445e4fa583f6b63abf70a48691f83358f25b4,28800,380160
WALLABY J130213-144945,NGC 5044 TR3,NGC5044,0,profile_rejected,negative source annular moment-0 weight; no clipping is allowed,False,,,,50x40,120x50x40,345,6.000000000012,126855.484375,45,https://ws.cadc-ccda.hia-iha.nrc-cnrc.gc.ca/data/pub/WALLABY/WALLABY_J130213-144945_NGC_5044_TR3_mom0.fits,https://ws.cadc-ccda.hia-iha.nrc-cnrc.gc.ca/data/pub/WALLABY/WALLABY_J130213-144945_NGC_5044_TR3_mask.fits,f5baab13885eea68d62070dc950355c146b47ea285bc6b7e7afd8129441d7f38,ca8b226c8ec1ced2c3e7465295f8a0815c5dab043850e4166a6f2551b0e11301,20160,253440
WALLABY J130213-145817,NGC 5044 TR3,NGC5044,17,profile_rejected,negative source annular moment-0 weight; no clipping is allowed,False,,,,71x70,114x71x70,1716,6.000000000012,1201446.5,173,https://ws.cadc-ccda.hia-iha.nrc-cnrc.gc.ca/data/pub/WALLABY/WALLABY_J130213-145817_NGC_5044_TR3_mom0.fits,https://ws.cadc-ccda.hia-iha.nrc-cnrc.gc.ca/data/pub/WALLABY/WALLABY_J130213-145817_NGC_5044_TR3_mask.fits,866e5f8ee13d024455624ea5d038fb29506bfe540712b6e17f3c4cbc95c6a3fc,e633a8c71ee30c7b69ccf8262e31437d3c17757789f470870bf1211827210e16,31680,578880
WALLABY J130213-171416,NGC 5044 TR3,NGC5044,21,pass,,False,26,0.7684524832053958,156.000000000312,57x59,59x57x59,850,6.000000000012,456589.1875,99,https://ws.cadc-ccda.hia-iha.nrc-cnrc.gc.ca/data/pub/WALLABY/WALLABY_J130213-171416_NGC_5044_TR3_mom0.fits,https://ws.cadc-ccda.hia-iha.nrc-cnrc.gc.ca/data/pub/WALLABY/WALLABY_J130213-171416_NGC_5044_TR3_mask.fits,59f77dde6921179c92549992aaeb3f2d3545081fd495f08e76774160f454e829,8be1c0face36de2b707fa63a20f7764a67039e160a4273197d5944446d994116,25920,210240
WALLABY J130215-170254,NGC 5044 TR3,NGC5044,5,pass,,False,10,0.7190110146240432,60.000000000120004,34x35,65x34x35,147,6.000000000012,66876.4140625,14,https://ws.cadc-ccda.hia-iha.nrc-cnrc.gc.ca/data/pub/WALLABY/WALLABY_J130215-170254_NGC_5044_TR3_mom0.fits,https://ws.cadc-ccda.hia-iha.nrc-cnrc.gc.ca/data/pub/WALLABY/WALLABY_J130215-170254_NGC_5044_TR3_mask.fits,a2fd46d8928c279e55a27a748024ce85d4846170faf755d36133b0cc8eab4370,145540d0167a79d4d4b2a0cad3418f17d696a01dae68a1055418823afb999a5d,17280,89280
WALLABY J130216-145410,NGC 5044 TR3,NGC5044,7,pass,,False,37,0.4223987835828807,222.000000000444,60x50,81x60x50,522,6.000000000012,154719.53125,36,https://ws.cadc-ccda.hia-iha.nrc-cnrc.gc.ca/data/pub/WALLABY/WALLABY_J130216-145410_NGC_5044_TR3_mom0.fits,https://ws.cadc-ccda.hia-iha.nrc-cnrc.gc.ca/data/pub/WALLABY/WALLABY_J130216-145410_NGC_5044_TR3_mask.fits,eda7ef17c728389f5c01a38bf870a2bf442edef310b36b3a911fd7359da6098b,8fe9f1209c7168516b39d6c539c48753e489a435026916fe950f0aa777a14fe1,25920,256320
WALLABY J130220-143758,NGC 5044 TR3,NGC5044,12,profile_rejected,negative source annular moment-0 weight; no clipping is allowed,False,,,,38x42,59x38x42,288,6.000000000012,85254.171875,62,https://ws.cadc-ccda.hia-iha.nrc-cnrc.gc.ca/data/pub/WALLABY/WALLABY_J130220-143758_NGC_5044_TR3_mom0.fits,https://ws.cadc-ccda.hia-iha.nrc-cnrc.gc.ca/data/pub/WALLABY/WALLABY_J130220-143758_NGC_5044_TR3_mask.fits,bb9808bb9bb1aa5461e07d3543567f88f43eb523c4b62ecfcf1ccb8318e0b407,a8c58b0604d05069d1e3385c878ef79a78f27fa08bc783575c25a376c8a7b1b1,20160,106560
WALLABY J130221-154600,NGC 5044 TR3,NGC5044,3,pass,,False,43,0.48198785389379845,258.000000000516,58x75,156x58x75,1158,6.000000000012,1273199.625,165,https://ws.cadc-ccda.hia-iha.nrc-cnrc.gc.ca/data/pub/WALLABY/WALLABY_J130221-154600_NGC_5044_TR3_mom0.fits,https://ws.cadc-ccda.hia-iha.nrc-cnrc.gc.ca/data/pub/WALLABY/WALLABY_J130221-154600_NGC_5044_TR3_mask.fits,9aa427f2951f982f4201c35fde7adf847857395397f2557bab4c7e72e264f54b,42596f8e0b1b73f320306a3d54e7f339957d8a9f68a1657eec1d40af146329e4,31680,691200
WALLABY J130223-122031,NGC 5044 TR3,NGC5044,13,pass,,False,23,0.6690555502359737,138.000000000276,50x47,127x50x47,572,6.000000000012,535094.5625,59,https://ws.cadc-ccda.hia-iha.nrc-cnrc.gc.ca/data/pub/WALLABY/WALLABY_J130223-122031_NGC_5044_TR3_mom0.fits,https://ws.cadc-ccda.hia-iha.nrc-cnrc.gc.ca/data/pub/WALLABY/WALLABY_J130223-122031_NGC_5044_TR3_mask.fits,498110377bc5febe6b7993a1d4c1b33df7dba027752851b5b9c244b91cf871b2,ee3f63a68c765a74bed9c5ee022f181b7d0257c018f40cf74f0b335d8fb5b218,23040,311040
WALLABY J130223-160911,NGC 5044 TR3,NGC5044,15,profile_rejected,negative source annular moment-0 weight; no clipping is allowed,False,,,,35x35,135x35x35,146,6.000000000012,79359.171875,11,https://ws.cadc-ccda.hia-iha.nrc-cnrc.gc.ca/data/pub/WALLABY/WALLABY_J130223-160911_NGC_5044_TR3_mom0.fits,https://ws.cadc-ccda.hia-iha.nrc-cnrc.gc.ca/data/pub/WALLABY/WALLABY_J130223-160911_NGC_5044_TR3_mask.fits,3bd6542ed43acda81aa29af255436a2516349af785501f34b6270e1e6021de6a,87144e78535487a6a94034f5518220485777c5ecdca57337b942e5f4bb2e8053,17280,178560
WALLABY J130223-174422,NGC 5044 TR3,NGC5044,8,profile_rejected,negative source annular moment-0 weight; no clipping is allowed,False,,,,38x40,54x38x40,225,6.000000000012,78648.1171875,41,https://ws.cadc-ccda.hia-iha.nrc-cnrc.gc.ca/data/pub/WALLABY/WALLABY_J130223-174422_NGC_5044_TR3_mom0.fits,https://ws.cadc-ccda.hia-iha.nrc-cnrc.gc.ca/data/pub/WALLABY/WALLABY_J130223-174422_NGC_5044_TR3_mask.fits,e8db6b140608ddba64e546bb65741a1ff01a44fb538e020d3903b7b34b353049,358344a6e5f1417e309d8def237046e0b8fd5330ee521b7a30eb7b77d981d304,20160,95040
WALLABY J130224-155038,NGC 5044 TR3,NGC5044,9,pass,,False,15,0.7817979472043574,90.00000000018001,40x38,82x40x38,200,6.000000000012,52594.58984375,32,https://ws.cadc-ccda.hia-iha.nrc-cnrc.gc.ca/data/pub/WALLABY/WALLABY_J130224-155038_NGC_5044_TR3_mom0.fits,https://ws.cadc-ccda.hia-iha.nrc-cnrc.gc.ca/data/pub/WALLABY/WALLABY_J130224-155038_NGC_5044_TR3_mask.fits,f95c9d537cebe0114e498e7e6ba3de11834546af0ad82e1bfcb8cafe61c9c44e,ccf9b1008c5b2f0c55a5dffc86f12e59f50987f7189b4ba14adf823a72989b95,20160,138240
WALLABY J130235-113803,NGC 5044 TR3,NGC5044,22,pass,,False,28,0.4717722348562185,168.000000000336,60x52,94x60x52,801,6.000000000012,582151.125,72,https://ws.cadc-ccda.hia-iha.nrc-cnrc.gc.ca/data/pub/WALLABY/WALLABY_J130235-113803_NGC_5044_TR3_mom0.fits,https://ws.cadc-ccda.hia-iha.nrc-cnrc.gc.ca/data/pub/WALLABY/WALLABY_J130235-113803_NGC_5044_TR3_mask.fits,e9f75b75e9aee3f83a6459f579500d4cafe293e95d778144c6cdd17c0a82afbe,cd688510588209cbae9b4439165b3a81ed050bbda93340ddc7e10074d2a5f75c,25920,305280
WALLABY J130241-192818,NGC 5044 TR3,NGC5044,6,profile_rejected,negative source annular moment-0 weight; no clipping is allowed,False,,,,39x43,103x39x43,292,6.000000000012,158902.171875,17,https://ws.cadc-ccda.hia-iha.nrc-cnrc.gc.ca/data/pub/WALLABY/WALLABY_J130241-192818_NGC_5044_TR3_mom0.fits,https://ws.cadc-ccda.hia-iha.nrc-cnrc.gc.ca/data/pub/WALLABY/WALLABY_J130241-192818_NGC_5044_TR3_mask.fits,67ddaa5f2aefce15c0da7687d50201eafe46888dc48cff21f6f97e12182b268e,e55b38ec6fc65534057708121a148608104427b608a2cd0637b6433ed8068222,20160,184320
WALLABY J130244-125326,NGC 5044 TR3,NGC5044,18,pass,,False,13,0.742198901981065,78.000000000156,36x39,129x36x39,240,6.000000000012,103262.5234375,24,https://ws.cadc-ccda.hia-iha.nrc-cnrc.gc.ca/data/pub/WALLABY/WALLABY_J130244-125326_NGC_5044_TR3_mom0.fits,https://ws.cadc-ccda.hia-iha.nrc-cnrc.gc.ca/data/pub/WALLABY/WALLABY_J130244-125326_NGC_5044_TR3_mask.fits,f0b3f75e14b022b11992fe33e34158be49abd08c977992419ca22c8e53f4d081,92bc0bc5b6b2a9c0487ccd35bdc00574df0cd84a14c0d1f42e5688fa01097b6d,17280,192960
WALLABY J130246-115536,NGC 5044 TR3,NGC5044,2,profile_rejected,negative source annular moment-0 weight; no clipping is allowed,False,,,,32x34,54x32x34,135,6.000000000012,51781.5546875,18,https://ws.cadc-ccda.hia-iha.nrc-cnrc.gc.ca/data/pub/WALLABY/WALLABY_J130246-115536_NGC_5044_TR3_mom0.fits,https://ws.cadc-ccda.hia-iha.nrc-cnrc.gc.ca/data/pub/WALLABY/WALLABY_J130246-115536_NGC_5044_TR3_mask.fits,cfd1aeed972af9f7d7bd91a513d08c7800c4c07f9dabd05502c926386e2405d7,59e44f0c41c490bae5e181f3ebe4fc5c0e0798efed901a94861c7a2ffbf20fcd,17280,72000
WALLABY J130246-151426,NGC 5044 TR3,NGC5044,20,profile_rejected,negative source annular moment-0 weight; no clipping is allowed,False,,,,35x34,76x35x34,156,6.000000000012,65483.4609375,18,https://ws.cadc-ccda.hia-iha.nrc-cnrc.gc.ca/data/pub/WALLABY/WALLABY_J130246-151426_NGC_5044_TR3_mom0.fits,https://ws.cadc-ccda.hia-iha.nrc-cnrc.gc.ca/data/pub/WALLABY/WALLABY_J130246-151426_NGC_5044_TR3_mask.fits,86cfcaa339a734c0fd24ee40799b6d81b6ddfc33922fa0f59618f05bc00e35f5,2ca6d74d6b593e2b98001e90290d0e2683345d6b1cc4651a414100a9f58a751b,17280,103680
WALLABY J130252-113001,NGC 5044 TR3,NGC5044,10,pass,,False,13,0.7150374360575963,78.000000000156,38x35,99x38x35,203,6.000000000012,119816.296875,20,https://ws.cadc-ccda.hia-iha.nrc-cnrc.gc.ca/data/pub/WALLABY/WALLABY_J130252-113001_NGC_5044_TR3_mom0.fits,https://ws.cadc-ccda.hia-iha.nrc-cnrc.gc.ca/data/pub/WALLABY/WALLABY_J130252-113001_NGC_5044_TR3_mask.fits,65698248def5c352bfb6674c378cb48311b982d2fe13d5698e1b3c96215bb5e8,6bc1ab5141902e4c9037ed041baa576dbbc7de2c8d1c2ee576af801c16b79f6e,17280,144000
WALLABY J130254-135530,NGC 5044 TR3,NGC5044,6,pass,,False,11,0.7147703073688194,66.000000000132,38x31,71x38x31,149,6.000000000012,49462.890625,16,https://ws.cadc-ccda.hia-iha.nrc-cnrc.gc.ca/data/pub/WALLABY/WALLABY_J130254-135530_NGC_5044_TR3_mom0.fits,https://ws.cadc-ccda.hia-iha.nrc-cnrc.gc.ca/data/pub/WALLABY/WALLABY_J130254-135530_NGC_5044_TR3_mask.fits,a198b69000a1d4a968719b378b0e065529dfa0e9a4ce765c7188dfa5fe133b77,f20263f822f265b294693ba6e381b8c4626ac10bfab744227d41237de86985ce,17280,97920
WALLABY J130254-155621,NGC 5044 TR3,NGC5044,6,pass,,False,9,0.7583196415868644,54.000000000108,32x35,68x32x35,131,6.000000000012,48312.265625,24,https://ws.cadc-ccda.hia-iha.nrc-cnrc.gc.ca/data/pub/WALLABY/WALLABY_J130254-155621_NGC_5044_TR3_mom0.fits,https://ws.cadc-ccda.hia-iha.nrc-cnrc.gc.ca/data/pub/WALLABY/WALLABY_J130254-155621_NGC_5044_TR3_mask.fits,7f235521b2827fc3c26a3ab78030440df5e9f074e98444dc840fa9b8baca7ab9,618064791f782946285bd0b80a26274ab177a19aa77930aac2a3f8069dfb2b06,17280,89280
WALLABY J130302-201332,NGC 5044 TR3,NGC5044,22,profile_rejected,negative source annular moment-0 weight; no clipping is allowed,False,,,,39x30,79x39x30,284,6.000000000012,170997.1875,69,https://ws.cadc-ccda.hia-iha.nrc-cnrc.gc.ca/data/pub/WALLABY/WALLABY_J130302-201332_NGC_5044_TR3_mom0.fits,https://ws.cadc-ccda.hia-iha.nrc-cnrc.gc.ca/data/pub/WALLABY/WALLABY_J130302-201332_NGC_5044_TR3_mask.fits,5158eaed3278d012b04fe64d0d4d70956ea5dd854e7d33ff24cd79df4efa07e7,1d325d51508ed5ca6e2991e614e74fa85d787970f207816ff1ce862f644d23df,17280,106560
WALLABY J130306-193614,NGC 5044 TR3,NGC5044,10,profile_rejected,negative source annular moment-0 weight; no clipping is allowed,False,,,,40x35,81x40x35,282,6.000000000012,152143.71875,47,https://ws.cadc-ccda.hia-iha.nrc-cnrc.gc.ca/data/pub/WALLABY/WALLABY_J130306-193614_NGC_5044_TR3_mom0.fits,https://ws.cadc-ccda.hia-iha.nrc-cnrc.gc.ca/data/pub/WALLABY/WALLABY_J130306-193614_NGC_5044_TR3_mask.fits,d601976684a6289d6b5149585110257e7c4b087e153fce268e5073b6773dca36,b42c91217cc27b6387edcff72b9e714efad0dc707565585f92a55cc51ce8d75b,17280,126720
WALLABY J130309-193935,NGC 5044 TR3,NGC5044,0,profile_rejected,negative source annular moment-0 weight; no clipping is allowed,False,,,,36x42,120x36x42,231,6.000000000012,102253.8125,30,https://ws.cadc-ccda.hia-iha.nrc-cnrc.gc.ca/data/pub/WALLABY/WALLABY_J130309-193935_NGC_5044_TR3_mom0.fits,https://ws.cadc-ccda.hia-iha.nrc-cnrc.gc.ca/data/pub/WALLABY/WALLABY_J130309-193935_NGC_5044_TR3_mask.fits,3ac9cabfacf1e818013f53061d73fa931df316b3c34b4d2ff2b6e35a034061dc,945edc3a94d2d9b036ad772aead625a1cf3466cfc2e7f5492940e7db134d7b50,20160,192960
WALLABY J130311-134534,NGC 5044 TR3,NGC5044,13,profile_rejected,negative source annular moment-0 weight; no clipping is allowed,False,,,,32x31,63x32x31,101,6.000000000012,41690.2421875,15,https://ws.cadc-ccda.hia-iha.nrc-cnrc.gc.ca/data/pub/WALLABY/WALLABY_J130311-134534_NGC_5044_TR3_mom0.fits,https://ws.cadc-ccda.hia-iha.nrc-cnrc.gc.ca/data/pub/WALLABY/WALLABY_J130311-134534_NGC_5044_TR3_mask.fits,edc7e65b501520e444080b877282f053391c5bac8be5e75f45a38ea1963671fd,959f05e2cb60253c98f0b478c27d260c60d4238a983caa2da87c89b03480b2e6,17280,74880
WALLABY J130311-172230,NGC 5044 TR3,NGC5044,17,profile_rejected,negative source annular moment-0 weight; no clipping is allowed,False,,,,62x47,67x62x47,1231,6.000000000012,889202.625,85,https://ws.cadc-ccda.hia-iha.nrc-cnrc.gc.ca/data/pub/WALLABY/WALLABY_J130311-172230_NGC_5044_TR3_mom0.fits,https://ws.cadc-ccda.hia-iha.nrc-cnrc.gc.ca/data/pub/WALLABY/WALLABY_J130311-172230_NGC_5044_TR3_mask.fits,cbdd214834ee0b22d68552844a560b722b7ac6357cd188be3fb99a5ed620ad6d,9290bcc94da27ab40aba1e4b19e21600534f68c5a59a908ef4dddbf1e5e25ab3,25920,207360
WALLABY J130314-172514,NGC 5044 TR3,NGC5044,9,profile_rejected,negative source annular moment-0 weight; no clipping is allowed,False,,,,97x142,89x97x142,6010,6.000000000012,14681950.0,748,https://ws.cadc-ccda.hia-iha.nrc-cnrc.gc.ca/data/pub/WALLABY/WALLABY_J130314-172514_NGC_5044_TR3_mom0.fits,https://ws.cadc-ccda.hia-iha.nrc-cnrc.gc.ca/data/pub/WALLABY/WALLABY_J130314-172514_NGC_5044_TR3_mask.fits,1eea44f3b611d745976704fd824215c681eff5e7a8d91f23fcd5dc209f89d40b,1309f41d9c7d0394f66e99d3e2ed223bd20469101e008767408c56b2c0aa067b,69120,1238400
WALLABY J130315-140627,NGC 5044 TR3,NGC5044,4,pass,,False,11,0.7127747822684584,66.000000000132,36x35,91x36x35,193,6.000000000012,82764.8984375,32,https://ws.cadc-ccda.hia-iha.nrc-cnrc.gc.ca/data/pub/WALLABY/WALLABY_J130315-140627_NGC_5044_TR3_mom0.fits,https://ws.cadc-ccda.hia-iha.nrc-cnrc.gc.ca/data/pub/WALLABY/WALLABY_J130315-140627_NGC_5044_TR3_mask.fits,0b0b5dd0a6f38ec68038f2bddc1986f3386ce7996bc16d3ebcb60f3fe8d86223,ca98dfd1573556f20580a672c6dc43f2554971eaaafee8941f69bc4e3ee67bd0,17280,126720
WALLABY J130315-193958,NGC 5044 TR3,NGC5044,2,profile_rejected,negative source annular moment-0 weight; no clipping is allowed,False,,,,39x38,92x39x38,247,6.000000000012,126896.3359375,43,https://ws.cadc-ccda.hia-iha.nrc-cnrc.gc.ca/data/pub/WALLABY/WALLABY_J130315-193958_NGC_5044_TR3_mom0.fits,https://ws.cadc-ccda.hia-iha.nrc-cnrc.gc.ca/data/pub/WALLABY/WALLABY_J130315-193958_NGC_5044_TR3_mask.fits,c36130cbbb9bf9b519f564e1e3b9740abc039741928dd13af893d669949acf04,8d01a74ab834e883677e2eb522150280b8c07b7ba9179b56528798160bf46ff9,20160,149760
WALLABY J130316-115951,NGC 5044 TR3,NGC5044,3,profile_rejected,source radial support contains fewer than 8 pixel-scale annuli,False,,,,32x33,65x32x33,123,6.000000000012,50594.109375,10,https://ws.cadc-ccda.hia-iha.nrc-cnrc.gc.ca/data/pub/WALLABY/WALLABY_J130316-115951_NGC_5044_TR3_mom0.fits,https://ws.cadc-ccda.hia-iha.nrc-cnrc.gc.ca/data/pub/WALLABY/WALLABY_J130316-115951_NGC_5044_TR3_mask.fits,2b0d592cc2cf0e39c9dffd61a7786340c1c314e6751fb4c84a4cb41402a96a60,042de695335e817c96aeba4a44718b21903aefd75b5ac387a82eadf761b6c736,17280,80640
WALLABY J130317-140446,NGC 5044 TR3,NGC5044,20,profile_rejected,negative source annular moment-0 weight; no clipping is allowed,False,,,,37x37,117x37x37,234,6.000000000012,70954.515625,57,https://ws.cadc-ccda.hia-iha.nrc-cnrc.gc.ca/data/pub/WALLABY/WALLABY_J130317-140446_NGC_5044_TR3_mom0.fits,https://ws.cadc-ccda.hia-iha.nrc-cnrc.gc.ca/data/pub/WALLABY/WALLABY_J130317-140446_NGC_5044_TR3_mask.fits,da9d4b64813f16c3a9c387fac91c8f9da326ce9830bdab45c6ef3f3e89481be7,b878e2aefa3b3fd8351d870e867508c27363d6f099848dfd7595fdab01463638,17280,172800
WALLABY J130320-112144,NGC 5044 TR3,NGC5044,16,pass,,False,15,0.626664135687394,90.00000000018001,42x41,94x42x41,221,6.000000000012,72059.421875,6,https://ws.cadc-ccda.hia-iha.nrc-cnrc.gc.ca/data/pub/WALLABY/WALLABY_J130320-112144_NGC_5044_TR3_mom0.fits,https://ws.cadc-ccda.hia-iha.nrc-cnrc.gc.ca/data/pub/WALLABY/WALLABY_J130320-112144_NGC_5044_TR3_mask.fits,77d405fdd489044bae4f875bd6b8fad61008a689bc5f6de8e7bfd2c347db2f74,d030b5d493c8c92a206a23508e06063127e4eb4fb792aa78aa62feb41fb11380,20160,175680
WALLABY J130320-193543,NGC 5044 TR3,NGC5044,2,pass,,False,12,0.7690754361838936,72.000000000144,38x32,72x38x32,151,6.000000000012,64637.3671875,15,https://ws.cadc-ccda.hia-iha.nrc-cnrc.gc.ca/data/pub/WALLABY/WALLABY_J130320-193543_NGC_5044_TR3_mom0.fits,https://ws.cadc-ccda.hia-iha.nrc-cnrc.gc.ca/data/pub/WALLABY/WALLABY_J130320-193543_NGC_5044_TR3_mask.fits,e115cccf491a586457ce3ae28f8663d445dc4b2231f97c7fe3df9d42b855bcbf,5c16052efb8a2ac1eacace1d7f1a7167e7f49ce9d2e864dc0773d58880a24a77,17280,100800
WALLABY J130321-134144,NGC 5044 TR3,NGC5044,17,pass,,False,15,0.594722324943975,90.00000000018001,40x42,96x40x42,260,6.000000000012,92469.6328125,26,https://ws.cadc-ccda.hia-iha.nrc-cnrc.gc.ca/data/pub/WALLABY/WALLABY_J130321-134144_NGC_5044_TR3_mom0.fits,https://ws.cadc-ccda.hia-iha.nrc-cnrc.gc.ca/data/pub/WALLABY/WALLABY_J130321-134144_NGC_5044_TR3_mask.fits,13bd5ea0d0e42b05ab8a7f71fe66a3f7ec13b8e0f814917e47b7d89c23278729,71910f5ef525250f0ddb1cea869f38a344720eed6d30080ebdfae7ebd345f358,20160,172800
WALLABY J130322-130612,NGC 5044 TR3,NGC5044,10,profile_rejected,negative source annular moment-0 weight; no clipping is allowed,False,,,,35x38,80x35x38,192,6.000000000012,71738.375,16,https://ws.cadc-ccda.hia-iha.nrc-cnrc.gc.ca/data/pub/WALLABY/WALLABY_J130322-130612_NGC_5044_TR3_mom0.fits,https://ws.cadc-ccda.hia-iha.nrc-cnrc.gc.ca/data/pub/WALLABY/WALLABY_J130322-130612_NGC_5044_TR3_mask.fits,3ec922fb8a6e0d924d5277de9f00f04f43528bc0538348f7555b94ef2c5880c3,2ba6ab773a6fad9e06c7aa7a3c6ce9c5871c69fac049c728ea9e87b073f39944,17280,118080
WALLABY J130323-172339,NGC 5044 TR3,NGC5044,6,profile_rejected,negative source annular moment-0 weight; no clipping is allowed,False,,,,39x43,80x39x43,315,6.000000000012,237053.15625,42,https://ws.cadc-ccda.hia-iha.nrc-cnrc.gc.ca/data/pub/WALLABY/WALLABY_J130323-172339_NGC_5044_TR3_mom0.fits,https://ws.cadc-ccda.hia-iha.nrc-cnrc.gc.ca/data/pub/WALLABY/WALLABY_J130323-172339_NGC_5044_TR3_mask.fits,f5153d7812539f34a271baa28bd952bc06b73ce8f228706c0f9946d71d0db04d,1a3bfd5d243afed96a78cf95384c0e8ec03fdde1ab8eb1083e49b0dab873ce80,20160,146880
WALLABY J130325-153818,NGC 5044 TR3,NGC5044,1,profile_rejected,negative source annular moment-0 weight; no clipping is allowed,False,,,,42x43,72x42x43,321,6.000000000012,128635.3671875,78,https://ws.cadc-ccda.hia-iha.nrc-cnrc.gc.ca/data/pub/WALLABY/WALLABY_J130325-153818_NGC_5044_TR3_mom0.fits,https://ws.cadc-ccda.hia-iha.nrc-cnrc.gc.ca/data/pub/WALLABY/WALLABY_J130325-153818_NGC_5044_TR3_mask.fits,9ff4d1434ae356dddf3184a0d19ae9a49a6c6d42cd9062da683c23064589d473,ec1ef3371b65a5cfc1fc8bea21d96b5d9e21a3c71046b12b180cbd8e41d4dbb2,20160,144000
WALLABY J130326-163847,NGC 5044 TR3,NGC5044,0,profile_rejected,negative source annular moment-0 weight; no clipping is allowed,False,,,,34x30,60x34x30,105,6.000000000012,38967.05859375,9,https://ws.cadc-ccda.hia-iha.nrc-cnrc.gc.ca/data/pub/WALLABY/WALLABY_J130326-163847_NGC_5044_TR3_mom0.fits,https://ws.cadc-ccda.hia-iha.nrc-cnrc.gc.ca/data/pub/WALLABY/WALLABY_J130326-163847_NGC_5044_TR3_mask.fits,9eddb72057fd8c169bb37384ceb7595521586cee0a275f80ef21913c65a97e40,a84b2c746c101404a454a695490bee72dad310f5c5a15c11351cb50182598c14,17280,74880
WALLABY J130327-202706,NGC 5044 TR3,NGC5044,16,profile_rejected,negative source annular moment-0 weight; no clipping is allowed,False,,,,37x32,90x37x32,153,6.000000000012,86106.671875,28,https://ws.cadc-ccda.hia-iha.nrc-cnrc.gc.ca/data/pub/WALLABY/WALLABY_J130327-202706_NGC_5044_TR3_mom0.fits,https://ws.cadc-ccda.hia-iha.nrc-cnrc.gc.ca/data/pub/WALLABY/WALLABY_J130327-202706_NGC_5044_TR3_mask.fits,2ddcc132846f5a87accb05c3ff611fe4cdc1f7da68e09eafe5a072f1474eb15c,68fb068ce8bf338d1b8ef021be57dedbbd9982db39560b45498fe7b963d4343b,17280,118080
WALLABY J130328-115201,NGC 5044 TR3,NGC5044,21,profile_rejected,negative source annular moment-0 weight; no clipping is allowed,False,,,,46x38,86x46x38,317,6.000000000012,142349.40625,40,https://ws.cadc-ccda.hia-iha.nrc-cnrc.gc.ca/data/pub/WALLABY/WALLABY_J130328-115201_NGC_5044_TR3_mom0.fits,https://ws.cadc-ccda.hia-iha.nrc-cnrc.gc.ca/data/pub/WALLABY/WALLABY_J130328-115201_NGC_5044_TR3_mask.fits,9ce69f23cf02ae0ae9f8166e046f8ee54aedc0e98d6b925e63fd4062407ae8f9,ec527f55cd19103351a25fd512ca36abc210acb378052e96a380c9314095956e,20160,164160
WALLABY J130328-120420,NGC 5044 TR3,NGC5044,21,pass,,False,12,0.8844525870406464,72.000000000144,38x38,76x38x38,253,6.000000000012,110145.015625,64,https://ws.cadc-ccda.hia-iha.nrc-cnrc.gc.ca/data/pub/WALLABY/WALLABY_J130328-120420_NGC_5044_TR3_mom0.fits,https://ws.cadc-ccda.hia-iha.nrc-cnrc.gc.ca/data/pub/WALLABY/WALLABY_J130328-120420_NGC_5044_TR3_mask.fits,bc59d39020d9014c4fcfdef2207021983295b724f9f73c2412ca4d16290ada53,3457bf3a5bc0e8898c6915976d27c679ac235d5d03d11f89526518320109f75d,20160,123840
WALLABY J130334-163733,NGC 5044 TR3,NGC5044,5,pass,,False,13,0.6586122891753924,78.000000000156,40x35,98x40x35,231,6.000000000012,113934.71875,20,https://ws.cadc-ccda.hia-iha.nrc-cnrc.gc.ca/data/pub/WALLABY/WALLABY_J130334-163733_NGC_5044_TR3_mom0.fits,https://ws.cadc-ccda.hia-iha.nrc-cnrc.gc.ca/data/pub/WALLABY/WALLABY_J130334-163733_NGC_5044_TR3_mask.fits,4ff1aae2966a2df277c81e03ebc3fe243564bbeebc1a5e0daa5d98e791c29839,acc5a21705af9734ffec63ccd355df8ae7b6ba0142d44f1a612dccff75cd88ef,17280,149760
WALLABY J130337-155652,NGC 5044 TR3,NGC5044,17,pass,,False,9,0.8501006838850726,54.000000000108,33x35,45x33x35,145,6.000000000012,35159.40234375,12,https://ws.cadc-ccda.hia-iha.nrc-cnrc.gc.ca/data/pub/WALLABY/WALLABY_J130337-155652_NGC_5044_TR3_mom0.fits,https://ws.cadc-ccda.hia-iha.nrc-cnrc.gc.ca/data/pub/WALLABY/WALLABY_J130337-155652_NGC_5044_TR3_mask.fits,d0f1db4f46c2ab5d3b7f38da435787c6e79efd3cb5aba1839e1e18c93a5f85ad,66d3afbb0d7c29b62b954d6b105782a30000b6fee49e402395a2277a07337b2f,17280,66240
WALLABY J130340-113541,NGC 5044 TR3,NGC5044,11,profile_rejected,negative source annular moment-0 weight; no clipping is allowed,False,,,,38x37,67x38x37,227,6.000000000012,121514.859375,31,https://ws.cadc-ccda.hia-iha.nrc-cnrc.gc.ca/data/pub/WALLABY/WALLABY_J130340-113541_NGC_5044_TR3_mom0.fits,https://ws.cadc-ccda.hia-iha.nrc-cnrc.gc.ca/data/pub/WALLABY/WALLABY_J130340-113541_NGC_5044_TR3_mask.fits,014b29c076bcb5f2fc8e85f1f45ab391a8bbf990a9cc63c21eeeb92b235ccb54,68adcb1067f6413be4b88e1c6de61fd7b3e231661e3fa7155713a72d0e489836,17280,106560
WALLABY J130340-211340,NGC 5044 TR3,NGC5044,22,pass,,False,12,0.7142243451240282,72.000000000144,37x39,84x37x39,225,6.000000000012,126909.546875,28,https://ws.cadc-ccda.hia-iha.nrc-cnrc.gc.ca/data/pub/WALLABY/WALLABY_J130340-211340_NGC_5044_TR3_mom0.fits,https://ws.cadc-ccda.hia-iha.nrc-cnrc.gc.ca/data/pub/WALLABY/WALLABY_J130340-211340_NGC_5044_TR3_mask.fits,dd01b7c1dddaf088690f678fd4665b1ad89cc06b644f4c5afe61b722cd42fa39,f8bab6160521e8927996e9e958d707d6f97cd22f8a32f88dbde40399050bc5de,20160,135360
WALLABY J130342-123045,NGC 5044 TR3,NGC5044,19,pass,,False,14,0.7877234533276835,84.000000000168,41x38,84x41x38,256,6.000000000012,82032.3515625,56,https://ws.cadc-ccda.hia-iha.nrc-cnrc.gc.ca/data/pub/WALLABY/WALLABY_J130342-123045_NGC_5044_TR3_mom0.fits,https://ws.cadc-ccda.hia-iha.nrc-cnrc.gc.ca/data/pub/WALLABY/WALLABY_J130342-123045_NGC_5044_TR3_mask.fits,e40ee8817a1baf3ed99f78457c0a7221c1c5bbd5e8e68d3301e32a109ba2f5ce,ee70aeebf0d0fce49efd0ec2e4009f81374ae9d9c584bbe07bf02239d992e29d,20160,144000
WALLABY J130343-162557,NGC 5044 TR3,NGC5044,8,profile_rejected,negative source annular moment-0 weight; no clipping is allowed,False,,,,38x38,57x38x38,253,6.000000000012,132908.96875,52,https://ws.cadc-ccda.hia-iha.nrc-cnrc.gc.ca/data/pub/WALLABY/WALLABY_J130343-162557_NGC_5044_TR3_mom0.fits,https://ws.cadc-ccda.hia-iha.nrc-cnrc.gc.ca/data/pub/WALLABY/WALLABY_J130343-162557_NGC_5044_TR3_mask.fits,bb81dbf2309ec56548fee0cd3545013610f8713ded303ce0981dcbc6c1f74cf1,98019552a4b3031683b03b7f826b858a622549bffc0dbd626cd606bc1b5f1aa5,20160,95040
WALLABY J130343-165607,NGC 5044 TR3,NGC5044,1,profile_rejected,negative source annular moment-0 weight; no clipping is allowed,False,,,,41x39,68x41x39,295,6.000000000012,113766.5625,53,https://ws.cadc-ccda.hia-iha.nrc-cnrc.gc.ca/data/pub/WALLABY/WALLABY_J130343-165607_NGC_5044_TR3_mom0.fits,https://ws.cadc-ccda.hia-iha.nrc-cnrc.gc.ca/data/pub/WALLABY/WALLABY_J130343-165607_NGC_5044_TR3_mask.fits,efe1eaeb2523a4d5064cf9daadf528f686352c9a3237774db196c11a46a0bcde,8d0e73e0f41d6d4b85dee94cf398b7f4e0439802bdacfc2c9831d3c63933fb8f,20160,120960
WALLABY J130346-113711,NGC 5044 TR3,NGC5044,8,profile_rejected,negative source annular moment-0 weight; no clipping is allowed,False,,,,38x38,91x38x38,228,6.000000000012,153840.8125,54,https://ws.cadc-ccda.hia-iha.nrc-cnrc.gc.ca/data/pub/WALLABY/WALLABY_J130346-113711_NGC_5044_TR3_mom0.fits,https://ws.cadc-ccda.hia-iha.nrc-cnrc.gc.ca/data/pub/WALLABY/WALLABY_J130346-113711_NGC_5044_TR3_mask.fits,caf36c2eb8034745c131033562c8bbc43093fb1ae4781f322aee997af21ed1ca,5d6a32b963a256b92af214b12c5495f078d70718f7b54f46eed77c593d8750e6,20160,144000
WALLABY J130347-180311,NGC 5044 TR3,NGC5044,20,pass,,False,10,0.852351539842332,60.000000000120004,31x35,55x31x35,164,6.000000000012,46049.28125,14,https://ws.cadc-ccda.hia-iha.nrc-cnrc.gc.ca/data/pub/WALLABY/WALLABY_J130347-180311_NGC_5044_TR3_mom0.fits,https://ws.cadc-ccda.hia-iha.nrc-cnrc.gc.ca/data/pub/WALLABY/WALLABY_J130347-180311_NGC_5044_TR3_mask.fits,d3cd112b32fd3613f1cafa11775ba1044f0a9281cac34032f7530ac2d09ceb5b,8dbe54b08ad18e05abe9cc88005e252b4a4a390399a2f71669d0c5b9a79d4e1e,17280,72000
WALLABY J130350-163312,NGC 5044 TR3,NGC5044,8,profile_rejected,negative source annular moment-0 weight; no clipping is allowed,False,,,,43x49,190x43x49,440,6.000000000012,379192.03125,65,https://ws.cadc-ccda.hia-iha.nrc-cnrc.gc.ca/data/pub/WALLABY/WALLABY_J130350-163312_NGC_5044_TR3_mom0.fits,https://ws.cadc-ccda.hia-iha.nrc-cnrc.gc.ca/data/pub/WALLABY/WALLABY_J130350-163312_NGC_5044_TR3_mask.fits,20087283989a3444706c5d8f9765b75af37e145b3ccc69dbf1b077543e1ab6d6,62e944a7af3da58319e94e066eb6aaab69cf966971e00478ed5fbdee3be46721,20160,414720
WALLABY J130353-192550,NGC 5044 TR3,NGC5044,15,pass,,False,9,0.614723279727289,54.000000000108,31x30,80x31x30,85,6.000000000012,36171.953125,13,https://ws.cadc-ccda.hia-iha.nrc-cnrc.gc.ca/data/pub/WALLABY/WALLABY_J130353-192550_NGC_5044_TR3_mom0.fits,https://ws.cadc-ccda.hia-iha.nrc-cnrc.gc.ca/data/pub/WALLABY/WALLABY_J130353-192550_NGC_5044_TR3_mask.fits,55ff5ea3258eea87b2b120d2e2fb147f91121b2c393a7e6662cd6b466460b12f,8eb167611271bd6ecdae3d0a10268eb4a65610529d697a6382ee65c5f1133364,17280,86400
WALLABY J130355-163807,NGC 5044 TR3,NGC5044,22,pass,,False,12,0.7619985358617904,72.000000000144,38x37,80x38x37,212,6.000000000012,68903.015625,11,https://ws.cadc-ccda.hia-iha.nrc-cnrc.gc.ca/data/pub/WALLABY/WALLABY_J130355-163807_NGC_5044_TR3_mom0.fits,https://ws.cadc-ccda.hia-iha.nrc-cnrc.gc.ca/data/pub/WALLABY/WALLABY_J130355-163807_NGC_5044_TR3_mask.fits,b726ea0a6dc268845c872e3b04c14909900f162e4b106f4d88de6f56bbb1874a,8543cb7e0a73b44394b2ac2796ae425419f3d0850042891ce52a8878ff592655,17280,126720
WALLABY J130357-112956,NGC 5044 TR3,NGC5044,16,pass,,False,38,0.6230837734003919,228.000000000456,56x67,156x56x67,809,6.000000000012,310090.78125,89,https://ws.cadc-ccda.hia-iha.nrc-cnrc.gc.ca/data/pub/WALLABY/WALLABY_J130357-112956_NGC_5044_TR3_mom0.fits,https://ws.cadc-ccda.hia-iha.nrc-cnrc.gc.ca/data/pub/WALLABY/WALLABY_J130357-112956_NGC_5044_TR3_mask.fits,db1665a48dbfdb7e003076b5225c02217c111dddb91e3bb0f3d318cec1bc720a,d2386744fe2c168a5a29ccf88b9f35ace2d3a02fa3c5d5644abcc87e52421e5c,28800,599040
WALLABY J130358-143526,NGC 5044 TR3,NGC5044,13,pass,,False,10,0.8403175004177624,60.000000000120004,36x35,61x36x35,188,6.000000000012,51279.5234375,19,https://ws.cadc-ccda.hia-iha.nrc-cnrc.gc.ca/data/pub/WALLABY/WALLABY_J130358-143526_NGC_5044_TR3_mom0.fits,https://ws.cadc-ccda.hia-iha.nrc-cnrc.gc.ca/data/pub/WALLABY/WALLABY_J130358-143526_NGC_5044_TR3_mask.fits,978411838c0c3938dc53a965c9bb28dcd805bc3fe2c8f7cc0fa2db6dca93187d,314d8df0674d612e7d455036c3a1a8d09ab0683d330c69d67f31c5122b53697c,17280,89280
WALLABY J130358-164910,NGC 5044 TR3,NGC5044,16,pass,,False,10,0.783679131668651,60.000000000120004,33x35,77x33x35,143,6.000000000012,52813.90625,6,https://ws.cadc-ccda.hia-iha.nrc-cnrc.gc.ca/data/pub/WALLABY/WALLABY_J130358-164910_NGC_5044_TR3_mom0.fits,https://ws.cadc-ccda.hia-iha.nrc-cnrc.gc.ca/data/pub/WALLABY/WALLABY_J130358-164910_NGC_5044_TR3_mask.fits,b0701eeab7a1cc0afcc420319b90b0a6ad0ce73397199bea6370dc06f0b37644,a4d2261a03584a5a81e05a9ec48d78303949d462d4cd11cd72dedc7a5a388a6e,17280,100800
WALLABY J130400-165409,NGC 5044 TR3,NGC5044,11,profile_rejected,negative source annular moment-0 weight; no clipping is allowed,False,,,,42x43,83x42x43,269,6.000000000012,100987.65625,58,https://ws.cadc-ccda.hia-iha.nrc-cnrc.gc.ca/data/pub/WALLABY/WALLABY_J130400-165409_NGC_5044_TR3_mom0.fits,https://ws.cadc-ccda.hia-iha.nrc-cnrc.gc.ca/data/pub/WALLABY/WALLABY_J130400-165409_NGC_5044_TR3_mask.fits,b8ab12f4e0b4c9e307d569f4fcc83592bd4dda05456215f4be69ec7eea264551,cb9746789812826600d5bbce2df3d8f89036c9d698359d48862121c2dd76d884,20160,164160
WALLABY J130401-112916,NGC 5044 TR3,NGC5044,23,profile_rejected,negative source annular moment-0 weight; no clipping is allowed,False,,,,41x38,76x41x38,265,6.000000000012,104421.921875,58,https://ws.cadc-ccda.hia-iha.nrc-cnrc.gc.ca/data/pub/WALLABY/WALLABY_J130401-112916_NGC_5044_TR3_mom0.fits,https://ws.cadc-ccda.hia-iha.nrc-cnrc.gc.ca/data/pub/WALLABY/WALLABY_J130401-112916_NGC_5044_TR3_mask.fits,e6aa9b3b74d712bd79889c69b73b367a6008f4839c0d3d4848a95e0ddced201d,450ce1a1c2c2a972466a5184b04d50b1346d1db28d15bd43941277f01c0cf9eb,20160,132480
WALLABY J130401-170100,NGC 5044 TR3,NGC5044,2,pass,,False,22,0.9217364644985021,132.000000000264,51x48,83x51x48,668,6.000000000012,291541.1875,90,https://ws.cadc-ccda.hia-iha.nrc-cnrc.gc.ca/data/pub/WALLABY/WALLABY_J130401-170100_NGC_5044_TR3_mom0.fits,https://ws.cadc-ccda.hia-iha.nrc-cnrc.gc.ca/data/pub/WALLABY/WALLABY_J130401-170100_NGC_5044_TR3_mask.fits,26e1cf7b48719d3a162d91587f806141d566b7bbc69c9836d7d9de4dcb494811,527d74ac98067dd3572baa9b5cf143876ae313fc94dc29e6968d705063a9ad68,23040,216000
WALLABY J130401-200110,NGC 5044 TR3,NGC5044,0,pass,,False,10,0.745403284317019,60.000000000120004,33x33,86x33x33,121,6.000000000012,54853.76953125,7,https://ws.cadc-ccda.hia-iha.nrc-cnrc.gc.ca/data/pub/WALLABY/WALLABY_J130401-200110_NGC_5044_TR3_mom0.fits,https://ws.cadc-ccda.hia-iha.nrc-cnrc.gc.ca/data/pub/WALLABY/WALLABY_J130401-200110_NGC_5044_TR3_mask.fits,c3f72c2081cb395f6f1ac88cf6fa3b69dc92ef45278cd0f3f7a2b3212edf6eb9,3814b8f9998ec487493d05a86afdaab3d64c4939c3b8b8879d5b63d013afa16c,17280,106560
WALLABY J130405-141215,NGC 5044 TR3,NGC5044,11,profile_rejected,negative source annular moment-0 weight; no clipping is allowed,False,,,,42x41,55x42x41,322,6.000000000012,84565.84375,71,https://ws.cadc-ccda.hia-iha.nrc-cnrc.gc.ca/data/pub/WALLABY/WALLABY_J130405-141215_NGC_5044_TR3_mom0.fits,https://ws.cadc-ccda.hia-iha.nrc-cnrc.gc.ca/data/pub/WALLABY/WALLABY_J130405-141215_NGC_5044_TR3_mask.fits,0105b9f64a11412664b8d9d3b0cbaa95c52eae7848e3285b9f2ad5b22ca856dc,6ecc51f495e82b792d1867042a2d75b4bb1028682672afd48a21854c8d8bb318,20160,106560
WALLABY J130408-142339,NGC 5044 TR3,NGC5044,4,pass,,False,22,0.5502555238288015,132.000000000264,48x39,85x48x39,308,6.000000000012,128480.2578125,38,https://ws.cadc-ccda.hia-iha.nrc-cnrc.gc.ca/data/pub/WALLABY/WALLABY_J130408-142339_NGC_5044_TR3_mom0.fits,https://ws.cadc-ccda.hia-iha.nrc-cnrc.gc.ca/data/pub/WALLABY/WALLABY_J130408-142339_NGC_5044_TR3_mask.fits,3b816574a7082f7c156c4b682ed65d0e8a69cafdc4415409e5920969e9308eb8,5114fc9fd6859f9f994fcaf3989f216a698351cfab62398b7dcf546fe7767233,20160,172800
WALLABY J130408-192102,NGC 5044 TR3,NGC5044,7,profile_rejected,negative source annular moment-0 weight; no clipping is allowed,False,,,,40x45,115x40x45,357,6.000000000012,188426.625,79,https://ws.cadc-ccda.hia-iha.nrc-cnrc.gc.ca/data/pub/WALLABY/WALLABY_J130408-192102_NGC_5044_TR3_mom0.fits,https://ws.cadc-ccda.hia-iha.nrc-cnrc.gc.ca/data/pub/WALLABY/WALLABY_J130408-192102_NGC_5044_TR3_mask.fits,c73a2244e34559cbe2392ef185de64891c6496b14e4088f33e616d2314a37b6b,74207b2ba5a56b3ce50b36ee096f4418a6738aad58eafe2cea05fd69982291e8,20160,218880
WALLABY J130410-134334,NGC 5044 TR3,NGC5044,13,profile_rejected,negative source annular moment-0 weight; no clipping is allowed,False,,,,42x39,75x42x39,305,6.000000000012,174040.3125,45,https://ws.cadc-ccda.hia-iha.nrc-cnrc.gc.ca/data/pub/WALLABY/WALLABY_J130410-134334_NGC_5044_TR3_mom0.fits,https://ws.cadc-ccda.hia-iha.nrc-cnrc.gc.ca/data/pub/WALLABY/WALLABY_J130410-134334_NGC_5044_TR3_mask.fits,d64eb36d4d8ad51c7c84282fc063a479cab39a764d3b71387f5045386616b6ff,1601ae536bf310b9f83ce178ce2327f8f7c295bfc49d2569b103156aa1a16b26,20160,135360
WALLABY J130410-174551,NGC 5044 TR3,NGC5044,9,profile_rejected,negative source annular moment-0 weight; no clipping is allowed,False,,,,33x34,68x33x34,137,6.000000000012,47112.453125,26,https://ws.cadc-ccda.hia-iha.nrc-cnrc.gc.ca/data/pub/WALLABY/WALLABY_J130410-174551_NGC_5044_TR3_mom0.fits,https://ws.cadc-ccda.hia-iha.nrc-cnrc.gc.ca/data/pub/WALLABY/WALLABY_J130410-174551_NGC_5044_TR3_mask.fits,6bab3a85cbe8d806017b23b526c53fbba9731b452fdb62b6719c6f07857cee12,49b996ba2bec1354821c61fd092e1da32d0d0d6d16236bc4e0396b5e5eea3005,17280,89280
WALLABY J130413-113048,NGC 5044 TR3,NGC5044,22,profile_rejected,negative source annular moment-0 weight; no clipping is allowed,False,,,,39x40,96x39x40,267,6.000000000012,91958.671875,29,https://ws.cadc-ccda.hia-iha.nrc-cnrc.gc.ca/data/pub/WALLABY/WALLABY_J130413-113048_NGC_5044_TR3_mom0.fits,https://ws.cadc-ccda.hia-iha.nrc-cnrc.gc.ca/data/pub/WALLABY/WALLABY_J130413-113048_NGC_5044_TR3_mask.fits,7b42a7ce381c5c8ee1393256a229c7a4295f332986a1de728d90c85c8ff3756e,1a458e612b0a246d90fbd1dc467954fcbafe83cf72bc1f6dde555d32335e588e,20160,161280
WALLABY J130414-191227,NGC 5044 TR3,NGC5044,3,pass,,False,11,0.7090282076923171,66.000000000132,34x35,117x34x35,169,6.000000000012,73376.1640625,18,https://ws.cadc-ccda.hia-iha.nrc-cnrc.gc.ca/data/pub/WALLABY/WALLABY_J130414-191227_NGC_5044_TR3_mom0.fits,https://ws.cadc-ccda.hia-iha.nrc-cnrc.gc.ca/data/pub/WALLABY/WALLABY_J130414-191227_NGC_5044_TR3_mask.fits,81464325e14e3deea90587822c9e8b136b9437baaabda5176b08a39b358959db,6dbd5c6974c568b8131f4ef5f854a816466511caf81e8de3fa37852e44d15b1a,17280,152640
WALLABY J130415-102023,NGC 5044 TR3,NGC5044,9,pass,,False,65,0.4627389020718569,390.00000000078,111x74,168x111x74,3210,6.000000000012,4483766.5,150,https://ws.cadc-ccda.hia-iha.nrc-cnrc.gc.ca/data/pub/WALLABY/WALLABY_J130415-102023_NGC_5044_TR3_mom0.fits,https://ws.cadc-ccda.hia-iha.nrc-cnrc.gc.ca/data/pub/WALLABY/WALLABY_J130415-102023_NGC_5044_TR3_mask.fits,615ec67dd6e887dc22bcebc87681fb312f1f282c478beb98b6014773f401ef22,015a933798ab8d95f75901cf4d049eac2060050ecba7830735131dd8758335b1,46080,1393920
WALLABY J130417-165026,NGC 5044 TR3,NGC5044,15,profile_rejected,negative source annular moment-0 weight; no clipping is allowed,False,,,,36x38,73x36x38,217,6.000000000012,65712.8046875,15,https://ws.cadc-ccda.hia-iha.nrc-cnrc.gc.ca/data/pub/WALLABY/WALLABY_J130417-165026_NGC_5044_TR3_mom0.fits,https://ws.cadc-ccda.hia-iha.nrc-cnrc.gc.ca/data/pub/WALLABY/WALLABY_J130417-165026_NGC_5044_TR3_mask.fits,5fb8c9e41c170e4d75cfa5065ddfb84c096c04f53bf7de756f8f45582c96d91d,dce6852e23db43da994056a594ea247554f302145024fd6ae9b3f0e7071b839a,17280,112320
WALLABY J130417-202952,NGC 5044 TR3,NGC5044,0,pass,,False,9,0.6851965580672841,54.000000000108,33x32,62x33x32,122,6.000000000012,83019.90625,6,https://ws.cadc-ccda.hia-iha.nrc-cnrc.gc.ca/data/pub/WALLABY/WALLABY_J130417-202952_NGC_5044_TR3_mom0.fits,https://ws.cadc-ccda.hia-iha.nrc-cnrc.gc.ca/data/pub/WALLABY/WALLABY_J130417-202952_NGC_5044_TR3_mask.fits,49bf58b4ea1d15f5d6b0be0dac88e7ec60957326765175797c9e78fc9959e9ba,763a6b9f5cf3ac6525121da0d307af01674026e3e960a11dcc01ee6dc06c875c,17280,77760
WALLABY J130421-111510,NGC 5044 TR3,NGC5044,15,profile_rejected,negative source annular moment-0 weight; no clipping is allowed,False,,,,34x34,61x34x34,142,6.000000000012,40798.6875,23,https://ws.cadc-ccda.hia-iha.nrc-cnrc.gc.ca/data/pub/WALLABY/WALLABY_J130421-111510_NGC_5044_TR3_mom0.fits,https://ws.cadc-ccda.hia-iha.nrc-cnrc.gc.ca/data/pub/WALLABY/WALLABY_J130421-111510_NGC_5044_TR3_mask.fits,fa49d3a51132a521138b7a6f606e44dd7fc2afeb3582be9f189db73e52b8cbf7,580c4410733d8dc29dc111deebcf4989bfb62ec56b003f37268686d0f126f2cc,17280,83520
WALLABY J130422-170313,NGC 5044 TR3,NGC5044,1,pass,,False,8,0.8063764230218011,48.000000000096,33x32,84x33x32,125,6.000000000012,41941.49609375,13,https://ws.cadc-ccda.hia-iha.nrc-cnrc.gc.ca/data/pub/WALLABY/WALLABY_J130422-170313_NGC_5044_TR3_mom0.fits,https://ws.cadc-ccda.hia-iha.nrc-cnrc.gc.ca/data/pub/WALLABY/WALLABY_J130422-170313_NGC_5044_TR3_mask.fits,645d4e4188e4c84cd7a5d2c127c97a32c6706eb715fc87b46779f3926c178fc5,dca020f8e708120254cca4841b8f37727b02bc7c9372af5790a391640ca3779d,17280,100800
WALLABY J130422-210413,NGC 5044 TR3,NGC5044,0,profile_rejected,negative source annular moment-0 weight; no clipping is allowed,False,,,,35x35,65x35x35,168,6.000000000012,91430.125,23,https://ws.cadc-ccda.hia-iha.nrc-cnrc.gc.ca/data/pub/WALLABY/WALLABY_J130422-210413_NGC_5044_TR3_mom0.fits,https://ws.cadc-ccda.hia-iha.nrc-cnrc.gc.ca/data/pub/WALLABY/WALLABY_J130422-210413_NGC_5044_TR3_mask.fits,f3005abfbe234cc8d8e9f5c3e37b7335eb2f8a54288ba99fac0d86150833f5b9,70978fc06344fb46092544e1818bcc03bca94a14e7fcf3be157308a5a1f898fc,17280,92160
WALLABY J130425-204308,NGC 5044 TR3,NGC5044,3,pass,,False,17,0.5709211756753676,102.000000000204,41x43,79x41x43,313,6.000000000012,183697.125,38,https://ws.cadc-ccda.hia-iha.nrc-cnrc.gc.ca/data/pub/WALLABY/WALLABY_J130425-204308_NGC_5044_TR3_mom0.fits,https://ws.cadc-ccda.hia-iha.nrc-cnrc.gc.ca/data/pub/WALLABY/WALLABY_J130425-204308_NGC_5044_TR3_mask.fits,c2795c8adff4ac1f7abf77c03350c76ff4ab49de50346755f66afce7730ba764,c7dece6de140388e76d9efb45a09c42d65d8609742ec4a64f6aca4a41e1dee5b,20160,152640
WALLABY J130426-202720,NGC 5044 TR3,NGC5044,17,profile_rejected,negative source annular moment-0 weight; no clipping is allowed,False,,,,40x41,93x40x41,230,6.000000000012,83121.5,42,https://ws.cadc-ccda.hia-iha.nrc-cnrc.gc.ca/data/pub/WALLABY/WALLABY_J130426-202720_NGC_5044_TR3_mom0.fits,https://ws.cadc-ccda.hia-iha.nrc-cnrc.gc.ca/data/pub/WALLABY/WALLABY_J130426-202720_NGC_5044_TR3_mask.fits,b59c389fcf7916a513bc612816a5c6a38de1ae685daa8c94ca7853a5ea5cab32,a964440f485259d8384a981381b0610d55165d4b569bf5e2380f87accd786659,20160,164160
WALLABY J130430-174819,NGC 5044 TR3,NGC5044,2,pass,,False,10,0.714672019015152,60.000000000120004,36x33,102x36x33,127,6.000000000012,57519.8984375,17,https://ws.cadc-ccda.hia-iha.nrc-cnrc.gc.ca/data/pub/WALLABY/WALLABY_J130430-174819_NGC_5044_TR3_mom0.fits,https://ws.cadc-ccda.hia-iha.nrc-cnrc.gc.ca/data/pub/WALLABY/WALLABY_J130430-174819_NGC_5044_TR3_mask.fits,44a59ba8f13b35259d020f7f5df3a28ec3963fedbd381af19eb020a0a5566a00,537f1bac4a1ff69bb04e6f842fc2a602f54f7fc14ef6397ba5d1300954406dd5,17280,135360
WALLABY J130430-180121,NGC 5044 TR3,NGC5044,9,pass,,False,15,0.7447885695836791,90.00000000018001,41x36,97x41x36,205,6.000000000012,83065.09375,26,https://ws.cadc-ccda.hia-iha.nrc-cnrc.gc.ca/data/pub/WALLABY/WALLABY_J130430-180121_NGC_5044_TR3_mom0.fits,https://ws.cadc-ccda.hia-iha.nrc-cnrc.gc.ca/data/pub/WALLABY/WALLABY_J130430-180121_NGC_5044_TR3_mask.fits,bb2561a2213c803ea481b92a02241ef5e703471434dfd5a0cec97ff87f0a4bc1,02f19f32b0a7d80024c72be77dfb5d886f69c495aca84667d462d1a7c1e43c76,20160,155520
WALLABY J130437-170033,NGC 5044 TR3,NGC5044,0,profile_rejected,negative source annular moment-0 weight; no clipping is allowed,False,,,,34x35,74x34x35,165,6.000000000012,74073.703125,14,https://ws.cadc-ccda.hia-iha.nrc-cnrc.gc.ca/data/pub/WALLABY/WALLABY_J130437-170033_NGC_5044_TR3_mom0.fits,https://ws.cadc-ccda.hia-iha.nrc-cnrc.gc.ca/data/pub/WALLABY/WALLABY_J130437-170033_NGC_5044_TR3_mask.fits,fce245610ed49114eefc90fbd3d26a6e1d32173b908cabea5904c8ea3f46f625,cfda79eb65f3205a71046084a7496f5d157b6066b65febaeb4a7182e0ffbb3e0,17280,100800
WALLABY J130438-113758,NGC 5044 TR3,NGC5044,13,profile_rejected,negative source annular moment-0 weight; no clipping is allowed,False,,,,40x37,73x40x37,248,6.000000000012,90785.84375,50,https://ws.cadc-ccda.hia-iha.nrc-cnrc.gc.ca/data/pub/WALLABY/WALLABY_J130438-113758_NGC_5044_TR3_mom0.fits,https://ws.cadc-ccda.hia-iha.nrc-cnrc.gc.ca/data/pub/WALLABY/WALLABY_J130438-113758_NGC_5044_TR3_mask.fits,c4fbb353f4153c18c84a83e254615c32371ddf508b687942c2c1de8963d6acc4,dd438ca71459c0cc63faf7125199439031c336b59bc7feb5df65e3f4400233a5,20160,120960
WALLABY J130441-123008,NGC 5044 TR3,NGC5044,0,profile_rejected,negative source annular moment-0 weight; no clipping is allowed,False,,,,37x35,100x37x35,169,6.000000000012,79982.2890625,15,https://ws.cadc-ccda.hia-iha.nrc-cnrc.gc.ca/data/pub/WALLABY/WALLABY_J130441-123008_NGC_5044_TR3_mom0.fits,https://ws.cadc-ccda.hia-iha.nrc-cnrc.gc.ca/data/pub/WALLABY/WALLABY_J130441-123008_NGC_5044_TR3_mask.fits,67e59527f6340b7f77c5f5994034ce49ff2c0bd9c4c198cb4bbade211a94ec32,ec016875f8bfeb9991e8b80d82a0be1fe47c77504ff14dd1065a3e5ed1da379e,17280,141120
WALLABY J130444-160813,NGC 5044 TR3,NGC5044,23,pass,,False,13,0.7155992191785119,78.000000000156,39x38,71x39x38,243,6.000000000012,77082.65625,40,https://ws.cadc-ccda.hia-iha.nrc-cnrc.gc.ca/data/pub/WALLABY/WALLABY_J130444-160813_NGC_5044_TR3_mom0.fits,https://ws.cadc-ccda.hia-iha.nrc-cnrc.gc.ca/data/pub/WALLABY/WALLABY_J130444-160813_NGC_5044_TR3_mask.fits,7983d99974dff291736f7cab1eaf838fac21238bc656be580acc2260da682768,8ce18f420cc19b4f695f015e1e75a4313da281429d126bdd9f946629ce2a3668,20160,118080
WALLABY J130445-190601,NGC 5044 TR3,NGC5044,10,pass,,False,9,0.8375918365755679,54.000000000108,34x32,71x34x32,128,6.000000000012,47976.41796875,17,https://ws.cadc-ccda.hia-iha.nrc-cnrc.gc.ca/data/pub/WALLABY/WALLABY_J130445-190601_NGC_5044_TR3_mom0.fits,https://ws.cadc-ccda.hia-iha.nrc-cnrc.gc.ca/data/pub/WALLABY/WALLABY_J130445-190601_NGC_5044_TR3_mask.fits,cb99553bdb9e28db6f57f88f4d61118711123115689b863710032831ea192957,fd1d319f2a2c414410ade49143d15a8784cd6ba9169b96c647d06fff5fb0a788,17280,89280
WALLABY J130446-142034,NGC 5044 TR3,NGC5044,12,profile_rejected,negative source annular moment-0 weight; no clipping is allowed,False,,,,37x39,84x37x39,204,6.000000000012,56724.734375,22,https://ws.cadc-ccda.hia-iha.nrc-cnrc.gc.ca/data/pub/WALLABY/WALLABY_J130446-142034_NGC_5044_TR3_mom0.fits,https://ws.cadc-ccda.hia-iha.nrc-cnrc.gc.ca/data/pub/WALLABY/WALLABY_J130446-142034_NGC_5044_TR3_mask.fits,8674a2c939d90ab7482fbb62f9b32833997062a89e83c150962455de47ba55ac,852e4b46776154425d446408f67454337a87fa81fe4899cb13deda789a55ddcd,20160,135360
WALLABY J130449-113123,NGC 5044 TR3,NGC5044,4,profile_rejected,negative source annular moment-0 weight; no clipping is allowed,False,,,,37x37,61x37x37,227,6.000000000012,79739.875,49,https://ws.cadc-ccda.hia-iha.nrc-cnrc.gc.ca/data/pub/WALLABY/WALLABY_J130449-113123_NGC_5044_TR3_mom0.fits,https://ws.cadc-ccda.hia-iha.nrc-cnrc.gc.ca/data/pub/WALLABY/WALLABY_J130449-113123_NGC_5044_TR3_mask.fits,3b7bd919d8cb78c83aa8dd851c0b1322cd9cba1701e2b6617be04151aeddef67,3aba3b067696f2c44a37b591ccee8a64800bcac41794570def40dfa336863648,17280,95040
WALLABY J130449-171802,NGC 5044 TR3,NGC5044,23,pass,,False,18,0.7660066924848843,108.000000000216,44x41,80x44x41,416,6.000000000012,145277.875,60,https://ws.cadc-ccda.hia-iha.nrc-cnrc.gc.ca/data/pub/WALLABY/WALLABY_J130449-171802_NGC_5044_TR3_mom0.fits,https://ws.cadc-ccda.hia-iha.nrc-cnrc.gc.ca/data/pub/WALLABY/WALLABY_J130449-171802_NGC_5044_TR3_mask.fits,bbadfae29edb84f8197c062495303b1e0082968ad0ed950f1f1ea6fd1c316f43,3a74607909e1fe4894dde0673d737a7d59ee9d292908b6f4c6f2615783298081,20160,158400
WALLABY J130450-141139,NGC 5044 TR3,NGC5044,13,profile_rejected,negative source annular moment-0 weight; no clipping is allowed,False,,,,40x38,91x40x38,223,6.000000000012,67802.171875,18,https://ws.cadc-ccda.hia-iha.nrc-cnrc.gc.ca/data/pub/WALLABY/WALLABY_J130450-141139_NGC_5044_TR3_mom0.fits,https://ws.cadc-ccda.hia-iha.nrc-cnrc.gc.ca/data/pub/WALLABY/WALLABY_J130450-141139_NGC_5044_TR3_mask.fits,e9c0002c6d8c834474b143b6c204935d46e54fca0248a57d432b17769e39b478,9fb2cd892f804d211658ac2448cba78b208445570a9afc61485f706589e8d3f6,20160,152640
WALLABY J130456-181831,NGC 5044 TR3,NGC5044,4,profile_rejected,negative source annular moment-0 weight; no clipping is allowed,False,,,,36x33,66x36x33,158,6.000000000012,54606.8671875,23,https://ws.cadc-ccda.hia-iha.nrc-cnrc.gc.ca/data/pub/WALLABY/WALLABY_J130456-181831_NGC_5044_TR3_mom0.fits,https://ws.cadc-ccda.hia-iha.nrc-cnrc.gc.ca/data/pub/WALLABY/WALLABY_J130456-181831_NGC_5044_TR3_mask.fits,37723a24f7c4ac9cd6ce950b867c1c015df0df3fe3e9d872d0e384b3b4c242ad,4dbed8c593f5f1832c9ee8cb700bb7ace61a65e47182ba1ad16de3fcc443888b,17280,92160
WALLABY J130457-201215,NGC 5044 TR3,NGC5044,9,profile_rejected,negative source annular moment-0 weight; no clipping is allowed,False,,,,40x40,51x40x40,281,6.000000000012,75302.46875,61,https://ws.cadc-ccda.hia-iha.nrc-cnrc.gc.ca/data/pub/WALLABY/WALLABY_J130457-201215_NGC_5044_TR3_mom0.fits,https://ws.cadc-ccda.hia-iha.nrc-cnrc.gc.ca/data/pub/WALLABY/WALLABY_J130457-201215_NGC_5044_TR3_mask.fits,541257858c3f66cdea89de8765d335107f3e0b41749e0e883169751dcb6cc660,da5653505efa1ce092cae55309c6b876c1180d59a81fb5c5564d804afb0cb236,20160,95040
WALLABY J130500-111525,NGC 5044 TR3,NGC5044,17,profile_rejected,negative source annular moment-0 weight; no clipping is allowed,False,,,,37x37,60x37x37,210,6.000000000012,62286.0234375,47,https://ws.cadc-ccda.hia-iha.nrc-cnrc.gc.ca/data/pub/WALLABY/WALLABY_J130500-111525_NGC_5044_TR3_mom0.fits,https://ws.cadc-ccda.hia-iha.nrc-cnrc.gc.ca/data/pub/WALLABY/WALLABY_J130500-111525_NGC_5044_TR3_mask.fits,ef4c8d35d106319c13a35e349f3cc6a8e8172f71daadca861221aca610ffe512,3ab78e411c395b5edbc3a06d702e600f3803514e32a9f8ef82ee39a86a8d78fe,17280,95040
WALLABY J130501-131601,NGC 5044 TR3,NGC5044,18,pass,,False,11,0.8369040682054527,66.000000000132,34x38,60x34x38,202,6.000000000012,66570.4765625,9,https://ws.cadc-ccda.hia-iha.nrc-cnrc.gc.ca/data/pub/WALLABY/WALLABY_J130501-131601_NGC_5044_TR3_mom0.fits,https://ws.cadc-ccda.hia-iha.nrc-cnrc.gc.ca/data/pub/WALLABY/WALLABY_J130501-131601_NGC_5044_TR3_mask.fits,f710299b99151b2f1f6e81330cbb7c3306f12e07fd544361781ed1c0c41eb5ae,7f7c77a6db03b947fce3f954ce89460d0e4c5f062275ed10a54386246ab3328c,17280,89280
WALLABY J130501-162151,NGC 5044 TR3,NGC5044,20,profile_rejected,negative source annular moment-0 weight; no clipping is allowed,False,,,,41x44,84x41x44,359,6.000000000012,137937.3125,53,https://ws.cadc-ccda.hia-iha.nrc-cnrc.gc.ca/data/pub/WALLABY/WALLABY_J130501-162151_NGC_5044_TR3_mom0.fits,https://ws.cadc-ccda.hia-iha.nrc-cnrc.gc.ca/data/pub/WALLABY/WALLABY_J130501-162151_NGC_5044_TR3_mask.fits,e8a934d6ab5245091e8cdb88eae88aacd14bebf95e6460445220e6f4060a339f,521f1f3bbef856d443dfbb8af41475dfe12561a1124d38721252e7a7664fe931,20160,164160
WALLABY J130501-204158,NGC 5044 TR3,NGC5044,11,profile_rejected,negative source annular moment-0 weight; no clipping is allowed,False,,,,33x34,77x33x34,138,6.000000000012,85645.78125,16,https://ws.cadc-ccda.hia-iha.nrc-cnrc.gc.ca/data/pub/WALLABY/WALLABY_J130501-204158_NGC_5044_TR3_mom0.fits,https://ws.cadc-ccda.hia-iha.nrc-cnrc.gc.ca/data/pub/WALLABY/WALLABY_J130501-204158_NGC_5044_TR3_mask.fits,0b9714c1a941208f2e2ce56993e2cb400a8d6e601be4ab7cbf64e3e9a4a6aaf1,288b2e3112bafc6e5ddb08770acd47d70255e4d0e1ad117167b00ac2de55dccf,17280,97920
WALLABY J130502-201243,NGC 5044 TR3,NGC5044,2,pass,,False,16,0.631354319343475,96.000000000192,45x39,67x45x39,344,6.000000000012,120461.9921875,25,https://ws.cadc-ccda.hia-iha.nrc-cnrc.gc.ca/data/pub/WALLABY/WALLABY_J130502-201243_NGC_5044_TR3_mom0.fits,https://ws.cadc-ccda.hia-iha.nrc-cnrc.gc.ca/data/pub/WALLABY/WALLABY_J130502-201243_NGC_5044_TR3_mask.fits,3b20f6f34fb9f9ac95774449967f110f600a9957d1dbaf0cd479faf5dcce5b71,bedbf7538c86b0c9c6ac862dc933f49f07acc1836c4e3062d2677f88fa734847,20160,129600
WALLABY J130503-171522,NGC 5044 TR3,NGC5044,9,pass,,False,16,0.9046178841289674,96.000000000192,47x43,55x47x43,450,6.000000000012,172528.5625,68,https://ws.cadc-ccda.hia-iha.nrc-cnrc.gc.ca/data/pub/WALLABY/WALLABY_J130503-171522_NGC_5044_TR3_mom0.fits,https://ws.cadc-ccda.hia-iha.nrc-cnrc.gc.ca/data/pub/WALLABY/WALLABY_J130503-171522_NGC_5044_TR3_mask.fits,be83eb45335e980e8ead9c4a19aa54be3da7aa2b7bbfbbd32335e406cf9d54e1,fcc7913fa34a8329fe4bfd1e43ed242edfc3fd55aa77659316a3b1daf7ea854e,20160,123840
WALLABY J130510-161645,NGC 5044 TR3,NGC5044,8,pass,,False,11,0.6979634079973822,66.000000000132,34x38,66x34x38,191,6.000000000012,57890.47265625,30,https://ws.cadc-ccda.hia-iha.nrc-cnrc.gc.ca/data/pub/WALLABY/WALLABY_J130510-161645_NGC_5044_TR3_mom0.fits,https://ws.cadc-ccda.hia-iha.nrc-cnrc.gc.ca/data/pub/WALLABY/WALLABY_J130510-161645_NGC_5044_TR3_mask.fits,25dc96c8c4daeb1b49919d0267238e3becbb3685af4ca65cbcdb692e4c2898f2,fed4c580ca7a89b706d4614af5217bed14578400d482bdc08d2a248738876261,17280,97920
WALLABY J130514-203447,NGC 5044 TR3,NGC5044,14,profile_rejected,negative source annular moment-0 weight; no clipping is allowed,False,,,,33x34,69x33x34,132,6.000000000012,40821.015625,13,https://ws.cadc-ccda.hia-iha.nrc-cnrc.gc.ca/data/pub/WALLABY/WALLABY_J130514-203447_NGC_5044_TR3_mom0.fits,https://ws.cadc-ccda.hia-iha.nrc-cnrc.gc.ca/data/pub/WALLABY/WALLABY_J130514-203447_NGC_5044_TR3_mask.fits,5bf47da3eb446f55cc8057bcfd8802ba52b3e7c7e611adbb6ddf9cda6d3fe003,7bc7a9957e1bd1e8f3fa34c3a4ca0a9d722921d61383c9a7671374f222ee2d1d,17280,89280
WALLABY J130515-165316,NGC 5044 TR3,NGC5044,23,profile_rejected,negative source annular moment-0 weight; no clipping is allowed,False,,,,49x49,102x49x49,610,6.000000000012,659941.0,131,https://ws.cadc-ccda.hia-iha.nrc-cnrc.gc.ca/data/pub/WALLABY/WALLABY_J130515-165316_NGC_5044_TR3_mom0.fits,https://ws.cadc-ccda.hia-iha.nrc-cnrc.gc.ca/data/pub/WALLABY/WALLABY_J130515-165316_NGC_5044_TR3_mask.fits,bbfbbac8d70812b92eb20dfb499e07521f5c46d966d323d0098a5eccb45c5e52,360ea5f790c30f7a1d9e47db6d2741542986d819e69ab1163fff5008c8899cb8,23040,259200
WALLABY J130516-171618,NGC 5044 TR3,NGC5044,17,pass,,False,11,0.5892189357987185,66.000000000132,35x37,70x35x37,143,6.000000000012,47565.734375,6,https://ws.cadc-ccda.hia-iha.nrc-cnrc.gc.ca/data/pub/WALLABY/WALLABY_J130516-171618_NGC_5044_TR3_mom0.fits,https://ws.cadc-ccda.hia-iha.nrc-cnrc.gc.ca/data/pub/WALLABY/WALLABY_J130516-171618_NGC_5044_TR3_mask.fits,bf216aeea698cff62f7eba688c5075e75302e3c866dbe3468f4f38d795e20da2,84d21df1e4a10e67d3f2b1d286fcfe97ca0d0e4c55b0263209d6d77cf281f329,17280,103680
WALLABY J130517-172223,NGC 5044 TR3,NGC5044,20,profile_rejected,negative source annular moment-0 weight; no clipping is allowed,False,,,,39x33,53x39x33,196,6.000000000012,63187.90234375,38,https://ws.cadc-ccda.hia-iha.nrc-cnrc.gc.ca/data/pub/WALLABY/WALLABY_J130517-172223_NGC_5044_TR3_mom0.fits,https://ws.cadc-ccda.hia-iha.nrc-cnrc.gc.ca/data/pub/WALLABY/WALLABY_J130517-172223_NGC_5044_TR3_mask.fits,e38914e41b68c768a2a7a6e196e5956ea9a51401b239aae6d5bd6d7dac7bcc42,867f2ef11fcecc1582fbf8bfcb3b11ab2ff0868edecd166ad412aced763c9e78,17280,80640
WALLABY J130520-112019,NGC 5044 TR3,NGC5044,0,profile_rejected,negative source annular moment-0 weight; no clipping is allowed,False,,,,38x39,73x38x39,274,6.000000000012,134611.5625,67,https://ws.cadc-ccda.hia-iha.nrc-cnrc.gc.ca/data/pub/WALLABY/WALLABY_J130520-112019_NGC_5044_TR3_mom0.fits,https://ws.cadc-ccda.hia-iha.nrc-cnrc.gc.ca/data/pub/WALLABY/WALLABY_J130520-112019_NGC_5044_TR3_mask.fits,9ec6ee4be68fe3eff6ed1bc1966c58976e7f76317fb952012e70c41985a7f97c,560c50077ee98198b49509b62d4b57a2933e2e80b71283850ac047962b9a96df,20160,120960
WALLABY J130525-161217,NGC 5044 TR3,NGC5044,11,pass,,False,9,0.8448914413947064,54.000000000108,34x31,75x34x31,113,6.000000000012,47444.5703125,16,https://ws.cadc-ccda.hia-iha.nrc-cnrc.gc.ca/data/pub/WALLABY/WALLABY_J130525-161217_NGC_5044_TR3_mom0.fits,https://ws.cadc-ccda.hia-iha.nrc-cnrc.gc.ca/data/pub/WALLABY/WALLABY_J130525-161217_NGC_5044_TR3_mask.fits,538f79f03912de434388fe7f70f0acc8524d34b8515feb7b36d7229718861d25,dae7e5104e074f4823dd276dcc5b1be072907e27fcd9015901f62479b458111c,17280,92160
WALLABY J130527-142801,NGC 5044 TR3,NGC5044,5,pass,,False,11,0.8194891987175918,66.000000000132,39x35,56x39x35,213,6.000000000012,76079.953125,37,https://ws.cadc-ccda.hia-iha.nrc-cnrc.gc.ca/data/pub/WALLABY/WALLABY_J130527-142801_NGC_5044_TR3_mom0.fits,https://ws.cadc-ccda.hia-iha.nrc-cnrc.gc.ca/data/pub/WALLABY/WALLABY_J130527-142801_NGC_5044_TR3_mask.fits,e289de263e98048ff235dc0ec0304c6d3a3ee99fc46b0ddbc55cd049e4e9651b,5471c6191f328a595de23000970c222d6bd5d1626ee84083ed751674c8f1ad3d,17280,89280
WALLABY J130528-111138,NGC 5044 TR3,NGC5044,9,pass,,False,14,0.8230890333080058,84.000000000168,43x39,59x43x39,325,6.000000000012,133707.953125,42,https://ws.cadc-ccda.hia-iha.nrc-cnrc.gc.ca/data/pub/WALLABY/WALLABY_J130528-111138_NGC_5044_TR3_mom0.fits,https://ws.cadc-ccda.hia-iha.nrc-cnrc.gc.ca/data/pub/WALLABY/WALLABY_J130528-111138_NGC_5044_TR3_mask.fits,41547e84de128049aab37bfe1a0ca121b12e3fdf896d47f99d4f1b34affcc97b,8454205c3fd5054b0804b88eab2c3d902381378410c118956e549d4439f8548f,20160,112320
WALLABY J130528-111610,NGC 5044 TR3,NGC5044,10,profile_rejected,negative source annular moment-0 weight; no clipping is allowed,False,,,,33x31,93x33x31,108,6.000000000012,57319.4453125,18,https://ws.cadc-ccda.hia-iha.nrc-cnrc.gc.ca/data/pub/WALLABY/WALLABY_J130528-111610_NGC_5044_TR3_mom0.fits,https://ws.cadc-ccda.hia-iha.nrc-cnrc.gc.ca/data/pub/WALLABY/WALLABY_J130528-111610_NGC_5044_TR3_mask.fits,fcc23d163b6affbe74a26b37b2e445582462b2c24cf61e836a370e5059b94ddb,f5caef3506eb0a9b0a61c73b09fa9173d443e4089ff56133a7eeb298b2cc3844,17280,109440
WALLABY J130528-154240,NGC 5044 TR3,NGC5044,7,profile_rejected,source radial support contains fewer than 8 pixel-scale annuli,False,,,,30x31,50x30x31,85,6.000000000012,32437.048828125,8,https://ws.cadc-ccda.hia-iha.nrc-cnrc.gc.ca/data/pub/WALLABY/WALLABY_J130528-154240_NGC_5044_TR3_mom0.fits,https://ws.cadc-ccda.hia-iha.nrc-cnrc.gc.ca/data/pub/WALLABY/WALLABY_J130528-154240_NGC_5044_TR3_mask.fits,9c84e5fd633886991feb17af9eff10776c9598ee3e0c60adb40d21028db1aab0,a7c3fdd6467328802bfc5f2189098f6e0238b1f6e63d4f21885e6c06977331f1,17280,60480
WALLABY J130532-200236,NGC 5044 TR3,NGC5044,17,profile_rejected,negative source annular moment-0 weight; no clipping is allowed,False,,,,45x43,111x45x43,351,6.000000000012,174203.90625,70,https://ws.cadc-ccda.hia-iha.nrc-cnrc.gc.ca/data/pub/WALLABY/WALLABY_J130532-200236_NGC_5044_TR3_mom0.fits,https://ws.cadc-ccda.hia-iha.nrc-cnrc.gc.ca/data/pub/WALLABY/WALLABY_J130532-200236_NGC_5044_TR3_mask.fits,0139fcad429c9ed730ec0a92b8d0ad62aa17fe86603941897bb158e729725e70,2d432c1259fbeec72cd9469b73f0ff1627ff226c056e9c75e79384ff481cc456,20160,227520
WALLABY J130534-154506,NGC 5044 TR3,NGC5044,4,pass,,False,20,0.8594846808319635,120.00000000024001,49x51,78x49x51,611,6.000000000012,574391.875,105,https://ws.cadc-ccda.hia-iha.nrc-cnrc.gc.ca/data/pub/WALLABY/WALLABY_J130534-154506_NGC_5044_TR3_mom0.fits,https://ws.cadc-ccda.hia-iha.nrc-cnrc.gc.ca/data/pub/WALLABY/WALLABY_J130534-154506_NGC_5044_TR3_mask.fits,b94c29392fe98f8c4333f1279166289516a0bf27cbe60ac814b249fbd5479446,b32e6bcea4c91cb9cfd8244fe38481fc0953d3765dcea202403ceabe9688adfb,23040,207360
WALLABY J130539-144459,NGC 5044 TR3,NGC5044,14,profile_rejected,negative source annular moment-0 weight; no clipping is allowed,False,,,,34x32,72x34x32,124,6.000000000012,43996.296875,21,https://ws.cadc-ccda.hia-iha.nrc-cnrc.gc.ca/data/pub/WALLABY/WALLABY_J130539-144459_NGC_5044_TR3_mom0.fits,https://ws.cadc-ccda.hia-iha.nrc-cnrc.gc.ca/data/pub/WALLABY/WALLABY_J130539-144459_NGC_5044_TR3_mask.fits,ddf4a61ae209365a104ea6b5e301c030363490c60b714c432c3e707a5318c758,433fd4b1934cbab4e59f6fa8f3f86b8e6e4d03a18b89e8781a1794815dcc2914,17280,92160
WALLABY J130545-130604,NGC 5044 TR3,NGC5044,16,pass,,False,17,0.5776890779271471,102.000000000204,36x44,101x36x44,214,6.000000000012,48579.51953125,18,https://ws.cadc-ccda.hia-iha.nrc-cnrc.gc.ca/data/pub/WALLABY/WALLABY_J130545-130604_NGC_5044_TR3_mom0.fits,https://ws.cadc-ccda.hia-iha.nrc-cnrc.gc.ca/data/pub/WALLABY/WALLABY_J130545-130604_NGC_5044_TR3_mask.fits,20483bc0de9844116a760834a5a2f18c02ec6c5b18777acccf3fd7a54b4527cc,de2662aab05cf1f1aa3efdaa27d0119b926a408ebaa0665ce86fa6ca41bbdc5f,20160,172800
WALLABY J130545-193817,NGC 5044 TR3,NGC5044,10,pass,,False,21,0.605918396642815,126.000000000252,49x48,111x49x48,499,6.000000000012,188822.21875,47,https://ws.cadc-ccda.hia-iha.nrc-cnrc.gc.ca/data/pub/WALLABY/WALLABY_J130545-193817_NGC_5044_TR3_mom0.fits,https://ws.cadc-ccda.hia-iha.nrc-cnrc.gc.ca/data/pub/WALLABY/WALLABY_J130545-193817_NGC_5044_TR3_mask.fits,bd8e55ee1172e9dad2821ff29a303e218a31624822edc57875a84660d4f4e28c,11ff1a305e0db1690434e2f2b5b879b8dd273a93aa1a7211ff53346d5e8a47c1,23040,273600
WALLABY J130546-133400,NGC 5044 TR3,NGC5044,12,pass,,False,9,0.8248745139408363,54.000000000108,32x33,50x32x33,139,6.000000000012,49253.1484375,23,https://ws.cadc-ccda.hia-iha.nrc-cnrc.gc.ca/data/pub/WALLABY/WALLABY_J130546-133400_NGC_5044_TR3_mom0.fits,https://ws.cadc-ccda.hia-iha.nrc-cnrc.gc.ca/data/pub/WALLABY/WALLABY_J130546-133400_NGC_5044_TR3_mask.fits,8775da63c71f38ff60e5a25bb46e09eb4bc282e0a60fb7ec354ad04937184b37,320b443bd652340b5ec4b6e5ba8fda161dcab589cc0cc9ad226a5d1ed5cb5ad1,17280,66240
WALLABY J130547-130037,NGC 5044 TR3,NGC5044,14,pass,,False,10,0.8756749105752267,60.000000000120004,38x34,56x38x34,200,6.000000000012,55297.640625,23,https://ws.cadc-ccda.hia-iha.nrc-cnrc.gc.ca/data/pub/WALLABY/WALLABY_J130547-130037_NGC_5044_TR3_mom0.fits,https://ws.cadc-ccda.hia-iha.nrc-cnrc.gc.ca/data/pub/WALLABY/WALLABY_J130547-130037_NGC_5044_TR3_mask.fits,e9c00d0f3ebcfc3c0be949e0375954b1e24a61aa020bf9ce76f40df5b2768734,9f4471221700a83f1875a3ae6b9df4b97ab6c9d8bc7e8e66a2926e96fe1b12a9,17280,86400
WALLABY J130548-200037,NGC 5044 TR3,NGC5044,19,profile_rejected,negative source annular moment-0 weight; no clipping is allowed,False,,,,44x39,87x44x39,264,6.000000000012,81593.921875,65,https://ws.cadc-ccda.hia-iha.nrc-cnrc.gc.ca/data/pub/WALLABY/WALLABY_J130548-200037_NGC_5044_TR3_mom0.fits,https://ws.cadc-ccda.hia-iha.nrc-cnrc.gc.ca/data/pub/WALLABY/WALLABY_J130548-200037_NGC_5044_TR3_mask.fits,4971f4fbd7023f33c978d5e056c4c6c5266f177f180b45726452e164105bfc62,778f320ddfedcdaa2de1e273e054650c9b6e990aeffaaea7e4e0bf090cb37213,20160,161280
WALLABY J130548-210454,NGC 5044 TR3,NGC5044,22,profile_rejected,negative source annular moment-0 weight; no clipping is allowed,False,,,,41x36,63x41x36,229,6.000000000012,73389.453125,32,https://ws.cadc-ccda.hia-iha.nrc-cnrc.gc.ca/data/pub/WALLABY/WALLABY_J130548-210454_NGC_5044_TR3_mom0.fits,https://ws.cadc-ccda.hia-iha.nrc-cnrc.gc.ca/data/pub/WALLABY/WALLABY_J130548-210454_NGC_5044_TR3_mask.fits,5f82611a44d36942c8a502c6c28235f0e8c3c8079a28ffcf19449a9399fb7ef7,5ebb0f6c48d7fd9aa42a4977a8b362c8cb53d12cd70a23e875e86931554a7ec0,20160,106560
WALLABY J130554-121523,NGC 5044 TR3,NGC5044,2,pass,,False,11,0.7622681512258195,66.000000000132,35x33,86x35x33,151,6.000000000012,56485.8828125,12,https://ws.cadc-ccda.hia-iha.nrc-cnrc.gc.ca/data/pub/WALLABY/WALLABY_J130554-121523_NGC_5044_TR3_mom0.fits,https://ws.cadc-ccda.hia-iha.nrc-cnrc.gc.ca/data/pub/WALLABY/WALLABY_J130554-121523_NGC_5044_TR3_mask.fits,47731ea29e74bcee0561ab889beafb5163948081cf22bde3b3d969c72be3c7b1,ddfdef81cac05a94de7826a5850f6bdc052b2b5e2eb7af48ba30d46ef8d6cc93,17280,112320
WALLABY J130559-133807,NGC 5044 TR3,NGC5044,19,profile_rejected,negative source annular moment-0 weight; no clipping is allowed,False,,,,40x42,101x40x42,262,6.000000000012,144324.09375,56,https://ws.cadc-ccda.hia-iha.nrc-cnrc.gc.ca/data/pub/WALLABY/WALLABY_J130559-133807_NGC_5044_TR3_mom0.fits,https://ws.cadc-ccda.hia-iha.nrc-cnrc.gc.ca/data/pub/WALLABY/WALLABY_J130559-133807_NGC_5044_TR3_mask.fits,d9a1eab23cbee56a8921c145310bb185d9b93d0c2f3d14d4f83f438105288764,abbf3daf720ba40bf261440fe2f8aad516fbda8f4c049774e52d109a7a16a22e,20160,181440
WALLABY J130559-145906,NGC 5044 TR3,NGC5044,7,pass,,False,14,0.7795612105689862,84.000000000168,44x39,61x44x39,321,6.000000000012,114476.3359375,47,https://ws.cadc-ccda.hia-iha.nrc-cnrc.gc.ca/data/pub/WALLABY/WALLABY_J130559-145906_NGC_5044_TR3_mom0.fits,https://ws.cadc-ccda.hia-iha.nrc-cnrc.gc.ca/data/pub/WALLABY/WALLABY_J130559-145906_NGC_5044_TR3_mask.fits,84bd25670476b4c23d26459f900ff1ec90c64e2149027278019f3d6f6fdd68b2,b1500bea589f45a74d0ab86f4896d9431e88e99cd968fa569c12c873c6602a18,20160,118080
WALLABY J130602-155021,NGC 5044 TR3,NGC5044,9,pass,,False,12,0.8683962360892816,72.000000000144,35x38,75x35x38,212,6.000000000012,78092.40625,23,https://ws.cadc-ccda.hia-iha.nrc-cnrc.gc.ca/data/pub/WALLABY/WALLABY_J130602-155021_NGC_5044_TR3_mom0.fits,https://ws.cadc-ccda.hia-iha.nrc-cnrc.gc.ca/data/pub/WALLABY/WALLABY_J130602-155021_NGC_5044_TR3_mask.fits,26052a4bc6eb86c27a105aac174e32eb618e6152eac6c95f8b79b7d95ffb3e7c,4d1c2ab6974346ff17fabc921a18a1e8c0018860a461ac25372770186213133a,17280,112320
WALLABY J130606-172523,NGC 5044 TR3,NGC5044,2,profile_rejected,negative source annular moment-0 weight; no clipping is allowed,False,,,,37x36,85x37x36,213,6.000000000012,75785.9765625,25,https://ws.cadc-ccda.hia-iha.nrc-cnrc.gc.ca/data/pub/WALLABY/WALLABY_J130606-172523_NGC_5044_TR3_mom0.fits,https://ws.cadc-ccda.hia-iha.nrc-cnrc.gc.ca/data/pub/WALLABY/WALLABY_J130606-172523_NGC_5044_TR3_mask.fits,e2f5dd20ae8bb2441ce512e31ec505e724f78c372fac3f24697c08c026acc87a,da8184c2ec97266dcf721ed6ac668ed155c8e27d5648dcc879dc7690d713c029,17280,126720
WALLABY J130607-124509,NGC 5044 TR3,NGC5044,21,pass,,False,8,0.8278941328591904,48.000000000096,34x33,47x34x33,139,6.000000000012,35075.2265625,9,https://ws.cadc-ccda.hia-iha.nrc-cnrc.gc.ca/data/pub/WALLABY/WALLABY_J130607-124509_NGC_5044_TR3_mom0.fits,https://ws.cadc-ccda.hia-iha.nrc-cnrc.gc.ca/data/pub/WALLABY/WALLABY_J130607-124509_NGC_5044_TR3_mask.fits,02a94c3b2868f1bd26283cf355726d6781302ed1ae2cfd45e038f999c51d1812,8dcc3cf4afac783492d85df3becd77881a8d1a82f06b615ef5d0a661ced2df67,17280,66240
WALLABY J130607-201432,NGC 5044 TR3,NGC5044,9,profile_rejected,negative source annular moment-0 weight; no clipping is allowed,False,,,,32x33,80x32x33,121,6.000000000012,50939.35546875,19,https://ws.cadc-ccda.hia-iha.nrc-cnrc.gc.ca/data/pub/WALLABY/WALLABY_J130607-201432_NGC_5044_TR3_mom0.fits,https://ws.cadc-ccda.hia-iha.nrc-cnrc.gc.ca/data/pub/WALLABY/WALLABY_J130607-201432_NGC_5044_TR3_mask.fits,7bf3cf51482e3f8dccf4ba10f418d50bd2e17153ca9bec1cda527f4b5db9838c,0372177b843dd7ff3ca1b6ea7126789c3ada021b7882001a3ee0a4d30ee5418f,17280,97920
WALLABY J130608-172615,NGC 5044 TR3,NGC5044,5,profile_rejected,negative source annular moment-0 weight; no clipping is allowed,False,,,,37x37,62x37x37,209,6.000000000012,41703.55078125,49,https://ws.cadc-ccda.hia-iha.nrc-cnrc.gc.ca/data/pub/WALLABY/WALLABY_J130608-172615_NGC_5044_TR3_mom0.fits,https://ws.cadc-ccda.hia-iha.nrc-cnrc.gc.ca/data/pub/WALLABY/WALLABY_J130608-172615_NGC_5044_TR3_mask.fits,65cf790f0a5a046c305d39111a581a9f587eff4834c211719273aaa9e57dd582,7659ba8962cc887015dffd41cfd8f71c0c8f6c3f3fa73d7edc46216fc1c34183,17280,97920
WALLABY J130612-201622,NGC 5044 TR3,NGC5044,16,pass,,False,17,0.6240718307073401,102.000000000204,39x42,65x39x42,290,6.000000000012,125488.46875,36,https://ws.cadc-ccda.hia-iha.nrc-cnrc.gc.ca/data/pub/WALLABY/WALLABY_J130612-201622_NGC_5044_TR3_mom0.fits,https://ws.cadc-ccda.hia-iha.nrc-cnrc.gc.ca/data/pub/WALLABY/WALLABY_J130612-201622_NGC_5044_TR3_mask.fits,9117e52813196596c550d3ce4f3246c1ed9d8546ffac5a25de5b032d0bda44d1,f31db4605910ddb65bc39e7a4338d8c8e81d6e6640dc5b4d9f307f3710726817,20160,118080
WALLABY J130614-202212,NGC 5044 TR3,NGC5044,9,pass,,False,16,0.8216537945516615,96.000000000192,45x42,99x45x42,406,6.000000000012,234991.78125,73,https://ws.cadc-ccda.hia-iha.nrc-cnrc.gc.ca/data/pub/WALLABY/WALLABY_J130614-202212_NGC_5044_TR3_mom0.fits,https://ws.cadc-ccda.hia-iha.nrc-cnrc.gc.ca/data/pub/WALLABY/WALLABY_J130614-202212_NGC_5044_TR3_mask.fits,adbc2adfd217b271d112b6f1c79d0a4ef7ea3d1520e841c96f759adb867385cc,e33c3d8225999b8ecf4b7971ae33d7df2785802d4ef7e74e7b0c010c7ed0783c,20160,198720
WALLABY J130615-135536,NGC 5044 TR3,NGC5044,3,profile_rejected,negative source annular moment-0 weight; no clipping is allowed,False,,,,39x38,107x39x38,259,6.000000000012,169524.4375,59,https://ws.cadc-ccda.hia-iha.nrc-cnrc.gc.ca/data/pub/WALLABY/WALLABY_J130615-135536_NGC_5044_TR3_mom0.fits,https://ws.cadc-ccda.hia-iha.nrc-cnrc.gc.ca/data/pub/WALLABY/WALLABY_J130615-135536_NGC_5044_TR3_mask.fits,7edfebe0e5a14242b4f4104811bfb4f6a3e6931bdb301da5a868bedf7a495799,c1ea288777d18a21954c6f0fbb7e774bb88f652fa07227bda7830a0de48df430,20160,172800
WALLABY J130618-113220,NGC 5044 TR3,NGC5044,12,profile_rejected,negative source annular moment-0 weight; no clipping is allowed,False,,,,38x37,75x38x37,227,6.000000000012,97906.078125,68,https://ws.cadc-ccda.hia-iha.nrc-cnrc.gc.ca/data/pub/WALLABY/WALLABY_J130618-113220_NGC_5044_TR3_mom0.fits,https://ws.cadc-ccda.hia-iha.nrc-cnrc.gc.ca/data/pub/WALLABY/WALLABY_J130618-113220_NGC_5044_TR3_mask.fits,e0171f499c0f59cb14498aa1c43e5fcf2a8a41cb20fe9911da3871bcfe200191,04b7d64c74d765f3d0d8391df15b8c675e3cc1dd87cbcd641342e134a329a66d,17280,118080
WALLABY J130618-173039,NGC 5044 TR3,NGC5044,10,pass,,False,29,0.7461848396157877,174.000000000348,57x64,91x57x64,1195,6.000000000012,1352316.75,162,https://ws.cadc-ccda.hia-iha.nrc-cnrc.gc.ca/data/pub/WALLABY/WALLABY_J130618-173039_NGC_5044_TR3_mom0.fits,https://ws.cadc-ccda.hia-iha.nrc-cnrc.gc.ca/data/pub/WALLABY/WALLABY_J130618-173039_NGC_5044_TR3_mask.fits,540986d73170f6a682ffe6322dd9613463fa1378231a9c5cec9b758e27802deb,e15d2804286233380676c039bacc212d5553ab4d6a1cff256ddc11b22afb0fbb,28800,345600
WALLABY J130622-161408,NGC 5044 TR3,NGC5044,5,pass,,False,10,0.6901106252353437,60.000000000120004,38x33,64x38x33,158,6.000000000012,42844.5546875,29,https://ws.cadc-ccda.hia-iha.nrc-cnrc.gc.ca/data/pub/WALLABY/WALLABY_J130622-161408_NGC_5044_TR3_mom0.fits,https://ws.cadc-ccda.hia-iha.nrc-cnrc.gc.ca/data/pub/WALLABY/WALLABY_J130622-161408_NGC_5044_TR3_mask.fits,05b81c120778bbfa56b3797a6a85dcc36e70db727482ade709a82447c0babea0,eee220de44ee88698a6b9b24ac5f81cb51d12c5925dd9bbb2430a0429954169c,17280,92160
WALLABY J130623-145631,NGC 5044 TR3,NGC5044,1,pass,,False,16,0.8877933626652226,96.000000000192,47x47,58x47x47,532,6.000000000012,158587.40625,82,https://ws.cadc-ccda.hia-iha.nrc-cnrc.gc.ca/data/pub/WALLABY/WALLABY_J130623-145631_NGC_5044_TR3_mom0.fits,https://ws.cadc-ccda.hia-iha.nrc-cnrc.gc.ca/data/pub/WALLABY/WALLABY_J130623-145631_NGC_5044_TR3_mask.fits,3b079107cefa3cf76975045554b10d2ac6c0fd95fc4dbf996699d7a7aa66301a,a2df4723dd2d9997097f406a7262bd4d8f91efb19fd26732b24ff1dd4dd4e40b,23040,141120
WALLABY J130624-160656,NGC 5044 TR3,NGC5044,5,profile_rejected,negative source annular moment-0 weight; no clipping is allowed,False,,,,31x33,71x31x33,92,6.000000000012,35062.328125,11,https://ws.cadc-ccda.hia-iha.nrc-cnrc.gc.ca/data/pub/WALLABY/WALLABY_J130624-160656_NGC_5044_TR3_mom0.fits,https://ws.cadc-ccda.hia-iha.nrc-cnrc.gc.ca/data/pub/WALLABY/WALLABY_J130624-160656_NGC_5044_TR3_mask.fits,246e0bc3abe6b8e0ccae72090691b9e13275e91b12628c1add349273bab9b8af,cb6411637c2c79230197348c940e7f294e621bc9771e16c1410abe4c0f92f5b6,17280,86400
WALLABY J130626-182036,NGC 5044 TR3,NGC5044,9,profile_rejected,source radial support contains fewer than 8 pixel-scale annuli,False,,,,32x31,71x32x31,110,6.000000000012,29905.685546875,15,https://ws.cadc-ccda.hia-iha.nrc-cnrc.gc.ca/data/pub/WALLABY/WALLABY_J130626-182036_NGC_5044_TR3_mom0.fits,https://ws.cadc-ccda.hia-iha.nrc-cnrc.gc.ca/data/pub/WALLABY/WALLABY_J130626-182036_NGC_5044_TR3_mask.fits,ed61548ed085b49f2129a9e4744a2634c1072c3069bc82b36b03f98f1381f415,1b2270c7c7e1e417f91eab1e1781389b38ef63e94837623bc637994c8339b4c3,17280,83520
WALLABY J130627-153029,NGC 5044 TR3,NGC5044,16,profile_rejected,negative source annular moment-0 weight; no clipping is allowed,False,,,,34x35,70x34x35,177,6.000000000012,72882.8671875,14,https://ws.cadc-ccda.hia-iha.nrc-cnrc.gc.ca/data/pub/WALLABY/WALLABY_J130627-153029_NGC_5044_TR3_mom0.fits,https://ws.cadc-ccda.hia-iha.nrc-cnrc.gc.ca/data/pub/WALLABY/WALLABY_J130627-153029_NGC_5044_TR3_mask.fits,33ab9af36e494a10dd26a21aaa09b588856c3e48a794655d366244883a594600,d1c16d2892856fa80f1db3e1a66d861ba9e6f732ff66eca1f679610d7e22632e,17280,95040
WALLABY J130629-133413,NGC 5044 TR3,NGC5044,9,pass,,False,24,0.8094814805879024,144.000000000288,57x52,90x57x52,783,6.000000000012,740758.375,123,https://ws.cadc-ccda.hia-iha.nrc-cnrc.gc.ca/data/pub/WALLABY/WALLABY_J130629-133413_NGC_5044_TR3_mom0.fits,https://ws.cadc-ccda.hia-iha.nrc-cnrc.gc.ca/data/pub/WALLABY/WALLABY_J130629-133413_NGC_5044_TR3_mask.fits,bcc47b2c136613668e84f5930b9bfa8d4321ca3c9ef26eb68ba7b3e9d5b8aa0a,6801e053d26d9eac72fec16f440232cfcf17ac406670f521698090dcfb909822,25920,279360
WALLABY J130630-112046,NGC 5044 TR3,NGC5044,0,pass,,False,10,0.8758253832520897,60.000000000120004,35x36,76x35x36,181,6.000000000012,64116.71484375,27,https://ws.cadc-ccda.hia-iha.nrc-cnrc.gc.ca/data/pub/WALLABY/WALLABY_J130630-112046_NGC_5044_TR3_mom0.fits,https://ws.cadc-ccda.hia-iha.nrc-cnrc.gc.ca/data/pub/WALLABY/WALLABY_J130630-112046_NGC_5044_TR3_mask.fits,66cfc1c038fc0bd609c110e1eb37b72258cf1bf7ccbbfbc5cda664db4e5406fe,88fa1065602d211dcc4d61ff4ec4dc1cf18163fa323eec61d53da2a29754c0db,17280,109440
WALLABY J130633-160714,NGC 5044 TR3,NGC5044,13,profile_rejected,negative source annular moment-0 weight; no clipping is allowed,False,,,,32x36,76x32x36,143,6.000000000012,60519.0390625,28,https://ws.cadc-ccda.hia-iha.nrc-cnrc.gc.ca/data/pub/WALLABY/WALLABY_J130633-160714_NGC_5044_TR3_mom0.fits,https://ws.cadc-ccda.hia-iha.nrc-cnrc.gc.ca/data/pub/WALLABY/WALLABY_J130633-160714_NGC_5044_TR3_mask.fits,3903f5112f1821d80d565830c0ff238477a8968bf1a189229599d7e2551af886,073e574272d4a6178158125ce2c8996c5e29ac61149bdc820b50d2d392d91a52,17280,100800
WALLABY J130633-190609,NGC 5044 TR3,NGC5044,5,profile_rejected,negative source annular moment-0 weight; no clipping is allowed,False,,,,38x39,90x38x39,265,6.000000000012,107790.59375,52,https://ws.cadc-ccda.hia-iha.nrc-cnrc.gc.ca/data/pub/WALLABY/WALLABY_J130633-190609_NGC_5044_TR3_mom0.fits,https://ws.cadc-ccda.hia-iha.nrc-cnrc.gc.ca/data/pub/WALLABY/WALLABY_J130633-190609_NGC_5044_TR3_mask.fits,33e80032ca1a2c357690e7b2889f20df3973c3f47b5ef2d8beefe577fac255b7,c263534f5404eb63602d91b8fe3864523d4398953c7d2aa3a8d596689751f197,20160,146880
WALLABY J130636-211139,NGC 5044 TR3,NGC5044,5,profile_rejected,source radial support contains fewer than 8 pixel-scale annuli,False,,,,28x28,41x28x28,52,6.000000000012,25740.345703125,3,https://ws.cadc-ccda.hia-iha.nrc-cnrc.gc.ca/data/pub/WALLABY/WALLABY_J130636-211139_NGC_5044_TR3_mom0.fits,https://ws.cadc-ccda.hia-iha.nrc-cnrc.gc.ca/data/pub/WALLABY/WALLABY_J130636-211139_NGC_5044_TR3_mask.fits,0ef39dca3e8f7e3359e4c89fce0f4766386bf3e05c4c4f9254177b3b1f66ad18,44f09f60e1b32e9cc8cc5b7bfe33f6c947d19ed16c651fb4bc36a934e974f307,17280,46080
WALLABY J130639-115418,NGC 5044 TR3,NGC5044,23,profile_rejected,negative source annular moment-0 weight; no clipping is allowed,False,,,,35x35,76x35x35,122,6.000000000012,34249.546875,31,https://ws.cadc-ccda.hia-iha.nrc-cnrc.gc.ca/data/pub/WALLABY/WALLABY_J130639-115418_NGC_5044_TR3_mom0.fits,https://ws.cadc-ccda.hia-iha.nrc-cnrc.gc.ca/data/pub/WALLABY/WALLABY_J130639-115418_NGC_5044_TR3_mask.fits,2637fa654de21b9caea7d34775ecb4a6036032d95b4dc0c17ccd13faa10dc90d,b344888155308c6cb943c258c3a20311339f5739dbc2229c48e9d679666620ba,17280,106560
WALLABY J130639-135036,NGC 5044 TR3,NGC5044,18,pass,,False,12,0.7197655780563302,72.000000000144,37x36,81x37x36,201,6.000000000012,99239.359375,26,https://ws.cadc-ccda.hia-iha.nrc-cnrc.gc.ca/data/pub/WALLABY/WALLABY_J130639-135036_NGC_5044_TR3_mom0.fits,https://ws.cadc-ccda.hia-iha.nrc-cnrc.gc.ca/data/pub/WALLABY/WALLABY_J130639-135036_NGC_5044_TR3_mask.fits,5f87030aa25bec4ea94e5bb27ce3881da8ca7e2e994e294bd8a1f9fd71222112,79186b6c605576de4e3ddfe5c44b20487714fa1962c4a9011df0dd9aebbf023f,17280,120960
WALLABY J130643-155855,NGC 5044 TR3,NGC5044,12,pass,,False,14,0.6023687055407394,84.000000000168,35x41,71x35x41,198,6.000000000012,78498.3671875,19,https://ws.cadc-ccda.hia-iha.nrc-cnrc.gc.ca/data/pub/WALLABY/WALLABY_J130643-155855_NGC_5044_TR3_mom0.fits,https://ws.cadc-ccda.hia-iha.nrc-cnrc.gc.ca/data/pub/WALLABY/WALLABY_J130643-155855_NGC_5044_TR3_mask.fits,766e2dbd84ba91bc79b28e8010912f31c71c8a10f3e083cdad947a8b15ff3a29,6a09da12a1d0c7f1be2ea52dd05a536e1d45733fe5305ea593387688cab7ec48,17280,115200
WALLABY J130644-161702,NGC 5044 TR3,NGC5044,17,profile_rejected,negative source annular moment-0 weight; no clipping is allowed,False,,,,32x35,46x32x35,128,6.000000000012,37485.6796875,15,https://ws.cadc-ccda.hia-iha.nrc-cnrc.gc.ca/data/pub/WALLABY/WALLABY_J130644-161702_NGC_5044_TR3_mom0.fits,https://ws.cadc-ccda.hia-iha.nrc-cnrc.gc.ca/data/pub/WALLABY/WALLABY_J130644-161702_NGC_5044_TR3_mask.fits,c3772db06d46322e3dbf4ae408887d334c628dd53e2b7208021cf47b20e7a5e9,8661c258c76f761d602f7b306e9d27a92942cd3a49523acaa6f3c0683584c999,17280,63360
WALLABY J130645-122324,NGC 5044 TR3,NGC5044,13,pass,,False,9,0.8960689799290547,54.000000000108,34x33,58x34x33,132,6.000000000012,38409.5078125,15,https://ws.cadc-ccda.hia-iha.nrc-cnrc.gc.ca/data/pub/WALLABY/WALLABY_J130645-122324_NGC_5044_TR3_mom0.fits,https://ws.cadc-ccda.hia-iha.nrc-cnrc.gc.ca/data/pub/WALLABY/WALLABY_J130645-122324_NGC_5044_TR3_mask.fits,c3b2e37cfcde08c98d45c4d91e0aa3326afdd3d84023f1a313f31b55f3acd455,8eb23937684ca81a6c2aac89b0da135ce40d3a13c1b1299a235d298d00ce35f7,17280,77760
WALLABY J130645-162250,NGC 5044 TR3,NGC5044,20,profile_rejected,negative source annular moment-0 weight; no clipping is allowed,False,,,,43x49,97x43x49,363,6.000000000012,93861.4375,43,https://ws.cadc-ccda.hia-iha.nrc-cnrc.gc.ca/data/pub/WALLABY/WALLABY_J130645-162250_NGC_5044_TR3_mom0.fits,https://ws.cadc-ccda.hia-iha.nrc-cnrc.gc.ca/data/pub/WALLABY/WALLABY_J130645-162250_NGC_5044_TR3_mask.fits,3436aa651f4f8737f8cc20e6baa87bd3d3dd9dc4b0e4de9aea2a10f4c2f78884,cd0b46e2bf63202e664dd4521671085b84eac2ae0163dc5eab20dc34c6b1bd95,20160,216000
WALLABY J130645-164412,NGC 5044 TR3,NGC5044,16,pass,,False,10,0.5643684116469116,60.000000000120004,34x30,108x34x30,112,6.000000000012,52507.53515625,4,https://ws.cadc-ccda.hia-iha.nrc-cnrc.gc.ca/data/pub/WALLABY/WALLABY_J130645-164412_NGC_5044_TR3_mom0.fits,https://ws.cadc-ccda.hia-iha.nrc-cnrc.gc.ca/data/pub/WALLABY/WALLABY_J130645-164412_NGC_5044_TR3_mask.fits,318d396c704cb8de1bac74a192fe08622ea572009640e2b0147dd63559e79730,ab37693000f01774ac4e9bd3c7be09b8b017fb1321b0a69c4cd1746ae484dcf0,17280,123840
WALLABY J130647-162241,NGC 5044 TR3,NGC5044,22,pass,,False,13,0.8456927465790289,78.000000000156,39x34,63x39x34,193,6.000000000012,62180.0390625,22,https://ws.cadc-ccda.hia-iha.nrc-cnrc.gc.ca/data/pub/WALLABY/WALLABY_J130647-162241_NGC_5044_TR3_mom0.fits,https://ws.cadc-ccda.hia-iha.nrc-cnrc.gc.ca/data/pub/WALLABY/WALLABY_J130647-162241_NGC_5044_TR3_mask.fits,6c6ed5989d06cecb2aad6ded7d1683c81ff9eb2e788d2f5d9d1a0457513c314c,a82a5d2d20a0087ce5142a47c89caaf93453be914ea39e5f0e60f553670b6138,17280,97920
WALLABY J130648-202247,NGC 5044 TR3,NGC5044,6,profile_rejected,negative source annular moment-0 weight; no clipping is allowed,False,,,,42x44,70x42x44,338,6.000000000012,222390.6875,64,https://ws.cadc-ccda.hia-iha.nrc-cnrc.gc.ca/data/pub/WALLABY/WALLABY_J130648-202247_NGC_5044_TR3_mom0.fits,https://ws.cadc-ccda.hia-iha.nrc-cnrc.gc.ca/data/pub/WALLABY/WALLABY_J130648-202247_NGC_5044_TR3_mask.fits,f2182ab519ebd8888c3263aa3c7e1347424a7eb0920efc67dc8107042ea1109a,d992d3ab5b05196c261c4390de43e3cebae4428b8478ff26309ec84998a37eab,20160,141120
WALLABY J130654-154854,NGC 5044 TR3,NGC5044,3,pass,,False,13,0.7177036632198401,78.000000000156,41x37,87x41x37,277,6.000000000012,135214.796875,37,https://ws.cadc-ccda.hia-iha.nrc-cnrc.gc.ca/data/pub/WALLABY/WALLABY_J130654-154854_NGC_5044_TR3_mom0.fits,https://ws.cadc-ccda.hia-iha.nrc-cnrc.gc.ca/data/pub/WALLABY/WALLABY_J130654-154854_NGC_5044_TR3_mask.fits,a33f4f5f8ad5dd20dac12d3bf9b541507efa4b171a5c1a1f787492edbd907b97,7c9148a3aa72e02b3d10f80da3382087ce935339c11e60919fe17988b8741622,20160,144000
WALLABY J130656-184823,NGC 5044 TR3,NGC5044,4,profile_rejected,negative source annular moment-0 weight; no clipping is allowed,False,,,,41x38,78x41x38,264,6.000000000012,82180.921875,45,https://ws.cadc-ccda.hia-iha.nrc-cnrc.gc.ca/data/pub/WALLABY/WALLABY_J130656-184823_NGC_5044_TR3_mom0.fits,https://ws.cadc-ccda.hia-iha.nrc-cnrc.gc.ca/data/pub/WALLABY/WALLABY_J130656-184823_NGC_5044_TR3_mask.fits,86da23be640aceeb10aa0b951129361f0b8c19eb6cb7031259b8febc2f08e699,61735d59135a23d044cf0deeb20704a64887bad35a7c36b233f79483beb9b80c,20160,135360
WALLABY J130659-151041,NGC 5044 TR3,NGC5044,6,pass,,False,10,0.941239594657605,60.000000000120004,36x31,49x36x31,130,6.000000000012,36370.7265625,11,https://ws.cadc-ccda.hia-iha.nrc-cnrc.gc.ca/data/pub/WALLABY/WALLABY_J130659-151041_NGC_5044_TR3_mom0.fits,https://ws.cadc-ccda.hia-iha.nrc-cnrc.gc.ca/data/pub/WALLABY/WALLABY_J130659-151041_NGC_5044_TR3_mask.fits,4759e9d186c0391a2aea5b9d258c54643c1758c612c26ca29b3489d623cb9165,7581992ee630f72f7e683e77b60cc38959cc1fe9c8e69ae48e7fdba8997f22f3,17280,66240
WALLABY J130659-211444,NGC 5044 TR3,NGC5044,8,pass,,False,10,0.9875340791968481,60.000000000120004,35x37,76x35x37,198,6.000000000012,108926.6875,21,https://ws.cadc-ccda.hia-iha.nrc-cnrc.gc.ca/data/pub/WALLABY/WALLABY_J130659-211444_NGC_5044_TR3_mom0.fits,https://ws.cadc-ccda.hia-iha.nrc-cnrc.gc.ca/data/pub/WALLABY/WALLABY_J130659-211444_NGC_5044_TR3_mask.fits,84c5236e25d73121ce5f9e222658e7dd988de858d07fbb94ce10a66119cb69b7,1a256487f32f9afabab8df3e55ee932692820f83d82dae56e8425bf59d123d72,17280,112320
WALLABY J130703-185253,NGC 5044 TR3,NGC5044,17,pass,,False,16,0.6423238281510375,96.000000000192,39x39,97x39x39,243,6.000000000012,73554.0,16,https://ws.cadc-ccda.hia-iha.nrc-cnrc.gc.ca/data/pub/WALLABY/WALLABY_J130703-185253_NGC_5044_TR3_mom0.fits,https://ws.cadc-ccda.hia-iha.nrc-cnrc.gc.ca/data/pub/WALLABY/WALLABY_J130703-185253_NGC_5044_TR3_mask.fits,f75dc8a7300519fa7ca77cd3d69af5013b62a4dc8345ab3b17e00e6ed06c7302,fcb6d4c2e49254792d10b3fa8cc21988a1b01b6759527c64c5611828c2e91435,20160,161280
WALLABY J130706-171551,NGC 5044 TR3,NGC5044,20,profile_rejected,negative source annular moment-0 weight; no clipping is allowed,False,,,,39x40,90x39x40,276,6.000000000012,172161.59375,57,https://ws.cadc-ccda.hia-iha.nrc-cnrc.gc.ca/data/pub/WALLABY/WALLABY_J130706-171551_NGC_5044_TR3_mom0.fits,https://ws.cadc-ccda.hia-iha.nrc-cnrc.gc.ca/data/pub/WALLABY/WALLABY_J130706-171551_NGC_5044_TR3_mask.fits,b22d6e06f621fe01c57a1ab867a6eb78b37a41d3eaa0bec99a6ac5ea93bab214,06782ff6b85bf8a29aa35c289fbf5a292ccdc793b2cfc977f5eab10a12e1d057,20160,152640
WALLABY J130718-130903,NGC 5044 TR3,NGC5044,14,pass,,False,8,0.8595813322561142,48.000000000096,33x34,54x33x34,134,6.000000000012,48464.5546875,7,https://ws.cadc-ccda.hia-iha.nrc-cnrc.gc.ca/data/pub/WALLABY/WALLABY_J130718-130903_NGC_5044_TR3_mom0.fits,https://ws.cadc-ccda.hia-iha.nrc-cnrc.gc.ca/data/pub/WALLABY/WALLABY_J130718-130903_NGC_5044_TR3_mask.fits,55cdfa4281624a22345d005d01eb4aa7163ec5b52d8a9242e0d6ca46677a681e,4c94906e5c63d2547cab9490b6cc457e39bb2287f8d64ef82c77c73421b2a042,17280,74880
WALLABY J130718-162004,NGC 5044 TR3,NGC5044,17,pass,,False,17,0.7583164653487994,102.000000000204,50x42,78x50x42,431,6.000000000012,259521.5,84,https://ws.cadc-ccda.hia-iha.nrc-cnrc.gc.ca/data/pub/WALLABY/WALLABY_J130718-162004_NGC_5044_TR3_mom0.fits,https://ws.cadc-ccda.hia-iha.nrc-cnrc.gc.ca/data/pub/WALLABY/WALLABY_J130718-162004_NGC_5044_TR3_mask.fits,aa9dcad89d083efea9ee2f4c2c5d39ec54313fb1ae81d911520229a2ce731acf,5f7915bad92c712078f315c6793d6cc6bec87365ee6f5d8187677096c59190b4,20160,175680
WALLABY J130719-161334,NGC 5044 TR3,NGC5044,20,profile_rejected,negative source annular moment-0 weight; no clipping is allowed,False,,,,39x44,117x39x44,314,6.000000000012,151359.65625,38,https://ws.cadc-ccda.hia-iha.nrc-cnrc.gc.ca/data/pub/WALLABY/WALLABY_J130719-161334_NGC_5044_TR3_mom0.fits,https://ws.cadc-ccda.hia-iha.nrc-cnrc.gc.ca/data/pub/WALLABY/WALLABY_J130719-161334_NGC_5044_TR3_mask.fits,3b1668e16ee83f1dab2033eb1b8b812919cc743e467b9706babfccfa8e970b5f,cae7f72fa3929a49ec28f05612c677b488a61105eb0157a355f77a9f484ea9c5,20160,213120
WALLABY J130730-164622,NGC 5044 TR3,NGC5044,6,pass,,False,9,0.8864475861014273,54.000000000108,35x33,72x35x33,157,6.000000000012,58089.9453125,20,https://ws.cadc-ccda.hia-iha.nrc-cnrc.gc.ca/data/pub/WALLABY/WALLABY_J130730-164622_NGC_5044_TR3_mom0.fits,https://ws.cadc-ccda.hia-iha.nrc-cnrc.gc.ca/data/pub/WALLABY/WALLABY_J130730-164622_NGC_5044_TR3_mask.fits,f3290fc98002cf4d36e34dab1d051ea8ac95791d65a3270f18b51dc02e57642a,fbfa024fb2cbd9ff864990b27747eb80ca1fed87c50b6139c2dfd507f861d81a,17280,95040
WALLABY J130732-132154,NGC 5044 TR3,NGC5044,23,pass,,False,11,0.9268810549819296,66.000000000132,39x40,73x39x40,273,6.000000000012,134770.71875,28,https://ws.cadc-ccda.hia-iha.nrc-cnrc.gc.ca/data/pub/WALLABY/WALLABY_J130732-132154_NGC_5044_TR3_mom0.fits,https://ws.cadc-ccda.hia-iha.nrc-cnrc.gc.ca/data/pub/WALLABY/WALLABY_J130732-132154_NGC_5044_TR3_mask.fits,8db6c32cc39a34303e0db899286c1681255706ff55494ed9235e6ad2931cc17c,561f0aad0d58f2938d269e371a6453987d8c2d725687b18988c14df0bd160603,20160,126720
WALLABY J130733-120657,NGC 5044 TR3,NGC5044,9,pass,,False,8,0.8850140239421483,48.000000000096,34x33,77x34x33,138,6.000000000012,57217.03125,22,https://ws.cadc-ccda.hia-iha.nrc-cnrc.gc.ca/data/pub/WALLABY/WALLABY_J130733-120657_NGC_5044_TR3_mom0.fits,https://ws.cadc-ccda.hia-iha.nrc-cnrc.gc.ca/data/pub/WALLABY/WALLABY_J130733-120657_NGC_5044_TR3_mask.fits,9f4838860e1763e2ce75df2e96a34fd0503fa8b9b2da3e39158beea325ce63d7,85514ba5f3a90181fce33adef28129521cd0ccd9cc91db562074abdf76289ad7,17280,97920
WALLABY J130733-140834,NGC 5044 TR3,NGC5044,1,pass,,False,8,0.7678177153604967,48.000000000096,31x31,71x31x31,91,6.000000000012,31215.369140625,5,https://ws.cadc-ccda.hia-iha.nrc-cnrc.gc.ca/data/pub/WALLABY/WALLABY_J130733-140834_NGC_5044_TR3_mom0.fits,https://ws.cadc-ccda.hia-iha.nrc-cnrc.gc.ca/data/pub/WALLABY/WALLABY_J130733-140834_NGC_5044_TR3_mask.fits,08568b47d19fe6e51ebd31a07b02a8455b855c94d6c2e30d45518405b8f2265a,ce0f6087a5a00bfbb4e906e0e4b7779665dd95d690e7ce2c60194d20600de75e,17280,80640
WALLABY J130735-200029,NGC 5044 TR3,NGC5044,4,profile_rejected,negative source annular moment-0 weight; no clipping is allowed,False,,,,43x46,82x43x46,312,6.000000000012,134216.53125,120,https://ws.cadc-ccda.hia-iha.nrc-cnrc.gc.ca/data/pub/WALLABY/WALLABY_J130735-200029_NGC_5044_TR3_mom0.fits,https://ws.cadc-ccda.hia-iha.nrc-cnrc.gc.ca/data/pub/WALLABY/WALLABY_J130735-200029_NGC_5044_TR3_mask.fits,f193febe3054d6efa69aa417162d5ae0fc51a5bfb3d3e872b992615bbfe1db33,0f7069126d0478161c6c46e7ec71728541b88af04d3f02011a0be58ed6f1bfbd,20160,175680
WALLABY J130737-151812,NGC 5044 TR3,NGC5044,20,pass,,False,14,0.8387579019098393,84.000000000168,44x42,97x44x42,352,6.000000000012,173767.40625,30,https://ws.cadc-ccda.hia-iha.nrc-cnrc.gc.ca/data/pub/WALLABY/WALLABY_J130737-151812_NGC_5044_TR3_mom0.fits,https://ws.cadc-ccda.hia-iha.nrc-cnrc.gc.ca/data/pub/WALLABY/WALLABY_J130737-151812_NGC_5044_TR3_mask.fits,73dde144c8c960247d77e522510c9977e72fa3d03188ea2f28d24879aff3bc31,9e5b35b4a786d279075f99abc2d33c8d325f07a7e9e9a5a28adf69a9a795a7fb,20160,192960
WALLABY J130738-183754,NGC 5044 TR3,NGC5044,17,profile_rejected,negative source annular moment-0 weight; no clipping is allowed,False,,,,33x37,138x33x37,170,6.000000000012,110873.296875,15,https://ws.cadc-ccda.hia-iha.nrc-cnrc.gc.ca/data/pub/WALLABY/WALLABY_J130738-183754_NGC_5044_TR3_mom0.fits,https://ws.cadc-ccda.hia-iha.nrc-cnrc.gc.ca/data/pub/WALLABY/WALLABY_J130738-183754_NGC_5044_TR3_mask.fits,24e3b5f85f4d24284ceeb1082dc9f8ce03f92272586c6d2b67ff3fa59854db4f,3afb3884f7bdb04393093d8500ba168a6a70a9e4a95338a6e1d4a5cf7bad397e,17280,181440
WALLABY J130739-153555,NGC 5044 TR3,NGC5044,9,profile_rejected,negative source annular moment-0 weight; no clipping is allowed,False,,,,35x38,71x35x38,206,6.000000000012,66007.796875,42,https://ws.cadc-ccda.hia-iha.nrc-cnrc.gc.ca/data/pub/WALLABY/WALLABY_J130739-153555_NGC_5044_TR3_mom0.fits,https://ws.cadc-ccda.hia-iha.nrc-cnrc.gc.ca/data/pub/WALLABY/WALLABY_J130739-153555_NGC_5044_TR3_mask.fits,e847be8f54df44174cad8f25baf4ba3c677f90ffbe9e9f60c9780c2fa228c3f9,6bc6b91e413e2bb835a43f085830eeffd125fe0636803f03958786d50fbd756a,17280,106560
WALLABY J130747-213240,NGC 5044 TR3,NGC5044,6,profile_rejected,negative source annular moment-0 weight; no clipping is allowed,False,,,,35x41,53x35x41,209,6.000000000012,105433.59375,43,https://ws.cadc-ccda.hia-iha.nrc-cnrc.gc.ca/data/pub/WALLABY/WALLABY_J130747-213240_NGC_5044_TR3_mom0.fits,https://ws.cadc-ccda.hia-iha.nrc-cnrc.gc.ca/data/pub/WALLABY/WALLABY_J130747-213240_NGC_5044_TR3_mask.fits,4f83fee567585a0b3b292518ea6c0eaa1afe79e8b33f60a0525acfa34987b18e,e8c0fb0b0288e74dbee38c6e812dc2e3362d0e4ac6be791d4b3a63110311bb51,17280,89280
WALLABY J130749-161828,NGC 5044 TR3,NGC5044,11,profile_rejected,negative source annular moment-0 weight; no clipping is allowed,False,,,,44x36,78x44x36,278,6.000000000012,124686.34375,68,https://ws.cadc-ccda.hia-iha.nrc-cnrc.gc.ca/data/pub/WALLABY/WALLABY_J130749-161828_NGC_5044_TR3_mom0.fits,https://ws.cadc-ccda.hia-iha.nrc-cnrc.gc.ca/data/pub/WALLABY/WALLABY_J130749-161828_NGC_5044_TR3_mask.fits,99a48b8cc635623192ddf96b8cbf023feb37adaaac44af5fca9f644980c2fa49,82946f3ee0cb97fbf9423f0e870e001dc2644b56ab2da3764a82f670a4a2393a,20160,135360
WALLABY J130752-194822,NGC 5044 TR3,NGC5044,8,profile_rejected,negative source annular moment-0 weight; no clipping is allowed,False,,,,37x39,93x37x39,252,6.000000000012,96753.40625,46,https://ws.cadc-ccda.hia-iha.nrc-cnrc.gc.ca/data/pub/WALLABY/WALLABY_J130752-194822_NGC_5044_TR3_mom0.fits,https://ws.cadc-ccda.hia-iha.nrc-cnrc.gc.ca/data/pub/WALLABY/WALLABY_J130752-194822_NGC_5044_TR3_mask.fits,76e198fcbba4ad2a5cb39e72d8ce8f2ab16f91ccbffa85e5007a4700d5d05972,42747c95d6f6fc399ae7d4ba1e6bad6de481ba1c9eaca9269b0d5198bb657940,20160,146880
WALLABY J130753-205916,NGC 5044 TR3,NGC5044,5,pass,,False,19,0.7485729442690794,114.000000000228,42x46,106x42x46,418,6.000000000012,279412.96875,47,https://ws.cadc-ccda.hia-iha.nrc-cnrc.gc.ca/data/pub/WALLABY/WALLABY_J130753-205916_NGC_5044_TR3_mom0.fits,https://ws.cadc-ccda.hia-iha.nrc-cnrc.gc.ca/data/pub/WALLABY/WALLABY_J130753-205916_NGC_5044_TR3_mask.fits,377c8b1236454dcde0aef605e04c65c0be10d7968f5d01d67ca2071fb2fadd9f,db1540ba4a844dc02cf06f71699e18e5ecdaf412a77c9e9972097761347830af,20160,218880
WALLABY J130756-164123,NGC 5044 TR3,NGC5044,0,pass,,False,17,0.7643605705149169,102.000000000204,40x44,59x40x44,363,6.000000000012,254145.734375,38,https://ws.cadc-ccda.hia-iha.nrc-cnrc.gc.ca/data/pub/WALLABY/WALLABY_J130756-164123_NGC_5044_TR3_mom0.fits,https://ws.cadc-ccda.hia-iha.nrc-cnrc.gc.ca/data/pub/WALLABY/WALLABY_J130756-164123_NGC_5044_TR3_mask.fits,617e91ef116cf321b85983208d4d3acc54a61ae10daa52129ed0d2d19ddd6a63,d5a93ce52de1ffebc437de670867efb501377c82823097725fef6d78c2a81530,20160,118080
WALLABY J130757-193648,NGC 5044 TR3,NGC5044,19,pass,,False,13,0.6299315258678816,78.000000000156,36x42,105x36x42,252,6.000000000012,116112.921875,42,https://ws.cadc-ccda.hia-iha.nrc-cnrc.gc.ca/data/pub/WALLABY/WALLABY_J130757-193648_NGC_5044_TR3_mom0.fits,https://ws.cadc-ccda.hia-iha.nrc-cnrc.gc.ca/data/pub/WALLABY/WALLABY_J130757-193648_NGC_5044_TR3_mask.fits,1b95fb83bf21df12dba71af45c99f807af501401520b9646fa170b3fb6f4b0b0,ce50b6a0f27d5e8f9677712e4d31bdc3329eb1f4bf7f39c5babe4b45a6544c35,20160,172800
WALLABY J130758-121123,NGC 5044 TR3,NGC5044,9,profile_rejected,negative source annular moment-0 weight; no clipping is allowed,False,,,,49x43,118x49x43,499,6.000000000012,249874.0625,76,https://ws.cadc-ccda.hia-iha.nrc-cnrc.gc.ca/data/pub/WALLABY/WALLABY_J130758-121123_NGC_5044_TR3_mom0.fits,https://ws.cadc-ccda.hia-iha.nrc-cnrc.gc.ca/data/pub/WALLABY/WALLABY_J130758-121123_NGC_5044_TR3_mask.fits,6e9daa164649b2d027ef2bef2ed6db6f7b68123eb4adfcfca2b910266fcc4307,0ba5d6877eef1c0a7675aabb94f4760b93d9e969a1e8dc16d02c02d5a559955e,20160,262080
WALLABY J130759-180456,NGC 5044 TR3,NGC5044,0,pass,,False,13,0.8982871776041609,78.000000000156,43x40,88x43x40,334,6.000000000012,178718.34375,27,https://ws.cadc-ccda.hia-iha.nrc-cnrc.gc.ca/data/pub/WALLABY/WALLABY_J130759-180456_NGC_5044_TR3_mom0.fits,https://ws.cadc-ccda.hia-iha.nrc-cnrc.gc.ca/data/pub/WALLABY/WALLABY_J130759-180456_NGC_5044_TR3_mask.fits,bcafd028096a4b4fbf3ecc1a7d0a53f06c0ba5d7034ae0c1ee08f6e9afd587e5,e1f91037d84a29b9e77ee48b4a356a82745013919ea699c273a2df6cfeb40e45,20160,164160
WALLABY J130801-203117,NGC 5044 TR3,NGC5044,20,profile_rejected,negative source annular moment-0 weight; no clipping is allowed,False,,,,41x43,77x41x43,323,6.000000000012,231727.25,53,https://ws.cadc-ccda.hia-iha.nrc-cnrc.gc.ca/data/pub/WALLABY/WALLABY_J130801-203117_NGC_5044_TR3_mom0.fits,https://ws.cadc-ccda.hia-iha.nrc-cnrc.gc.ca/data/pub/WALLABY/WALLABY_J130801-203117_NGC_5044_TR3_mask.fits,a38393ac9e4d057e1044399966656a0edd880a696603607ae665229209ec4474,afd82e1e08c8273fbf617ebc3e7fe9ce9c44115c6bbb7510c61139e993aa5d26,20160,149760
WALLABY J130806-174547,NGC 5044 TR3,NGC5044,17,profile_rejected,negative source annular moment-0 weight; no clipping is allowed,False,,,,36x43,60x36x43,296,6.000000000012,165516.3125,54,https://ws.cadc-ccda.hia-iha.nrc-cnrc.gc.ca/data/pub/WALLABY/WALLABY_J130806-174547_NGC_5044_TR3_mom0.fits,https://ws.cadc-ccda.hia-iha.nrc-cnrc.gc.ca/data/pub/WALLABY/WALLABY_J130806-174547_NGC_5044_TR3_mask.fits,bb9cebdc3770ebff3c77de94f6185a6cc46837e1ced5d3d7b0635d26de1e884a,b9bc6364db0a52eac63b7ef88050ace02436b57120cb3cfb5e2a30cf79d59af0,20160,106560
WALLABY J130808-120042,NGC 5044 TR3,NGC5044,20,profile_rejected,negative source annular moment-0 weight; no clipping is allowed,False,,,,53x40,101x53x40,426,6.000000000012,192940.75,89,https://ws.cadc-ccda.hia-iha.nrc-cnrc.gc.ca/data/pub/WALLABY/WALLABY_J130808-120042_NGC_5044_TR3_mom0.fits,https://ws.cadc-ccda.hia-iha.nrc-cnrc.gc.ca/data/pub/WALLABY/WALLABY_J130808-120042_NGC_5044_TR3_mask.fits,e25e17b41a21fc14f169955b183befbb6130635b0fedbb8643e7cd274cd0679e,4cb41e9dc2ae3a1c2676c678711aa9fd4a29958466b26e816d4a24197da0ef0e,20160,227520
WALLABY J130812-145720,NGC 5044 TR3,NGC5044,2,pass,,False,15,0.6826770077015718,90.00000000018001,35x42,73x35x42,190,6.000000000012,49119.5,36,https://ws.cadc-ccda.hia-iha.nrc-cnrc.gc.ca/data/pub/WALLABY/WALLABY_J130812-145720_NGC_5044_TR3_mom0.fits,https://ws.cadc-ccda.hia-iha.nrc-cnrc.gc.ca/data/pub/WALLABY/WALLABY_J130812-145720_NGC_5044_TR3_mask.fits,c351c2baba379d01a550acc51e748e81bea7d2a2a2779da65cc45d668f64016e,cce169d12b7d62c87af441698b79cda6798f31ef3e132cd218293045c4571776,20160,120960
WALLABY J130813-120248,NGC 5044 TR3,NGC5044,20,pass,,False,12,0.8468725561620087,72.000000000144,40x36,71x40x36,226,6.000000000012,93292.484375,28,https://ws.cadc-ccda.hia-iha.nrc-cnrc.gc.ca/data/pub/WALLABY/WALLABY_J130813-120248_NGC_5044_TR3_mom0.fits,https://ws.cadc-ccda.hia-iha.nrc-cnrc.gc.ca/data/pub/WALLABY/WALLABY_J130813-120248_NGC_5044_TR3_mask.fits,6083d34bee214c39fd9f697156406cf2d3a63753692a3c648fe832d2ff4157e9,e9dc519b138a283f36ed60395cdbb54a789c80293b22e3a43cd3bc6b5e3238aa,17280,115200
WALLABY J130813-161425,NGC 5044 TR3,NGC5044,11,profile_rejected,negative source annular moment-0 weight; no clipping is allowed,False,,,,39x40,73x39x40,291,6.000000000012,128944.640625,59,https://ws.cadc-ccda.hia-iha.nrc-cnrc.gc.ca/data/pub/WALLABY/WALLABY_J130813-161425_NGC_5044_TR3_mom0.fits,https://ws.cadc-ccda.hia-iha.nrc-cnrc.gc.ca/data/pub/WALLABY/WALLABY_J130813-161425_NGC_5044_TR3_mask.fits,595bbf2919842602d849f0246e90e758034272bd3c86b990eff88f37b60e5ef9,7a4aa7d3e48e2a162d4e3e53869ea7e7b489537c125b390f9ef604ef42d6d91e,20160,126720
WALLABY J130815-210002,NGC 5044 TR3,NGC5044,15,pass,,False,31,0.34963644813340883,186.000000000372,55x38,86x55x38,519,6.000000000012,425481.5,81,https://ws.cadc-ccda.hia-iha.nrc-cnrc.gc.ca/data/pub/WALLABY/WALLABY_J130815-210002_NGC_5044_TR3_mom0.fits,https://ws.cadc-ccda.hia-iha.nrc-cnrc.gc.ca/data/pub/WALLABY/WALLABY_J130815-210002_NGC_5044_TR3_mask.fits,08059a3380e44d3f301cd2cde658403b7436381fccf9120c363a54a6c9f0e710,b92e2430b059d5df93a325d88dcbf4f16962989bd0ea3a7b4874f261f22f31f0,20160,192960
WALLABY J130821-185647,NGC 5044 TR3,NGC5044,14,pass,,False,19,0.3931438225221911,114.000000000228,35x44,98x35x44,267,6.000000000012,78732.828125,35,https://ws.cadc-ccda.hia-iha.nrc-cnrc.gc.ca/data/pub/WALLABY/WALLABY_J130821-185647_NGC_5044_TR3_mom0.fits,https://ws.cadc-ccda.hia-iha.nrc-cnrc.gc.ca/data/pub/WALLABY/WALLABY_J130821-185647_NGC_5044_TR3_mask.fits,0d0eaec91fa8a1548f36b45e329092f82d794e6ccd629667bf292cec59006926,c5b422ae3eb2b46be04ead8c231e78ab98768254c342d31cf9e663937838a264,20160,164160
WALLABY J130825-194130,NGC 5044 TR3,NGC5044,21,pass,,False,18,0.7548228542172022,108.000000000216,43x46,80x43x46,470,6.000000000012,203818.59375,61,https://ws.cadc-ccda.hia-iha.nrc-cnrc.gc.ca/data/pub/WALLABY/WALLABY_J130825-194130_NGC_5044_TR3_mom0.fits,https://ws.cadc-ccda.hia-iha.nrc-cnrc.gc.ca/data/pub/WALLABY/WALLABY_J130825-194130_NGC_5044_TR3_mask.fits,3150ebb94ae5d6544ff2c061e31c09f1a6829d60e2b62bf5eec429a9e2c1612a,4aa8964ecdf73aa25c64bf2f95232f5d03d834bac8ade70017c3be6be406cf9b,20160,169920
WALLABY J130828-150130,NGC 5044 TR3,NGC5044,12,profile_rejected,negative source annular moment-0 weight; no clipping is allowed,False,,,,37x39,93x37x39,259,6.000000000012,137277.328125,48,https://ws.cadc-ccda.hia-iha.nrc-cnrc.gc.ca/data/pub/WALLABY/WALLABY_J130828-150130_NGC_5044_TR3_mom0.fits,https://ws.cadc-ccda.hia-iha.nrc-cnrc.gc.ca/data/pub/WALLABY/WALLABY_J130828-150130_NGC_5044_TR3_mask.fits,cd955312384c21dbc2608f5839c78dbe966ea484fa244dc5a8fffbb28301d9e3,713eed6c46beb0f750167370574ae2d6fe156cb6d380dcdd8adad7437cc40298,20160,146880
WALLABY J130829-204924,NGC 5044 TR3,NGC5044,18,pass,,False,11,0.8510977634947372,66.000000000132,38x37,56x38x37,234,6.000000000012,113980.140625,33,https://ws.cadc-ccda.hia-iha.nrc-cnrc.gc.ca/data/pub/WALLABY/WALLABY_J130829-204924_NGC_5044_TR3_mom0.fits,https://ws.cadc-ccda.hia-iha.nrc-cnrc.gc.ca/data/pub/WALLABY/WALLABY_J130829-204924_NGC_5044_TR3_mask.fits,fcebfb19c1d22ea6195af964c69c42a64de0f3855235c6a6d9b7873142968479,2cc8f434c8143d22aa41c12c368cc334fe3b5f554bb2bf9a7fc097cdf076d6a4,17280,92160
WALLABY J130832-144904,NGC 5044 TR3,NGC5044,13,profile_rejected,negative source annular moment-0 weight; no clipping is allowed,False,,,,37x39,74x37x39,238,6.000000000012,121435.875,43,https://ws.cadc-ccda.hia-iha.nrc-cnrc.gc.ca/data/pub/WALLABY/WALLABY_J130832-144904_NGC_5044_TR3_mom0.fits,https://ws.cadc-ccda.hia-iha.nrc-cnrc.gc.ca/data/pub/WALLABY/WALLABY_J130832-144904_NGC_5044_TR3_mask.fits,ba417e7381bf4644c4692755c3f6095562a66acc3c3596ed06f2c8f5cbccb95c,c93054f874a3f433c5357daf6b8e5bd349cbe13fb34e2d15d0d9f414cc60a746,20160,120960
WALLABY J130835-143159,NGC 5044 TR3,NGC5044,15,profile_rejected,source radial support contains fewer than 8 pixel-scale annuli,False,,,,31x30,55x31x30,88,6.000000000012,21083.25,5,https://ws.cadc-ccda.hia-iha.nrc-cnrc.gc.ca/data/pub/WALLABY/WALLABY_J130835-143159_NGC_5044_TR3_mom0.fits,https://ws.cadc-ccda.hia-iha.nrc-cnrc.gc.ca/data/pub/WALLABY/WALLABY_J130835-143159_NGC_5044_TR3_mask.fits,280cc5cff09beaeefbd9cfb0788fa904c9a58dca154fa1e332708af265c26676,f54351c6851b5a1fa949e0e0fe857f4d5ea6866f0aa3c2bfb3517f9f1d02b7af,17280,63360
WALLABY J130837-155227,NGC 5044 TR3,NGC5044,3,profile_rejected,negative source annular moment-0 weight; no clipping is allowed,False,,,,34x34,58x34x34,149,6.000000000012,42727.5703125,28,https://ws.cadc-ccda.hia-iha.nrc-cnrc.gc.ca/data/pub/WALLABY/WALLABY_J130837-155227_NGC_5044_TR3_mom0.fits,https://ws.cadc-ccda.hia-iha.nrc-cnrc.gc.ca/data/pub/WALLABY/WALLABY_J130837-155227_NGC_5044_TR3_mask.fits,b556c73969f01d86ee5e850341c326c9cf334297d24a086a99ab452386b57b65,b81c0ed3d197cf75270930c53418ba3362557032d698790790d388520b658285,17280,80640
WALLABY J130838-164909,NGC 5044 TR3,NGC5044,2,profile_rejected,source radial support contains fewer than 8 pixel-scale annuli,False,,,,29x30,72x29x30,71,6.000000000012,35212.31640625,2,https://ws.cadc-ccda.hia-iha.nrc-cnrc.gc.ca/data/pub/WALLABY/WALLABY_J130838-164909_NGC_5044_TR3_mom0.fits,https://ws.cadc-ccda.hia-iha.nrc-cnrc.gc.ca/data/pub/WALLABY/WALLABY_J130838-164909_NGC_5044_TR3_mask.fits,e9266fbecd03498ebc9271a5c00ede6de65833df2c8573d2edbbb4c951a6666c,ef9facf6fe0154a90894eed534896028139d0e6aabd00d76eb6c87a90a55a563,17280,74880
WALLABY J130838-192128,NGC 5044 TR3,NGC5044,19,profile_rejected,negative source annular moment-0 weight; no clipping is allowed,False,,,,36x38,59x36x38,207,6.000000000012,98482.1015625,28,https://ws.cadc-ccda.hia-iha.nrc-cnrc.gc.ca/data/pub/WALLABY/WALLABY_J130838-192128_NGC_5044_TR3_mom0.fits,https://ws.cadc-ccda.hia-iha.nrc-cnrc.gc.ca/data/pub/WALLABY/WALLABY_J130838-192128_NGC_5044_TR3_mask.fits,e06c01f42c04b54f329ac7d0c3fd5baead4ce4dcb70c11d7123c6a1f30d8c7b4,201d4412247f3403e63685efa2e1cc5b3b304a69a3545a3e10cfc6ec3e84856e,17280,95040
WALLABY J130841-155908,NGC 5044 TR3,NGC5044,23,profile_rejected,negative source annular moment-0 weight; no clipping is allowed,False,,,,34x32,52x34x32,124,6.000000000012,50024.10546875,9,https://ws.cadc-ccda.hia-iha.nrc-cnrc.gc.ca/data/pub/WALLABY/WALLABY_J130841-155908_NGC_5044_TR3_mom0.fits,https://ws.cadc-ccda.hia-iha.nrc-cnrc.gc.ca/data/pub/WALLABY/WALLABY_J130841-155908_NGC_5044_TR3_mask.fits,5ec27449b7367cd2b96b422894792986103af0c27c1c803049ce3ad7a43e8754,1f08cdea794e5f80c32ffb34b69d174a2389c5caaef68991dcf0c1d14fcff76e,17280,69120
WALLABY J130846-175751,NGC 5044 TR3,NGC5044,4,pass,,False,11,0.8454625964625339,66.000000000132,39x38,111x39x38,245,6.000000000012,183971.734375,36,https://ws.cadc-ccda.hia-iha.nrc-cnrc.gc.ca/data/pub/WALLABY/WALLABY_J130846-175751_NGC_5044_TR3_mom0.fits,https://ws.cadc-ccda.hia-iha.nrc-cnrc.gc.ca/data/pub/WALLABY/WALLABY_J130846-175751_NGC_5044_TR3_mask.fits,e7ee86b776942f651a9d26bfc2ffa8f68feba39811b1d9f4ce0306c3bf494040,1f9f1ef2366ddba2831a6b66d33f1d338fbccda75de16b9beb2dd494d0746784,20160,178560
WALLABY J130850-125228,NGC 5044 TR3,NGC5044,13,profile_rejected,negative source annular moment-0 weight; no clipping is allowed,False,,,,43x34,60x43x34,245,6.000000000012,80695.21875,54,https://ws.cadc-ccda.hia-iha.nrc-cnrc.gc.ca/data/pub/WALLABY/WALLABY_J130850-125228_NGC_5044_TR3_mom0.fits,https://ws.cadc-ccda.hia-iha.nrc-cnrc.gc.ca/data/pub/WALLABY/WALLABY_J130850-125228_NGC_5044_TR3_mask.fits,6b73b4953f56d54e68b310237943dd54690942ff592c837098cb5b77e5b0ed76,55a5cbe853ea5dee09bd392c1c59c1f17dae66cd4519f1aa6c63c01e9bd572a4,20160,100800
WALLABY J130850-141531,NGC 5044 TR3,NGC5044,21,profile_rejected,negative source annular moment-0 weight; no clipping is allowed,False,,,,45x41,104x45x41,334,6.000000000012,125833.6484375,86,https://ws.cadc-ccda.hia-iha.nrc-cnrc.gc.ca/data/pub/WALLABY/WALLABY_J130850-141531_NGC_5044_TR3_mom0.fits,https://ws.cadc-ccda.hia-iha.nrc-cnrc.gc.ca/data/pub/WALLABY/WALLABY_J130850-141531_NGC_5044_TR3_mask.fits,971a99cf571cf983f921532c62a5ef2090f081d0b5a2d6544b4ece6e22e1c6a0,ed20ade5b4b330ac571f71f550f4b7692a5275fdad21a0aab4b149d9a6b8375d,20160,204480
WALLABY J130854-171416,NGC 5044 TR3,NGC5044,21,pass,,False,16,0.7549043035400936,96.000000000192,43x39,80x43x39,300,6.000000000012,140128.859375,57,https://ws.cadc-ccda.hia-iha.nrc-cnrc.gc.ca/data/pub/WALLABY/WALLABY_J130854-171416_NGC_5044_TR3_mom0.fits,https://ws.cadc-ccda.hia-iha.nrc-cnrc.gc.ca/data/pub/WALLABY/WALLABY_J130854-171416_NGC_5044_TR3_mask.fits,62bcb4395fba4ba0ca34ea29d3ecdceebc8e3b854b7edd6997d241616717a285,cff1db54c0ae0cd0e19c0166e36896d9dc373b6edc9af4a67ac753a2d45821cd,20160,146880
WALLABY J130857-153100,NGC 5044 TR3,NGC5044,9,pass,,False,26,0.5882715625336912,156.000000000312,62x44,111x62x44,681,6.000000000012,253046.21875,62,https://ws.cadc-ccda.hia-iha.nrc-cnrc.gc.ca/data/pub/WALLABY/WALLABY_J130857-153100_NGC_5044_TR3_mom0.fits,https://ws.cadc-ccda.hia-iha.nrc-cnrc.gc.ca/data/pub/WALLABY/WALLABY_J130857-153100_NGC_5044_TR3_mask.fits,40e8c97e71dd0df8932a06e31c85e84c6a72b40e3b7519d89ce34c1718cb9798,1a5d8c627b9e57aab64db860831b62e498a190327b669133528727bbd75beed2,23040,316800
WALLABY J130901-172115,NGC 5044 TR3,NGC5044,19,pass,,False,10,0.7650311100155329,60.000000000120004,35x35,49x35x35,166,6.000000000012,34521.05859375,10,https://ws.cadc-ccda.hia-iha.nrc-cnrc.gc.ca/data/pub/WALLABY/WALLABY_J130901-172115_NGC_5044_TR3_mom0.fits,https://ws.cadc-ccda.hia-iha.nrc-cnrc.gc.ca/data/pub/WALLABY/WALLABY_J130901-172115_NGC_5044_TR3_mask.fits,d6631e3c7642be55c3da1923a60471f34f83bfc11525c6010afcd78a7ffcbea5,dad0490abdeb4f4d595726930bc1d87133e01f846371a46fa00e4a3807e012d9,17280,72000
WALLABY J130906-170551,NGC 5044 TR3,NGC5044,5,profile_rejected,negative source annular moment-0 weight; no clipping is allowed,False,,,,36x35,52x36x35,170,6.000000000012,44092.640625,32,https://ws.cadc-ccda.hia-iha.nrc-cnrc.gc.ca/data/pub/WALLABY/WALLABY_J130906-170551_NGC_5044_TR3_mom0.fits,https://ws.cadc-ccda.hia-iha.nrc-cnrc.gc.ca/data/pub/WALLABY/WALLABY_J130906-170551_NGC_5044_TR3_mask.fits,59c4e49adffc34efc4e0248182a637fae19981472f4642b23c4b06a4c54b7ca2,192d7d97da7f0b316401397c1ea423eb8cd548d23af210d6c85c04f9da6ddce8,17280,77760
WALLABY J130906-172108,NGC 5044 TR3,NGC5044,22,profile_rejected,negative source annular moment-0 weight; no clipping is allowed,False,,,,33x36,56x33x36,167,6.000000000012,44897.7578125,14,https://ws.cadc-ccda.hia-iha.nrc-cnrc.gc.ca/data/pub/WALLABY/WALLABY_J130906-172108_NGC_5044_TR3_mom0.fits,https://ws.cadc-ccda.hia-iha.nrc-cnrc.gc.ca/data/pub/WALLABY/WALLABY_J130906-172108_NGC_5044_TR3_mask.fits,061549f64c92968c2c35e49415b5e7abd9a251e651f2d57b3574747cd3e49756,3784e808266202554a8a6810909da8ed8cdd0390b857893b3c9fdf24a49fb1db,17280,80640
WALLABY J130912-121116,NGC 5044 TR3,NGC5044,23,profile_rejected,negative source annular moment-0 weight; no clipping is allowed,False,,,,37x40,94x37x40,257,6.000000000012,139135.953125,50,https://ws.cadc-ccda.hia-iha.nrc-cnrc.gc.ca/data/pub/WALLABY/WALLABY_J130912-121116_NGC_5044_TR3_mom0.fits,https://ws.cadc-ccda.hia-iha.nrc-cnrc.gc.ca/data/pub/WALLABY/WALLABY_J130912-121116_NGC_5044_TR3_mask.fits,b4adb40a28bf6754d2753d9e06935b87ecf372e46734e907952aa2fa7433aa51,3a7c5ac945306bfe898d8f82e7d2e62b6194f551f13170c9177fa0f227d74ef3,20160,152640
WALLABY J130914-183640,NGC 5044 TR3,NGC5044,22,pass,,False,10,0.7024522550467743,60.000000000120004,34x34,58x34x34,143,6.000000000012,38666.8828125,19,https://ws.cadc-ccda.hia-iha.nrc-cnrc.gc.ca/data/pub/WALLABY/WALLABY_J130914-183640_NGC_5044_TR3_mom0.fits,https://ws.cadc-ccda.hia-iha.nrc-cnrc.gc.ca/data/pub/WALLABY/WALLABY_J130914-183640_NGC_5044_TR3_mask.fits,df98eabdce585ca083b5db86d8c316fa94a12858dd335d4dd92571dc1f9970e9,33693761c5f69bb0a7e5aec3e17e1861ffab7dc31d04e43afc003e8bf7051e82,17280,80640
WALLABY J130922-133559,NGC 5044 TR3,NGC5044,15,profile_rejected,negative source annular moment-0 weight; no clipping is allowed,False,,,,39x43,164x39x43,328,6.000000000012,266526.15625,79,https://ws.cadc-ccda.hia-iha.nrc-cnrc.gc.ca/data/pub/WALLABY/WALLABY_J130922-133559_NGC_5044_TR3_mom0.fits,https://ws.cadc-ccda.hia-iha.nrc-cnrc.gc.ca/data/pub/WALLABY/WALLABY_J130922-133559_NGC_5044_TR3_mask.fits,9b8005a5a7877f5d953dea4b0ed008b7ed130b0c5668c4682846007cc27d2656,539ab1cfe57ad8bf154bc94ed225efb5dd616f2cb81efc271ced9896b81319e1,20160,288000
WALLABY J130922-195223,NGC 5044 TR3,NGC5044,15,profile_rejected,negative source annular moment-0 weight; no clipping is allowed,False,,,,40x41,89x40x41,293,6.000000000012,245688.109375,47,https://ws.cadc-ccda.hia-iha.nrc-cnrc.gc.ca/data/pub/WALLABY/WALLABY_J130922-195223_NGC_5044_TR3_mom0.fits,https://ws.cadc-ccda.hia-iha.nrc-cnrc.gc.ca/data/pub/WALLABY/WALLABY_J130922-195223_NGC_5044_TR3_mask.fits,61397f4d06fc658800129f09ca2da35d2b9913a150e08beb0d97010b6b8c7ca3,0fd2ea3119bba48399075030c6861a6d51761af2e095be401691ce8658927217,20160,158400
WALLABY J130922-201247,NGC 5044 TR3,NGC5044,17,pass,,False,14,0.6550609733370056,84.000000000168,37x40,102x37x40,219,6.000000000012,137677.5,18,https://ws.cadc-ccda.hia-iha.nrc-cnrc.gc.ca/data/pub/WALLABY/WALLABY_J130922-201247_NGC_5044_TR3_mom0.fits,https://ws.cadc-ccda.hia-iha.nrc-cnrc.gc.ca/data/pub/WALLABY/WALLABY_J130922-201247_NGC_5044_TR3_mask.fits,92bf2fac82461ecfc1a99720f39d422ad1650288c2b26f4bc7c48a16a913b849,5ed2c5f1e22f55ae1c0bf3c6a1dcc2003d89e68cb4559bceb5107ca6f1119c74,20160,164160
WALLABY J130924-183226,NGC 5044 TR3,NGC5044,1,pass,,False,16,0.6337487039303674,96.000000000192,35x40,95x35x40,192,6.000000000012,51049.2734375,20,https://ws.cadc-ccda.hia-iha.nrc-cnrc.gc.ca/data/pub/WALLABY/WALLABY_J130924-183226_NGC_5044_TR3_mom0.fits,https://ws.cadc-ccda.hia-iha.nrc-cnrc.gc.ca/data/pub/WALLABY/WALLABY_J130924-183226_NGC_5044_TR3_mask.fits,05ac69b48167c7757d850e50e7d90e2d7d47aba7da1dd9f19b4de238954b33c2,b73fe0efbc9f5506d4dcbf4a4d2ff67fe7978cda93c8dfae70ee220072ed20f8,17280,146880
WALLABY J130925-155810,NGC 5044 TR3,NGC5044,0,profile_rejected,negative source annular moment-0 weight; no clipping is allowed,False,,,,37x37,58x37x37,223,6.000000000012,65570.1328125,42,https://ws.cadc-ccda.hia-iha.nrc-cnrc.gc.ca/data/pub/WALLABY/WALLABY_J130925-155810_NGC_5044_TR3_mom0.fits,https://ws.cadc-ccda.hia-iha.nrc-cnrc.gc.ca/data/pub/WALLABY/WALLABY_J130925-155810_NGC_5044_TR3_mask.fits,22aa96e51b0508b63d45c838ea1cb18c2c9c0c847419eef94f982a3261d0899d,5c60d866bd80b5c5fab93b1a020498ee93ce00d04584498c0208a3b75c527b47,17280,92160
WALLABY J130932-145705,NGC 5044 TR3,NGC5044,15,pass,,False,15,0.6055007654742388,90.00000000018001,33x42,48x33x42,222,6.000000000012,34930.8515625,15,https://ws.cadc-ccda.hia-iha.nrc-cnrc.gc.ca/data/pub/WALLABY/WALLABY_J130932-145705_NGC_5044_TR3_mom0.fits,https://ws.cadc-ccda.hia-iha.nrc-cnrc.gc.ca/data/pub/WALLABY/WALLABY_J130932-145705_NGC_5044_TR3_mask.fits,d15110b19ed104281a959bdb7eb3e4326b47a6549de83bbdda4ce1e96975d4de,2d4dbf6e2747c64dda0ff6e549712615ec00d5e4f1b9398d96371fc52f1f2982,17280,80640
WALLABY J130934-145427,NGC 5044 TR3,NGC5044,19,pass,,False,10,0.8368145457724838,60.000000000120004,33x35,54x33x35,143,6.000000000012,40721.9453125,18,https://ws.cadc-ccda.hia-iha.nrc-cnrc.gc.ca/data/pub/WALLABY/WALLABY_J130934-145427_NGC_5044_TR3_mom0.fits,https://ws.cadc-ccda.hia-iha.nrc-cnrc.gc.ca/data/pub/WALLABY/WALLABY_J130934-145427_NGC_5044_TR3_mask.fits,3262378628d0a9fc4fc6ef398a381675103ef6df1ed4321df6090dfdf3db8a25,e42ca400a9fffe075625c76e4b450b68fad1d15688f43650e217346a86dd282f,17280,74880
WALLABY J130934-165107,NGC 5044 TR3,NGC5044,11,profile_rejected,negative source annular moment-0 weight; no clipping is allowed,False,,,,40x38,99x40x38,227,6.000000000012,120062.09375,57,https://ws.cadc-ccda.hia-iha.nrc-cnrc.gc.ca/data/pub/WALLABY/WALLABY_J130934-165107_NGC_5044_TR3_mom0.fits,https://ws.cadc-ccda.hia-iha.nrc-cnrc.gc.ca/data/pub/WALLABY/WALLABY_J130934-165107_NGC_5044_TR3_mask.fits,eff1bea85031eecf6b4db9b6c4e1bf0e250c802c302224c1bf99b9ddfb1555dc,dd57911dc20908b41a28a6243d84472422826bdf49a56f7f1311815359cb9700,20160,164160
WALLABY J130935-124738,NGC 5044 TR3,NGC5044,20,profile_rejected,source radial support contains fewer than 8 pixel-scale annuli,False,,,,32x31,50x32x31,100,6.000000000012,25293.142578125,6,https://ws.cadc-ccda.hia-iha.nrc-cnrc.gc.ca/data/pub/WALLABY/WALLABY_J130935-124738_NGC_5044_TR3_mom0.fits,https://ws.cadc-ccda.hia-iha.nrc-cnrc.gc.ca/data/pub/WALLABY/WALLABY_J130935-124738_NGC_5044_TR3_mask.fits,2bece14b743a4107abf046b59eee9135d0a5f6fbcff3c84631203edf3186b85d,b2bb505b9a2dddabf1439a4c46472d11a2a9e2008c01ce9c3328ae52be7a4a90,17280,63360
WALLABY J130937-102944,NGC 5044 TR3,NGC5044,4,profile_rejected,negative source annular moment-0 weight; no clipping is allowed,False,,,,39x38,105x39x38,257,6.000000000012,157430.609375,16,https://ws.cadc-ccda.hia-iha.nrc-cnrc.gc.ca/data/pub/WALLABY/WALLABY_J130937-102944_NGC_5044_TR3_mom0.fits,https://ws.cadc-ccda.hia-iha.nrc-cnrc.gc.ca/data/pub/WALLABY/WALLABY_J130937-102944_NGC_5044_TR3_mask.fits,5a75160776bf7fbae4ed7a906c9ef1a5073673d54f5420b39ae026de0392458f,f6b50c519de7a571ef5af1529432ad86686b13d40719d87ba386bb4f81e5b5be,20160,169920
WALLABY J130937-150616,NGC 5044 TR3,NGC5044,21,pass,,False,11,0.7905802163372231,66.000000000132,36x36,90x36x36,179,6.000000000012,43558.6953125,12,https://ws.cadc-ccda.hia-iha.nrc-cnrc.gc.ca/data/pub/WALLABY/WALLABY_J130937-150616_NGC_5044_TR3_mom0.fits,https://ws.cadc-ccda.hia-iha.nrc-cnrc.gc.ca/data/pub/WALLABY/WALLABY_J130937-150616_NGC_5044_TR3_mask.fits,71ae11222e37cc4839ac1fd80c932eab4d45bf4a49f833f40c6f097e608226d5,2aabb5136baf441b9fbffc863ea0471d1c5e7a51aa40a373cb95f613fb2689b6,17280,129600
WALLABY J130938-155416,NGC 5044 TR3,NGC5044,23,profile_rejected,negative source annular moment-0 weight; no clipping is allowed,False,,,,36x33,82x36x33,173,6.000000000012,84286.0390625,35,https://ws.cadc-ccda.hia-iha.nrc-cnrc.gc.ca/data/pub/WALLABY/WALLABY_J130938-155416_NGC_5044_TR3_mom0.fits,https://ws.cadc-ccda.hia-iha.nrc-cnrc.gc.ca/data/pub/WALLABY/WALLABY_J130938-155416_NGC_5044_TR3_mask.fits,364da43a034d4bc9c42c5a43b751d318e5d372cd5f1af007e112f59d3e9416d4,a55b6ad2a3e56b4151161ecdd2f9cb3b87f07c2752a85c9e02ddd58daf59e892,17280,109440
WALLABY J130939-135908,NGC 5044 TR3,NGC5044,7,pass,,False,8,0.8506549928697372,48.000000000096,33x32,72x33x32,113,6.000000000012,43298.8359375,15,https://ws.cadc-ccda.hia-iha.nrc-cnrc.gc.ca/data/pub/WALLABY/WALLABY_J130939-135908_NGC_5044_TR3_mom0.fits,https://ws.cadc-ccda.hia-iha.nrc-cnrc.gc.ca/data/pub/WALLABY/WALLABY_J130939-135908_NGC_5044_TR3_mask.fits,cf900a7e1c23275b21916e96d26714e5bd7d6c57645441bc62ada461bcc62acc,4836cb2eeaf8f36a2395e54d3501bf6f0ecbcd498a52940f0a44769c49470414,17280,89280
WALLABY J130941-132855,NGC 5044 TR3,NGC5044,20,pass,,False,10,0.7370734418143147,60.000000000120004,34x37,77x34x37,180,6.000000000012,47490.5390625,33,https://ws.cadc-ccda.hia-iha.nrc-cnrc.gc.ca/data/pub/WALLABY/WALLABY_J130941-132855_NGC_5044_TR3_mom0.fits,https://ws.cadc-ccda.hia-iha.nrc-cnrc.gc.ca/data/pub/WALLABY/WALLABY_J130941-132855_NGC_5044_TR3_mask.fits,023084d39592b7bd9023d58305d07dfb6dc8556f785d5d00cffef308c93e7306,ce879a8449e4fd2f18e313faabd05acc807ab842cea5f7f66a3db37bb67d05f3,17280,109440
WALLABY J130941-145553,NGC 5044 TR3,NGC5044,19,pass,,False,10,0.6756671373069427,60.000000000120004,31x36,43x31x36,127,6.000000000012,27113.513671875,8,https://ws.cadc-ccda.hia-iha.nrc-cnrc.gc.ca/data/pub/WALLABY/WALLABY_J130941-145553_NGC_5044_TR3_mom0.fits,https://ws.cadc-ccda.hia-iha.nrc-cnrc.gc.ca/data/pub/WALLABY/WALLABY_J130941-145553_NGC_5044_TR3_mask.fits,d2697398942639c7a255724945e10a5f524beb79f2ea039fc0ace4ed93f7c531,ea2512476cfb87e9e6eee54fb4055433b56165f12c3bf208aa1b7eb6833d5d42,17280,60480
WALLABY J130945-124014,NGC 5044 TR3,NGC5044,12,profile_rejected,negative source annular moment-0 weight; no clipping is allowed,False,,,,33x39,138x33x39,161,6.000000000012,50734.16015625,25,https://ws.cadc-ccda.hia-iha.nrc-cnrc.gc.ca/data/pub/WALLABY/WALLABY_J130945-124014_NGC_5044_TR3_mom0.fits,https://ws.cadc-ccda.hia-iha.nrc-cnrc.gc.ca/data/pub/WALLABY/WALLABY_J130945-124014_NGC_5044_TR3_mask.fits,95225991c6dd8defba714a8ca63515208576ac3f9546e5cbcd5214d006ee1de7,470a5d265304e69a135f2103ff73a1e965d0b8f995503a4aa5467215602de612,17280,190080
WALLABY J130946-162959,NGC 5044 TR3,NGC5044,21,profile_rejected,negative source annular moment-0 weight; no clipping is allowed,False,,,,44x45,69x44x45,310,6.000000000012,39386.65234375,113,https://ws.cadc-ccda.hia-iha.nrc-cnrc.gc.ca/data/pub/WALLABY/WALLABY_J130946-162959_NGC_5044_TR3_mom0.fits,https://ws.cadc-ccda.hia-iha.nrc-cnrc.gc.ca/data/pub/WALLABY/WALLABY_J130946-162959_NGC_5044_TR3_mask.fits,25214e99e92894430c492b888c4011a6e2b854a748f3f479ae4770ce45b120d6,b96e687943454e51dad7973034a7f2a44f99760478973d223298c6ec0176408a,20160,149760
WALLABY J130947-101916,NGC 5044 TR3,NGC5044,4,pass,,False,23,0.7103858246691018,138.000000000276,61x53,89x61x53,1004,6.000000000012,1063514.125,39,https://ws.cadc-ccda.hia-iha.nrc-cnrc.gc.ca/data/pub/WALLABY/WALLABY_J130947-101916_NGC_5044_TR3_mom0.fits,https://ws.cadc-ccda.hia-iha.nrc-cnrc.gc.ca/data/pub/WALLABY/WALLABY_J130947-101916_NGC_5044_TR3_mask.fits,92737e10b16548e2544dcaff832c90dffc3e6a5f9ca4b710ad113f151e50b9a5,d3c89ba40038d9c834094b5bb2f8e25665d8ec0d56199bba1037dc5a07c4b370,25920,299520
WALLABY J130947-171234,NGC 5044 TR3,NGC5044,22,pass,,False,12,0.7634336328031767,72.000000000144,37x40,74x37x40,242,6.000000000012,107081.375,26,https://ws.cadc-ccda.hia-iha.nrc-cnrc.gc.ca/data/pub/WALLABY/WALLABY_J130947-171234_NGC_5044_TR3_mom0.fits,https://ws.cadc-ccda.hia-iha.nrc-cnrc.gc.ca/data/pub/WALLABY/WALLABY_J130947-171234_NGC_5044_TR3_mask.fits,d4e2a2b0a49fd96bb4124bb0836523cb7c2540c11ea72769f53e050c289e99e2,f580cc7af8b999a1f16d880aef3bbd5189ecd75b9475f152ce0a37d356c1df58,20160,123840
WALLABY J130950-212052,NGC 5044 TR3,NGC5044,21,profile_rejected,negative source annular moment-0 weight; no clipping is allowed,False,,,,38x38,57x38x38,248,6.000000000012,95184.5078125,46,https://ws.cadc-ccda.hia-iha.nrc-cnrc.gc.ca/data/pub/WALLABY/WALLABY_J130950-212052_NGC_5044_TR3_mom0.fits,https://ws.cadc-ccda.hia-iha.nrc-cnrc.gc.ca/data/pub/WALLABY/WALLABY_J130950-212052_NGC_5044_TR3_mask.fits,097d71c8fabd078520d3baa8cfda37872bfc496a0588f117cf6caa99365f9117,f24b76d15b574e219238cadd860898622b946f281b41d59f6ec48f5c35effb64,20160,95040
WALLABY J130954-104332,NGC 5044 TR3,NGC5044,8,pass,,False,21,0.7034454326665558,126.000000000252,52x44,104x52x44,520,6.000000000012,321702.8125,85,https://ws.cadc-ccda.hia-iha.nrc-cnrc.gc.ca/data/pub/WALLABY/WALLABY_J130954-104332_NGC_5044_TR3_mom0.fits,https://ws.cadc-ccda.hia-iha.nrc-cnrc.gc.ca/data/pub/WALLABY/WALLABY_J130954-104332_NGC_5044_TR3_mask.fits,42fb99b13102b806ca9e352e36e07669844a8e66b9a789f64aafbc2dca945a79,43caf492349f7b0624fd6d980eddad296b7fa5053590146402ac026d963d5699,23040,250560
WALLABY J130958-171937,NGC 5044 TR3,NGC5044,11,pass,,False,9,0.8641755115986463,54.000000000108,35x36,53x35x36,185,6.000000000012,65737.40625,11,https://ws.cadc-ccda.hia-iha.nrc-cnrc.gc.ca/data/pub/WALLABY/WALLABY_J130958-171937_NGC_5044_TR3_mom0.fits,https://ws.cadc-ccda.hia-iha.nrc-cnrc.gc.ca/data/pub/WALLABY/WALLABY_J130958-171937_NGC_5044_TR3_mask.fits,9fb18ab19daefd0399144ea0f1fcb152557202e42f017ef7bd0021b573504607,56892ddff1651d7d0bd3d62c6d84a9844238f056944205f9f36aace59bdc1f84,17280,80640
WALLABY J130959-155357,NGC 5044 TR3,NGC5044,8,profile_rejected,negative source annular moment-0 weight; no clipping is allowed,False,,,,36x36,60x36x36,148,6.000000000012,30942.21875,36,https://ws.cadc-ccda.hia-iha.nrc-cnrc.gc.ca/data/pub/WALLABY/WALLABY_J130959-155357_NGC_5044_TR3_mom0.fits,https://ws.cadc-ccda.hia-iha.nrc-cnrc.gc.ca/data/pub/WALLABY/WALLABY_J130959-155357_NGC_5044_TR3_mask.fits,666bc11707cfd6f876bb7c66496e3fd0f0d754296d6f583f407ace7e88fa6f39,00fc528b276c992b45297f59f873c712e5e2351b89751a789624b2e58817b246,17280,89280
WALLABY J131001-162607,NGC 5044 TR3,NGC5044,0,pass,,False,10,0.8485781982583632,60.000000000120004,37x37,58x37x37,221,6.000000000012,67727.625,17,https://ws.cadc-ccda.hia-iha.nrc-cnrc.gc.ca/data/pub/WALLABY/WALLABY_J131001-162607_NGC_5044_TR3_mom0.fits,https://ws.cadc-ccda.hia-iha.nrc-cnrc.gc.ca/data/pub/WALLABY/WALLABY_J131001-162607_NGC_5044_TR3_mask.fits,be426d2699f211b01255c7cf3235076ae845b54b36e0de3b6e759d6ca8be0c97,a4242fa6ba463490aad5fa9cc41697bf71d96c7f276cbc68e491b341ccdc57d3,17280,92160
WALLABY J131009-121223,NGC 5044 TR3,NGC5044,5,pass,,False,11,0.7307751251774328,66.000000000132,37x32,52x37x32,150,6.000000000012,46102.3203125,24,https://ws.cadc-ccda.hia-iha.nrc-cnrc.gc.ca/data/pub/WALLABY/WALLABY_J131009-121223_NGC_5044_TR3_mom0.fits,https://ws.cadc-ccda.hia-iha.nrc-cnrc.gc.ca/data/pub/WALLABY/WALLABY_J131009-121223_NGC_5044_TR3_mask.fits,5b74a07c56fc4774f8f46edb7a7e4a0825116252487db028423cb3e18295a722,751a9007dfdc445b5c89831c17ef2275f8a79b4711ca0f55bc7a567bca58b6a2,17280,74880
WALLABY J131011-112257,NGC 5044 TR3,NGC5044,16,profile_rejected,negative source annular moment-0 weight; no clipping is allowed,False,,,,43x45,74x43x45,351,6.000000000012,121685.765625,63,https://ws.cadc-ccda.hia-iha.nrc-cnrc.gc.ca/data/pub/WALLABY/WALLABY_J131011-112257_NGC_5044_TR3_mom0.fits,https://ws.cadc-ccda.hia-iha.nrc-cnrc.gc.ca/data/pub/WALLABY/WALLABY_J131011-112257_NGC_5044_TR3_mask.fits,fed13b415ca0c911a4ee246befe135985e9860987e3357805b3801d590157100,ede17a99481d8dc88415d6608e2c0c6a1fd5ccf6509f26a810f277acedba7079,20160,155520
WALLABY J131017-171323,NGC 5044 TR3,NGC5044,20,pass,,False,11,0.575509023820397,66.000000000132,33x35,128x33x35,133,6.000000000012,38696.0859375,5,https://ws.cadc-ccda.hia-iha.nrc-cnrc.gc.ca/data/pub/WALLABY/WALLABY_J131017-171323_NGC_5044_TR3_mom0.fits,https://ws.cadc-ccda.hia-iha.nrc-cnrc.gc.ca/data/pub/WALLABY/WALLABY_J131017-171323_NGC_5044_TR3_mask.fits,e2efd79ae6e7942563ebe0dc6e6c782be41055516684f4f19608f5ef1d33f166,1c8db7fcafbc2381fad674fcdd2e3aa5380b4308e07409db896c785b71b97063,17280,161280
WALLABY J131021-214424,NGC 5044 TR3,NGC5044,15,pass,,False,11,0.7345817161768693,66.000000000132,36x37,70x36x37,209,6.000000000012,183565.90625,36,https://ws.cadc-ccda.hia-iha.nrc-cnrc.gc.ca/data/pub/WALLABY/WALLABY_J131021-214424_NGC_5044_TR3_mom0.fits,https://ws.cadc-ccda.hia-iha.nrc-cnrc.gc.ca/data/pub/WALLABY/WALLABY_J131021-214424_NGC_5044_TR3_mask.fits,de550cb6113c60b40976031f345ee422a96eafba28acf7ea331cbbf1da72c87f,33e3063ecbd4a8d407d079479ddec4adaabe7ca4cd3e890b374f0e181cfde675,17280,106560
WALLABY J131024-114121,NGC 5044 TR3,NGC5044,2,profile_rejected,negative source annular moment-0 weight; no clipping is allowed,False,,,,41x42,90x41x42,296,6.000000000012,147108.40625,39,https://ws.cadc-ccda.hia-iha.nrc-cnrc.gc.ca/data/pub/WALLABY/WALLABY_J131024-114121_NGC_5044_TR3_mom0.fits,https://ws.cadc-ccda.hia-iha.nrc-cnrc.gc.ca/data/pub/WALLABY/WALLABY_J131024-114121_NGC_5044_TR3_mask.fits,c134720378995a775f531f025a8dc54d9d718ae5a19124bbea3979634c425a41,2a64e8823fd04480b0ed18a9119b88d1f1b92644410c303eee726a49f4a2e2d3,20160,167040
WALLABY J131025-165550,NGC 5044 TR3,NGC5044,7,pass,,False,14,0.6402526633961775,84.000000000168,42x38,85x42x38,293,6.000000000012,152277.359375,28,https://ws.cadc-ccda.hia-iha.nrc-cnrc.gc.ca/data/pub/WALLABY/WALLABY_J131025-165550_NGC_5044_TR3_mom0.fits,https://ws.cadc-ccda.hia-iha.nrc-cnrc.gc.ca/data/pub/WALLABY/WALLABY_J131025-165550_NGC_5044_TR3_mask.fits,c78cb7e65152fb553b0bcfa6595babfd1b341c9d6e7d779bacb5d1aae10db187,01872360b1834e57e07316b7a10c1edbe4cbc3a4f84f90bc30ac1eb33b0c3ca9,20160,149760
WALLABY J131026-153614,NGC 5044 TR3,NGC5044,17,profile_rejected,negative source annular moment-0 weight; no clipping is allowed,False,,,,45x32,72x45x32,203,6.000000000012,54555.7109375,25,https://ws.cadc-ccda.hia-iha.nrc-cnrc.gc.ca/data/pub/WALLABY/WALLABY_J131026-153614_NGC_5044_TR3_mom0.fits,https://ws.cadc-ccda.hia-iha.nrc-cnrc.gc.ca/data/pub/WALLABY/WALLABY_J131026-153614_NGC_5044_TR3_mask.fits,9c972b34b0139f75d5396b479f75b9dc097a5de68b1e2c510378ef2158a422ee,7927e558fff9920d36edb268935a5772b674208f85646602df13a34d36f773cf,17280,115200
WALLABY J131029-213510,NGC 5044 TR3,NGC5044,12,pass,,False,26,0.6064070626030927,156.000000000312,48x51,104x48x51,538,6.000000000012,489382.46875,73,https://ws.cadc-ccda.hia-iha.nrc-cnrc.gc.ca/data/pub/WALLABY/WALLABY_J131029-213510_NGC_5044_TR3_mom0.fits,https://ws.cadc-ccda.hia-iha.nrc-cnrc.gc.ca/data/pub/WALLABY/WALLABY_J131029-213510_NGC_5044_TR3_mask.fits,cd85104fc331e539ef8046b6f2692648bed00fabc6b2fca23f57aa5f215f0ab3,2f2beef037433cd0f4bf35c6b5d80a7cd096ce4c444c331edb6cbda2fcb2ebd2,23040,267840
WALLABY J131030-171159,NGC 5044 TR3,NGC5044,14,profile_rejected,source radial support contains fewer than 8 pixel-scale annuli,False,,,,30x27,43x30x27,51,6.000000000012,23032.037109375,0,https://ws.cadc-ccda.hia-iha.nrc-cnrc.gc.ca/data/pub/WALLABY/WALLABY_J131030-171159_NGC_5044_TR3_mom0.fits,https://ws.cadc-ccda.hia-iha.nrc-cnrc.gc.ca/data/pub/WALLABY/WALLABY_J131030-171159_NGC_5044_TR3_mask.fits,45f432b597f28e13b8051b459054c3efadfb82e9332bfa836cd4cb9e697a25e1,7af9daa15b047470f3c1a8f9d13c8f81e0d0beb362370c0ec5e03c67a2085fed,17280,48960
WALLABY J131032-172527,NGC 5044 TR3,NGC5044,5,pass,,False,15,0.7726511068401487,90.00000000018001,40x43,103x40x43,324,6.000000000012,95187.203125,18,https://ws.cadc-ccda.hia-iha.nrc-cnrc.gc.ca/data/pub/WALLABY/WALLABY_J131032-172527_NGC_5044_TR3_mom0.fits,https://ws.cadc-ccda.hia-iha.nrc-cnrc.gc.ca/data/pub/WALLABY/WALLABY_J131032-172527_NGC_5044_TR3_mask.fits,74c38ffb9d6ccecc4aaeeae7cc6cda62c723e37063dfb1be527f54f9b480dd9f,ff2847b7cc3129fb746530514ddb774af4fc905a52a679260e7b6cbae9ec2a04,20160,190080
WALLABY J131033-170323,NGC 5044 TR3,NGC5044,4,pass,,False,10,0.7092819548920193,60.000000000120004,32x35,61x32x35,151,6.000000000012,72819.828125,20,https://ws.cadc-ccda.hia-iha.nrc-cnrc.gc.ca/data/pub/WALLABY/WALLABY_J131033-170323_NGC_5044_TR3_mom0.fits,https://ws.cadc-ccda.hia-iha.nrc-cnrc.gc.ca/data/pub/WALLABY/WALLABY_J131033-170323_NGC_5044_TR3_mask.fits,2dfa0edbfb6bbcdca5de912639419dea56591c2fff7080dd2308932458258bfa,e98b687c8e51cef1b31d810089eadd2fdcee930d87033c6674651699cc824f86,17280,80640
WALLABY J131035-214450,NGC 5044 TR3,NGC5044,15,profile_rejected,negative source annular moment-0 weight; no clipping is allowed,False,,,,44x55,99x44x55,601,6.000000000012,1220380.625,110,https://ws.cadc-ccda.hia-iha.nrc-cnrc.gc.ca/data/pub/WALLABY/WALLABY_J131035-214450_NGC_5044_TR3_mom0.fits,https://ws.cadc-ccda.hia-iha.nrc-cnrc.gc.ca/data/pub/WALLABY/WALLABY_J131035-214450_NGC_5044_TR3_mask.fits,957066e93cef75700aeda9c2e7dc8e7a2d3c49c4f8fd6b2c6434b4a997e8c967,ee40e5cf8de52ab2e014bb47b066ccda28a989b87c3c32f61e12aaf916cce9ca,23040,253440
WALLABY J131037-144407,NGC 5044 TR3,NGC5044,8,pass,,False,13,0.7871091175888201,78.000000000156,38x37,63x38x37,228,6.000000000012,63437.6640625,42,https://ws.cadc-ccda.hia-iha.nrc-cnrc.gc.ca/data/pub/WALLABY/WALLABY_J131037-144407_NGC_5044_TR3_mom0.fits,https://ws.cadc-ccda.hia-iha.nrc-cnrc.gc.ca/data/pub/WALLABY/WALLABY_J131037-144407_NGC_5044_TR3_mask.fits,a6c0aae708617edc8761b5b04c5c00c9ad6a5fc6c817515581cb5a53f4022c49,5d94819a299c7309b152f37dd7b8da32b4e0b8fe37bcbe952a6d01c357a6ce09,17280,100800
WALLABY J131038-144004,NGC 5044 TR3,NGC5044,6,pass,,False,13,0.9047273897958696,78.000000000156,41x37,67x41x37,272,6.000000000012,84782.578125,47,https://ws.cadc-ccda.hia-iha.nrc-cnrc.gc.ca/data/pub/WALLABY/WALLABY_J131038-144004_NGC_5044_TR3_mom0.fits,https://ws.cadc-ccda.hia-iha.nrc-cnrc.gc.ca/data/pub/WALLABY/WALLABY_J131038-144004_NGC_5044_TR3_mask.fits,c76500a54cda5978a347311066ed59692296bbd193d5c0d39b2e5975d8f53a93,e30950de6dc40b9626c2709425def3ece0c7d938616dfb40ac29d0276ed1edbe,20160,115200
WALLABY J131038-175754,NGC 5044 TR3,NGC5044,4,profile_rejected,negative source annular moment-0 weight; no clipping is allowed,False,,,,38x37,64x38x37,243,6.000000000012,119535.3671875,62,https://ws.cadc-ccda.hia-iha.nrc-cnrc.gc.ca/data/pub/WALLABY/WALLABY_J131038-175754_NGC_5044_TR3_mom0.fits,https://ws.cadc-ccda.hia-iha.nrc-cnrc.gc.ca/data/pub/WALLABY/WALLABY_J131038-175754_NGC_5044_TR3_mask.fits,c128e7652653416a89d09a7a973485069ae0702e38603be992d4dc6e5e1f147c,5279c0e4fc07388c2ca08fc5de88f5fff47823517b2e111ef720a497cf5bdd31,17280,103680
WALLABY J131044-170801,NGC 5044 TR3,NGC5044,22,profile_rejected,negative source annular moment-0 weight; no clipping is allowed,False,,,,42x39,70x42x39,282,6.000000000012,126999.15625,50,https://ws.cadc-ccda.hia-iha.nrc-cnrc.gc.ca/data/pub/WALLABY/WALLABY_J131044-170801_NGC_5044_TR3_mom0.fits,https://ws.cadc-ccda.hia-iha.nrc-cnrc.gc.ca/data/pub/WALLABY/WALLABY_J131044-170801_NGC_5044_TR3_mask.fits,0be1dc6c20cc411118dc37937e20c6568e2c0ae1c577b83ce47a8cbd1bd8a4ef,5ff31f253501abe26e62fc135a637a2615ea0c14bddd69d9941fdbdf5e90b68f,20160,126720
WALLABY J131049-105237,NGC 5044 TR3,NGC5044,16,pass,,False,16,0.7819965153150332,96.000000000192,38x42,94x38x42,275,6.000000000012,153700.6875,41,https://ws.cadc-ccda.hia-iha.nrc-cnrc.gc.ca/data/pub/WALLABY/WALLABY_J131049-105237_NGC_5044_TR3_mom0.fits,https://ws.cadc-ccda.hia-iha.nrc-cnrc.gc.ca/data/pub/WALLABY/WALLABY_J131049-105237_NGC_5044_TR3_mask.fits,60eedea135eb0c3474012c3253336899d8c0f8f1b4c3837347872ae00e66115c,21692bfa6b4073515d147231fffe66608a4263d3b7fa70e121c873fe849eae1c,20160,164160
WALLABY J131049-182530,NGC 5044 TR3,NGC5044,1,pass,,False,11,0.7957645592872178,66.000000000132,35x36,79x35x36,170,6.000000000012,47975.0234375,12,https://ws.cadc-ccda.hia-iha.nrc-cnrc.gc.ca/data/pub/WALLABY/WALLABY_J131049-182530_NGC_5044_TR3_mom0.fits,https://ws.cadc-ccda.hia-iha.nrc-cnrc.gc.ca/data/pub/WALLABY/WALLABY_J131049-182530_NGC_5044_TR3_mask.fits,115cc8683183312a38a63ec36a3086c7ea73db44448d372503eab551d2413529,a950f68fd55486e9b3f39e7df6253c2071daab4c615a427a378c294a8438f252,17280,112320
WALLABY J131049-182903,NGC 5044 TR3,NGC5044,18,pass,,False,12,0.7968478912193971,72.000000000144,38x40,78x38x40,272,6.000000000012,101608.28125,43,https://ws.cadc-ccda.hia-iha.nrc-cnrc.gc.ca/data/pub/WALLABY/WALLABY_J131049-182903_NGC_5044_TR3_mom0.fits,https://ws.cadc-ccda.hia-iha.nrc-cnrc.gc.ca/data/pub/WALLABY/WALLABY_J131049-182903_NGC_5044_TR3_mask.fits,286e5b33c32560ed4d7c99dbeb6976b4c7861b254e1dc7af961e864f226ab2ad,f1809d911e5cd0406e90bfb77070c49d722a760a16e3a96a825140da123b62ac,20160,132480
WALLABY J131051-112542,NGC 5044 TR3,NGC5044,19,profile_rejected,negative source annular moment-0 weight; no clipping is allowed,False,,,,31x32,92x31x32,94,6.000000000012,44299.5703125,8,https://ws.cadc-ccda.hia-iha.nrc-cnrc.gc.ca/data/pub/WALLABY/WALLABY_J131051-112542_NGC_5044_TR3_mom0.fits,https://ws.cadc-ccda.hia-iha.nrc-cnrc.gc.ca/data/pub/WALLABY/WALLABY_J131051-112542_NGC_5044_TR3_mask.fits,8becc0cf218f514e3797775e5a0353edd919c04bafc43e622ed9d44cfed7733a,a4c6919449daf6215faf878ed0c1a885d8564eb1812d7b49dd5f53d964060db4,17280,103680
WALLABY J131051-190753,NGC 5044 TR3,NGC5044,7,pass,,False,10,0.9338097616194234,60.000000000120004,34x36,70x34x36,170,6.000000000012,42830.9453125,33,https://ws.cadc-ccda.hia-iha.nrc-cnrc.gc.ca/data/pub/WALLABY/WALLABY_J131051-190753_NGC_5044_TR3_mom0.fits,https://ws.cadc-ccda.hia-iha.nrc-cnrc.gc.ca/data/pub/WALLABY/WALLABY_J131051-190753_NGC_5044_TR3_mask.fits,07c02bf1bec99d17392a60735b6a4b0a9a59cf365ae1d0268832d9ef2aa1b543,2643de2061a31701a0d0f2cf7c7a7acbd471642570a1e0537e4a8ae55df640c9,17280,97920
WALLABY J131052-185857,NGC 5044 TR3,NGC5044,13,profile_rejected,negative source annular moment-0 weight; no clipping is allowed,False,,,,28x39,91x28x39,219,6.000000000012,84816.609375,20,https://ws.cadc-ccda.hia-iha.nrc-cnrc.gc.ca/data/pub/WALLABY/WALLABY_J131052-185857_NGC_5044_TR3_mom0.fits,https://ws.cadc-ccda.hia-iha.nrc-cnrc.gc.ca/data/pub/WALLABY/WALLABY_J131052-185857_NGC_5044_TR3_mask.fits,ef4b8e02815a21653b4b00c53a04448999b562eab3084a155dd9fadf0abb92bc,4c99563568b1f6e292c92da648269270c5492e33cd0fe75137b89e7bbdee017a,17280,112320
WALLABY J131054-185747,NGC 5044 TR3,NGC5044,17,pass,,False,8,0.8300057741464689,48.000000000096,31x33,78x31x33,112,6.000000000012,47043.6953125,7,https://ws.cadc-ccda.hia-iha.nrc-cnrc.gc.ca/data/pub/WALLABY/WALLABY_J131054-185747_NGC_5044_TR3_mom0.fits,https://ws.cadc-ccda.hia-iha.nrc-cnrc.gc.ca/data/pub/WALLABY/WALLABY_J131054-185747_NGC_5044_TR3_mask.fits,580937039a246bc1643769cecb1c2f9f57ff492b8e6eadd5953b3a89cb89e88a,e316a2f2745c0a153dedbdc1347845381de5d559bf65f18b11fc2b57f384cb6d,17280,92160
WALLABY J131103-144149,NGC 5044 TR3,NGC5044,14,pass,,False,9,0.9077876260320705,54.000000000108,34x36,64x34x36,168,6.000000000012,63936.796875,34,https://ws.cadc-ccda.hia-iha.nrc-cnrc.gc.ca/data/pub/WALLABY/WALLABY_J131103-144149_NGC_5044_TR3_mom0.fits,https://ws.cadc-ccda.hia-iha.nrc-cnrc.gc.ca/data/pub/WALLABY/WALLABY_J131103-144149_NGC_5044_TR3_mask.fits,3aae8e232ebd9fbef3bd4f95a34f4168c463ebdf2f823c2ba6b256aaee044a0b,0a19bf6a8bcd3a5e99c63af7b724548d8acaeb8ae1372f5c4a45b4a2d9e5e6a8,17280,92160
WALLABY J131104-185724,NGC 5044 TR3,NGC5044,16,pass,,False,9,0.7190054688978678,54.000000000108,35x32,61x35x32,140,6.000000000012,44981.90234375,13,https://ws.cadc-ccda.hia-iha.nrc-cnrc.gc.ca/data/pub/WALLABY/WALLABY_J131104-185724_NGC_5044_TR3_mom0.fits,https://ws.cadc-ccda.hia-iha.nrc-cnrc.gc.ca/data/pub/WALLABY/WALLABY_J131104-185724_NGC_5044_TR3_mask.fits,3d87ad8e8b1fdfbffc895717d8fbb67ba489e7de450dc3c86107738b0df60b22,271810f8d0496bfce23ae239cc2e10efd298f1b165887524ec1e282011683bee,17280,80640
WALLABY J131109-163337,NGC 5044 TR3,NGC5044,22,pass,,False,9,0.8716901098876614,54.000000000108,35x33,48x35x33,155,6.000000000012,36216.79296875,23,https://ws.cadc-ccda.hia-iha.nrc-cnrc.gc.ca/data/pub/WALLABY/WALLABY_J131109-163337_NGC_5044_TR3_mom0.fits,https://ws.cadc-ccda.hia-iha.nrc-cnrc.gc.ca/data/pub/WALLABY/WALLABY_J131109-163337_NGC_5044_TR3_mask.fits,5ab5b10d6d114227d6cfb2388fe2eff8a985f6b62ed1994f02aebae3df286985,634374f1f74c023bd4ad2f9cbed2e59485386378f7aca6acab2f077504beb148,17280,69120
WALLABY J131113-162416,NGC 5044 TR3,NGC5044,19,profile_rejected,source radial support contains fewer than 8 pixel-scale annuli,False,,,,31x32,58x31x32,94,6.000000000012,31184.10546875,10,https://ws.cadc-ccda.hia-iha.nrc-cnrc.gc.ca/data/pub/WALLABY/WALLABY_J131113-162416_NGC_5044_TR3_mom0.fits,https://ws.cadc-ccda.hia-iha.nrc-cnrc.gc.ca/data/pub/WALLABY/WALLABY_J131113-162416_NGC_5044_TR3_mask.fits,3381b0df906d32e8f8bcd1a8640b99b865c89e1cb662ca24bc13efac10290a7b,0008e2bb722804def7573317a73287430e7988f8222a823a824c4ac5931ea188,17280,69120
WALLABY J131115-202239,NGC 5044 TR3,NGC5044,4,profile_rejected,negative source annular moment-0 weight; no clipping is allowed,False,,,,44x36,143x44x36,250,6.000000000012,110966.2421875,56,https://ws.cadc-ccda.hia-iha.nrc-cnrc.gc.ca/data/pub/WALLABY/WALLABY_J131115-202239_NGC_5044_TR3_mom0.fits,https://ws.cadc-ccda.hia-iha.nrc-cnrc.gc.ca/data/pub/WALLABY/WALLABY_J131115-202239_NGC_5044_TR3_mask.fits,06bb5e33c5204d7d01c9a3b8a7118da573500fa84c5da40d21c73a10b43c647b,106c3fde321552b24921a95d323ba5284625495ba356548fd1847b5dbf903a24,20160,239040
WALLABY J131124-104927,NGC 5044 TR3,NGC5044,5,pass,,False,9,0.8451181173150041,54.000000000108,34x32,83x34x32,139,6.000000000012,73511.171875,20,https://ws.cadc-ccda.hia-iha.nrc-cnrc.gc.ca/data/pub/WALLABY/WALLABY_J131124-104927_NGC_5044_TR3_mom0.fits,https://ws.cadc-ccda.hia-iha.nrc-cnrc.gc.ca/data/pub/WALLABY/WALLABY_J131124-104927_NGC_5044_TR3_mask.fits,82c1a2c2304f6c467f13e82f365bdbc1a7639dbad8a5e2e4d94eb3a0c851a5cd,00e336085fdd54624f7ce5457c116b6b730d6ab3f60f2c53f55968eba2da9d5d,17280,103680
WALLABY J131131-181235,NGC 5044 TR3,NGC5044,22,profile_rejected,negative source annular moment-0 weight; no clipping is allowed,False,,,,54x42,69x54x42,452,6.000000000012,210060.015625,95,https://ws.cadc-ccda.hia-iha.nrc-cnrc.gc.ca/data/pub/WALLABY/WALLABY_J131131-181235_NGC_5044_TR3_mom0.fits,https://ws.cadc-ccda.hia-iha.nrc-cnrc.gc.ca/data/pub/WALLABY/WALLABY_J131131-181235_NGC_5044_TR3_mask.fits,f80a8e17d7a6321c410da1871d8c1af2a3cafb465bf7aa0675226da4d63121e0,7abae5379a3611ba6420a29c6d2fec37a6180b54205e194e434e0b20ad83572f,23040,169920
WALLABY J131132-144033,NGC 5044 TR3,NGC5044,15,pass,,False,15,0.8291576898684784,90.00000000018001,45x44,68x45x44,436,6.000000000012,238835.75,65,https://ws.cadc-ccda.hia-iha.nrc-cnrc.gc.ca/data/pub/WALLABY/WALLABY_J131132-144033_NGC_5044_TR3_mom0.fits,https://ws.cadc-ccda.hia-iha.nrc-cnrc.gc.ca/data/pub/WALLABY/WALLABY_J131132-144033_NGC_5044_TR3_mask.fits,564e8e7775ba32c75f49dde7b8b71ad2fde42c7042be6712d170fa65fd36ac6c,129ddda766882e65df81ed38a22192a89bf9cb4b638f333487501e61969af6e9,20160,146880
WALLABY J131138-162351,NGC 5044 TR3,NGC5044,18,profile_rejected,negative source annular moment-0 weight; no clipping is allowed,False,,,,46x41,70x46x41,338,6.000000000012,110197.5390625,73,https://ws.cadc-ccda.hia-iha.nrc-cnrc.gc.ca/data/pub/WALLABY/WALLABY_J131138-162351_NGC_5044_TR3_mom0.fits,https://ws.cadc-ccda.hia-iha.nrc-cnrc.gc.ca/data/pub/WALLABY/WALLABY_J131138-162351_NGC_5044_TR3_mask.fits,a873d5533c9d518a57b68d8f024bb0d5dd330c657b8ffa2935c4f5a49a1461c8,8469d5d5271e5d915442147934a20f2e51b9306790df310eeec2a2c5d43c5600,20160,144000
WALLABY J131139-165121,NGC 5044 TR3,NGC5044,9,pass,,False,12,0.6278646835891027,72.000000000144,31x37,42x31x37,106,6.000000000012,24347.158203125,8,https://ws.cadc-ccda.hia-iha.nrc-cnrc.gc.ca/data/pub/WALLABY/WALLABY_J131139-165121_NGC_5044_TR3_mom0.fits,https://ws.cadc-ccda.hia-iha.nrc-cnrc.gc.ca/data/pub/WALLABY/WALLABY_J131139-165121_NGC_5044_TR3_mask.fits,bfd2a6d4713718700f50ae1d0a15963c65d349588b6afaafc029829ca8c8d753,4eaf2b4113f2863362002e99970711603d8fc2c6fb48ac2b1f0d7214608807f5,17280,60480
WALLABY J131142-103858,NGC 5044 TR3,NGC5044,13,pass,,False,12,0.6303126417598552,72.000000000144,36x33,133x36x33,158,6.000000000012,108883.6171875,9,https://ws.cadc-ccda.hia-iha.nrc-cnrc.gc.ca/data/pub/WALLABY/WALLABY_J131142-103858_NGC_5044_TR3_mom0.fits,https://ws.cadc-ccda.hia-iha.nrc-cnrc.gc.ca/data/pub/WALLABY/WALLABY_J131142-103858_NGC_5044_TR3_mask.fits,f2f21f0a015814f5d35e3e81091a5e997f6a142d7b745fe053cea6b03ec69e65,84785a255f998c6413439995ef36115560e0e1b73daa27622f264bc9c96a5213,17280,169920
WALLABY J131143-183858,NGC 5044 TR3,NGC5044,8,profile_rejected,source radial support contains fewer than 8 pixel-scale annuli,False,,,,31x31,51x31x31,82,6.000000000012,35366.90625,2,https://ws.cadc-ccda.hia-iha.nrc-cnrc.gc.ca/data/pub/WALLABY/WALLABY_J131143-183858_NGC_5044_TR3_mom0.fits,https://ws.cadc-ccda.hia-iha.nrc-cnrc.gc.ca/data/pub/WALLABY/WALLABY_J131143-183858_NGC_5044_TR3_mask.fits,48544d071f2f9ded1de193f9608ea54c8429366532b24a665ecb979f5a0db2f5,c911fb8a0b7d8c97051507eb613c1b47690be15d6bfc12decbac3668d9ece647,17280,63360
WALLABY J131143-203210,NGC 5044 TR3,NGC5044,23,profile_rejected,negative source annular moment-0 weight; no clipping is allowed,False,,,,38x48,81x38x48,358,6.000000000012,179442.34375,92,https://ws.cadc-ccda.hia-iha.nrc-cnrc.gc.ca/data/pub/WALLABY/WALLABY_J131143-203210_NGC_5044_TR3_mom0.fits,https://ws.cadc-ccda.hia-iha.nrc-cnrc.gc.ca/data/pub/WALLABY/WALLABY_J131143-203210_NGC_5044_TR3_mask.fits,7b233ed52f8c9361280e57d6176fb849e28d7565facc430fbd85b016058eef1c,6fe968ba1aae1e9df37821264eacc2890059064e6f93a72f15b3368827df8019,20160,161280
WALLABY J131145-191544,NGC 5044 TR3,NGC5044,4,pass,,False,15,0.8588287654081254,90.00000000018001,45x45,71x45x45,469,6.000000000012,147723.59375,52,https://ws.cadc-ccda.hia-iha.nrc-cnrc.gc.ca/data/pub/WALLABY/WALLABY_J131145-191544_NGC_5044_TR3_mom0.fits,https://ws.cadc-ccda.hia-iha.nrc-cnrc.gc.ca/data/pub/WALLABY/WALLABY_J131145-191544_NGC_5044_TR3_mask.fits,552113a5278a12e89fa2a79a9bbac50097405f1bab27cdf707cb75f5ac639b17,f765097c97e9b72db1953ad984a3e082a103663d1e9027090a5247ef3ab91679,20160,155520
WALLABY J131149-171308,NGC 5044 TR3,NGC5044,15,profile_rejected,negative source annular moment-0 weight; no clipping is allowed,False,,,,42x42,77x42x42,344,6.000000000012,125480.7578125,78,https://ws.cadc-ccda.hia-iha.nrc-cnrc.gc.ca/data/pub/WALLABY/WALLABY_J131149-171308_NGC_5044_TR3_mom0.fits,https://ws.cadc-ccda.hia-iha.nrc-cnrc.gc.ca/data/pub/WALLABY/WALLABY_J131149-171308_NGC_5044_TR3_mask.fits,f8f3ed5c9feadc3b20a6a57987d4759ebbb3b3a31723a6d750d23eb6dede2793,4b02f996dfe9d951ad27a3756f3db8ff2cc5cf01ca17bedd5783b7105c993328,20160,149760
WALLABY J131150-141025,NGC 5044 TR3,NGC5044,22,pass,,False,14,0.7648516566862785,84.000000000168,42x37,54x42x37,242,6.000000000012,51559.46875,34,https://ws.cadc-ccda.hia-iha.nrc-cnrc.gc.ca/data/pub/WALLABY/WALLABY_J131150-141025_NGC_5044_TR3_mom0.fits,https://ws.cadc-ccda.hia-iha.nrc-cnrc.gc.ca/data/pub/WALLABY/WALLABY_J131150-141025_NGC_5044_TR3_mask.fits,da2025f90212f1bfc896dcbd7f5429048a574d45794f0cea97b2ab351da1c4b0,8f31ac31f9b4e26ca16422fdf15338608934110cc40abce983e707d2d0d67be6,20160,97920
WALLABY J131151-181937,NGC 5044 TR3,NGC5044,11,profile_rejected,source radial support contains fewer than 8 pixel-scale annuli,False,,,,30x28,50x30x28,80,6.000000000012,29831.1953125,8,https://ws.cadc-ccda.hia-iha.nrc-cnrc.gc.ca/data/pub/WALLABY/WALLABY_J131151-181937_NGC_5044_TR3_mom0.fits,https://ws.cadc-ccda.hia-iha.nrc-cnrc.gc.ca/data/pub/WALLABY/WALLABY_J131151-181937_NGC_5044_TR3_mask.fits,4e02b75593070f1e175155e41c60fe2fe5735393edd3643a72bd063b3f317e94,aa1a91953520b8152cace7f7b8ba26c60324da2cc2025e2484054c0509053c11,17280,54720
WALLABY J131152-214559,NGC 5044 TR3,NGC5044,20,profile_rejected,negative source annular moment-0 weight; no clipping is allowed,False,,,,36x45,74x36x45,305,6.000000000012,202479.171875,26,https://ws.cadc-ccda.hia-iha.nrc-cnrc.gc.ca/data/pub/WALLABY/WALLABY_J131152-214559_NGC_5044_TR3_mom0.fits,https://ws.cadc-ccda.hia-iha.nrc-cnrc.gc.ca/data/pub/WALLABY/WALLABY_J131152-214559_NGC_5044_TR3_mask.fits,4f5b493bb94a1b2592f6ea390ac97b3b40a06b7118f8b96f3a5af671977f2e02,e2feb7fd2c8ada9cf744cd021ec5cbcf3fd33e54e21a23b8f79df061bb8c2ad9,20160,132480
WALLABY J131153-145917,NGC 5044 TR3,NGC5044,23,profile_rejected,negative source annular moment-0 weight; no clipping is allowed,False,,,,36x35,85x36x35,176,6.000000000012,79345.0625,14,https://ws.cadc-ccda.hia-iha.nrc-cnrc.gc.ca/data/pub/WALLABY/WALLABY_J131153-145917_NGC_5044_TR3_mom0.fits,https://ws.cadc-ccda.hia-iha.nrc-cnrc.gc.ca/data/pub/WALLABY/WALLABY_J131153-145917_NGC_5044_TR3_mask.fits,9ac3e55b7f4e597a7e8454fc5e2f42bc9e64daeaae37c415c4ba163c922aeadd,1dd64c6fd84b6d53620a244d817eaed48845f1eb8f6c230b07afa0e23f5b82a9,17280,120960
WALLABY J131156-184429,NGC 5044 TR3,NGC5044,17,profile_rejected,negative source annular moment-0 weight; no clipping is allowed,False,,,,38x33,69x38x33,181,6.000000000012,49367.9375,23,https://ws.cadc-ccda.hia-iha.nrc-cnrc.gc.ca/data/pub/WALLABY/WALLABY_J131156-184429_NGC_5044_TR3_mom0.fits,https://ws.cadc-ccda.hia-iha.nrc-cnrc.gc.ca/data/pub/WALLABY/WALLABY_J131156-184429_NGC_5044_TR3_mask.fits,a5e6f396bdf12144021ffd68b89488d7beac801d5fa51c5c019c1cdbc8daf74c,b716b7e55b745b13e01acba26e0fc0f78db7176ad968ccda5a3569cdfec43efc,17280,100800
WALLABY J131157-120351,NGC 5044 TR3,NGC5044,3,pass,,False,23,0.6901317292647059,138.000000000276,49x55,78x49x55,794,6.000000000012,837073.25,113,https://ws.cadc-ccda.hia-iha.nrc-cnrc.gc.ca/data/pub/WALLABY/WALLABY_J131157-120351_NGC_5044_TR3_mom0.fits,https://ws.cadc-ccda.hia-iha.nrc-cnrc.gc.ca/data/pub/WALLABY/WALLABY_J131157-120351_NGC_5044_TR3_mask.fits,6407d13180ebc44979ed0565fd57de0f2929c0aa270bcd7079369a0236ac9b0c,bdee178b7a145ee0003252a277deabba618f549b67cec6e914bdfc5670405986,23040,221760
WALLABY J131159-134336,NGC 5044 TR3,NGC5044,17,pass,,False,11,0.732188852858977,66.000000000132,34x39,115x34x39,181,6.000000000012,108462.375,12,https://ws.cadc-ccda.hia-iha.nrc-cnrc.gc.ca/data/pub/WALLABY/WALLABY_J131159-134336_NGC_5044_TR3_mom0.fits,https://ws.cadc-ccda.hia-iha.nrc-cnrc.gc.ca/data/pub/WALLABY/WALLABY_J131159-134336_NGC_5044_TR3_mask.fits,ef8eb5283d3acec8e0c9dcc4adb72e17fd4ea25b13e1c41fd568a7de643f1376,0c4c6495849b729ffecfd87f8e1d2420dc7710575360268b5ef411f06b18811c,17280,164160
WALLABY J131204-131632,NGC 5044 TR3,NGC5044,8,profile_rejected,negative source annular moment-0 weight; no clipping is allowed,False,,,,33x37,97x33x37,170,6.000000000012,49835.2734375,28,https://ws.cadc-ccda.hia-iha.nrc-cnrc.gc.ca/data/pub/WALLABY/WALLABY_J131204-131632_NGC_5044_TR3_mom0.fits,https://ws.cadc-ccda.hia-iha.nrc-cnrc.gc.ca/data/pub/WALLABY/WALLABY_J131204-131632_NGC_5044_TR3_mask.fits,bea238b299075f4db2843f125b304ea13e226aae14b47ed7670efc1d7080c9f2,c4dced2033f697c29265e6e85378962eeca61b97be3bfe08d54b32509dbbb82d,17280,132480
WALLABY J131205-144040,NGC 5044 TR3,NGC5044,16,profile_rejected,source radial support contains fewer than 8 pixel-scale annuli,False,,,,28x27,51x28x27,44,6.000000000012,17305.6640625,2,https://ws.cadc-ccda.hia-iha.nrc-cnrc.gc.ca/data/pub/WALLABY/WALLABY_J131205-144040_NGC_5044_TR3_mom0.fits,https://ws.cadc-ccda.hia-iha.nrc-cnrc.gc.ca/data/pub/WALLABY/WALLABY_J131205-144040_NGC_5044_TR3_mask.fits,d87494fc229b858e08f1deae8f252e4654dcf42c43880eff9fd438ea4e1217a0,f83fc860042870feeccd0ac11e3ad697c0f0854c2becb4755305ce825cf48344,17280,51840
WALLABY J131206-181550,NGC 5044 TR3,NGC5044,17,profile_rejected,negative source annular moment-0 weight; no clipping is allowed,False,,,,35x38,52x35x38,186,6.000000000012,60825.890625,30,https://ws.cadc-ccda.hia-iha.nrc-cnrc.gc.ca/data/pub/WALLABY/WALLABY_J131206-181550_NGC_5044_TR3_mom0.fits,https://ws.cadc-ccda.hia-iha.nrc-cnrc.gc.ca/data/pub/WALLABY/WALLABY_J131206-181550_NGC_5044_TR3_mask.fits,fc8f90075f4640301bc68b8f8155556eaa9adf763dbab5870233456233000d9c,66d08e915a4417ed8359911a6efc736f63770d63a9baac04a84909b6f5c0d332,17280,83520
WALLABY J131208-203337,NGC 5044 TR3,NGC5044,10,profile_rejected,negative source annular moment-0 weight; no clipping is allowed,False,,,,36x32,100x36x32,131,6.000000000012,59885.1484375,20,https://ws.cadc-ccda.hia-iha.nrc-cnrc.gc.ca/data/pub/WALLABY/WALLABY_J131208-203337_NGC_5044_TR3_mom0.fits,https://ws.cadc-ccda.hia-iha.nrc-cnrc.gc.ca/data/pub/WALLABY/WALLABY_J131208-203337_NGC_5044_TR3_mask.fits,fd9ddeee70cc3d8d90623c16b3b151ea97e0b8a175956816eb907415d856a1cb,2d9b1e9c9bae0cae5a9d7034e70c6bf57662b9b8fe871accee249d6cf872bffd,17280,126720
WALLABY J131210-131509,NGC 5044 TR3,NGC5044,8,pass,,False,13,0.8029358551669269,78.000000000156,40x39,77x40x39,289,6.000000000012,134105.25,37,https://ws.cadc-ccda.hia-iha.nrc-cnrc.gc.ca/data/pub/WALLABY/WALLABY_J131210-131509_NGC_5044_TR3_mom0.fits,https://ws.cadc-ccda.hia-iha.nrc-cnrc.gc.ca/data/pub/WALLABY/WALLABY_J131210-131509_NGC_5044_TR3_mask.fits,04b2f8fdc5d772ddc4f9332c1f1222fd6276d686c4acb6f08ba9e32cfe19db20,83fe980b4a5b5b84d764c7ae2e485836f122cbfb1b28f5aaa8c6dc959c648ed1,20160,132480
WALLABY J131211-121847,NGC 5044 TR3,NGC5044,17,profile_rejected,negative source annular moment-0 weight; no clipping is allowed,False,,,,38x36,59x38x36,178,6.000000000012,55034.96484375,26,https://ws.cadc-ccda.hia-iha.nrc-cnrc.gc.ca/data/pub/WALLABY/WALLABY_J131211-121847_NGC_5044_TR3_mom0.fits,https://ws.cadc-ccda.hia-iha.nrc-cnrc.gc.ca/data/pub/WALLABY/WALLABY_J131211-121847_NGC_5044_TR3_mask.fits,84965a4cd54d755f9be84e523dd9ab1da60187f9a32ebe052fbdf7b30fa635ad,533731ddf00141dbc5448102a085d7616106cfa6ef5f69d9c616cc0bb0b35447,17280,95040
WALLABY J131219-172528,NGC 5044 TR3,NGC5044,19,profile_rejected,negative source annular moment-0 weight; no clipping is allowed,False,,,,33x34,80x33x34,138,6.000000000012,59867.0859375,10,https://ws.cadc-ccda.hia-iha.nrc-cnrc.gc.ca/data/pub/WALLABY/WALLABY_J131219-172528_NGC_5044_TR3_mom0.fits,https://ws.cadc-ccda.hia-iha.nrc-cnrc.gc.ca/data/pub/WALLABY/WALLABY_J131219-172528_NGC_5044_TR3_mask.fits,4d320b911dc3e0bb85b712572aab4664bbb6a049ff2a8f3b87315a52ab2f14b8,4a5dcd72f75653a61950dab50af10b4018f17eab0fd97cdfcf2f8dc57833ab1e,17280,103680
WALLABY J131220-142824,NGC 5044 TR3,NGC5044,12,profile_rejected,negative source annular moment-0 weight; no clipping is allowed,False,,,,41x45,86x41x45,386,6.000000000012,264132.9375,89,https://ws.cadc-ccda.hia-iha.nrc-cnrc.gc.ca/data/pub/WALLABY/WALLABY_J131220-142824_NGC_5044_TR3_mom0.fits,https://ws.cadc-ccda.hia-iha.nrc-cnrc.gc.ca/data/pub/WALLABY/WALLABY_J131220-142824_NGC_5044_TR3_mask.fits,475cf72ce7946cd17b8f60c2f60eb0234941286f87e125e842f4f1d837224b68,a294ec40b9c8dfb3c2e32d15b98a4c64ea8ef37652bb19a051c6dbe3d6436c01,20160,172800
WALLABY J131222-143329,NGC 5044 TR3,NGC5044,15,pass,,False,10,0.8802925615389824,60.000000000120004,32x36,77x32x36,141,6.000000000012,50686.3671875,23,https://ws.cadc-ccda.hia-iha.nrc-cnrc.gc.ca/data/pub/WALLABY/WALLABY_J131222-143329_NGC_5044_TR3_mom0.fits,https://ws.cadc-ccda.hia-iha.nrc-cnrc.gc.ca/data/pub/WALLABY/WALLABY_J131222-143329_NGC_5044_TR3_mask.fits,83c8c47f2f0e2f826493140418e5ba555c36ff879f33a6f4b3de7bf17edb9f11,bbe23d5f6107b180e4732b15abe6cf5c02211e1048f94330f908683bb170ab31,17280,100800
WALLABY J131228-173559,NGC 5044 TR3,NGC5044,0,profile_rejected,negative source annular moment-0 weight; no clipping is allowed,False,,,,37x36,53x37x36,198,6.000000000012,55191.6328125,41,https://ws.cadc-ccda.hia-iha.nrc-cnrc.gc.ca/data/pub/WALLABY/WALLABY_J131228-173559_NGC_5044_TR3_mom0.fits,https://ws.cadc-ccda.hia-iha.nrc-cnrc.gc.ca/data/pub/WALLABY/WALLABY_J131228-173559_NGC_5044_TR3_mask.fits,54b8846a593aa1dc442755d85cdfbe86db83b3e858d1ffddfadd6ebef1f45410,299e73e8540aea1beab0017d38f9abb72d11566e4d17b4d6c302a7b01ee1b74b,17280,83520
WALLABY J131237-142630,NGC 5044 TR3,NGC5044,4,profile_rejected,negative source annular moment-0 weight; no clipping is allowed,False,,,,49x56,118x49x56,557,6.000000000012,447873.25,147,https://ws.cadc-ccda.hia-iha.nrc-cnrc.gc.ca/data/pub/WALLABY/WALLABY_J131237-142630_NGC_5044_TR3_mom0.fits,https://ws.cadc-ccda.hia-iha.nrc-cnrc.gc.ca/data/pub/WALLABY/WALLABY_J131237-142630_NGC_5044_TR3_mask.fits,4eb487c562fe46f3f4dd20e7de08522e7ab2ab69cb3565fe001e7aefd12280c3,0c33fb8e88205d28bf58972b96471c761ce803df9e015e4ec69f7e5a57ed21ac,23040,336960
WALLABY J131244-155218,NGC 5044 TR3,NGC5044,23,pass,,False,22,0.6251597269616604,132.000000000264,51x52,58x51x52,605,6.000000000012,202614.375,50,https://ws.cadc-ccda.hia-iha.nrc-cnrc.gc.ca/data/pub/WALLABY/WALLABY_J131244-155218_NGC_5044_TR3_mom0.fits,https://ws.cadc-ccda.hia-iha.nrc-cnrc.gc.ca/data/pub/WALLABY/WALLABY_J131244-155218_NGC_5044_TR3_mask.fits,6b9b982f228bf7a00bffb4c3c269c7af9deb23cdd5bb787a45afb3d1736eb4f9,5efb421b653412c5d9d0acec13f1593af943c4ec7cd993030e12718cb406fa91,23040,167040
WALLABY J131247-132906,NGC 5044 TR3,NGC5044,16,pass,,False,10,0.61068851733413,60.000000000120004,37x33,73x37x33,142,6.000000000012,35855.671875,11,https://ws.cadc-ccda.hia-iha.nrc-cnrc.gc.ca/data/pub/WALLABY/WALLABY_J131247-132906_NGC_5044_TR3_mom0.fits,https://ws.cadc-ccda.hia-iha.nrc-cnrc.gc.ca/data/pub/WALLABY/WALLABY_J131247-132906_NGC_5044_TR3_mask.fits,18ba5805b2b0e9d51fddc08c1e1cd6236f1447451fae007303eb320cbb0986ec,74d992833080c662f0a7579b67175960b2d9ec24fe040f1340a54525b7d04d71,17280,100800
WALLABY J131247-192219,NGC 5044 TR3,NGC5044,7,profile_rejected,negative source annular moment-0 weight; no clipping is allowed,False,,,,41x37,76x41x37,281,6.000000000012,135921.703125,46,https://ws.cadc-ccda.hia-iha.nrc-cnrc.gc.ca/data/pub/WALLABY/WALLABY_J131247-192219_NGC_5044_TR3_mom0.fits,https://ws.cadc-ccda.hia-iha.nrc-cnrc.gc.ca/data/pub/WALLABY/WALLABY_J131247-192219_NGC_5044_TR3_mask.fits,b2f4374f18e373633521659be944e3fc795405fe432940fc92e485acdbac6d69,a82f440342a500122b09d90757e4da28aa55ed23e23e1897a80604f8e4beb68b,20160,129600
WALLABY J131248-115354,NGC 5044 TR3,NGC5044,21,profile_rejected,negative source annular moment-0 weight; no clipping is allowed,False,,,,39x37,51x39x37,219,6.000000000012,62446.09375,58,https://ws.cadc-ccda.hia-iha.nrc-cnrc.gc.ca/data/pub/WALLABY/WALLABY_J131248-115354_NGC_5044_TR3_mom0.fits,https://ws.cadc-ccda.hia-iha.nrc-cnrc.gc.ca/data/pub/WALLABY/WALLABY_J131248-115354_NGC_5044_TR3_mask.fits,71c82b32d23fa07b9a1f624bfbdbf2cad7996f27877ab31353a076f85193c730,658448532059c48965860d2276cf616ccdde34da63603e0a5934b0b053f72299,20160,86400
WALLABY J131248-173738,NGC 5044 TR3,NGC5044,10,pass,,False,12,0.8052549272767103,72.000000000144,40x38,110x40x38,286,6.000000000012,153731.40625,50,https://ws.cadc-ccda.hia-iha.nrc-cnrc.gc.ca/data/pub/WALLABY/WALLABY_J131248-173738_NGC_5044_TR3_mom0.fits,https://ws.cadc-ccda.hia-iha.nrc-cnrc.gc.ca/data/pub/WALLABY/WALLABY_J131248-173738_NGC_5044_TR3_mask.fits,9b0bb24bea856c2c137ea726a0a1c3e3e8eb2f92ae744da356e5171211448f24,e7e096be217da7d420f981bc77e46ff1cb9f671d64f699a3aa5eb3cb3b532ed1,20160,181440
WALLABY J131248-191514,NGC 5044 TR3,NGC5044,3,profile_rejected,negative source annular moment-0 weight; no clipping is allowed,False,,,,47x42,109x47x42,319,6.000000000012,184351.875,53,https://ws.cadc-ccda.hia-iha.nrc-cnrc.gc.ca/data/pub/WALLABY/WALLABY_J131248-191514_NGC_5044_TR3_mom0.fits,https://ws.cadc-ccda.hia-iha.nrc-cnrc.gc.ca/data/pub/WALLABY/WALLABY_J131248-191514_NGC_5044_TR3_mask.fits,e619b1c00fe0e7ed00b3dcda15786ad475a884f4fd0b552d440e755f1e80a643,7548434374087191e54ab2ed7501d2fe134b7e598e5e498faea15de8155f5489,20160,227520
WALLABY J131251-134804,NGC 5044 TR3,NGC5044,12,profile_rejected,negative source annular moment-0 weight; no clipping is allowed,False,,,,32x33,51x32x33,125,6.000000000012,35348.83984375,16,https://ws.cadc-ccda.hia-iha.nrc-cnrc.gc.ca/data/pub/WALLABY/WALLABY_J131251-134804_NGC_5044_TR3_mom0.fits,https://ws.cadc-ccda.hia-iha.nrc-cnrc.gc.ca/data/pub/WALLABY/WALLABY_J131251-134804_NGC_5044_TR3_mask.fits,f24649144f6e7157a83886b3ff36320d3bb8e99f2268e478664f84b3a1ca1a2b,12332def9c40ae6ce4b3fe803d9d5107834fe272921da173b24d950a8b6e0284,17280,66240
WALLABY J131251-183142,NGC 5044 TR3,NGC5044,17,pass,,False,10,0.844977093756449,60.000000000120004,33x37,84x33x37,163,6.000000000012,83129.78125,19,https://ws.cadc-ccda.hia-iha.nrc-cnrc.gc.ca/data/pub/WALLABY/WALLABY_J131251-183142_NGC_5044_TR3_mom0.fits,https://ws.cadc-ccda.hia-iha.nrc-cnrc.gc.ca/data/pub/WALLABY/WALLABY_J131251-183142_NGC_5044_TR3_mask.fits,a6a13e601f3c4c7240a27b95bafe4891839bb6318fbe709e7b9dd36fcbe78ac7,48474f868a3f9334cef0c109a472a9d76531aa1edf63794121e7c3366df18626,17280,115200
WALLABY J131253-105339,NGC 5044 TR3,NGC5044,7,pass,,False,16,0.7371281505665318,96.000000000192,43x40,102x43x40,335,6.000000000012,227604.59375,51,https://ws.cadc-ccda.hia-iha.nrc-cnrc.gc.ca/data/pub/WALLABY/WALLABY_J131253-105339_NGC_5044_TR3_mom0.fits,https://ws.cadc-ccda.hia-iha.nrc-cnrc.gc.ca/data/pub/WALLABY/WALLABY_J131253-105339_NGC_5044_TR3_mask.fits,cbe3ca1764b588605a926f5d1de15d2ebd250077a0d8d5f1a1c8ff5493737cca,79591ba7c3fdfca98eb3b632955da1d169adcf5c94c5e647f4f5c0dc116b4e14,20160,187200
WALLABY J131256-181446,NGC 5044 TR3,NGC5044,16,profile_rejected,negative source annular moment-0 weight; no clipping is allowed,False,,,,37x36,78x37x36,185,6.000000000012,81220.015625,18,https://ws.cadc-ccda.hia-iha.nrc-cnrc.gc.ca/data/pub/WALLABY/WALLABY_J131256-181446_NGC_5044_TR3_mom0.fits,https://ws.cadc-ccda.hia-iha.nrc-cnrc.gc.ca/data/pub/WALLABY/WALLABY_J131256-181446_NGC_5044_TR3_mask.fits,1c556163dfb0c8a39238054235102c1f1b54a56e6645613216d0edc135c69a07,9f1f8e5202903fcac75f284a988625b4214fe59d577c934e7446e09c7eadca74,17280,118080
WALLABY J131301-123644,NGC 5044 TR3,NGC5044,16,profile_rejected,negative source annular moment-0 weight; no clipping is allowed,False,,,,40x38,88x40x38,272,6.000000000012,107675.65625,45,https://ws.cadc-ccda.hia-iha.nrc-cnrc.gc.ca/data/pub/WALLABY/WALLABY_J131301-123644_NGC_5044_TR3_mom0.fits,https://ws.cadc-ccda.hia-iha.nrc-cnrc.gc.ca/data/pub/WALLABY/WALLABY_J131301-123644_NGC_5044_TR3_mask.fits,48b74457075e2d2c6ed75e787583916d09c85e6edf4550bc52afc8162cba504d,ed2b44f6eefb900fb5d518debf10f5ea9c252a630ccf3d379d290dc79a7f33a5,20160,146880
WALLABY J131301-193617,NGC 5044 TR3,NGC5044,3,profile_rejected,negative source annular moment-0 weight; no clipping is allowed,False,,,,36x38,78x36x38,210,6.000000000012,89044.3125,39,https://ws.cadc-ccda.hia-iha.nrc-cnrc.gc.ca/data/pub/WALLABY/WALLABY_J131301-193617_NGC_5044_TR3_mom0.fits,https://ws.cadc-ccda.hia-iha.nrc-cnrc.gc.ca/data/pub/WALLABY/WALLABY_J131301-193617_NGC_5044_TR3_mask.fits,c322af576e5a72d7a75ae62e080b41a7239c32cd77f185a52c84961dc089bddd,ad4ccad6e7a5b47df0d32eeb9caa0d9523d0e845da8b55182978a853de493f4c,17280,120960
WALLABY J131301-195851,NGC 5044 TR3,NGC5044,6,profile_rejected,negative source annular moment-0 weight; no clipping is allowed,False,,,,40x39,64x40x39,270,6.000000000012,76703.265625,49,https://ws.cadc-ccda.hia-iha.nrc-cnrc.gc.ca/data/pub/WALLABY/WALLABY_J131301-195851_NGC_5044_TR3_mom0.fits,https://ws.cadc-ccda.hia-iha.nrc-cnrc.gc.ca/data/pub/WALLABY/WALLABY_J131301-195851_NGC_5044_TR3_mask.fits,61190fec13e8e55285ef7ca0bbd7b6328495472e3fb5c29e6ef412867e5435c2,033861f893e75793b6f717c67be675d2f1b524c031e7d3d67eddf515584a9a15,20160,112320
WALLABY J131312-182434,NGC 5044 TR3,NGC5044,14,pass,,False,9,0.8466278482642866,54.000000000108,32x35,88x32x35,133,6.000000000012,52070.4296875,4,https://ws.cadc-ccda.hia-iha.nrc-cnrc.gc.ca/data/pub/WALLABY/WALLABY_J131312-182434_NGC_5044_TR3_mom0.fits,https://ws.cadc-ccda.hia-iha.nrc-cnrc.gc.ca/data/pub/WALLABY/WALLABY_J131312-182434_NGC_5044_TR3_mask.fits,c853b50f51bc7b842a0b681ddea50d557ee0c4252a7beb0e1318c90de8cc0c0f,00688212e0625a85bf685fafce43becd4a0c2a00bc70a69f72abd5b769a03b56,17280,112320
WALLABY J131318-110526,NGC 5044 TR3,NGC5044,0,profile_rejected,negative source annular moment-0 weight; no clipping is allowed,False,,,,31x33,51x31x33,113,6.000000000012,48703.7421875,10,https://ws.cadc-ccda.hia-iha.nrc-cnrc.gc.ca/data/pub/WALLABY/WALLABY_J131318-110526_NGC_5044_TR3_mom0.fits,https://ws.cadc-ccda.hia-iha.nrc-cnrc.gc.ca/data/pub/WALLABY/WALLABY_J131318-110526_NGC_5044_TR3_mask.fits,e23e2d6ffe7526272ab1d5d5ffd36d4beceef2f585ab10a2bfc14fc364536d43,16e07b9c81b9cb348c7480aa5d7106ca527536f0e74d22dd792a551e8bc9e603,17280,66240
WALLABY J131321-185558,NGC 5044 TR3,NGC5044,0,pass,,False,17,0.6829533883348669,102.000000000204,49x43,108x49x43,475,6.000000000012,403160.375,95,https://ws.cadc-ccda.hia-iha.nrc-cnrc.gc.ca/data/pub/WALLABY/WALLABY_J131321-185558_NGC_5044_TR3_mom0.fits,https://ws.cadc-ccda.hia-iha.nrc-cnrc.gc.ca/data/pub/WALLABY/WALLABY_J131321-185558_NGC_5044_TR3_mask.fits,20461e24a984c566f207ffdb5fc4a51be426b66a4308c8ba6e1959894d0b8d28,7b10c968e56245f57e28aa368f4916b78e0a465949563630f9ecd2cc06329958,20160,241920
WALLABY J131324-124234,NGC 5044 TR3,NGC5044,2,pass,,False,14,0.6535660099652277,84.000000000168,37x37,124x37x37,189,6.000000000012,89550.015625,22,https://ws.cadc-ccda.hia-iha.nrc-cnrc.gc.ca/data/pub/WALLABY/WALLABY_J131324-124234_NGC_5044_TR3_mom0.fits,https://ws.cadc-ccda.hia-iha.nrc-cnrc.gc.ca/data/pub/WALLABY/WALLABY_J131324-124234_NGC_5044_TR3_mask.fits,cd57b57600dde1e4da484a3c83b69d08e4f2b98632425789a02f4cc9ca42f3ee,1bb1afbb60c9edb536c17e66677fb7fa45a84d86fa16085730f5a92121346014,17280,181440
WALLABY J131324-183125,NGC 5044 TR3,NGC5044,5,profile_rejected,negative source annular moment-0 weight; no clipping is allowed,False,,,,35x32,47x35x32,146,6.000000000012,23489.142578125,16,https://ws.cadc-ccda.hia-iha.nrc-cnrc.gc.ca/data/pub/WALLABY/WALLABY_J131324-183125_NGC_5044_TR3_mom0.fits,https://ws.cadc-ccda.hia-iha.nrc-cnrc.gc.ca/data/pub/WALLABY/WALLABY_J131324-183125_NGC_5044_TR3_mask.fits,046b58ea78a5fefca26e5587d1c2514fc763c3c3bb514cb015634a1fa54039f5,269028a29175b2804fc3fef7b5225c4819c4520f1fee92c25d775650c0457c08,17280,66240
WALLABY J131326-143106,NGC 5044 TR3,NGC5044,2,profile_rejected,negative source annular moment-0 weight; no clipping is allowed,False,,,,43x39,86x43x39,269,6.000000000012,88649.40625,74,https://ws.cadc-ccda.hia-iha.nrc-cnrc.gc.ca/data/pub/WALLABY/WALLABY_J131326-143106_NGC_5044_TR3_mom0.fits,https://ws.cadc-ccda.hia-iha.nrc-cnrc.gc.ca/data/pub/WALLABY/WALLABY_J131326-143106_NGC_5044_TR3_mask.fits,9cbb9c44dd7b902b89bb8b4d4b1e99df702217848c3e71bcf9c39008950f7072,5e9b686b1fc83591be7700752a89d66cccec725f6e260989015de39f3fc0df2b,20160,158400
WALLABY J131327-204640,NGC 5044 TR3,NGC5044,1,pass,,False,11,0.7702211105004309,66.000000000132,37x36,111x37x36,193,6.000000000012,151825.53125,19,https://ws.cadc-ccda.hia-iha.nrc-cnrc.gc.ca/data/pub/WALLABY/WALLABY_J131327-204640_NGC_5044_TR3_mom0.fits,https://ws.cadc-ccda.hia-iha.nrc-cnrc.gc.ca/data/pub/WALLABY/WALLABY_J131327-204640_NGC_5044_TR3_mask.fits,eb41569f29f0793bc131c4a18a92056de64a3072abf173811e73a21686c3aee4,1439ebef9132bb507d8a8b75e8dcf3b314868e5b68276d06b212373ddcc75077,17280,161280
WALLABY J131330-193244,NGC 5044 TR3,NGC5044,13,profile_rejected,negative source annular moment-0 weight; no clipping is allowed,False,,,,67x70,142x67x70,1154,6.000000000012,950504.0625,243,https://ws.cadc-ccda.hia-iha.nrc-cnrc.gc.ca/data/pub/WALLABY/WALLABY_J131330-193244_NGC_5044_TR3_mom0.fits,https://ws.cadc-ccda.hia-iha.nrc-cnrc.gc.ca/data/pub/WALLABY/WALLABY_J131330-193244_NGC_5044_TR3_mask.fits,5efcfe06110e71351157799fb25ded68754d370be1039491195929b51405fa0d,fa06914c40a1ac0e241b69103c3578680d87a7d77433f198b5b189528d14b86c,31680,679680
WALLABY J131332-170440,NGC 5044 TR3,NGC5044,12,profile_rejected,negative source annular moment-0 weight; no clipping is allowed,False,,,,38x38,111x38x38,222,6.000000000012,125917.0625,21,https://ws.cadc-ccda.hia-iha.nrc-cnrc.gc.ca/data/pub/WALLABY/WALLABY_J131332-170440_NGC_5044_TR3_mom0.fits,https://ws.cadc-ccda.hia-iha.nrc-cnrc.gc.ca/data/pub/WALLABY/WALLABY_J131332-170440_NGC_5044_TR3_mask.fits,5df2ac21b79b437cf577c4ad9e2a658143da271dd5c0f4ce3455bc4b34d471a4,b9283bc2aa903ca8fe91f86094ad6a0df998cf5291cf2ad6f5dca371f3de0bda,20160,172800
WALLABY J131333-104535,NGC 5044 TR3,NGC5044,23,profile_rejected,negative source annular moment-0 weight; no clipping is allowed,False,,,,34x34,72x34x34,139,6.000000000012,56669.6640625,18,https://ws.cadc-ccda.hia-iha.nrc-cnrc.gc.ca/data/pub/WALLABY/WALLABY_J131333-104535_NGC_5044_TR3_mom0.fits,https://ws.cadc-ccda.hia-iha.nrc-cnrc.gc.ca/data/pub/WALLABY/WALLABY_J131333-104535_NGC_5044_TR3_mask.fits,c83f2d85c3faea36e69211a88309ef3865ffdeffa2e92e8140b63e372619048c,08dad070d291f629f0510a646c0aa2c311346b75d3ae9fa5afb43041cf1b2951,17280,95040
WALLABY J131335-155702,NGC 5044 TR3,NGC5044,22,profile_rejected,negative source annular moment-0 weight; no clipping is allowed,False,,,,37x44,66x37x44,310,6.000000000012,149585.90625,36,https://ws.cadc-ccda.hia-iha.nrc-cnrc.gc.ca/data/pub/WALLABY/WALLABY_J131335-155702_NGC_5044_TR3_mom0.fits,https://ws.cadc-ccda.hia-iha.nrc-cnrc.gc.ca/data/pub/WALLABY/WALLABY_J131335-155702_NGC_5044_TR3_mask.fits,b62852dbe8fc5096e003541751bbb21c5fa81817d80c120297975f5e9259524f,fd3b5b2614c7c041c83fa4d0a6ba11d1273d41fb9eaf2d38bc69fbe9b6d38296,20160,120960
WALLABY J131335-201725,NGC 5044 TR3,NGC5044,10,profile_rejected,negative source annular moment-0 weight; no clipping is allowed,False,,,,38x39,62x38x39,254,6.000000000012,102307.625,40,https://ws.cadc-ccda.hia-iha.nrc-cnrc.gc.ca/data/pub/WALLABY/WALLABY_J131335-201725_NGC_5044_TR3_mom0.fits,https://ws.cadc-ccda.hia-iha.nrc-cnrc.gc.ca/data/pub/WALLABY/WALLABY_J131335-201725_NGC_5044_TR3_mask.fits,7db7947d1b4fefa725ecb0336cfd95befbe93a88f8d3e430ad553bf6e36dd5af,a46b65b76310375f46eadb89965a1b38156f6bac98e6e0f1d1d1ee40fbd0d22c,20160,103680
WALLABY J131336-122813,NGC 5044 TR3,NGC5044,23,profile_rejected,negative source annular moment-0 weight; no clipping is allowed,False,,,,32x36,59x32x36,153,6.000000000012,46980.48828125,26,https://ws.cadc-ccda.hia-iha.nrc-cnrc.gc.ca/data/pub/WALLABY/WALLABY_J131336-122813_NGC_5044_TR3_mom0.fits,https://ws.cadc-ccda.hia-iha.nrc-cnrc.gc.ca/data/pub/WALLABY/WALLABY_J131336-122813_NGC_5044_TR3_mask.fits,0b5aa965c518cb1f1f441dd481102305c52d7bef90b1c53d8a4395c4c663aa49,d21f32db021214f57ff7f0397d6767f53555632a571b388073e81728ae892f6b,17280,80640
WALLABY J131337-155035,NGC 5044 TR3,NGC5044,23,profile_rejected,negative source annular moment-0 weight; no clipping is allowed,False,,,,36x34,64x36x34,187,6.000000000012,76317.1328125,39,https://ws.cadc-ccda.hia-iha.nrc-cnrc.gc.ca/data/pub/WALLABY/WALLABY_J131337-155035_NGC_5044_TR3_mom0.fits,https://ws.cadc-ccda.hia-iha.nrc-cnrc.gc.ca/data/pub/WALLABY/WALLABY_J131337-155035_NGC_5044_TR3_mask.fits,d880bc9563d9a04dd1693f84e55380b3b32d45ece8ff11c991445366d23e49ff,549a086d2798b9e4a7279f0f608df97bbe38b56dbc000efade56604567b2f47c,17280,92160
WALLABY J131342-181322,NGC 5044 TR3,NGC5044,0,profile_rejected,negative source annular moment-0 weight; no clipping is allowed,False,,,,35x35,57x35x35,182,6.000000000012,83440.3359375,33,https://ws.cadc-ccda.hia-iha.nrc-cnrc.gc.ca/data/pub/WALLABY/WALLABY_J131342-181322_NGC_5044_TR3_mom0.fits,https://ws.cadc-ccda.hia-iha.nrc-cnrc.gc.ca/data/pub/WALLABY/WALLABY_J131342-181322_NGC_5044_TR3_mask.fits,0c71fae455bc3a87446d971ba0713f11d8649f421500a8bff937b75c38576428,dcbb6c61300b501b66824898fd22a3e04b7bf7dd3fe8675ffeb3b85d75453f21,17280,83520
WALLABY J131344-175928,NGC 5044 TR3,NGC5044,10,pass,,False,14,0.8621326523178199,84.000000000168,43x42,63x43x42,355,6.000000000012,156261.6875,63,https://ws.cadc-ccda.hia-iha.nrc-cnrc.gc.ca/data/pub/WALLABY/WALLABY_J131344-175928_NGC_5044_TR3_mom0.fits,https://ws.cadc-ccda.hia-iha.nrc-cnrc.gc.ca/data/pub/WALLABY/WALLABY_J131344-175928_NGC_5044_TR3_mask.fits,41e2b9637813b6053f5e92533a0e2c2a9d6c7537d4090bee2ed6fe75b124e5b9,bbfc2629a83635ccef0514d35bf4c64901c6b6c80c6c79af8288531825fa7b77,20160,126720
WALLABY J131346-144345,NGC 5044 TR3,NGC5044,13,pass,,False,12,0.86206639453412,72.000000000144,38x41,72x38x41,299,6.000000000012,141698.125,39,https://ws.cadc-ccda.hia-iha.nrc-cnrc.gc.ca/data/pub/WALLABY/WALLABY_J131346-144345_NGC_5044_TR3_mom0.fits,https://ws.cadc-ccda.hia-iha.nrc-cnrc.gc.ca/data/pub/WALLABY/WALLABY_J131346-144345_NGC_5044_TR3_mask.fits,d0a18467fe1194fc00cb764a4fdd8c7935092b911a5424c335ff359e51c5e43f,fdeef703beef63357898bf05a182e8d7415fcae076b536290e58d71aa3c06a0a,20160,123840
WALLABY J131350-173043,NGC 5044 TR3,NGC5044,8,profile_rejected,negative source annular moment-0 weight; no clipping is allowed,False,,,,39x40,78x39x40,269,6.000000000012,183496.015625,59,https://ws.cadc-ccda.hia-iha.nrc-cnrc.gc.ca/data/pub/WALLABY/WALLABY_J131350-173043_NGC_5044_TR3_mom0.fits,https://ws.cadc-ccda.hia-iha.nrc-cnrc.gc.ca/data/pub/WALLABY/WALLABY_J131350-173043_NGC_5044_TR3_mask.fits,9e960c313f3de03dec18d1bf86b53e1504d20f102ce237862c57b47134f75503,7a8f668b139b7863e05770eac0ef420e3f3b3cb821b741f00017718f8546e738,20160,135360
WALLABY J131352-191608,NGC 5044 TR3,NGC5044,6,profile_rejected,negative source annular moment-0 weight; no clipping is allowed,False,,,,43x44,89x43x44,433,6.000000000012,260742.90625,69,https://ws.cadc-ccda.hia-iha.nrc-cnrc.gc.ca/data/pub/WALLABY/WALLABY_J131352-191608_NGC_5044_TR3_mom0.fits,https://ws.cadc-ccda.hia-iha.nrc-cnrc.gc.ca/data/pub/WALLABY/WALLABY_J131352-191608_NGC_5044_TR3_mask.fits,d330dd1656f02107bd7c211a8062c04fa7c033bf6b2823d05225df13a47d8270,b71ed2e30e53e478b6501dd40cb957d98512203b57a251af6ef45fc819750267,20160,181440
WALLABY J131352-204405,NGC 5044 TR3,NGC5044,2,pass,,False,17,0.6302193901625082,102.000000000204,45x37,65x45x37,333,6.000000000012,120589.5703125,69,https://ws.cadc-ccda.hia-iha.nrc-cnrc.gc.ca/data/pub/WALLABY/WALLABY_J131352-204405_NGC_5044_TR3_mom0.fits,https://ws.cadc-ccda.hia-iha.nrc-cnrc.gc.ca/data/pub/WALLABY/WALLABY_J131352-204405_NGC_5044_TR3_mask.fits,f04ba6205c2ee37c39e01f12fc96059189d4b59de608e4849dd961900d970d23,4734c437b435d78e1ae10a85becde5ed5fb0365b4f2b0d80356bd1510dab26b0,20160,120960
WALLABY J131355-115301,NGC 5044 TR3,NGC5044,16,profile_rejected,negative source annular moment-0 weight; no clipping is allowed,False,,,,36x35,55x36x35,160,6.000000000012,36865.9765625,17,https://ws.cadc-ccda.hia-iha.nrc-cnrc.gc.ca/data/pub/WALLABY/WALLABY_J131355-115301_NGC_5044_TR3_mom0.fits,https://ws.cadc-ccda.hia-iha.nrc-cnrc.gc.ca/data/pub/WALLABY/WALLABY_J131355-115301_NGC_5044_TR3_mask.fits,caa96b55661ed9e9803ffaf73486db1844c20b2db82806f21b998d8d455b8122,e6ee4973352a5148e198f4f849eb1e5e5b025e86cc366d82338c4c4c50765d55,17280,83520
WALLABY J131359-183536,NGC 5044 TR3,NGC5044,2,profile_rejected,negative source annular moment-0 weight; no clipping is allowed,False,,,,36x39,67x36x39,271,6.000000000012,140170.0,42,https://ws.cadc-ccda.hia-iha.nrc-cnrc.gc.ca/data/pub/WALLABY/WALLABY_J131359-183536_NGC_5044_TR3_mom0.fits,https://ws.cadc-ccda.hia-iha.nrc-cnrc.gc.ca/data/pub/WALLABY/WALLABY_J131359-183536_NGC_5044_TR3_mask.fits,60f03156d7b90d53548ac7be7ef15692ad6ecc397f08f2e655ed90dfe7e0f892,4c2cfbf1ad080ad1b4482a3c1519b2954ac6382168eff47905d109aea6d87359,17280,106560
WALLABY J131400-164707,NGC 5044 TR3,NGC5044,5,profile_rejected,negative source annular moment-0 weight; no clipping is allowed,False,,,,44x59,89x44x59,639,6.000000000012,456475.25,158,https://ws.cadc-ccda.hia-iha.nrc-cnrc.gc.ca/data/pub/WALLABY/WALLABY_J131400-164707_NGC_5044_TR3_mom0.fits,https://ws.cadc-ccda.hia-iha.nrc-cnrc.gc.ca/data/pub/WALLABY/WALLABY_J131400-164707_NGC_5044_TR3_mask.fits,9f6a4d23d3f3d66a95b4e4f574a42c7fcff66a35cd5f27821dafaa8d48a02634,53b0240bfb8ec0eadae8c1e044eebf624c9dd969a3c04e0f0827f3149daf4ae6,23040,244800
WALLABY J131403-120644,NGC 5044 TR3,NGC5044,4,pass,,False,10,0.8704491421143231,60.000000000120004,35x35,55x35x35,170,6.000000000012,53065.95703125,24,https://ws.cadc-ccda.hia-iha.nrc-cnrc.gc.ca/data/pub/WALLABY/WALLABY_J131403-120644_NGC_5044_TR3_mom0.fits,https://ws.cadc-ccda.hia-iha.nrc-cnrc.gc.ca/data/pub/WALLABY/WALLABY_J131403-120644_NGC_5044_TR3_mask.fits,35ca310e9f12e0fc823ee4848db354d1fb6744e4342a61da5d800f34c5454fa9,7a72590e796a9aa3fdd75aaca3f1fe954977c1dc537f7b86bad7d8d3919d65c4,17280,80640
WALLABY J131405-155538,NGC 5044 TR3,NGC5044,6,profile_rejected,negative source annular moment-0 weight; no clipping is allowed,False,,,,34x33,70x34x33,142,6.000000000012,49325.0859375,12,https://ws.cadc-ccda.hia-iha.nrc-cnrc.gc.ca/data/pub/WALLABY/WALLABY_J131405-155538_NGC_5044_TR3_mom0.fits,https://ws.cadc-ccda.hia-iha.nrc-cnrc.gc.ca/data/pub/WALLABY/WALLABY_J131405-155538_NGC_5044_TR3_mask.fits,1859af2446a40153f32fb8984a7f187bf05f3e900555f92ceaa369c666b0f90f,a1ed7d86a4c4b5fd338ddf2653aa7c1ba95f30032c4968f2dc1d00b436b3e9bb,17280,92160
WALLABY J131408-141038,NGC 5044 TR3,NGC5044,1,profile_rejected,negative source annular moment-0 weight; no clipping is allowed,False,,,,35x38,87x35x38,214,6.000000000012,110320.265625,50,https://ws.cadc-ccda.hia-iha.nrc-cnrc.gc.ca/data/pub/WALLABY/WALLABY_J131408-141038_NGC_5044_TR3_mom0.fits,https://ws.cadc-ccda.hia-iha.nrc-cnrc.gc.ca/data/pub/WALLABY/WALLABY_J131408-141038_NGC_5044_TR3_mask.fits,0aac679298a84864667b14e0251c34a33f94855e3f6e1458b2ef8f9f5213c25c,2d3cd8ef0009594297a88a293643dae6630f1dd38d5aec19af98b975df4fb21d,17280,129600
WALLABY J131409-171242,NGC 5044 TR3,NGC5044,13,pass,,False,9,0.8756244733109346,54.000000000108,36x34,62x36x34,176,6.000000000012,46838.95703125,15,https://ws.cadc-ccda.hia-iha.nrc-cnrc.gc.ca/data/pub/WALLABY/WALLABY_J131409-171242_NGC_5044_TR3_mom0.fits,https://ws.cadc-ccda.hia-iha.nrc-cnrc.gc.ca/data/pub/WALLABY/WALLABY_J131409-171242_NGC_5044_TR3_mask.fits,b8ff314bca921637d6f7563513b73390a8f6ed6b052ead8e6603bdb22695787c,8a7b5d7899153643f3c64700c8055e13e90290d5e663db7fce42496683dc420a,17280,89280
WALLABY J131410-132513,NGC 5044 TR3,NGC5044,23,pass,,False,14,0.5358879260669819,84.000000000168,37x37,83x37x37,184,6.000000000012,56601.5625,24,https://ws.cadc-ccda.hia-iha.nrc-cnrc.gc.ca/data/pub/WALLABY/WALLABY_J131410-132513_NGC_5044_TR3_mom0.fits,https://ws.cadc-ccda.hia-iha.nrc-cnrc.gc.ca/data/pub/WALLABY/WALLABY_J131410-132513_NGC_5044_TR3_mask.fits,4b6589c59ea002a3d64fc51cd488c8e6ea0d9b170a5d00ec0d44cecd961a0a0b,34c4d94550da8806c042edd5f9dfd5a2e1dd76dd2b88db5c475eeadbf5580c95,17280,126720
WALLABY J131410-213942,NGC 5044 TR3,NGC5044,5,profile_rejected,negative source annular moment-0 weight; no clipping is allowed,False,,,,49x47,69x49x47,571,6.000000000012,455793.8125,73,https://ws.cadc-ccda.hia-iha.nrc-cnrc.gc.ca/data/pub/WALLABY/WALLABY_J131410-213942_NGC_5044_TR3_mom0.fits,https://ws.cadc-ccda.hia-iha.nrc-cnrc.gc.ca/data/pub/WALLABY/WALLABY_J131410-213942_NGC_5044_TR3_mask.fits,8073103faffeaf092ad034cc71f82913b6ba1b207f58a2da78f74f1919f85330,e4301e0f3389d75c7d130d690eae0017b9e2949680e631d54789a64d78094d4d,23040,172800
WALLABY J131413-125346,NGC 5044 TR3,NGC5044,13,pass,,False,12,0.6265176081578979,72.000000000144,33x39,54x33x39,152,6.000000000012,41290.2109375,19,https://ws.cadc-ccda.hia-iha.nrc-cnrc.gc.ca/data/pub/WALLABY/WALLABY_J131413-125346_NGC_5044_TR3_mom0.fits,https://ws.cadc-ccda.hia-iha.nrc-cnrc.gc.ca/data/pub/WALLABY/WALLABY_J131413-125346_NGC_5044_TR3_mask.fits,2da496bc506fcc23b7d6f6711694c856ddc4289cb2341c68515097d8fc976806,4a3cb28772a1136e29d6c85b1bcfc4eaa39b9e3a8b5ffd84044573be2ab2f544,17280,83520
WALLABY J131415-141108,NGC 5044 TR3,NGC5044,10,pass,,False,17,0.6098587033842572,102.000000000204,38x43,101x38x43,340,6.000000000012,164191.4375,34,https://ws.cadc-ccda.hia-iha.nrc-cnrc.gc.ca/data/pub/WALLABY/WALLABY_J131415-141108_NGC_5044_TR3_mom0.fits,https://ws.cadc-ccda.hia-iha.nrc-cnrc.gc.ca/data/pub/WALLABY/WALLABY_J131415-141108_NGC_5044_TR3_mask.fits,a4533afa1e5269881b548ddb4962942c6219a63b30cc02a0e2aa3f1fada176fe,24f9dff2b4a38712164b308872db776ebfe16483f46a263699ef0ddd11493083,20160,178560
WALLABY J131417-120754,NGC 5044 TR3,NGC5044,23,profile_rejected,negative source annular moment-0 weight; no clipping is allowed,False,,,,39x40,75x39x40,286,6.000000000012,122386.8359375,61,https://ws.cadc-ccda.hia-iha.nrc-cnrc.gc.ca/data/pub/WALLABY/WALLABY_J131417-120754_NGC_5044_TR3_mom0.fits,https://ws.cadc-ccda.hia-iha.nrc-cnrc.gc.ca/data/pub/WALLABY/WALLABY_J131417-120754_NGC_5044_TR3_mask.fits,1a6bd3007c5b0f79f62f2c237e5b14285142ebdd1f02ff4fb57ea517a5043607,074b302cc57dc0d29cc5e25960a4fc5c3179a20785c0b56b97058b5be6d005b1,20160,129600
WALLABY J131420-115314,NGC 5044 TR3,NGC5044,6,profile_rejected,negative source annular moment-0 weight; no clipping is allowed,False,,,,42x34,57x42x34,157,6.000000000012,41417.7421875,17,https://ws.cadc-ccda.hia-iha.nrc-cnrc.gc.ca/data/pub/WALLABY/WALLABY_J131420-115314_NGC_5044_TR3_mom0.fits,https://ws.cadc-ccda.hia-iha.nrc-cnrc.gc.ca/data/pub/WALLABY/WALLABY_J131420-115314_NGC_5044_TR3_mask.fits,465455aa8f5c6f8eaea5e5138c5d7a3cf124869b9ba59e4492d8b9c9515dadfc,7444da01fc537717d0f5176e58c6e287169e2f6a9516a0995cfb161aa8cbdbd0,17280,95040
WALLABY J131420-122736,NGC 5044 TR3,NGC5044,19,pass,,False,16,0.7235268378258162,96.000000000192,44x38,119x44x38,294,6.000000000012,116099.75,37,https://ws.cadc-ccda.hia-iha.nrc-cnrc.gc.ca/data/pub/WALLABY/WALLABY_J131420-122736_NGC_5044_TR3_mom0.fits,https://ws.cadc-ccda.hia-iha.nrc-cnrc.gc.ca/data/pub/WALLABY/WALLABY_J131420-122736_NGC_5044_TR3_mask.fits,2013af9736b9bb3dd2850c24382a2d0e05b09a9893895d4f98f3ca052b3725e2,521615ec4003823e13da0869c2b1102f9dd6d6a8561a8eb0af1b493b30e786b9,20160,213120
WALLABY J131425-150115,NGC 5044 TR3,NGC5044,21,profile_rejected,negative source annular moment-0 weight; no clipping is allowed,False,,,,39x38,66x39x38,258,6.000000000012,81140.546875,62,https://ws.cadc-ccda.hia-iha.nrc-cnrc.gc.ca/data/pub/WALLABY/WALLABY_J131425-150115_NGC_5044_TR3_mom0.fits,https://ws.cadc-ccda.hia-iha.nrc-cnrc.gc.ca/data/pub/WALLABY/WALLABY_J131425-150115_NGC_5044_TR3_mask.fits,e096421b519866c3dda5731a4500724d8b289609acdddae51ead228460d3b788,f36a0a0d527a87e806b43bd34a89df47a5037ceac19c90aa3829368648b5646c,20160,109440
WALLABY J131426-203916,NGC 5044 TR3,NGC5044,9,profile_rejected,negative source annular moment-0 weight; no clipping is allowed,False,,,,42x45,63x42x45,403,6.000000000012,178701.03125,99,https://ws.cadc-ccda.hia-iha.nrc-cnrc.gc.ca/data/pub/WALLABY/WALLABY_J131426-203916_NGC_5044_TR3_mom0.fits,https://ws.cadc-ccda.hia-iha.nrc-cnrc.gc.ca/data/pub/WALLABY/WALLABY_J131426-203916_NGC_5044_TR3_mask.fits,ea6b3e35f4888087f9766201f664ec9bc89e239184064d2ee87b704a41d6c2a4,d1b3819c49a16f2ccda71af6382498503b94ef97a7b900b88c5dbbce72c0a6f4,20160,132480
WALLABY J131430-102917,NGC 5044 TR3,NGC5044,12,profile_rejected,negative source annular moment-0 weight; no clipping is allowed,False,,,,33x41,85x33x41,195,6.000000000012,93936.5625,46,https://ws.cadc-ccda.hia-iha.nrc-cnrc.gc.ca/data/pub/WALLABY/WALLABY_J131430-102917_NGC_5044_TR3_mom0.fits,https://ws.cadc-ccda.hia-iha.nrc-cnrc.gc.ca/data/pub/WALLABY/WALLABY_J131430-102917_NGC_5044_TR3_mask.fits,9bb035a458a77ab78a6c3475116ab2c0042fe5bf736500494179ddf52153a7f3,d4fcc0231604b0d8297e583c931918aec35a885bf1295357309353c987f8ec05,17280,126720
WALLABY J131431-105651,NGC 5044 TR3,NGC5044,21,pass,,False,13,0.8702451818153412,78.000000000156,42x39,63x42x39,318,6.000000000012,185288.78125,36,https://ws.cadc-ccda.hia-iha.nrc-cnrc.gc.ca/data/pub/WALLABY/WALLABY_J131431-105651_NGC_5044_TR3_mom0.fits,https://ws.cadc-ccda.hia-iha.nrc-cnrc.gc.ca/data/pub/WALLABY/WALLABY_J131431-105651_NGC_5044_TR3_mask.fits,da0c79c66f3f72b9857a0c4596884cabb61ec7df4c725ccb7678559c5f775493,44a17eee25a57ff9c36fde60451edbf69b9b0667300ed3caf96795b78604ba12,20160,115200
WALLABY J131431-162247,NGC 5044 TR3,NGC5044,21,profile_rejected,negative source annular moment-0 weight; no clipping is allowed,False,,,,45x49,77x45x49,450,6.000000000012,378518.625,103,https://ws.cadc-ccda.hia-iha.nrc-cnrc.gc.ca/data/pub/WALLABY/WALLABY_J131431-162247_NGC_5044_TR3_mom0.fits,https://ws.cadc-ccda.hia-iha.nrc-cnrc.gc.ca/data/pub/WALLABY/WALLABY_J131431-162247_NGC_5044_TR3_mask.fits,46efa0cd32ab8e4f144a8e2c181dbbc0a916e5bb170f16f962811eaadf1328aa,234390a3e5c33312bf6ac489280684b9a2f6f3e23112c086e57bf2be992b3e91,23040,181440
WALLABY J131434-145005,NGC 5044 TR3,NGC5044,12,pass,,False,28,0.39113667513380435,168.000000000336,52x39,84x52x39,334,6.000000000012,112978.40625,24,https://ws.cadc-ccda.hia-iha.nrc-cnrc.gc.ca/data/pub/WALLABY/WALLABY_J131434-145005_NGC_5044_TR3_mom0.fits,https://ws.cadc-ccda.hia-iha.nrc-cnrc.gc.ca/data/pub/WALLABY/WALLABY_J131434-145005_NGC_5044_TR3_mask.fits,759ca17083ad15a6b8d2b5e1756fc5be0599bd176b97969b60bbacf3074b9259,f7d6a11b59046d23d2966bb4e92d3ae952866170d48d4e74f332e0620743ee08,20160,184320
WALLABY J131435-181723,NGC 5044 TR3,NGC5044,13,profile_rejected,negative source annular moment-0 weight; no clipping is allowed,False,,,,34x34,51x34x34,148,6.000000000012,37609.453125,31,https://ws.cadc-ccda.hia-iha.nrc-cnrc.gc.ca/data/pub/WALLABY/WALLABY_J131435-181723_NGC_5044_TR3_mom0.fits,https://ws.cadc-ccda.hia-iha.nrc-cnrc.gc.ca/data/pub/WALLABY/WALLABY_J131435-181723_NGC_5044_TR3_mask.fits,077369fdc44a27864a2be72b091eeaf363238987d5aa09455ef423a4ffdf62ea,b8fc6b6bfb791fef5d33da06016b5fecd6a06130d596cca7a265f030110dba29,17280,72000
WALLABY J131435-195619,NGC 5044 TR3,NGC5044,8,profile_rejected,source radial support contains fewer than 8 pixel-scale annuli,False,,,,27x28,53x27x28,38,6.000000000012,20122.3046875,0,https://ws.cadc-ccda.hia-iha.nrc-cnrc.gc.ca/data/pub/WALLABY/WALLABY_J131435-195619_NGC_5044_TR3_mom0.fits,https://ws.cadc-ccda.hia-iha.nrc-cnrc.gc.ca/data/pub/WALLABY/WALLABY_J131435-195619_NGC_5044_TR3_mask.fits,2bb364996242f3efaf6a71622ca7e0df37da2cb07d88cede9ac788d2d548ba8d,317272ec20c2cbb747c17bc5e5043ad7127e8fabe3656d451231d312dea3a42c,17280,51840
WALLABY J131439-155030,NGC 5044 TR3,NGC5044,7,profile_rejected,negative source annular moment-0 weight; no clipping is allowed,False,,,,39x37,54x39x37,235,6.000000000012,65903.046875,34,https://ws.cadc-ccda.hia-iha.nrc-cnrc.gc.ca/data/pub/WALLABY/WALLABY_J131439-155030_NGC_5044_TR3_mom0.fits,https://ws.cadc-ccda.hia-iha.nrc-cnrc.gc.ca/data/pub/WALLABY/WALLABY_J131439-155030_NGC_5044_TR3_mask.fits,196eb52ec23bec401f636e8ef81eda4cf8cd064665510664d53e876512381926,d35a594367c8c50b6589e6fd7be8b2dfc8aee3d67c947ce674d1c66a17557636,20160,92160
WALLABY J131441-112033,NGC 5044 TR3,NGC5044,22,profile_rejected,negative source annular moment-0 weight; no clipping is allowed,False,,,,49x42,130x49x42,437,6.000000000012,322936.6875,82,https://ws.cadc-ccda.hia-iha.nrc-cnrc.gc.ca/data/pub/WALLABY/WALLABY_J131441-112033_NGC_5044_TR3_mom0.fits,https://ws.cadc-ccda.hia-iha.nrc-cnrc.gc.ca/data/pub/WALLABY/WALLABY_J131441-112033_NGC_5044_TR3_mask.fits,3b6089253945abbf865b97beaaaf020aed768070d71cc39ac2f112b4989e7cc2,4a1e86b68c62aa12a5adb71738f72d4b455c57995ea1ece6570f3d033ac13131,20160,279360
WALLABY J131441-184647,NGC 5044 TR3,NGC5044,9,pass,,False,15,0.7501275610724139,90.00000000018001,39x44,83x39x44,325,6.000000000012,147653.75,71,https://ws.cadc-ccda.hia-iha.nrc-cnrc.gc.ca/data/pub/WALLABY/WALLABY_J131441-184647_NGC_5044_TR3_mom0.fits,https://ws.cadc-ccda.hia-iha.nrc-cnrc.gc.ca/data/pub/WALLABY/WALLABY_J131441-184647_NGC_5044_TR3_mask.fits,d385cf5d33f5c5b2d1b568825744ea85be3dd4a7a30c30eb8f784a2b33cb0914,cf52859ed18cb34c57846987dd3807321bdf97133714aa842d6785a4cf7b6b80,20160,155520
WALLABY J131444-172117,NGC 5044 TR3,NGC5044,16,profile_rejected,negative source annular moment-0 weight; no clipping is allowed,False,,,,36x34,86x36x34,190,6.000000000012,93009.640625,35,https://ws.cadc-ccda.hia-iha.nrc-cnrc.gc.ca/data/pub/WALLABY/WALLABY_J131444-172117_NGC_5044_TR3_mom0.fits,https://ws.cadc-ccda.hia-iha.nrc-cnrc.gc.ca/data/pub/WALLABY/WALLABY_J131444-172117_NGC_5044_TR3_mask.fits,c179015731c7e3362d2a64f1b0662ddbe129040701f234faafc4a5d700e94ba6,7909ff8578525b8c970cfce8f53c9984ea7eab432c61b2652d4fd7cced243114,17280,118080
WALLABY J131447-112436,NGC 5044 TR3,NGC5044,11,profile_rejected,negative source annular moment-0 weight; no clipping is allowed,False,,,,36x37,52x36x37,186,6.000000000012,45818.421875,36,https://ws.cadc-ccda.hia-iha.nrc-cnrc.gc.ca/data/pub/WALLABY/WALLABY_J131447-112436_NGC_5044_TR3_mom0.fits,https://ws.cadc-ccda.hia-iha.nrc-cnrc.gc.ca/data/pub/WALLABY/WALLABY_J131447-112436_NGC_5044_TR3_mask.fits,0ec10caf1535b4fabb75c9f9d007ad7bd94c2e6f692a0d047c0778c5fd819a0f,077f30a0e7061c349e68b2e6b9bbd72d1f9ca9487d41233ceb98cbdfb2df78a4,17280,83520
WALLABY J131448-163249,NGC 5044 TR3,NGC5044,1,pass,,False,13,0.6102418912231471,78.000000000156,32x38,54x32x38,140,6.000000000012,34032.109375,10,https://ws.cadc-ccda.hia-iha.nrc-cnrc.gc.ca/data/pub/WALLABY/WALLABY_J131448-163249_NGC_5044_TR3_mom0.fits,https://ws.cadc-ccda.hia-iha.nrc-cnrc.gc.ca/data/pub/WALLABY/WALLABY_J131448-163249_NGC_5044_TR3_mask.fits,79371de8e5db354c8d2cc0630fa3575b2032ac6fcee47445e61a5300278558e6,6d00e9ab6ebea0624a6b25f1f9aa8083c54abd3e8c0785af9a0e42cb2f5509ad,17280,77760
WALLABY J131449-134343,NGC 5044 TR3,NGC5044,21,profile_rejected,negative source annular moment-0 weight; no clipping is allowed,False,,,,53x49,89x53x49,616,6.000000000012,273018.0,73,https://ws.cadc-ccda.hia-iha.nrc-cnrc.gc.ca/data/pub/WALLABY/WALLABY_J131449-134343_NGC_5044_TR3_mom0.fits,https://ws.cadc-ccda.hia-iha.nrc-cnrc.gc.ca/data/pub/WALLABY/WALLABY_J131449-134343_NGC_5044_TR3_mask.fits,1dfe6cfd9dc70a350bc2843ca9a573c02d20a8df8de5d4fc36aa38c8bf37e892,3d7a13e00c63f9fbaa0e06623e855f56f2cf59d61a10678d0fabd5f3d21e08e8,23040,244800
WALLABY J131451-143740,NGC 5044 TR3,NGC5044,14,pass,,False,13,0.8368979941720996,78.000000000156,37x40,104x37x40,218,6.000000000012,61381.71875,26,https://ws.cadc-ccda.hia-iha.nrc-cnrc.gc.ca/data/pub/WALLABY/WALLABY_J131451-143740_NGC_5044_TR3_mom0.fits,https://ws.cadc-ccda.hia-iha.nrc-cnrc.gc.ca/data/pub/WALLABY/WALLABY_J131451-143740_NGC_5044_TR3_mask.fits,4464a9952ec557b6d74ce526c48d375230c8e3763de940f8c354f23e6c6c53ca,f1529794fd628ca92317feab2d1b689039074de7a3d3d046e314cb730b6bdc52,20160,167040
WALLABY J131459-120748,NGC 5044 TR3,NGC5044,19,profile_rejected,source radial support contains fewer than 8 pixel-scale annuli,False,,,,32x28,105x32x28,103,6.000000000012,30552.478515625,16,https://ws.cadc-ccda.hia-iha.nrc-cnrc.gc.ca/data/pub/WALLABY/WALLABY_J131459-120748_NGC_5044_TR3_mom0.fits,https://ws.cadc-ccda.hia-iha.nrc-cnrc.gc.ca/data/pub/WALLABY/WALLABY_J131459-120748_NGC_5044_TR3_mask.fits,e3ca8720ee92294c493344307b0a24a7ab013976ec11dd1f4829b58d883eff53,e894fcf56c1557cdac1af96b0ddd800489b65183869687f36cd7ee2c33ed41d0,17280,106560
WALLABY J131459-171601,NGC 5044 TR3,NGC5044,16,profile_rejected,negative source annular moment-0 weight; no clipping is allowed,False,,,,38x43,84x38x43,329,6.000000000012,305152.09375,90,https://ws.cadc-ccda.hia-iha.nrc-cnrc.gc.ca/data/pub/WALLABY/WALLABY_J131459-171601_NGC_5044_TR3_mom0.fits,https://ws.cadc-ccda.hia-iha.nrc-cnrc.gc.ca/data/pub/WALLABY/WALLABY_J131459-171601_NGC_5044_TR3_mask.fits,e6d5cb9ac90107392f60b1b251435058265b8fdfccabe91c02b7a30c699de0c4,13e5242b9315a9447feb655165d28a32ba50773ae6f5735a3d267f233b5080f3,20160,149760
WALLABY J131502-183430,NGC 5044 TR3,NGC5044,16,profile_rejected,negative source annular moment-0 weight; no clipping is allowed,False,,,,36x35,58x36x35,171,6.000000000012,40294.69140625,34,https://ws.cadc-ccda.hia-iha.nrc-cnrc.gc.ca/data/pub/WALLABY/WALLABY_J131502-183430_NGC_5044_TR3_mom0.fits,https://ws.cadc-ccda.hia-iha.nrc-cnrc.gc.ca/data/pub/WALLABY/WALLABY_J131502-183430_NGC_5044_TR3_mask.fits,e8631c30b73c2a50806c3d8ab3adcf542560977f0d360bd41c7653839c2a475a,52df301553617e908b9448067f68a0da55bcd18a15190e7ae6107000b452fb7b,17280,89280
WALLABY J131503-192914,NGC 5044 TR3,NGC5044,19,profile_rejected,negative source annular moment-0 weight; no clipping is allowed,False,,,,41x38,67x41x38,251,6.000000000012,97553.4296875,62,https://ws.cadc-ccda.hia-iha.nrc-cnrc.gc.ca/data/pub/WALLABY/WALLABY_J131503-192914_NGC_5044_TR3_mom0.fits,https://ws.cadc-ccda.hia-iha.nrc-cnrc.gc.ca/data/pub/WALLABY/WALLABY_J131503-192914_NGC_5044_TR3_mask.fits,9999750b139adb4f90781d4742766e1417aff00c042c5b4fc5049be244f7000e,e074a0c24b24d286b57d5cf0985e8d8add47308d934d50b024c625c0ebf02781,20160,118080
WALLABY J131509-210140,NGC 5044 TR3,NGC5044,21,profile_rejected,negative source annular moment-0 weight; no clipping is allowed,False,,,,42x38,113x42x38,298,6.000000000012,202923.8125,62,https://ws.cadc-ccda.hia-iha.nrc-cnrc.gc.ca/data/pub/WALLABY/WALLABY_J131509-210140_NGC_5044_TR3_mom0.fits,https://ws.cadc-ccda.hia-iha.nrc-cnrc.gc.ca/data/pub/WALLABY/WALLABY_J131509-210140_NGC_5044_TR3_mask.fits,8410f07e620061e7a02412862752469b7c4dd6df0cfe1ae47f9bfc21b11c9ce4,96bc9517f02e77629bff71f868e9b80bbb70bdda5c9e4a381602915234f43542,20160,195840
WALLABY J131512-175802,NGC 5044 TR3,NGC5044,17,pass,,False,25,0.8385546329406421,150.0000000003,58x48,61x58x48,719,6.000000000012,450555.1875,97,https://ws.cadc-ccda.hia-iha.nrc-cnrc.gc.ca/data/pub/WALLABY/WALLABY_J131512-175802_NGC_5044_TR3_mom0.fits,https://ws.cadc-ccda.hia-iha.nrc-cnrc.gc.ca/data/pub/WALLABY/WALLABY_J131512-175802_NGC_5044_TR3_mask.fits,0ed530beb2115ea59f3f64bc1401f3791f92d4395fe3692325728be30f1e4cce,4f232b7a374da825ae8277a32f6eb34345ef7f4e83d55854ff802c46043f9f44,23040,181440
WALLABY J131516-145919,NGC 5044 TR3,NGC5044,16,pass,,False,11,0.7204345416728137,66.000000000132,35x37,50x35x37,192,6.000000000012,49890.04296875,30,https://ws.cadc-ccda.hia-iha.nrc-cnrc.gc.ca/data/pub/WALLABY/WALLABY_J131516-145919_NGC_5044_TR3_mom0.fits,https://ws.cadc-ccda.hia-iha.nrc-cnrc.gc.ca/data/pub/WALLABY/WALLABY_J131516-145919_NGC_5044_TR3_mask.fits,f05c5305d7c7d85ac100b3811f4396104fb5a24a9eb0226abd44c53c17bf6d30,5a9ada65753ff3ffdb7afb9a8735206b65cfa6e2eb4cdb9d2db2d160a58e2852,17280,77760
WALLABY J131524-154106,NGC 5044 TR3,NGC5044,15,pass,,False,9,0.8028408876266422,54.000000000108,32x36,55x32x36,148,6.000000000012,49417.9609375,10,https://ws.cadc-ccda.hia-iha.nrc-cnrc.gc.ca/data/pub/WALLABY/WALLABY_J131524-154106_NGC_5044_TR3_mom0.fits,https://ws.cadc-ccda.hia-iha.nrc-cnrc.gc.ca/data/pub/WALLABY/WALLABY_J131524-154106_NGC_5044_TR3_mask.fits,c18d5c569709d13a9ad4716bd4b3c1a46d00081aee723034d89ea9a34d5306fd,1ca323617cfdeaa54060fa49e117a6f883b56b939f7cb7f32bbf08003318aeeb,17280,74880
WALLABY J131526-132732,NGC 5044 TR3,NGC5044,16,pass,,False,21,0.34826901383869174,126.000000000252,44x32,91x44x32,161,6.000000000012,42517.58203125,21,https://ws.cadc-ccda.hia-iha.nrc-cnrc.gc.ca/data/pub/WALLABY/WALLABY_J131526-132732_NGC_5044_TR3_mom0.fits,https://ws.cadc-ccda.hia-iha.nrc-cnrc.gc.ca/data/pub/WALLABY/WALLABY_J131526-132732_NGC_5044_TR3_mask.fits,cd43c72f71d3d7a4fc06531d414063708b4cd1bf5f5fec13e5b6d641293b8b21,a405b22121fd85cda4eae5a96601993a67338006bb6f7e035b5c0bdada15a3a0,17280,141120
WALLABY J131528-131929,NGC 5044 TR3,NGC5044,14,pass,,False,13,0.765524637008622,78.000000000156,37x40,79x37x40,257,6.000000000012,103783.5625,28,https://ws.cadc-ccda.hia-iha.nrc-cnrc.gc.ca/data/pub/WALLABY/WALLABY_J131528-131929_NGC_5044_TR3_mom0.fits,https://ws.cadc-ccda.hia-iha.nrc-cnrc.gc.ca/data/pub/WALLABY/WALLABY_J131528-131929_NGC_5044_TR3_mask.fits,d311f009f6e210d4ef8f06b794f11bacacae147f2127549b9724e92efbbb3e25,40df494243d1fc2abe1efec73410457b844953c7980d2a42cab5658911e529b5,20160,129600
WALLABY J131528-151151,NGC 5044 TR3,NGC5044,7,profile_rejected,source radial support contains fewer than 8 pixel-scale annuli,False,,,,31x31,42x31x31,88,6.000000000012,28515.921875,1,https://ws.cadc-ccda.hia-iha.nrc-cnrc.gc.ca/data/pub/WALLABY/WALLABY_J131528-151151_NGC_5044_TR3_mom0.fits,https://ws.cadc-ccda.hia-iha.nrc-cnrc.gc.ca/data/pub/WALLABY/WALLABY_J131528-151151_NGC_5044_TR3_mask.fits,53c81ea0a84641200caccf19b7440b53106a369fa05bbbf278c6dd46a1f9d90d,40b89ca8fd135ebce84a47a24c8dd9f77104ddf30df9df7760f059c34c42585e,17280,54720
WALLABY J131532-161726,NGC 5044 TR3,NGC5044,21,pass,,False,14,0.5748018223321629,84.000000000168,42x32,64x42x32,181,6.000000000012,61734.4140625,18,https://ws.cadc-ccda.hia-iha.nrc-cnrc.gc.ca/data/pub/WALLABY/WALLABY_J131532-161726_NGC_5044_TR3_mom0.fits,https://ws.cadc-ccda.hia-iha.nrc-cnrc.gc.ca/data/pub/WALLABY/WALLABY_J131532-161726_NGC_5044_TR3_mask.fits,11d3fb46fe4a28bdd2a4452da859d6c3df5b5005800d69936aa7b83e2f17b9a3,dcfab57976c90cb651b8692e4ddf646eb8e968bc923ae7fc49e41a15206272b2,17280,97920
WALLABY J131533-170024,NGC 5044 TR3,NGC5044,5,profile_rejected,negative source annular moment-0 weight; no clipping is allowed,False,,,,45x33,67x45x33,254,6.000000000012,60054.28125,36,https://ws.cadc-ccda.hia-iha.nrc-cnrc.gc.ca/data/pub/WALLABY/WALLABY_J131533-170024_NGC_5044_TR3_mom0.fits,https://ws.cadc-ccda.hia-iha.nrc-cnrc.gc.ca/data/pub/WALLABY/WALLABY_J131533-170024_NGC_5044_TR3_mask.fits,5384889b47e0a43c8f51b0ee789a4568f22cb5208562f2d434d7cbf6b7a54488,9df1cafc01c6a32deb6bc5ea908779e440c34b9eb770a081b4e97964e651081e,20160,112320
WALLABY J131535-142104,NGC 5044 TR3,NGC5044,5,pass,,False,10,0.714664580183234,60.000000000120004,36x34,79x36x34,164,6.000000000012,78317.578125,19,https://ws.cadc-ccda.hia-iha.nrc-cnrc.gc.ca/data/pub/WALLABY/WALLABY_J131535-142104_NGC_5044_TR3_mom0.fits,https://ws.cadc-ccda.hia-iha.nrc-cnrc.gc.ca/data/pub/WALLABY/WALLABY_J131535-142104_NGC_5044_TR3_mask.fits,878c6f2c21ddccb87b90dca4c405e7168c5b4de2d4dcde1585830032fa694046,94caa6925286ba24c5f01ebc72dc3ae2284bf2309b75dc681b127d8f0f79f818,17280,109440
WALLABY J131543-124057,NGC 5044 TR3,NGC5044,23,profile_rejected,negative source annular moment-0 weight; no clipping is allowed,False,,,,34x36,76x34x36,171,6.000000000012,57428.1640625,31,https://ws.cadc-ccda.hia-iha.nrc-cnrc.gc.ca/data/pub/WALLABY/WALLABY_J131543-124057_NGC_5044_TR3_mom0.fits,https://ws.cadc-ccda.hia-iha.nrc-cnrc.gc.ca/data/pub/WALLABY/WALLABY_J131543-124057_NGC_5044_TR3_mask.fits,4b9b2ee3782fc5c37ce40928799226fbf248742b91c2c512c104ad3a06c9778e,adf10d48092b8fe91495ccf6027ca42e2047f12730441e213013d326d0486790,17280,106560
WALLABY J131547-155957,NGC 5044 TR3,NGC5044,17,profile_rejected,negative source annular moment-0 weight; no clipping is allowed,False,,,,40x40,93x40x40,319,6.000000000012,137288.375,36,https://ws.cadc-ccda.hia-iha.nrc-cnrc.gc.ca/data/pub/WALLABY/WALLABY_J131547-155957_NGC_5044_TR3_mom0.fits,https://ws.cadc-ccda.hia-iha.nrc-cnrc.gc.ca/data/pub/WALLABY/WALLABY_J131547-155957_NGC_5044_TR3_mask.fits,6d97e077fbcc59cc46767016641b3a2d0f496502f55594df27250e4719d898ab,f70d40273f7a8ada9e719887e89cc9d8942d4862c32d658a72df3923a2d918ec,20160,161280
WALLABY J131547-173827,NGC 5044 TR3,NGC5044,14,pass,,False,25,0.36318386616127635,150.0000000003,44x46,72x44x46,346,6.000000000012,85777.953125,45,https://ws.cadc-ccda.hia-iha.nrc-cnrc.gc.ca/data/pub/WALLABY/WALLABY_J131547-173827_NGC_5044_TR3_mom0.fits,https://ws.cadc-ccda.hia-iha.nrc-cnrc.gc.ca/data/pub/WALLABY/WALLABY_J131547-173827_NGC_5044_TR3_mask.fits,1fcfdb591e0daecf9abd88d70213cca925e6624547b1e51a2d894ee4c0cd6c11,a31b53d19aab47cfda3801a9b98638e01d4152803191b5dc6d387f15f5cf02ac,20160,158400
WALLABY J131548-150626,NGC 5044 TR3,NGC5044,14,profile_rejected,negative source annular moment-0 weight; no clipping is allowed,False,,,,44x41,81x44x41,279,6.000000000012,93224.078125,43,https://ws.cadc-ccda.hia-iha.nrc-cnrc.gc.ca/data/pub/WALLABY/WALLABY_J131548-150626_NGC_5044_TR3_mom0.fits,https://ws.cadc-ccda.hia-iha.nrc-cnrc.gc.ca/data/pub/WALLABY/WALLABY_J131548-150626_NGC_5044_TR3_mask.fits,58225938a4fc90a5ff8520140e6315dc9261a8aaef1c44651d87e5d0ba7304c9,cf08dd3a4563463bafb6cf70eae6565b825a271d2a2f22cf39ba1edc651260ed,20160,158400
WALLABY J131548-170147,NGC 5044 TR3,NGC5044,19,pass,,False,14,0.6860184181668694,84.000000000168,39x39,60x39x39,241,6.000000000012,57234.140625,31,https://ws.cadc-ccda.hia-iha.nrc-cnrc.gc.ca/data/pub/WALLABY/WALLABY_J131548-170147_NGC_5044_TR3_mom0.fits,https://ws.cadc-ccda.hia-iha.nrc-cnrc.gc.ca/data/pub/WALLABY/WALLABY_J131548-170147_NGC_5044_TR3_mask.fits,369624ce1fea68743bea99c602ea1b2b066ccd29ce24f3e9b1cbd73e384754fd,72c9edc61f3630bf19b899499cbc27431f2af1420dbdcec75e8824233ce69479,20160,103680
WALLABY J131551-131140,NGC 5044 TR3,NGC5044,0,profile_rejected,negative source annular moment-0 weight; no clipping is allowed,False,,,,39x33,85x39x33,169,6.000000000012,46580.734375,29,https://ws.cadc-ccda.hia-iha.nrc-cnrc.gc.ca/data/pub/WALLABY/WALLABY_J131551-131140_NGC_5044_TR3_mom0.fits,https://ws.cadc-ccda.hia-iha.nrc-cnrc.gc.ca/data/pub/WALLABY/WALLABY_J131551-131140_NGC_5044_TR3_mask.fits,7b0f9cffa0c31f636ced27dc76a5b5759a217c1bdd8bef2bafb782d01ae6b81f,c3a43565fc1d235372808faa883e311bd4cbb0e0486b81d145ace9b4cc6cf849,17280,120960
WALLABY J131551-161220,NGC 5044 TR3,NGC5044,4,pass,,False,11,0.7288773182864235,66.000000000132,34x36,102x34x36,171,6.000000000012,90282.6875,17,https://ws.cadc-ccda.hia-iha.nrc-cnrc.gc.ca/data/pub/WALLABY/WALLABY_J131551-161220_NGC_5044_TR3_mom0.fits,https://ws.cadc-ccda.hia-iha.nrc-cnrc.gc.ca/data/pub/WALLABY/WALLABY_J131551-161220_NGC_5044_TR3_mask.fits,c05c0d2674344ea185a6cff64c3eebb37539c0fad99b6bbce9e9fab88fcf875e,ae0c01ffa5ebcdd1a4a6fef73bff3f7efbc33db47e150f2eeb17f62f6e826b08,17280,138240
WALLABY J131554-145828,NGC 5044 TR3,NGC5044,15,pass,,False,14,0.5808591461433602,84.000000000168,35x36,63x35x36,183,6.000000000012,45661.421875,32,https://ws.cadc-ccda.hia-iha.nrc-cnrc.gc.ca/data/pub/WALLABY/WALLABY_J131554-145828_NGC_5044_TR3_mom0.fits,https://ws.cadc-ccda.hia-iha.nrc-cnrc.gc.ca/data/pub/WALLABY/WALLABY_J131554-145828_NGC_5044_TR3_mask.fits,fb6b7a8edebc078c15bb167c5b3834f6c9c77fe7b04c9bd527cc2554270c07f3,c4f10c5c733049bcc427c4bc0698df7a66b6fd43e04822846bc16ad63d10eb91,17280,92160
WALLABY J131600-185222,NGC 5044 TR3,NGC5044,13,pass,,False,9,0.7144751027549243,54.000000000108,35x32,62x35x32,147,6.000000000012,47016.5546875,8,https://ws.cadc-ccda.hia-iha.nrc-cnrc.gc.ca/data/pub/WALLABY/WALLABY_J131600-185222_NGC_5044_TR3_mom0.fits,https://ws.cadc-ccda.hia-iha.nrc-cnrc.gc.ca/data/pub/WALLABY/WALLABY_J131600-185222_NGC_5044_TR3_mask.fits,6e950ba9529e08cb8ebd7ca41b6ac15de4a2d1a375b66fadfec243ca1bcc2d98,ce446a2e393b5bb7a770fca84d0bbd23f644d5e6ed73b93fae7abe06ea29f6c5,17280,86400
WALLABY J131608-165949,NGC 5044 TR3,NGC5044,6,pass,,False,9,0.9315458628847436,54.000000000108,33x36,62x33x36,161,6.000000000012,68224.859375,21,https://ws.cadc-ccda.hia-iha.nrc-cnrc.gc.ca/data/pub/WALLABY/WALLABY_J131608-165949_NGC_5044_TR3_mom0.fits,https://ws.cadc-ccda.hia-iha.nrc-cnrc.gc.ca/data/pub/WALLABY/WALLABY_J131608-165949_NGC_5044_TR3_mask.fits,cf98c9aa62030b24ce84a23c183b138ee0e5eaa87a98991085efa058de9e578b,6fc1c1b209fe3f3e0630e6a8f1476ffae6c9044056e9e60953ab8ffb0aff735c,17280,86400
WALLABY J131611-174521,NGC 5044 TR3,NGC5044,3,profile_rejected,source radial support contains fewer than 8 pixel-scale annuli,False,,,,31x32,86x31x32,102,6.000000000012,42949.50390625,12,https://ws.cadc-ccda.hia-iha.nrc-cnrc.gc.ca/data/pub/WALLABY/WALLABY_J131611-174521_NGC_5044_TR3_mom0.fits,https://ws.cadc-ccda.hia-iha.nrc-cnrc.gc.ca/data/pub/WALLABY/WALLABY_J131611-174521_NGC_5044_TR3_mask.fits,912670273e86132d6404752b0ceea1b0afe741361ed0745f9d7dede240dafee1,1409e4cb9b96db64f1e7f83763ec01ebb06f8c0f66fc1ee38f7093edbaa5ca30,17280,97920
WALLABY J131611-191738,NGC 5044 TR3,NGC5044,21,profile_rejected,negative source annular moment-0 weight; no clipping is allowed,False,,,,36x36,86x36x36,191,6.000000000012,84831.25,28,https://ws.cadc-ccda.hia-iha.nrc-cnrc.gc.ca/data/pub/WALLABY/WALLABY_J131611-191738_NGC_5044_TR3_mom0.fits,https://ws.cadc-ccda.hia-iha.nrc-cnrc.gc.ca/data/pub/WALLABY/WALLABY_J131611-191738_NGC_5044_TR3_mask.fits,1151391c85ba4eb6cdcfbd82b3224038d0ea57d865eedf496d7f2b7457fc6aa2,f7e0b34a67bce9a355f1ffad2aceea4176ef6b7c68e1dd933a858f71d1e43e8a,17280,126720
WALLABY J131613-114335,NGC 5044 TR3,NGC5044,22,profile_rejected,negative source annular moment-0 weight; no clipping is allowed,False,,,,47x39,99x47x39,229,6.000000000012,64669.8671875,33,https://ws.cadc-ccda.hia-iha.nrc-cnrc.gc.ca/data/pub/WALLABY/WALLABY_J131613-114335_NGC_5044_TR3_mom0.fits,https://ws.cadc-ccda.hia-iha.nrc-cnrc.gc.ca/data/pub/WALLABY/WALLABY_J131613-114335_NGC_5044_TR3_mask.fits,6ddd8ce006c847f3adb5ea3a9c4ee38a57252555d637013a3910ade838d82852,78987d1afd615045e7f37dfdb8a525ee97db2acb6069f20b93b82c9f42a083fa,20160,195840
WALLABY J131616-122639,NGC 5044 TR3,NGC5044,12,profile_rejected,negative source annular moment-0 weight; no clipping is allowed,False,,,,32x32,57x32x32,118,6.000000000012,46628.4453125,6,https://ws.cadc-ccda.hia-iha.nrc-cnrc.gc.ca/data/pub/WALLABY/WALLABY_J131616-122639_NGC_5044_TR3_mom0.fits,https://ws.cadc-ccda.hia-iha.nrc-cnrc.gc.ca/data/pub/WALLABY/WALLABY_J131616-122639_NGC_5044_TR3_mask.fits,9d133cf6ed32d87823514111b4ee156af8cbe3aff25d11efd5236a1bdb586278,9a2be1bce1f4eaa4877ef2edff6670df76fcfdc1613e9ca749e091f48d010740,17280,72000
WALLABY J131618-190711,NGC 5044 TR3,NGC5044,5,pass,,False,10,0.755031202835128,60.000000000120004,32x37,60x32x37,147,6.000000000012,51021.75,9,https://ws.cadc-ccda.hia-iha.nrc-cnrc.gc.ca/data/pub/WALLABY/WALLABY_J131618-190711_NGC_5044_TR3_mom0.fits,https://ws.cadc-ccda.hia-iha.nrc-cnrc.gc.ca/data/pub/WALLABY/WALLABY_J131618-190711_NGC_5044_TR3_mask.fits,c69bd124d8f3ad85d1a490d4e6998fc197c0da21b174e0a3057fa193829a632b,55fa31b059c29d0366c51cad4444839dcb41554ed48af99732923539680fa08d,17280,86400
WALLABY J131618-204147,NGC 5044 TR3,NGC5044,7,pass,,False,22,0.7859224469858404,132.000000000264,49x57,75x49x57,584,6.000000000012,377921.5,69,https://ws.cadc-ccda.hia-iha.nrc-cnrc.gc.ca/data/pub/WALLABY/WALLABY_J131618-204147_NGC_5044_TR3_mom0.fits,https://ws.cadc-ccda.hia-iha.nrc-cnrc.gc.ca/data/pub/WALLABY/WALLABY_J131618-204147_NGC_5044_TR3_mask.fits,2751d74d828168e17d20e85c8cca2c7e1159408f21b6eae187a23f814e8af323,840a97a759001a7bf2ac719d7819237511cc193dde2529e3bcaa8a736c9e9de5,23040,221760
WALLABY J131619-214517,NGC 5044 TR3,NGC5044,6,profile_rejected,negative source annular moment-0 weight; no clipping is allowed,False,,,,35x43,60x35x43,249,6.000000000012,222602.921875,41,https://ws.cadc-ccda.hia-iha.nrc-cnrc.gc.ca/data/pub/WALLABY/WALLABY_J131619-214517_NGC_5044_TR3_mom0.fits,https://ws.cadc-ccda.hia-iha.nrc-cnrc.gc.ca/data/pub/WALLABY/WALLABY_J131619-214517_NGC_5044_TR3_mask.fits,bca0fe3586830968abe886b227ebaac52144420f48aedbc21a654ff1c4f6779e,039876be033d2741ad1efc38c1c9b056d0a3e1951e9d735ffaf3ca840b08827c,20160,103680
WALLABY J131620-164013,NGC 5044 TR3,NGC5044,1,pass,,False,16,0.6594257045016727,96.000000000192,48x41,116x48x41,366,6.000000000012,246641.046875,47,https://ws.cadc-ccda.hia-iha.nrc-cnrc.gc.ca/data/pub/WALLABY/WALLABY_J131620-164013_NGC_5044_TR3_mom0.fits,https://ws.cadc-ccda.hia-iha.nrc-cnrc.gc.ca/data/pub/WALLABY/WALLABY_J131620-164013_NGC_5044_TR3_mask.fits,63e01d375d5712b319818e9cfdf72e956ad9ef312349e2f6b1a964b65f349e3d,c50d24b4b25b9afe2b53ebe04c42cc9ceae177000de44788b2085c60b9756980,20160,241920
WALLABY J131623-133604,NGC 5044 TR3,NGC5044,12,profile_rejected,negative source annular moment-0 weight; no clipping is allowed,False,,,,38x34,62x38x34,178,6.000000000012,76771.890625,31,https://ws.cadc-ccda.hia-iha.nrc-cnrc.gc.ca/data/pub/WALLABY/WALLABY_J131623-133604_NGC_5044_TR3_mom0.fits,https://ws.cadc-ccda.hia-iha.nrc-cnrc.gc.ca/data/pub/WALLABY/WALLABY_J131623-133604_NGC_5044_TR3_mask.fits,963a647ff3a353c83b3f1753800f08e9bee985eee9121a1c57b113e620fea043,23561807aa6743a0da7c0fe3b37cb8fa7017faf90ed02ecad28f5c0374eeb983,17280,92160
WALLABY J131624-192614,NGC 5044 TR3,NGC5044,6,pass,,False,14,0.7152964103620078,84.000000000168,39x40,84x39x40,292,6.000000000012,129999.5703125,48,https://ws.cadc-ccda.hia-iha.nrc-cnrc.gc.ca/data/pub/WALLABY/WALLABY_J131624-192614_NGC_5044_TR3_mom0.fits,https://ws.cadc-ccda.hia-iha.nrc-cnrc.gc.ca/data/pub/WALLABY/WALLABY_J131624-192614_NGC_5044_TR3_mask.fits,628d531846be5b3e91ba6b376281706ba76fd37cddc389ec634bdd751c81776f,bc2163fa07da599b3a40c044f4e79eae1e3126ea26d871dce96916c572dc810b,20160,144000
WALLABY J131626-173326,NGC 5044 TR3,NGC5044,22,profile_rejected,negative source annular moment-0 weight; no clipping is allowed,False,,,,36x38,66x36x38,217,6.000000000012,82561.21875,53,https://ws.cadc-ccda.hia-iha.nrc-cnrc.gc.ca/data/pub/WALLABY/WALLABY_J131626-173326_NGC_5044_TR3_mom0.fits,https://ws.cadc-ccda.hia-iha.nrc-cnrc.gc.ca/data/pub/WALLABY/WALLABY_J131626-173326_NGC_5044_TR3_mask.fits,b43eaca89beba5faa7aa4b213fd507e999dd6a5c86a0b1fe9d38b6921a82e49e,bb5b7c990c8196561e4ef84c6b075716a82e78660c80bbccef06afb86422c37a,17280,103680
WALLABY J131631-134126,NGC 5044 TR3,NGC5044,19,profile_rejected,negative source annular moment-0 weight; no clipping is allowed,False,,,,34x43,55x34x43,190,6.000000000012,41044.7265625,28,https://ws.cadc-ccda.hia-iha.nrc-cnrc.gc.ca/data/pub/WALLABY/WALLABY_J131631-134126_NGC_5044_TR3_mom0.fits,https://ws.cadc-ccda.hia-iha.nrc-cnrc.gc.ca/data/pub/WALLABY/WALLABY_J131631-134126_NGC_5044_TR3_mask.fits,82f2799413a50ea7288f1e56e9ccfc58767561a83359c22cae4bc325bb7912bc,db4a545f79dffbefdf384fd242708ffc4c7f3d9749491b828517ada578d19188,20160,92160
WALLABY J131638-174225,NGC 5044 TR3,NGC5044,11,pass,,False,16,0.5568122325567386,96.000000000192,38x42,80x38x42,242,6.000000000012,58658.6875,37,https://ws.cadc-ccda.hia-iha.nrc-cnrc.gc.ca/data/pub/WALLABY/WALLABY_J131638-174225_NGC_5044_TR3_mom0.fits,https://ws.cadc-ccda.hia-iha.nrc-cnrc.gc.ca/data/pub/WALLABY/WALLABY_J131638-174225_NGC_5044_TR3_mask.fits,f6f3482b560537cad9ee156a1b27802c94c08c8e650dae3ad1e147722010fb5e,1fdda8fb76cd3afac2fdb222a2ec43dcc905babc9234a3ef0bdc87c61a56a776,20160,141120
WALLABY J131643-142608,NGC 5044 TR3,NGC5044,17,profile_rejected,negative source annular moment-0 weight; no clipping is allowed,False,,,,42x40,86x42x40,235,6.000000000012,72439.0625,43,https://ws.cadc-ccda.hia-iha.nrc-cnrc.gc.ca/data/pub/WALLABY/WALLABY_J131643-142608_NGC_5044_TR3_mom0.fits,https://ws.cadc-ccda.hia-iha.nrc-cnrc.gc.ca/data/pub/WALLABY/WALLABY_J131643-142608_NGC_5044_TR3_mask.fits,2dd8cb90746ac21eaa463778437429039f0431bee3dc89e31ce7ae5fbb8ee10b,226fb46f1e3d2f096f2662e975e5c805e5c578794ea71cfd89baf2be674ee4c9,20160,158400
WALLABY J131644-153150,NGC 5044 TR3,NGC5044,14,profile_rejected,negative source annular moment-0 weight; no clipping is allowed,False,,,,40x41,59x40x41,251,6.000000000012,66123.6953125,39,https://ws.cadc-ccda.hia-iha.nrc-cnrc.gc.ca/data/pub/WALLABY/WALLABY_J131644-153150_NGC_5044_TR3_mom0.fits,https://ws.cadc-ccda.hia-iha.nrc-cnrc.gc.ca/data/pub/WALLABY/WALLABY_J131644-153150_NGC_5044_TR3_mask.fits,357c968277f44dce72f7c5f82323867040e340ad1fb24ac1669b30b5042b4ad9,7cbcb8c49e8984af28842ec822cbb7a6323740338a539c4216dd61de12d82372,20160,109440
WALLABY J131648-142008,NGC 5044 TR3,NGC5044,12,profile_rejected,negative source annular moment-0 weight; no clipping is allowed,False,,,,32x33,66x32x33,131,6.000000000012,39499.46875,11,https://ws.cadc-ccda.hia-iha.nrc-cnrc.gc.ca/data/pub/WALLABY/WALLABY_J131648-142008_NGC_5044_TR3_mom0.fits,https://ws.cadc-ccda.hia-iha.nrc-cnrc.gc.ca/data/pub/WALLABY/WALLABY_J131648-142008_NGC_5044_TR3_mask.fits,8290278f06c74e05e447889959145c51de7052fa93ecbe138f67b63c154c0f08,117b4a84d12bcc40b915f3d8f5506cc51ff6b687519058bc32ed0d74c50241d2,17280,83520
WALLABY J131649-133623,NGC 5044 TR3,NGC5044,8,pass,,False,17,0.8405893687331288,102.000000000204,49x51,88x49x51,585,6.000000000012,376147.1875,63,https://ws.cadc-ccda.hia-iha.nrc-cnrc.gc.ca/data/pub/WALLABY/WALLABY_J131649-133623_NGC_5044_TR3_mom0.fits,https://ws.cadc-ccda.hia-iha.nrc-cnrc.gc.ca/data/pub/WALLABY/WALLABY_J131649-133623_NGC_5044_TR3_mask.fits,535c87ae524324a3d53b70364fa0d677d0748bb397432dbbd98bfe791b1fa6fc,7b90e87d80fea92b9e61a736cb7cc04322d8d2c0a7b1048f64ab1e156ae6fe81,23040,233280
WALLABY J131650-184634,NGC 5044 TR3,NGC5044,7,pass,,False,13,0.5349856685383021,78.000000000156,34x33,68x34x33,126,6.000000000012,31942.56640625,17,https://ws.cadc-ccda.hia-iha.nrc-cnrc.gc.ca/data/pub/WALLABY/WALLABY_J131650-184634_NGC_5044_TR3_mom0.fits,https://ws.cadc-ccda.hia-iha.nrc-cnrc.gc.ca/data/pub/WALLABY/WALLABY_J131650-184634_NGC_5044_TR3_mask.fits,164dfc680ec511de79a32fe319e8582e5f14214db4ae8d7818e3ff6283567a4c,a666f807b595c56ffb84a7365c4d80b435e5bf97cc7908cf3e83b1d66d677764,17280,89280
WALLABY J131650-214015,NGC 5044 TR3,NGC5044,3,pass,,False,12,0.7913414720180179,72.000000000144,37x40,65x37x40,274,6.000000000012,230811.09375,28,https://ws.cadc-ccda.hia-iha.nrc-cnrc.gc.ca/data/pub/WALLABY/WALLABY_J131650-214015_NGC_5044_TR3_mom0.fits,https://ws.cadc-ccda.hia-iha.nrc-cnrc.gc.ca/data/pub/WALLABY/WALLABY_J131650-214015_NGC_5044_TR3_mask.fits,c056763f82ef233f73318c55e393b678799b8377e6b66f76bee38e744b25896b,5752a66866bb3b52787b671c5b6587a7e44fd3069947c2b2910d792a4fdb531d,20160,109440
WALLABY J131652-175359,NGC 5044 TR3,NGC5044,8,pass,,False,12,0.7619772281393276,72.000000000144,39x38,56x39x38,270,6.000000000012,80120.28125,28,https://ws.cadc-ccda.hia-iha.nrc-cnrc.gc.ca/data/pub/WALLABY/WALLABY_J131652-175359_NGC_5044_TR3_mom0.fits,https://ws.cadc-ccda.hia-iha.nrc-cnrc.gc.ca/data/pub/WALLABY/WALLABY_J131652-175359_NGC_5044_TR3_mask.fits,557933a5768f8c1ae00947eb38b5c18ab339ce9e4fb4af0ad4d3bda384052a18,f08dde6a2e1ab4a216781ad3a3d3d616c989dfcfc11737c3541fade37019feb1,20160,95040
WALLABY J131655-134334,NGC 5044 TR3,NGC5044,19,pass,,False,14,0.8392832636228137,84.000000000168,44x42,66x44x42,399,6.000000000012,199687.984375,65,https://ws.cadc-ccda.hia-iha.nrc-cnrc.gc.ca/data/pub/WALLABY/WALLABY_J131655-134334_NGC_5044_TR3_mom0.fits,https://ws.cadc-ccda.hia-iha.nrc-cnrc.gc.ca/data/pub/WALLABY/WALLABY_J131655-134334_NGC_5044_TR3_mask.fits,97374115c3b202c1da662e3b792814a43087b09f47b22158f7199043c340e007,bc75ccbd28c9d683844d17fb0554dbc484066665d018e31f1422223e22cde252,20160,135360
WALLABY J131655-163531,NGC 5044 TR3,NGC5044,5,pass,,False,17,0.8135819822551555,102.000000000204,43x43,102x43x43,386,6.000000000012,171625.109375,55,https://ws.cadc-ccda.hia-iha.nrc-cnrc.gc.ca/data/pub/WALLABY/WALLABY_J131655-163531_NGC_5044_TR3_mom0.fits,https://ws.cadc-ccda.hia-iha.nrc-cnrc.gc.ca/data/pub/WALLABY/WALLABY_J131655-163531_NGC_5044_TR3_mask.fits,3b5efdf6e9702ee87783ed061ea0f6d1781fe91a9d0f371fa83072e75444c4a0,83579040c37e9d750915355e2ae2d09241d8b8680881c8734ebb12d16514cdd2,20160,201600
WALLABY J131657-170718,NGC 5044 TR3,NGC5044,7,profile_rejected,negative source annular moment-0 weight; no clipping is allowed,False,,,,55x39,70x55x39,471,6.000000000012,149662.78125,88,https://ws.cadc-ccda.hia-iha.nrc-cnrc.gc.ca/data/pub/WALLABY/WALLABY_J131657-170718_NGC_5044_TR3_mom0.fits,https://ws.cadc-ccda.hia-iha.nrc-cnrc.gc.ca/data/pub/WALLABY/WALLABY_J131657-170718_NGC_5044_TR3_mask.fits,493f384c83e9febc37a890b0c00785ad148bf4ac7fdacdb6cfa379c6e15a1ce6,6a416f22a61082ba8e60faa8d361600f04d5208125dc5bde9ad0b51ca2cd88f5,20160,164160
WALLABY J131658-163757,NGC 5044 TR3,NGC5044,20,pass,,False,57,0.5730270208262639,342.000000000684,97x67,134x97x67,2118,6.000000000012,2304561.75,148,https://ws.cadc-ccda.hia-iha.nrc-cnrc.gc.ca/data/pub/WALLABY/WALLABY_J131658-163757_NGC_5044_TR3_mom0.fits,https://ws.cadc-ccda.hia-iha.nrc-cnrc.gc.ca/data/pub/WALLABY/WALLABY_J131658-163757_NGC_5044_TR3_mask.fits,2eabe199b63d1283e56aadbc9318f4fc1196e5b355edf7f80daf7ec45d6e4bab,0ab920a34efdac4a97e44bb4ef05f85d1bfa3909df8134802e19df38af912f2b,40320,884160
WALLABY J131704-171858,NGC 5044 TR3,NGC5044,10,profile_rejected,negative source annular moment-0 weight; no clipping is allowed,False,,,,34x44,53x34x44,251,6.000000000012,52782.46875,10,https://ws.cadc-ccda.hia-iha.nrc-cnrc.gc.ca/data/pub/WALLABY/WALLABY_J131704-171858_NGC_5044_TR3_mom0.fits,https://ws.cadc-ccda.hia-iha.nrc-cnrc.gc.ca/data/pub/WALLABY/WALLABY_J131704-171858_NGC_5044_TR3_mask.fits,23b906e3b4a383fc7dd9c2347d22cfc2ef1881aa019b7d4467c1414888fb0512,6304c1b14266429f6320073e8055608766023f99b42cdb0c00723f79d61edae3,20160,95040
WALLABY J131707-183238,NGC 5044 TR3,NGC5044,12,profile_rejected,negative source annular moment-0 weight; no clipping is allowed,False,,,,46x45,128x46x45,387,6.000000000012,205120.0625,76,https://ws.cadc-ccda.hia-iha.nrc-cnrc.gc.ca/data/pub/WALLABY/WALLABY_J131707-183238_NGC_5044_TR3_mom0.fits,https://ws.cadc-ccda.hia-iha.nrc-cnrc.gc.ca/data/pub/WALLABY/WALLABY_J131707-183238_NGC_5044_TR3_mask.fits,0c880bc152cf95ad8618d4ed5babd086ae210220dd7269495f3211f52fc67350,2f4bfd83bb76aa7d12c4e6a7dce02aba8a262e8c9c106f1c607c7dee84a52848,20160,276480
WALLABY J131708-202436,NGC 5044 TR3,NGC5044,7,profile_rejected,negative source annular moment-0 weight; no clipping is allowed,False,,,,41x42,136x41x42,329,6.000000000012,274750.9375,83,https://ws.cadc-ccda.hia-iha.nrc-cnrc.gc.ca/data/pub/WALLABY/WALLABY_J131708-202436_NGC_5044_TR3_mom0.fits,https://ws.cadc-ccda.hia-iha.nrc-cnrc.gc.ca/data/pub/WALLABY/WALLABY_J131708-202436_NGC_5044_TR3_mask.fits,391367c9326b68447265d65590696f84ee3371e240855450ef4c2fba1527c241,6f83cfa4f4de5c0f4fc3fd7d39a152241f883f264fb6cc819ae6831eea3c1dd1,20160,247680
WALLABY J131708-202440,NGC 5044 TR3,NGC5044,17,profile_rejected,source radial support contains fewer than 8 pixel-scale annuli,False,,,,29x29,50x29x29,59,6.000000000012,18246.119140625,6,https://ws.cadc-ccda.hia-iha.nrc-cnrc.gc.ca/data/pub/WALLABY/WALLABY_J131708-202440_NGC_5044_TR3_mom0.fits,https://ws.cadc-ccda.hia-iha.nrc-cnrc.gc.ca/data/pub/WALLABY/WALLABY_J131708-202440_NGC_5044_TR3_mask.fits,44afcd1033006cb32da8066b157f040b1113352031b5c604718395e9193a3aa7,1448d92ad33faa5c664f9bbd6110211d8e066d4c24be33c96d8327ac5d7883d4,17280,54720
WALLABY J131713-125334,NGC 5044 TR3,NGC5044,11,profile_rejected,negative source annular moment-0 weight; no clipping is allowed,False,,,,53x45,77x53x45,379,6.000000000012,87194.421875,78,https://ws.cadc-ccda.hia-iha.nrc-cnrc.gc.ca/data/pub/WALLABY/WALLABY_J131713-125334_NGC_5044_TR3_mom0.fits,https://ws.cadc-ccda.hia-iha.nrc-cnrc.gc.ca/data/pub/WALLABY/WALLABY_J131713-125334_NGC_5044_TR3_mask.fits,dd4350a3fbf90ef3712ffa632a2be52260e1c59dbf5834b11b23a2e8d083d828,e6577cab31c1685925dc1a7970f41b753d1f6895e45267d21070eccb4ae51fd3,23040,195840
WALLABY J131713-130921,NGC 5044 TR3,NGC5044,14,pass,,False,17,0.94992305567149,102.000000000204,43x47,93x43x47,456,6.000000000012,287950.21875,63,https://ws.cadc-ccda.hia-iha.nrc-cnrc.gc.ca/data/pub/WALLABY/WALLABY_J131713-130921_NGC_5044_TR3_mom0.fits,https://ws.cadc-ccda.hia-iha.nrc-cnrc.gc.ca/data/pub/WALLABY/WALLABY_J131713-130921_NGC_5044_TR3_mask.fits,c3386d62614cef2f659c3e68831e27ee2951ddc86cc0ceaf9dff025522b8186e,614490b191563eec22aad4ac033f79724bdfd94d1e5bb05be7ac6f1d91fbb985,20160,201600
WALLABY J131714-125817,NGC 5044 TR3,NGC5044,11,profile_rejected,negative source annular moment-0 weight; no clipping is allowed,False,,,,40x41,62x40x41,311,6.000000000012,186821.3125,56,https://ws.cadc-ccda.hia-iha.nrc-cnrc.gc.ca/data/pub/WALLABY/WALLABY_J131714-125817_NGC_5044_TR3_mom0.fits,https://ws.cadc-ccda.hia-iha.nrc-cnrc.gc.ca/data/pub/WALLABY/WALLABY_J131714-125817_NGC_5044_TR3_mask.fits,11fa7c1c16cdd5668e01675c28822b59c0cd2aa737b46e3090ad2538ab760552,ce785828dad1f915b2023b5d2dca1b74c55f8d92dab27ebf95b1c115d7bc53f9,20160,115200
WALLABY J131716-183306,NGC 5044 TR3,NGC5044,3,profile_rejected,negative source annular moment-0 weight; no clipping is allowed,False,,,,39x39,129x39x39,271,6.000000000012,195942.484375,53,https://ws.cadc-ccda.hia-iha.nrc-cnrc.gc.ca/data/pub/WALLABY/WALLABY_J131716-183306_NGC_5044_TR3_mom0.fits,https://ws.cadc-ccda.hia-iha.nrc-cnrc.gc.ca/data/pub/WALLABY/WALLABY_J131716-183306_NGC_5044_TR3_mask.fits,1cdab31f95afd0165fbb36af7e519dca00f74a2068bde6443af2c827f9ff9136,048562005b6a7255d376a1da274998960be7200deda5a7c0f51dcdf578b7650e,20160,210240
WALLABY J131717-132332,NGC 5044 TR3,NGC5044,0,profile_rejected,negative source annular moment-0 weight; no clipping is allowed,False,,,,34x36,62x34x36,151,6.000000000012,36781.09375,25,https://ws.cadc-ccda.hia-iha.nrc-cnrc.gc.ca/data/pub/WALLABY/WALLABY_J131717-132332_NGC_5044_TR3_mom0.fits,https://ws.cadc-ccda.hia-iha.nrc-cnrc.gc.ca/data/pub/WALLABY/WALLABY_J131717-132332_NGC_5044_TR3_mask.fits,696a36f69e430a8286078abf7c7264de7366363f0c95904d95eccd4616edfd23,3bd299b49d72038d1abb071f9fc53e5ffa32a7d5ceae074d2f79d12167f96240,17280,89280
WALLABY J131721-175129,NGC 5044 TR3,NGC5044,23,pass,,False,12,0.7752095078937733,72.000000000144,38x36,61x38x36,204,6.000000000012,64397.91796875,28,https://ws.cadc-ccda.hia-iha.nrc-cnrc.gc.ca/data/pub/WALLABY/WALLABY_J131721-175129_NGC_5044_TR3_mom0.fits,https://ws.cadc-ccda.hia-iha.nrc-cnrc.gc.ca/data/pub/WALLABY/WALLABY_J131721-175129_NGC_5044_TR3_mask.fits,390201d9e392c157159258e3ec1217fe2badddc3f1bab262f1f9d1f792c70f09,879fea571c1574ee98e98919bca436c51eee6443fb42a6c66d72ec7be03dc17e,17280,95040
WALLABY J131727-161741,NGC 5044 TR3,NGC5044,0,pass,,False,12,0.8833690702011033,72.000000000144,40x38,81x40x38,283,6.000000000012,171838.21875,38,https://ws.cadc-ccda.hia-iha.nrc-cnrc.gc.ca/data/pub/WALLABY/WALLABY_J131727-161741_NGC_5044_TR3_mom0.fits,https://ws.cadc-ccda.hia-iha.nrc-cnrc.gc.ca/data/pub/WALLABY/WALLABY_J131727-161741_NGC_5044_TR3_mask.fits,b865a8761be631e5613cf7832af8ecd25aa211acd41f207067ba680f2ff52d0c,626b0674ffbb8d55df69f5db96b5719f2c97438305046b093f4166a644e535cb,20160,135360
WALLABY J131732-121430,NGC 5044 TR3,NGC5044,13,pass,,False,17,0.8730431166440475,102.000000000204,42x47,74x42x47,370,6.000000000012,209567.65625,49,https://ws.cadc-ccda.hia-iha.nrc-cnrc.gc.ca/data/pub/WALLABY/WALLABY_J131732-121430_NGC_5044_TR3_mom0.fits,https://ws.cadc-ccda.hia-iha.nrc-cnrc.gc.ca/data/pub/WALLABY/WALLABY_J131732-121430_NGC_5044_TR3_mask.fits,0eb67fb59f7c4d1f76dac10e3e3556866224ad3cfdeb0774d9b3712b4b2d820e,61521fa84401cbc81e2edc18a48808c16d4eaba815c13bd11a513e9f0068db1d,20160,158400
WALLABY J131734-161058,NGC 5044 TR3,NGC5044,10,pass,,False,10,0.7884814850884286,60.000000000120004,34x37,65x34x37,180,6.000000000012,77428.8125,15,https://ws.cadc-ccda.hia-iha.nrc-cnrc.gc.ca/data/pub/WALLABY/WALLABY_J131734-161058_NGC_5044_TR3_mom0.fits,https://ws.cadc-ccda.hia-iha.nrc-cnrc.gc.ca/data/pub/WALLABY/WALLABY_J131734-161058_NGC_5044_TR3_mask.fits,9f9bd9fe8f0de509879162636f2fba2de06b6441f81de63570dba4096489d9b3,7c00ead4d905518ee72ca3f0c4f96c9462c4898cff27c378a54d620eaf7cb571,17280,95040
WALLABY J131736-172215,NGC 5044 TR3,NGC5044,13,profile_rejected,negative source annular moment-0 weight; no clipping is allowed,False,,,,38x42,74x38x42,298,6.000000000012,169672.921875,51,https://ws.cadc-ccda.hia-iha.nrc-cnrc.gc.ca/data/pub/WALLABY/WALLABY_J131736-172215_NGC_5044_TR3_mom0.fits,https://ws.cadc-ccda.hia-iha.nrc-cnrc.gc.ca/data/pub/WALLABY/WALLABY_J131736-172215_NGC_5044_TR3_mask.fits,1409d00648738348c0710f821f278bcfc9dfdb3259c26b3f5ad102556a6ae1ee,584fdd25ac25b79f0285a669ec08f131623a6e231be22a989c36480ae0587f00,20160,132480
WALLABY J131738-151033,NGC 5044 TR3,NGC5044,1,pass,,False,14,0.5342133122339556,84.000000000168,33x41,47x33x41,172,6.000000000012,38381.8984375,13,https://ws.cadc-ccda.hia-iha.nrc-cnrc.gc.ca/data/pub/WALLABY/WALLABY_J131738-151033_NGC_5044_TR3_mom0.fits,https://ws.cadc-ccda.hia-iha.nrc-cnrc.gc.ca/data/pub/WALLABY/WALLABY_J131738-151033_NGC_5044_TR3_mask.fits,1bc0af2eb121f3fc41f46fe3125819fbe4f9a0160fcf37d29800656b2fd642cc,2c58c976807402a6e0779aeb2027aa78d9bba800d50497f369ec3fd5fe033dbd,17280,77760
WALLABY J131738-201111,NGC 5044 TR3,NGC5044,9,pass,,False,12,0.7581447500382453,72.000000000144,38x40,91x38x40,254,6.000000000012,145226.625,26,https://ws.cadc-ccda.hia-iha.nrc-cnrc.gc.ca/data/pub/WALLABY/WALLABY_J131738-201111_NGC_5044_TR3_mom0.fits,https://ws.cadc-ccda.hia-iha.nrc-cnrc.gc.ca/data/pub/WALLABY/WALLABY_J131738-201111_NGC_5044_TR3_mask.fits,1d11ea4bd9b18cc49fbfd4f1d897d8cdaa1b4de7e5312a104e1e58f37cde7005,32c23721585870cd0b31bf0cef935bc3aa718c361a7a09c1ca7e4917d4fea06b,20160,155520
WALLABY J131739-164913,NGC 5044 TR3,NGC5044,20,pass,,False,11,0.7810805753503489,66.000000000132,37x38,69x37x38,234,6.000000000012,100066.578125,19,https://ws.cadc-ccda.hia-iha.nrc-cnrc.gc.ca/data/pub/WALLABY/WALLABY_J131739-164913_NGC_5044_TR3_mom0.fits,https://ws.cadc-ccda.hia-iha.nrc-cnrc.gc.ca/data/pub/WALLABY/WALLABY_J131739-164913_NGC_5044_TR3_mask.fits,35cbad5bd90742e4b8597a3a68a94590a481ab57fcdf99e948dedd9f5b9a8cc1,d6d53ee87ce8fd619806e6afc7defaa316f0dea4132cf7880e23bf13fd28f106,17280,109440
WALLABY J131739-213708,NGC 5044 TR3,NGC5044,14,pass,,False,19,0.7339613352086127,114.000000000228,49x47,78x49x47,585,6.000000000012,395917.875,27,https://ws.cadc-ccda.hia-iha.nrc-cnrc.gc.ca/data/pub/WALLABY/WALLABY_J131739-213708_NGC_5044_TR3_mom0.fits,https://ws.cadc-ccda.hia-iha.nrc-cnrc.gc.ca/data/pub/WALLABY/WALLABY_J131739-213708_NGC_5044_TR3_mask.fits,015d5fd1b9df7b986b3028c6caf2cf6fa44964203fd9adb48d821896443cea78,72f16881eada26ee4ceb4baef51c0649e4f97c6658983f0133ea5f7072030d2e,23040,192960
WALLABY J131742-120143,NGC 5044 TR3,NGC5044,15,profile_rejected,negative source annular moment-0 weight; no clipping is allowed,False,,,,40x40,69x40x40,315,6.000000000012,174976.21875,73,https://ws.cadc-ccda.hia-iha.nrc-cnrc.gc.ca/data/pub/WALLABY/WALLABY_J131742-120143_NGC_5044_TR3_mom0.fits,https://ws.cadc-ccda.hia-iha.nrc-cnrc.gc.ca/data/pub/WALLABY/WALLABY_J131742-120143_NGC_5044_TR3_mask.fits,ccacf7841813c701e449242f3fff469b3f3a6ef7e187f22c02581b69b4f9ac7d,fb688e0e26cc26362668959101230815ae3e8b3ecdea8f6cb0f9560bc9e61e1f,20160,123840
WALLABY J131742-141341,NGC 5044 TR3,NGC5044,21,pass,,False,11,0.8440937784775551,66.000000000132,39x38,74x39x38,248,6.000000000012,91553.234375,39,https://ws.cadc-ccda.hia-iha.nrc-cnrc.gc.ca/data/pub/WALLABY/WALLABY_J131742-141341_NGC_5044_TR3_mom0.fits,https://ws.cadc-ccda.hia-iha.nrc-cnrc.gc.ca/data/pub/WALLABY/WALLABY_J131742-141341_NGC_5044_TR3_mask.fits,5594c847ca2c4447135c2ab9fa3d665e18aa8e408fa504220b17b5024a3a80f3,0343e9c3c9ed0e70593c8ec53d2778f337f78b80936b22cb8246c6f47c13b7fb,20160,123840
WALLABY J131743-181822,NGC 5044 TR3,NGC5044,21,pass,,False,10,0.8563756260944434,60.000000000120004,34x36,55x34x36,185,6.000000000012,43373.26953125,17,https://ws.cadc-ccda.hia-iha.nrc-cnrc.gc.ca/data/pub/WALLABY/WALLABY_J131743-181822_NGC_5044_TR3_mom0.fits,https://ws.cadc-ccda.hia-iha.nrc-cnrc.gc.ca/data/pub/WALLABY/WALLABY_J131743-181822_NGC_5044_TR3_mask.fits,5f1b7cba55bcb573f7a912648a0c4247855d64e6053f0b5c5155a09cbe9420ef,0dfe236e8a8cf21be51b760752634ac485828cd1a4cacb3e082727afa5674dd2,17280,83520
WALLABY J131744-185121,NGC 5044 TR3,NGC5044,21,pass,,False,10,0.7196110813359208,60.000000000120004,37x33,71x37x33,164,6.000000000012,75407.578125,13,https://ws.cadc-ccda.hia-iha.nrc-cnrc.gc.ca/data/pub/WALLABY/WALLABY_J131744-185121_NGC_5044_TR3_mom0.fits,https://ws.cadc-ccda.hia-iha.nrc-cnrc.gc.ca/data/pub/WALLABY/WALLABY_J131744-185121_NGC_5044_TR3_mask.fits,c623eadf1c3059228f6c010fbbcfed111e06d960b7ff1e5b0d62513dcde8972a,cd935ee5e37412bd4063ab36ae059f9694742decf5a967f330f37f91a2558d10,17280,103680
WALLABY J131745-150812,NGC 5044 TR3,NGC5044,15,pass,,False,13,0.6167517502346953,78.000000000156,39x35,73x39x35,194,6.000000000012,37460.12109375,30,https://ws.cadc-ccda.hia-iha.nrc-cnrc.gc.ca/data/pub/WALLABY/WALLABY_J131745-150812_NGC_5044_TR3_mom0.fits,https://ws.cadc-ccda.hia-iha.nrc-cnrc.gc.ca/data/pub/WALLABY/WALLABY_J131745-150812_NGC_5044_TR3_mask.fits,e0f0879ecea7d262d82df2b5c9564e8c7de5cd8281323f9c023c3a5007ddb5a5,d98b829d8a25811bba1656fddb568a65cc77610f687f24c1cae8bd79a3620400,17280,112320
WALLABY J131745-153134,NGC 5044 TR3,NGC5044,13,profile_rejected,negative source annular moment-0 weight; no clipping is allowed,False,,,,42x43,77x42x43,396,6.000000000012,189820.703125,56,https://ws.cadc-ccda.hia-iha.nrc-cnrc.gc.ca/data/pub/WALLABY/WALLABY_J131745-153134_NGC_5044_TR3_mom0.fits,https://ws.cadc-ccda.hia-iha.nrc-cnrc.gc.ca/data/pub/WALLABY/WALLABY_J131745-153134_NGC_5044_TR3_mask.fits,a35608d8a8f62cd1952840986b9163543d230b00f0271d920dfdb1032c94241f,c47b1c58083caaf199573a55054937f3df84a79f46424134284957d1a3d792ad,20160,152640
WALLABY J131745-185133,NGC 5044 TR3,NGC5044,6,pass,,False,25,0.38346550712482463,150.0000000003,43x45,75x43x45,291,6.000000000012,114560.5234375,38,https://ws.cadc-ccda.hia-iha.nrc-cnrc.gc.ca/data/pub/WALLABY/WALLABY_J131745-185133_NGC_5044_TR3_mom0.fits,https://ws.cadc-ccda.hia-iha.nrc-cnrc.gc.ca/data/pub/WALLABY/WALLABY_J131745-185133_NGC_5044_TR3_mask.fits,e27d08bcba9faed06cbae2f767b804b9a3f5b1d2e8bccd5f170d92ecc3580790,29c755ffc02963d8beb7336c6818d6c6f79e14bfe6ccd84dd915524332da944d,20160,158400
WALLABY J131749-150807,NGC 5044 TR3,NGC5044,5,pass,,False,14,0.5254748871951518,84.000000000168,41x30,66x41x30,140,6.000000000012,36352.25390625,10,https://ws.cadc-ccda.hia-iha.nrc-cnrc.gc.ca/data/pub/WALLABY/WALLABY_J131749-150807_NGC_5044_TR3_mom0.fits,https://ws.cadc-ccda.hia-iha.nrc-cnrc.gc.ca/data/pub/WALLABY/WALLABY_J131749-150807_NGC_5044_TR3_mask.fits,b7153bc9a34f37dd6404ec065a52b9c68e3a798bab909e479abbf1a9d1acef6e,dd5932a834a3fbf67c51930806c1df7a50a0cd46186a2c18d1ff87850d9ce5df,17280,97920
WALLABY J131751-125058,NGC 5044 TR3,NGC5044,23,profile_rejected,negative source annular moment-0 weight; no clipping is allowed,False,,,,37x36,82x37x36,200,6.000000000012,69117.9375,17,https://ws.cadc-ccda.hia-iha.nrc-cnrc.gc.ca/data/pub/WALLABY/WALLABY_J131751-125058_NGC_5044_TR3_mom0.fits,https://ws.cadc-ccda.hia-iha.nrc-cnrc.gc.ca/data/pub/WALLABY/WALLABY_J131751-125058_NGC_5044_TR3_mask.fits,8d29c60f283fa3cb5e3b7212b8c2353a5086eba6ff3b4769d171846ced6be32e,7a6a112366fc18f3f57c3d75958d4f2c7a05d70cac6e876f68941024f3d54dd9,17280,120960
WALLABY J131751-185007,NGC 5044 TR3,NGC5044,5,profile_rejected,negative source annular moment-0 weight; no clipping is allowed,False,,,,35x34,52x35x34,150,6.000000000012,49455.98828125,26,https://ws.cadc-ccda.hia-iha.nrc-cnrc.gc.ca/data/pub/WALLABY/WALLABY_J131751-185007_NGC_5044_TR3_mom0.fits,https://ws.cadc-ccda.hia-iha.nrc-cnrc.gc.ca/data/pub/WALLABY/WALLABY_J131751-185007_NGC_5044_TR3_mask.fits,1fd8d0fd33d73b4f4368a9cd6536cdcc5f7dcf69493c729aa7d0c7bf99fe4baf,23db110a052555b6b38d917c6c8ed3db0adeec18adf984cdfe0b91d71fd976eb,17280,74880
WALLABY J131753-193408,NGC 5044 TR3,NGC5044,10,pass,,False,10,0.9235595412011732,60.000000000120004,34x38,87x34x38,200,6.000000000012,85735.0078125,16,https://ws.cadc-ccda.hia-iha.nrc-cnrc.gc.ca/data/pub/WALLABY/WALLABY_J131753-193408_NGC_5044_TR3_mom0.fits,https://ws.cadc-ccda.hia-iha.nrc-cnrc.gc.ca/data/pub/WALLABY/WALLABY_J131753-193408_NGC_5044_TR3_mask.fits,38e027edf45ef4e7c2be017ccd02f3c433514882e167b7faa65da72cf3252671,b38bfcebde1af8dfd5f2bed65eb298113b23f2923c18125e784fc877780c0f8d,17280,129600
WALLABY J131754-133617,NGC 5044 TR3,NGC5044,13,profile_rejected,negative source annular moment-0 weight; no clipping is allowed,False,,,,41x45,106x41x45,386,6.000000000012,257642.21875,71,https://ws.cadc-ccda.hia-iha.nrc-cnrc.gc.ca/data/pub/WALLABY/WALLABY_J131754-133617_NGC_5044_TR3_mom0.fits,https://ws.cadc-ccda.hia-iha.nrc-cnrc.gc.ca/data/pub/WALLABY/WALLABY_J131754-133617_NGC_5044_TR3_mask.fits,185ef8b545c2ff4bf6268e7461aa4c4d943e2f0d8c174c07b83561e8798f4fd5,7bbb3ac23f8d3fba318599ac10c4370c8e66347e1604e7fa34e9a5211682c053,20160,207360
WALLABY J131755-134723,NGC 5044 TR3,NGC5044,6,profile_rejected,negative source annular moment-0 weight; no clipping is allowed,False,,,,38x34,83x38x34,178,6.000000000012,66968.9609375,20,https://ws.cadc-ccda.hia-iha.nrc-cnrc.gc.ca/data/pub/WALLABY/WALLABY_J131755-134723_NGC_5044_TR3_mom0.fits,https://ws.cadc-ccda.hia-iha.nrc-cnrc.gc.ca/data/pub/WALLABY/WALLABY_J131755-134723_NGC_5044_TR3_mask.fits,b1fd2abf1b0dfb006f714ad934c0035ebbb8c867c3cf9414c8c82a8ceaee1235,f64e8dcd82a251685421ef85cd3c297c21bed2bcab8103a4ef06528b5b9e474a,17280,120960
WALLABY J131757-215154,NGC 5044 TR3,NGC5044,7,profile_rejected,negative source annular moment-0 weight; no clipping is allowed,False,,,,47x38,96x47x38,377,6.000000000012,587038.625,63,https://ws.cadc-ccda.hia-iha.nrc-cnrc.gc.ca/data/pub/WALLABY/WALLABY_J131757-215154_NGC_5044_TR3_mom0.fits,https://ws.cadc-ccda.hia-iha.nrc-cnrc.gc.ca/data/pub/WALLABY/WALLABY_J131757-215154_NGC_5044_TR3_mask.fits,39f17447bb0a64482213c15e61656f639c4bfe9c0eb28ad5089182dd880c5ead,c0e4abed8958fb70e41b409523277d5b487cd0210037141ec9df94f121f07d26,20160,184320
WALLABY J131758-151541,NGC 5044 TR3,NGC5044,18,pass,,False,19,0.6799947300559417,114.000000000228,46x48,138x46x48,422,6.000000000012,262136.015625,54,https://ws.cadc-ccda.hia-iha.nrc-cnrc.gc.ca/data/pub/WALLABY/WALLABY_J131758-151541_NGC_5044_TR3_mom0.fits,https://ws.cadc-ccda.hia-iha.nrc-cnrc.gc.ca/data/pub/WALLABY/WALLABY_J131758-151541_NGC_5044_TR3_mask.fits,79694a73d2fbe6adc39b4c059b215ce9f3c7e7ed3372e904238aff8b48b5ba41,16baa52be40e61ee97a5bacfcd04339e52fb99425dd6adefb54134307ce4d7d3,23040,316800
WALLABY J131801-192931,NGC 5044 TR3,NGC5044,23,profile_rejected,negative source annular moment-0 weight; no clipping is allowed,False,,,,38x38,78x38x38,239,6.000000000012,126539.9453125,27,https://ws.cadc-ccda.hia-iha.nrc-cnrc.gc.ca/data/pub/WALLABY/WALLABY_J131801-192931_NGC_5044_TR3_mom0.fits,https://ws.cadc-ccda.hia-iha.nrc-cnrc.gc.ca/data/pub/WALLABY/WALLABY_J131801-192931_NGC_5044_TR3_mask.fits,a1698efff7e702024c6532034ca60aed755b7a21802ed329745ed26e08d371e7,4d18bba038ce1db75b3ea07635fb5c0edef5ca4142c370f39710e2d8e4233317,20160,126720
WALLABY J131802-151824,NGC 5044 TR3,NGC5044,8,pass,,False,21,0.6595797182934146,126.000000000252,47x49,139x47x49,509,6.000000000012,404962.5,53,https://ws.cadc-ccda.hia-iha.nrc-cnrc.gc.ca/data/pub/WALLABY/WALLABY_J131802-151824_NGC_5044_TR3_mom0.fits,https://ws.cadc-ccda.hia-iha.nrc-cnrc.gc.ca/data/pub/WALLABY/WALLABY_J131802-151824_NGC_5044_TR3_mask.fits,6e2efce3065bf09689263581e5d4fcb912267f6b23dd3f526ca72e05c0e77fdf,d587e289905486986d66226b21a16d5db9799e37e48c8b19a3d44d3fbd008458,23040,334080
WALLABY J131805-110325,NGC 5044 TR3,NGC5044,10,profile_rejected,source radial support contains fewer than 8 pixel-scale annuli,False,,,,30x29,53x30x29,74,6.000000000012,27832.26171875,4,https://ws.cadc-ccda.hia-iha.nrc-cnrc.gc.ca/data/pub/WALLABY/WALLABY_J131805-110325_NGC_5044_TR3_mom0.fits,https://ws.cadc-ccda.hia-iha.nrc-cnrc.gc.ca/data/pub/WALLABY/WALLABY_J131805-110325_NGC_5044_TR3_mask.fits,9b92f1a7c51f3d554140f2d4dad6b58ef544588ef349e39dd683080aaba6cf02,1c63d446b8cb7f087b685550109eec5f051b10ce203754fa946df66de2e69a13,17280,60480
WALLABY J131805-191823,NGC 5044 TR3,NGC5044,20,pass,,False,11,0.874254282749347,66.000000000132,38x37,91x38x37,229,6.000000000012,91485.7890625,31,https://ws.cadc-ccda.hia-iha.nrc-cnrc.gc.ca/data/pub/WALLABY/WALLABY_J131805-191823_NGC_5044_TR3_mom0.fits,https://ws.cadc-ccda.hia-iha.nrc-cnrc.gc.ca/data/pub/WALLABY/WALLABY_J131805-191823_NGC_5044_TR3_mask.fits,7c3370fcdcbce6a11cae31c2d57b84b865d824075074b87841dd55dd23a1b91b,c16ebdcc3a3081676ac44c7a80ab099cff411f91e4288a8a5413297d13a6360a,17280,144000
WALLABY J131805-200055,NGC 5044 TR3,NGC5044,3,profile_rejected,source radial support contains fewer than 8 pixel-scale annuli,False,,,,30x29,30x30x29,69,6.000000000012,14521.6171875,0,https://ws.cadc-ccda.hia-iha.nrc-cnrc.gc.ca/data/pub/WALLABY/WALLABY_J131805-200055_NGC_5044_TR3_mom0.fits,https://ws.cadc-ccda.hia-iha.nrc-cnrc.gc.ca/data/pub/WALLABY/WALLABY_J131805-200055_NGC_5044_TR3_mask.fits,78166409b039bc4771ea8becccbb6000f164f14da07c516821276ac1fd0d8648,29ea166f7bb8a3eb498f17da3d5585198829b2a7134fd8d3bbe755e4735e2334,17280,43200
WALLABY J131806-181910,NGC 5044 TR3,NGC5044,0,pass,,False,9,0.8568906565017161,54.000000000108,35x34,57x35x34,145,6.000000000012,49173.27734375,23,https://ws.cadc-ccda.hia-iha.nrc-cnrc.gc.ca/data/pub/WALLABY/WALLABY_J131806-181910_NGC_5044_TR3_mom0.fits,https://ws.cadc-ccda.hia-iha.nrc-cnrc.gc.ca/data/pub/WALLABY/WALLABY_J131806-181910_NGC_5044_TR3_mask.fits,dd282b6644c8d4a382df575b397f21dff7fa68dc63701dccad138c6991ca8acd,d11da79123dc4b533372eb54d4227f5aa23aeae0af15b375803113b30158182f,17280,80640
WALLABY J131807-154958,NGC 5044 TR3,NGC5044,16,pass,,False,12,0.6950870309468191,72.000000000144,40x36,142x40x36,210,6.000000000012,128111.1484375,23,https://ws.cadc-ccda.hia-iha.nrc-cnrc.gc.ca/data/pub/WALLABY/WALLABY_J131807-154958_NGC_5044_TR3_mom0.fits,https://ws.cadc-ccda.hia-iha.nrc-cnrc.gc.ca/data/pub/WALLABY/WALLABY_J131807-154958_NGC_5044_TR3_mask.fits,d18bfd19243538ae267907f292f49f97a3045873098c8439e0a79c78ce739ec5,bde6fc293e5a7488f09fa937087bda0ddaea48ec2d271aed6ab291d467346ee9,17280,216000
WALLABY J131812-154126,NGC 5044 TR3,NGC5044,20,profile_rejected,negative source annular moment-0 weight; no clipping is allowed,False,,,,44x40,165x44x40,321,6.000000000012,224944.390625,38,https://ws.cadc-ccda.hia-iha.nrc-cnrc.gc.ca/data/pub/WALLABY/WALLABY_J131812-154126_NGC_5044_TR3_mom0.fits,https://ws.cadc-ccda.hia-iha.nrc-cnrc.gc.ca/data/pub/WALLABY/WALLABY_J131812-154126_NGC_5044_TR3_mask.fits,f46548f02b139bcf6485076d03fcc58f20b6f208cb9aeb4f1aec9d4fc30cc4f8,955a8ecdc3b0a27a2b82fc9bf76f59ea77cc8bfe21d67ce4d492d7239fff3bfd,20160,302400
WALLABY J131815-133536,NGC 5044 TR3,NGC5044,9,profile_rejected,negative source annular moment-0 weight; no clipping is allowed,False,,,,37x36,56x37x36,197,6.000000000012,42880.5859375,37,https://ws.cadc-ccda.hia-iha.nrc-cnrc.gc.ca/data/pub/WALLABY/WALLABY_J131815-133536_NGC_5044_TR3_mom0.fits,https://ws.cadc-ccda.hia-iha.nrc-cnrc.gc.ca/data/pub/WALLABY/WALLABY_J131815-133536_NGC_5044_TR3_mask.fits,9fc826241559c7c3dd5730bf8a2eb5d92e6b99e93c4cdc09ff3b126c605f4f3a,3663d956a46cc484ccbddbe879b57be71cfd788945121f91e6d1a774444c836e,17280,86400
WALLABY J131818-145755,NGC 5044 TR3,NGC5044,22,profile_rejected,negative source annular moment-0 weight; no clipping is allowed,False,,,,41x38,59x41x38,259,6.000000000012,84508.25,45,https://ws.cadc-ccda.hia-iha.nrc-cnrc.gc.ca/data/pub/WALLABY/WALLABY_J131818-145755_NGC_5044_TR3_mom0.fits,https://ws.cadc-ccda.hia-iha.nrc-cnrc.gc.ca/data/pub/WALLABY/WALLABY_J131818-145755_NGC_5044_TR3_mask.fits,e9018ca1f5001a5f209da98877739cc2407a42cc9d37f37729f63a7c64ee3dfc,b9dd4f9b4e300140de406c568c92b269375f7b93da9f0e9fd7f4558e3b9ea3fd,20160,103680
WALLABY J131824-152926,NGC 5044 TR3,NGC5044,0,pass,,False,15,0.7880433149547619,90.00000000018001,40x36,69x40x36,206,6.000000000012,56933.9140625,34,https://ws.cadc-ccda.hia-iha.nrc-cnrc.gc.ca/data/pub/WALLABY/WALLABY_J131824-152926_NGC_5044_TR3_mom0.fits,https://ws.cadc-ccda.hia-iha.nrc-cnrc.gc.ca/data/pub/WALLABY/WALLABY_J131824-152926_NGC_5044_TR3_mask.fits,6283d6abf97d3d696ac2b7b601f53b1e6b2a52272fc83ebd57a99c3629b741fb,ec124f76b9344aac4e461795c296b4eccda51dadbf0c91913137a5b7c2ddfc30,17280,112320
WALLABY J131826-154604,NGC 5044 TR3,NGC5044,19,profile_rejected,negative source annular moment-0 weight; no clipping is allowed,False,,,,39x41,77x39x41,284,6.000000000012,111922.140625,60,https://ws.cadc-ccda.hia-iha.nrc-cnrc.gc.ca/data/pub/WALLABY/WALLABY_J131826-154604_NGC_5044_TR3_mom0.fits,https://ws.cadc-ccda.hia-iha.nrc-cnrc.gc.ca/data/pub/WALLABY/WALLABY_J131826-154604_NGC_5044_TR3_mask.fits,3427d33a9120bd746621627122dd97c5deef581d3feb7642e7b386c49f1c283c,9804791c22f03fe0109cff430f944649cbec060ab230590b7a1d0b0219c330bf,20160,135360
WALLABY J131830-134228,NGC 5044 TR3,NGC5044,3,pass,,False,13,0.7086069122700339,78.000000000156,39x37,88x39x37,236,6.000000000012,109288.71875,41,https://ws.cadc-ccda.hia-iha.nrc-cnrc.gc.ca/data/pub/WALLABY/WALLABY_J131830-134228_NGC_5044_TR3_mom0.fits,https://ws.cadc-ccda.hia-iha.nrc-cnrc.gc.ca/data/pub/WALLABY/WALLABY_J131830-134228_NGC_5044_TR3_mask.fits,6b345704b4bd18459f6512d0af94d8335dfb16f5a33500000f0ad3483bc82132,68cb04ae70b88faac5f083e071c62be58b7553b844940701734e8ef49dfeebcb,20160,141120
WALLABY J131830-143635,NGC 5044 TR3,NGC5044,19,pass,,False,31,0.6569566879480416,186.000000000372,66x61,112x66x61,1271,6.000000000012,861406.625,114,https://ws.cadc-ccda.hia-iha.nrc-cnrc.gc.ca/data/pub/WALLABY/WALLABY_J131830-143635_NGC_5044_TR3_mom0.fits,https://ws.cadc-ccda.hia-iha.nrc-cnrc.gc.ca/data/pub/WALLABY/WALLABY_J131830-143635_NGC_5044_TR3_mask.fits,c447f8c4e63a05f8361dcf3af70221fce50125798806074e2eb45defb0bbcf1a,7d4a010c54eccca7aeec04bc81060a8fe7ffe1ae77a92c280ebcf425defa59a5,28800,463680
WALLABY J131830-204114,NGC 5044 TR3,NGC5044,13,profile_rejected,negative source annular moment-0 weight; no clipping is allowed,False,,,,48x44,65x48x44,455,6.000000000012,199650.984375,123,https://ws.cadc-ccda.hia-iha.nrc-cnrc.gc.ca/data/pub/WALLABY/WALLABY_J131830-204114_NGC_5044_TR3_mom0.fits,https://ws.cadc-ccda.hia-iha.nrc-cnrc.gc.ca/data/pub/WALLABY/WALLABY_J131830-204114_NGC_5044_TR3_mask.fits,f8e9e69e9a50a62df7e996bd8264b617e37563df23e36d11f16391d8b073df53,326f630a21dd55587d6adad2edc95007011d012ed5de69df858dc0952810a8c9,20160,149760
WALLABY J131833-144940,NGC 5044 TR3,NGC5044,20,profile_rejected,negative source annular moment-0 weight; no clipping is allowed,False,,,,34x33,73x34x33,126,6.000000000012,42146.0859375,15,https://ws.cadc-ccda.hia-iha.nrc-cnrc.gc.ca/data/pub/WALLABY/WALLABY_J131833-144940_NGC_5044_TR3_mom0.fits,https://ws.cadc-ccda.hia-iha.nrc-cnrc.gc.ca/data/pub/WALLABY/WALLABY_J131833-144940_NGC_5044_TR3_mask.fits,2e88b2aab39730fa875a30369a847b2c48a6f016eda7238e59b019aba4c9e98b,571c405ae66cbf729cfae06ce96ff7fe274a12ea76a1699231ea675a47e3c49d,17280,95040
WALLABY J131835-183814,NGC 5044 TR3,NGC5044,17,pass,,False,10,0.8779418206458,60.000000000120004,35x38,78x35x38,200,6.000000000012,118899.328125,30,https://ws.cadc-ccda.hia-iha.nrc-cnrc.gc.ca/data/pub/WALLABY/WALLABY_J131835-183814_NGC_5044_TR3_mom0.fits,https://ws.cadc-ccda.hia-iha.nrc-cnrc.gc.ca/data/pub/WALLABY/WALLABY_J131835-183814_NGC_5044_TR3_mask.fits,1cedeb44fa61e7ed3f41562ad247653c4dcf7bef1a414e06f69e1ed0f5f92464,7828a55470591bf6507995dc24cd6b7d74077dc52325eabbfd80375054a19ab3,17280,118080
WALLABY J131835-211758,NGC 5044 TR3,NGC5044,1,pass,,False,27,0.420217854608069,162.000000000324,43x51,89x43x51,467,6.000000000012,403864.28125,103,https://ws.cadc-ccda.hia-iha.nrc-cnrc.gc.ca/data/pub/WALLABY/WALLABY_J131835-211758_NGC_5044_TR3_mom0.fits,https://ws.cadc-ccda.hia-iha.nrc-cnrc.gc.ca/data/pub/WALLABY/WALLABY_J131835-211758_NGC_5044_TR3_mask.fits,c1761d8a227ecc3353a01a24ac1a8c719fb2b77d5c08b8584bf5d5c5c2e8b4f8,fb3112858c50d83a222c338a68919526f7e2f489f4512881a923795d72fba846,23040,207360
WALLABY J131836-145740,NGC 5044 TR3,NGC5044,9,pass,,False,12,0.7484823634064,72.000000000144,38x37,58x38x37,220,6.000000000012,83664.03125,30,https://ws.cadc-ccda.hia-iha.nrc-cnrc.gc.ca/data/pub/WALLABY/WALLABY_J131836-145740_NGC_5044_TR3_mom0.fits,https://ws.cadc-ccda.hia-iha.nrc-cnrc.gc.ca/data/pub/WALLABY/WALLABY_J131836-145740_NGC_5044_TR3_mask.fits,dc373ffaee249c256cd6d6430d2ffa247f0dcc988dfc6e07150e706d31a8c5c5,242a6590ec904dc3c8a316f104a9fd852f9a6a80bf4f85205842d27086adea4c,17280,95040
WALLABY J131840-150339,NGC 5044 TR3,NGC5044,12,profile_rejected,negative source annular moment-0 weight; no clipping is allowed,False,,,,50x41,92x50x41,452,6.000000000012,291596.25,83,https://ws.cadc-ccda.hia-iha.nrc-cnrc.gc.ca/data/pub/WALLABY/WALLABY_J131840-150339_NGC_5044_TR3_mom0.fits,https://ws.cadc-ccda.hia-iha.nrc-cnrc.gc.ca/data/pub/WALLABY/WALLABY_J131840-150339_NGC_5044_TR3_mask.fits,bfd061ebb439ee71492a3d36c3602bab457b154f455cecaf28bd4ab602513152,8979eeefdcb7633cbe22158707f84f393deda774ee2db0f4a8c04acc788815af,20160,201600
WALLABY J131842-191600,NGC 5044 TR3,NGC5044,6,profile_rejected,negative source annular moment-0 weight; no clipping is allowed,False,,,,36x36,88x36x36,195,6.000000000012,114150.9296875,21,https://ws.cadc-ccda.hia-iha.nrc-cnrc.gc.ca/data/pub/WALLABY/WALLABY_J131842-191600_NGC_5044_TR3_mom0.fits,https://ws.cadc-ccda.hia-iha.nrc-cnrc.gc.ca/data/pub/WALLABY/WALLABY_J131842-191600_NGC_5044_TR3_mask.fits,479668acd4394f165d7cb2ab116c28cdc5713c0b16bb83fa94cfd492a9c17f09,43bb8e3ec73d5f50c06c00ef42983cf6e3baa89a39fc1ee3a46e5c993bd22d5e,17280,126720
WALLABY J131843-172044,NGC 5044 TR3,NGC5044,2,pass,,False,11,0.8682831543956391,66.000000000132,36x37,72x36x37,225,6.000000000012,71265.296875,21,https://ws.cadc-ccda.hia-iha.nrc-cnrc.gc.ca/data/pub/WALLABY/WALLABY_J131843-172044_NGC_5044_TR3_mom0.fits,https://ws.cadc-ccda.hia-iha.nrc-cnrc.gc.ca/data/pub/WALLABY/WALLABY_J131843-172044_NGC_5044_TR3_mask.fits,c7aaa171475744d0e4baae08cbeaad15e555e6df327e5d26bf14a6b7f19f11fb,d136fc534ff1525f5166f0d5ed20da677dd679d9fe2c3202045a8bbef8a75548,17280,109440
WALLABY J131843-181853,NGC 5044 TR3,NGC5044,20,profile_rejected,negative source annular moment-0 weight; no clipping is allowed,False,,,,37x39,79x37x39,258,6.000000000012,121867.4453125,59,https://ws.cadc-ccda.hia-iha.nrc-cnrc.gc.ca/data/pub/WALLABY/WALLABY_J131843-181853_NGC_5044_TR3_mom0.fits,https://ws.cadc-ccda.hia-iha.nrc-cnrc.gc.ca/data/pub/WALLABY/WALLABY_J131843-181853_NGC_5044_TR3_mask.fits,2cb8cf2732b44abcb74248c080dec170d83182927e2305ff913bbd23929d7d03,7c0cd9a1aea1d60186859918ce5857c480ebc931ba21c8346a8a400ea9dc2607,20160,126720
WALLABY J131844-113805,NGC 5044 TR3,NGC5044,8,pass,,False,20,0.7097563351848657,120.00000000024001,41x42,62x41x42,303,6.000000000012,61810.35546875,22,https://ws.cadc-ccda.hia-iha.nrc-cnrc.gc.ca/data/pub/WALLABY/WALLABY_J131844-113805_NGC_5044_TR3_mom0.fits,https://ws.cadc-ccda.hia-iha.nrc-cnrc.gc.ca/data/pub/WALLABY/WALLABY_J131844-113805_NGC_5044_TR3_mask.fits,8bfd3667463b2fc29af21e4f1c0df71b1ef7e9775d39ac9c9085a23612bcee49,7879a6fea6e22e092f5b469f299426192a669b9f6b406ad6d2e71d85e3d4d2bc,20160,120960
WALLABY J131845-153954,NGC 5044 TR3,NGC5044,14,pass,,False,11,0.9165934562993059,66.000000000132,38x40,53x38x40,253,6.000000000012,119348.3359375,43,https://ws.cadc-ccda.hia-iha.nrc-cnrc.gc.ca/data/pub/WALLABY/WALLABY_J131845-153954_NGC_5044_TR3_mom0.fits,https://ws.cadc-ccda.hia-iha.nrc-cnrc.gc.ca/data/pub/WALLABY/WALLABY_J131845-153954_NGC_5044_TR3_mask.fits,5b3f6074521d0cb085392fa9f728838294123bec0400b45b383b3f55bd82defc,276d264f0af277ee9dc68fe3d782403bfa52bf0e370a870f8a8309df959264cd,20160,92160
WALLABY J131846-133637,NGC 5044 TR3,NGC5044,2,profile_rejected,negative source annular moment-0 weight; no clipping is allowed,False,,,,35x35,63x35x35,176,6.000000000012,61221.1484375,15,https://ws.cadc-ccda.hia-iha.nrc-cnrc.gc.ca/data/pub/WALLABY/WALLABY_J131846-133637_NGC_5044_TR3_mom0.fits,https://ws.cadc-ccda.hia-iha.nrc-cnrc.gc.ca/data/pub/WALLABY/WALLABY_J131846-133637_NGC_5044_TR3_mask.fits,6ddc9186e2cb8d7eda95c6686162a5c7b6b211e25a7da0a3862109e4d13f2975,943a87d60305d193baa106227322f63f770fae21c0884f5640402eb4b573c92c,17280,89280
WALLABY J131847-210939,NGC 5044 TR3,NGC5044,6,pass,,False,14,0.7071503354496411,84.000000000168,31x38,136x31x38,162,6.000000000012,143560.40625,15,https://ws.cadc-ccda.hia-iha.nrc-cnrc.gc.ca/data/pub/WALLABY/WALLABY_J131847-210939_NGC_5044_TR3_mom0.fits,https://ws.cadc-ccda.hia-iha.nrc-cnrc.gc.ca/data/pub/WALLABY/WALLABY_J131847-210939_NGC_5044_TR3_mask.fits,98ade53003c77a2dc5ace07c7cf40a58215dc26b5282f2645fff2390f3b80c80,022676bc2f86e74979fe47c6ba147e9d6f304ae0fe083ed628056c2f7b9ca8ba,17280,175680
WALLABY J131851-123625,NGC 5044 TR3,NGC5044,0,pass,,False,20,0.922084899521905,120.00000000024001,53x40,63x53x40,584,6.000000000012,331512.90625,62,https://ws.cadc-ccda.hia-iha.nrc-cnrc.gc.ca/data/pub/WALLABY/WALLABY_J131851-123625_NGC_5044_TR3_mom0.fits,https://ws.cadc-ccda.hia-iha.nrc-cnrc.gc.ca/data/pub/WALLABY/WALLABY_J131851-123625_NGC_5044_TR3_mask.fits,d5b1f3cd28c0b44147b46a300d2ac70d34bbd1192e3cdc6a6ec263354a270adc,49b25fe25bdd9d85292da45ef52417523fca19f0ef3f15e11c52c82753edcb0e,20160,146880
WALLABY J131853-160803,NGC 5044 TR3,NGC5044,8,profile_rejected,negative source annular moment-0 weight; no clipping is allowed,False,,,,35x33,84x35x33,153,6.000000000012,73538.609375,19,https://ws.cadc-ccda.hia-iha.nrc-cnrc.gc.ca/data/pub/WALLABY/WALLABY_J131853-160803_NGC_5044_TR3_mom0.fits,https://ws.cadc-ccda.hia-iha.nrc-cnrc.gc.ca/data/pub/WALLABY/WALLABY_J131853-160803_NGC_5044_TR3_mask.fits,ba97565b5dd6c3359d73ebc1098e3d3fe3c40586a16cbd551e9f02d569e64e4c,8aaa3728669f724899df31bfb885c57edeeb134e2d752a34dbe22eddd8f4fcd5,17280,109440
WALLABY J131854-183512,NGC 5044 TR3,NGC5044,6,pass,,False,14,0.8056483775777007,84.000000000168,41x40,57x41x40,342,6.000000000012,99625.265625,22,https://ws.cadc-ccda.hia-iha.nrc-cnrc.gc.ca/data/pub/WALLABY/WALLABY_J131854-183512_NGC_5044_TR3_mom0.fits,https://ws.cadc-ccda.hia-iha.nrc-cnrc.gc.ca/data/pub/WALLABY/WALLABY_J131854-183512_NGC_5044_TR3_mask.fits,75a3e304d94bae1b74f4a615617059fc45bef5c294a811b38874d70c5c700281,d7f045b5b4122624a28b96f45d7a1be1f8e8718131f487b1a1ecb87717162488,20160,106560
WALLABY J131855-170333,NGC 5044 TR3,NGC5044,4,pass,,False,18,0.5475609391368951,108.000000000216,47x28,120x47x28,211,6.000000000012,103551.421875,17,https://ws.cadc-ccda.hia-iha.nrc-cnrc.gc.ca/data/pub/WALLABY/WALLABY_J131855-170333_NGC_5044_TR3_mom0.fits,https://ws.cadc-ccda.hia-iha.nrc-cnrc.gc.ca/data/pub/WALLABY/WALLABY_J131855-170333_NGC_5044_TR3_mask.fits,83982bc8efc1b740f4b8cc56343ec408aa2f2a7ad6c4e7523d0a9151ce9bbbc1,0c739caaa01c6c61bbd6cebd3d36eb6a6935394f880c04aeea14eaedc3662e51,17280,169920
WALLABY J131858-150054,NGC 5044 TR3,NGC5044,22,pass,,False,10,0.6652151154662859,60.000000000120004,35x22,75x35x22,132,6.000000000012,66368.8515625,8,https://ws.cadc-ccda.hia-iha.nrc-cnrc.gc.ca/data/pub/WALLABY/WALLABY_J131858-150054_NGC_5044_TR3_mom0.fits,https://ws.cadc-ccda.hia-iha.nrc-cnrc.gc.ca/data/pub/WALLABY/WALLABY_J131858-150054_NGC_5044_TR3_mask.fits,17066356d4dc230727fefa7433a24eb0ad447d3df52c5a8675b538a01d44d692,e90d2ca7502878dcfe063a8fdd3084263d7238ab1af088f78011b6e845829bb1,17280,72000
WALLABY J131858-183353,NGC 5044 TR3,NGC5044,14,profile_rejected,negative source annular moment-0 weight; no clipping is allowed,False,,,,33x29,58x33x29,142,6.000000000012,60913.9375,29,https://ws.cadc-ccda.hia-iha.nrc-cnrc.gc.ca/data/pub/WALLABY/WALLABY_J131858-183353_NGC_5044_TR3_mom0.fits,https://ws.cadc-ccda.hia-iha.nrc-cnrc.gc.ca/data/pub/WALLABY/WALLABY_J131858-183353_NGC_5044_TR3_mask.fits,4972556047d15a222ee96d3fb9fb8357ab21c66a9eafab6a57b2495c5d1272d8,506474c62704233995f9e5767e1f65db33fa2afcf1a6e28e7c6441fab12c27bf,17280,69120
WALLABY J131905-142915,NGC 5044 TR3,NGC5044,1,profile_rejected,negative source annular moment-0 weight; no clipping is allowed,False,,,,27x36,59x27x36,177,6.000000000012,69494.0546875,19,https://ws.cadc-ccda.hia-iha.nrc-cnrc.gc.ca/data/pub/WALLABY/WALLABY_J131905-142915_NGC_5044_TR3_mom0.fits,https://ws.cadc-ccda.hia-iha.nrc-cnrc.gc.ca/data/pub/WALLABY/WALLABY_J131905-142915_NGC_5044_TR3_mask.fits,7964301e4e1aeecc15a1c303d27e55ee61b4cbc3aad5b7c10ea9a71bb52ce153,a4cf8e0283370b554dd06c194d0c26af5a6d5c0c5056e1cce38694cbba68c53c,17280,72000
WALLABY J131905-175622,NGC 5044 TR3,NGC5044,4,pass,,False,13,0.7869267216543099,78.000000000156,38x29,72x38x29,254,6.000000000012,107128.296875,59,https://ws.cadc-ccda.hia-iha.nrc-cnrc.gc.ca/data/pub/WALLABY/WALLABY_J131905-175622_NGC_5044_TR3_mom0.fits,https://ws.cadc-ccda.hia-iha.nrc-cnrc.gc.ca/data/pub/WALLABY/WALLABY_J131905-175622_NGC_5044_TR3_mask.fits,a0a56d0dbdc83a3b942e0c297ee143a2ce6099d8c427de2e03a1a2530cd9f43f,e8bec547a645c194b108a1501ddef8a287cc437995b8acad8251b5e8faf407f1,17280,92160
WALLABY J131913-185018,NGC 5044 TR3,NGC5044,22,profile_rejected,negative source annular moment-0 weight; no clipping is allowed,False,,,,36x43,84x36x43,221,6.000000000012,81189.59375,60,https://ws.cadc-ccda.hia-iha.nrc-cnrc.gc.ca/data/pub/WALLABY/WALLABY_J131913-185018_NGC_5044_TR3_mom0.fits,https://ws.cadc-ccda.hia-iha.nrc-cnrc.gc.ca/data/pub/WALLABY/WALLABY_J131913-185018_NGC_5044_TR3_mask.fits,32dd283433cd871e4ec685491de64d025b071a9ba916b48143c3dd76ebdac1a3,ec8ff32bdc21daa8ecbec75e3c24ef8f7c1cb3077ccfeebe4068d0117e4b2c2c,20160,146880
WALLABY J131915-155513,NGC 5044 TR3,NGC5044,0,pass,,False,13,0.673224432327217,78.000000000156,40x34,93x40x34,201,6.000000000012,101947.34375,14,https://ws.cadc-ccda.hia-iha.nrc-cnrc.gc.ca/data/pub/WALLABY/WALLABY_J131915-155513_NGC_5044_TR3_mom0.fits,https://ws.cadc-ccda.hia-iha.nrc-cnrc.gc.ca/data/pub/WALLABY/WALLABY_J131915-155513_NGC_5044_TR3_mask.fits,3edc6aeae6eae1dd5222df2c17aed607c8ba8442d665f0fe67e96008365038c8,e16f5c935ce18873d34f12cd86dfee6488ea8d758f90b267ee00d61ab6af3d66,17280,141120
WALLABY J131918-155021,NGC 5044 TR3,NGC5044,18,profile_rejected,negative source annular moment-0 weight; no clipping is allowed,False,,,,37x34,63x37x34,155,6.000000000012,41317.59765625,33,https://ws.cadc-ccda.hia-iha.nrc-cnrc.gc.ca/data/pub/WALLABY/WALLABY_J131918-155021_NGC_5044_TR3_mom0.fits,https://ws.cadc-ccda.hia-iha.nrc-cnrc.gc.ca/data/pub/WALLABY/WALLABY_J131918-155021_NGC_5044_TR3_mask.fits,b8f781a7a2cd3063ad2a59e212241b4a044a0c4e5665cb45567a6f197d9d40a4,b59b42cf90817083ed8bd2ad76eaf33d379eec83db493e273d5fcaffc0bdc3e7,17280,95040
WALLABY J131918-161609,NGC 5044 TR3,NGC5044,8,profile_rejected,source radial support contains fewer than 8 pixel-scale annuli,False,,,,34x30,67x34x30,95,6.000000000012,42143.1640625,7,https://ws.cadc-ccda.hia-iha.nrc-cnrc.gc.ca/data/pub/WALLABY/WALLABY_J131918-161609_NGC_5044_TR3_mom0.fits,https://ws.cadc-ccda.hia-iha.nrc-cnrc.gc.ca/data/pub/WALLABY/WALLABY_J131918-161609_NGC_5044_TR3_mask.fits,bf71069b39f361b7376278321ffa400b9d0ee465d4e3cca3d4c1ce86692861d4,73e664f431d42ec107c2e530247e6aaaeea06a33611983e6b1928be87b24b32e,17280,83520
WALLABY J131919-170339,NGC 5044 TR3,NGC5044,20,pass,,False,9,0.8320913814717023,54.000000000108,36x33,62x36x33,154,6.000000000012,52216.8984375,17,https://ws.cadc-ccda.hia-iha.nrc-cnrc.gc.ca/data/pub/WALLABY/WALLABY_J131919-170339_NGC_5044_TR3_mom0.fits,https://ws.cadc-ccda.hia-iha.nrc-cnrc.gc.ca/data/pub/WALLABY/WALLABY_J131919-170339_NGC_5044_TR3_mask.fits,032be422c3dc3c6a2fb99c879b0e84ad0c34cdd00bb2fbe8d538e2990a139175,dab8b2a5eb55174cf1bd1c0bc1d6016ef6b43ec40805dac6d54cd90fa103a2b7,17280,89280
WALLABY J131920-170105,NGC 5044 TR3,NGC5044,10,pass,,False,15,0.6509446175350074,90.00000000018001,37x40,71x37x40,221,6.000000000012,57432.66015625,20,https://ws.cadc-ccda.hia-iha.nrc-cnrc.gc.ca/data/pub/WALLABY/WALLABY_J131920-170105_NGC_5044_TR3_mom0.fits,https://ws.cadc-ccda.hia-iha.nrc-cnrc.gc.ca/data/pub/WALLABY/WALLABY_J131920-170105_NGC_5044_TR3_mask.fits,edc5e6f0e33e6fcb7784b272b032543f7238b48898384faa027ec9b2773d058f,423120a841ccc2a55b215ee46c1f82eead9abb0a9fb70a41e8a1248d61be4c51,20160,120960
WALLABY J131922-150923,NGC 5044 TR3,NGC5044,12,profile_rejected,negative source annular moment-0 weight; no clipping is allowed,False,,,,37x39,63x37x39,239,6.000000000012,139910.25,41,https://ws.cadc-ccda.hia-iha.nrc-cnrc.gc.ca/data/pub/WALLABY/WALLABY_J131922-150923_NGC_5044_TR3_mom0.fits,https://ws.cadc-ccda.hia-iha.nrc-cnrc.gc.ca/data/pub/WALLABY/WALLABY_J131922-150923_NGC_5044_TR3_mask.fits,d98e3f743fd8aa4d1135a49f9bb06ff61e04750a7d8f5284b8ad2a385107cc3e,80119a048ba0f95f8aa0f197eb257a3fc46459ad3c441ddc278d7f21eb80fe4c,20160,106560
WALLABY J131923-161251,NGC 5044 TR3,NGC5044,2,profile_rejected,negative source annular moment-0 weight; no clipping is allowed,False,,,,32x33,49x32x33,122,6.000000000012,35777.2421875,20,https://ws.cadc-ccda.hia-iha.nrc-cnrc.gc.ca/data/pub/WALLABY/WALLABY_J131923-161251_NGC_5044_TR3_mom0.fits,https://ws.cadc-ccda.hia-iha.nrc-cnrc.gc.ca/data/pub/WALLABY/WALLABY_J131923-161251_NGC_5044_TR3_mask.fits,2baf2c051d5d1adf56fb2cc7ec342d354511968dcb71a0ea16685dc5f7feb956,7572ccff9ac44aa69136542fe55f6e3042c53c6ff7a1cf23e46498a2ae5fe718,17280,66240
WALLABY J131929-200819,NGC 5044 TR3,NGC5044,11,profile_rejected,negative source annular moment-0 weight; no clipping is allowed,False,,,,41x42,56x41x42,328,6.000000000012,166669.125,61,https://ws.cadc-ccda.hia-iha.nrc-cnrc.gc.ca/data/pub/WALLABY/WALLABY_J131929-200819_NGC_5044_TR3_mom0.fits,https://ws.cadc-ccda.hia-iha.nrc-cnrc.gc.ca/data/pub/WALLABY/WALLABY_J131929-200819_NGC_5044_TR3_mask.fits,4e0d2de7768a74b201bdfbd17a1cc3d8995ab8b285ff3a14c3704f4a7fb5628b,a23e991512cbf7b46a79c27800f17ee00e300b08ecd657ce19604d892455cb88,20160,112320
WALLABY J131934-124159,NGC 5044 TR3,NGC5044,3,pass,,False,38,0.3598947596944047,228.000000000456,50x51,105x50x51,445,6.000000000012,134012.5625,33,https://ws.cadc-ccda.hia-iha.nrc-cnrc.gc.ca/data/pub/WALLABY/WALLABY_J131934-124159_NGC_5044_TR3_mom0.fits,https://ws.cadc-ccda.hia-iha.nrc-cnrc.gc.ca/data/pub/WALLABY/WALLABY_J131934-124159_NGC_5044_TR3_mask.fits,080505df5554496b0697c18223b13ee1401cde3537d969c60c9728983c785ce5,68df2081d2e7bf9f6eb5b803d5fe7dfc590240f5940984f75a6b6fe44d07c5d1,23040,279360
WALLABY J131938-124148,NGC 5044 TR3,NGC5044,20,pass,,False,18,0.6219111251351667,108.000000000216,47x44,109x47x44,409,6.000000000012,381713.3125,66,https://ws.cadc-ccda.hia-iha.nrc-cnrc.gc.ca/data/pub/WALLABY/WALLABY_J131938-124148_NGC_5044_TR3_mom0.fits,https://ws.cadc-ccda.hia-iha.nrc-cnrc.gc.ca/data/pub/WALLABY/WALLABY_J131938-124148_NGC_5044_TR3_mask.fits,5d223a8e723f459d37d9a7b11a104a6e30ccb863ec5ccec198bf8e3a222def1b,8bd8670dc2c591d3580d51b72230b9c08e9b670fd65de1d88e6d950bd6dbf064,20160,239040
WALLABY J131943-121613,NGC 5044 TR3,NGC5044,22,profile_rejected,negative source annular moment-0 weight; no clipping is allowed,False,,,,36x41,57x36x41,256,6.000000000012,101081.9296875,54,https://ws.cadc-ccda.hia-iha.nrc-cnrc.gc.ca/data/pub/WALLABY/WALLABY_J131943-121613_NGC_5044_TR3_mom0.fits,https://ws.cadc-ccda.hia-iha.nrc-cnrc.gc.ca/data/pub/WALLABY/WALLABY_J131943-121613_NGC_5044_TR3_mask.fits,c88d71d6b45b7e00d1b3803ace52b854aa12b20efc0cd2da8a6f1fbcb43db78b,0834329de6f5c00406be8dd884d8fcef6ec30411e27349ba09ed208d46c25704,20160,97920
WALLABY J131947-205901,NGC 5044 TR3,NGC5044,20,profile_rejected,negative source annular moment-0 weight; no clipping is allowed,False,,,,61x57,145x61x57,626,6.000000000012,339362.6875,202,https://ws.cadc-ccda.hia-iha.nrc-cnrc.gc.ca/data/pub/WALLABY/WALLABY_J131947-205901_NGC_5044_TR3_mom0.fits,https://ws.cadc-ccda.hia-iha.nrc-cnrc.gc.ca/data/pub/WALLABY/WALLABY_J131947-205901_NGC_5044_TR3_mask.fits,659ad0e8c6ccc3a8a52c6ab9ed0b571eb1cd595cbcd5b6cba4c41ca8cb275c5d,85ac95b8d6844b66985349ea2135140a0ba3553363d2bf94b1c5ef2c03086de7,25920,521280
WALLABY J131954-163715,NGC 5044 TR3,NGC5044,20,pass,,False,14,0.7329607851105935,84.000000000168,41x43,76x41x43,356,6.000000000012,228338.640625,66,https://ws.cadc-ccda.hia-iha.nrc-cnrc.gc.ca/data/pub/WALLABY/WALLABY_J131954-163715_NGC_5044_TR3_mom0.fits,https://ws.cadc-ccda.hia-iha.nrc-cnrc.gc.ca/data/pub/WALLABY/WALLABY_J131954-163715_NGC_5044_TR3_mask.fits,66a1425383ae6cf8e2850aabd49c5d7e779ff61b78d041df7a9e95327466c9a2,5247e785ce74d1e47ca6e247a925ed3ce8658eb310c610a447b9ea001e2c2ca8,20160,149760
WALLABY J131955-115759,NGC 5044 TR3,NGC5044,22,profile_rejected,negative source annular moment-0 weight; no clipping is allowed,False,,,,40x39,65x40x39,285,6.000000000012,93299.6875,58,https://ws.cadc-ccda.hia-iha.nrc-cnrc.gc.ca/data/pub/WALLABY/WALLABY_J131955-115759_NGC_5044_TR3_mom0.fits,https://ws.cadc-ccda.hia-iha.nrc-cnrc.gc.ca/data/pub/WALLABY/WALLABY_J131955-115759_NGC_5044_TR3_mask.fits,a7d10d44f34148e0efd70093bd8a47c2e1a525558adf65a71afe06c26a2b240e,60c9197b5ba5d90f58742d73e5c18040bb8ab603a47db43ed93b3254b33ebee9,20160,115200
WALLABY J131957-124805,NGC 5044 TR3,NGC5044,15,profile_rejected,negative source annular moment-0 weight; no clipping is allowed,False,,,,35x38,50x35x38,196,6.000000000012,35211.953125,37,https://ws.cadc-ccda.hia-iha.nrc-cnrc.gc.ca/data/pub/WALLABY/WALLABY_J131957-124805_NGC_5044_TR3_mom0.fits,https://ws.cadc-ccda.hia-iha.nrc-cnrc.gc.ca/data/pub/WALLABY/WALLABY_J131957-124805_NGC_5044_TR3_mask.fits,94b2647f9111f288d65ce42c5b67bad7d5e18a53927bbbab93ce2e9a0176684a,bc51117ab04257e67c19e34bbdf0d74163de31d82db66ae6f6849f7576f6fbd8,17280,80640
WALLABY J131959-171534,NGC 5044 TR3,NGC5044,0,profile_rejected,negative source annular moment-0 weight; no clipping is allowed,False,,,,42x42,76x42x42,377,6.000000000012,217332.515625,74,https://ws.cadc-ccda.hia-iha.nrc-cnrc.gc.ca/data/pub/WALLABY/WALLABY_J131959-171534_NGC_5044_TR3_mom0.fits,https://ws.cadc-ccda.hia-iha.nrc-cnrc.gc.ca/data/pub/WALLABY/WALLABY_J131959-171534_NGC_5044_TR3_mask.fits,6f9f7f5b57b58b8b9e9c06084f0580c5e6cf07a90b3bfcb8d572872c3752130b,a5f8cc2a495f3acecb95a9b65a0be59f467cf0030f640c94a52bdde1d8a14fa0,20160,149760
WALLABY J132001-195929,NGC 5044 TR3,NGC5044,1,pass,,False,18,0.5966360458010375,108.000000000216,44x46,92x44x46,439,6.000000000012,258439.15625,67,https://ws.cadc-ccda.hia-iha.nrc-cnrc.gc.ca/data/pub/WALLABY/WALLABY_J132001-195929_NGC_5044_TR3_mom0.fits,https://ws.cadc-ccda.hia-iha.nrc-cnrc.gc.ca/data/pub/WALLABY/WALLABY_J132001-195929_NGC_5044_TR3_mask.fits,d50f894b8f087e690bbec09c8161840778f545138283cf623f6e992b3ec29ebb,2b1268e7e71d45d37605fc7bb0148b526c7a5349ee02e173615e6ff0bd082fb0,20160,201600
WALLABY J132004-165233,NGC 5044 TR3,NGC5044,1,pass,,False,21,0.7599767331417498,126.000000000252,56x49,88x56x49,760,6.000000000012,414282.8125,65,https://ws.cadc-ccda.hia-iha.nrc-cnrc.gc.ca/data/pub/WALLABY/WALLABY_J132004-165233_NGC_5044_TR3_mom0.fits,https://ws.cadc-ccda.hia-iha.nrc-cnrc.gc.ca/data/pub/WALLABY/WALLABY_J132004-165233_NGC_5044_TR3_mask.fits,abc300dfcc008d8e791aec022ed4523d38f3f99a1277011b292da305a88a2c5c,fee64e01a48eef8d1e36f5c6518afa46d3916da89649b7dd4af22d4a20bc49ae,23040,256320
WALLABY J132005-144515,NGC 5044 TR3,NGC5044,21,profile_rejected,negative source annular moment-0 weight; no clipping is allowed,False,,,,42x42,102x42x42,330,6.000000000012,232527.5625,56,https://ws.cadc-ccda.hia-iha.nrc-cnrc.gc.ca/data/pub/WALLABY/WALLABY_J132005-144515_NGC_5044_TR3_mom0.fits,https://ws.cadc-ccda.hia-iha.nrc-cnrc.gc.ca/data/pub/WALLABY/WALLABY_J132005-144515_NGC_5044_TR3_mask.fits,a999fa3090acb301ef3006520138c45c00609926c982397d56077c66a9773fb4,7ec421c06ba86e26ef46be7d55cbda370a42c483790c2578bef6ece296f4fd85,20160,195840
WALLABY J132009-174141,NGC 5044 TR3,NGC5044,21,pass,,False,12,0.9285426977547305,72.000000000144,38x37,88x38x37,223,6.000000000012,84674.7578125,47,https://ws.cadc-ccda.hia-iha.nrc-cnrc.gc.ca/data/pub/WALLABY/WALLABY_J132009-174141_NGC_5044_TR3_mom0.fits,https://ws.cadc-ccda.hia-iha.nrc-cnrc.gc.ca/data/pub/WALLABY/WALLABY_J132009-174141_NGC_5044_TR3_mask.fits,4423e470517af2b8ac333c9df84eeee6c7d0712d46656a0d0146e5eea5b0bb56,72f27b5365d97f523502df5774f181ff23434e69cb2cb1d5150cfeea37b9ebe5,17280,138240
WALLABY J132011-184001,NGC 5044 TR3,NGC5044,15,profile_rejected,negative source annular moment-0 weight; no clipping is allowed,False,,,,40x33,53x40x33,152,6.000000000012,65042.4296875,30,https://ws.cadc-ccda.hia-iha.nrc-cnrc.gc.ca/data/pub/WALLABY/WALLABY_J132011-184001_NGC_5044_TR3_mom0.fits,https://ws.cadc-ccda.hia-iha.nrc-cnrc.gc.ca/data/pub/WALLABY/WALLABY_J132011-184001_NGC_5044_TR3_mask.fits,c9c2bb117bf8789d5501dc2d0be19a2dbfe15bac7d746010d2a5dd3ec3ee6784,1408d8aa627222b680e6f501c42971e6503367d7d056d22a994522db0adb988c,17280,86400
WALLABY J132011-201121,NGC 5044 TR3,NGC5044,0,profile_rejected,negative source annular moment-0 weight; no clipping is allowed,False,,,,35x35,77x35x35,174,6.000000000012,55619.2421875,29,https://ws.cadc-ccda.hia-iha.nrc-cnrc.gc.ca/data/pub/WALLABY/WALLABY_J132011-201121_NGC_5044_TR3_mom0.fits,https://ws.cadc-ccda.hia-iha.nrc-cnrc.gc.ca/data/pub/WALLABY/WALLABY_J132011-201121_NGC_5044_TR3_mask.fits,80fd6a5963bfbab13bcb80b4acfe0e580b5d29f8a0c82420912d6beca461b262,ec6e002d9ba35069882eb99a00284ca087359340241b53f5a50904c0258510c3,17280,109440
WALLABY J132014-141744,NGC 5044 TR3,NGC5044,2,pass,,False,16,0.7386368470537824,96.000000000192,46x44,124x46x44,419,6.000000000012,263067.875,40,https://ws.cadc-ccda.hia-iha.nrc-cnrc.gc.ca/data/pub/WALLABY/WALLABY_J132014-141744_NGC_5044_TR3_mom0.fits,https://ws.cadc-ccda.hia-iha.nrc-cnrc.gc.ca/data/pub/WALLABY/WALLABY_J132014-141744_NGC_5044_TR3_mask.fits,532f585386d5166f71c492e632a0313550fc096cbc49a227a44b5be1c991e900,7360adad9341a31a72929415b98aa55dcc085bf3366b6734af62b6216bcff297,20160,264960
WALLABY J132017-144841,NGC 5044 TR3,NGC5044,3,pass,,False,29,0.38983873997236984,174.000000000348,44x52,101x44x52,534,6.000000000012,348292.6875,96,https://ws.cadc-ccda.hia-iha.nrc-cnrc.gc.ca/data/pub/WALLABY/WALLABY_J132017-144841_NGC_5044_TR3_mom0.fits,https://ws.cadc-ccda.hia-iha.nrc-cnrc.gc.ca/data/pub/WALLABY/WALLABY_J132017-144841_NGC_5044_TR3_mask.fits,6041ce446cb72e977cc51cb56a770b6ff35f83d2c37174a37cf0d90553ddb2a8,dd4ff90c627aa4f76b2ad69ab4b11487df07cf484ba25fa643652185f4678160,23040,247680
WALLABY J132018-163208,NGC 5044 TR3,NGC5044,22,pass,,False,11,0.8705023448093308,66.000000000132,37x39,72x37x39,253,6.000000000012,130120.578125,26,https://ws.cadc-ccda.hia-iha.nrc-cnrc.gc.ca/data/pub/WALLABY/WALLABY_J132018-163208_NGC_5044_TR3_mom0.fits,https://ws.cadc-ccda.hia-iha.nrc-cnrc.gc.ca/data/pub/WALLABY/WALLABY_J132018-163208_NGC_5044_TR3_mask.fits,9c233a564418a008260f8dedf5747522cdd30314ba6a2b0c642c4ba47054e52b,9bd888f7db55405300ad9e3361359caf5074808b5bc44422da7a9e2eb64458f2,20160,120960
WALLABY J132018-214925,NGC 5044 TR3,NGC5044,18,profile_rejected,negative source annular moment-0 weight; no clipping is allowed,False,,,,100x174,216x100x174,3854,6.000000000012,11793344.0,559,https://ws.cadc-ccda.hia-iha.nrc-cnrc.gc.ca/data/pub/WALLABY/WALLABY_J132018-214925_NGC_5044_TR3_mom0.fits,https://ws.cadc-ccda.hia-iha.nrc-cnrc.gc.ca/data/pub/WALLABY/WALLABY_J132018-214925_NGC_5044_TR3_mask.fits,62e4ce966992ee28fc450fea0b2253d6112833d1f844a796cbb8bf3aef55b6d9,9d62bf92853a7de52c28df63bc6eae27e2315b61104f875b7d987a66f933188a,83520,3769920
WALLABY J132019-123420,NGC 5044 TR3,NGC5044,0,profile_rejected,negative source annular moment-0 weight; no clipping is allowed,False,,,,120x68,112x120x68,3038,6.000000000012,5343495.0,225,https://ws.cadc-ccda.hia-iha.nrc-cnrc.gc.ca/data/pub/WALLABY/WALLABY_J132019-123420_NGC_5044_TR3_mom0.fits,https://ws.cadc-ccda.hia-iha.nrc-cnrc.gc.ca/data/pub/WALLABY/WALLABY_J132019-123420_NGC_5044_TR3_mask.fits,e977aa5f05859e90c811c3b660ed134845087323ece60bf839388446b368b073,e1fc3b28ecc6479f8a7a2e0d5a56ec7ba01479b4bd47d0ccf9d16cd9fe56cce3,46080,927360
WALLABY J132020-124006,NGC 5044 TR3,NGC5044,5,profile_rejected,negative source annular moment-0 weight; no clipping is allowed,False,,,,36x40,53x36x40,251,6.000000000012,134284.046875,37,https://ws.cadc-ccda.hia-iha.nrc-cnrc.gc.ca/data/pub/WALLABY/WALLABY_J132020-124006_NGC_5044_TR3_mom0.fits,https://ws.cadc-ccda.hia-iha.nrc-cnrc.gc.ca/data/pub/WALLABY/WALLABY_J132020-124006_NGC_5044_TR3_mask.fits,1e68f22ef010a885c84121088934a622affbffb08486a0b0e922965fc0e4fb27,6a33be4b5b764b38f12468abcfe882bb3b6c72deeec478706b976c39f54279e3,17280,89280
WALLABY J132022-240400,NGC 5044 TR3,NGC5044,14,profile_rejected,negative source annular moment-0 weight; no clipping is allowed,False,,,,32x33,61x32x33,107,6.000000000012,164720.984375,6,https://ws.cadc-ccda.hia-iha.nrc-cnrc.gc.ca/data/pub/WALLABY/WALLABY_J132022-240400_NGC_5044_TR3_mom0.fits,https://ws.cadc-ccda.hia-iha.nrc-cnrc.gc.ca/data/pub/WALLABY/WALLABY_J132022-240400_NGC_5044_TR3_mask.fits,914368c7b9ea61f7794a4afccf230524224fb4627d905e2bb8dfc2b9ed7a080e,b66f6d295a01c62427c440d23c3269d0d9f1c7cd001322ba6fd89f3f46375a32,17280,77760
WALLABY J132024-143418,NGC 5044 TR3,NGC5044,9,pass,,False,8,0.8056121625685967,48.000000000096,32x34,78x32x34,130,6.000000000012,75126.4765625,21,https://ws.cadc-ccda.hia-iha.nrc-cnrc.gc.ca/data/pub/WALLABY/WALLABY_J132024-143418_NGC_5044_TR3_mom0.fits,https://ws.cadc-ccda.hia-iha.nrc-cnrc.gc.ca/data/pub/WALLABY/WALLABY_J132024-143418_NGC_5044_TR3_mask.fits,e83c955ba1d5b89e9f068fecd8e4b6362973a70523a7b8c171ed99799454c203,9a68acbdf18b310007e27e7f5fcf9c80e3a33ed1198c9810a45978b77211c813,17280,100800
WALLABY J132025-164032,NGC 5044 TR3,NGC5044,3,pass,,False,15,0.8821478323655177,90.00000000018001,43x44,99x43x44,390,6.000000000012,162354.640625,87,https://ws.cadc-ccda.hia-iha.nrc-cnrc.gc.ca/data/pub/WALLABY/WALLABY_J132025-164032_NGC_5044_TR3_mom0.fits,https://ws.cadc-ccda.hia-iha.nrc-cnrc.gc.ca/data/pub/WALLABY/WALLABY_J132025-164032_NGC_5044_TR3_mask.fits,962cfd8a6f95698d97cce1ef5fd0ad1921c7ac41a7f276a00de16d629a8904cc,aca5dcdd0cbfe197d2d8d90d501e2be47762397d041a4a717d2dcdf4911cce9b,20160,204480
WALLABY J132029-195030,NGC 5044 TR3,NGC5044,0,profile_rejected,negative source annular moment-0 weight; no clipping is allowed,False,,,,41x37,81x41x37,271,6.000000000012,155071.0,42,https://ws.cadc-ccda.hia-iha.nrc-cnrc.gc.ca/data/pub/WALLABY/WALLABY_J132029-195030_NGC_5044_TR3_mom0.fits,https://ws.cadc-ccda.hia-iha.nrc-cnrc.gc.ca/data/pub/WALLABY/WALLABY_J132029-195030_NGC_5044_TR3_mask.fits,1ef9c06f375b175766139c394de896534b17927fce1bf4f9681b47c581381f1e,2c909c34e0e4427228cbe42635ce5e67218166bce8522d34a64375a23c9332eb,20160,138240
WALLABY J132030-202723,NGC 5044 TR3,NGC5044,10,profile_rejected,source radial support contains fewer than 8 pixel-scale annuli,False,,,,29x30,31x29x30,66,6.000000000012,25855.251953125,2,https://ws.cadc-ccda.hia-iha.nrc-cnrc.gc.ca/data/pub/WALLABY/WALLABY_J132030-202723_NGC_5044_TR3_mom0.fits,https://ws.cadc-ccda.hia-iha.nrc-cnrc.gc.ca/data/pub/WALLABY/WALLABY_J132030-202723_NGC_5044_TR3_mask.fits,9ec3d38120ba3910517094691912250b98a89d6ee327331c71e38f8e65fb9568,4370be77afe6f1050ada96e86067f0fa8616da03f9bcfc17c59d55afb7074e1c,17280,43200
WALLABY J132032-170535,NGC 5044 TR3,NGC5044,12,profile_rejected,negative source annular moment-0 weight; no clipping is allowed,False,,,,36x39,77x36x39,188,6.000000000012,78119.8984375,41,https://ws.cadc-ccda.hia-iha.nrc-cnrc.gc.ca/data/pub/WALLABY/WALLABY_J132032-170535_NGC_5044_TR3_mom0.fits,https://ws.cadc-ccda.hia-iha.nrc-cnrc.gc.ca/data/pub/WALLABY/WALLABY_J132032-170535_NGC_5044_TR3_mask.fits,9e6139f4484d75847004e99719e807ed477e68e28411275beae9d6606e64127e,68ddf360dfd889067df380697ca75fe7b7a2cda40b91005035d0dd362a01a13a,17280,123840
WALLABY J132034-183542,NGC 5044 TR3,NGC5044,16,profile_rejected,negative source annular moment-0 weight; no clipping is allowed,False,,,,42x41,155x42x41,333,6.000000000012,234184.734375,61,https://ws.cadc-ccda.hia-iha.nrc-cnrc.gc.ca/data/pub/WALLABY/WALLABY_J132034-183542_NGC_5044_TR3_mom0.fits,https://ws.cadc-ccda.hia-iha.nrc-cnrc.gc.ca/data/pub/WALLABY/WALLABY_J132034-183542_NGC_5044_TR3_mask.fits,ec357fbe552c17d7cf36ca2d32ea0b44089ee14fc0ed83e17266bd1cb64f8b7d,cc47e3116b88b6918b619b448191bd33458600c9cee2c19fb2417dfd63ea6653,20160,282240
WALLABY J132036-173846,NGC 5044 TR3,NGC5044,22,pass,,False,15,0.5606392761834577,90.00000000018001,38x38,86x38x38,223,6.000000000012,79352.828125,8,https://ws.cadc-ccda.hia-iha.nrc-cnrc.gc.ca/data/pub/WALLABY/WALLABY_J132036-173846_NGC_5044_TR3_mom0.fits,https://ws.cadc-ccda.hia-iha.nrc-cnrc.gc.ca/data/pub/WALLABY/WALLABY_J132036-173846_NGC_5044_TR3_mask.fits,5c61f7e9c76ac45933a6b7eef9d857423ca10bf4d1ef91f438e484eac904133b,346715fec79d6771c1c11753e55fe0b399972eda64b41f593f7ded08e36c1050,20160,141120
WALLABY J132037-142743,NGC 5044 TR3,NGC5044,5,pass,,False,12,0.6990807561956988,72.000000000144,34x40,100x34x40,211,6.000000000012,95623.421875,34,https://ws.cadc-ccda.hia-iha.nrc-cnrc.gc.ca/data/pub/WALLABY/WALLABY_J132037-142743_NGC_5044_TR3_mom0.fits,https://ws.cadc-ccda.hia-iha.nrc-cnrc.gc.ca/data/pub/WALLABY/WALLABY_J132037-142743_NGC_5044_TR3_mask.fits,5390fbed9d1c0b890ca420ddefa22888c62d6488a51210274e5c16110f422ccf,67a36c6637b70b44716fe7951946cffeed5e3e076077d89013e56daf7107bc5d,17280,149760
WALLABY J132040-165353,NGC 5044 TR3,NGC5044,18,pass,,False,16,0.6902184256728583,96.000000000192,41x41,74x41x41,339,6.000000000012,187291.59375,73,https://ws.cadc-ccda.hia-iha.nrc-cnrc.gc.ca/data/pub/WALLABY/WALLABY_J132040-165353_NGC_5044_TR3_mom0.fits,https://ws.cadc-ccda.hia-iha.nrc-cnrc.gc.ca/data/pub/WALLABY/WALLABY_J132040-165353_NGC_5044_TR3_mask.fits,696202afae03d6ebe299babb554ede798381d95327fd08af1ee27ff4fb5173a0,edc423c63a23027fc85bf555ae950a809961e9fa87ce2637cc9c9d5e26ef045e,20160,141120
WALLABY J132040-170623,NGC 5044 TR3,NGC5044,18,profile_rejected,negative source annular moment-0 weight; no clipping is allowed,False,,,,36x40,66x36x40,191,6.000000000012,76555.8125,44,https://ws.cadc-ccda.hia-iha.nrc-cnrc.gc.ca/data/pub/WALLABY/WALLABY_J132040-170623_NGC_5044_TR3_mom0.fits,https://ws.cadc-ccda.hia-iha.nrc-cnrc.gc.ca/data/pub/WALLABY/WALLABY_J132040-170623_NGC_5044_TR3_mask.fits,a17b3714012f8e4cd117cbc0ddd56b589d38f6c5f611df10720f76a55f7268ae,0ad858fad0ee4cf08c3ae92aa541be37a65b3e2eb3d80509094737c8fc52f2c0,17280,109440
WALLABY J132042-173916,NGC 5044 TR3,NGC5044,12,pass,,False,13,0.8090602928082361,78.000000000156,38x43,67x38x43,270,6.000000000012,74955.4765625,16,https://ws.cadc-ccda.hia-iha.nrc-cnrc.gc.ca/data/pub/WALLABY/WALLABY_J132042-173916_NGC_5044_TR3_mom0.fits,https://ws.cadc-ccda.hia-iha.nrc-cnrc.gc.ca/data/pub/WALLABY/WALLABY_J132042-173916_NGC_5044_TR3_mask.fits,b97624a20a3fba67d38bd40c1fa1760bd87243b1c2d4ef0e305908c44b8388c6,ff8ed644715e6a5f326f71992e86bc8a862bb7655b6c4aa6764b2cb34708badb,20160,126720
WALLABY J132046-124531,NGC 5044 TR3,NGC5044,19,pass,,False,10,0.8815852898984162,60.000000000120004,37x38,64x37x38,213,6.000000000012,83172.171875,27,https://ws.cadc-ccda.hia-iha.nrc-cnrc.gc.ca/data/pub/WALLABY/WALLABY_J132046-124531_NGC_5044_TR3_mom0.fits,https://ws.cadc-ccda.hia-iha.nrc-cnrc.gc.ca/data/pub/WALLABY/WALLABY_J132046-124531_NGC_5044_TR3_mask.fits,a40ef4b34a25cafc8c36fee3749f68628eb6e097315198c2678433f807da0df0,694a8c4c6c7c974d1e127c702f25a4b77a6c317f2d6c7f41fb560de4c41b47f0,17280,103680
WALLABY J132059-122814,NGC 5044 TR3,NGC5044,1,pass,,False,36,0.5673384035426182,216.000000000432,74x59,117x74x59,1115,6.000000000012,905089.5,120,https://ws.cadc-ccda.hia-iha.nrc-cnrc.gc.ca/data/pub/WALLABY/WALLABY_J132059-122814_NGC_5044_TR3_mom0.fits,https://ws.cadc-ccda.hia-iha.nrc-cnrc.gc.ca/data/pub/WALLABY/WALLABY_J132059-122814_NGC_5044_TR3_mask.fits,4cee080aaa1281a33d8af580fca8261124ebf4b314e25547ddfdca457a9083d8,1a9f03268fc6e20ad744bcc247d86f386c680d2078486ed0013ff43983821b11,31680,524160
WALLABY J132059-173347,NGC 5044 TR3,NGC5044,11,pass,,False,8,0.9027757641995691,48.000000000096,33x31,62x33x31,115,6.000000000012,41511.96484375,8,https://ws.cadc-ccda.hia-iha.nrc-cnrc.gc.ca/data/pub/WALLABY/WALLABY_J132059-173347_NGC_5044_TR3_mom0.fits,https://ws.cadc-ccda.hia-iha.nrc-cnrc.gc.ca/data/pub/WALLABY/WALLABY_J132059-173347_NGC_5044_TR3_mask.fits,6bb3804ab7ec57302f246e131941c150f7cdcd66da2c371e05f4a1021614b92c,673d2ce9786dcfe5b4884f446b0d0b1148bf6a7ede8e592b4a5118dbdd6d8b98,17280,80640
WALLABY J132104-144331,NGC 5044 TR3,NGC5044,13,profile_rejected,negative source annular moment-0 weight; no clipping is allowed,False,,,,35x37,88x35x37,175,6.000000000012,59660.3203125,20,https://ws.cadc-ccda.hia-iha.nrc-cnrc.gc.ca/data/pub/WALLABY/WALLABY_J132104-144331_NGC_5044_TR3_mom0.fits,https://ws.cadc-ccda.hia-iha.nrc-cnrc.gc.ca/data/pub/WALLABY/WALLABY_J132104-144331_NGC_5044_TR3_mask.fits,b517ea084a7ac4f414a6b76ff44a487999c14943481ab4b0d8756be43e88da3b,8ad0d24d67fd2111e7536247e4107511ddbe6645cda3fda34aaf4cf95a150c5d,17280,129600
WALLABY J132109-114742,NGC 5044 TR3,NGC5044,3,profile_rejected,negative source annular moment-0 weight; no clipping is allowed,False,,,,48x54,83x48x54,422,6.000000000012,228520.78125,80,https://ws.cadc-ccda.hia-iha.nrc-cnrc.gc.ca/data/pub/WALLABY/WALLABY_J132109-114742_NGC_5044_TR3_mom0.fits,https://ws.cadc-ccda.hia-iha.nrc-cnrc.gc.ca/data/pub/WALLABY/WALLABY_J132109-114742_NGC_5044_TR3_mask.fits,fe365e7187f06f34fee7b8b881698ac5bd3fed5732a7ca94b4c9918846a4d7de,ae06dbf2f500408c64b6dfabb503f9e019968c7f718219b42fe3185e9649ba8f,23040,227520
WALLABY J132110-154938,NGC 5044 TR3,NGC5044,15,profile_rejected,negative source annular moment-0 weight; no clipping is allowed,False,,,,38x36,92x38x36,237,6.000000000012,123547.171875,38,https://ws.cadc-ccda.hia-iha.nrc-cnrc.gc.ca/data/pub/WALLABY/WALLABY_J132110-154938_NGC_5044_TR3_mom0.fits,https://ws.cadc-ccda.hia-iha.nrc-cnrc.gc.ca/data/pub/WALLABY/WALLABY_J132110-154938_NGC_5044_TR3_mask.fits,43b12116cdad774323bccaa39e0d743869283d65513f18d11a8e1625f27b36d8,292692a7eb7035c1bf5400f6824427bfe1d030f1f0885ae4ea64f8ad5b2d2b65,17280,141120
WALLABY J132112-182156,NGC 5044 TR3,NGC5044,23,profile_rejected,source radial support contains fewer than 8 pixel-scale annuli,False,,,,28x30,56x28x30,84,6.000000000012,32942.02734375,8,https://ws.cadc-ccda.hia-iha.nrc-cnrc.gc.ca/data/pub/WALLABY/WALLABY_J132112-182156_NGC_5044_TR3_mom0.fits,https://ws.cadc-ccda.hia-iha.nrc-cnrc.gc.ca/data/pub/WALLABY/WALLABY_J132112-182156_NGC_5044_TR3_mask.fits,482a58c302236159e5ea8bec777a90b52997c18c0ec522ef283d29a681cc230b,b9205ff7f295e132c2d1430ffeebcbf7656bfc99e7c6e40985d79e0ada663ced,17280,63360
WALLABY J132113-131115,NGC 5044 TR3,NGC5044,10,pass,,False,11,0.6161990491115065,66.000000000132,38x32,60x38x32,170,6.000000000012,30922.5,19,https://ws.cadc-ccda.hia-iha.nrc-cnrc.gc.ca/data/pub/WALLABY/WALLABY_J132113-131115_NGC_5044_TR3_mom0.fits,https://ws.cadc-ccda.hia-iha.nrc-cnrc.gc.ca/data/pub/WALLABY/WALLABY_J132113-131115_NGC_5044_TR3_mask.fits,b6c7cb1ed97f902c6e4e318eeb030ae41a0b755be369e3de6b955ed433b4476f,2d611acab4a100a9787069a616fbb1e621c9a6a0a1ed874d6fa1dc5c856d032b,17280,86400
WALLABY J132113-164953,NGC 5044 TR3,NGC5044,2,profile_rejected,negative source annular moment-0 weight; no clipping is allowed,False,,,,34x31,52x34x31,108,6.000000000012,33259.296875,7,https://ws.cadc-ccda.hia-iha.nrc-cnrc.gc.ca/data/pub/WALLABY/WALLABY_J132113-164953_NGC_5044_TR3_mom0.fits,https://ws.cadc-ccda.hia-iha.nrc-cnrc.gc.ca/data/pub/WALLABY/WALLABY_J132113-164953_NGC_5044_TR3_mask.fits,6c420af9dc5f7554d23658f1424ec1cac2a82b7b658b586fa966e17f37fdd9ea,abc1a31ace1e91bb6a93b85ada0fbae08be5695a606a6d8dacb275bdea6376df,17280,72000
WALLABY J132114-210618,NGC 5044 TR3,NGC5044,19,profile_rejected,negative source annular moment-0 weight; no clipping is allowed,False,,,,35x37,83x35x37,183,6.000000000012,75380.921875,44,https://ws.cadc-ccda.hia-iha.nrc-cnrc.gc.ca/data/pub/WALLABY/WALLABY_J132114-210618_NGC_5044_TR3_mom0.fits,https://ws.cadc-ccda.hia-iha.nrc-cnrc.gc.ca/data/pub/WALLABY/WALLABY_J132114-210618_NGC_5044_TR3_mask.fits,57dd3f7207370f1bbd90c8642e0017a872421300ee11d3ed1f3910ef4a371165,7bd0ff9114a447b32e2253d5913ce4ab0b77f802cc53290da721a16080bd7925,17280,123840
WALLABY J132115-171527,NGC 5044 TR3,NGC5044,10,profile_rejected,negative source annular moment-0 weight; no clipping is allowed,False,,,,35x38,69x35x38,202,6.000000000012,54914.44921875,23,https://ws.cadc-ccda.hia-iha.nrc-cnrc.gc.ca/data/pub/WALLABY/WALLABY_J132115-171527_NGC_5044_TR3_mom0.fits,https://ws.cadc-ccda.hia-iha.nrc-cnrc.gc.ca/data/pub/WALLABY/WALLABY_J132115-171527_NGC_5044_TR3_mask.fits,1bbcaad80a6c440b0a788efa714bdb52039127da116a545c477b3b75e1b91386,a5b2fb2e29aab0103bb700d52450016acd79bf5c63a76dac3aef5a18d8f94eda,17280,106560
WALLABY J132119-130231,NGC 5044 TR3,NGC5044,12,pass,,False,19,0.8160131548236377,114.000000000228,49x47,74x49x47,576,6.000000000012,466338.1875,63,https://ws.cadc-ccda.hia-iha.nrc-cnrc.gc.ca/data/pub/WALLABY/WALLABY_J132119-130231_NGC_5044_TR3_mom0.fits,https://ws.cadc-ccda.hia-iha.nrc-cnrc.gc.ca/data/pub/WALLABY/WALLABY_J132119-130231_NGC_5044_TR3_mask.fits,cc9c3da98d0e6cfee2e374d7a8b322d54d17b7db7baaf52b6c3289e5b07b3476,4e6c51b60f57922fa52c2b6b5e84874b9088173a5c43ca595a8bc97766c9c171,23040,184320
WALLABY J132121-151214,NGC 5044 TR3,NGC5044,6,pass,,False,11,0.9484651006055101,66.000000000132,36x38,62x36x38,206,6.000000000012,78714.265625,34,https://ws.cadc-ccda.hia-iha.nrc-cnrc.gc.ca/data/pub/WALLABY/WALLABY_J132121-151214_NGC_5044_TR3_mom0.fits,https://ws.cadc-ccda.hia-iha.nrc-cnrc.gc.ca/data/pub/WALLABY/WALLABY_J132121-151214_NGC_5044_TR3_mask.fits,7254e96b287316af618eeda8edabebb3b5e9254f2f27cd6228ac31b3cb7b20cb,13ceb56001ea1b686f2c21c7add6f8af8e1022084011a22f9386a7fc504e5e39,17280,100800
WALLABY J132123-171906,NGC 5044 TR3,NGC5044,17,profile_rejected,negative source annular moment-0 weight; no clipping is allowed,False,,,,36x42,64x36x42,245,6.000000000012,67874.6640625,25,https://ws.cadc-ccda.hia-iha.nrc-cnrc.gc.ca/data/pub/WALLABY/WALLABY_J132123-171906_NGC_5044_TR3_mom0.fits,https://ws.cadc-ccda.hia-iha.nrc-cnrc.gc.ca/data/pub/WALLABY/WALLABY_J132123-171906_NGC_5044_TR3_mask.fits,6e0bbc6071e69af1985e16007d7ee0442c4be0bbb0723f047890ff7d70b1afdf,1f741ee35a70af1013fca13fa2e346d254f3d5c513003ed6c211e53bc1bce6b1,20160,112320
WALLABY J132124-160619,NGC 5044 TR3,NGC5044,1,pass,,False,10,0.9185424250468734,60.000000000120004,34x37,70x34x37,174,6.000000000012,48813.078125,24,https://ws.cadc-ccda.hia-iha.nrc-cnrc.gc.ca/data/pub/WALLABY/WALLABY_J132124-160619_NGC_5044_TR3_mom0.fits,https://ws.cadc-ccda.hia-iha.nrc-cnrc.gc.ca/data/pub/WALLABY/WALLABY_J132124-160619_NGC_5044_TR3_mask.fits,b5441fcc5c90c43e2500e080c959dbc88beae6e33c4ee3ca4408c4339fd1bbc3,e44f1618dd204c942ba5d87c30e48cc91a6611e21c17cd3770f2b539361c37a7,17280,103680
WALLABY J132132-152931,NGC 5044 TR3,NGC5044,15,pass,,False,13,0.9016489282124319,78.000000000156,38x41,92x38x41,294,6.000000000012,191828.9375,51,https://ws.cadc-ccda.hia-iha.nrc-cnrc.gc.ca/data/pub/WALLABY/WALLABY_J132132-152931_NGC_5044_TR3_mom0.fits,https://ws.cadc-ccda.hia-iha.nrc-cnrc.gc.ca/data/pub/WALLABY/WALLABY_J132132-152931_NGC_5044_TR3_mask.fits,4152b22ede74ea6e4eb17c258866d6a794c097e39d2bfe108c566684c26aa7e4,a6c4e3fb8cbfd943294e9c09ffbd953bb57f7ea42664ebd66504252a80decd6a,20160,158400
WALLABY J132136-203629,NGC 5044 TR3,NGC5044,18,pass,,False,16,0.7468625137114547,96.000000000192,36x42,58x36x42,228,6.000000000012,97577.390625,24,https://ws.cadc-ccda.hia-iha.nrc-cnrc.gc.ca/data/pub/WALLABY/WALLABY_J132136-203629_NGC_5044_TR3_mom0.fits,https://ws.cadc-ccda.hia-iha.nrc-cnrc.gc.ca/data/pub/WALLABY/WALLABY_J132136-203629_NGC_5044_TR3_mask.fits,7f434257c96891a5c5d538fc7875f9788c5fe6027af43dc927dda1cf3ab6e749,6e96f7a7d76c8f85bf7bd71c934394a04c9513f946bba5632addbd61c3a07b97,20160,103680
WALLABY J132141-143530,NGC 5044 TR3,NGC5044,15,profile_rejected,negative source annular moment-0 weight; no clipping is allowed,False,,,,35x35,80x35x35,163,6.000000000012,79430.75,38,https://ws.cadc-ccda.hia-iha.nrc-cnrc.gc.ca/data/pub/WALLABY/WALLABY_J132141-143530_NGC_5044_TR3_mom0.fits,https://ws.cadc-ccda.hia-iha.nrc-cnrc.gc.ca/data/pub/WALLABY/WALLABY_J132141-143530_NGC_5044_TR3_mask.fits,0e2d99e5226f375f8272e333910e4b42ec743b4490ce25d932c9d17debbae375,80b65c4397ac69f50352af81813fa895cffc36057e74402841c5d7afde73946a,17280,115200
WALLABY J132145-154135,NGC 5044 TR3,NGC5044,23,pass,,False,11,0.876421674142937,66.000000000132,40x37,77x40x37,252,6.000000000012,154156.125,51,https://ws.cadc-ccda.hia-iha.nrc-cnrc.gc.ca/data/pub/WALLABY/WALLABY_J132145-154135_NGC_5044_TR3_mom0.fits,https://ws.cadc-ccda.hia-iha.nrc-cnrc.gc.ca/data/pub/WALLABY/WALLABY_J132145-154135_NGC_5044_TR3_mask.fits,5c3383dffef4d2265b17cd9e108d7e484578388f6a2068023e3e5a09075ca7c1,38aa6847b0bbd9c6e92a4d602515e8eb1ec66ae51c8178af37227a339bd09b5e,20160,129600
WALLABY J132145-184438,NGC 5044 TR3,NGC5044,11,profile_rejected,negative source annular moment-0 weight; no clipping is allowed,False,,,,34x32,58x34x32,121,6.000000000012,28850.9296875,20,https://ws.cadc-ccda.hia-iha.nrc-cnrc.gc.ca/data/pub/WALLABY/WALLABY_J132145-184438_NGC_5044_TR3_mom0.fits,https://ws.cadc-ccda.hia-iha.nrc-cnrc.gc.ca/data/pub/WALLABY/WALLABY_J132145-184438_NGC_5044_TR3_mask.fits,bf811278c5a0f227a2cb2ccd770981438f8158a5dddc7455fd65566d57d0d1fc,9a445856feb3173b6884b02c6d77f3701827dc45fcb831d94b1ba103d9e3dbf1,17280,77760
WALLABY J132148-131222,NGC 5044 TR3,NGC5044,4,pass,,False,25,0.6936201758664826,150.0000000003,58x54,102x58x54,970,6.000000000012,1340906.75,106,https://ws.cadc-ccda.hia-iha.nrc-cnrc.gc.ca/data/pub/WALLABY/WALLABY_J132148-131222_NGC_5044_TR3_mom0.fits,https://ws.cadc-ccda.hia-iha.nrc-cnrc.gc.ca/data/pub/WALLABY/WALLABY_J132148-131222_NGC_5044_TR3_mask.fits,1b4e15e8f95d810998b99c9e295f1558217b26159f5cc533cd589b5c61f3c4b0,f4ee302e1e0190c1070330b246bef98d5156a0a7c0ce2bfa2a4195b1ad7565e7,25920,331200
WALLABY J132151-144210,NGC 5044 TR3,NGC5044,2,pass,,False,11,0.7096565402431902,66.000000000132,34x34,72x34x34,148,6.000000000012,64874.453125,21,https://ws.cadc-ccda.hia-iha.nrc-cnrc.gc.ca/data/pub/WALLABY/WALLABY_J132151-144210_NGC_5044_TR3_mom0.fits,https://ws.cadc-ccda.hia-iha.nrc-cnrc.gc.ca/data/pub/WALLABY/WALLABY_J132151-144210_NGC_5044_TR3_mask.fits,d2d94b65379206ec4309e0f177ee7e85d678b8326ddbac220164518befb5ebc8,c336248aabf5c17361aa5289c092c25fe883802762dd1e4e2dce33636d517ceb,17280,97920
WALLABY J132151-171211,NGC 5044 TR3,NGC5044,7,pass,,False,19,0.6080908075001514,114.000000000228,47x39,113x47x39,367,6.000000000012,228533.25,56,https://ws.cadc-ccda.hia-iha.nrc-cnrc.gc.ca/data/pub/WALLABY/WALLABY_J132151-171211_NGC_5044_TR3_mom0.fits,https://ws.cadc-ccda.hia-iha.nrc-cnrc.gc.ca/data/pub/WALLABY/WALLABY_J132151-171211_NGC_5044_TR3_mask.fits,4bb688ab60eb6bb080ec77d57fc4e229b67ddc8d05c4587874d9c9424e9f5aea,92ecc34097d86c6bcc8b0c2e7559c5a8fa4dad13d673bfa8b8c411c2fe6542d8,20160,221760
WALLABY J132154-193738,NGC 5044 TR3,NGC5044,8,profile_rejected,negative source annular moment-0 weight; no clipping is allowed,False,,,,43x45,70x43x45,415,6.000000000012,260762.09375,72,https://ws.cadc-ccda.hia-iha.nrc-cnrc.gc.ca/data/pub/WALLABY/WALLABY_J132154-193738_NGC_5044_TR3_mom0.fits,https://ws.cadc-ccda.hia-iha.nrc-cnrc.gc.ca/data/pub/WALLABY/WALLABY_J132154-193738_NGC_5044_TR3_mask.fits,2ab531b34f77676b10b495a2a33ae7a8b5e803fa7374eb45dde25b649dc348f6,fab1928a766a60045d8423b67c99922029b1dbafa8b82c2021045424963449b6,20160,152640
WALLABY J132157-165559,NGC 5044 TR3,NGC5044,9,pass,,False,8,0.684902014002612,48.000000000096,31x30,57x31x30,84,6.000000000012,31318.86328125,6,https://ws.cadc-ccda.hia-iha.nrc-cnrc.gc.ca/data/pub/WALLABY/WALLABY_J132157-165559_NGC_5044_TR3_mom0.fits,https://ws.cadc-ccda.hia-iha.nrc-cnrc.gc.ca/data/pub/WALLABY/WALLABY_J132157-165559_NGC_5044_TR3_mask.fits,39d97d97e9e8409335891ea913c535196abc5012217576af2b9008e1213926ae,ad79b5b90ec8e700f8a6f3d65e642e88084f254cf0ab71107832d63baf16cfdf,17280,69120
WALLABY J132158-170021,NGC 5044 TR3,NGC5044,13,pass,,False,9,0.7929791951553805,54.000000000108,33x36,58x33x36,135,6.000000000012,47217.80078125,17,https://ws.cadc-ccda.hia-iha.nrc-cnrc.gc.ca/data/pub/WALLABY/WALLABY_J132158-170021_NGC_5044_TR3_mom0.fits,https://ws.cadc-ccda.hia-iha.nrc-cnrc.gc.ca/data/pub/WALLABY/WALLABY_J132158-170021_NGC_5044_TR3_mask.fits,f8126189df32a86b872fb3859c623476df0477b27b6422d9a7f51e7c5e6cccc9,3fa8ddd14e41edb40e2c32c342a7e41d719644173cab690d117d083880ee1378,17280,83520
WALLABY J132201-165247,NGC 5044 TR3,NGC5044,19,profile_rejected,negative source annular moment-0 weight; no clipping is allowed,False,,,,39x38,92x39x38,229,6.000000000012,151577.25,50,https://ws.cadc-ccda.hia-iha.nrc-cnrc.gc.ca/data/pub/WALLABY/WALLABY_J132201-165247_NGC_5044_TR3_mom0.fits,https://ws.cadc-ccda.hia-iha.nrc-cnrc.gc.ca/data/pub/WALLABY/WALLABY_J132201-165247_NGC_5044_TR3_mask.fits,36a7d12b028da744dbb859623751d670c67f6f9796d24e527bb23e8a42eeff89,e6a9d0a4a8616dac32188b17a93d20d2eb8997c77a944afee8dcd16c4c022913,20160,152640
WALLABY J132202-161829,NGC 5044 TR3,NGC5044,10,profile_rejected,negative source annular moment-0 weight; no clipping is allowed,False,,,,38x38,61x38x38,227,6.000000000012,65251.14453125,26,https://ws.cadc-ccda.hia-iha.nrc-cnrc.gc.ca/data/pub/WALLABY/WALLABY_J132202-161829_NGC_5044_TR3_mom0.fits,https://ws.cadc-ccda.hia-iha.nrc-cnrc.gc.ca/data/pub/WALLABY/WALLABY_J132202-161829_NGC_5044_TR3_mask.fits,dfaf16c3c15eeb546bd93e5b3a2b76e0c98eba04d230f058ea53e7738a27cee8,cc8c5742435da4316c82d400912233de759c553157688e33c382da6474ab642a,20160,103680
WALLABY J132202-174134,NGC 5044 TR3,NGC5044,11,pass,,False,13,0.8365379815701091,78.000000000156,37x40,64x37x40,220,6.000000000012,93494.484375,28,https://ws.cadc-ccda.hia-iha.nrc-cnrc.gc.ca/data/pub/WALLABY/WALLABY_J132202-174134_NGC_5044_TR3_mom0.fits,https://ws.cadc-ccda.hia-iha.nrc-cnrc.gc.ca/data/pub/WALLABY/WALLABY_J132202-174134_NGC_5044_TR3_mask.fits,b78ce180f8890d25f33821f0dd01ebcb2b531e3fddd81e6349db8cfe9f4cf61a,1df99934fc432672edf3ce391919f9aaa2ad32b4ef08eab79f3ae1bcaedada77,20160,109440
WALLABY J132202-201335,NGC 5044 TR3,NGC5044,22,pass,,False,20,0.6547432310561148,120.00000000024001,44x49,76x44x49,526,6.000000000012,325423.1875,75,https://ws.cadc-ccda.hia-iha.nrc-cnrc.gc.ca/data/pub/WALLABY/WALLABY_J132202-201335_NGC_5044_TR3_mom0.fits,https://ws.cadc-ccda.hia-iha.nrc-cnrc.gc.ca/data/pub/WALLABY/WALLABY_J132202-201335_NGC_5044_TR3_mask.fits,a5eb965f0f51d302899d28a93cd8944b88ce517f1b40ee2b468000c9cb13751d,38f71ae7d211478c3767861368800c2edc5c261ee29e400ef227777c228ed0c5,20160,178560
WALLABY J132205-130816,NGC 5044 TR3,NGC5044,0,pass,,False,11,0.730835193247174,66.000000000132,38x35,76x38x35,195,6.000000000012,126637.015625,19,https://ws.cadc-ccda.hia-iha.nrc-cnrc.gc.ca/data/pub/WALLABY/WALLABY_J132205-130816_NGC_5044_TR3_mom0.fits,https://ws.cadc-ccda.hia-iha.nrc-cnrc.gc.ca/data/pub/WALLABY/WALLABY_J132205-130816_NGC_5044_TR3_mask.fits,99ad822586f830e24b4a04352580a07b238d7b82586a3ec180663c28939beb93,a6862333114c68fa9ee52020e1a0eea28ed5ed7a8b32001d0ef94b787d1bab05,17280,115200
WALLABY J132207-172410,NGC 5044 TR3,NGC5044,16,pass,,False,9,0.791911227637566,54.000000000108,35x33,94x35x33,141,6.000000000012,65808.7421875,7,https://ws.cadc-ccda.hia-iha.nrc-cnrc.gc.ca/data/pub/WALLABY/WALLABY_J132207-172410_NGC_5044_TR3_mom0.fits,https://ws.cadc-ccda.hia-iha.nrc-cnrc.gc.ca/data/pub/WALLABY/WALLABY_J132207-172410_NGC_5044_TR3_mask.fits,b5e76306a7ba7eb5156b9ba0edaa089708073b10e896333c63551cf1e8073c9c,a3b5b8d79e4ee418c411c925518157a0f37b78ee58dcec3b1571e96893fbd784,17280,123840
WALLABY J132208-164023,NGC 5044 TR3,NGC5044,1,pass,,False,17,0.3913070178113669,102.000000000204,43x33,84x43x33,180,6.000000000012,54101.48828125,13,https://ws.cadc-ccda.hia-iha.nrc-cnrc.gc.ca/data/pub/WALLABY/WALLABY_J132208-164023_NGC_5044_TR3_mom0.fits,https://ws.cadc-ccda.hia-iha.nrc-cnrc.gc.ca/data/pub/WALLABY/WALLABY_J132208-164023_NGC_5044_TR3_mask.fits,5901568c82d634d0476006f7bc5b0a50a4af537cc2b7feb1482d0dc06cf78a9b,6f70919c273702df19aa1049b350fd67a8135e96f0fde7dfc14668bc7e599951,17280,135360
WALLABY J132209-154439,NGC 5044 TR3,NGC5044,5,profile_rejected,negative source annular moment-0 weight; no clipping is allowed,False,,,,35x40,79x35x40,236,6.000000000012,98136.5859375,48,https://ws.cadc-ccda.hia-iha.nrc-cnrc.gc.ca/data/pub/WALLABY/WALLABY_J132209-154439_NGC_5044_TR3_mom0.fits,https://ws.cadc-ccda.hia-iha.nrc-cnrc.gc.ca/data/pub/WALLABY/WALLABY_J132209-154439_NGC_5044_TR3_mask.fits,3eaa8e73bb33702f082ecc818f8072a68785a3c2278fd47e2e6898d9b5b0d89a,dca7ea93b94fc093c80ae89b3999762ec3024531eb13a37e9dd01168f797a93a,17280,126720
WALLABY J132210-175218,NGC 5044 TR3,NGC5044,13,profile_rejected,negative source annular moment-0 weight; no clipping is allowed,False,,,,40x40,62x40x40,285,6.000000000012,132915.671875,47,https://ws.cadc-ccda.hia-iha.nrc-cnrc.gc.ca/data/pub/WALLABY/WALLABY_J132210-175218_NGC_5044_TR3_mom0.fits,https://ws.cadc-ccda.hia-iha.nrc-cnrc.gc.ca/data/pub/WALLABY/WALLABY_J132210-175218_NGC_5044_TR3_mask.fits,2870d6f5e0ca3e4381ef03ed9c0e2357892cb464eb400ea2c0140f3fd20ac032,1b0178b1b38491df723b4db837aad27730503525365359047be6ef70c464cebe,20160,115200
WALLABY J132211-160558,NGC 5044 TR3,NGC5044,11,pass,,False,19,0.7048444100020217,114.000000000228,42x46,79x42x46,388,6.000000000012,105938.453125,30,https://ws.cadc-ccda.hia-iha.nrc-cnrc.gc.ca/data/pub/WALLABY/WALLABY_J132211-160558_NGC_5044_TR3_mom0.fits,https://ws.cadc-ccda.hia-iha.nrc-cnrc.gc.ca/data/pub/WALLABY/WALLABY_J132211-160558_NGC_5044_TR3_mask.fits,24f067bfcdc4a901996c9384a8d9b548bc450d0bb2a492af98bbcb7709c2e0c4,8576c8a9dcace0e100fa25a42ef1606f8a3e15f16b8e309b9c04b9247c7c853a,20160,167040
WALLABY J132218-173518,NGC 5044 TR3,NGC5044,4,profile_rejected,negative source annular moment-0 weight; no clipping is allowed,False,,,,34x30,55x34x30,107,6.000000000012,40816.94140625,10,https://ws.cadc-ccda.hia-iha.nrc-cnrc.gc.ca/data/pub/WALLABY/WALLABY_J132218-173518_NGC_5044_TR3_mom0.fits,https://ws.cadc-ccda.hia-iha.nrc-cnrc.gc.ca/data/pub/WALLABY/WALLABY_J132218-173518_NGC_5044_TR3_mask.fits,f182d722523c03e655f1e3d8b48de73084be270a6610aa7419084233270b2319,1888e2e3cbe681dff3f853f79d448213320a6c77ca56566b93fde39c286daf34,17280,72000
WALLABY J132219-164225,NGC 5044 TR3,NGC5044,13,pass,,False,22,0.5413176054465801,132.000000000264,48x44,140x48x44,456,6.000000000012,409548.8125,86,https://ws.cadc-ccda.hia-iha.nrc-cnrc.gc.ca/data/pub/WALLABY/WALLABY_J132219-164225_NGC_5044_TR3_mom0.fits,https://ws.cadc-ccda.hia-iha.nrc-cnrc.gc.ca/data/pub/WALLABY/WALLABY_J132219-164225_NGC_5044_TR3_mask.fits,14391a9bdfd97d95654215d34a123ee1a564ce25bea1aaad72396d78c4f7536b,c14e03259d0b29c763853a154d6664ff051895deccd41293f1e60f037303cf76,20160,311040
WALLABY J132220-143127,NGC 5044 TR3,NGC5044,2,profile_rejected,negative source annular moment-0 weight; no clipping is allowed,False,,,,37x40,77x37x40,253,6.000000000012,113534.265625,65,https://ws.cadc-ccda.hia-iha.nrc-cnrc.gc.ca/data/pub/WALLABY/WALLABY_J132220-143127_NGC_5044_TR3_mom0.fits,https://ws.cadc-ccda.hia-iha.nrc-cnrc.gc.ca/data/pub/WALLABY/WALLABY_J132220-143127_NGC_5044_TR3_mask.fits,338de7e67c37b6f658a0601a41c82f72161fce09d009aa6d73c29600114a030e,8d4f77f94215a3f53223f1558ea038521d59b33cc86a5c64b07acf30d1cf6005,20160,129600
WALLABY J132222-185842,NGC 5044 TR3,NGC5044,9,profile_rejected,negative source annular moment-0 weight; no clipping is allowed,False,,,,33x38,65x33x38,152,6.000000000012,74274.28125,27,https://ws.cadc-ccda.hia-iha.nrc-cnrc.gc.ca/data/pub/WALLABY/WALLABY_J132222-185842_NGC_5044_TR3_mom0.fits,https://ws.cadc-ccda.hia-iha.nrc-cnrc.gc.ca/data/pub/WALLABY/WALLABY_J132222-185842_NGC_5044_TR3_mask.fits,1f3a2c822141d408b477490d9a8ad7cacdd7c925035d04aca8ffeb11e187169b,4718adfd738f67c0920670ab374a9b4b6feff749225cdbc636023709ae7c9002,17280,97920
WALLABY J132223-163258,NGC 5044 TR3,NGC5044,6,profile_rejected,negative source annular moment-0 weight; no clipping is allowed,False,,,,38x37,70x38x37,249,6.000000000012,149440.90625,50,https://ws.cadc-ccda.hia-iha.nrc-cnrc.gc.ca/data/pub/WALLABY/WALLABY_J132223-163258_NGC_5044_TR3_mom0.fits,https://ws.cadc-ccda.hia-iha.nrc-cnrc.gc.ca/data/pub/WALLABY/WALLABY_J132223-163258_NGC_5044_TR3_mask.fits,79a8a83e542b1c87f2a718c10b20ad278439e0897729f98e67e4ea989f8c552b,fc4d27e167f41c62560b6097bf7497c424a6a9e0989fb486413445982a358011,17280,115200
WALLABY J132228-185728,NGC 5044 TR3,NGC5044,2,pass,,False,11,0.7923259020392259,66.000000000132,33x34,56x33x34,150,6.000000000012,46215.6953125,20,https://ws.cadc-ccda.hia-iha.nrc-cnrc.gc.ca/data/pub/WALLABY/WALLABY_J132228-185728_NGC_5044_TR3_mom0.fits,https://ws.cadc-ccda.hia-iha.nrc-cnrc.gc.ca/data/pub/WALLABY/WALLABY_J132228-185728_NGC_5044_TR3_mask.fits,b1ba2d287ac108d625f98d89e9f5286dd1bc41a17f99f7fbfb71cd6e6ffd4b9b,50d3656d2ed90f3f5fc36df4145c7f3fa71d77d898ab4ef7914f67942b9640ce,17280,77760
WALLABY J132229-214334,NGC 5044 TR3,NGC5044,17,pass,,False,9,0.7628388121341069,54.000000000108,35x32,58x35x32,138,6.000000000012,60384.21875,27,https://ws.cadc-ccda.hia-iha.nrc-cnrc.gc.ca/data/pub/WALLABY/WALLABY_J132229-214334_NGC_5044_TR3_mom0.fits,https://ws.cadc-ccda.hia-iha.nrc-cnrc.gc.ca/data/pub/WALLABY/WALLABY_J132229-214334_NGC_5044_TR3_mask.fits,2792afaec894cdae159fafcc9335780f6d3d4b14992e7cd3b2eebf5be044dfb0,5e8dae1fe6e963f95d8844759d9698ae14be00c475859f8bd1adb7f0a87660d8,17280,77760
WALLABY J132238-204726,NGC 5044 TR3,NGC5044,10,profile_rejected,negative source annular moment-0 weight; no clipping is allowed,False,,,,30x32,60x30x32,96,6.000000000012,36870.015625,16,https://ws.cadc-ccda.hia-iha.nrc-cnrc.gc.ca/data/pub/WALLABY/WALLABY_J132238-204726_NGC_5044_TR3_mom0.fits,https://ws.cadc-ccda.hia-iha.nrc-cnrc.gc.ca/data/pub/WALLABY/WALLABY_J132238-204726_NGC_5044_TR3_mask.fits,644df8a7325b122d0ddfc45263bd4e5b57785b721a155fa062c2e551086faf50,91533edae6504b332ab5d649a4371c974a56aa968ffa96544d8adc35cc9b3abf,17280,69120
WALLABY J132239-214836,NGC 5044 TR3,NGC5044,4,profile_rejected,negative source annular moment-0 weight; no clipping is allowed,False,,,,34x35,49x34x35,154,6.000000000012,77598.59375,25,https://ws.cadc-ccda.hia-iha.nrc-cnrc.gc.ca/data/pub/WALLABY/WALLABY_J132239-214836_NGC_5044_TR3_mom0.fits,https://ws.cadc-ccda.hia-iha.nrc-cnrc.gc.ca/data/pub/WALLABY/WALLABY_J132239-214836_NGC_5044_TR3_mask.fits,a73ce920cc4bd77e27c19d2fa1e16d9d96771e6cfd775907338e67885d976182,378ee1b37e3d4693dcac2bbb183d2baebd2e3be25c4bacf7acf7a6f308dafac6,17280,72000
WALLABY J132241-184811,NGC 5044 TR3,NGC5044,2,profile_rejected,negative source annular moment-0 weight; no clipping is allowed,False,,,,35x43,74x35x43,265,6.000000000012,109728.9375,53,https://ws.cadc-ccda.hia-iha.nrc-cnrc.gc.ca/data/pub/WALLABY/WALLABY_J132241-184811_NGC_5044_TR3_mom0.fits,https://ws.cadc-ccda.hia-iha.nrc-cnrc.gc.ca/data/pub/WALLABY/WALLABY_J132241-184811_NGC_5044_TR3_mask.fits,0c512bf1de620eb75851fabec1b49eae06ee906df9acdc773788faf43acda9a7,20da1d8f91c827550c1144e9d9c6750ea5bce4daa86978637498bb2de5095d7e,20160,126720
WALLABY J132243-172410,NGC 5044 TR3,NGC5044,11,pass,,False,10,0.8004636470246873,60.000000000120004,34x33,68x34x33,133,6.000000000012,49333.1640625,9,https://ws.cadc-ccda.hia-iha.nrc-cnrc.gc.ca/data/pub/WALLABY/WALLABY_J132243-172410_NGC_5044_TR3_mom0.fits,https://ws.cadc-ccda.hia-iha.nrc-cnrc.gc.ca/data/pub/WALLABY/WALLABY_J132243-172410_NGC_5044_TR3_mask.fits,4e73c5f49bcb272d15679e250110ee036d11a066acdb829c2649766bcdf1fb78,6eabf9df2336ed560fd92d09345a2c6f365fcdb6bed3cd45311479a94b6d4183,17280,92160
WALLABY J132247-175705,NGC 5044 TR3,NGC5044,7,pass,,False,11,0.8047784868981276,66.000000000132,38x36,59x38x36,209,6.000000000012,49243.96875,8,https://ws.cadc-ccda.hia-iha.nrc-cnrc.gc.ca/data/pub/WALLABY/WALLABY_J132247-175705_NGC_5044_TR3_mom0.fits,https://ws.cadc-ccda.hia-iha.nrc-cnrc.gc.ca/data/pub/WALLABY/WALLABY_J132247-175705_NGC_5044_TR3_mask.fits,d05249ac757fe4a72e1df5829d4630f90336cd6fff7157cd797d6440015550e2,659d9fbb4b2d9493640092a38483e566b7deab26a5b29712988e8b6597d21c01,17280,97920
WALLABY J132247-210725,NGC 5044 TR3,NGC5044,7,profile_rejected,negative source annular moment-0 weight; no clipping is allowed,False,,,,31x40,88x31x40,164,6.000000000012,75400.84375,22,https://ws.cadc-ccda.hia-iha.nrc-cnrc.gc.ca/data/pub/WALLABY/WALLABY_J132247-210725_NGC_5044_TR3_mom0.fits,https://ws.cadc-ccda.hia-iha.nrc-cnrc.gc.ca/data/pub/WALLABY/WALLABY_J132247-210725_NGC_5044_TR3_mask.fits,cb0e2e9a5539736bd9b5624e2c5268af5320f39f43a37a3a7936b662049feedf,5f0f012c05eb0b6f69f0b4ac2f469e5a60f4fdf854c6f04d09dcc34d3a084b17,17280,120960
WALLABY J132251-183904,NGC 5044 TR3,NGC5044,12,profile_rejected,negative source annular moment-0 weight; no clipping is allowed,False,,,,35x35,73x35x35,158,6.000000000012,45077.03125,20,https://ws.cadc-ccda.hia-iha.nrc-cnrc.gc.ca/data/pub/WALLABY/WALLABY_J132251-183904_NGC_5044_TR3_mom0.fits,https://ws.cadc-ccda.hia-iha.nrc-cnrc.gc.ca/data/pub/WALLABY/WALLABY_J132251-183904_NGC_5044_TR3_mask.fits,f89e574d1c5759fc87f0da3100e6cf8f1626c85cb92c1256a3cec0e82a2c3ab6,c3525a635fba1ad2137c29d5e71c26eb0d6b702de8844033435acf01877c839e,17280,106560
WALLABY J132255-173325,NGC 5044 TR3,NGC5044,18,pass,,False,14,0.7630647752930988,84.000000000168,42x39,76x42x39,318,6.000000000012,183915.28125,37,https://ws.cadc-ccda.hia-iha.nrc-cnrc.gc.ca/data/pub/WALLABY/WALLABY_J132255-173325_NGC_5044_TR3_mom0.fits,https://ws.cadc-ccda.hia-iha.nrc-cnrc.gc.ca/data/pub/WALLABY/WALLABY_J132255-173325_NGC_5044_TR3_mask.fits,b1acf4724040f5d2f6435025ecf63756c9a1c0b6c92fac0824fe45c0059c073f,34c36e7204000e8899ac529bbbfb5cd94dcbb9c148ecd449d7fbf87d9e24a190,20160,141120
WALLABY J132256-170904,NGC 5044 TR3,NGC5044,2,pass,,False,11,0.8132922211218543,66.000000000132,38x39,81x38x39,226,6.000000000012,81330.015625,15,https://ws.cadc-ccda.hia-iha.nrc-cnrc.gc.ca/data/pub/WALLABY/WALLABY_J132256-170904_NGC_5044_TR3_mom0.fits,https://ws.cadc-ccda.hia-iha.nrc-cnrc.gc.ca/data/pub/WALLABY/WALLABY_J132256-170904_NGC_5044_TR3_mask.fits,6eb90ca3d68d46ca92153beda750600cb918c5fe1faa95ccc964ba998a370448,985d1187e60d1bfb7ee5b4af965e46fd988ca606af48958d30a4e4c4dd6eb378,20160,135360
WALLABY J132256-191611,NGC 5044 TR3,NGC5044,1,profile_rejected,negative source annular moment-0 weight; no clipping is allowed,False,,,,34x36,62x34x36,186,6.000000000012,70461.515625,34,https://ws.cadc-ccda.hia-iha.nrc-cnrc.gc.ca/data/pub/WALLABY/WALLABY_J132256-191611_NGC_5044_TR3_mom0.fits,https://ws.cadc-ccda.hia-iha.nrc-cnrc.gc.ca/data/pub/WALLABY/WALLABY_J132256-191611_NGC_5044_TR3_mask.fits,7eb756ba29e30b6be44e36f98c921f4160992e29831a7aa5293ad517149dcfed,6c84bbe877b6fb637d804f3feda7a4438af140717e76a318eb2cd96a63f5de3a,17280,92160
WALLABY J132257-194004,NGC 5044 TR3,NGC5044,14,profile_rejected,negative source annular moment-0 weight; no clipping is allowed,False,,,,33x33,74x33x33,110,6.000000000012,50620.8046875,7,https://ws.cadc-ccda.hia-iha.nrc-cnrc.gc.ca/data/pub/WALLABY/WALLABY_J132257-194004_NGC_5044_TR3_mom0.fits,https://ws.cadc-ccda.hia-iha.nrc-cnrc.gc.ca/data/pub/WALLABY/WALLABY_J132257-194004_NGC_5044_TR3_mask.fits,d034020d1c0778443323fc181422a0fcd6b953559164d0363c8f669d00baceb1,13ef74be86ab33228007cdcca1550ee16b864ffb37f41d3ad19a32c0a5d5c6e6,17280,95040
WALLABY J132258-144345,NGC 5044 TR3,NGC5044,2,profile_rejected,negative source annular moment-0 weight; no clipping is allowed,False,,,,45x38,95x45x38,323,6.000000000012,222250.484375,93,https://ws.cadc-ccda.hia-iha.nrc-cnrc.gc.ca/data/pub/WALLABY/WALLABY_J132258-144345_NGC_5044_TR3_mom0.fits,https://ws.cadc-ccda.hia-iha.nrc-cnrc.gc.ca/data/pub/WALLABY/WALLABY_J132258-144345_NGC_5044_TR3_mask.fits,2fa3c13c0749ce035932ed50fa50dc3748726c7a3378ea0c4dd9bf9cf4162b06,63cfc3a54f57935482ea9446d88a3e3a0f4b8ba2ed8f2689180cca4d8eedb341,20160,178560
WALLABY J132259-172513,NGC 5044 TR3,NGC5044,10,pass,,False,8,0.8936357944745206,48.000000000096,34x34,64x34x34,135,6.000000000012,32644.181640625,15,https://ws.cadc-ccda.hia-iha.nrc-cnrc.gc.ca/data/pub/WALLABY/WALLABY_J132259-172513_NGC_5044_TR3_mom0.fits,https://ws.cadc-ccda.hia-iha.nrc-cnrc.gc.ca/data/pub/WALLABY/WALLABY_J132259-172513_NGC_5044_TR3_mask.fits,b28d05e9a5953e87ceba252fc436b13b1df154d9637a11a47596dab73b34f23e,65ffc9b2e5d33c9418e457d63448ed5804e85124769ad88d307a5837b90b5459,17280,89280
WALLABY J132259-204701,NGC 5044 TR3,NGC5044,1,pass,,False,12,0.6144107103844639,72.000000000144,35x37,116x35x37,208,6.000000000012,130508.578125,23,https://ws.cadc-ccda.hia-iha.nrc-cnrc.gc.ca/data/pub/WALLABY/WALLABY_J132259-204701_NGC_5044_TR3_mom0.fits,https://ws.cadc-ccda.hia-iha.nrc-cnrc.gc.ca/data/pub/WALLABY/WALLABY_J132259-204701_NGC_5044_TR3_mask.fits,cc98d4ef243d9f51ad8a4168b60cfa41d375a1e0ee46fcd7a4724f8d60d3b35c,03418b7a329f8146a1fcc3076f3e6447324cd5adf4dfe6c29dd7953894842171,17280,167040
WALLABY J132303-134113,NGC 5044 TR3,NGC5044,1,profile_rejected,negative source annular moment-0 weight; no clipping is allowed,False,,,,37x36,63x37x36,204,6.000000000012,138247.21875,26,https://ws.cadc-ccda.hia-iha.nrc-cnrc.gc.ca/data/pub/WALLABY/WALLABY_J132303-134113_NGC_5044_TR3_mom0.fits,https://ws.cadc-ccda.hia-iha.nrc-cnrc.gc.ca/data/pub/WALLABY/WALLABY_J132303-134113_NGC_5044_TR3_mask.fits,21ab9da3e7a3c40c7a6c2b96683b7d8e57644a389c362b599c519e54ddacaa3e,62f63a92ae46282afe8ba597aba0b07c52851b6b58d72c5c7da5fd40dda1210a,17280,97920
WALLABY J132306-164944,NGC 5044 TR3,NGC5044,6,profile_rejected,negative source annular moment-0 weight; no clipping is allowed,False,,,,34x35,72x34x35,172,6.000000000012,90231.140625,29,https://ws.cadc-ccda.hia-iha.nrc-cnrc.gc.ca/data/pub/WALLABY/WALLABY_J132306-164944_NGC_5044_TR3_mom0.fits,https://ws.cadc-ccda.hia-iha.nrc-cnrc.gc.ca/data/pub/WALLABY/WALLABY_J132306-164944_NGC_5044_TR3_mask.fits,0c0dfe79835f71c2b1c6c2cbdb3e8ace5e80ce2631d1b049109239467a53f528,d4eeabb6281e291d5932f72f2abd587f2db2d3d662504952717749b5ed8b3c51,17280,100800
WALLABY J132311-171200,NGC 5044 TR3,NGC5044,19,profile_rejected,negative source annular moment-0 weight; no clipping is allowed,False,,,,39x35,63x39x35,203,6.000000000012,82252.546875,42,https://ws.cadc-ccda.hia-iha.nrc-cnrc.gc.ca/data/pub/WALLABY/WALLABY_J132311-171200_NGC_5044_TR3_mom0.fits,https://ws.cadc-ccda.hia-iha.nrc-cnrc.gc.ca/data/pub/WALLABY/WALLABY_J132311-171200_NGC_5044_TR3_mask.fits,9fc8dc64aff2a955799a62f542da2aafda2de3b1daaba0e7915619202fc89f9b,4e078d448360cd2bf128f9916161024ae705523a884b4c6620b7e7e3825dd1db,17280,100800
WALLABY J132313-152804,NGC 5044 TR3,NGC5044,3,pass,,False,14,0.6954145572121364,84.000000000168,36x40,78x36x40,208,6.000000000012,94375.34375,20,https://ws.cadc-ccda.hia-iha.nrc-cnrc.gc.ca/data/pub/WALLABY/WALLABY_J132313-152804_NGC_5044_TR3_mom0.fits,https://ws.cadc-ccda.hia-iha.nrc-cnrc.gc.ca/data/pub/WALLABY/WALLABY_J132313-152804_NGC_5044_TR3_mask.fits,4c26617396a7f19a4cda4622e4920aedee90ee79ee16c7d8b52111fa41848549,3d780ee0c6a4f5acf5db14d72f5e9803439b7797f0de9d80c09de00b966cbef3,17280,126720
WALLABY J132314-165544,NGC 5044 TR3,NGC5044,0,pass,,False,17,0.5551913158175723,102.000000000204,37x48,94x37x48,310,6.000000000012,121057.09375,29,https://ws.cadc-ccda.hia-iha.nrc-cnrc.gc.ca/data/pub/WALLABY/WALLABY_J132314-165544_NGC_5044_TR3_mom0.fits,https://ws.cadc-ccda.hia-iha.nrc-cnrc.gc.ca/data/pub/WALLABY/WALLABY_J132314-165544_NGC_5044_TR3_mask.fits,31d7b3e1179ca46bf21a033a1295f3ea10ddc866c4bd5b7dbaaf3bb0f6690f92,9afb987054e8516dcf888213413e21b7701c52a3f88ef5ef02642ea47ce3a08d,20160,181440
WALLABY J132318-182146,NGC 5044 TR3,NGC5044,10,pass,,False,11,0.7832554969192984,66.000000000132,40x36,66x40x36,235,6.000000000012,65287.74609375,33,https://ws.cadc-ccda.hia-iha.nrc-cnrc.gc.ca/data/pub/WALLABY/WALLABY_J132318-182146_NGC_5044_TR3_mom0.fits,https://ws.cadc-ccda.hia-iha.nrc-cnrc.gc.ca/data/pub/WALLABY/WALLABY_J132318-182146_NGC_5044_TR3_mask.fits,a5957693b919048c497076f90690e375e2099b57bd80b90541314dd3ac35c84e,a25148f01352b0ca788b06611e03d549d9878bf2b8df625ffa53151cc5354925,17280,109440
WALLABY J132321-163748,NGC 5044 TR3,NGC5044,9,profile_rejected,source radial support contains fewer than 8 pixel-scale annuli,False,,,,29x30,55x29x30,75,6.000000000012,28651.162109375,4,https://ws.cadc-ccda.hia-iha.nrc-cnrc.gc.ca/data/pub/WALLABY/WALLABY_J132321-163748_NGC_5044_TR3_mom0.fits,https://ws.cadc-ccda.hia-iha.nrc-cnrc.gc.ca/data/pub/WALLABY/WALLABY_J132321-163748_NGC_5044_TR3_mask.fits,2fcc719f70a5093f6d80f0ef0c42ea5d4d06c4c3d113b78029de34e14e962525,a703e948ea68a04d6dda502ae491c61fbbd2babf6fa713bcdbf85f4643ff50b9,17280,63360
WALLABY J132321-191517,NGC 5044 TR3,NGC5044,18,profile_rejected,negative source annular moment-0 weight; no clipping is allowed,False,,,,37x37,94x37x37,202,6.000000000012,104216.984375,43,https://ws.cadc-ccda.hia-iha.nrc-cnrc.gc.ca/data/pub/WALLABY/WALLABY_J132321-191517_NGC_5044_TR3_mom0.fits,https://ws.cadc-ccda.hia-iha.nrc-cnrc.gc.ca/data/pub/WALLABY/WALLABY_J132321-191517_NGC_5044_TR3_mask.fits,5a284ef31abfc4ff3a2981e684ee05c10717b824cddaeb588a22e381244a5c4c,517009dc8430e2aff790e8e016db44dc01a24254f44771dc1b819e2b65687869,17280,144000
WALLABY J132322-173508,NGC 5044 TR3,NGC5044,22,profile_rejected,negative source annular moment-0 weight; no clipping is allowed,False,,,,34x33,101x34x33,149,6.000000000012,85810.25,18,https://ws.cadc-ccda.hia-iha.nrc-cnrc.gc.ca/data/pub/WALLABY/WALLABY_J132322-173508_NGC_5044_TR3_mom0.fits,https://ws.cadc-ccda.hia-iha.nrc-cnrc.gc.ca/data/pub/WALLABY/WALLABY_J132322-173508_NGC_5044_TR3_mask.fits,b55e6123d417433fc3d6243b35434fedbe86b35a219c91643bae2e1ab4f23492,a71b468270f2d2add7be577c4c5af9fc288afa2a58e5fe80822e1a9086658d4a,17280,129600
WALLABY J132328-172821,NGC 5044 TR3,NGC5044,6,pass,,False,9,0.7998081790683408,54.000000000108,35x33,58x35x33,150,6.000000000012,42410.80859375,15,https://ws.cadc-ccda.hia-iha.nrc-cnrc.gc.ca/data/pub/WALLABY/WALLABY_J132328-172821_NGC_5044_TR3_mom0.fits,https://ws.cadc-ccda.hia-iha.nrc-cnrc.gc.ca/data/pub/WALLABY/WALLABY_J132328-172821_NGC_5044_TR3_mask.fits,104d48ad978a7440397e58ff27dc136b8460f339df3d3f7929f7c3182b2bc439,f2dfc9dabcaccc6884342a839a6cc36f00d9d8aae0f3cf3c2b6c3fa55228a878,17280,83520
WALLABY J132329-163056,NGC 5044 TR3,NGC5044,3,pass,,False,13,0.6099566716346075,78.000000000156,41x35,91x41x35,258,6.000000000012,129144.328125,55,https://ws.cadc-ccda.hia-iha.nrc-cnrc.gc.ca/data/pub/WALLABY/WALLABY_J132329-163056_NGC_5044_TR3_mom0.fits,https://ws.cadc-ccda.hia-iha.nrc-cnrc.gc.ca/data/pub/WALLABY/WALLABY_J132329-163056_NGC_5044_TR3_mask.fits,cfa3b9e21eee986697f51ecd7f79a5d99178b3729cb65cb1a493fa594763a2e4,9c0eb47d42fbc32bc183cb5fdbfb62e4a8526c2e072dfd228c399fddb21db75f,17280,146880
WALLABY J132329-164053,NGC 5044 TR3,NGC5044,21,profile_rejected,negative source annular moment-0 weight; no clipping is allowed,False,,,,37x36,57x37x36,208,6.000000000012,76828.15625,46,https://ws.cadc-ccda.hia-iha.nrc-cnrc.gc.ca/data/pub/WALLABY/WALLABY_J132329-164053_NGC_5044_TR3_mom0.fits,https://ws.cadc-ccda.hia-iha.nrc-cnrc.gc.ca/data/pub/WALLABY/WALLABY_J132329-164053_NGC_5044_TR3_mask.fits,8817ccf3593da7ebaf0ae2549bd72f124766ce4140763a75c2e40b97ca5fb94e,f9a925ef055b4415d6bf46a934c90245d9c9614d96006f1594ef5d062a15a4f9,17280,92160
WALLABY J132329-165844,NGC 5044 TR3,NGC5044,22,profile_rejected,negative source annular moment-0 weight; no clipping is allowed,False,,,,33x34,73x33x34,146,6.000000000012,48908.3828125,26,https://ws.cadc-ccda.hia-iha.nrc-cnrc.gc.ca/data/pub/WALLABY/WALLABY_J132329-165844_NGC_5044_TR3_mom0.fits,https://ws.cadc-ccda.hia-iha.nrc-cnrc.gc.ca/data/pub/WALLABY/WALLABY_J132329-165844_NGC_5044_TR3_mask.fits,35e56a2772c9bf55274ecec25b7ed939700463661060f6160ca6003b4848fc24,a618e98af2285b2da2fa22aa2ad5436a3e5b538e54305f3bd856b883fb324f2c,17280,97920
WALLABY J132329-175427,NGC 5044 TR3,NGC5044,3,pass,,False,13,0.81822060759421,78.000000000156,40x36,97x40x36,224,6.000000000012,108351.0546875,43,https://ws.cadc-ccda.hia-iha.nrc-cnrc.gc.ca/data/pub/WALLABY/WALLABY_J132329-175427_NGC_5044_TR3_mom0.fits,https://ws.cadc-ccda.hia-iha.nrc-cnrc.gc.ca/data/pub/WALLABY/WALLABY_J132329-175427_NGC_5044_TR3_mask.fits,aea5093ccefed9856c67b3612233e3877a351a080572919b1b9a737c7696b5cf,a97e3b01a2f814411ef6a7c28bc9936083959a32b049af915a9b19e2197cfe40,17280,155520
WALLABY J132329-232337,NGC 5044 TR3,NGC5044,9,pass,,False,13,0.7663209266677862,78.000000000156,39x39,62x39x39,253,6.000000000012,104354.28125,24,https://ws.cadc-ccda.hia-iha.nrc-cnrc.gc.ca/data/pub/WALLABY/WALLABY_J132329-232337_NGC_5044_TR3_mom0.fits,https://ws.cadc-ccda.hia-iha.nrc-cnrc.gc.ca/data/pub/WALLABY/WALLABY_J132329-232337_NGC_5044_TR3_mask.fits,e53eade097d29cf2040fa07b17b8121b442c526ac74afb0d99722eb18d5395ba,66b1ff09d5d11fdea6ac4b98c330944bdff3018050e36326ba1c4bc1c7674b20,20160,106560
WALLABY J132331-235339,NGC 5044 TR3,NGC5044,13,pass,,False,15,0.851078858829338,90.00000000018001,43x42,77x43x42,357,6.000000000012,246397.53125,63,https://ws.cadc-ccda.hia-iha.nrc-cnrc.gc.ca/data/pub/WALLABY/WALLABY_J132331-235339_NGC_5044_TR3_mom0.fits,https://ws.cadc-ccda.hia-iha.nrc-cnrc.gc.ca/data/pub/WALLABY/WALLABY_J132331-235339_NGC_5044_TR3_mask.fits,3736811b68ec4a48cf578f485a1411a95075f4f159d2d18a6d796a009807dd49,c3c78e45f5be752d7424452d1391bf7674832cf5f2f77586986aedd34fb7d085,20160,152640
WALLABY J132336-170314,NGC 5044 TR3,NGC5044,3,profile_rejected,negative source annular moment-0 weight; no clipping is allowed,False,,,,40x44,129x40x44,324,6.000000000012,168714.046875,37,https://ws.cadc-ccda.hia-iha.nrc-cnrc.gc.ca/data/pub/WALLABY/WALLABY_J132336-170314_NGC_5044_TR3_mom0.fits,https://ws.cadc-ccda.hia-iha.nrc-cnrc.gc.ca/data/pub/WALLABY/WALLABY_J132336-170314_NGC_5044_TR3_mask.fits,d376708d1f954d90bd2643b5a87d8721f7e52fbc6cdfa3370b9894ad6415cfcb,7926bc3c8a66ecf5dafa406eaa1f89a8d6d74284f4e94d635d5db2e98fca184e,20160,241920
WALLABY J132339-190221,NGC 5044 TR3,NGC5044,11,profile_rejected,negative source annular moment-0 weight; no clipping is allowed,False,,,,39x40,128x39x40,271,6.000000000012,199137.34375,64,https://ws.cadc-ccda.hia-iha.nrc-cnrc.gc.ca/data/pub/WALLABY/WALLABY_J132339-190221_NGC_5044_TR3_mom0.fits,https://ws.cadc-ccda.hia-iha.nrc-cnrc.gc.ca/data/pub/WALLABY/WALLABY_J132339-190221_NGC_5044_TR3_mask.fits,78c9fb3d2f3a25f78bfe8686dc9b28f676dcf3eafcdf4f5c12d077e092190461,8ff4273b24d35693c161d4145bc5a45838899fdfe7dcb998926d31766eed3731,20160,216000
WALLABY J132343-162121,NGC 5044 TR3,NGC5044,15,profile_rejected,negative source annular moment-0 weight; no clipping is allowed,False,,,,46x38,76x46x38,312,6.000000000012,130684.6953125,80,https://ws.cadc-ccda.hia-iha.nrc-cnrc.gc.ca/data/pub/WALLABY/WALLABY_J132343-162121_NGC_5044_TR3_mom0.fits,https://ws.cadc-ccda.hia-iha.nrc-cnrc.gc.ca/data/pub/WALLABY/WALLABY_J132343-162121_NGC_5044_TR3_mask.fits,c43768b8eea57e9cc478f0fc7e54a623a5328ca91e713274fe634c5a3590cc3e,486ec022b546da229c92cb522d1c6c504f88c80af9f7f11d1213a4e46359e44d,20160,149760
WALLABY J132344-231048,NGC 5044 TR3,NGC5044,18,profile_rejected,negative source annular moment-0 weight; no clipping is allowed,False,,,,40x43,99x40x43,352,6.000000000012,286859.46875,99,https://ws.cadc-ccda.hia-iha.nrc-cnrc.gc.ca/data/pub/WALLABY/WALLABY_J132344-231048_NGC_5044_TR3_mom0.fits,https://ws.cadc-ccda.hia-iha.nrc-cnrc.gc.ca/data/pub/WALLABY/WALLABY_J132344-231048_NGC_5044_TR3_mask.fits,e25449457997b7f47585fe2eecb214ba47671369e4c908b3b96e08694240836e,e00415937473c17b081c409b80207939642930a96f51677c9fbd1d14eee8b627,20160,184320
WALLABY J132347-193322,NGC 5044 TR3,NGC5044,2,pass,,False,8,0.8144491460593517,48.000000000096,32x34,75x32x34,123,6.000000000012,36006.98046875,23,https://ws.cadc-ccda.hia-iha.nrc-cnrc.gc.ca/data/pub/WALLABY/WALLABY_J132347-193322_NGC_5044_TR3_mom0.fits,https://ws.cadc-ccda.hia-iha.nrc-cnrc.gc.ca/data/pub/WALLABY/WALLABY_J132347-193322_NGC_5044_TR3_mask.fits,1e43b4fb678e8f6336cbd88c5cfa2dc22e7ca844943147b56a1a743a8d374ac8,365523b836f0bf4a2554e3a9e2fd218e03bad6956d22c8839b5cb1e7ae84cb74,17280,97920
WALLABY J132350-235951,NGC 5044 TR3,NGC5044,10,profile_rejected,negative source annular moment-0 weight; no clipping is allowed,False,,,,33x33,78x33x33,129,6.000000000012,64627.09765625,20,https://ws.cadc-ccda.hia-iha.nrc-cnrc.gc.ca/data/pub/WALLABY/WALLABY_J132350-235951_NGC_5044_TR3_mom0.fits,https://ws.cadc-ccda.hia-iha.nrc-cnrc.gc.ca/data/pub/WALLABY/WALLABY_J132350-235951_NGC_5044_TR3_mask.fits,46246a33f1078ffaf14ef7d4dea5fdece909d97badfa9c8489144513e6069c1c,72cd2f2eb586463ce04eab1ad0d651193f8a2d4961aa7041b4720f1113833c02,17280,97920
WALLABY J132351-143606,NGC 5044 TR3,NGC5044,3,profile_rejected,negative source annular moment-0 weight; no clipping is allowed,False,,,,42x42,58x42x42,341,6.000000000012,183284.4375,69,https://ws.cadc-ccda.hia-iha.nrc-cnrc.gc.ca/data/pub/WALLABY/WALLABY_J132351-143606_NGC_5044_TR3_mom0.fits,https://ws.cadc-ccda.hia-iha.nrc-cnrc.gc.ca/data/pub/WALLABY/WALLABY_J132351-143606_NGC_5044_TR3_mask.fits,5238986b4f01eee71bf1fd216e2c4c805956ab7d1c6aa939108b6bfcc486b91d,ca68cb65e05cb1f948750e4449533051997e8dd53e7c02037b2d44dfbfc7196d,20160,118080
WALLABY J132353-180755,NGC 5044 TR3,NGC5044,8,pass,,False,11,0.804261985199983,66.000000000132,38x37,84x38x37,224,6.000000000012,97858.75,27,https://ws.cadc-ccda.hia-iha.nrc-cnrc.gc.ca/data/pub/WALLABY/WALLABY_J132353-180755_NGC_5044_TR3_mom0.fits,https://ws.cadc-ccda.hia-iha.nrc-cnrc.gc.ca/data/pub/WALLABY/WALLABY_J132353-180755_NGC_5044_TR3_mask.fits,44ca73d7888c67a8ea0a46ab51d5594a5872c64331ca7168d04118643df2584d,d0a99b194a3df3d13e8240acea3df69d3cdaf02972bac774c379543f60da617a,17280,135360
WALLABY J132353-184841,NGC 5044 TR3,NGC5044,3,pass,,False,10,0.7351770949397198,60.000000000120004,38x36,81x38x36,201,6.000000000012,102942.9296875,18,https://ws.cadc-ccda.hia-iha.nrc-cnrc.gc.ca/data/pub/WALLABY/WALLABY_J132353-184841_NGC_5044_TR3_mom0.fits,https://ws.cadc-ccda.hia-iha.nrc-cnrc.gc.ca/data/pub/WALLABY/WALLABY_J132353-184841_NGC_5044_TR3_mask.fits,88cfe9bd500d74104bab884409e5d7f445ea565792050399d66dd900d0061446,d3ae01bc62bac21d23a9672c56a6702698d6878ae5e3580a5373f7e3432764da,17280,126720
WALLABY J132353-230518,NGC 5044 TR3,NGC5044,16,profile_rejected,negative source annular moment-0 weight; no clipping is allowed,False,,,,34x36,91x34x36,169,6.000000000012,77487.046875,14,https://ws.cadc-ccda.hia-iha.nrc-cnrc.gc.ca/data/pub/WALLABY/WALLABY_J132353-230518_NGC_5044_TR3_mom0.fits,https://ws.cadc-ccda.hia-iha.nrc-cnrc.gc.ca/data/pub/WALLABY/WALLABY_J132353-230518_NGC_5044_TR3_mask.fits,64d1eabb538258d468d8b207f245f4649010c68e4458023c51aa7bed07de46d5,81626f9260468aa43ba827808393de71db0cc040bfd65a14a0d40f7dc89526d2,17280,123840
WALLABY J132358-151422,NGC 5044 TR3,NGC5044,14,pass,,False,14,0.7055402572553364,84.000000000168,37x39,98x37x39,262,6.000000000012,108544.1953125,15,https://ws.cadc-ccda.hia-iha.nrc-cnrc.gc.ca/data/pub/WALLABY/WALLABY_J132358-151422_NGC_5044_TR3_mom0.fits,https://ws.cadc-ccda.hia-iha.nrc-cnrc.gc.ca/data/pub/WALLABY/WALLABY_J132358-151422_NGC_5044_TR3_mask.fits,61e5bffc3085da2ca7c82fb61b791f4e2a8551ad5ae9dfa3b1b7b470e89f426f,8c3cbffd8c0328050f1029ba0c24973e40b18b0b33a5d19dcc1757c07236b6be,20160,158400
WALLABY J132358-190341,NGC 5044 TR3,NGC5044,9,pass,,False,12,0.8630193510146241,72.000000000144,39x38,103x39x38,278,6.000000000012,186315.375,28,https://ws.cadc-ccda.hia-iha.nrc-cnrc.gc.ca/data/pub/WALLABY/WALLABY_J132358-190341_NGC_5044_TR3_mom0.fits,https://ws.cadc-ccda.hia-iha.nrc-cnrc.gc.ca/data/pub/WALLABY/WALLABY_J132358-190341_NGC_5044_TR3_mask.fits,2ee50f02abc5c70c871cb6a439e3ff64af1753650094517483e54727ef69cfbd,e558423fbe4deca2a67d5f731d4ee204a22a4524ce826b59b90875d4c8622934,20160,169920
WALLABY J132359-235510,NGC 5044 TR3,NGC5044,9,pass,,False,10,0.712741360148678,60.000000000120004,34x36,52x34x36,179,6.000000000012,47800.7421875,8,https://ws.cadc-ccda.hia-iha.nrc-cnrc.gc.ca/data/pub/WALLABY/WALLABY_J132359-235510_NGC_5044_TR3_mom0.fits,https://ws.cadc-ccda.hia-iha.nrc-cnrc.gc.ca/data/pub/WALLABY/WALLABY_J132359-235510_NGC_5044_TR3_mask.fits,58439ab57253f50e641bded14af69a3098b0306304c453ef0105b02a0d71b990,38ca21ef40a17c4de455ecdda9f783bfd17d16456c3b2fff8105596cc769fe0b,17280,77760
WALLABY J132400-175431,NGC 5044 TR3,NGC5044,17,profile_rejected,negative source annular moment-0 weight; no clipping is allowed,False,,,,39x39,67x39x39,266,6.000000000012,121042.5703125,53,https://ws.cadc-ccda.hia-iha.nrc-cnrc.gc.ca/data/pub/WALLABY/WALLABY_J132400-175431_NGC_5044_TR3_mom0.fits,https://ws.cadc-ccda.hia-iha.nrc-cnrc.gc.ca/data/pub/WALLABY/WALLABY_J132400-175431_NGC_5044_TR3_mask.fits,378b5cf53121a57116afc46120b77b67c1fa5049dbf1dbde0605b4b68f9394ef,5368d319fee6b13f23f73b4593f57eca63e9fc3c8f2ae9f1f1ea452c59b56fb4,20160,118080
WALLABY J132401-232015,NGC 5044 TR3,NGC5044,9,profile_rejected,negative source annular moment-0 weight; no clipping is allowed,False,,,,36x34,57x36x34,174,6.000000000012,42985.5703125,52,https://ws.cadc-ccda.hia-iha.nrc-cnrc.gc.ca/data/pub/WALLABY/WALLABY_J132401-232015_NGC_5044_TR3_mom0.fits,https://ws.cadc-ccda.hia-iha.nrc-cnrc.gc.ca/data/pub/WALLABY/WALLABY_J132401-232015_NGC_5044_TR3_mask.fits,bf262f9653dcd4c153c815a02c5c0f79abaa746ab7ccfbb002c0b5bc2f5cce75,a135e9f6542e18d27a3bd17187cc8e2c2ddea439eb94ae340f02e2473c4b5129,17280,83520
WALLABY J132403-170220,NGC 5044 TR3,NGC5044,11,profile_rejected,negative source annular moment-0 weight; no clipping is allowed,False,,,,44x38,137x44x38,320,6.000000000012,259721.71875,66,https://ws.cadc-ccda.hia-iha.nrc-cnrc.gc.ca/data/pub/WALLABY/WALLABY_J132403-170220_NGC_5044_TR3_mom0.fits,https://ws.cadc-ccda.hia-iha.nrc-cnrc.gc.ca/data/pub/WALLABY/WALLABY_J132403-170220_NGC_5044_TR3_mask.fits,ec648182a67eaea88fb5b3a6c753ce74f1a3a45fa24b2e82b8ea7230e3684ac9,4623c514b067281e5dfd4710026efb903081ae4307e7cd4ba66d303e2ab820a3,20160,244800
WALLABY J132409-175407,NGC 5044 TR3,NGC5044,17,profile_rejected,negative source annular moment-0 weight; no clipping is allowed,False,,,,40x45,107x40x45,357,6.000000000012,291283.3125,82,https://ws.cadc-ccda.hia-iha.nrc-cnrc.gc.ca/data/pub/WALLABY/WALLABY_J132409-175407_NGC_5044_TR3_mom0.fits,https://ws.cadc-ccda.hia-iha.nrc-cnrc.gc.ca/data/pub/WALLABY/WALLABY_J132409-175407_NGC_5044_TR3_mask.fits,9db473f5d9675e69affbe37d1392c767f1d4441854cddcf760f824cca687444e,2c1a0e31fc44ad0addb0e4297389281423f900dac4df224d883f07e80f46e172,20160,207360
WALLABY J132410-235238,NGC 5044 TR3,NGC5044,7,profile_rejected,negative source annular moment-0 weight; no clipping is allowed,False,,,,36x44,196x36x44,287,6.000000000012,258964.3125,61,https://ws.cadc-ccda.hia-iha.nrc-cnrc.gc.ca/data/pub/WALLABY/WALLABY_J132410-235238_NGC_5044_TR3_mom0.fits,https://ws.cadc-ccda.hia-iha.nrc-cnrc.gc.ca/data/pub/WALLABY/WALLABY_J132410-235238_NGC_5044_TR3_mask.fits,2c96447aca73f0cae746ef7560cd9cf03cdd04314d3bb22815b35e3582db864c,2e47eb3a88dc07c3100ddca42b2ce86a53829b6d93f5537e3c572fa4c5687412,20160,322560
WALLABY J132415-164212,NGC 5044 TR3,NGC5044,15,pass,,False,17,0.7620833062756232,102.000000000204,47x48,77x47x48,512,6.000000000012,352191.4375,58,https://ws.cadc-ccda.hia-iha.nrc-cnrc.gc.ca/data/pub/WALLABY/WALLABY_J132415-164212_NGC_5044_TR3_mom0.fits,https://ws.cadc-ccda.hia-iha.nrc-cnrc.gc.ca/data/pub/WALLABY/WALLABY_J132415-164212_NGC_5044_TR3_mask.fits,cb73d1fa3a23950dab55d213c1348796a9320903e2cf7f90399da2fdd2d9315a,094349b36b1dfe305d634f644432abc8b6bf7a8cd420a72a3f9385f53c225d30,23040,190080
WALLABY J132415-232043,NGC 5044 TR3,NGC5044,3,pass,,False,28,0.4595708867265526,168.000000000336,45x49,109x45x49,472,6.000000000012,296253.84375,79,https://ws.cadc-ccda.hia-iha.nrc-cnrc.gc.ca/data/pub/WALLABY/WALLABY_J132415-232043_NGC_5044_TR3_mom0.fits,https://ws.cadc-ccda.hia-iha.nrc-cnrc.gc.ca/data/pub/WALLABY/WALLABY_J132415-232043_NGC_5044_TR3_mask.fits,cc2029cb6642e9add2c44ec107610cf97a1b968c92cf996a51be3fc70d4138a1,3098caa98571b8994e3737feaee53fc384456c45f1a2851d6100e02d8975a4a1,23040,253440
WALLABY J132416-164248,NGC 5044 TR3,NGC5044,1,profile_rejected,negative source annular moment-0 weight; no clipping is allowed,False,,,,40x35,63x40x35,185,6.000000000012,37366.1484375,20,https://ws.cadc-ccda.hia-iha.nrc-cnrc.gc.ca/data/pub/WALLABY/WALLABY_J132416-164248_NGC_5044_TR3_mom0.fits,https://ws.cadc-ccda.hia-iha.nrc-cnrc.gc.ca/data/pub/WALLABY/WALLABY_J132416-164248_NGC_5044_TR3_mask.fits,446a1e469be68d346eacf7c058cb46c339e3a6d79647ac55c75106fabb076b47,820f5b0b7c7ad65a3b83578e20c99aad2881420b038b813fb21d5d0495c4f4c5,17280,103680
WALLABY J132419-185912,NGC 5044 TR3,NGC5044,5,pass,,False,10,0.8196759400866066,60.000000000120004,35x33,57x35x33,148,6.000000000012,49113.3359375,21,https://ws.cadc-ccda.hia-iha.nrc-cnrc.gc.ca/data/pub/WALLABY/WALLABY_J132419-185912_NGC_5044_TR3_mom0.fits,https://ws.cadc-ccda.hia-iha.nrc-cnrc.gc.ca/data/pub/WALLABY/WALLABY_J132419-185912_NGC_5044_TR3_mask.fits,ae0237b79f3e404976a106bb3f01c10f6a474dc3b74498f2112d6aeab337abd7,bd0de816798c5ec31b7467eba499bbd86c759007ea8cf0a5a44efca4072b1531,17280,80640
WALLABY J132422-162744,NGC 5044 TR3,NGC5044,7,pass,,False,8,0.8176059889558708,48.000000000096,32x32,55x32x32,115,6.000000000012,26480.84765625,4,https://ws.cadc-ccda.hia-iha.nrc-cnrc.gc.ca/data/pub/WALLABY/WALLABY_J132422-162744_NGC_5044_TR3_mom0.fits,https://ws.cadc-ccda.hia-iha.nrc-cnrc.gc.ca/data/pub/WALLABY/WALLABY_J132422-162744_NGC_5044_TR3_mask.fits,34a34a8e4e75c9a2b595e757329eed6071537fbed2d1f247c4a5e2245f0ce5a8,885559f5cb9eb31cf4a5b7d1fb948e6206f4f53a9f0964c717eb46f29230e322,17280,72000
WALLABY J132422-171945,NGC 5044 TR3,NGC5044,16,profile_rejected,negative source annular moment-0 weight; no clipping is allowed,False,,,,39x47,120x39x47,365,6.000000000012,267031.40625,83,https://ws.cadc-ccda.hia-iha.nrc-cnrc.gc.ca/data/pub/WALLABY/WALLABY_J132422-171945_NGC_5044_TR3_mom0.fits,https://ws.cadc-ccda.hia-iha.nrc-cnrc.gc.ca/data/pub/WALLABY/WALLABY_J132422-171945_NGC_5044_TR3_mask.fits,74a6bb7c84b2aec9585ff32cbd568e8bb74ebd576557526faa0e610fbc54e94e,5038113f203ea13786137efb59b24737098e5241c0742d4d16f1d7ba2bd704ef,20160,236160
WALLABY J132427-170303,NGC 5044 TR3,NGC5044,20,profile_rejected,negative source annular moment-0 weight; no clipping is allowed,False,,,,37x40,78x37x40,267,6.000000000012,105439.6171875,68,https://ws.cadc-ccda.hia-iha.nrc-cnrc.gc.ca/data/pub/WALLABY/WALLABY_J132427-170303_NGC_5044_TR3_mom0.fits,https://ws.cadc-ccda.hia-iha.nrc-cnrc.gc.ca/data/pub/WALLABY/WALLABY_J132427-170303_NGC_5044_TR3_mask.fits,86934bdd3c9a0838a33a926ef5fb88697ecd84fb9c9a389d0c76da02e7042396,61ed38927be455e69524c5a59d6c05fc29ec40a466bc4f03f9b8dcffa092aff5,20160,132480
WALLABY J132427-201307,NGC 5044 TR3,NGC5044,13,pass,,False,13,0.8068150715654783,78.000000000156,42x39,115x42x39,306,6.000000000012,255318.5,30,https://ws.cadc-ccda.hia-iha.nrc-cnrc.gc.ca/data/pub/WALLABY/WALLABY_J132427-201307_NGC_5044_TR3_mom0.fits,https://ws.cadc-ccda.hia-iha.nrc-cnrc.gc.ca/data/pub/WALLABY/WALLABY_J132427-201307_NGC_5044_TR3_mask.fits,e69026fc4a08ccb894d00ae2fb7c9c16d5d5da88938e191e59d5e374b6170df6,747dc48336ea5b6525b5e99e5a44920da8c7714c870789c67d7367106a2ddf01,20160,204480
WALLABY J132427-202554,NGC 5044 TR3,NGC5044,15,profile_rejected,negative source annular moment-0 weight; no clipping is allowed,False,,,,39x40,64x39x40,294,6.000000000012,144748.203125,50,https://ws.cadc-ccda.hia-iha.nrc-cnrc.gc.ca/data/pub/WALLABY/WALLABY_J132427-202554_NGC_5044_TR3_mom0.fits,https://ws.cadc-ccda.hia-iha.nrc-cnrc.gc.ca/data/pub/WALLABY/WALLABY_J132427-202554_NGC_5044_TR3_mask.fits,5d4dccad1d8d45de6caa24a91a112682fa2725b67a39b741e96d384160dada29,ace8ddb8a099f0446f954d4641c241cab9c3525b90928b43a74941dc984e7b54,20160,115200
WALLABY J132429-181124,NGC 5044 TR3,NGC5044,21,profile_rejected,negative source annular moment-0 weight; no clipping is allowed,False,,,,36x34,56x36x34,164,6.000000000012,51875.83203125,33,https://ws.cadc-ccda.hia-iha.nrc-cnrc.gc.ca/data/pub/WALLABY/WALLABY_J132429-181124_NGC_5044_TR3_mom0.fits,https://ws.cadc-ccda.hia-iha.nrc-cnrc.gc.ca/data/pub/WALLABY/WALLABY_J132429-181124_NGC_5044_TR3_mask.fits,42aedea4834ae0d086754df655b6abbde401dc562a713e4724515ea4d8a29829,02de5a322edef9988d40f788a57ed81c5b70f56d2c4f88ecb94b94255cfd4677,17280,83520
WALLABY J132432-155124,NGC 5044 TR3,NGC5044,19,profile_rejected,negative source annular moment-0 weight; no clipping is allowed,False,,,,43x34,111x43x34,204,6.000000000012,65554.96875,21,https://ws.cadc-ccda.hia-iha.nrc-cnrc.gc.ca/data/pub/WALLABY/WALLABY_J132432-155124_NGC_5044_TR3_mom0.fits,https://ws.cadc-ccda.hia-iha.nrc-cnrc.gc.ca/data/pub/WALLABY/WALLABY_J132432-155124_NGC_5044_TR3_mask.fits,1f90a62ec2e3356fc35a1ada88f19d5040f2d4cdc472b492d10343584f4d2e3c,d2e58eb73e350822652b7b904877d381a39d72dba37dd68e5ac2705348e2334b,20160,178560
WALLABY J132438-224607,NGC 5044 TR3,NGC5044,4,profile_rejected,negative source annular moment-0 weight; no clipping is allowed,False,,,,37x39,70x37x39,231,6.000000000012,101699.578125,54,https://ws.cadc-ccda.hia-iha.nrc-cnrc.gc.ca/data/pub/WALLABY/WALLABY_J132438-224607_NGC_5044_TR3_mom0.fits,https://ws.cadc-ccda.hia-iha.nrc-cnrc.gc.ca/data/pub/WALLABY/WALLABY_J132438-224607_NGC_5044_TR3_mask.fits,9391f8c5a17f6c1ce54ed2b290647cb7f784895a2fd32991d9ea45c79047233f,7bb6410c36566db0fc20cf060ece1680aaca944f9f6c644f569539329426af59,20160,115200
WALLABY J132440-194953,NGC 5044 TR3,NGC5044,17,profile_rejected,negative source annular moment-0 weight; no clipping is allowed,False,,,,45x40,137x45x40,334,6.000000000012,194138.5625,40,https://ws.cadc-ccda.hia-iha.nrc-cnrc.gc.ca/data/pub/WALLABY/WALLABY_J132440-194953_NGC_5044_TR3_mom0.fits,https://ws.cadc-ccda.hia-iha.nrc-cnrc.gc.ca/data/pub/WALLABY/WALLABY_J132440-194953_NGC_5044_TR3_mask.fits,6acdde3fe95580489953706777d33b402aece45d572131b3e4c7cbe0a3fefcaf,041a68bfc13acac8cafe193cab75b55ad4fd428c5dc7a99ccd7987b729ec3b72,20160,262080
WALLABY J132441-194214,NGC 5044 TR3,NGC5044,5,profile_rejected,negative source annular moment-0 weight; no clipping is allowed,False,,,,79x51,97x79x51,1336,6.000000000012,2014724.375,111,https://ws.cadc-ccda.hia-iha.nrc-cnrc.gc.ca/data/pub/WALLABY/WALLABY_J132441-194214_NGC_5044_TR3_mom0.fits,https://ws.cadc-ccda.hia-iha.nrc-cnrc.gc.ca/data/pub/WALLABY/WALLABY_J132441-194214_NGC_5044_TR3_mask.fits,37e8ac4cef400fd735e71e09f7c74e7deaf616baf3cf0944dcebcb9272697601,8506c8e068d7c14b94527523849af0726a09c0a3e2dca69588c442271ae441d3,28800,406080
WALLABY J132442-211714,NGC 5044 TR3,NGC5044,22,profile_rejected,source radial support contains fewer than 8 pixel-scale annuli,False,,,,32x29,44x32x29,83,6.000000000012,36849.64453125,10,https://ws.cadc-ccda.hia-iha.nrc-cnrc.gc.ca/data/pub/WALLABY/WALLABY_J132442-211714_NGC_5044_TR3_mom0.fits,https://ws.cadc-ccda.hia-iha.nrc-cnrc.gc.ca/data/pub/WALLABY/WALLABY_J132442-211714_NGC_5044_TR3_mask.fits,b105345a8933f687a819e4de1e6c969d1c0b589526e51dfd98f04d8f59760c55,6f64ebed048cbee1980eba6226a6e119403a7b9a7dd65f6d5ce02990b163d80a,17280,54720
WALLABY J132454-201759,NGC 5044 TR3,NGC5044,20,pass,,False,14,0.8650806647616993,84.000000000168,39x41,52x39x41,320,6.000000000012,142271.25,58,https://ws.cadc-ccda.hia-iha.nrc-cnrc.gc.ca/data/pub/WALLABY/WALLABY_J132454-201759_NGC_5044_TR3_mom0.fits,https://ws.cadc-ccda.hia-iha.nrc-cnrc.gc.ca/data/pub/WALLABY/WALLABY_J132454-201759_NGC_5044_TR3_mask.fits,bc1828e469e1f836954aa03729100707b3bc79aff61956a5f7d98ea8010183f8,b453563fc625377e7f2d6458d11e6c356618b7419a387c020f112fbb287a2978,20160,97920
WALLABY J132455-192622,NGC 5044 TR3,NGC5044,15,pass,,False,17,0.8141004214336908,102.000000000204,38x43,87x38x43,304,6.000000000012,157722.671875,47,https://ws.cadc-ccda.hia-iha.nrc-cnrc.gc.ca/data/pub/WALLABY/WALLABY_J132455-192622_NGC_5044_TR3_mom0.fits,https://ws.cadc-ccda.hia-iha.nrc-cnrc.gc.ca/data/pub/WALLABY/WALLABY_J132455-192622_NGC_5044_TR3_mask.fits,18bddf7b0ed069a456a4049c8f2b8882bc0e0ebf29c4e351eb27c9a1cb142f87,96471240cfbb6d19aa77724bc9662c232b30c4fda6fe89e28898f5f1f9c99449,20160,158400
WALLABY J132457-182105,NGC 5044 TR3,NGC5044,13,profile_rejected,source radial support contains fewer than 8 pixel-scale annuli,False,,,,32x29,52x32x29,89,6.000000000012,29432.73046875,5,https://ws.cadc-ccda.hia-iha.nrc-cnrc.gc.ca/data/pub/WALLABY/WALLABY_J132457-182105_NGC_5044_TR3_mom0.fits,https://ws.cadc-ccda.hia-iha.nrc-cnrc.gc.ca/data/pub/WALLABY/WALLABY_J132457-182105_NGC_5044_TR3_mask.fits,beb520bc5fdd0bad0c2ea9aaf64d0a8b1c2d98dd0e60b28413a8c04bce6ded71,b9aa647c4f0c8b116eed41898bace891f05514636746ed4601441367d6d74e30,17280,63360
WALLABY J132500-240035,NGC 5044 TR3,NGC5044,11,profile_rejected,negative source annular moment-0 weight; no clipping is allowed,False,,,,45x54,120x45x54,571,6.000000000012,409028.78125,118,https://ws.cadc-ccda.hia-iha.nrc-cnrc.gc.ca/data/pub/WALLABY/WALLABY_J132500-240035_NGC_5044_TR3_mom0.fits,https://ws.cadc-ccda.hia-iha.nrc-cnrc.gc.ca/data/pub/WALLABY/WALLABY_J132500-240035_NGC_5044_TR3_mask.fits,9250120608d3d21e7cd608660fa23366ffa8d124456772f36e746b13ac868059,4263771ea478b80c5329846720a5ca4582ff87de10b4150f5b26da4d6eeb56fc,23040,305280
WALLABY J132501-144523,NGC 5044 TR3,NGC5044,3,profile_rejected,negative source annular moment-0 weight; no clipping is allowed,False,,,,38x37,71x38x37,232,6.000000000012,97274.7890625,31,https://ws.cadc-ccda.hia-iha.nrc-cnrc.gc.ca/data/pub/WALLABY/WALLABY_J132501-144523_NGC_5044_TR3_mom0.fits,https://ws.cadc-ccda.hia-iha.nrc-cnrc.gc.ca/data/pub/WALLABY/WALLABY_J132501-144523_NGC_5044_TR3_mask.fits,7e630b3197e1de63646a7874bf96f2383aff154df541aa1ceb61ac1a6c615c65,58aa245399af495eee0da27d5f6dadba9137315e4de328d47a0d73ada0988382,17280,115200
WALLABY J132506-240322,NGC 5044 TR3,NGC5044,7,profile_rejected,negative source annular moment-0 weight; no clipping is allowed,False,,,,35x42,77x35x42,202,6.000000000012,90821.15625,22,https://ws.cadc-ccda.hia-iha.nrc-cnrc.gc.ca/data/pub/WALLABY/WALLABY_J132506-240322_NGC_5044_TR3_mom0.fits,https://ws.cadc-ccda.hia-iha.nrc-cnrc.gc.ca/data/pub/WALLABY/WALLABY_J132506-240322_NGC_5044_TR3_mask.fits,73ba6467ded281e18a3e273076bf0013b6a38fba0823c8fe587fd84df1c28141,4f57a52529e126d70baf32ee1a247ec6cce5b13e413c3349b12fa3fe72d5a009,20160,126720
WALLABY J132508-194605,NGC 5044 TR3,NGC5044,16,pass,,False,15,0.7312810358305939,90.00000000018001,39x44,115x39x44,363,6.000000000012,385671.5625,53,https://ws.cadc-ccda.hia-iha.nrc-cnrc.gc.ca/data/pub/WALLABY/WALLABY_J132508-194605_NGC_5044_TR3_mom0.fits,https://ws.cadc-ccda.hia-iha.nrc-cnrc.gc.ca/data/pub/WALLABY/WALLABY_J132508-194605_NGC_5044_TR3_mask.fits,76a8feb10633030522dd1ed50bd377910de294a3af450eccccab92dd5258b795,aa88a50afdbcd75637d8ea65c6c58c467a7168fc400b3a9f4bb171bae4b760f8,20160,213120
WALLABY J132518-211223,NGC 5044 TR3,NGC5044,9,profile_rejected,negative source annular moment-0 weight; no clipping is allowed,False,,,,39x39,80x39x39,245,6.000000000012,137775.4375,52,https://ws.cadc-ccda.hia-iha.nrc-cnrc.gc.ca/data/pub/WALLABY/WALLABY_J132518-211223_NGC_5044_TR3_mom0.fits,https://ws.cadc-ccda.hia-iha.nrc-cnrc.gc.ca/data/pub/WALLABY/WALLABY_J132518-211223_NGC_5044_TR3_mask.fits,9e4a03699262da2fefaf4ead834ae0789ff432df18fcdef7b2ce4c6a871aecf5,8a01f9ee52a42f9e76f995df2a46f2302ab1a72535e5dfe93611420d03f69192,20160,135360
WALLABY J132518-232409,NGC 5044 TR3,NGC5044,13,profile_rejected,negative source annular moment-0 weight; no clipping is allowed,False,,,,36x36,55x36x36,202,6.000000000012,62101.84765625,26,https://ws.cadc-ccda.hia-iha.nrc-cnrc.gc.ca/data/pub/WALLABY/WALLABY_J132518-232409_NGC_5044_TR3_mom0.fits,https://ws.cadc-ccda.hia-iha.nrc-cnrc.gc.ca/data/pub/WALLABY/WALLABY_J132518-232409_NGC_5044_TR3_mask.fits,cf826944968cb6678dc2ebb3b3be327d5a75f9ad167f8393e9f075cb29150321,2642e69d3fc18002e3300815ace8a8dc8ec4eb2a17ab4066b2c1d8d71c1f0fb0,17280,83520
WALLABY J132519-210812,NGC 5044 TR3,NGC5044,22,profile_rejected,negative source annular moment-0 weight; no clipping is allowed,False,,,,86x76,99x86x76,2321,6.000000000012,966165.3125,199,https://ws.cadc-ccda.hia-iha.nrc-cnrc.gc.ca/data/pub/WALLABY/WALLABY_J132519-210812_NGC_5044_TR3_mom0.fits,https://ws.cadc-ccda.hia-iha.nrc-cnrc.gc.ca/data/pub/WALLABY/WALLABY_J132519-210812_NGC_5044_TR3_mask.fits,e36a18e8b33dc94e5d7cc87d45637db06560011b6a6e219176955354896a96c1,d58c02eabb14c99a2ea59bdc365d199eb6651d4cde1e0fe8b70fc74f3e153443,40320,662400
WALLABY J132529-174924,NGC 5044 TR3,NGC5044,21,pass,,False,14,0.707432198808778,84.000000000168,35x39,65x35x39,239,6.000000000012,74644.484375,21,https://ws.cadc-ccda.hia-iha.nrc-cnrc.gc.ca/data/pub/WALLABY/WALLABY_J132529-174924_NGC_5044_TR3_mom0.fits,https://ws.cadc-ccda.hia-iha.nrc-cnrc.gc.ca/data/pub/WALLABY/WALLABY_J132529-174924_NGC_5044_TR3_mask.fits,de47323e5dab4c7512aeeb8b79d3872ef9507b8c0c62389473fc4db2a3f37421,d0e661eaee2c4765d0786d6a15b82b57a5fd1e537c925171fd0730d22a331914,17280,103680
WALLABY J132531-212650,NGC 5044 TR3,NGC5044,11,pass,,False,10,0.856407022096846,60.000000000120004,36x37,68x36x37,208,6.000000000012,101338.65625,42,https://ws.cadc-ccda.hia-iha.nrc-cnrc.gc.ca/data/pub/WALLABY/WALLABY_J132531-212650_NGC_5044_TR3_mom0.fits,https://ws.cadc-ccda.hia-iha.nrc-cnrc.gc.ca/data/pub/WALLABY/WALLABY_J132531-212650_NGC_5044_TR3_mask.fits,b6e412c2af59ff350455dc1768c18ed094ad74b7a52319e4bd83b72d27ce8cc3,41dc10394fdd5620e3d9beb46619fa70289253fffb6d45a57139ea6d6b2ee2c9,17280,103680
WALLABY J132531-220703,NGC 5044 TR3,NGC5044,2,pass,,False,11,0.8583619612168981,66.000000000132,36x37,73x36x37,210,6.000000000012,85371.1328125,13,https://ws.cadc-ccda.hia-iha.nrc-cnrc.gc.ca/data/pub/WALLABY/WALLABY_J132531-220703_NGC_5044_TR3_mom0.fits,https://ws.cadc-ccda.hia-iha.nrc-cnrc.gc.ca/data/pub/WALLABY/WALLABY_J132531-220703_NGC_5044_TR3_mask.fits,29a8cc6d34c65baa7868691f1c41e7cc27eeac059ab521f2a86266574bf291fd,cbbf39162ee3e973879d2b9d59d263ad9deb98b5413936bead6391d87ea6ba71,17280,109440
WALLABY J132532-161724,NGC 5044 TR3,NGC5044,20,pass,,False,14,0.5508656951631812,84.000000000168,40x33,45x40x33,183,6.000000000012,34417.1796875,10,https://ws.cadc-ccda.hia-iha.nrc-cnrc.gc.ca/data/pub/WALLABY/WALLABY_J132532-161724_NGC_5044_TR3_mom0.fits,https://ws.cadc-ccda.hia-iha.nrc-cnrc.gc.ca/data/pub/WALLABY/WALLABY_J132532-161724_NGC_5044_TR3_mask.fits,2a967777b52d0509b05c706a9337092786543bd449e22531369adba0531d3fcc,7158d513048ded3aac6eea5bbfadd690fe5ea1a38aded0e380d7a91b0e0031c0,17280,74880
WALLABY J132534-150540,NGC 5044 TR3,NGC5044,15,profile_rejected,negative source annular moment-0 weight; no clipping is allowed,False,,,,33x35,54x33x35,156,6.000000000012,46913.8515625,19,https://ws.cadc-ccda.hia-iha.nrc-cnrc.gc.ca/data/pub/WALLABY/WALLABY_J132534-150540_NGC_5044_TR3_mom0.fits,https://ws.cadc-ccda.hia-iha.nrc-cnrc.gc.ca/data/pub/WALLABY/WALLABY_J132534-150540_NGC_5044_TR3_mask.fits,655dd3e6ec2533e1313dfa5763b55bbf573e6d86e163aadba937fa9db1e4dcfd,acbbf2c4f77b480bfdf760affc32f395fb1ecfe7de1f66d3cdfac47e662b5a82,17280,77760
WALLABY J132536-213356,NGC 5044 TR3,NGC5044,14,pass,,False,21,0.5467032256626068,126.000000000252,40x51,66x40x51,368,6.000000000012,141545.296875,68,https://ws.cadc-ccda.hia-iha.nrc-cnrc.gc.ca/data/pub/WALLABY/WALLABY_J132536-213356_NGC_5044_TR3_mom0.fits,https://ws.cadc-ccda.hia-iha.nrc-cnrc.gc.ca/data/pub/WALLABY/WALLABY_J132536-213356_NGC_5044_TR3_mask.fits,c543a3afd188e7af776ba0a0e7a9c023d541b94c1418db0623bf4525782f20b4,691843ddc51c58dfa1c990178fae47932c5b18eaf8f3482c779d55d2d3ac1508,20160,146880
WALLABY J132538-163436,NGC 5044 TR3,NGC5044,7,pass,,False,10,0.8208003454197675,60.000000000120004,34x38,63x34x38,169,6.000000000012,52550.625,27,https://ws.cadc-ccda.hia-iha.nrc-cnrc.gc.ca/data/pub/WALLABY/WALLABY_J132538-163436_NGC_5044_TR3_mom0.fits,https://ws.cadc-ccda.hia-iha.nrc-cnrc.gc.ca/data/pub/WALLABY/WALLABY_J132538-163436_NGC_5044_TR3_mask.fits,022b00f941c1af9b157c198732f01040d0f6b3dd3c8991f6d9d8a816833416b7,5ab1e84501ad48b98aa7fe12af80810c1901421687e69f48d5047aae5d123bd3,17280,97920
WALLABY J132540-155525,NGC 5044 TR3,NGC5044,14,pass,,False,19,0.5197955573905154,114.000000000228,46x38,66x46x38,307,6.000000000012,73386.3203125,56,https://ws.cadc-ccda.hia-iha.nrc-cnrc.gc.ca/data/pub/WALLABY/WALLABY_J132540-155525_NGC_5044_TR3_mom0.fits,https://ws.cadc-ccda.hia-iha.nrc-cnrc.gc.ca/data/pub/WALLABY/WALLABY_J132540-155525_NGC_5044_TR3_mask.fits,eb49260c79d8e6eaddc01575f1720c6d7e2c89f6fa7e552f698261cb0555c06e,1823f7d54fbb29afc1a544bb0a9195b5eae78742d022d2655b43e2071ab922ae,20160,132480
WALLABY J132542-164457,NGC 5044 TR3,NGC5044,11,pass,,False,28,0.48508264941273893,168.000000000336,43x54,99x43x54,503,6.000000000012,240129.65625,77,https://ws.cadc-ccda.hia-iha.nrc-cnrc.gc.ca/data/pub/WALLABY/WALLABY_J132542-164457_NGC_5044_TR3_mom0.fits,https://ws.cadc-ccda.hia-iha.nrc-cnrc.gc.ca/data/pub/WALLABY/WALLABY_J132542-164457_NGC_5044_TR3_mask.fits,01b0f6847766b8aaddbb98673c19ea2801efcba659fed71502764e540775c036,1d741710505e53fe68ab4b6bb5f823476baea984d49759b2f9543b6aa2a18c3d,23040,244800
WALLABY J132551-162706,NGC 5044 TR3,NGC5044,6,pass,,False,10,0.9073595541724437,60.000000000120004,35x36,65x35x36,171,6.000000000012,59416.8515625,16,https://ws.cadc-ccda.hia-iha.nrc-cnrc.gc.ca/data/pub/WALLABY/WALLABY_J132551-162706_NGC_5044_TR3_mom0.fits,https://ws.cadc-ccda.hia-iha.nrc-cnrc.gc.ca/data/pub/WALLABY/WALLABY_J132551-162706_NGC_5044_TR3_mask.fits,086af7c3c463a49c35a308f015415cf21e6c5db95022a3256c7454d95c4c529f,074bea7c2d842bff9e9bc33200d3a818db9264d4030633e4e3728ffadd82cc0b,17280,97920
WALLABY J132552-203408,NGC 5044 TR3,NGC5044,8,pass,,False,14,0.8054505480991658,84.000000000168,42x43,72x42x43,367,6.000000000012,167247.71875,39,https://ws.cadc-ccda.hia-iha.nrc-cnrc.gc.ca/data/pub/WALLABY/WALLABY_J132552-203408_NGC_5044_TR3_mom0.fits,https://ws.cadc-ccda.hia-iha.nrc-cnrc.gc.ca/data/pub/WALLABY/WALLABY_J132552-203408_NGC_5044_TR3_mask.fits,14b2c1416149f13fc1cf5a91c04bebd01a1f8dae7fba13bc9301eb0624025372,a1bda0d397fc4c37f5d7c80e5b6265182231a146be53ba01dc4ea76564f802e5,20160,146880
WALLABY J132552-241252,NGC 5044 TR3,NGC5044,6,pass,,False,12,0.5811539710315118,72.000000000144,40x32,76x40x32,189,6.000000000012,82380.15625,26,https://ws.cadc-ccda.hia-iha.nrc-cnrc.gc.ca/data/pub/WALLABY/WALLABY_J132552-241252_NGC_5044_TR3_mom0.fits,https://ws.cadc-ccda.hia-iha.nrc-cnrc.gc.ca/data/pub/WALLABY/WALLABY_J132552-241252_NGC_5044_TR3_mask.fits,e1d3e8a355e185b2d5d68dc49bf6aed437fd05b69e2b200a6b5225ee07e7644d,2d934c3ab53db272476b2f24a5f9d5ef81393a571338d3b278fe4b3d30c5c8bb,17280,109440
WALLABY J132558-163627,NGC 5044 TR3,NGC5044,15,profile_rejected,negative source annular moment-0 weight; no clipping is allowed,False,,,,34x42,81x34x42,209,6.000000000012,67487.3828125,23,https://ws.cadc-ccda.hia-iha.nrc-cnrc.gc.ca/data/pub/WALLABY/WALLABY_J132558-163627_NGC_5044_TR3_mom0.fits,https://ws.cadc-ccda.hia-iha.nrc-cnrc.gc.ca/data/pub/WALLABY/WALLABY_J132558-163627_NGC_5044_TR3_mask.fits,1a75a67c362e89543652b72eb1dd79d6a698bb51e81c91ac28dfe510222bf591,af262fb02d7c746b8061ff4b444f69a25843bc62aef19fb12d155596174b0004,17280,132480
WALLABY J132558-233802,NGC 5044 TR3,NGC5044,4,pass,,False,17,0.6952414142483155,102.000000000204,39x41,136x39x41,270,6.000000000012,142533.953125,33,https://ws.cadc-ccda.hia-iha.nrc-cnrc.gc.ca/data/pub/WALLABY/WALLABY_J132558-233802_NGC_5044_TR3_mom0.fits,https://ws.cadc-ccda.hia-iha.nrc-cnrc.gc.ca/data/pub/WALLABY/WALLABY_J132558-233802_NGC_5044_TR3_mask.fits,4be3e478e2d4171f326f92315245086d22d2726d29d5e728af5a57f82ccbf647,06cf0c808a51239abd25c6407108cc8f2d033dca5c85fea13f07987c066500a2,20160,230400
WALLABY J132558-242128,NGC 5044 TR3,NGC5044,15,pass,,False,12,0.7183851917780357,72.000000000144,35x40,57x35x40,220,6.000000000012,60380.1484375,25,https://ws.cadc-ccda.hia-iha.nrc-cnrc.gc.ca/data/pub/WALLABY/WALLABY_J132558-242128_NGC_5044_TR3_mom0.fits,https://ws.cadc-ccda.hia-iha.nrc-cnrc.gc.ca/data/pub/WALLABY/WALLABY_J132558-242128_NGC_5044_TR3_mask.fits,08e2fc1bec867e4e1ef1357d555665dfccd45019be7eceebc8509b96487be67b,a0e4be90ef1702eec3be692ba2840edeca1de454ae78d6423ea9f2b3c64d2cf2,17280,92160
WALLABY J132603-170150,NGC 5044 TR3,NGC5044,9,profile_rejected,negative source annular moment-0 weight; no clipping is allowed,False,,,,38x39,110x38x39,223,6.000000000012,75485.109375,48,https://ws.cadc-ccda.hia-iha.nrc-cnrc.gc.ca/data/pub/WALLABY/WALLABY_J132603-170150_NGC_5044_TR3_mom0.fits,https://ws.cadc-ccda.hia-iha.nrc-cnrc.gc.ca/data/pub/WALLABY/WALLABY_J132603-170150_NGC_5044_TR3_mask.fits,d0e4ef03f237573a3b7a0c42cfcc85b4d2ebf7476affde5e6f8f8e666f56bc21,370ba0eb0bf0b6109502b88e1a1357e70c79364200705f0e4028b2842ea4de89,20160,178560
WALLABY J132603-225332,NGC 5044 TR3,NGC5044,8,profile_rejected,negative source annular moment-0 weight; no clipping is allowed,False,,,,32x40,67x32x40,175,6.000000000012,32082.19921875,31,https://ws.cadc-ccda.hia-iha.nrc-cnrc.gc.ca/data/pub/WALLABY/WALLABY_J132603-225332_NGC_5044_TR3_mom0.fits,https://ws.cadc-ccda.hia-iha.nrc-cnrc.gc.ca/data/pub/WALLABY/WALLABY_J132603-225332_NGC_5044_TR3_mask.fits,cf81ff1e818d3a1f690b0b963da973aa0119908d5f47a00fe4f0171cae501dc9,c5d714b2d18b255b827687e69cb55b2aeda8ab00225f00920ed84a2612cb0b17,17280,97920
WALLABY J132607-171123,NGC 5044 TR3,NGC5044,1,pass,,False,10,0.8122825318711913,60.000000000120004,35x38,105x35x38,171,6.000000000012,77327.1015625,22,https://ws.cadc-ccda.hia-iha.nrc-cnrc.gc.ca/data/pub/WALLABY/WALLABY_J132607-171123_NGC_5044_TR3_mom0.fits,https://ws.cadc-ccda.hia-iha.nrc-cnrc.gc.ca/data/pub/WALLABY/WALLABY_J132607-171123_NGC_5044_TR3_mask.fits,bd0d6015df00c7d4a9aee0b999947d592e838cd29032325e7249de89c5915f05,67aede716d9398faa6c034eced62fdd689f86f40a116128293e8f8ff5e24e27f,17280,155520
WALLABY J132608-163111,NGC 5044 TR3,NGC5044,4,profile_rejected,negative source annular moment-0 weight; no clipping is allowed,False,,,,46x45,99x46x45,498,6.000000000012,564714.6875,102,https://ws.cadc-ccda.hia-iha.nrc-cnrc.gc.ca/data/pub/WALLABY/WALLABY_J132608-163111_NGC_5044_TR3_mom0.fits,https://ws.cadc-ccda.hia-iha.nrc-cnrc.gc.ca/data/pub/WALLABY/WALLABY_J132608-163111_NGC_5044_TR3_mask.fits,36738e2d88b540f00a44e81d9cb48f3127cb36dc541b99740f500ba2cbd3f307,4340b4ad7497b5abc9aca10d973125eb82da5dabb983738f5db3d0833a95f6c0,20160,221760
WALLABY J132612-162649,NGC 5044 TR3,NGC5044,8,pass,,False,13,0.9337755565259342,78.000000000156,37x35,69x37x35,175,6.000000000012,47455.0234375,27,https://ws.cadc-ccda.hia-iha.nrc-cnrc.gc.ca/data/pub/WALLABY/WALLABY_J132612-162649_NGC_5044_TR3_mom0.fits,https://ws.cadc-ccda.hia-iha.nrc-cnrc.gc.ca/data/pub/WALLABY/WALLABY_J132612-162649_NGC_5044_TR3_mask.fits,36a8da8110751fa1e71a765d9e04312e511ad45822ab76f470e4e2d4529b3c91,a08e59a41ef6e3c4d5660c285fbb073c0e8c78e7210ebf37c224ee1df546d557,17280,106560
WALLABY J132614-195933,NGC 5044 TR3,NGC5044,21,pass,,False,11,0.6223047272418586,66.000000000132,35x35,49x35x35,136,6.000000000012,48362.9296875,12,https://ws.cadc-ccda.hia-iha.nrc-cnrc.gc.ca/data/pub/WALLABY/WALLABY_J132614-195933_NGC_5044_TR3_mom0.fits,https://ws.cadc-ccda.hia-iha.nrc-cnrc.gc.ca/data/pub/WALLABY/WALLABY_J132614-195933_NGC_5044_TR3_mask.fits,78ec2907a5d015d034ae0bead225b4162e2a81a68c4cc65f258bdb9ae4c5cb7c,10b5e284e3dd83f1908410bc5c2b4f1c9fc4e51f167e8f01b96d069f9375ca6a,17280,74880
WALLABY J132618-214400,NGC 5044 TR3,NGC5044,9,profile_rejected,negative source annular moment-0 weight; no clipping is allowed,False,,,,34x35,106x34x35,159,6.000000000012,61907.359375,32,https://ws.cadc-ccda.hia-iha.nrc-cnrc.gc.ca/data/pub/WALLABY/WALLABY_J132618-214400_NGC_5044_TR3_mom0.fits,https://ws.cadc-ccda.hia-iha.nrc-cnrc.gc.ca/data/pub/WALLABY/WALLABY_J132618-214400_NGC_5044_TR3_mask.fits,510672edcac34ce28841e1d9672a7ee175710e54a12dcce6bf72c26b23a05c6c,3cd290bde7fd640e3329bee968d983ff5d06a89d867d4226ccc5f783baf218b0,17280,138240
WALLABY J132619-193833,NGC 5044 TR3,NGC5044,11,profile_rejected,negative source annular moment-0 weight; no clipping is allowed,False,,,,35x39,104x35x39,201,6.000000000012,72047.90625,19,https://ws.cadc-ccda.hia-iha.nrc-cnrc.gc.ca/data/pub/WALLABY/WALLABY_J132619-193833_NGC_5044_TR3_mom0.fits,https://ws.cadc-ccda.hia-iha.nrc-cnrc.gc.ca/data/pub/WALLABY/WALLABY_J132619-193833_NGC_5044_TR3_mask.fits,c450819d654c5059b1138e6f3ba4db0cacc988273d64037f28dea76cb226bfcb,d85a50bcaf01b037eb08751e782576b39e08f0d1358d96204d311f69a0ee2a47,17280,158400
WALLABY J132620-223750,NGC 5044 TR3,NGC5044,9,pass,,False,15,0.7949607855337698,90.00000000018001,44x40,113x44x40,334,6.000000000012,177109.875,27,https://ws.cadc-ccda.hia-iha.nrc-cnrc.gc.ca/data/pub/WALLABY/WALLABY_J132620-223750_NGC_5044_TR3_mom0.fits,https://ws.cadc-ccda.hia-iha.nrc-cnrc.gc.ca/data/pub/WALLABY/WALLABY_J132620-223750_NGC_5044_TR3_mask.fits,22ef4e0ecb13353dd5d2668e496109372731138336c7acfbc7244a0c727dd9b9,d21b4d19aa3255724e3b6d0b078343d8b03f51de350778a2b9bf3c50c53e0f83,20160,213120
WALLABY J132620-230233,NGC 5044 TR3,NGC5044,15,profile_rejected,negative source annular moment-0 weight; no clipping is allowed,False,,,,40x36,126x40x36,246,6.000000000012,120203.28125,35,https://ws.cadc-ccda.hia-iha.nrc-cnrc.gc.ca/data/pub/WALLABY/WALLABY_J132620-230233_NGC_5044_TR3_mom0.fits,https://ws.cadc-ccda.hia-iha.nrc-cnrc.gc.ca/data/pub/WALLABY/WALLABY_J132620-230233_NGC_5044_TR3_mask.fits,963962350320e52002de1b14841f3c04b976ba8c78e2b9bab98d9c6e25b61a11,07b8665eb434959ac6dc444e66552a3fcbdcfce6e40ce916c06aa843ed0d0d24,17280,192960
WALLABY J132621-155739,NGC 5044 TR3,NGC5044,14,pass,,False,10,0.6584486337183636,60.000000000120004,37x32,74x37x32,130,6.000000000012,27494.83984375,6,https://ws.cadc-ccda.hia-iha.nrc-cnrc.gc.ca/data/pub/WALLABY/WALLABY_J132621-155739_NGC_5044_TR3_mom0.fits,https://ws.cadc-ccda.hia-iha.nrc-cnrc.gc.ca/data/pub/WALLABY/WALLABY_J132621-155739_NGC_5044_TR3_mask.fits,375f665dbb2372de1d64e61c3cad6729eb7590c895c32c81fd9342d4051321a1,d0ead3ff768702941e85975b02b8c8089b60f61b029431f33dc35b8f59433dde,17280,103680
WALLABY J132625-215123,NGC 5044 TR3,NGC5044,14,pass,,False,8,0.8289024774044579,48.000000000096,34x31,78x34x31,134,6.000000000012,83376.859375,7,https://ws.cadc-ccda.hia-iha.nrc-cnrc.gc.ca/data/pub/WALLABY/WALLABY_J132625-215123_NGC_5044_TR3_mom0.fits,https://ws.cadc-ccda.hia-iha.nrc-cnrc.gc.ca/data/pub/WALLABY/WALLABY_J132625-215123_NGC_5044_TR3_mask.fits,477e87f832717ad2d88d93b75eaf2ad4d95bf97585ebcfb67b537c1f566e8df5,4c467f129435291b5579a40bfe0ff19fa90a8b8e2ae4f2ce2b8a3b30953560a8,17280,95040
WALLABY J132630-214027,NGC 5044 TR3,NGC5044,8,pass,,False,14,0.7080408441306755,84.000000000168,38x37,91x38x37,212,6.000000000012,146480.5,28,https://ws.cadc-ccda.hia-iha.nrc-cnrc.gc.ca/data/pub/WALLABY/WALLABY_J132630-214027_NGC_5044_TR3_mom0.fits,https://ws.cadc-ccda.hia-iha.nrc-cnrc.gc.ca/data/pub/WALLABY/WALLABY_J132630-214027_NGC_5044_TR3_mask.fits,1bb5f2b9f7486722aa65667b0ec5df5fd23e1e7b3a3033822457bc406924f206,7214b1c10544b7b5f89bfedf21cab0f34a29353b80ae7586819e8aec96095a9a,17280,141120
WALLABY J132634-222458,NGC 5044 TR3,NGC5044,7,pass,,False,9,0.7012271219926264,54.000000000108,34x33,83x34x33,143,6.000000000012,84576.8203125,9,https://ws.cadc-ccda.hia-iha.nrc-cnrc.gc.ca/data/pub/WALLABY/WALLABY_J132634-222458_NGC_5044_TR3_mom0.fits,https://ws.cadc-ccda.hia-iha.nrc-cnrc.gc.ca/data/pub/WALLABY/WALLABY_J132634-222458_NGC_5044_TR3_mask.fits,c1783c21b01140e8822b555987b8efb89579f1d2b2457f307acdb7024486f3a2,bf75c9eb0ee3198554363f3343a4c34fc5e98c8e9d6bc35260e419eae6fdc15f,17280,106560
WALLABY J132635-221419,NGC 5044 TR3,NGC5044,16,pass,,False,31,0.5680392941635892,186.000000000372,52x63,81x52x63,981,6.000000000012,1117602.5,131,https://ws.cadc-ccda.hia-iha.nrc-cnrc.gc.ca/data/pub/WALLABY/WALLABY_J132635-221419_NGC_5044_TR3_mom0.fits,https://ws.cadc-ccda.hia-iha.nrc-cnrc.gc.ca/data/pub/WALLABY/WALLABY_J132635-221419_NGC_5044_TR3_mask.fits,9fe53b7c487938ca2c66eab4bfef836b376b35d444afe4ff4dc534b69fbb0201,0c1aefb771e2e7a1c331e9ce23ba513ae964a24ff26091938402a5603d412037,25920,279360
WALLABY J132637-192904,NGC 5044 TR3,NGC5044,17,pass,,False,11,0.6566848560053319,66.000000000132,30x34,61x30x34,97,6.000000000012,30647.1953125,4,https://ws.cadc-ccda.hia-iha.nrc-cnrc.gc.ca/data/pub/WALLABY/WALLABY_J132637-192904_NGC_5044_TR3_mom0.fits,https://ws.cadc-ccda.hia-iha.nrc-cnrc.gc.ca/data/pub/WALLABY/WALLABY_J132637-192904_NGC_5044_TR3_mask.fits,c0e4fb62ddd4ccb46082649bdf3aaabeb20febb59fb2f0a0adfaba0966e83726,810565c1e0fde5055d8cea4012d19a7b2f9f999831a82dc6a375b1e770537912,17280,77760
WALLABY J132638-215333,NGC 5044 TR3,NGC5044,13,profile_rejected,negative source annular moment-0 weight; no clipping is allowed,False,,,,31x37,91x31x37,125,6.000000000012,63317.109375,11,https://ws.cadc-ccda.hia-iha.nrc-cnrc.gc.ca/data/pub/WALLABY/WALLABY_J132638-215333_NGC_5044_TR3_mom0.fits,https://ws.cadc-ccda.hia-iha.nrc-cnrc.gc.ca/data/pub/WALLABY/WALLABY_J132638-215333_NGC_5044_TR3_mask.fits,b566a85ae80822ecb3dc802b83d315a2dad1303d13cf0a90f40a7aad009d4bf6,5ecc045b225e0d8079058daa87e7ff7464b90b04065b8993950610304d977282,17280,118080
WALLABY J132648-185557,NGC 5044 TR3,NGC5044,13,profile_rejected,negative source annular moment-0 weight; no clipping is allowed,False,,,,39x35,97x39x35,228,6.000000000012,128785.4140625,22,https://ws.cadc-ccda.hia-iha.nrc-cnrc.gc.ca/data/pub/WALLABY/WALLABY_J132648-185557_NGC_5044_TR3_mom0.fits,https://ws.cadc-ccda.hia-iha.nrc-cnrc.gc.ca/data/pub/WALLABY/WALLABY_J132648-185557_NGC_5044_TR3_mask.fits,f7194c0f84e1518089525d0b577302fe47e181f87cef5affc78f3e21d6f1bcfc,55829cb99b96a23a59a3bf697d6b6646c36bd86e5b47e7c1db2f2eab4c0587d4,17280,146880
WALLABY J132648-250524,NGC 5044 TR3,NGC5044,22,pass,,False,8,0.7980893156777855,48.000000000096,31x35,55x31x35,118,6.000000000012,72457.6875,13,https://ws.cadc-ccda.hia-iha.nrc-cnrc.gc.ca/data/pub/WALLABY/WALLABY_J132648-250524_NGC_5044_TR3_mom0.fits,https://ws.cadc-ccda.hia-iha.nrc-cnrc.gc.ca/data/pub/WALLABY/WALLABY_J132648-250524_NGC_5044_TR3_mask.fits,ac05e65f7414b448f26c83d341ddeb5a23d3e1b74e45c02331911910ad322d56,17db3122d1ea850da247bacb34792f269d71d000f00c5361f9e573ec8ef50a73,17280,72000
WALLABY J132654-145758,NGC 5044 TR3,NGC5044,6,profile_rejected,negative source annular moment-0 weight; no clipping is allowed,False,,,,38x35,71x38x35,187,6.000000000012,75541.234375,46,https://ws.cadc-ccda.hia-iha.nrc-cnrc.gc.ca/data/pub/WALLABY/WALLABY_J132654-145758_NGC_5044_TR3_mom0.fits,https://ws.cadc-ccda.hia-iha.nrc-cnrc.gc.ca/data/pub/WALLABY/WALLABY_J132654-145758_NGC_5044_TR3_mask.fits,c2069d197f6b5f4c1f76926b9d2a92df9d2b171c4b62c2eaf66f026602bfe5e5,0ebe2b0014769990fad735a809da83f7243a567b572842a48e3776b6b61684de,17280,109440
WALLABY J132655-231825,NGC 5044 TR3,NGC5044,7,profile_rejected,negative source annular moment-0 weight; no clipping is allowed,False,,,,42x42,78x42x42,289,6.000000000012,59082.578125,46,https://ws.cadc-ccda.hia-iha.nrc-cnrc.gc.ca/data/pub/WALLABY/WALLABY_J132655-231825_NGC_5044_TR3_mom0.fits,https://ws.cadc-ccda.hia-iha.nrc-cnrc.gc.ca/data/pub/WALLABY/WALLABY_J132655-231825_NGC_5044_TR3_mask.fits,e3a153074622e83bab7f65f208688d99df6b8102794514088577e630ec072c19,336ad8e0e2fe12195c3ff2840659e1ea328a3c3897fc1d3c1a3291f550fb1a7a,20160,149760
WALLABY J132700-205735,NGC 5044 TR3,NGC5044,18,profile_rejected,negative source annular moment-0 weight; no clipping is allowed,False,,,,40x38,101x40x38,274,6.000000000012,203203.859375,33,https://ws.cadc-ccda.hia-iha.nrc-cnrc.gc.ca/data/pub/WALLABY/WALLABY_J132700-205735_NGC_5044_TR3_mom0.fits,https://ws.cadc-ccda.hia-iha.nrc-cnrc.gc.ca/data/pub/WALLABY/WALLABY_J132700-205735_NGC_5044_TR3_mask.fits,c987ded05a4c5bc6f655c17172d8c480174f8534d19e1717d10aa944dda12580,43e9a2cde9dc7bd48067512fce164e54e7558fb2d4497ef13108642156c49ce0,20160,167040
WALLABY J132709-163509,NGC 5044 TR3,NGC5044,12,pass,,False,16,0.9185579053084992,96.000000000192,39x43,64x39x43,286,6.000000000012,40845.7265625,21,https://ws.cadc-ccda.hia-iha.nrc-cnrc.gc.ca/data/pub/WALLABY/WALLABY_J132709-163509_NGC_5044_TR3_mom0.fits,https://ws.cadc-ccda.hia-iha.nrc-cnrc.gc.ca/data/pub/WALLABY/WALLABY_J132709-163509_NGC_5044_TR3_mask.fits,8fd46115ec3c444c411e765ab6d1f5749a9ec1f9b73b8a887553b03b72ae282b,71e25b56ea908503b86702e5982793a85bc2f5b96d0f7691de565ab2f3d8dd58,20160,123840
WALLABY J132713-202729,NGC 5044 TR3,NGC5044,4,pass,,False,15,0.5278792662492077,90.00000000018001,42x38,108x42x38,284,6.000000000012,188437.84375,39,https://ws.cadc-ccda.hia-iha.nrc-cnrc.gc.ca/data/pub/WALLABY/WALLABY_J132713-202729_NGC_5044_TR3_mom0.fits,https://ws.cadc-ccda.hia-iha.nrc-cnrc.gc.ca/data/pub/WALLABY/WALLABY_J132713-202729_NGC_5044_TR3_mask.fits,583335cbb24605e254c4a4b29b6200d9fbfd7c1761b7ea8a698bb9cb2894c81d,e471734f543543ebdfd6ad9b19302b77aff1300b5cf6ca4f7b59b4557b023877,20160,184320
WALLABY J132726-173924,NGC 5044 TR3,NGC5044,18,profile_rejected,negative source annular moment-0 weight; no clipping is allowed,False,,,,33x34,57x33x34,130,6.000000000012,47387.421875,12,https://ws.cadc-ccda.hia-iha.nrc-cnrc.gc.ca/data/pub/WALLABY/WALLABY_J132726-173924_NGC_5044_TR3_mom0.fits,https://ws.cadc-ccda.hia-iha.nrc-cnrc.gc.ca/data/pub/WALLABY/WALLABY_J132726-173924_NGC_5044_TR3_mask.fits,59a0e21de3bc4b62a37d5b04f781314f2e8bf34d030da5bb9a3ec3481bd7ba3a,8d2eb623b2701662c782e22f891d4370310892cab6d7e2718ea0b3032fa7ceda,17280,80640
WALLABY J132729-163924,NGC 5044 TR3,NGC5044,23,profile_rejected,negative source annular moment-0 weight; no clipping is allowed,False,,,,43x37,70x43x37,281,6.000000000012,86232.171875,46,https://ws.cadc-ccda.hia-iha.nrc-cnrc.gc.ca/data/pub/WALLABY/WALLABY_J132729-163924_NGC_5044_TR3_mom0.fits,https://ws.cadc-ccda.hia-iha.nrc-cnrc.gc.ca/data/pub/WALLABY/WALLABY_J132729-163924_NGC_5044_TR3_mask.fits,ff6c121b12979ddf8c990c76d6b1f918703a80012c947dc340e413b634d511fc,ed20dc65abd3522e901b357b3b410a49ba22d343c1e6afd85b0a2baa84d5b264,20160,126720
WALLABY J132729-244239,NGC 5044 TR3,NGC5044,8,profile_rejected,negative source annular moment-0 weight; no clipping is allowed,False,,,,33x33,78x33x33,135,6.000000000012,57113.34765625,30,https://ws.cadc-ccda.hia-iha.nrc-cnrc.gc.ca/data/pub/WALLABY/WALLABY_J132729-244239_NGC_5044_TR3_mom0.fits,https://ws.cadc-ccda.hia-iha.nrc-cnrc.gc.ca/data/pub/WALLABY/WALLABY_J132729-244239_NGC_5044_TR3_mask.fits,c71e959f2761248116011d3ee7c157df2a89b18cbc9ae28ec7b3bc55ee8d1831,5cf4bd1b8ef302cf437f3fd338e2d07a679c3bb3307a2480b9e36b4a892467f8,17280,97920
WALLABY J132732-142623,NGC 5044 TR3,NGC5044,5,pass,,False,16,0.6114011712399815,96.000000000192,43x37,83x43x37,256,6.000000000012,113020.296875,14,https://ws.cadc-ccda.hia-iha.nrc-cnrc.gc.ca/data/pub/WALLABY/WALLABY_J132732-142623_NGC_5044_TR3_mom0.fits,https://ws.cadc-ccda.hia-iha.nrc-cnrc.gc.ca/data/pub/WALLABY/WALLABY_J132732-142623_NGC_5044_TR3_mask.fits,67db56754d73de278912df155ee6f8a3e697fa9a43e4c44d0783bf4dd340a31f,47ce76f08e8e9e6271a4e59ffa2e5c8f600e0dec3a512bd16cc07606ed5cb649,20160,144000
WALLABY J132741-234601,NGC 5044 TR3,NGC5044,11,profile_rejected,negative source annular moment-0 weight; no clipping is allowed,False,,,,42x44,65x42x44,386,6.000000000012,133192.921875,69,https://ws.cadc-ccda.hia-iha.nrc-cnrc.gc.ca/data/pub/WALLABY/WALLABY_J132741-234601_NGC_5044_TR3_mom0.fits,https://ws.cadc-ccda.hia-iha.nrc-cnrc.gc.ca/data/pub/WALLABY/WALLABY_J132741-234601_NGC_5044_TR3_mask.fits,c7ceb324490ad2a6a9da87c612d1d6303cd09a9f1b870ace1542f0179e0dc24c,6047cae2b19be172883001618ea1eaaf3ff0f48290753a5dbe67ffda61392e2e,20160,132480
WALLABY J132746-161514,NGC 5044 TR3,NGC5044,3,pass,,False,32,0.2833847621234936,192.000000000384,48x37,65x48x37,327,6.000000000012,78704.5625,49,https://ws.cadc-ccda.hia-iha.nrc-cnrc.gc.ca/data/pub/WALLABY/WALLABY_J132746-161514_NGC_5044_TR3_mom0.fits,https://ws.cadc-ccda.hia-iha.nrc-cnrc.gc.ca/data/pub/WALLABY/WALLABY_J132746-161514_NGC_5044_TR3_mask.fits,3a7d9344459befe73a5a5067807bf2b4e1c2cd1ae81e3d9ecb45c7a9a711a12a,896c9288f63903be393896dc8386781b6f1470c99dbfcfec5b51b944a30dcdd2,20160,132480
WALLABY J132747-155109,NGC 5044 TR3,NGC5044,23,pass,,False,9,0.9053705880652223,54.000000000108,34x36,48x34x36,163,6.000000000012,37586.015625,15,https://ws.cadc-ccda.hia-iha.nrc-cnrc.gc.ca/data/pub/WALLABY/WALLABY_J132747-155109_NGC_5044_TR3_mom0.fits,https://ws.cadc-ccda.hia-iha.nrc-cnrc.gc.ca/data/pub/WALLABY/WALLABY_J132747-155109_NGC_5044_TR3_mask.fits,9672b77a00fa9b6fc54b5e045ed9104737835cf8f028f19f16ab74e2d5b96337,75bba70acd2c43ed409e0bb53de4b4cf9d0f5244fd750b4a9c022705803a52a7,17280,74880
WALLABY J132749-180135,NGC 5044 TR3,NGC5044,12,pass,,False,10,0.7564614403878239,60.000000000120004,38x33,54x38x33,155,6.000000000012,40043.171875,20,https://ws.cadc-ccda.hia-iha.nrc-cnrc.gc.ca/data/pub/WALLABY/WALLABY_J132749-180135_NGC_5044_TR3_mom0.fits,https://ws.cadc-ccda.hia-iha.nrc-cnrc.gc.ca/data/pub/WALLABY/WALLABY_J132749-180135_NGC_5044_TR3_mask.fits,e986ad4e9a0c4e3219a82cd8857bd07073d9664cbdaa26e2b59bf8651f2b106e,d50e0a2895e24bfed4041b9620a082c0c7efb6bdd2319bead5aa69481e365363,17280,83520
WALLABY J132749-240921,NGC 5044 TR3,NGC5044,6,pass,,False,8,0.769891538296483,48.000000000096,32x35,62x32x35,137,6.000000000012,64129.328125,16,https://ws.cadc-ccda.hia-iha.nrc-cnrc.gc.ca/data/pub/WALLABY/WALLABY_J132749-240921_NGC_5044_TR3_mom0.fits,https://ws.cadc-ccda.hia-iha.nrc-cnrc.gc.ca/data/pub/WALLABY/WALLABY_J132749-240921_NGC_5044_TR3_mask.fits,35b65b7523f40fe08a72781742e0d6fc4ddce9bbd8aac4d9ee0326d05d73f337,086ec96ff9797943aaf6c6749cbc6449b7f5ed04becaed52fc7fcf4d827f9391,17280,83520
WALLABY J132751-240335,NGC 5044 TR3,NGC5044,10,pass,,False,12,0.8109347392393337,72.000000000144,37x36,71x37x36,228,6.000000000012,81714.5546875,14,https://ws.cadc-ccda.hia-iha.nrc-cnrc.gc.ca/data/pub/WALLABY/WALLABY_J132751-240335_NGC_5044_TR3_mom0.fits,https://ws.cadc-ccda.hia-iha.nrc-cnrc.gc.ca/data/pub/WALLABY/WALLABY_J132751-240335_NGC_5044_TR3_mask.fits,9bf30f11b482db52754a0297a02fdca241b36ae1eff05048dfe28c0b346eda59,021def9899aadc2239647120f95dc3fd287c44cf252376051ee2cd7aeb63ff29,17280,106560
WALLABY J132754-155850,NGC 5044 TR3,NGC5044,17,profile_rejected,negative source annular moment-0 weight; no clipping is allowed,False,,,,36x36,85x36x36,182,6.000000000012,56474.234375,23,https://ws.cadc-ccda.hia-iha.nrc-cnrc.gc.ca/data/pub/WALLABY/WALLABY_J132754-155850_NGC_5044_TR3_mom0.fits,https://ws.cadc-ccda.hia-iha.nrc-cnrc.gc.ca/data/pub/WALLABY/WALLABY_J132754-155850_NGC_5044_TR3_mask.fits,4a0419b88c36593a06f7af14c3149cab6fcb3bf35c714f9693659dc219ae7859,8a6b5d43babd486336bcb0bb9024cc58c2e619d3e72f8c012a9c152c7ac6cd9b,17280,126720
WALLABY J132759-152532,NGC 5044 TR3,NGC5044,11,pass,,False,9,0.6393856392136227,54.000000000108,32x31,107x32x31,92,6.000000000012,39553.31640625,10,https://ws.cadc-ccda.hia-iha.nrc-cnrc.gc.ca/data/pub/WALLABY/WALLABY_J132759-152532_NGC_5044_TR3_mom0.fits,https://ws.cadc-ccda.hia-iha.nrc-cnrc.gc.ca/data/pub/WALLABY/WALLABY_J132759-152532_NGC_5044_TR3_mask.fits,893f05145831ccc8491ddb3023c2dcd88d626943e3688ac045ea3ef4c498a88e,6da1d6b080358b8e1bd1befea27a63827c6e381c24ba5df0afa91aa9d7ce027c,17280,120960
WALLABY J132803-152028,NGC 5044 TR3,NGC5044,3,pass,,False,10,0.8002694364795006,60.000000000120004,35x34,86x35x34,159,6.000000000012,62973.37890625,25,https://ws.cadc-ccda.hia-iha.nrc-cnrc.gc.ca/data/pub/WALLABY/WALLABY_J132803-152028_NGC_5044_TR3_mom0.fits,https://ws.cadc-ccda.hia-iha.nrc-cnrc.gc.ca/data/pub/WALLABY/WALLABY_J132803-152028_NGC_5044_TR3_mask.fits,74bf4e9cd40d2c33cb0586d46e64a047f1f9802b7976c55400698f74bd388956,f96768737699612f45c010a15609195696861976eb677ecfa76a6f892fc00599,17280,118080
WALLABY J132804-234953,NGC 5044 TR3,NGC5044,7,profile_rejected,negative source annular moment-0 weight; no clipping is allowed,False,,,,31x35,50x31x35,133,6.000000000012,33597.640625,8,https://ws.cadc-ccda.hia-iha.nrc-cnrc.gc.ca/data/pub/WALLABY/WALLABY_J132804-234953_NGC_5044_TR3_mom0.fits,https://ws.cadc-ccda.hia-iha.nrc-cnrc.gc.ca/data/pub/WALLABY/WALLABY_J132804-234953_NGC_5044_TR3_mask.fits,e5821fbb203ead6ed2ec11723db94d237d159130ed7d057e04e5e88c88034615,60906cb01d71aa63663cd3a062714b16ec160fb3e6bb88bc7dd621c53eb49e1c,17280,66240
WALLABY J132805-150633,NGC 5044 TR3,NGC5044,5,pass,,False,8,0.7612987654956657,48.000000000096,32x33,83x32x33,118,6.000000000012,39970.5625,21,https://ws.cadc-ccda.hia-iha.nrc-cnrc.gc.ca/data/pub/WALLABY/WALLABY_J132805-150633_NGC_5044_TR3_mom0.fits,https://ws.cadc-ccda.hia-iha.nrc-cnrc.gc.ca/data/pub/WALLABY/WALLABY_J132805-150633_NGC_5044_TR3_mask.fits,2d426bfcf9382ae18dfed06b6ff647be6416856ff9709eb9565ef30b3e92a579,7c7744dcb71a95fc5f2e3446a2a018743d3981414e504091ec0b39d3668f5476,17280,103680
WALLABY J132807-162439,NGC 5044 TR3,NGC5044,0,pass,,False,9,0.9046258170822468,54.000000000108,34x36,58x34x36,182,6.000000000012,48869.6875,16,https://ws.cadc-ccda.hia-iha.nrc-cnrc.gc.ca/data/pub/WALLABY/WALLABY_J132807-162439_NGC_5044_TR3_mom0.fits,https://ws.cadc-ccda.hia-iha.nrc-cnrc.gc.ca/data/pub/WALLABY/WALLABY_J132807-162439_NGC_5044_TR3_mask.fits,bae897d80f069fa5207547b0564b685641dcd2c22460d3d7210855d2f3c5f055,6ac6239db8cb7bc0c58d7e49ce28e8387dc50522855f2b3670d4503c21de8702,17280,86400
WALLABY J132807-200957,NGC 5044 TR3,NGC5044,14,profile_rejected,source radial support contains fewer than 8 pixel-scale annuli,False,,,,31x30,54x31x30,90,6.000000000012,53710.8046875,11,https://ws.cadc-ccda.hia-iha.nrc-cnrc.gc.ca/data/pub/WALLABY/WALLABY_J132807-200957_NGC_5044_TR3_mom0.fits,https://ws.cadc-ccda.hia-iha.nrc-cnrc.gc.ca/data/pub/WALLABY/WALLABY_J132807-200957_NGC_5044_TR3_mask.fits,8fc6f2c2fc71640a939ab65cf87e5252645ad824e3f7c200d0f075963adfb68e,5f03e48e2830a249acde918ee3b6bbf1bce54721025be7100af063a4b52374f7,17280,66240
WALLABY J132807-243847,NGC 5044 TR3,NGC5044,20,profile_rejected,negative source annular moment-0 weight; no clipping is allowed,False,,,,40x44,78x40x44,350,6.000000000012,192881.65625,64,https://ws.cadc-ccda.hia-iha.nrc-cnrc.gc.ca/data/pub/WALLABY/WALLABY_J132807-243847_NGC_5044_TR3_mom0.fits,https://ws.cadc-ccda.hia-iha.nrc-cnrc.gc.ca/data/pub/WALLABY/WALLABY_J132807-243847_NGC_5044_TR3_mask.fits,8307f56d2c19f432c26bb26d6abe0512b4c0b7bf58afcff081bee73a215ada02,a35b0bbcbc25cdd7d958beb3ac1414f82f60bf36b3a987cdb63c1f91866cbfde,20160,149760
WALLABY J132810-151352,NGC 5044 TR3,NGC5044,21,profile_rejected,negative source annular moment-0 weight; no clipping is allowed,False,,,,32x34,55x32x34,129,6.000000000012,19468.578125,19,https://ws.cadc-ccda.hia-iha.nrc-cnrc.gc.ca/data/pub/WALLABY/WALLABY_J132810-151352_NGC_5044_TR3_mom0.fits,https://ws.cadc-ccda.hia-iha.nrc-cnrc.gc.ca/data/pub/WALLABY/WALLABY_J132810-151352_NGC_5044_TR3_mask.fits,c198c0acc228e803bacd35b5a221b7153221214ecb0cee3d4aee3d05748b3463,0737023fa1500ba4c2345df51b809116269211cc4bbcc37268cbfb0a5a58cb67,17280,74880
WALLABY J132811-240540,NGC 5044 TR3,NGC5044,9,pass,,False,13,0.9033880846684936,78.000000000156,41x41,95x41x41,307,6.000000000012,187786.21875,54,https://ws.cadc-ccda.hia-iha.nrc-cnrc.gc.ca/data/pub/WALLABY/WALLABY_J132811-240540_NGC_5044_TR3_mom0.fits,https://ws.cadc-ccda.hia-iha.nrc-cnrc.gc.ca/data/pub/WALLABY/WALLABY_J132811-240540_NGC_5044_TR3_mask.fits,775cdec0df863817084c5812a1ac06827050dac15ed4cf2e7fe5a11303abd829,cacdda79c782e16d952b3b384f7728e53851a0f870601cd748cca61f29ac54fa,20160,172800
WALLABY J132812-245827,NGC 5044 TR3,NGC5044,22,pass,,False,19,0.6209304859824232,114.000000000228,43x40,75x43x40,329,6.000000000012,151043.6875,65,https://ws.cadc-ccda.hia-iha.nrc-cnrc.gc.ca/data/pub/WALLABY/WALLABY_J132812-245827_NGC_5044_TR3_mom0.fits,https://ws.cadc-ccda.hia-iha.nrc-cnrc.gc.ca/data/pub/WALLABY/WALLABY_J132812-245827_NGC_5044_TR3_mask.fits,24115a15bc8b488c1ff1a4ca0fb033dea1ce1f94117159deb29671c400846220,2751e500c9b922fbd5a2872794fa41d889c387973bf9f10e4ed917874dfb1d66,20160,141120
WALLABY J132814-165706,NGC 5044 TR3,NGC5044,6,profile_rejected,negative source annular moment-0 weight; no clipping is allowed,False,,,,36x38,54x36x38,211,6.000000000012,34268.07421875,48,https://ws.cadc-ccda.hia-iha.nrc-cnrc.gc.ca/data/pub/WALLABY/WALLABY_J132814-165706_NGC_5044_TR3_mom0.fits,https://ws.cadc-ccda.hia-iha.nrc-cnrc.gc.ca/data/pub/WALLABY/WALLABY_J132814-165706_NGC_5044_TR3_mask.fits,423dc70a91d7b58218314c7a25421ae245d892bfee814463e8b1fc09907c8481,b1c5d40d0f78e5b4c3759cf47db9663f9978bdb3bdd735b6b8ed8ab5a411021e,17280,89280
WALLABY J132814-212253,NGC 5044 TR3,NGC5044,22,pass,,False,13,0.917384050168207,78.000000000156,42x41,68x42x41,328,6.000000000012,188438.75,55,https://ws.cadc-ccda.hia-iha.nrc-cnrc.gc.ca/data/pub/WALLABY/WALLABY_J132814-212253_NGC_5044_TR3_mom0.fits,https://ws.cadc-ccda.hia-iha.nrc-cnrc.gc.ca/data/pub/WALLABY/WALLABY_J132814-212253_NGC_5044_TR3_mask.fits,6cca28ffd2032f3cd34768435ffd56d8d63371f168ffe99afda2b50f524140c2,196c302c7acd6360fbc32a40fa943cc4f791dc623893ac2525708777215a9aa9,20160,129600
WALLABY J132821-193108,NGC 5044 TR3,NGC5044,9,pass,,False,17,0.6885832601979802,102.000000000204,39x41,100x39x41,301,6.000000000012,144740.09375,59,https://ws.cadc-ccda.hia-iha.nrc-cnrc.gc.ca/data/pub/WALLABY/WALLABY_J132821-193108_NGC_5044_TR3_mom0.fits,https://ws.cadc-ccda.hia-iha.nrc-cnrc.gc.ca/data/pub/WALLABY/WALLABY_J132821-193108_NGC_5044_TR3_mask.fits,a7b636173815e57431d6090060d236c59011d34c15e23385e1121852a6648842,cb840dd636925394081e1da17537d8282c05d69d82cef21df2d6768a9f636662,20160,175680
WALLABY J132825-253528,NGC 5044 TR3,NGC5044,10,pass,,False,8,0.8390578572254724,48.000000000096,33x32,50x33x32,134,6.000000000012,130422.0625,7,https://ws.cadc-ccda.hia-iha.nrc-cnrc.gc.ca/data/pub/WALLABY/WALLABY_J132825-253528_NGC_5044_TR3_mom0.fits,https://ws.cadc-ccda.hia-iha.nrc-cnrc.gc.ca/data/pub/WALLABY/WALLABY_J132825-253528_NGC_5044_TR3_mask.fits,92a8e55ab0890609a8ac4d386cbce3ffacb2c002e28b9e520904e7bb331f0446,508b744779531e32ac952522d3ed848d25c807dd4065660789a0fa3cf1395925,17280,66240
WALLABY J132826-182936,NGC 5044 TR3,NGC5044,13,profile_rejected,negative source annular moment-0 weight; no clipping is allowed,False,,,,38x38,70x38x38,237,6.000000000012,83379.6171875,49,https://ws.cadc-ccda.hia-iha.nrc-cnrc.gc.ca/data/pub/WALLABY/WALLABY_J132826-182936_NGC_5044_TR3_mom0.fits,https://ws.cadc-ccda.hia-iha.nrc-cnrc.gc.ca/data/pub/WALLABY/WALLABY_J132826-182936_NGC_5044_TR3_mask.fits,c63562881971b6817ea6e13f6667f14e4a49d9699fe02f7494908ecdadfe85a9,e7514daa573811a63bfedbb61f78e1ea629690eaaed04356d91ab242dc0a1f83,20160,118080
WALLABY J132831-171324,NGC 5044 TR3,NGC5044,4,profile_rejected,source radial support contains fewer than 8 pixel-scale annuli,False,,,,30x31,43x30x31,90,6.000000000012,24505.26171875,0,https://ws.cadc-ccda.hia-iha.nrc-cnrc.gc.ca/data/pub/WALLABY/WALLABY_J132831-171324_NGC_5044_TR3_mom0.fits,https://ws.cadc-ccda.hia-iha.nrc-cnrc.gc.ca/data/pub/WALLABY/WALLABY_J132831-171324_NGC_5044_TR3_mask.fits,5caa7b873819cb70b4231e20b27700fd1a19c491da4bba8a90898f87858188f5,35d587fddf75ed4403160cb0234d7e78ee1efe8a339308fa64dfade0bb6f8f48,17280,54720
WALLABY J132844-210150,NGC 5044 TR3,NGC5044,1,profile_rejected,negative source annular moment-0 weight; no clipping is allowed,False,,,,37x37,78x37x37,230,6.000000000012,121911.25,34,https://ws.cadc-ccda.hia-iha.nrc-cnrc.gc.ca/data/pub/WALLABY/WALLABY_J132844-210150_NGC_5044_TR3_mom0.fits,https://ws.cadc-ccda.hia-iha.nrc-cnrc.gc.ca/data/pub/WALLABY/WALLABY_J132844-210150_NGC_5044_TR3_mask.fits,0e91886f5386e6a82edd160c0038c33054ae51c1d576f34ac689859811763a18,2fe14bc3016dfb7ee2df05cd4bf5df736d7177e0bef0732fac160b44823c0896,17280,120960
WALLABY J132846-155832,NGC 5044 TR3,NGC5044,9,profile_rejected,negative source annular moment-0 weight; no clipping is allowed,False,,,,36x38,61x36x38,195,6.000000000012,35138.84765625,41,https://ws.cadc-ccda.hia-iha.nrc-cnrc.gc.ca/data/pub/WALLABY/WALLABY_J132846-155832_NGC_5044_TR3_mom0.fits,https://ws.cadc-ccda.hia-iha.nrc-cnrc.gc.ca/data/pub/WALLABY/WALLABY_J132846-155832_NGC_5044_TR3_mask.fits,ecf7fe02068a019fbd29d38e4b11a62bbb7fc2c48d8c3939de3bdfcea596b274,ab9c2f7a35c260fc2d9aad72442ac68e03f16f89b1c8dbb757079f0590f35382,17280,97920
WALLABY J132848-143813,NGC 5044 TR3,NGC5044,18,profile_rejected,source radial support contains fewer than 8 pixel-scale annuli,False,,,,30x32,51x30x32,93,6.000000000012,23318.98828125,5,https://ws.cadc-ccda.hia-iha.nrc-cnrc.gc.ca/data/pub/WALLABY/WALLABY_J132848-143813_NGC_5044_TR3_mom0.fits,https://ws.cadc-ccda.hia-iha.nrc-cnrc.gc.ca/data/pub/WALLABY/WALLABY_J132848-143813_NGC_5044_TR3_mask.fits,baedfa8a6dfad032816ef3aee6912e781f533c2e273c346b8f0c6e96dc748628,5cffb9f6154dedca5f26993f31ed86dd0c573043cb20e47558a31cff79de1d8a,17280,63360
WALLABY J132850-144019,NGC 5044 TR3,NGC5044,15,profile_rejected,negative source annular moment-0 weight; no clipping is allowed,False,,,,36x30,108x36x30,127,6.000000000012,69838.25,16,https://ws.cadc-ccda.hia-iha.nrc-cnrc.gc.ca/data/pub/WALLABY/WALLABY_J132850-144019_NGC_5044_TR3_mom0.fits,https://ws.cadc-ccda.hia-iha.nrc-cnrc.gc.ca/data/pub/WALLABY/WALLABY_J132850-144019_NGC_5044_TR3_mask.fits,b4b72f91ae55c593beca27d17c3c25d836ae22671c91c6f058b888fd73232a07,fbfc087201594afaf73a2c0a70b9b341e60e6e145862151b25d4db6987734e18,17280,132480
WALLABY J132856-235000,NGC 5044 TR3,NGC5044,13,profile_rejected,negative source annular moment-0 weight; no clipping is allowed,False,,,,34x32,56x34x32,116,6.000000000012,34822.93359375,24,https://ws.cadc-ccda.hia-iha.nrc-cnrc.gc.ca/data/pub/WALLABY/WALLABY_J132856-235000_NGC_5044_TR3_mom0.fits,https://ws.cadc-ccda.hia-iha.nrc-cnrc.gc.ca/data/pub/WALLABY/WALLABY_J132856-235000_NGC_5044_TR3_mask.fits,62069c142b6769c4da9bafe0b543e71df2eb2db197f5d30b9b299c0149ff5663,212c28bdfc4ab8fcc01276417d4d956499beef143bb1475c5a871521726a5898,17280,74880
WALLABY J132857-242427,NGC 5044 TR3,NGC5044,4,profile_rejected,negative source annular moment-0 weight; no clipping is allowed,False,,,,36x37,67x36x37,190,6.000000000012,67613.9140625,14,https://ws.cadc-ccda.hia-iha.nrc-cnrc.gc.ca/data/pub/WALLABY/WALLABY_J132857-242427_NGC_5044_TR3_mom0.fits,https://ws.cadc-ccda.hia-iha.nrc-cnrc.gc.ca/data/pub/WALLABY/WALLABY_J132857-242427_NGC_5044_TR3_mask.fits,848516b85fe3758111cad0c41055cef2a032ecba73386c2a4cec86563c843580,b3dc918d0aa6cacd10d58371af0a5ebd1e326cf9ffcb4bcaf7a43578cfa07357,17280,100800
WALLABY J132859-234535,NGC 5044 TR3,NGC5044,21,pass,,False,17,0.4685080598534462,102.000000000204,40x37,83x40x37,147,6.000000000012,38445.14453125,25,https://ws.cadc-ccda.hia-iha.nrc-cnrc.gc.ca/data/pub/WALLABY/WALLABY_J132859-234535_NGC_5044_TR3_mom0.fits,https://ws.cadc-ccda.hia-iha.nrc-cnrc.gc.ca/data/pub/WALLABY/WALLABY_J132859-234535_NGC_5044_TR3_mask.fits,b65d41af052d52d3d9ea8d1a01a5272765bc0df1144070535c4aeafcd8effe5a,981e3d853470d48087075d877b9531b194bbfab90c89c00ab5665144a5727829,20160,135360
WALLABY J132903-163458,NGC 5044 TR3,NGC5044,15,profile_rejected,negative source annular moment-0 weight; no clipping is allowed,False,,,,39x41,133x39x41,252,6.000000000012,116082.453125,29,https://ws.cadc-ccda.hia-iha.nrc-cnrc.gc.ca/data/pub/WALLABY/WALLABY_J132903-163458_NGC_5044_TR3_mom0.fits,https://ws.cadc-ccda.hia-iha.nrc-cnrc.gc.ca/data/pub/WALLABY/WALLABY_J132903-163458_NGC_5044_TR3_mask.fits,16b906c7a18f67566dbab85da84acce6bfe467a6ef0992706358674216c3f09d,838677b418eab5c50ed6e6aa336681c25ff3c19130a7daa8c0433adac726bd8a,20160,227520
WALLABY J132905-205629,NGC 5044 TR3,NGC5044,17,profile_rejected,negative source annular moment-0 weight; no clipping is allowed,False,,,,46x46,95x46x46,432,6.000000000012,304634.78125,112,https://ws.cadc-ccda.hia-iha.nrc-cnrc.gc.ca/data/pub/WALLABY/WALLABY_J132905-205629_NGC_5044_TR3_mom0.fits,https://ws.cadc-ccda.hia-iha.nrc-cnrc.gc.ca/data/pub/WALLABY/WALLABY_J132905-205629_NGC_5044_TR3_mask.fits,2d090608f9a14d3aa35ce1ab3ecb056417665c4a426b3e47572f74f6ed22b825,e7ae77abaae134ef09847180e255fd146ec764393793e5c96e6c8a3c609ae779,20160,213120
WALLABY J132906-151215,NGC 5044 TR3,NGC5044,4,pass,,False,11,0.6466253527441652,66.000000000132,34x39,60x34x39,183,6.000000000012,33901.87890625,11,https://ws.cadc-ccda.hia-iha.nrc-cnrc.gc.ca/data/pub/WALLABY/WALLABY_J132906-151215_NGC_5044_TR3_mom0.fits,https://ws.cadc-ccda.hia-iha.nrc-cnrc.gc.ca/data/pub/WALLABY/WALLABY_J132906-151215_NGC_5044_TR3_mask.fits,c2b323193d68d8f1742bf3fe0d58254227e8e5bf8a7c3e2e691d2f35c61af978,9d0e703e0283a71faad00925a70e75f98be0b6524d77bb0d4f2784ecca78aa55,17280,95040
WALLABY J132908-171617,NGC 5044 TR3,NGC5044,13,profile_rejected,negative source annular moment-0 weight; no clipping is allowed,False,,,,46x43,65x46x43,362,6.000000000012,128265.4609375,60,https://ws.cadc-ccda.hia-iha.nrc-cnrc.gc.ca/data/pub/WALLABY/WALLABY_J132908-171617_NGC_5044_TR3_mom0.fits,https://ws.cadc-ccda.hia-iha.nrc-cnrc.gc.ca/data/pub/WALLABY/WALLABY_J132908-171617_NGC_5044_TR3_mask.fits,628ad1b485fad75c5a0ec7455a58eddae176c57c7432985103350f7308fb489a,587fe35505a38cb788509b3eed6a9b2846af424ca4fa1be9690962aba18917ce,20160,144000
WALLABY J132911-224640,NGC 5044 TR3,NGC5044,10,pass,,False,17,0.869508008253477,102.000000000204,47x42,93x47x42,372,6.000000000012,151380.890625,44,https://ws.cadc-ccda.hia-iha.nrc-cnrc.gc.ca/data/pub/WALLABY/WALLABY_J132911-224640_NGC_5044_TR3_mom0.fits,https://ws.cadc-ccda.hia-iha.nrc-cnrc.gc.ca/data/pub/WALLABY/WALLABY_J132911-224640_NGC_5044_TR3_mask.fits,43aa15ebfaaf063c9621900553276322b7c71abc2ff7ce380f029cdf8c1bd0e0,fa3f983aaeedc76787794a159fcd98fa422d713ece97fcfd00ac0cf48e09cc15,20160,195840
WALLABY J132919-162832,NGC 5044 TR3,NGC5044,4,pass,,False,10,0.9122570899817696,60.000000000120004,37x37,58x37x37,236,6.000000000012,71345.421875,22,https://ws.cadc-ccda.hia-iha.nrc-cnrc.gc.ca/data/pub/WALLABY/WALLABY_J132919-162832_NGC_5044_TR3_mom0.fits,https://ws.cadc-ccda.hia-iha.nrc-cnrc.gc.ca/data/pub/WALLABY/WALLABY_J132919-162832_NGC_5044_TR3_mask.fits,fb284f254f876f82c6492ac8adfda43bb334496e4aa0f70b4a35097a9892ab0b,21aa64a37bf8a17b09d3b98ddcfd799364ce406b8703a236d539410352a92142,17280,95040
WALLABY J132920-211042,NGC 5044 TR3,NGC5044,23,profile_rejected,negative source annular moment-0 weight; no clipping is allowed,False,,,,37x49,58x37x49,333,6.000000000012,101253.40625,60,https://ws.cadc-ccda.hia-iha.nrc-cnrc.gc.ca/data/pub/WALLABY/WALLABY_J132920-211042_NGC_5044_TR3_mom0.fits,https://ws.cadc-ccda.hia-iha.nrc-cnrc.gc.ca/data/pub/WALLABY/WALLABY_J132920-211042_NGC_5044_TR3_mask.fits,f42517098930ef59933c315b297bc8bde8a113a027cbce6145779e6b32343e71,4580b5bc42d4eb04388845772b34eac4f8869b4973b8452c8470908d5978d7cd,20160,118080
WALLABY J132922-221123,NGC 5044 TR3,NGC5044,19,profile_rejected,negative source annular moment-0 weight; no clipping is allowed,False,,,,46x47,103x46x47,400,6.000000000012,305008.3125,120,https://ws.cadc-ccda.hia-iha.nrc-cnrc.gc.ca/data/pub/WALLABY/WALLABY_J132922-221123_NGC_5044_TR3_mom0.fits,https://ws.cadc-ccda.hia-iha.nrc-cnrc.gc.ca/data/pub/WALLABY/WALLABY_J132922-221123_NGC_5044_TR3_mask.fits,46142bbe74ffb14fe917ede1e9ad4ed1a75cedad4db0ddff25e403ea3e49d14f,6ac61933a1072723fb988d7328608c6f2afdc26520bb786b0aa9c3f11fea891e,23040,236160
WALLABY J132926-210008,NGC 5044 TR3,NGC5044,11,profile_rejected,negative source annular moment-0 weight; no clipping is allowed,False,,,,41x39,66x41x39,295,6.000000000012,117282.15625,50,https://ws.cadc-ccda.hia-iha.nrc-cnrc.gc.ca/data/pub/WALLABY/WALLABY_J132926-210008_NGC_5044_TR3_mom0.fits,https://ws.cadc-ccda.hia-iha.nrc-cnrc.gc.ca/data/pub/WALLABY/WALLABY_J132926-210008_NGC_5044_TR3_mask.fits,5fa8e985900f764d82428cc6a0a56ab577c9d656692de96e39fd251ae73b9b67,a0c158cbe4fac475146b4274468536e1e86123b501a06ebb72cf600f96b4ca02,20160,118080
WALLABY J132929-235535,NGC 5044 TR3,NGC5044,15,profile_rejected,negative source annular moment-0 weight; no clipping is allowed,False,,,,36x40,76x36x40,237,6.000000000012,97180.0,28,https://ws.cadc-ccda.hia-iha.nrc-cnrc.gc.ca/data/pub/WALLABY/WALLABY_J132929-235535_NGC_5044_TR3_mom0.fits,https://ws.cadc-ccda.hia-iha.nrc-cnrc.gc.ca/data/pub/WALLABY/WALLABY_J132929-235535_NGC_5044_TR3_mask.fits,4e0071e8a06ffb360433bd8752d3c0104b422c870f7ce35eabfa2c28b0552705,a82fb30d9ec6a34fe684a61803889cfe19b37148e2de8d3e210da9954275ac95,17280,120960
WALLABY J132929-251945,NGC 5044 TR3,NGC5044,13,profile_rejected,negative source annular moment-0 weight; no clipping is allowed,False,,,,43x40,162x43x40,290,6.000000000012,246080.90625,28,https://ws.cadc-ccda.hia-iha.nrc-cnrc.gc.ca/data/pub/WALLABY/WALLABY_J132929-251945_NGC_5044_TR3_mom0.fits,https://ws.cadc-ccda.hia-iha.nrc-cnrc.gc.ca/data/pub/WALLABY/WALLABY_J132929-251945_NGC_5044_TR3_mask.fits,ad4b0f5ee186cbcf257d54d7a2422bc9ea215a959161f5892d1b5c3dbb0c05fe,333cfc3bf6cde466adf4ae3ee9b2db31c53639a766b8884c3683e32938f31d27,20160,290880
WALLABY J132930-165046,NGC 5044 TR3,NGC5044,4,profile_rejected,negative source annular moment-0 weight; no clipping is allowed,False,,,,33x35,98x33x35,141,6.000000000012,54064.12109375,27,https://ws.cadc-ccda.hia-iha.nrc-cnrc.gc.ca/data/pub/WALLABY/WALLABY_J132930-165046_NGC_5044_TR3_mom0.fits,https://ws.cadc-ccda.hia-iha.nrc-cnrc.gc.ca/data/pub/WALLABY/WALLABY_J132930-165046_NGC_5044_TR3_mask.fits,66bc0dad44cd985da2766f1f58bc26bbd88eacee81529f2cb293d54e6760b613,7fa32761d5490737d0e2969230a7b34608e6642e391a26aa6b147df7d08e9107,17280,129600
WALLABY J132931-181615,NGC 5044 TR3,NGC5044,23,profile_rejected,negative source annular moment-0 weight; no clipping is allowed,False,,,,35x36,57x35x36,165,6.000000000012,52634.984375,15,https://ws.cadc-ccda.hia-iha.nrc-cnrc.gc.ca/data/pub/WALLABY/WALLABY_J132931-181615_NGC_5044_TR3_mom0.fits,https://ws.cadc-ccda.hia-iha.nrc-cnrc.gc.ca/data/pub/WALLABY/WALLABY_J132931-181615_NGC_5044_TR3_mask.fits,e502ad101ae2d9297098da411803aaf66618fb10d74af41afb43216c960cfd8a,193e74eb3e026b0f4c700a45b992664ada36e919ea62cf2bd70b41bc8eb65dd9,17280,86400
WALLABY J132935-153750,NGC 5044 TR3,NGC5044,17,profile_rejected,source radial support contains fewer than 8 pixel-scale annuli,False,,,,30x30,53x30x30,79,6.000000000012,20803.02734375,6,https://ws.cadc-ccda.hia-iha.nrc-cnrc.gc.ca/data/pub/WALLABY/WALLABY_J132935-153750_NGC_5044_TR3_mom0.fits,https://ws.cadc-ccda.hia-iha.nrc-cnrc.gc.ca/data/pub/WALLABY/WALLABY_J132935-153750_NGC_5044_TR3_mask.fits,83f779f0895505a9a0166804c63637a5fa24d9d5e52b1fb7e678c055c212fb2b,2d4fd6f0e20e59f1b4804cb60b592a2f5dae4e677a958283837d5a365cdce763,17280,60480
WALLABY J132937-230656,NGC 5044 TR3,NGC5044,12,profile_rejected,negative source annular moment-0 weight; no clipping is allowed,False,,,,35x36,77x35x36,195,6.000000000012,97479.84375,26,https://ws.cadc-ccda.hia-iha.nrc-cnrc.gc.ca/data/pub/WALLABY/WALLABY_J132937-230656_NGC_5044_TR3_mom0.fits,https://ws.cadc-ccda.hia-iha.nrc-cnrc.gc.ca/data/pub/WALLABY/WALLABY_J132937-230656_NGC_5044_TR3_mask.fits,1b65cbdda889120daaf19be0b41c899b4445c33a6f9a622e21450263dfc0566a,6c96c46d7353aec002789fc002f7bb3e2c9ae947e89f6a4924b2d050261a82fc,17280,109440
WALLABY J132938-154327,NGC 5044 TR3,NGC5044,8,pass,,False,17,0.5174954442356144,102.000000000204,47x37,128x47x37,307,6.000000000012,116880.328125,21,https://ws.cadc-ccda.hia-iha.nrc-cnrc.gc.ca/data/pub/WALLABY/WALLABY_J132938-154327_NGC_5044_TR3_mom0.fits,https://ws.cadc-ccda.hia-iha.nrc-cnrc.gc.ca/data/pub/WALLABY/WALLABY_J132938-154327_NGC_5044_TR3_mask.fits,631d005ade8d5d7dce61548625230574e27cd260df03714023d4dc32d103938d,51b35d214026e47829df2976a72f68a0ae2ed67e1ff7ec263efec26eb37bdfc9,20160,239040
WALLABY J132943-161354,NGC 5044 TR3,NGC5044,2,profile_rejected,negative source annular moment-0 weight; no clipping is allowed,False,,,,33x39,102x33x39,193,6.000000000012,78097.8203125,34,https://ws.cadc-ccda.hia-iha.nrc-cnrc.gc.ca/data/pub/WALLABY/WALLABY_J132943-161354_NGC_5044_TR3_mom0.fits,https://ws.cadc-ccda.hia-iha.nrc-cnrc.gc.ca/data/pub/WALLABY/WALLABY_J132943-161354_NGC_5044_TR3_mask.fits,f3232cee502cf7d982d1024e66c1121fee8366efc2bc69366ca6de2a0a722c71,7491b0a71464ce2aa15f21de1f0ab093b54b5a8f47094ac805af4f4f4c67224c,17280,146880
WALLABY J132947-162327,NGC 5044 TR3,NGC5044,5,profile_rejected,negative source annular moment-0 weight; no clipping is allowed,False,,,,41x35,123x41x35,214,6.000000000012,100611.125,18,https://ws.cadc-ccda.hia-iha.nrc-cnrc.gc.ca/data/pub/WALLABY/WALLABY_J132947-162327_NGC_5044_TR3_mom0.fits,https://ws.cadc-ccda.hia-iha.nrc-cnrc.gc.ca/data/pub/WALLABY/WALLABY_J132947-162327_NGC_5044_TR3_mask.fits,d8b6cbd64f5b813a0e50523a3d8aaad7e33b80d1e2001613ad705f385f146d56,8874ff330f8da1ae3171cbeaffca08f05cd21852bf9343a975314cd4b4fabbd0,17280,192960
WALLABY J132947-170153,NGC 5044 TR3,NGC5044,22,pass,,False,22,0.6956977780234376,132.000000000264,39x49,78x39x49,303,6.000000000012,71569.953125,26,https://ws.cadc-ccda.hia-iha.nrc-cnrc.gc.ca/data/pub/WALLABY/WALLABY_J132947-170153_NGC_5044_TR3_mom0.fits,https://ws.cadc-ccda.hia-iha.nrc-cnrc.gc.ca/data/pub/WALLABY/WALLABY_J132947-170153_NGC_5044_TR3_mask.fits,ef2593f7c0dcf50e42ba20071261c42a1e1270f3c1077295c9e4cf00366629af,127c210ceae9798d04bdbe4477d265acb4cc89f850a548aab50a81229e17b971,20160,164160
WALLABY J132947-175747,NGC 5044 TR3,NGC5044,3,profile_rejected,negative source annular moment-0 weight; no clipping is allowed,False,,,,110x145,184x110x145,5310,6.000000000012,10597248.0,1515,https://ws.cadc-ccda.hia-iha.nrc-cnrc.gc.ca/data/pub/WALLABY/WALLABY_J132947-175747_NGC_5044_TR3_mom0.fits,https://ws.cadc-ccda.hia-iha.nrc-cnrc.gc.ca/data/pub/WALLABY/WALLABY_J132947-175747_NGC_5044_TR3_mask.fits,8541c770fc0f65c82f0602f6173239eefeaee7266e117e69acc59df550738148,2683ed98433579b86834aa780b7fb76c10eb616bdc09d37b3022ff38a76a118b,77760,2952000
WALLABY J132947-234056,NGC 5044 TR3,NGC5044,4,profile_rejected,negative source annular moment-0 weight; no clipping is allowed,False,,,,40x38,96x40x38,263,6.000000000012,131000.96875,69,https://ws.cadc-ccda.hia-iha.nrc-cnrc.gc.ca/data/pub/WALLABY/WALLABY_J132947-234056_NGC_5044_TR3_mom0.fits,https://ws.cadc-ccda.hia-iha.nrc-cnrc.gc.ca/data/pub/WALLABY/WALLABY_J132947-234056_NGC_5044_TR3_mask.fits,e1ababa910fcf8216675a1210de855077316cab95704a5c0291c4167acc29f54,1cb902dadbc413b91be86b6fc463ad629c06bf7975147bf44f662d3c8a38b936,20160,158400
WALLABY J132948-180438,NGC 5044 TR3,NGC5044,18,pass,,False,12,0.7087036053974876,72.000000000144,37x40,68x37x40,258,6.000000000012,72022.6796875,3,https://ws.cadc-ccda.hia-iha.nrc-cnrc.gc.ca/data/pub/WALLABY/WALLABY_J132948-180438_NGC_5044_TR3_mom0.fits,https://ws.cadc-ccda.hia-iha.nrc-cnrc.gc.ca/data/pub/WALLABY/WALLABY_J132948-180438_NGC_5044_TR3_mask.fits,aa3e79a23a27739d57b4d97d10e092f9ca12130c935c956e3b94121d64f13aa3,25d5f463333f61ee71ce1c456e5e953a29df8530a4d70b05a165a1938290b7ff,20160,115200
WALLABY J132949-220314,NGC 5044 TR3,NGC5044,14,profile_rejected,negative source annular moment-0 weight; no clipping is allowed,False,,,,38x35,69x38x35,203,6.000000000012,81308.9375,25,https://ws.cadc-ccda.hia-iha.nrc-cnrc.gc.ca/data/pub/WALLABY/WALLABY_J132949-220314_NGC_5044_TR3_mom0.fits,https://ws.cadc-ccda.hia-iha.nrc-cnrc.gc.ca/data/pub/WALLABY/WALLABY_J132949-220314_NGC_5044_TR3_mask.fits,3789c4b4b1fa764bc9a78b95e229ec68c187a3af308e4c5a2522bbb4ba35f845,2a850e141cee289c437ae847960a06bb906a2c1b804da406b24ef446aff703cd,17280,103680
WALLABY J132957-150800,NGC 5044 TR3,NGC5044,23,profile_rejected,negative source annular moment-0 weight; no clipping is allowed,False,,,,33x38,45x33x38,166,6.000000000012,29094.025390625,7,https://ws.cadc-ccda.hia-iha.nrc-cnrc.gc.ca/data/pub/WALLABY/WALLABY_J132957-150800_NGC_5044_TR3_mom0.fits,https://ws.cadc-ccda.hia-iha.nrc-cnrc.gc.ca/data/pub/WALLABY/WALLABY_J132957-150800_NGC_5044_TR3_mask.fits,68838006df7d4ef85f539505ee756dc95c11c7a691dec7069a05277431fcfe69,bfd067817ab020889414f23ca67b1f794c59cf8b083aeaff9dd9c59c228a8543,17280,69120
WALLABY J132959-235726,NGC 5044 TR3,NGC5044,13,profile_rejected,negative source annular moment-0 weight; no clipping is allowed,False,,,,45x39,92x45x39,273,6.000000000012,162946.78125,44,https://ws.cadc-ccda.hia-iha.nrc-cnrc.gc.ca/data/pub/WALLABY/WALLABY_J132959-235726_NGC_5044_TR3_mom0.fits,https://ws.cadc-ccda.hia-iha.nrc-cnrc.gc.ca/data/pub/WALLABY/WALLABY_J132959-235726_NGC_5044_TR3_mask.fits,17d0ddf169011ef78f3838ae20bceb783652c1aa9b513c69d83fbff4c670d163,d956580746284c60f714ad7f50ca14650775f0b7c37cc47cd11db181e2cfdc55,20160,175680
WALLABY J133004-165534,NGC 5044 TR3,NGC5044,5,profile_rejected,negative source annular moment-0 weight; no clipping is allowed,False,,,,35x32,75x35x32,151,6.000000000012,55185.4765625,14,https://ws.cadc-ccda.hia-iha.nrc-cnrc.gc.ca/data/pub/WALLABY/WALLABY_J133004-165534_NGC_5044_TR3_mom0.fits,https://ws.cadc-ccda.hia-iha.nrc-cnrc.gc.ca/data/pub/WALLABY/WALLABY_J133004-165534_NGC_5044_TR3_mask.fits,0fff01fecf2229150c45af765ed1188f39e65d8602a4923d12d128a144ac29a5,c92b774087943f656730ab92e06dad0247783696539b78a2a4edd2856e8feb74,17280,100800
WALLABY J133004-221319,NGC 5044 TR3,NGC5044,21,profile_rejected,negative source annular moment-0 weight; no clipping is allowed,False,,,,38x37,94x38x37,244,6.000000000012,217666.375,42,https://ws.cadc-ccda.hia-iha.nrc-cnrc.gc.ca/data/pub/WALLABY/WALLABY_J133004-221319_NGC_5044_TR3_mom0.fits,https://ws.cadc-ccda.hia-iha.nrc-cnrc.gc.ca/data/pub/WALLABY/WALLABY_J133004-221319_NGC_5044_TR3_mask.fits,4e6f28d1780ee45a583439dad98d81fbb9a2a8c82d4efd985f4740cee50b5ecf,b1f0ba28d1c965a3ad6cb78cd1af61b5f9619eaf0934afa54d94b066b6fe5e5f,17280,144000
WALLABY J133005-173426,NGC 5044 TR3,NGC5044,23,profile_rejected,negative source annular moment-0 weight; no clipping is allowed,False,,,,34x35,101x34x35,158,6.000000000012,77825.328125,24,https://ws.cadc-ccda.hia-iha.nrc-cnrc.gc.ca/data/pub/WALLABY/WALLABY_J133005-173426_NGC_5044_TR3_mom0.fits,https://ws.cadc-ccda.hia-iha.nrc-cnrc.gc.ca/data/pub/WALLABY/WALLABY_J133005-173426_NGC_5044_TR3_mask.fits,3731d53b9b1fff74def1d6a8837a33e842cc703d86291208df5bbd3bbaa0e06a,f3735c1543ae67494db00937b127b4c40f24537b99fe7d3a195ba586cff8f1dd,17280,135360
WALLABY J133006-205341,NGC 5044 TR3,NGC5044,13,pass,,False,14,0.7178840728409692,84.000000000168,39x37,53x39x37,272,6.000000000012,64367.52734375,17,https://ws.cadc-ccda.hia-iha.nrc-cnrc.gc.ca/data/pub/WALLABY/WALLABY_J133006-205341_NGC_5044_TR3_mom0.fits,https://ws.cadc-ccda.hia-iha.nrc-cnrc.gc.ca/data/pub/WALLABY/WALLABY_J133006-205341_NGC_5044_TR3_mask.fits,ba71d63a309762f19899c8992a5d0d78c37ddee71f407e24f99caff647bfba38,a122921d720ab3c839d1219d86f58c1d4e30c4c3cb41ca0626e8bdc429327a84,20160,89280
WALLABY J133008-203319,NGC 5044 TR3,NGC5044,6,pass,,False,14,0.8358353953152837,84.000000000168,42x40,60x42x40,334,6.000000000012,63182.359375,51,https://ws.cadc-ccda.hia-iha.nrc-cnrc.gc.ca/data/pub/WALLABY/WALLABY_J133008-203319_NGC_5044_TR3_mom0.fits,https://ws.cadc-ccda.hia-iha.nrc-cnrc.gc.ca/data/pub/WALLABY/WALLABY_J133008-203319_NGC_5044_TR3_mask.fits,6b3708efab14f60dfdfa46e21695c89cd641b61f2a30a2accadcd04f4cab5050,d265ffc7d7399f52f7eb474ce8f3b17dcdf717020dbd0441ebec434ede8b9048,20160,112320
WALLABY J133008-221059,NGC 5044 TR3,NGC5044,0,profile_rejected,negative source annular moment-0 weight; no clipping is allowed,False,,,,37x41,84x37x41,268,6.000000000012,155866.28125,37,https://ws.cadc-ccda.hia-iha.nrc-cnrc.gc.ca/data/pub/WALLABY/WALLABY_J133008-221059_NGC_5044_TR3_mom0.fits,https://ws.cadc-ccda.hia-iha.nrc-cnrc.gc.ca/data/pub/WALLABY/WALLABY_J133008-221059_NGC_5044_TR3_mask.fits,a1c76b512cfe17170083791ddeeba59afd76e438dbc4cdecdb2f12201b2afe81,93506d309d4d77ef5952c0240b8077fa070ae8523c9931998848ab1e72c200c0,20160,141120
WALLABY J133010-240841,NGC 5044 TR3,NGC5044,14,profile_rejected,negative source annular moment-0 weight; no clipping is allowed,False,,,,60x65,72x60x65,997,6.000000000012,558768.0,183,https://ws.cadc-ccda.hia-iha.nrc-cnrc.gc.ca/data/pub/WALLABY/WALLABY_J133010-240841_NGC_5044_TR3_mom0.fits,https://ws.cadc-ccda.hia-iha.nrc-cnrc.gc.ca/data/pub/WALLABY/WALLABY_J133010-240841_NGC_5044_TR3_mask.fits,07fdfdd71a9a202e231d6c92fd8ecddde6a5a6725ea07d619d044f73de6d83fc,92a8622f1f66959fa2eec7bc192d59846458bdacaf6c7fb1e4f144fc5b072b99,28800,293760
WALLABY J133011-210731,NGC 5044 TR3,NGC5044,5,pass,,False,14,0.5751448012398352,84.000000000168,34x40,59x34x40,231,6.000000000012,59090.234375,31,https://ws.cadc-ccda.hia-iha.nrc-cnrc.gc.ca/data/pub/WALLABY/WALLABY_J133011-210731_NGC_5044_TR3_mom0.fits,https://ws.cadc-ccda.hia-iha.nrc-cnrc.gc.ca/data/pub/WALLABY/WALLABY_J133011-210731_NGC_5044_TR3_mask.fits,f3b8f18fd700fac22ad40db72397a69339c05be8d988390c276588bc7a46265c,eca7ea67081e1684a7ffbb23a82fc30ba00bedb9f874936081a2f1dd6876c3de,17280,92160
WALLABY J133017-214446,NGC 5044 TR3,NGC5044,22,profile_rejected,negative source annular moment-0 weight; no clipping is allowed,False,,,,41x48,108x41x48,440,6.000000000012,413643.75,121,https://ws.cadc-ccda.hia-iha.nrc-cnrc.gc.ca/data/pub/WALLABY/WALLABY_J133017-214446_NGC_5044_TR3_mom0.fits,https://ws.cadc-ccda.hia-iha.nrc-cnrc.gc.ca/data/pub/WALLABY/WALLABY_J133017-214446_NGC_5044_TR3_mask.fits,e8ac335c2c8fabbf3e573c29c04999736542329a5cfd24768f9638369b2cdd39,802c9dfc8bece499dd57376b804a0dcc1c5a46e9e74bd01d2aa3e2ba39dc0d4a,20160,224640
WALLABY J133019-220858,NGC 5044 TR3,NGC5044,10,pass,,False,18,0.6972511060636768,108.000000000216,42x51,101x42x51,517,6.000000000012,261359.984375,60,https://ws.cadc-ccda.hia-iha.nrc-cnrc.gc.ca/data/pub/WALLABY/WALLABY_J133019-220858_NGC_5044_TR3_mom0.fits,https://ws.cadc-ccda.hia-iha.nrc-cnrc.gc.ca/data/pub/WALLABY/WALLABY_J133019-220858_NGC_5044_TR3_mask.fits,63b073a9f3640860d91037be81cfa8aa596c4c78513281e241b807e058ba25b8,d2c2df0221610f7f08ab23288241098cd2e8f1db6f8782234da0c87442d20824,20160,230400
WALLABY J133020-221958,NGC 5044 TR3,NGC5044,13,pass,,False,20,0.4285106442504183,120.00000000024001,42x42,80x42x42,288,6.000000000012,108035.1875,44,https://ws.cadc-ccda.hia-iha.nrc-cnrc.gc.ca/data/pub/WALLABY/WALLABY_J133020-221958_NGC_5044_TR3_mom0.fits,https://ws.cadc-ccda.hia-iha.nrc-cnrc.gc.ca/data/pub/WALLABY/WALLABY_J133020-221958_NGC_5044_TR3_mask.fits,9a6a458bf4d98c6562ea280d17e3949a56f38a11dd2af1942855af7c4dd065cc,0ce5cad50ee1e68c7fbb10a973e688587c0c6999bc43e4d531581b8f8a2cc8a1,20160,152640
WALLABY J133027-143749,NGC 5044 TR3,NGC5044,17,profile_rejected,negative source annular moment-0 weight; no clipping is allowed,False,,,,31x33,110x31x33,102,6.000000000012,77903.625,23,https://ws.cadc-ccda.hia-iha.nrc-cnrc.gc.ca/data/pub/WALLABY/WALLABY_J133027-143749_NGC_5044_TR3_mom0.fits,https://ws.cadc-ccda.hia-iha.nrc-cnrc.gc.ca/data/pub/WALLABY/WALLABY_J133027-143749_NGC_5044_TR3_mask.fits,b160700e48210125ea475cd9e4be70317c23808ac4bb01fe88301c5ad2262ca0,73cf736befcf8c40aefe11f412b9d0afa527909c781e078190559ac925f5debd,17280,129600
WALLABY J133028-154233,NGC 5044 TR3,NGC5044,22,profile_rejected,negative source annular moment-0 weight; no clipping is allowed,False,,,,36x34,78x36x34,153,6.000000000012,38788.37890625,29,https://ws.cadc-ccda.hia-iha.nrc-cnrc.gc.ca/data/pub/WALLABY/WALLABY_J133028-154233_NGC_5044_TR3_mom0.fits,https://ws.cadc-ccda.hia-iha.nrc-cnrc.gc.ca/data/pub/WALLABY/WALLABY_J133028-154233_NGC_5044_TR3_mask.fits,bb9c3ad34c26691b9d5e5cbd8c9bae0decd03385f51cb307b9a992f5e602a233,87b12b5818953bb971c04067ecbf0b5c55921c082163896d95ed2c48f1158354,17280,112320
WALLABY J133031-231420,NGC 5044 TR3,NGC5044,21,pass,,False,18,0.6721948834242666,108.000000000216,42x46,112x42x46,325,6.000000000012,132537.25,44,https://ws.cadc-ccda.hia-iha.nrc-cnrc.gc.ca/data/pub/WALLABY/WALLABY_J133031-231420_NGC_5044_TR3_mom0.fits,https://ws.cadc-ccda.hia-iha.nrc-cnrc.gc.ca/data/pub/WALLABY/WALLABY_J133031-231420_NGC_5044_TR3_mask.fits,8dd49de24b3a3952e62042fd9d00f61dbf2b5e10148353f279cf56c77dd288c5,83f9e75041abbfd5c3a708e247c15c531c9832b5345afd03a4cfd763b22b0d6a,20160,230400
WALLABY J133033-193217,NGC 5044 TR3,NGC5044,5,pass,,False,8,0.6478106163185645,48.000000000096,30x32,68x30x32,69,6.000000000012,38309.03515625,0,https://ws.cadc-ccda.hia-iha.nrc-cnrc.gc.ca/data/pub/WALLABY/WALLABY_J133033-193217_NGC_5044_TR3_mom0.fits,https://ws.cadc-ccda.hia-iha.nrc-cnrc.gc.ca/data/pub/WALLABY/WALLABY_J133033-193217_NGC_5044_TR3_mask.fits,d633eec6f009f870f7d71f254ece3a4e23e7589f67d1220113e1b83407b88039,97dee4cd15ec7df748cca38b6abe1a0bdab760f28267d28040eee76cc0416562,17280,77760
WALLABY J133035-150112,NGC 5044 TR3,NGC5044,13,profile_rejected,negative source annular moment-0 weight; no clipping is allowed,False,,,,41x39,68x41x39,275,6.000000000012,138316.78125,67,https://ws.cadc-ccda.hia-iha.nrc-cnrc.gc.ca/data/pub/WALLABY/WALLABY_J133035-150112_NGC_5044_TR3_mom0.fits,https://ws.cadc-ccda.hia-iha.nrc-cnrc.gc.ca/data/pub/WALLABY/WALLABY_J133035-150112_NGC_5044_TR3_mask.fits,485723a7b286faca3bfe35b342a2a704c56f3c642bbcd465e395a70565337cc4,0e01e4e34bf3ebc600c0482546035ff40ca98cb08d3052f3e0cec35d1a792d3e,20160,123840
WALLABY J133035-205429,NGC 5044 TR3,NGC5044,15,profile_rejected,negative source annular moment-0 weight; no clipping is allowed,False,,,,41x44,95x41x44,374,6.000000000012,201641.890625,75,https://ws.cadc-ccda.hia-iha.nrc-cnrc.gc.ca/data/pub/WALLABY/WALLABY_J133035-205429_NGC_5044_TR3_mom0.fits,https://ws.cadc-ccda.hia-iha.nrc-cnrc.gc.ca/data/pub/WALLABY/WALLABY_J133035-205429_NGC_5044_TR3_mask.fits,afdcefeb29338f58d0eae4ec9078754b16bf246e9e1e9daeb15f060bcd942c18,326cacbf3857ad5a5b9d39bc379a8efd0db85d876ab3dd8ae850422daeec3d06,20160,184320
WALLABY J133035-223035,NGC 5044 TR3,NGC5044,11,profile_rejected,negative source annular moment-0 weight; no clipping is allowed,False,,,,51x49,92x51x49,587,6.000000000012,393416.40625,79,https://ws.cadc-ccda.hia-iha.nrc-cnrc.gc.ca/data/pub/WALLABY/WALLABY_J133035-223035_NGC_5044_TR3_mom0.fits,https://ws.cadc-ccda.hia-iha.nrc-cnrc.gc.ca/data/pub/WALLABY/WALLABY_J133035-223035_NGC_5044_TR3_mask.fits,7a81d3b274010aa1933201764fbe66c451b6a531b3c17128ba809feacdab69ed,d36e3a38ce7fc5252c8e40693f488c2a9ec483fae3b3dbf500a91f5b3aec96e2,23040,241920
WALLABY J133037-205541,NGC 5044 TR3,NGC5044,20,profile_rejected,negative source annular moment-0 weight; no clipping is allowed,False,,,,39x49,108x39x49,394,6.000000000012,302408.03125,106,https://ws.cadc-ccda.hia-iha.nrc-cnrc.gc.ca/data/pub/WALLABY/WALLABY_J133037-205541_NGC_5044_TR3_mom0.fits,https://ws.cadc-ccda.hia-iha.nrc-cnrc.gc.ca/data/pub/WALLABY/WALLABY_J133037-205541_NGC_5044_TR3_mask.fits,c7ae3aa0efc1b8c062512f692642ae32e2d56591dd3d486131d7af888466ee51,4294cd413662888196a403f6a652b7ea20bf6f9f599caccc4f7707627205a63c,20160,218880
WALLABY J133037-243158,NGC 5044 TR3,NGC5044,19,profile_rejected,negative source annular moment-0 weight; no clipping is allowed,False,,,,35x34,63x35x34,184,6.000000000012,73226.234375,10,https://ws.cadc-ccda.hia-iha.nrc-cnrc.gc.ca/data/pub/WALLABY/WALLABY_J133037-243158_NGC_5044_TR3_mom0.fits,https://ws.cadc-ccda.hia-iha.nrc-cnrc.gc.ca/data/pub/WALLABY/WALLABY_J133037-243158_NGC_5044_TR3_mask.fits,e0a3b40fc97f40fa369812b9819a901cc803f038e10692cc21381b2ff949b6a0,2754c9aef47036c75c987160f873b5008c2cde5f8ec7e32587ffa67cbc0953b2,17280,89280
WALLABY J133039-213728,NGC 5044 TR3,NGC5044,18,profile_rejected,negative source annular moment-0 weight; no clipping is allowed,False,,,,46x43,92x46x43,412,6.000000000012,262773.6875,107,https://ws.cadc-ccda.hia-iha.nrc-cnrc.gc.ca/data/pub/WALLABY/WALLABY_J133039-213728_NGC_5044_TR3_mom0.fits,https://ws.cadc-ccda.hia-iha.nrc-cnrc.gc.ca/data/pub/WALLABY/WALLABY_J133039-213728_NGC_5044_TR3_mask.fits,d9c437842a922aa5439ce263d004c8618624512b2db098db9dd74bf9e9161048,3b929408dc5f7c1ad41d4956134ecd8b59a0f4a2bb7daabc3fd0b32ddafaf0ff,20160,195840
WALLABY J133039-214217,NGC 5044 TR3,NGC5044,18,pass,,False,11,0.7479965498603118,66.000000000132,35x37,65x35x37,197,6.000000000012,64716.6875,32,https://ws.cadc-ccda.hia-iha.nrc-cnrc.gc.ca/data/pub/WALLABY/WALLABY_J133039-214217_NGC_5044_TR3_mom0.fits,https://ws.cadc-ccda.hia-iha.nrc-cnrc.gc.ca/data/pub/WALLABY/WALLABY_J133039-214217_NGC_5044_TR3_mask.fits,fcaa3bb7f709d13476d14722b682b932a65ec7b1ad4a5db5ad163f3d3c93b6ad,884b48ed36dc5dee3fb53c0745969f63aae6fb19cf64e46ec1ae98980018b876,17280,97920
WALLABY J133039-241626,NGC 5044 TR3,NGC5044,17,pass,,False,10,0.7867736594647352,60.000000000120004,34x36,50x34x36,146,6.000000000012,40935.2578125,18,https://ws.cadc-ccda.hia-iha.nrc-cnrc.gc.ca/data/pub/WALLABY/WALLABY_J133039-241626_NGC_5044_TR3_mom0.fits,https://ws.cadc-ccda.hia-iha.nrc-cnrc.gc.ca/data/pub/WALLABY/WALLABY_J133039-241626_NGC_5044_TR3_mask.fits,b2ba552aa76b5bb83ec436fc75eec5d86882b12abe65cc84aa36e45053b75e32,1500cbb6f417d69d89d02f493d592b9c178f0fb74c8c2ae192137be5fd633e91,17280,74880
WALLABY J133041-233009,NGC 5044 TR3,NGC5044,16,pass,,False,23,0.5754512608607624,138.000000000276,42x50,152x42x50,486,6.000000000012,340724.3125,58,https://ws.cadc-ccda.hia-iha.nrc-cnrc.gc.ca/data/pub/WALLABY/WALLABY_J133041-233009_NGC_5044_TR3_mom0.fits,https://ws.cadc-ccda.hia-iha.nrc-cnrc.gc.ca/data/pub/WALLABY/WALLABY_J133041-233009_NGC_5044_TR3_mask.fits,64071f16d85367918e9e57bea8e6d493f4e8205fa5003726c4d3b81892cef823,a9f7e4a42b6b11a481bd29331c60321df81cca6adbdf4d3c83b75d08a20b3e8c,20160,331200
WALLABY J133042-213957,NGC 5044 TR3,NGC5044,10,pass,,False,12,0.7634506466445944,72.000000000144,41x35,74x41x35,220,6.000000000012,58348.7109375,33,https://ws.cadc-ccda.hia-iha.nrc-cnrc.gc.ca/data/pub/WALLABY/WALLABY_J133042-213957_NGC_5044_TR3_mom0.fits,https://ws.cadc-ccda.hia-iha.nrc-cnrc.gc.ca/data/pub/WALLABY/WALLABY_J133042-213957_NGC_5044_TR3_mask.fits,5d16b2e7c0e5debe4195d4e6326a30237e4d322dfac866eb80e89524b43604b0,3a8e16c43a3f04f1e8afe575795703e717060c1637add54e06dbaf5484a67eb3,17280,118080
WALLABY J133043-234430,NGC 5044 TR3,NGC5044,2,pass,,False,15,0.5385045402775164,90.00000000018001,35x42,80x35x42,192,6.000000000012,75620.78125,33,https://ws.cadc-ccda.hia-iha.nrc-cnrc.gc.ca/data/pub/WALLABY/WALLABY_J133043-234430_NGC_5044_TR3_mom0.fits,https://ws.cadc-ccda.hia-iha.nrc-cnrc.gc.ca/data/pub/WALLABY/WALLABY_J133043-234430_NGC_5044_TR3_mask.fits,fabdd58bdf76a10a69978d6816273a67add04ea51ec052051b67d78d7159beca,ae9fdd44facb86f54246323342118f842abaf674b01834afe16cbe21624ed786,20160,129600
WALLABY J133048-251954,NGC 5044 TR3,NGC5044,13,pass,,False,12,0.8088337071763281,72.000000000144,42x37,73x42x37,284,6.000000000012,233527.375,41,https://ws.cadc-ccda.hia-iha.nrc-cnrc.gc.ca/data/pub/WALLABY/WALLABY_J133048-251954_NGC_5044_TR3_mom0.fits,https://ws.cadc-ccda.hia-iha.nrc-cnrc.gc.ca/data/pub/WALLABY/WALLABY_J133048-251954_NGC_5044_TR3_mask.fits,07073e076fb0e6106ed9193f4e17fd2ba34916956296ba46bc42066e118e74ed,27cfc16902caf7ab7685b99d3b462b5a160f39637e3c562b1a3cc45bbd0def54,20160,126720
WALLABY J133056-213801,NGC 5044 TR3,NGC5044,13,profile_rejected,negative source annular moment-0 weight; no clipping is allowed,False,,,,41x40,69x41x40,300,6.000000000012,115677.8828125,37,https://ws.cadc-ccda.hia-iha.nrc-cnrc.gc.ca/data/pub/WALLABY/WALLABY_J133056-213801_NGC_5044_TR3_mom0.fits,https://ws.cadc-ccda.hia-iha.nrc-cnrc.gc.ca/data/pub/WALLABY/WALLABY_J133056-213801_NGC_5044_TR3_mask.fits,3cb9593a1d06703b62b303a40cc4652df9e5547124b304edeab104a01eb18410,207df74672b1d7db924def0cb71e001d5cf75d378e715bde49a0601a1ecdd13a,20160,126720
WALLABY J133057-211755,NGC 5044 TR3,NGC5044,16,pass,,False,10,0.819283912482812,60.000000000120004,34x37,46x34x37,150,6.000000000012,34356.1953125,7,https://ws.cadc-ccda.hia-iha.nrc-cnrc.gc.ca/data/pub/WALLABY/WALLABY_J133057-211755_NGC_5044_TR3_mom0.fits,https://ws.cadc-ccda.hia-iha.nrc-cnrc.gc.ca/data/pub/WALLABY/WALLABY_J133057-211755_NGC_5044_TR3_mask.fits,4571326eaa43cc70cca7e8cb77fd1c82e7e498e61623e99fd0c4836f7807c104,093ce4627ae814c232bbfc1f6f1bc48361c9a019b6c0c03362ad55a050b1709f,17280,72000
WALLABY J133057-212143,NGC 5044 TR3,NGC5044,14,profile_rejected,negative source annular moment-0 weight; no clipping is allowed,False,,,,34x37,68x34x37,193,6.000000000012,62627.90234375,47,https://ws.cadc-ccda.hia-iha.nrc-cnrc.gc.ca/data/pub/WALLABY/WALLABY_J133057-212143_NGC_5044_TR3_mom0.fits,https://ws.cadc-ccda.hia-iha.nrc-cnrc.gc.ca/data/pub/WALLABY/WALLABY_J133057-212143_NGC_5044_TR3_mask.fits,00634dda43cb5cba39c54b16bf18bc9d1e3bd29f71c770653b86d6de4cfd9e76,2820280f43f23322183597d5f56b6fe317e5d3e176a2f5110f0a7cf24a204500,17280,97920
WALLABY J133058-215044,NGC 5044 TR3,NGC5044,17,pass,,False,32,0.46098821527735484,192.000000000384,69x43,146x69x43,686,6.000000000012,594826.0625,152,https://ws.cadc-ccda.hia-iha.nrc-cnrc.gc.ca/data/pub/WALLABY/WALLABY_J133058-215044_NGC_5044_TR3_mom0.fits,https://ws.cadc-ccda.hia-iha.nrc-cnrc.gc.ca/data/pub/WALLABY/WALLABY_J133058-215044_NGC_5044_TR3_mask.fits,d22178283cfc62dcae3f4c14844a2ee63a48d040d3a67805af9790c60d17d495,7e4cd6b2dd82a8e99611703e7672e9b73ab9f40004d581808e1023399e680e0c,25920,446400
WALLABY J133058-231656,NGC 5044 TR3,NGC5044,3,pass,,False,9,0.7765589759537912,54.000000000108,35x34,54x35x34,154,6.000000000012,64787.75,17,https://ws.cadc-ccda.hia-iha.nrc-cnrc.gc.ca/data/pub/WALLABY/WALLABY_J133058-231656_NGC_5044_TR3_mom0.fits,https://ws.cadc-ccda.hia-iha.nrc-cnrc.gc.ca/data/pub/WALLABY/WALLABY_J133058-231656_NGC_5044_TR3_mask.fits,c75106cfad221407673fc47136284ba162112098468d23afdefcb7006339ef5f,c2796147a421eba0a8a4484a21622c314471f1a48969de9b1ffe66a78cbae655,17280,77760
WALLABY J133059-160809,NGC 5044 TR3,NGC5044,9,pass,,False,11,0.7675252343522702,66.000000000132,37x36,63x37x36,194,6.000000000012,47996.3671875,33,https://ws.cadc-ccda.hia-iha.nrc-cnrc.gc.ca/data/pub/WALLABY/WALLABY_J133059-160809_NGC_5044_TR3_mom0.fits,https://ws.cadc-ccda.hia-iha.nrc-cnrc.gc.ca/data/pub/WALLABY/WALLABY_J133059-160809_NGC_5044_TR3_mask.fits,1652c8ee23ee0069c270ccf07470c93bf1a71815f1f39d9cd6ce3290de29c9c3,3540f6d2b232902b8228b2eb7610a336e1ec8156d034d73b56bae42011749a44,17280,97920
WALLABY J133059-224147,NGC 5044 TR3,NGC5044,17,profile_rejected,negative source annular moment-0 weight; no clipping is allowed,False,,,,35x37,98x35x37,190,6.000000000012,103743.5078125,8,https://ws.cadc-ccda.hia-iha.nrc-cnrc.gc.ca/data/pub/WALLABY/WALLABY_J133059-224147_NGC_5044_TR3_mom0.fits,https://ws.cadc-ccda.hia-iha.nrc-cnrc.gc.ca/data/pub/WALLABY/WALLABY_J133059-224147_NGC_5044_TR3_mask.fits,dba4e4c5c6f3bef766e7ce462b2d2f97f9a44441fc92e3c09aca75a9ee362a50,f4026b05b826cecc95d923d4fd479e8121d7bb084e2b2a6d4d94a28ba88d7ac7,17280,141120
WALLABY J133102-211704,NGC 5044 TR3,NGC5044,20,profile_rejected,negative source annular moment-0 weight; no clipping is allowed,False,,,,32x31,61x32x31,112,6.000000000012,47902.1640625,35,https://ws.cadc-ccda.hia-iha.nrc-cnrc.gc.ca/data/pub/WALLABY/WALLABY_J133102-211704_NGC_5044_TR3_mom0.fits,https://ws.cadc-ccda.hia-iha.nrc-cnrc.gc.ca/data/pub/WALLABY/WALLABY_J133102-211704_NGC_5044_TR3_mask.fits,e0f0e69f98f4bd71332b1c04d08eca1127c82ffb1ade6c5aa92953aae001a0c9,17aeb1f7c46a868e1f673a4367b045b6fa7cfbbf562e4603c2de6582d4630054,17280,74880
WALLABY J133103-160750,NGC 5044 TR3,NGC5044,6,profile_rejected,negative source annular moment-0 weight; no clipping is allowed,False,,,,48x59,141x48x59,728,6.000000000012,359806.15625,153,https://ws.cadc-ccda.hia-iha.nrc-cnrc.gc.ca/data/pub/WALLABY/WALLABY_J133103-160750_NGC_5044_TR3_mom0.fits,https://ws.cadc-ccda.hia-iha.nrc-cnrc.gc.ca/data/pub/WALLABY/WALLABY_J133103-160750_NGC_5044_TR3_mask.fits,3f21d9cd73acd875be6b66f1ee0d270adbda0149e0b49dbda2f76b967aba5efd,69a3d1248d6bb0cd45b0d6fda97909ff6c95899edb7fa27159509699e1a326f4,23040,411840
WALLABY J133104-212509,NGC 5044 TR3,NGC5044,18,profile_rejected,negative source annular moment-0 weight; no clipping is allowed,False,,,,36x36,69x36x36,201,6.000000000012,91035.75,21,https://ws.cadc-ccda.hia-iha.nrc-cnrc.gc.ca/data/pub/WALLABY/WALLABY_J133104-212509_NGC_5044_TR3_mom0.fits,https://ws.cadc-ccda.hia-iha.nrc-cnrc.gc.ca/data/pub/WALLABY/WALLABY_J133104-212509_NGC_5044_TR3_mask.fits,b6e9bb08281f85ced4482661a1dd9bdb6773d8fde63f31c622e4646d2fa4be8a,e2a9d6d0986a3dd27f94aa44b3c8dcd47060cb1f4c0cc30f2d5e4d5a66510548,17280,103680
WALLABY J133105-223647,NGC 5044 TR3,NGC5044,18,profile_rejected,negative source annular moment-0 weight; no clipping is allowed,False,,,,35x40,82x35x40,183,6.000000000012,62758.703125,18,https://ws.cadc-ccda.hia-iha.nrc-cnrc.gc.ca/data/pub/WALLABY/WALLABY_J133105-223647_NGC_5044_TR3_mom0.fits,https://ws.cadc-ccda.hia-iha.nrc-cnrc.gc.ca/data/pub/WALLABY/WALLABY_J133105-223647_NGC_5044_TR3_mask.fits,48c81cc2fdf6c61d20ef72bd3cae18c06c6c7fb49ebe3c9dbf6b22ce6643e03c,afeaccca054ff03f0ed38e28ee8d01ed8900598b845c093eac636c28639a8834,17280,126720
WALLABY J133106-233722,NGC 5044 TR3,NGC5044,16,profile_rejected,negative source annular moment-0 weight; no clipping is allowed,False,,,,36x41,123x36x41,276,6.000000000012,157542.90625,51,https://ws.cadc-ccda.hia-iha.nrc-cnrc.gc.ca/data/pub/WALLABY/WALLABY_J133106-233722_NGC_5044_TR3_mom0.fits,https://ws.cadc-ccda.hia-iha.nrc-cnrc.gc.ca/data/pub/WALLABY/WALLABY_J133106-233722_NGC_5044_TR3_mask.fits,47d4c465a9a27d63b0e25c636e519d2c53c449e57bca9e6ce2454ae3365ed556,40017a767e436ad39c7997a4d131a6ad14c6b89cfc9e7e42c3f5ba94f0c741cb,20160,195840
WALLABY J133107-190909,NGC 5044 TR3,NGC5044,22,pass,,False,14,0.7440884287802948,84.000000000168,38x43,99x38x43,292,6.000000000012,105453.59375,33,https://ws.cadc-ccda.hia-iha.nrc-cnrc.gc.ca/data/pub/WALLABY/WALLABY_J133107-190909_NGC_5044_TR3_mom0.fits,https://ws.cadc-ccda.hia-iha.nrc-cnrc.gc.ca/data/pub/WALLABY/WALLABY_J133107-190909_NGC_5044_TR3_mask.fits,3814d77d55250272ea2a5c032e8890a82c01fefa3198ed8d250fbce5e7316b34,b157d43960200b81958a11975e201ac28195c99d5d95512071cc979d2054a8e3,20160,175680
WALLABY J133108-164842,NGC 5044 TR3,NGC5044,10,pass,,False,10,0.8150993766666539,60.000000000120004,33x34,70x33x34,158,6.000000000012,43341.15625,10,https://ws.cadc-ccda.hia-iha.nrc-cnrc.gc.ca/data/pub/WALLABY/WALLABY_J133108-164842_NGC_5044_TR3_mom0.fits,https://ws.cadc-ccda.hia-iha.nrc-cnrc.gc.ca/data/pub/WALLABY/WALLABY_J133108-164842_NGC_5044_TR3_mask.fits,03f6941cddd3b3be98deb9455397a4d93aac4b0a8881c915aed0b13bf9a1e785,d11ccf4a6bcf0d75162e92c2e7099b9e03dc38e7c7e48f390677028337369ec8,17280,92160
WALLABY J133108-202916,NGC 5044 TR3,NGC5044,0,pass,,False,31,0.36768960158671016,186.000000000372,54x47,80x54x47,534,6.000000000012,296711.25,131,https://ws.cadc-ccda.hia-iha.nrc-cnrc.gc.ca/data/pub/WALLABY/WALLABY_J133108-202916_NGC_5044_TR3_mom0.fits,https://ws.cadc-ccda.hia-iha.nrc-cnrc.gc.ca/data/pub/WALLABY/WALLABY_J133108-202916_NGC_5044_TR3_mask.fits,0ca38e26bdde4c4947546d18831578812658fed14a0e14cd31dfdbdfbccc2583,9c2fda566dc7cbd49c67e3477b20867f47eb74d8d028dd707e4fee870bade1d0,23040,216000
WALLABY J133113-220341,NGC 5044 TR3,NGC5044,12,pass,,False,16,0.6228664205257719,96.000000000192,38x43,109x38x43,322,6.000000000012,177801.75,76,https://ws.cadc-ccda.hia-iha.nrc-cnrc.gc.ca/data/pub/WALLABY/WALLABY_J133113-220341_NGC_5044_TR3_mom0.fits,https://ws.cadc-ccda.hia-iha.nrc-cnrc.gc.ca/data/pub/WALLABY/WALLABY_J133113-220341_NGC_5044_TR3_mask.fits,eaf0e6f1d993cdff5d6413cdf350738e3f51eb2b15340740bf96f4109e6cf71c,7aead689140b26e373e22669aa0718eec1aa82803b705403a0f5343ec1bdd8d1,20160,190080
WALLABY J133115-250859,NGC 5044 TR3,NGC5044,10,pass,,False,20,0.854296174691371,120.00000000024001,53x52,76x53x52,786,6.000000000012,538529.6875,67,https://ws.cadc-ccda.hia-iha.nrc-cnrc.gc.ca/data/pub/WALLABY/WALLABY_J133115-250859_NGC_5044_TR3_mom0.fits,https://ws.cadc-ccda.hia-iha.nrc-cnrc.gc.ca/data/pub/WALLABY/WALLABY_J133115-250859_NGC_5044_TR3_mask.fits,4a05bc53976bad98e9ed3495422ea5ccdee3f7d0fb61f607ffc1efa8789700a1,71b290758fbc1b85667001feb00e735ece99aeb6f142e02bfb36863b4e6258ba,23040,221760
WALLABY J133117-152046,NGC 5044 TR3,NGC5044,12,pass,,False,13,0.6698598351752241,78.000000000156,39x40,84x39x40,271,6.000000000012,83818.875,58,https://ws.cadc-ccda.hia-iha.nrc-cnrc.gc.ca/data/pub/WALLABY/WALLABY_J133117-152046_NGC_5044_TR3_mom0.fits,https://ws.cadc-ccda.hia-iha.nrc-cnrc.gc.ca/data/pub/WALLABY/WALLABY_J133117-152046_NGC_5044_TR3_mask.fits,80890d06d97e9398bbf8581d99ea4b06e5603f275f4b6119d49093700b4abe51,099d33e993909ff421b6e11fb4b6a887750d978c7f352aa6823b2afaae05031d,20160,144000
WALLABY J133117-211744,NGC 5044 TR3,NGC5044,4,profile_rejected,negative source annular moment-0 weight; no clipping is allowed,False,,,,40x42,55x40x42,276,6.000000000012,88521.078125,53,https://ws.cadc-ccda.hia-iha.nrc-cnrc.gc.ca/data/pub/WALLABY/WALLABY_J133117-211744_NGC_5044_TR3_mom0.fits,https://ws.cadc-ccda.hia-iha.nrc-cnrc.gc.ca/data/pub/WALLABY/WALLABY_J133117-211744_NGC_5044_TR3_mask.fits,4623d205c20562cc26873c4c2370db4651792a0f62588ebcb4b4eaa3938be0e3,77bc34919041e572152d71cfae307053bb080117659851da9e6e3502aae371dd,20160,106560
WALLABY J133120-231334,NGC 5044 TR3,NGC5044,19,profile_rejected,negative source annular moment-0 weight; no clipping is allowed,False,,,,38x37,71x38x37,221,6.000000000012,84224.90625,38,https://ws.cadc-ccda.hia-iha.nrc-cnrc.gc.ca/data/pub/WALLABY/WALLABY_J133120-231334_NGC_5044_TR3_mom0.fits,https://ws.cadc-ccda.hia-iha.nrc-cnrc.gc.ca/data/pub/WALLABY/WALLABY_J133120-231334_NGC_5044_TR3_mask.fits,02cbd3b8ec3d49f9c749a8fcfaac39fa95e690957dc7d7a547f2c39cdc63aa0e,6d2201bc955287623ce484ce0522e1d87a2796a196e5542a03c72317ea613e64,17280,112320
WALLABY J133126-211009,NGC 5044 TR3,NGC5044,19,profile_rejected,negative source annular moment-0 weight; no clipping is allowed,False,,,,47x43,105x47x43,419,6.000000000012,287375.65625,102,https://ws.cadc-ccda.hia-iha.nrc-cnrc.gc.ca/data/pub/WALLABY/WALLABY_J133126-211009_NGC_5044_TR3_mom0.fits,https://ws.cadc-ccda.hia-iha.nrc-cnrc.gc.ca/data/pub/WALLABY/WALLABY_J133126-211009_NGC_5044_TR3_mask.fits,d882152283c7a43bbe52c2df6b15e73b6c47af70d712c45649bf1692115eec89,197e3fcd702af8311fed7629f4829d3d1f72d4eac6f8534c4c7a98f720236018,20160,224640
WALLABY J133126-232824,NGC 5044 TR3,NGC5044,3,profile_rejected,negative source annular moment-0 weight; no clipping is allowed,False,,,,38x40,66x38x40,234,6.000000000012,74712.1328125,65,https://ws.cadc-ccda.hia-iha.nrc-cnrc.gc.ca/data/pub/WALLABY/WALLABY_J133126-232824_NGC_5044_TR3_mom0.fits,https://ws.cadc-ccda.hia-iha.nrc-cnrc.gc.ca/data/pub/WALLABY/WALLABY_J133126-232824_NGC_5044_TR3_mask.fits,54b6105f9902e4a1d66e572651dd555852f9f4a8ab4b4b6c33e7af299161053c,8617dd8790fcc5eb1b4de72a875f1a977cf9e62b1c4f02660f2996441776cde5,20160,112320
WALLABY J133128-184541,NGC 5044 TR3,NGC5044,7,profile_rejected,negative source annular moment-0 weight; no clipping is allowed,False,,,,37x35,83x37x35,196,6.000000000012,122592.3828125,52,https://ws.cadc-ccda.hia-iha.nrc-cnrc.gc.ca/data/pub/WALLABY/WALLABY_J133128-184541_NGC_5044_TR3_mom0.fits,https://ws.cadc-ccda.hia-iha.nrc-cnrc.gc.ca/data/pub/WALLABY/WALLABY_J133128-184541_NGC_5044_TR3_mask.fits,8b0eeaf33addbc9f97625906acb047d3fafbe71e77a0eb0fbc0d0835d329d4b5,67eecbdb1b4d67052c550560c0089b3d1fc267154dccf8d66af2b0c8734214fe,17280,120960
WALLABY J133128-212511,NGC 5044 TR3,NGC5044,9,pass,,False,14,0.705912083037723,84.000000000168,39x40,62x39x40,245,6.000000000012,96891.0,20,https://ws.cadc-ccda.hia-iha.nrc-cnrc.gc.ca/data/pub/WALLABY/WALLABY_J133128-212511_NGC_5044_TR3_mom0.fits,https://ws.cadc-ccda.hia-iha.nrc-cnrc.gc.ca/data/pub/WALLABY/WALLABY_J133128-212511_NGC_5044_TR3_mask.fits,9172247869013210873e60316a5b1e829537751f1c023ac079cd8c74bdad152a,2aff7dc3cf347c80ad55c048ff23c600dff456cd66c5e00a567c51065e6c17ac,20160,109440
WALLABY J133134-240142,NGC 5044 TR3,NGC5044,11,pass,,False,12,0.6549988675799259,72.000000000144,39x35,69x39x35,227,6.000000000012,81088.015625,34,https://ws.cadc-ccda.hia-iha.nrc-cnrc.gc.ca/data/pub/WALLABY/WALLABY_J133134-240142_NGC_5044_TR3_mom0.fits,https://ws.cadc-ccda.hia-iha.nrc-cnrc.gc.ca/data/pub/WALLABY/WALLABY_J133134-240142_NGC_5044_TR3_mask.fits,144273a135747bb2f7721b3f6757aace3078fa026862af8d624d788f1677c9ff,5ab8eb95770b1d624def08e846b743f00373b73ba54b0b709da0d98f97934246,17280,106560
WALLABY J133138-232047,NGC 5044 TR3,NGC5044,4,pass,,False,17,0.782125154276828,102.000000000204,45x47,96x45x47,489,6.000000000012,424076.125,114,https://ws.cadc-ccda.hia-iha.nrc-cnrc.gc.ca/data/pub/WALLABY/WALLABY_J133138-232047_NGC_5044_TR3_mom0.fits,https://ws.cadc-ccda.hia-iha.nrc-cnrc.gc.ca/data/pub/WALLABY/WALLABY_J133138-232047_NGC_5044_TR3_mask.fits,659fc2e5131a1ea4f7f748f5275e947adae515475ce808428a0a2f0fad0c5854,03a878961220b5573b29a28ff277d44f916f6d485becf2a534cfdc57948da8a1,20160,216000
WALLABY J133139-212053,NGC 5044 TR3,NGC5044,5,profile_rejected,negative source annular moment-0 weight; no clipping is allowed,False,,,,36x34,59x36x34,168,6.000000000012,49941.48828125,29,https://ws.cadc-ccda.hia-iha.nrc-cnrc.gc.ca/data/pub/WALLABY/WALLABY_J133139-212053_NGC_5044_TR3_mom0.fits,https://ws.cadc-ccda.hia-iha.nrc-cnrc.gc.ca/data/pub/WALLABY/WALLABY_J133139-212053_NGC_5044_TR3_mask.fits,252197bc0024f75422c22b6200f094a061177170407074531fc900c4732fc799,cc9ac9f3fd1f9117a35d8068b7a9c0e776a26d9f449d504b4fb105daffe86564,17280,86400
WALLABY J133140-190616,NGC 5044 TR3,NGC5044,12,pass,,False,16,0.5330349121929834,96.000000000192,33x41,53x33x41,154,6.000000000012,38404.734375,13,https://ws.cadc-ccda.hia-iha.nrc-cnrc.gc.ca/data/pub/WALLABY/WALLABY_J133140-190616_NGC_5044_TR3_mom0.fits,https://ws.cadc-ccda.hia-iha.nrc-cnrc.gc.ca/data/pub/WALLABY/WALLABY_J133140-190616_NGC_5044_TR3_mask.fits,f8a4230fdf015abab6c44b6c544052ce97849c1868f30a6d1c5cec9a84534778,9b37305a3f620a683979e9427df0ac039b0972eafd6638167c4e7121b198e441,17280,83520
WALLABY J133141-173508,NGC 5044 TR3,NGC5044,20,pass,,False,8,0.8924524191958647,48.000000000096,24x34,52x24x34,140,6.000000000012,52641.39453125,13,https://ws.cadc-ccda.hia-iha.nrc-cnrc.gc.ca/data/pub/WALLABY/WALLABY_J133141-173508_NGC_5044_TR3_mom0.fits,https://ws.cadc-ccda.hia-iha.nrc-cnrc.gc.ca/data/pub/WALLABY/WALLABY_J133141-173508_NGC_5044_TR3_mask.fits,53a0fcf857508d0604e8d36cd1bb05bc4520c7431bda90c8d97082365f50ce01,53e401e9832dba6f28c98c6a3fb85835cf816eb87504e5fdcd3a06d445e2fb96,17280,54720
WALLABY J133141-190837,NGC 5044 TR3,NGC5044,7,profile_rejected,negative source annular moment-0 weight; no clipping is allowed,False,,,,35x37,79x35x37,205,6.000000000012,118871.53125,49,https://ws.cadc-ccda.hia-iha.nrc-cnrc.gc.ca/data/pub/WALLABY/WALLABY_J133141-190837_NGC_5044_TR3_mom0.fits,https://ws.cadc-ccda.hia-iha.nrc-cnrc.gc.ca/data/pub/WALLABY/WALLABY_J133141-190837_NGC_5044_TR3_mask.fits,1e3770dde30235226d2184a92b625c8a5de43783ae106424a181ecd037f77e41,7ade46bfd9bc409ba8adf0084ba3100d52587cb95dbdd0ddf0d823d978448292,17280,115200
WALLABY J133141-231608,NGC 5044 TR3,NGC5044,1,pass,,False,10,0.7612146702542014,60.000000000120004,33x38,48x33x38,164,6.000000000012,48099.18359375,16,https://ws.cadc-ccda.hia-iha.nrc-cnrc.gc.ca/data/pub/WALLABY/WALLABY_J133141-231608_NGC_5044_TR3_mom0.fits,https://ws.cadc-ccda.hia-iha.nrc-cnrc.gc.ca/data/pub/WALLABY/WALLABY_J133141-231608_NGC_5044_TR3_mask.fits,01a132b8909c2a5d44adc68c710370b156f494a490737ea99a6b560e23dcf393,05e0037297c1c171c684ef8395504d8b95c61a2df2f6dca9475299a6a3ce0a18,17280,72000
WALLABY J133150-212650,NGC 5044 TR3,NGC5044,4,profile_rejected,negative source annular moment-0 weight; no clipping is allowed,False,,,,35x36,64x35x36,197,6.000000000012,69713.828125,40,https://ws.cadc-ccda.hia-iha.nrc-cnrc.gc.ca/data/pub/WALLABY/WALLABY_J133150-212650_NGC_5044_TR3_mom0.fits,https://ws.cadc-ccda.hia-iha.nrc-cnrc.gc.ca/data/pub/WALLABY/WALLABY_J133150-212650_NGC_5044_TR3_mask.fits,31127f11a8ca47b688d611a8953d10a0e1ef923cdae1f18660a08b859b895109,296d9244081bdd6f57ff2c3e559463b667f88dc0dad9db48a56242ded81fcf17,17280,92160
WALLABY J133151-173014,NGC 5044 TR3,NGC5044,21,pass,,False,17,0.49811470232171423,102.000000000204,44x37,66x44x37,298,6.000000000012,64246.76171875,57,https://ws.cadc-ccda.hia-iha.nrc-cnrc.gc.ca/data/pub/WALLABY/WALLABY_J133151-173014_NGC_5044_TR3_mom0.fits,https://ws.cadc-ccda.hia-iha.nrc-cnrc.gc.ca/data/pub/WALLABY/WALLABY_J133151-173014_NGC_5044_TR3_mask.fits,04ff783d7e9a703a6b9540a35c85f87a3834ae0083dbc2976ae67bc3ab5fdee4,dd34eadf72a2b2d363320ebc15ea16b52fab17716c1cdd5b5d721f10e3d406ca,20160,120960
WALLABY J133152-235603,NGC 5044 TR3,NGC5044,11,pass,,False,10,0.6401585468793812,60.000000000120004,34x33,67x34x33,138,6.000000000012,55756.546875,4,https://ws.cadc-ccda.hia-iha.nrc-cnrc.gc.ca/data/pub/WALLABY/WALLABY_J133152-235603_NGC_5044_TR3_mom0.fits,https://ws.cadc-ccda.hia-iha.nrc-cnrc.gc.ca/data/pub/WALLABY/WALLABY_J133152-235603_NGC_5044_TR3_mask.fits,357d324c486390ffbcffd2375475a94053ed3625851397b3e4785d8f763e7932,847cd1eff844fc6a4c14f9414e8440dd5a44c1d7b17a27e248daf56f28c986cc,17280,89280
WALLABY J133153-240241,NGC 5044 TR3,NGC5044,19,profile_rejected,negative source annular moment-0 weight; no clipping is allowed,False,,,,38x39,88x38x39,240,6.000000000012,162912.40625,55,https://ws.cadc-ccda.hia-iha.nrc-cnrc.gc.ca/data/pub/WALLABY/WALLABY_J133153-240241_NGC_5044_TR3_mom0.fits,https://ws.cadc-ccda.hia-iha.nrc-cnrc.gc.ca/data/pub/WALLABY/WALLABY_J133153-240241_NGC_5044_TR3_mask.fits,18aa6b2c90511401140363508c3a71c34755ec55648444146ef6baa0e2c2c18f,dc689b39cd60776dead61c51c9b76e3ea200a1583337f07a5e9d81bf47207649,20160,144000
WALLABY J133158-205217,NGC 5044 TR3,NGC5044,20,pass,,False,14,0.7573154599083007,84.000000000168,39x38,73x39x38,211,6.000000000012,90830.40625,29,https://ws.cadc-ccda.hia-iha.nrc-cnrc.gc.ca/data/pub/WALLABY/WALLABY_J133158-205217_NGC_5044_TR3_mom0.fits,https://ws.cadc-ccda.hia-iha.nrc-cnrc.gc.ca/data/pub/WALLABY/WALLABY_J133158-205217_NGC_5044_TR3_mask.fits,bdffcdacb26fe91c25befb9df9d8bef26dbef77bc771c92491470572336903d2,7d62fd6a9c8a16dffb25ef46d65eb346dce99d9c6c06d7a68d475b11ea4513c4,20160,120960
WALLABY J133200-231730,NGC 5044 TR3,NGC5044,22,profile_rejected,negative source annular moment-0 weight; no clipping is allowed,False,,,,49x39,80x49x39,356,6.000000000012,137726.484375,68,https://ws.cadc-ccda.hia-iha.nrc-cnrc.gc.ca/data/pub/WALLABY/WALLABY_J133200-231730_NGC_5044_TR3_mom0.fits,https://ws.cadc-ccda.hia-iha.nrc-cnrc.gc.ca/data/pub/WALLABY/WALLABY_J133200-231730_NGC_5044_TR3_mask.fits,df6d49940fac333c7911fd860d49b4ee4ccbc6afa96a40d1ff8e48d3fdf0cb95,24a3d7e0b806cf497680c5afefadb748fe1ba41774b45219e1466bedfdd15fa1,20160,167040
WALLABY J133206-220705,NGC 5044 TR3,NGC5044,9,profile_rejected,negative source annular moment-0 weight; no clipping is allowed,False,,,,31x33,88x31x33,119,6.000000000012,45987.0390625,18,https://ws.cadc-ccda.hia-iha.nrc-cnrc.gc.ca/data/pub/WALLABY/WALLABY_J133206-220705_NGC_5044_TR3_mom0.fits,https://ws.cadc-ccda.hia-iha.nrc-cnrc.gc.ca/data/pub/WALLABY/WALLABY_J133206-220705_NGC_5044_TR3_mask.fits,0b0514778d01353a486c1cab1e7df93f8557c46ff7134a45cfe356e9f95baf43,f6140c49349be26e0d8dc906d28e7d2947879b0375bcddce17965f7ca6854054,17280,103680
WALLABY J133207-184012,NGC 5044 TR3,NGC5044,1,profile_rejected,negative source annular moment-0 weight; no clipping is allowed,False,,,,43x39,76x43x39,297,6.000000000012,136087.671875,74,https://ws.cadc-ccda.hia-iha.nrc-cnrc.gc.ca/data/pub/WALLABY/WALLABY_J133207-184012_NGC_5044_TR3_mom0.fits,https://ws.cadc-ccda.hia-iha.nrc-cnrc.gc.ca/data/pub/WALLABY/WALLABY_J133207-184012_NGC_5044_TR3_mask.fits,5715d38efb3772883dbd666d69dd565c5cb2e4dc769329642b86e3e92f1f35bb,c0457da33cb5f1b55532e07775bbad1b61f316a9099c5a730a5d710c566a8bb4,20160,141120
WALLABY J133207-220728,NGC 5044 TR3,NGC5044,21,pass,,False,9,0.8731185380454282,54.000000000108,33x32,60x33x32,108,6.000000000012,44189.2578125,6,https://ws.cadc-ccda.hia-iha.nrc-cnrc.gc.ca/data/pub/WALLABY/WALLABY_J133207-220728_NGC_5044_TR3_mom0.fits,https://ws.cadc-ccda.hia-iha.nrc-cnrc.gc.ca/data/pub/WALLABY/WALLABY_J133207-220728_NGC_5044_TR3_mask.fits,946a5e9c10b28f846f73a73a4f2c41004e9a61efc694633dc012c26dc050a31d,e0f2cbe6491198143552f29aa6fada95809d3abc76aa5a9ea0259b8d2de42a73,17280,74880
WALLABY J133208-225710,NGC 5044 TR3,NGC5044,11,profile_rejected,negative source annular moment-0 weight; no clipping is allowed,False,,,,43x50,107x43x50,476,6.000000000012,416474.125,90,https://ws.cadc-ccda.hia-iha.nrc-cnrc.gc.ca/data/pub/WALLABY/WALLABY_J133208-225710_NGC_5044_TR3_mom0.fits,https://ws.cadc-ccda.hia-iha.nrc-cnrc.gc.ca/data/pub/WALLABY/WALLABY_J133208-225710_NGC_5044_TR3_mask.fits,ca97a4c0e48208e72eec08935bb318a0778a114b182a143829a9ac180b49bbd6,a44899ff008ba615d856655c57027a836bc184efbad8ec2f0c5b8b8278751016,20160,241920
WALLABY J133209-245132,NGC 5044 TR3,NGC5044,10,profile_rejected,negative source annular moment-0 weight; no clipping is allowed,False,,,,52x49,150x52x49,573,6.000000000012,497978.1875,178,https://ws.cadc-ccda.hia-iha.nrc-cnrc.gc.ca/data/pub/WALLABY/WALLABY_J133209-245132_NGC_5044_TR3_mom0.fits,https://ws.cadc-ccda.hia-iha.nrc-cnrc.gc.ca/data/pub/WALLABY/WALLABY_J133209-245132_NGC_5044_TR3_mask.fits,e587c8a5e2dbfb6c2b0c806fb42b3bc851bc78ec8a520132807fe2e01943b17e,30b8aba0c913b7ac396ac848842632cc367982e359054085385dd322aa1f2991,23040,394560
WALLABY J133210-252901,NGC 5044 TR3,NGC5044,3,pass,,False,12,0.8253492225446836,72.000000000144,38x39,54x38x39,253,6.000000000012,276136.28125,27,https://ws.cadc-ccda.hia-iha.nrc-cnrc.gc.ca/data/pub/WALLABY/WALLABY_J133210-252901_NGC_5044_TR3_mom0.fits,https://ws.cadc-ccda.hia-iha.nrc-cnrc.gc.ca/data/pub/WALLABY/WALLABY_J133210-252901_NGC_5044_TR3_mask.fits,04f1e02a560b462e7542fd4dc04d60c063128a96786298bf6d139d3d05eb3cb4,ac41d2696348bb103c6516afd9cd58f5724aa770454cb4ebe1bb88e8ca9387b8,20160,92160
WALLABY J133212-211202,NGC 5044 TR3,NGC5044,2,pass,,False,18,0.7180594186030571,108.000000000216,45x42,113x45x42,418,6.000000000012,321388.125,78,https://ws.cadc-ccda.hia-iha.nrc-cnrc.gc.ca/data/pub/WALLABY/WALLABY_J133212-211202_NGC_5044_TR3_mom0.fits,https://ws.cadc-ccda.hia-iha.nrc-cnrc.gc.ca/data/pub/WALLABY/WALLABY_J133212-211202_NGC_5044_TR3_mask.fits,c627e3afaa905491ebeb8caa99c2117efe3f1f75e0133eae48f2aae82beabee2,3d9e330dd576e9e67acb5612fb5ae1b70618832a317937a0f0525d612e127fbe,20160,227520
WALLABY J133213-223743,NGC 5044 TR3,NGC5044,21,profile_rejected,negative source annular moment-0 weight; no clipping is allowed,False,,,,35x36,67x35x36,177,6.000000000012,64735.8046875,35,https://ws.cadc-ccda.hia-iha.nrc-cnrc.gc.ca/data/pub/WALLABY/WALLABY_J133213-223743_NGC_5044_TR3_mom0.fits,https://ws.cadc-ccda.hia-iha.nrc-cnrc.gc.ca/data/pub/WALLABY/WALLABY_J133213-223743_NGC_5044_TR3_mask.fits,9b49ae3cd3509a98c963d16a16a26f8ce81eeeb91710eb9b4f9209859cf571dd,7034697afa48983d50ddaf3d6e38422fa72a2292649da6ecf77c9f65a0e10658,17280,97920
WALLABY J133217-164324,NGC 5044 TR3,NGC5044,3,profile_rejected,negative source annular moment-0 weight; no clipping is allowed,False,,,,39x38,61x39x38,230,6.000000000012,43949.9765625,41,https://ws.cadc-ccda.hia-iha.nrc-cnrc.gc.ca/data/pub/WALLABY/WALLABY_J133217-164324_NGC_5044_TR3_mom0.fits,https://ws.cadc-ccda.hia-iha.nrc-cnrc.gc.ca/data/pub/WALLABY/WALLABY_J133217-164324_NGC_5044_TR3_mask.fits,e13dcb00f1b6e822e9677d41e959746575d4cd3d7e0e10d9e5ea91ebaf6bddc0,4ebe606377038c873ab9c682cac92d1a181dda05e93412b08da46b1003d2bd75,20160,103680
WALLABY J133217-210813,NGC 5044 TR3,NGC5044,2,pass,,False,16,0.686881544466252,96.000000000192,34x40,64x34x40,176,6.000000000012,47938.4921875,23,https://ws.cadc-ccda.hia-iha.nrc-cnrc.gc.ca/data/pub/WALLABY/WALLABY_J133217-210813_NGC_5044_TR3_mom0.fits,https://ws.cadc-ccda.hia-iha.nrc-cnrc.gc.ca/data/pub/WALLABY/WALLABY_J133217-210813_NGC_5044_TR3_mask.fits,a4112d6e6073de4d4a11ed5f59bc6e3be745376ec48d66198ddef1726ba34a8f,2de1b121cfd714df14b3502831d47437105ca6b27eb1ccd4c0b40b8b47223d60,17280,100800
WALLABY J133217-231924,NGC 5044 TR3,NGC5044,7,pass,,False,11,0.9648253419773465,66.000000000132,38x38,83x38x38,253,6.000000000012,90420.234375,29,https://ws.cadc-ccda.hia-iha.nrc-cnrc.gc.ca/data/pub/WALLABY/WALLABY_J133217-231924_NGC_5044_TR3_mom0.fits,https://ws.cadc-ccda.hia-iha.nrc-cnrc.gc.ca/data/pub/WALLABY/WALLABY_J133217-231924_NGC_5044_TR3_mask.fits,ba94b3a8352331882b86093aa6f6dca4d8e285d3ed1f8be5035f1a9d49bf319e,182b69626844168303cb6efea07bbe09cea3522a4e3b0647c38eca6369f410f2,20160,132480
WALLABY J133218-233549,NGC 5044 TR3,NGC5044,13,profile_rejected,negative source annular moment-0 weight; no clipping is allowed,False,,,,37x45,69x37x45,265,6.000000000012,88560.0390625,44,https://ws.cadc-ccda.hia-iha.nrc-cnrc.gc.ca/data/pub/WALLABY/WALLABY_J133218-233549_NGC_5044_TR3_mom0.fits,https://ws.cadc-ccda.hia-iha.nrc-cnrc.gc.ca/data/pub/WALLABY/WALLABY_J133218-233549_NGC_5044_TR3_mask.fits,061bc05b47b360fd2367d6e6370a7c802e6cd571ae66f8fea321c996bada2512,03052979f7b8ce6de09de8361a70466fbaa0fa360f77a1faa127db9827dea2e4,20160,126720
WALLABY J133222-200358,NGC 5044 TR3,NGC5044,21,pass,,False,9,0.8139729916041428,54.000000000108,35x34,65x35x34,152,6.000000000012,58970.375,10,https://ws.cadc-ccda.hia-iha.nrc-cnrc.gc.ca/data/pub/WALLABY/WALLABY_J133222-200358_NGC_5044_TR3_mom0.fits,https://ws.cadc-ccda.hia-iha.nrc-cnrc.gc.ca/data/pub/WALLABY/WALLABY_J133222-200358_NGC_5044_TR3_mask.fits,00f3cf20a1d5f02ae9cbad26df22a0699f9272d212cf2fc1f111ddc29aea7c4a,1771b73b92b6318fd87233dd6d13dee0c210d49a002d123fb7332cae1aa2f91f,17280,89280
WALLABY J133224-192120,NGC 5044 TR3,NGC5044,23,pass,,False,9,0.677969228028465,54.000000000108,31x31,83x31x31,81,6.000000000012,42549.7421875,3,https://ws.cadc-ccda.hia-iha.nrc-cnrc.gc.ca/data/pub/WALLABY/WALLABY_J133224-192120_NGC_5044_TR3_mom0.fits,https://ws.cadc-ccda.hia-iha.nrc-cnrc.gc.ca/data/pub/WALLABY/WALLABY_J133224-192120_NGC_5044_TR3_mask.fits,7eb8f556fac84ed33e92a41be48db2a8dc75f2f9d4ef6a2cee2ff716e959ccf5,8337076a885e4ae40068271c5a3b8fadb71fd0945b471620dd701e923b4a0332,17280,92160
WALLABY J133232-140759,NGC 5044 TR3,NGC5044,10,profile_rejected,negative source annular moment-0 weight; no clipping is allowed,False,,,,35x32,76x35x32,112,6.000000000012,61425.1640625,18,https://ws.cadc-ccda.hia-iha.nrc-cnrc.gc.ca/data/pub/WALLABY/WALLABY_J133232-140759_NGC_5044_TR3_mom0.fits,https://ws.cadc-ccda.hia-iha.nrc-cnrc.gc.ca/data/pub/WALLABY/WALLABY_J133232-140759_NGC_5044_TR3_mask.fits,3f35798c31e0c11c7338c6f049585b695eae82b18c8ad561101efcdf9b55cee8,8a5b32ce3a3fec55801458285c3dd7423eb4b30840f2b034e77139006eadff9f,17280,97920
WALLABY J133236-225242,NGC 5044 TR3,NGC5044,2,profile_rejected,negative source annular moment-0 weight; no clipping is allowed,False,,,,35x35,56x35x35,156,6.000000000012,52770.09765625,28,https://ws.cadc-ccda.hia-iha.nrc-cnrc.gc.ca/data/pub/WALLABY/WALLABY_J133236-225242_NGC_5044_TR3_mom0.fits,https://ws.cadc-ccda.hia-iha.nrc-cnrc.gc.ca/data/pub/WALLABY/WALLABY_J133236-225242_NGC_5044_TR3_mask.fits,738248349f9c5c17274e8a9e818ffe4d23f661c5a40782bd04efdc24a5cfbb79,9e5798a2c53f5a6906a2c7ab55ca2f513a4c4953a8e083d2c5d15b5620e3e789,17280,80640
WALLABY J133240-192505,NGC 5044 TR3,NGC5044,22,profile_rejected,negative source annular moment-0 weight; no clipping is allowed,False,,,,43x54,78x43x54,556,6.000000000012,277915.875,83,https://ws.cadc-ccda.hia-iha.nrc-cnrc.gc.ca/data/pub/WALLABY/WALLABY_J133240-192505_NGC_5044_TR3_mom0.fits,https://ws.cadc-ccda.hia-iha.nrc-cnrc.gc.ca/data/pub/WALLABY/WALLABY_J133240-192505_NGC_5044_TR3_mask.fits,332e0a69fb8c256ae70e07755bf9c7923fbc238f4876aa4113331f186a6c300a,8431ddf1ebd7a881f222ff28bebe4285b17d1802f572f6bb44e9e46104505b4f,23040,192960
WALLABY J133242-233015,NGC 5044 TR3,NGC5044,0,pass,,False,8,0.9024432287214593,48.000000000096,34x34,60x34x34,148,6.000000000012,44897.23828125,30,https://ws.cadc-ccda.hia-iha.nrc-cnrc.gc.ca/data/pub/WALLABY/WALLABY_J133242-233015_NGC_5044_TR3_mom0.fits,https://ws.cadc-ccda.hia-iha.nrc-cnrc.gc.ca/data/pub/WALLABY/WALLABY_J133242-233015_NGC_5044_TR3_mask.fits,50e3170b9c6bab55df16484615751a1fc9bd7c2253ba37c31c8742377f865393,539bb74c37f34c6e412029edf319dcfadfb59235ad70c998b28856ab79ce4ff8,17280,83520
WALLABY J133242-252831,NGC 5044 TR3,NGC5044,3,profile_rejected,negative source annular moment-0 weight; no clipping is allowed,False,,,,39x41,86x39x41,305,6.000000000012,390905.34375,40,https://ws.cadc-ccda.hia-iha.nrc-cnrc.gc.ca/data/pub/WALLABY/WALLABY_J133242-252831_NGC_5044_TR3_mom0.fits,https://ws.cadc-ccda.hia-iha.nrc-cnrc.gc.ca/data/pub/WALLABY/WALLABY_J133242-252831_NGC_5044_TR3_mask.fits,5a7e17d7309b7ac66347f43a9548632a42423c16db0dc86bbe1d9bab04de7d06,72cbcfee2e187860f3ceb9e0d7421d4e2c7bad41da71a3a241de18f6aa9ee03b,20160,149760
WALLABY J133245-211455,NGC 5044 TR3,NGC5044,5,profile_rejected,negative source annular moment-0 weight; no clipping is allowed,False,,,,37x39,73x37x39,269,6.000000000012,117191.0,57,https://ws.cadc-ccda.hia-iha.nrc-cnrc.gc.ca/data/pub/WALLABY/WALLABY_J133245-211455_NGC_5044_TR3_mom0.fits,https://ws.cadc-ccda.hia-iha.nrc-cnrc.gc.ca/data/pub/WALLABY/WALLABY_J133245-211455_NGC_5044_TR3_mask.fits,ba0babb826d7c7997b223cd8df1d9afac61885c33fc74da19f603981972b6697,61de8e2150793f3133209d38b9b547af901042821161b183b761bf1b70b7de32,20160,118080
WALLABY J133245-241711,NGC 5044 TR3,NGC5044,1,pass,,False,15,0.866622686633713,90.00000000018001,38x42,110x38x42,266,6.000000000012,162508.984375,30,https://ws.cadc-ccda.hia-iha.nrc-cnrc.gc.ca/data/pub/WALLABY/WALLABY_J133245-241711_NGC_5044_TR3_mom0.fits,https://ws.cadc-ccda.hia-iha.nrc-cnrc.gc.ca/data/pub/WALLABY/WALLABY_J133245-241711_NGC_5044_TR3_mask.fits,c149501881ffe552e7fe0e2e88964d9891fae2b7b7e31a7cf1c8784e87f63309,2fc1b0f4f4e0dbb0749227fd0180d16814071416cc231cd5d4f7c39b715e3a66,20160,187200
WALLABY J133247-222656,NGC 5044 TR3,NGC5044,11,pass,,False,13,0.7373980230296805,78.000000000156,37x41,104x37x41,274,6.000000000012,189664.34375,41,https://ws.cadc-ccda.hia-iha.nrc-cnrc.gc.ca/data/pub/WALLABY/WALLABY_J133247-222656_NGC_5044_TR3_mom0.fits,https://ws.cadc-ccda.hia-iha.nrc-cnrc.gc.ca/data/pub/WALLABY/WALLABY_J133247-222656_NGC_5044_TR3_mask.fits,75796f9725c50b8e393d361f2d0d80156b67a3d1b4d9a20ad328a9d93d4d84cb,5a0f33e55c2531b465b6c8e60eced7500532c10f9b9dfc4844d9df242a867a11,20160,169920
WALLABY J133248-184038,NGC 5044 TR3,NGC5044,16,profile_rejected,negative source annular moment-0 weight; no clipping is allowed,False,,,,35x35,72x35x35,163,6.000000000012,46539.9296875,43,https://ws.cadc-ccda.hia-iha.nrc-cnrc.gc.ca/data/pub/WALLABY/WALLABY_J133248-184038_NGC_5044_TR3_mom0.fits,https://ws.cadc-ccda.hia-iha.nrc-cnrc.gc.ca/data/pub/WALLABY/WALLABY_J133248-184038_NGC_5044_TR3_mask.fits,f7ce4466d12406bacec2d1dceb7b957b761521daef09b9e8d39f483550bc79e9,3e0fa56db03f06fe160f016b66e9f1021e4ff7669d2b5b6275a7a1e879c2e672,17280,100800
WALLABY J133253-241226,NGC 5044 TR3,NGC5044,23,pass,,False,17,0.7623880991035683,102.000000000204,45x46,126x45x46,460,6.000000000012,385426.5625,38,https://ws.cadc-ccda.hia-iha.nrc-cnrc.gc.ca/data/pub/WALLABY/WALLABY_J133253-241226_NGC_5044_TR3_mom0.fits,https://ws.cadc-ccda.hia-iha.nrc-cnrc.gc.ca/data/pub/WALLABY/WALLABY_J133253-241226_NGC_5044_TR3_mask.fits,4080dbd31ab2bc75c8663ba5735aa1a46d3d725f710ece6c9c3686e4693d3111,a50f5fe11ea0f44ffb29259db87c710ed77f3f071c293dad3d82b1bebb6f51d5,20160,273600
WALLABY J133255-154459,NGC 5044 TR3,NGC5044,1,pass,,False,17,0.644302548479199,102.000000000204,41x35,60x41x35,197,6.000000000012,31935.55078125,50,https://ws.cadc-ccda.hia-iha.nrc-cnrc.gc.ca/data/pub/WALLABY/WALLABY_J133255-154459_NGC_5044_TR3_mom0.fits,https://ws.cadc-ccda.hia-iha.nrc-cnrc.gc.ca/data/pub/WALLABY/WALLABY_J133255-154459_NGC_5044_TR3_mask.fits,8d8a3dbae2ed4e5f8d142f05976d2ea0994a7097142e84f91a0404a8a51e8eaf,6aea4d13ff08ca11c21e7ed58207fa3e738702f45965ee2b3e52508f717ed0e5,17280,97920
WALLABY J133256-233558,NGC 5044 TR3,NGC5044,21,pass,,False,16,0.690546926064906,96.000000000192,39x41,90x39x41,278,6.000000000012,105344.5703125,35,https://ws.cadc-ccda.hia-iha.nrc-cnrc.gc.ca/data/pub/WALLABY/WALLABY_J133256-233558_NGC_5044_TR3_mom0.fits,https://ws.cadc-ccda.hia-iha.nrc-cnrc.gc.ca/data/pub/WALLABY/WALLABY_J133256-233558_NGC_5044_TR3_mask.fits,335f72e74f217772dc2a83990780ab0822880041c68e93bed354fbf2dcdf0e67,6f94ef5233a71a0b442daf824ea946149244e6877a7a3298e65b37e6ea6e3a44,20160,155520
WALLABY J133256-251035,NGC 5044 TR3,NGC5044,6,profile_rejected,negative source annular moment-0 weight; no clipping is allowed,False,,,,45x58,108x45x58,585,6.000000000012,350698.71875,68,https://ws.cadc-ccda.hia-iha.nrc-cnrc.gc.ca/data/pub/WALLABY/WALLABY_J133256-251035_NGC_5044_TR3_mom0.fits,https://ws.cadc-ccda.hia-iha.nrc-cnrc.gc.ca/data/pub/WALLABY/WALLABY_J133256-251035_NGC_5044_TR3_mask.fits,f0e1058a9fd272b1d495183a9212fa4f78d47eeed7299d7d74ba499493f51620,3f1acb2a17a09f015ad1ef1990ea2faa165eb197cb7424ab23e21be0b74bcb9a,23040,293760
WALLABY J133300-224718,NGC 5044 TR3,NGC5044,7,pass,,False,9,0.9097760190991915,54.000000000108,33x34,55x33x34,145,6.000000000012,46254.5703125,14,https://ws.cadc-ccda.hia-iha.nrc-cnrc.gc.ca/data/pub/WALLABY/WALLABY_J133300-224718_NGC_5044_TR3_mom0.fits,https://ws.cadc-ccda.hia-iha.nrc-cnrc.gc.ca/data/pub/WALLABY/WALLABY_J133300-224718_NGC_5044_TR3_mask.fits,8e4e6b9eebec333b88697d3f87190aff5d9a19747a57dcfffaa92c569e61f0c9,6ede2e342c25bb40abc0b3f71536a0967c4b95731f637c6edca7407c6949ef53,17280,74880
WALLABY J133301-161437,NGC 5044 TR3,NGC5044,17,pass,,False,17,0.7305213189961085,102.000000000204,47x40,105x47x40,367,6.000000000012,146850.078125,72,https://ws.cadc-ccda.hia-iha.nrc-cnrc.gc.ca/data/pub/WALLABY/WALLABY_J133301-161437_NGC_5044_TR3_mom0.fits,https://ws.cadc-ccda.hia-iha.nrc-cnrc.gc.ca/data/pub/WALLABY/WALLABY_J133301-161437_NGC_5044_TR3_mask.fits,3292c634db81168d58060694d25133f6eb59e38cfa031d3274b0220ed16f7743,0684ef5b8ab1d86e168bb375e2143d4f6addebf9465879ef238d97505972472d,20160,210240
WALLABY J133304-215852,NGC 5044 TR3,NGC5044,21,profile_rejected,negative source annular moment-0 weight; no clipping is allowed,False,,,,40x41,81x40x41,331,6.000000000012,169729.234375,86,https://ws.cadc-ccda.hia-iha.nrc-cnrc.gc.ca/data/pub/WALLABY/WALLABY_J133304-215852_NGC_5044_TR3_mom0.fits,https://ws.cadc-ccda.hia-iha.nrc-cnrc.gc.ca/data/pub/WALLABY/WALLABY_J133304-215852_NGC_5044_TR3_mask.fits,f6f2d6455808aeb95052e35eabfce179581a370158ac800e0ca73c734ddecd70,ce6c60cf87e07d3212e5c87d5ae03d9e692e9af6fa56ede97bc9db20a54d3540,20160,146880
WALLABY J133304-241753,NGC 5044 TR3,NGC5044,4,pass,,False,11,0.616238540668167,66.000000000132,32x34,63x32x34,131,6.000000000012,40858.08203125,16,https://ws.cadc-ccda.hia-iha.nrc-cnrc.gc.ca/data/pub/WALLABY/WALLABY_J133304-241753_NGC_5044_TR3_mom0.fits,https://ws.cadc-ccda.hia-iha.nrc-cnrc.gc.ca/data/pub/WALLABY/WALLABY_J133304-241753_NGC_5044_TR3_mask.fits,5c33fbae9a73bb7c62c6930e160d6f595f446a526ab9844e16d6872ae1828fc9,2e8d3bcc69289d563aca336d714cc7b2eebe5237b38608cae8bc4beb33691551,17280,80640
WALLABY J133308-233234,NGC 5044 TR3,NGC5044,19,pass,,False,14,0.8615550251630654,84.000000000168,39x43,89x39x43,338,6.000000000012,218371.859375,56,https://ws.cadc-ccda.hia-iha.nrc-cnrc.gc.ca/data/pub/WALLABY/WALLABY_J133308-233234_NGC_5044_TR3_mom0.fits,https://ws.cadc-ccda.hia-iha.nrc-cnrc.gc.ca/data/pub/WALLABY/WALLABY_J133308-233234_NGC_5044_TR3_mask.fits,95c4edc3b9a35aca5e37246043753c6e532d190cae227a90ce5d4a6300c0c87b,9ed3ccbd5cdc849c2c9857299f6c76b9eef22f8bedaab54229919b5c2615da0a,20160,161280
WALLABY J133314-160715,NGC 5044 TR3,NGC5044,18,pass,,False,40,0.6198542036156776,240.00000000048001,64x85,209x64x85,1512,6.000000000012,1102630.75,185,https://ws.cadc-ccda.hia-iha.nrc-cnrc.gc.ca/data/pub/WALLABY/WALLABY_J133314-160715_NGC_5044_TR3_mom0.fits,https://ws.cadc-ccda.hia-iha.nrc-cnrc.gc.ca/data/pub/WALLABY/WALLABY_J133314-160715_NGC_5044_TR3_mask.fits,f2bd49914b859ceeb3ba418ea6a9a3490b8cf12bba074b8fbfd7e64bc63cbe9a,4522e17df8b39a19628c1bf59f2f34804eca0675bf24309acce4f9582e67685c,34560,1149120
WALLABY J133318-210547,NGC 5044 TR3,NGC5044,9,profile_rejected,negative source annular moment-0 weight; no clipping is allowed,False,,,,38x38,59x38x38,226,6.000000000012,57643.4609375,36,https://ws.cadc-ccda.hia-iha.nrc-cnrc.gc.ca/data/pub/WALLABY/WALLABY_J133318-210547_NGC_5044_TR3_mom0.fits,https://ws.cadc-ccda.hia-iha.nrc-cnrc.gc.ca/data/pub/WALLABY/WALLABY_J133318-210547_NGC_5044_TR3_mask.fits,839c6e9c61d4582eb1ae922cc7cf6933348eebb482527158ba7610c2c430ee68,655725809635384b3d8910d9e498ee63e6e8895664dce6ba5ea4dae4cc7e7acf,20160,97920
WALLABY J133319-183129,NGC 5044 TR3,NGC5044,0,pass,,False,8,0.9450615562923986,48.000000000096,34x33,77x34x33,136,6.000000000012,40174.30859375,11,https://ws.cadc-ccda.hia-iha.nrc-cnrc.gc.ca/data/pub/WALLABY/WALLABY_J133319-183129_NGC_5044_TR3_mom0.fits,https://ws.cadc-ccda.hia-iha.nrc-cnrc.gc.ca/data/pub/WALLABY/WALLABY_J133319-183129_NGC_5044_TR3_mask.fits,49f90dfe5e623691ae698253be4f80159bbe3b68666d44cef4f70e336958b3a2,ba4751ef010573ad6bdd27512e2343bd8f03b2eab556ff5c47362f9bcd99cad0,17280,97920
WALLABY J133321-231451,NGC 5044 TR3,NGC5044,14,pass,,False,11,0.8389913127849213,66.000000000132,37x38,103x37x38,231,6.000000000012,133897.9375,25,https://ws.cadc-ccda.hia-iha.nrc-cnrc.gc.ca/data/pub/WALLABY/WALLABY_J133321-231451_NGC_5044_TR3_mom0.fits,https://ws.cadc-ccda.hia-iha.nrc-cnrc.gc.ca/data/pub/WALLABY/WALLABY_J133321-231451_NGC_5044_TR3_mask.fits,b300273e38132a66d4398ea87241c3c8664cc57a80582f7da17ed35fa9e04712,eb62942f90f39623204788c9ddc930b632b736209e5132149e58daf54d67f5b3,17280,158400
WALLABY J133325-220257,NGC 5044 TR3,NGC5044,1,pass,,False,13,0.7538870111886321,78.000000000156,39x38,67x39x38,271,6.000000000012,110689.765625,31,https://ws.cadc-ccda.hia-iha.nrc-cnrc.gc.ca/data/pub/WALLABY/WALLABY_J133325-220257_NGC_5044_TR3_mom0.fits,https://ws.cadc-ccda.hia-iha.nrc-cnrc.gc.ca/data/pub/WALLABY/WALLABY_J133325-220257_NGC_5044_TR3_mask.fits,00d1b2b7c002ada56db45cb63210d02d00e01635022740ab25cb384e1ef764c8,b103d71244b8c46cc78e82dd68050ca8e5fc7d82874a6fcc903cb7ca123f218f,20160,112320
WALLABY J133328-205305,NGC 5044 TR3,NGC5044,3,pass,,False,17,0.5260600073042871,102.000000000204,38x38,72x38x38,245,6.000000000012,100052.578125,46,https://ws.cadc-ccda.hia-iha.nrc-cnrc.gc.ca/data/pub/WALLABY/WALLABY_J133328-205305_NGC_5044_TR3_mom0.fits,https://ws.cadc-ccda.hia-iha.nrc-cnrc.gc.ca/data/pub/WALLABY/WALLABY_J133328-205305_NGC_5044_TR3_mask.fits,2bb4dfa08578dd0a40a6ee46e87015e3c7f0cf1fc5294ccb825522a0d7ddaa58,f37e903b3c3fea30702b47a7fea028039b38a11065eb26a358fac1985399d25f,20160,118080
WALLABY J133329-211151,NGC 5044 TR3,NGC5044,12,profile_rejected,negative source annular moment-0 weight; no clipping is allowed,False,,,,60x49,92x60x49,599,6.000000000012,343690.40625,119,https://ws.cadc-ccda.hia-iha.nrc-cnrc.gc.ca/data/pub/WALLABY/WALLABY_J133329-211151_NGC_5044_TR3_mom0.fits,https://ws.cadc-ccda.hia-iha.nrc-cnrc.gc.ca/data/pub/WALLABY/WALLABY_J133329-211151_NGC_5044_TR3_mask.fits,05565ffa6bec9aedc4f688943602abeac31f79b12d31b8033a5e6199037d21b8,b0b4fef095eb97e33b84077648f52cc28fa619a0ec0d07251168ca1eb4b247af,25920,282240
WALLABY J133336-174246,NGC 5044 TR3,NGC5044,11,profile_rejected,negative source annular moment-0 weight; no clipping is allowed,False,,,,33x32,78x33x32,92,6.000000000012,22840.3828125,20,https://ws.cadc-ccda.hia-iha.nrc-cnrc.gc.ca/data/pub/WALLABY/WALLABY_J133336-174246_NGC_5044_TR3_mom0.fits,https://ws.cadc-ccda.hia-iha.nrc-cnrc.gc.ca/data/pub/WALLABY/WALLABY_J133336-174246_NGC_5044_TR3_mask.fits,3245528690106f834d7c98961fe27ea0cbe9eb174dae22e97fca68a5e112e3f9,3f6488da7f6f6f92c2c528f73a7765c9cd4dbc1abaed7ad2b50e4f2d010d5a6e,17280,95040
WALLABY J133339-160930,NGC 5044 TR3,NGC5044,16,profile_rejected,negative source annular moment-0 weight; no clipping is allowed,False,,,,39x37,101x39x37,229,6.000000000012,82686.4609375,40,https://ws.cadc-ccda.hia-iha.nrc-cnrc.gc.ca/data/pub/WALLABY/WALLABY_J133339-160930_NGC_5044_TR3_mom0.fits,https://ws.cadc-ccda.hia-iha.nrc-cnrc.gc.ca/data/pub/WALLABY/WALLABY_J133339-160930_NGC_5044_TR3_mask.fits,38431c54daf110d3ee2cfee26d3e9ef9110950783cab1185cfa74b46c3d9d843,70c2b86ba4c3bd472ec3c0945a9443d8080d2c18b6a36322485273c811d3e06c,20160,158400
WALLABY J133348-244525,NGC 5044 TR3,NGC5044,7,profile_rejected,negative source annular moment-0 weight; no clipping is allowed,False,,,,44x53,121x44x53,599,6.000000000012,663877.125,111,https://ws.cadc-ccda.hia-iha.nrc-cnrc.gc.ca/data/pub/WALLABY/WALLABY_J133348-244525_NGC_5044_TR3_mom0.fits,https://ws.cadc-ccda.hia-iha.nrc-cnrc.gc.ca/data/pub/WALLABY/WALLABY_J133348-244525_NGC_5044_TR3_mask.fits,fd0f5aa505bd638a4209d037f708ba8cbea998adfe7194c32f53466836a99232,30978cc4b92f326b94e3fa6e6fcd1a8227a9e897dc8d06d35cea7cb2b309fe75,23040,293760
WALLABY J133351-224126,NGC 5044 TR3,NGC5044,2,pass,,False,11,0.862134040179826,66.000000000132,37x32,109x37x32,176,6.000000000012,62867.34765625,8,https://ws.cadc-ccda.hia-iha.nrc-cnrc.gc.ca/data/pub/WALLABY/WALLABY_J133351-224126_NGC_5044_TR3_mom0.fits,https://ws.cadc-ccda.hia-iha.nrc-cnrc.gc.ca/data/pub/WALLABY/WALLABY_J133351-224126_NGC_5044_TR3_mask.fits,52a576e061f30fdfa2c8048a7ba761d6cdc8c96ad429b0f32ee49d22d7bb4778,629be09875d9b94b37e8ff377a72d60da7bd4eabf950a2b74ff6999b63f40422,17280,141120
WALLABY J133402-144915,NGC 5044 TR3,NGC5044,14,pass,,False,11,0.6831342901198963,66.000000000132,34x41,116x34x41,215,6.000000000012,93982.328125,15,https://ws.cadc-ccda.hia-iha.nrc-cnrc.gc.ca/data/pub/WALLABY/WALLABY_J133402-144915_NGC_5044_TR3_mom0.fits,https://ws.cadc-ccda.hia-iha.nrc-cnrc.gc.ca/data/pub/WALLABY/WALLABY_J133402-144915_NGC_5044_TR3_mask.fits,0f85eaca6ab821fc693aaa34c04b3bc58d909d14ece43ac5ba57006e4372767a,91985e3b1e449e0ace205828ac6617ac59610a8112e50093dbd3b11d76f707f5,17280,175680
WALLABY J133404-173739,NGC 5044 TR3,NGC5044,15,profile_rejected,negative source annular moment-0 weight; no clipping is allowed,False,,,,50x40,160x50x40,367,6.000000000012,161383.296875,47,https://ws.cadc-ccda.hia-iha.nrc-cnrc.gc.ca/data/pub/WALLABY/WALLABY_J133404-173739_NGC_5044_TR3_mom0.fits,https://ws.cadc-ccda.hia-iha.nrc-cnrc.gc.ca/data/pub/WALLABY/WALLABY_J133404-173739_NGC_5044_TR3_mask.fits,13a1366ef18cfd48dad57cf3216e3cba3b22b87d5be7f2d8d6cc7bb50f48c2ac,63ba19d1083482ff67805dcd30e4b8cb959afb4e51a96aa7e2a04a612d7627c7,20160,334080
WALLABY J133404-205326,NGC 5044 TR3,NGC5044,10,profile_rejected,negative source annular moment-0 weight; no clipping is allowed,False,,,,36x39,102x36x39,211,6.000000000012,98465.765625,40,https://ws.cadc-ccda.hia-iha.nrc-cnrc.gc.ca/data/pub/WALLABY/WALLABY_J133404-205326_NGC_5044_TR3_mom0.fits,https://ws.cadc-ccda.hia-iha.nrc-cnrc.gc.ca/data/pub/WALLABY/WALLABY_J133404-205326_NGC_5044_TR3_mask.fits,9538e55b9e9720598b2ec6528fa1bc44bb78e706e510f4b4e361f390a43b23fe,707d604fda1e0476a4db901af2c91e2914f4ef1623327abc81f23697d331b55e,17280,155520
WALLABY J133413-225449,NGC 5044 TR3,NGC5044,20,pass,,False,15,0.640270859371096,90.00000000018001,38x38,111x38x38,161,6.000000000012,88959.890625,10,https://ws.cadc-ccda.hia-iha.nrc-cnrc.gc.ca/data/pub/WALLABY/WALLABY_J133413-225449_NGC_5044_TR3_mom0.fits,https://ws.cadc-ccda.hia-iha.nrc-cnrc.gc.ca/data/pub/WALLABY/WALLABY_J133413-225449_NGC_5044_TR3_mask.fits,5f5921626d3017ca46a5b814a884bf19b42bb89cfde561ae4bb40dcb1c95a750,875f5a9a7158d9846e75ff08ceeee04c792440b8535fb76cfb72b93c018797ff,20160,172800
WALLABY J133416-194756,NGC 5044 TR3,NGC5044,7,profile_rejected,negative source annular moment-0 weight; no clipping is allowed,False,,,,49x35,92x49x35,324,6.000000000012,102205.71875,39,https://ws.cadc-ccda.hia-iha.nrc-cnrc.gc.ca/data/pub/WALLABY/WALLABY_J133416-194756_NGC_5044_TR3_mom0.fits,https://ws.cadc-ccda.hia-iha.nrc-cnrc.gc.ca/data/pub/WALLABY/WALLABY_J133416-194756_NGC_5044_TR3_mask.fits,9a2afdef13d9d6bd5b1ba3e6dc8cf020371cf361cdd4d0619c08c751368d0570,e10153dd3684ef637aea8a319013063b71b7e793cc43f58dd4d4d8305a4cffe5,20160,169920
WALLABY J133418-245545,NGC 5044 TR3,NGC5044,9,profile_rejected,negative source annular moment-0 weight; no clipping is allowed,False,,,,35x36,66x35x36,164,6.000000000012,104811.640625,38,https://ws.cadc-ccda.hia-iha.nrc-cnrc.gc.ca/data/pub/WALLABY/WALLABY_J133418-245545_NGC_5044_TR3_mom0.fits,https://ws.cadc-ccda.hia-iha.nrc-cnrc.gc.ca/data/pub/WALLABY/WALLABY_J133418-245545_NGC_5044_TR3_mask.fits,a0b969ad169a1ce418a4d1d8101d67e044c3664b336ac9dd7c6bc332106de5a9,2559f1ef4f95e2da0b5d58f4e832881de78b7d6e73ec0b5f60944629e597d28b,17280,95040
WALLABY J133422-234348,NGC 5044 TR3,NGC5044,6,pass,,False,10,0.9415468741906476,60.000000000120004,38x34,60x38x34,204,6.000000000012,65388.6640625,27,https://ws.cadc-ccda.hia-iha.nrc-cnrc.gc.ca/data/pub/WALLABY/WALLABY_J133422-234348_NGC_5044_TR3_mom0.fits,https://ws.cadc-ccda.hia-iha.nrc-cnrc.gc.ca/data/pub/WALLABY/WALLABY_J133422-234348_NGC_5044_TR3_mask.fits,0d1755356bdc48dfeb845334e12da54d2b89988387bbd4d25ccf0c0bfbb8c33c,e941bc3b0b56b6062e7293d787a30284b2da6adf51fb88c68878a5eec58f0c01,17280,89280
WALLABY J133424-141834,NGC 5044 TR3,NGC5044,22,pass,,False,10,0.6710988153092773,60.000000000120004,37x33,55x37x33,170,6.000000000012,58560.0625,15,https://ws.cadc-ccda.hia-iha.nrc-cnrc.gc.ca/data/pub/WALLABY/WALLABY_J133424-141834_NGC_5044_TR3_mom0.fits,https://ws.cadc-ccda.hia-iha.nrc-cnrc.gc.ca/data/pub/WALLABY/WALLABY_J133424-141834_NGC_5044_TR3_mask.fits,378b5340962a5fb30b4def898000cf9d361af7b98f0155ca46706c3e13133436,1e6772e3ea649971d70d208c2b35b2a11bc9433456803a9fcc5df393458ef3ab,17280,80640
WALLABY J133425-153304,NGC 5044 TR3,NGC5044,0,profile_rejected,negative source annular moment-0 weight; no clipping is allowed,False,,,,38x44,66x38x44,296,6.000000000012,57982.4140625,54,https://ws.cadc-ccda.hia-iha.nrc-cnrc.gc.ca/data/pub/WALLABY/WALLABY_J133425-153304_NGC_5044_TR3_mom0.fits,https://ws.cadc-ccda.hia-iha.nrc-cnrc.gc.ca/data/pub/WALLABY/WALLABY_J133425-153304_NGC_5044_TR3_mask.fits,1e94ef65b190377be459a9a4d84c69740a5b7ad83c64e3d73d97b5f98043fd6c,289eef426f6707944a9e8418a932154473d7465947b029b6b60822db400c4d5d,20160,123840
WALLABY J133431-211305,NGC 5044 TR3,NGC5044,16,profile_rejected,negative source annular moment-0 weight; no clipping is allowed,False,,,,40x37,66x40x37,197,6.000000000012,39302.8203125,37,https://ws.cadc-ccda.hia-iha.nrc-cnrc.gc.ca/data/pub/WALLABY/WALLABY_J133431-211305_NGC_5044_TR3_mom0.fits,https://ws.cadc-ccda.hia-iha.nrc-cnrc.gc.ca/data/pub/WALLABY/WALLABY_J133431-211305_NGC_5044_TR3_mask.fits,3bf9be68a15073b89174e44ca93a393e83c5300eb104d6ded61450d89e77ff20,d205e306f9372203c81c6b9c0865bb138c7b791ee6996e4ebc7a4bc38c56f747,20160,109440
WALLABY J133431-221037,NGC 5044 TR3,NGC5044,12,profile_rejected,negative source annular moment-0 weight; no clipping is allowed,False,,,,32x35,66x32x35,141,6.000000000012,50157.66015625,12,https://ws.cadc-ccda.hia-iha.nrc-cnrc.gc.ca/data/pub/WALLABY/WALLABY_J133431-221037_NGC_5044_TR3_mom0.fits,https://ws.cadc-ccda.hia-iha.nrc-cnrc.gc.ca/data/pub/WALLABY/WALLABY_J133431-221037_NGC_5044_TR3_mask.fits,daac989d4ddc20ca345ca7647b24da15a899bf2f151a79434eb59e53efe6cd53,c35e712d55c199643522cf6a1b572e5b5eb0a78ef2c6466ff1886e3137d31759,17280,86400
WALLABY J133434-245325,NGC 5044 TR3,NGC5044,19,profile_rejected,negative source annular moment-0 weight; no clipping is allowed,False,,,,37x37,72x37x37,215,6.000000000012,98451.171875,52,https://ws.cadc-ccda.hia-iha.nrc-cnrc.gc.ca/data/pub/WALLABY/WALLABY_J133434-245325_NGC_5044_TR3_mom0.fits,https://ws.cadc-ccda.hia-iha.nrc-cnrc.gc.ca/data/pub/WALLABY/WALLABY_J133434-245325_NGC_5044_TR3_mask.fits,13d372725bbcd13a6bfc6ecbc31b5347e45eacf22cd29091812eb563452adb20,fe858e4fac2680787f8128047875dfe53cf19133db271b28a7ea57eed06fd8a9,17280,112320
WALLABY J133437-211108,NGC 5044 TR3,NGC5044,2,pass,,False,13,0.7904174383467811,78.000000000156,40x37,61x40x37,214,6.000000000012,44531.0625,21,https://ws.cadc-ccda.hia-iha.nrc-cnrc.gc.ca/data/pub/WALLABY/WALLABY_J133437-211108_NGC_5044_TR3_mom0.fits,https://ws.cadc-ccda.hia-iha.nrc-cnrc.gc.ca/data/pub/WALLABY/WALLABY_J133437-211108_NGC_5044_TR3_mask.fits,51a097bae88383e9f001d53bb7cfb7a085767725206b887e46c29d7ecbb0cff4,b95530f503f9003f3e8992ad1c8a7a59b5677ab5880141232337dc2a57e05394,20160,103680
WALLABY J133439-154115,NGC 5044 TR3,NGC5044,18,pass,,False,13,0.6235237306441258,78.000000000156,38x36,114x38x36,182,6.000000000012,50843.265625,10,https://ws.cadc-ccda.hia-iha.nrc-cnrc.gc.ca/data/pub/WALLABY/WALLABY_J133439-154115_NGC_5044_TR3_mom0.fits,https://ws.cadc-ccda.hia-iha.nrc-cnrc.gc.ca/data/pub/WALLABY/WALLABY_J133439-154115_NGC_5044_TR3_mask.fits,05eaed6d8ed50e479a73395a33f9eab8e0c40193355143de61fb1eb28c79d26b,d5f8c8c4f23cb5b5769e5a7c571cce94b793ff7174db7ec6e8d62fcf3f98de14,17280,169920
WALLABY J133440-232652,NGC 5044 TR3,NGC5044,11,profile_rejected,negative source annular moment-0 weight; no clipping is allowed,False,,,,35x37,101x35x37,188,6.000000000012,63890.87890625,25,https://ws.cadc-ccda.hia-iha.nrc-cnrc.gc.ca/data/pub/WALLABY/WALLABY_J133440-232652_NGC_5044_TR3_mom0.fits,https://ws.cadc-ccda.hia-iha.nrc-cnrc.gc.ca/data/pub/WALLABY/WALLABY_J133440-232652_NGC_5044_TR3_mask.fits,4c3f77a5a4fc89f4124016c0a9f73140c741eaa45ec17855f709c385eaaf5efb,aef06840ed5fc54430c3a708d262728ce250c98e1bf22b799cacd845591de501,17280,144000
WALLABY J133440-234722,NGC 5044 TR3,NGC5044,6,pass,,False,19,0.8045535029706581,114.000000000228,53x49,95x53x49,691,6.000000000012,366733.1875,43,https://ws.cadc-ccda.hia-iha.nrc-cnrc.gc.ca/data/pub/WALLABY/WALLABY_J133440-234722_NGC_5044_TR3_mom0.fits,https://ws.cadc-ccda.hia-iha.nrc-cnrc.gc.ca/data/pub/WALLABY/WALLABY_J133440-234722_NGC_5044_TR3_mask.fits,50e71db2077dc1e3b1b009fc564c77eca0d3a43d03218d12ab4e77596b1cc81a,82453d4641d843a9736feb4cde06bd6f83cb9a27407054e89a17351f35b30883,23040,259200
WALLABY J133441-191736,NGC 5044 TR3,NGC5044,5,profile_rejected,negative source annular moment-0 weight; no clipping is allowed,False,,,,29x31,88x29x31,77,6.000000000012,38414.43359375,13,https://ws.cadc-ccda.hia-iha.nrc-cnrc.gc.ca/data/pub/WALLABY/WALLABY_J133441-191736_NGC_5044_TR3_mom0.fits,https://ws.cadc-ccda.hia-iha.nrc-cnrc.gc.ca/data/pub/WALLABY/WALLABY_J133441-191736_NGC_5044_TR3_mask.fits,930cd51884443dc89c22555284cb2146d22c1dd17352705e780dd572ae113b37,c0ae3ef383a06ea34a85b1fed38f0d7f8507f14000c3b9459e1ed9351fa1eef0,17280,92160
WALLABY J133446-182427,NGC 5044 TR3,NGC5044,16,profile_rejected,negative source annular moment-0 weight; no clipping is allowed,False,,,,36x38,87x36x38,197,6.000000000012,53098.2734375,21,https://ws.cadc-ccda.hia-iha.nrc-cnrc.gc.ca/data/pub/WALLABY/WALLABY_J133446-182427_NGC_5044_TR3_mom0.fits,https://ws.cadc-ccda.hia-iha.nrc-cnrc.gc.ca/data/pub/WALLABY/WALLABY_J133446-182427_NGC_5044_TR3_mask.fits,ae2099f7302613e886e4b7b474cdc96fbb960ec685c529baaede1e59e7b7b5a3,8fe87e0a6dd312fc4161d4cf907c24baabf287c965c4392505df7ea0848dce77,17280,132480
WALLABY J133446-224630,NGC 5044 TR3,NGC5044,17,profile_rejected,negative source annular moment-0 weight; no clipping is allowed,False,,,,34x33,68x34x33,149,6.000000000012,66811.65625,25,https://ws.cadc-ccda.hia-iha.nrc-cnrc.gc.ca/data/pub/WALLABY/WALLABY_J133446-224630_NGC_5044_TR3_mom0.fits,https://ws.cadc-ccda.hia-iha.nrc-cnrc.gc.ca/data/pub/WALLABY/WALLABY_J133446-224630_NGC_5044_TR3_mask.fits,666cd7ff940c3dcc4c067a12066fa90f54060ee4449a073fd75db4e3836796ea,96e66783683705536ef9841c4d4f35de00f9499023233b6d99ff34ca18c673e9,17280,89280
WALLABY J133446-233550,NGC 5044 TR3,NGC5044,15,profile_rejected,source radial support contains fewer than 8 pixel-scale annuli,False,,,,32x29,59x32x29,82,6.000000000012,36196.46875,5,https://ws.cadc-ccda.hia-iha.nrc-cnrc.gc.ca/data/pub/WALLABY/WALLABY_J133446-233550_NGC_5044_TR3_mom0.fits,https://ws.cadc-ccda.hia-iha.nrc-cnrc.gc.ca/data/pub/WALLABY/WALLABY_J133446-233550_NGC_5044_TR3_mask.fits,c0a88a3e9a3ec237441b8ee5ecdfe19457fe0028d3ae1201843b97f305010fee,87550099515f0b542a69c222f1d0b1eb1f7554fc0ea63236f4e49055d5db03bd,17280,69120
WALLABY J133452-175929,NGC 5044 TR3,NGC5044,4,pass,,False,10,0.904687425802641,60.000000000120004,36x36,67x36x36,195,6.000000000012,50533.828125,26,https://ws.cadc-ccda.hia-iha.nrc-cnrc.gc.ca/data/pub/WALLABY/WALLABY_J133452-175929_NGC_5044_TR3_mom0.fits,https://ws.cadc-ccda.hia-iha.nrc-cnrc.gc.ca/data/pub/WALLABY/WALLABY_J133452-175929_NGC_5044_TR3_mask.fits,25dab2210299886c4aa2d3e22027ce98f64ce9bea83a88b1c39eb6bf467a9860,4f89d6172704f6a3270f93ab8e79a23c231d292d1c1d63131b9cccf25f8db8e3,17280,100800
WALLABY J133457-234236,NGC 5044 TR3,NGC5044,7,profile_rejected,negative source annular moment-0 weight; no clipping is allowed,False,,,,41x36,71x41x36,307,6.000000000012,120003.1875,69,https://ws.cadc-ccda.hia-iha.nrc-cnrc.gc.ca/data/pub/WALLABY/WALLABY_J133457-234236_NGC_5044_TR3_mom0.fits,https://ws.cadc-ccda.hia-iha.nrc-cnrc.gc.ca/data/pub/WALLABY/WALLABY_J133457-234236_NGC_5044_TR3_mask.fits,98ef1a130f0b7b7d0cb6a3152f54c9031689e76facca10840105a2acac76883c,bc2ea2bfc8da8383810d9e4d1d64a435b2b0644d89134a535454470581d19173,20160,118080
WALLABY J133458-235846,NGC 5044 TR3,NGC5044,12,pass,,False,12,0.7891039265760775,72.000000000144,37x36,61x37x36,184,6.000000000012,45002.7734375,7,https://ws.cadc-ccda.hia-iha.nrc-cnrc.gc.ca/data/pub/WALLABY/WALLABY_J133458-235846_NGC_5044_TR3_mom0.fits,https://ws.cadc-ccda.hia-iha.nrc-cnrc.gc.ca/data/pub/WALLABY/WALLABY_J133458-235846_NGC_5044_TR3_mask.fits,ce2a1e5faf86e2dc9da8f1d89e1c6c6de2378fc1a7834ce873f6635d6d2fa784,d88737d0ddd31780872244c8e3a1d55b023bbc116ff7acb9c279690574935b49,17280,95040
WALLABY J133502-221122,NGC 5044 TR3,NGC5044,12,profile_rejected,negative source annular moment-0 weight; no clipping is allowed,False,,,,39x35,84x39x35,206,6.000000000012,63362.1484375,29,https://ws.cadc-ccda.hia-iha.nrc-cnrc.gc.ca/data/pub/WALLABY/WALLABY_J133502-221122_NGC_5044_TR3_mom0.fits,https://ws.cadc-ccda.hia-iha.nrc-cnrc.gc.ca/data/pub/WALLABY/WALLABY_J133502-221122_NGC_5044_TR3_mask.fits,03d416f7d0a3440879d3dbf7d5ce724195fec89585115c9bf3d0c040826870cd,0796c4b55c4aaa4fab5ed3ecb9620c029c9aab22d60f43aa46fdff0acca32015,17280,126720
WALLABY J133506-154918,NGC 5044 TR3,NGC5044,4,profile_rejected,negative source annular moment-0 weight; no clipping is allowed,False,,,,37x35,74x37x35,190,6.000000000012,58150.8046875,47,https://ws.cadc-ccda.hia-iha.nrc-cnrc.gc.ca/data/pub/WALLABY/WALLABY_J133506-154918_NGC_5044_TR3_mom0.fits,https://ws.cadc-ccda.hia-iha.nrc-cnrc.gc.ca/data/pub/WALLABY/WALLABY_J133506-154918_NGC_5044_TR3_mask.fits,40cedd883666ba67d6fc843c0f0fe2df4f519b491e58a50e60166b0fee227191,295ff5e22fd78eda88aa3cc81c542e934c7923a5e87c0ff610e9a7626ee403ff,17280,109440
WALLABY J133506-233309,NGC 5044 TR3,NGC5044,19,pass,,False,13,0.8143788610182641,78.000000000156,39x36,49x39x36,175,6.000000000012,34274.625,18,https://ws.cadc-ccda.hia-iha.nrc-cnrc.gc.ca/data/pub/WALLABY/WALLABY_J133506-233309_NGC_5044_TR3_mom0.fits,https://ws.cadc-ccda.hia-iha.nrc-cnrc.gc.ca/data/pub/WALLABY/WALLABY_J133506-233309_NGC_5044_TR3_mask.fits,10974f03b28852fcf3115296b9a5f7c256bc04fab05abbcd646592221a46f7d8,45792159c961fcb79a3780f6ea76503a80a200d071a64c73861d48cd95686371,17280,80640
WALLABY J133511-223024,NGC 5044 TR3,NGC5044,1,profile_rejected,negative source annular moment-0 weight; no clipping is allowed,False,,,,35x35,66x35x35,168,6.000000000012,83648.1796875,32,https://ws.cadc-ccda.hia-iha.nrc-cnrc.gc.ca/data/pub/WALLABY/WALLABY_J133511-223024_NGC_5044_TR3_mom0.fits,https://ws.cadc-ccda.hia-iha.nrc-cnrc.gc.ca/data/pub/WALLABY/WALLABY_J133511-223024_NGC_5044_TR3_mask.fits,91762fd238839f983f681a2981e5df6d3fd0f6f2eecbe07658744ba8287b5516,dc7b8817f7a6f801145c4aaa581746af1bea8d3c92b8d3f250d247498ce7ac6b,17280,95040
WALLABY J133513-214851,NGC 5044 TR3,NGC5044,9,profile_rejected,negative source annular moment-0 weight; no clipping is allowed,False,,,,54x50,90x54x50,663,6.000000000012,203642.625,103,https://ws.cadc-ccda.hia-iha.nrc-cnrc.gc.ca/data/pub/WALLABY/WALLABY_J133513-214851_NGC_5044_TR3_mom0.fits,https://ws.cadc-ccda.hia-iha.nrc-cnrc.gc.ca/data/pub/WALLABY/WALLABY_J133513-214851_NGC_5044_TR3_mask.fits,01fbba552b9fe26c6f8419727abfde4b6869124d41905493f9347787fc762931,761902236ad5eb3d579942ca22c81525ca50c0d21d68d040e0c39f5e113c196f,23040,256320
WALLABY J133516-223211,NGC 5044 TR3,NGC5044,17,profile_rejected,negative source annular moment-0 weight; no clipping is allowed,False,,,,42x46,86x42x46,398,6.000000000012,264869.8125,120,https://ws.cadc-ccda.hia-iha.nrc-cnrc.gc.ca/data/pub/WALLABY/WALLABY_J133516-223211_NGC_5044_TR3_mom0.fits,https://ws.cadc-ccda.hia-iha.nrc-cnrc.gc.ca/data/pub/WALLABY/WALLABY_J133516-223211_NGC_5044_TR3_mask.fits,69c5af1ba414e080bd6a66166e87a7ed223e2852384f5dd8b9bd1b1146eb5964,f59508ab3bc66c9da89b9df9c68ac0c12463aea25d721954192f37cbe03a81a2,20160,178560
WALLABY J133521-145344,NGC 5044 TR3,NGC5044,3,pass,,False,8,0.8635368700720619,48.000000000096,33x33,95x33x33,115,6.000000000012,45813.60546875,5,https://ws.cadc-ccda.hia-iha.nrc-cnrc.gc.ca/data/pub/WALLABY/WALLABY_J133521-145344_NGC_5044_TR3_mom0.fits,https://ws.cadc-ccda.hia-iha.nrc-cnrc.gc.ca/data/pub/WALLABY/WALLABY_J133521-145344_NGC_5044_TR3_mask.fits,8322cabeef4d882246ee44931b3b3a3938fd21ffc319911bbf0735f1d444cea8,9fe0092d7d9281c2ae668d99e0747d6474bf8e1887cbbf9db94fe7ad108b82c7,17280,115200
WALLABY J133522-223319,NGC 5044 TR3,NGC5044,14,pass,,False,9,0.779966821820387,54.000000000108,35x34,64x35x34,152,6.000000000012,42447.4453125,21,https://ws.cadc-ccda.hia-iha.nrc-cnrc.gc.ca/data/pub/WALLABY/WALLABY_J133522-223319_NGC_5044_TR3_mom0.fits,https://ws.cadc-ccda.hia-iha.nrc-cnrc.gc.ca/data/pub/WALLABY/WALLABY_J133522-223319_NGC_5044_TR3_mask.fits,6a5b9bb8674e36fbb5698feeadf84a66caf3bf4bd3b3134e1a6f0bf9fef6be35,0038b32afce691bfb6f069b72a3ff3d1a8bc9c77e381c05878bd3d384b1c9c30,17280,89280
WALLABY J133522-225937,NGC 5044 TR3,NGC5044,22,profile_rejected,negative source annular moment-0 weight; no clipping is allowed,False,,,,43x45,79x43x45,454,6.000000000012,313738.0625,109,https://ws.cadc-ccda.hia-iha.nrc-cnrc.gc.ca/data/pub/WALLABY/WALLABY_J133522-225937_NGC_5044_TR3_mom0.fits,https://ws.cadc-ccda.hia-iha.nrc-cnrc.gc.ca/data/pub/WALLABY/WALLABY_J133522-225937_NGC_5044_TR3_mask.fits,f1ff046a5e5a269b971432acd8739ea43c6415183b83f52c9835ea1a3dbb3861,77b37b412db63f2b5cada77a4e7439a056e12688af6707249adc2e69e6a46f66,20160,167040
WALLABY J133522-232056,NGC 5044 TR3,NGC5044,1,pass,,False,10,0.9396980682515168,60.000000000120004,38x38,71x38x38,249,6.000000000012,100913.46875,39,https://ws.cadc-ccda.hia-iha.nrc-cnrc.gc.ca/data/pub/WALLABY/WALLABY_J133522-232056_NGC_5044_TR3_mom0.fits,https://ws.cadc-ccda.hia-iha.nrc-cnrc.gc.ca/data/pub/WALLABY/WALLABY_J133522-232056_NGC_5044_TR3_mask.fits,831c1bb9af58cc86cdd1ab4974851a6edd4994f58bf8942037918c5f7de195c8,905a02c9ad1e5c07fbd8d17ac8e240c4f905a257d73bfc236d72735780220409,20160,115200
WALLABY J133523-170107,NGC 5044 TR3,NGC5044,21,profile_rejected,source radial support contains fewer than 8 pixel-scale annuli,False,,,,32x32,60x32x32,114,6.000000000012,20727.21484375,18,https://ws.cadc-ccda.hia-iha.nrc-cnrc.gc.ca/data/pub/WALLABY/WALLABY_J133523-170107_NGC_5044_TR3_mom0.fits,https://ws.cadc-ccda.hia-iha.nrc-cnrc.gc.ca/data/pub/WALLABY/WALLABY_J133523-170107_NGC_5044_TR3_mask.fits,fa9aae92cb338bcc830c92b1999afa82e629af321549d5fb97d44fab4d094fa5,b468d2a69a198610c8b7b5f52556fe55774135f220cb13e55357ae6603e9688d,17280,74880
WALLABY J133523-230609,NGC 5044 TR3,NGC5044,2,pass,,False,13,0.8359699285761647,78.000000000156,37x41,79x37x41,249,6.000000000012,96142.8125,38,https://ws.cadc-ccda.hia-iha.nrc-cnrc.gc.ca/data/pub/WALLABY/WALLABY_J133523-230609_NGC_5044_TR3_mom0.fits,https://ws.cadc-ccda.hia-iha.nrc-cnrc.gc.ca/data/pub/WALLABY/WALLABY_J133523-230609_NGC_5044_TR3_mask.fits,185e958c67a1b104f7bd1e80bc3cb9f5d09a23453fb409b81763312bdef6dbcf,f6a80f784f45d8971abb2f17b84d05246c27d35af405ea015af720a8e600a408,20160,132480
WALLABY J133526-145103,NGC 5044 TR3,NGC5044,0,profile_rejected,negative source annular moment-0 weight; no clipping is allowed,False,,,,44x39,87x44x39,290,6.000000000012,163785.03125,59,https://ws.cadc-ccda.hia-iha.nrc-cnrc.gc.ca/data/pub/WALLABY/WALLABY_J133526-145103_NGC_5044_TR3_mom0.fits,https://ws.cadc-ccda.hia-iha.nrc-cnrc.gc.ca/data/pub/WALLABY/WALLABY_J133526-145103_NGC_5044_TR3_mask.fits,5e766d1879703bef39b467e93e6cecf35c88e6f704c1bfc9354a83fa8ca60fd0,81369f4603fec3a596ca041cbe580f15dea395a2e26e424d2b39d05d99d7daf3,20160,161280
WALLABY J133530-242103,NGC 5044 TR3,NGC5044,16,profile_rejected,negative source annular moment-0 weight; no clipping is allowed,False,,,,34x47,129x34x47,389,6.000000000012,347604.09375,97,https://ws.cadc-ccda.hia-iha.nrc-cnrc.gc.ca/data/pub/WALLABY/WALLABY_J133530-242103_NGC_5044_TR3_mom0.fits,https://ws.cadc-ccda.hia-iha.nrc-cnrc.gc.ca/data/pub/WALLABY/WALLABY_J133530-242103_NGC_5044_TR3_mask.fits,1dacdf449e1db8fc8bcdc6cfcce4d98340725946443b8144659590e3ff428d95,1563b93d0ea679fa12d8bfc80d32eb6ea0d0b0651dcdaced80d1cdc836d46fdf,20160,218880
WALLABY J133537-232753,NGC 5044 TR3,NGC5044,10,profile_rejected,negative source annular moment-0 weight; no clipping is allowed,False,,,,37x41,79x37x41,240,6.000000000012,94111.078125,30,https://ws.cadc-ccda.hia-iha.nrc-cnrc.gc.ca/data/pub/WALLABY/WALLABY_J133537-232753_NGC_5044_TR3_mom0.fits,https://ws.cadc-ccda.hia-iha.nrc-cnrc.gc.ca/data/pub/WALLABY/WALLABY_J133537-232753_NGC_5044_TR3_mask.fits,07e40b24cfc4da5714a196434d3151375cff888693af4516e8a3dccef3a8da34,3225e80b6b7a2cbe6aabbbbcf96f115a7c943cd27196b21deef7eb72ba3fa0d5,20160,132480
WALLABY J133540-163840,NGC 5044 TR3,NGC5044,7,profile_rejected,negative source annular moment-0 weight; no clipping is allowed,False,,,,40x40,53x40x40,292,6.000000000012,79733.875,68,https://ws.cadc-ccda.hia-iha.nrc-cnrc.gc.ca/data/pub/WALLABY/WALLABY_J133540-163840_NGC_5044_TR3_mom0.fits,https://ws.cadc-ccda.hia-iha.nrc-cnrc.gc.ca/data/pub/WALLABY/WALLABY_J133540-163840_NGC_5044_TR3_mask.fits,a83b68b083030d551b7fc06286edf4d98011f9a2e0eae49c549a790f0c21d3a5,92d851535288907a6bc53b7cdac54759ad99f1224ddf97c9c908dd59e3160d4d,20160,97920
WALLABY J133540-251206,NGC 5044 TR3,NGC5044,22,pass,,False,15,0.8424503066432745,90.00000000018001,44x38,76x44x38,304,6.000000000012,222297.796875,42,https://ws.cadc-ccda.hia-iha.nrc-cnrc.gc.ca/data/pub/WALLABY/WALLABY_J133540-251206_NGC_5044_TR3_mom0.fits,https://ws.cadc-ccda.hia-iha.nrc-cnrc.gc.ca/data/pub/WALLABY/WALLABY_J133540-251206_NGC_5044_TR3_mask.fits,1760f7387b35f2967a661dbd1d4272cdcca75b6689c7ab450b11093499fb67ae,da75633ed42fc036d6cb787d9aa216f9cbde1dac95843e4293a2e4a0392bb873,20160,141120
WALLABY J133541-170015,NGC 5044 TR3,NGC5044,4,profile_rejected,negative source annular moment-0 weight; no clipping is allowed,False,,,,34x35,53x34x35,144,6.000000000012,27474.1875,42,https://ws.cadc-ccda.hia-iha.nrc-cnrc.gc.ca/data/pub/WALLABY/WALLABY_J133541-170015_NGC_5044_TR3_mom0.fits,https://ws.cadc-ccda.hia-iha.nrc-cnrc.gc.ca/data/pub/WALLABY/WALLABY_J133541-170015_NGC_5044_TR3_mask.fits,ef81f78cbca4c7d3b124807dd7782b035ac077649a57925d67e548d22b3a510c,6834741d49406ae8d09a55f5820b34fe89ddf7829307773e9a120b36333a24e3,17280,74880
WALLABY J133543-174712,NGC 5044 TR3,NGC5044,8,pass,,False,11,0.8902767701756914,66.000000000132,39x36,81x39x36,251,6.000000000012,86046.984375,50,https://ws.cadc-ccda.hia-iha.nrc-cnrc.gc.ca/data/pub/WALLABY/WALLABY_J133543-174712_NGC_5044_TR3_mom0.fits,https://ws.cadc-ccda.hia-iha.nrc-cnrc.gc.ca/data/pub/WALLABY/WALLABY_J133543-174712_NGC_5044_TR3_mask.fits,a783165b64a36c33d2870f09e2b0e70fbe0ecf750f23713ca8815a462141e360,f767a5d84c32aeb50ac2e52c40d8b7afc1e4c158c490c02e4e20f446daac716f,17280,126720
WALLABY J133545-231543,NGC 5044 TR3,NGC5044,20,pass,,False,17,0.8492936895872633,102.000000000204,44x46,68x44x46,406,6.000000000012,200139.4375,77,https://ws.cadc-ccda.hia-iha.nrc-cnrc.gc.ca/data/pub/WALLABY/WALLABY_J133545-231543_NGC_5044_TR3_mom0.fits,https://ws.cadc-ccda.hia-iha.nrc-cnrc.gc.ca/data/pub/WALLABY/WALLABY_J133545-231543_NGC_5044_TR3_mask.fits,48a52bc86746d52b50b807ce05bce2f7d6b4fb3dd3b74ca70d8ccf01a3182bdf,fa516a1929455042ec6f34a92271e2c2618e93c0b990a486d4aa2a942840aacb,20160,149760
WALLABY J133553-204426,NGC 5044 TR3,NGC5044,9,profile_rejected,negative source annular moment-0 weight; no clipping is allowed,False,,,,40x40,60x40x40,252,6.000000000012,93380.625,41,https://ws.cadc-ccda.hia-iha.nrc-cnrc.gc.ca/data/pub/WALLABY/WALLABY_J133553-204426_NGC_5044_TR3_mom0.fits,https://ws.cadc-ccda.hia-iha.nrc-cnrc.gc.ca/data/pub/WALLABY/WALLABY_J133553-204426_NGC_5044_TR3_mask.fits,f05f92f91ba4e802f452989077953890f60b60eb93249bad429140e81803950f,906272d3475774e6939b8724d7b974b356541e511a50c9bae962e4fb55d11a31,20160,109440
WALLABY J133556-153510,NGC 5044 TR3,NGC5044,18,pass,,False,9,0.5913333048675554,54.000000000108,31x35,48x31x35,122,6.000000000012,20597.7734375,13,https://ws.cadc-ccda.hia-iha.nrc-cnrc.gc.ca/data/pub/WALLABY/WALLABY_J133556-153510_NGC_5044_TR3_mom0.fits,https://ws.cadc-ccda.hia-iha.nrc-cnrc.gc.ca/data/pub/WALLABY/WALLABY_J133556-153510_NGC_5044_TR3_mask.fits,3e3b7b778637a6529f2e213d2a605b68c9f633b5ee29186151dd9bdedfaba6ac,f411d530f58f298103541fbef59904d26d8bca46e119dd61597837eef655ae98,17280,66240
WALLABY J133556-241859,NGC 5044 TR3,NGC5044,8,pass,,False,14,0.4971750733612588,84.000000000168,34x38,73x34x38,160,6.000000000012,68465.8125,12,https://ws.cadc-ccda.hia-iha.nrc-cnrc.gc.ca/data/pub/WALLABY/WALLABY_J133556-241859_NGC_5044_TR3_mom0.fits,https://ws.cadc-ccda.hia-iha.nrc-cnrc.gc.ca/data/pub/WALLABY/WALLABY_J133556-241859_NGC_5044_TR3_mask.fits,ee5933f39b75a18dd0885dfbbe11f30dd7679e9ebac9e69ba35b1e427bb9aa34,f0363f5f15a327f2c1ee847d82c53cf7d41608b5cc4e1525be291463b521f931,17280,106560
WALLABY J133557-215713,NGC 5044 TR3,NGC5044,22,profile_rejected,negative source annular moment-0 weight; no clipping is allowed,False,,,,44x39,71x44x39,298,6.000000000012,100837.0625,62,https://ws.cadc-ccda.hia-iha.nrc-cnrc.gc.ca/data/pub/WALLABY/WALLABY_J133557-215713_NGC_5044_TR3_mom0.fits,https://ws.cadc-ccda.hia-iha.nrc-cnrc.gc.ca/data/pub/WALLABY/WALLABY_J133557-215713_NGC_5044_TR3_mask.fits,da088f7059d04c693060244b4b4c6d7dd248afd475c4088e411011480b028180,08fa20664dc7de6d5ca1d003e9f63b5aabbc85c8b0ba6ade7942d81cea6c1d0f,20160,135360
WALLABY J133557-234115,NGC 5044 TR3,NGC5044,13,profile_rejected,negative source annular moment-0 weight; no clipping is allowed,False,,,,40x37,55x40x37,199,6.000000000012,58552.16796875,23,https://ws.cadc-ccda.hia-iha.nrc-cnrc.gc.ca/data/pub/WALLABY/WALLABY_J133557-234115_NGC_5044_TR3_mom0.fits,https://ws.cadc-ccda.hia-iha.nrc-cnrc.gc.ca/data/pub/WALLABY/WALLABY_J133557-234115_NGC_5044_TR3_mask.fits,40ff73ca78f6bc708e7434602cbc5a7b3bc9a128e63f060f8c8c033f4252619d,2d9655ccb1b1d71d68f0148b277f995d2dbe4e9c36262e2e0ab59082e75d7bea,20160,95040
WALLABY J133559-221607,NGC 5044 TR3,NGC5044,6,profile_rejected,negative source annular moment-0 weight; no clipping is allowed,False,,,,36x35,67x36x35,184,6.000000000012,62920.50390625,41,https://ws.cadc-ccda.hia-iha.nrc-cnrc.gc.ca/data/pub/WALLABY/WALLABY_J133559-221607_NGC_5044_TR3_mom0.fits,https://ws.cadc-ccda.hia-iha.nrc-cnrc.gc.ca/data/pub/WALLABY/WALLABY_J133559-221607_NGC_5044_TR3_mask.fits,98ecd034bbdaf0e077b8211a46c06da20106c1443ef9777ea60e86aa37a790e4,294d27d8fb27c9b18bf67cee8aa6f86b5629d3a61e420a3d609882133d39a506,17280,97920
WALLABY J133600-205437,NGC 5044 TR3,NGC5044,7,pass,,False,18,0.6621615633360081,108.000000000216,41x44,131x41x44,367,6.000000000012,274495.375,58,https://ws.cadc-ccda.hia-iha.nrc-cnrc.gc.ca/data/pub/WALLABY/WALLABY_J133600-205437_NGC_5044_TR3_mom0.fits,https://ws.cadc-ccda.hia-iha.nrc-cnrc.gc.ca/data/pub/WALLABY/WALLABY_J133600-205437_NGC_5044_TR3_mask.fits,1ecc57c661f40050941423feabcccbe9b0ede349a0c0648c6f73db6176db84d7,fcdba82e353542e4e70222b0567561a7ab993290fdc803089662d0d09283ff65,20160,250560
WALLABY J133601-171551,NGC 5044 TR3,NGC5044,9,profile_rejected,negative source annular moment-0 weight; no clipping is allowed,False,,,,36x33,81x36x33,163,6.000000000012,48033.4375,28,https://ws.cadc-ccda.hia-iha.nrc-cnrc.gc.ca/data/pub/WALLABY/WALLABY_J133601-171551_NGC_5044_TR3_mom0.fits,https://ws.cadc-ccda.hia-iha.nrc-cnrc.gc.ca/data/pub/WALLABY/WALLABY_J133601-171551_NGC_5044_TR3_mask.fits,4c20be518c65a2176a0de3119af24818cdc2bdf2e2db381d93969f745221beac,f23fbfc23dd7e8f2900624dd8362a92366e84f3a14d88812b71dba6ab06691bb,17280,109440
WALLABY J133604-195904,NGC 5044 TR3,NGC5044,1,pass,,False,11,0.9252896206345177,66.000000000132,37x38,51x37x38,209,6.000000000012,40463.578125,27,https://ws.cadc-ccda.hia-iha.nrc-cnrc.gc.ca/data/pub/WALLABY/WALLABY_J133604-195904_NGC_5044_TR3_mom0.fits,https://ws.cadc-ccda.hia-iha.nrc-cnrc.gc.ca/data/pub/WALLABY/WALLABY_J133604-195904_NGC_5044_TR3_mask.fits,b1d44bbca815db757cdbecbb57edf13ed68876e7c662242a23470699e26f62f7,ced022c37524fdaca0eb77969e25155a6a8c6ff5a704539c762e69d340cdc918,17280,83520
WALLABY J133605-145402,NGC 5044 TR3,NGC5044,17,profile_rejected,negative source annular moment-0 weight; no clipping is allowed,False,,,,44x43,89x44x43,439,6.000000000012,322168.125,95,https://ws.cadc-ccda.hia-iha.nrc-cnrc.gc.ca/data/pub/WALLABY/WALLABY_J133605-145402_NGC_5044_TR3_mom0.fits,https://ws.cadc-ccda.hia-iha.nrc-cnrc.gc.ca/data/pub/WALLABY/WALLABY_J133605-145402_NGC_5044_TR3_mask.fits,f77c74f883f6f20acca54ad8451b23ac61522872dedb6b6d84b3fa2f58738544,73e18f44d4dd2e03d6b4b35cfb33a4682f5db2352d9af17ec1664b781e42f623,20160,181440
WALLABY J133605-202342,NGC 5044 TR3,NGC5044,22,profile_rejected,negative source annular moment-0 weight; no clipping is allowed,False,,,,37x35,61x37x35,203,6.000000000012,50524.58984375,44,https://ws.cadc-ccda.hia-iha.nrc-cnrc.gc.ca/data/pub/WALLABY/WALLABY_J133605-202342_NGC_5044_TR3_mom0.fits,https://ws.cadc-ccda.hia-iha.nrc-cnrc.gc.ca/data/pub/WALLABY/WALLABY_J133605-202342_NGC_5044_TR3_mask.fits,465e50887efb55f7a7617e9a45013d7c5ff10b0bb18abbe642b3fc3634ff6785,c1fe5bbe2217a6c371ceed9934e5a8d98a06d0dd1db6ce03986dc8b4bbb1abe4,17280,92160
WALLABY J133607-222504,NGC 5044 TR3,NGC5044,9,pass,,False,14,0.7497897019438516,84.000000000168,40x35,112x40x35,211,6.000000000012,94307.3125,17,https://ws.cadc-ccda.hia-iha.nrc-cnrc.gc.ca/data/pub/WALLABY/WALLABY_J133607-222504_NGC_5044_TR3_mom0.fits,https://ws.cadc-ccda.hia-iha.nrc-cnrc.gc.ca/data/pub/WALLABY/WALLABY_J133607-222504_NGC_5044_TR3_mask.fits,03031220f82033736ef8bb427499ea921e83018817d4bad880acf68ebb7254aa,a00d20db7c2480b623449d3c0aadfa7a699eddcb994ff9889ef4f22a31abbad5,17280,169920
WALLABY J133609-200251,NGC 5044 TR3,NGC5044,18,pass,,False,10,0.7654511834844466,60.000000000120004,32x35,58x32x35,165,6.000000000012,39262.1328125,28,https://ws.cadc-ccda.hia-iha.nrc-cnrc.gc.ca/data/pub/WALLABY/WALLABY_J133609-200251_NGC_5044_TR3_mom0.fits,https://ws.cadc-ccda.hia-iha.nrc-cnrc.gc.ca/data/pub/WALLABY/WALLABY_J133609-200251_NGC_5044_TR3_mask.fits,d13a96703e539dc8ede2db0a1687d8eb1921154627f8eab85669fa6b580c39e3,a3c05c7e7654f71e431d4df2ef1cd5d65df7debd681c3749b5d41b3c0d239481,17280,77760
WALLABY J133610-220440,NGC 5044 TR3,NGC5044,15,profile_rejected,negative source annular moment-0 weight; no clipping is allowed,False,,,,37x39,54x37x39,223,6.000000000012,60542.1328125,44,https://ws.cadc-ccda.hia-iha.nrc-cnrc.gc.ca/data/pub/WALLABY/WALLABY_J133610-220440_NGC_5044_TR3_mom0.fits,https://ws.cadc-ccda.hia-iha.nrc-cnrc.gc.ca/data/pub/WALLABY/WALLABY_J133610-220440_NGC_5044_TR3_mask.fits,8a2ed16b63b63ffc95550703c866e48a57e706eb908135985368be5c11fe80c6,9cb8185d4e4b3a2134aab799573c38805f47207168c34426df0069ed7af37fcd,20160,92160
WALLABY J133610-234710,NGC 5044 TR3,NGC5044,16,profile_rejected,negative source annular moment-0 weight; no clipping is allowed,False,,,,52x55,79x52x55,742,6.000000000012,327030.0,130,https://ws.cadc-ccda.hia-iha.nrc-cnrc.gc.ca/data/pub/WALLABY/WALLABY_J133610-234710_NGC_5044_TR3_mom0.fits,https://ws.cadc-ccda.hia-iha.nrc-cnrc.gc.ca/data/pub/WALLABY/WALLABY_J133610-234710_NGC_5044_TR3_mask.fits,fe8a28f6d56e1a9a69fc4ee4ec9a83702328ecd6aca1f9259f544f358b44aa09,e8076a6c8bcc490008ce7553d779bc000b7d9e17eb76f8e7d79a425012c9a966,23040,239040
WALLABY J133611-234050,NGC 5044 TR3,NGC5044,17,pass,,False,17,0.6513882939387807,102.000000000204,46x42,112x46x42,398,6.000000000012,199140.3125,52,https://ws.cadc-ccda.hia-iha.nrc-cnrc.gc.ca/data/pub/WALLABY/WALLABY_J133611-234050_NGC_5044_TR3_mom0.fits,https://ws.cadc-ccda.hia-iha.nrc-cnrc.gc.ca/data/pub/WALLABY/WALLABY_J133611-234050_NGC_5044_TR3_mask.fits,aae75834411854034c87a87ac63ef3c6a185989adf916b7b2b35f2576f1dceef,2ed1b6ffe3efde457482c3e70b3c18d82eb557605fe2a6707cb9f884cd36661a,20160,230400
WALLABY J133617-172451,NGC 5044 TR3,NGC5044,2,profile_rejected,negative source annular moment-0 weight; no clipping is allowed,False,,,,35x32,119x35x32,135,6.000000000012,66641.078125,19,https://ws.cadc-ccda.hia-iha.nrc-cnrc.gc.ca/data/pub/WALLABY/WALLABY_J133617-172451_NGC_5044_TR3_mom0.fits,https://ws.cadc-ccda.hia-iha.nrc-cnrc.gc.ca/data/pub/WALLABY/WALLABY_J133617-172451_NGC_5044_TR3_mask.fits,74a8a37cae845505fc9b10326cd3bf4bf1f8f4a0c3bbc1eb1678e3b3aa193913,ef70eb0c2b2efd571c97079f01315cf962442611f8d38042319c92db764b3e37,17280,146880
WALLABY J133621-200033,NGC 5044 TR3,NGC5044,0,profile_rejected,negative source annular moment-0 weight; no clipping is allowed,False,,,,36x32,60x36x32,141,6.000000000012,32109.79296875,13,https://ws.cadc-ccda.hia-iha.nrc-cnrc.gc.ca/data/pub/WALLABY/WALLABY_J133621-200033_NGC_5044_TR3_mom0.fits,https://ws.cadc-ccda.hia-iha.nrc-cnrc.gc.ca/data/pub/WALLABY/WALLABY_J133621-200033_NGC_5044_TR3_mask.fits,3c6fb8ba988c7781cffc9576f5dcfad41ffaa222b00c76e4370f97126eea980e,573364cb967e7da8467361e028c3c64c1eb155ce9a2880f0da6211b289fa6ead,17280,80640
WALLABY J133624-165744,NGC 5044 TR3,NGC5044,0,pass,,False,10,0.6355570072220821,60.000000000120004,30x34,103x30x34,95,6.000000000012,35125.03125,13,https://ws.cadc-ccda.hia-iha.nrc-cnrc.gc.ca/data/pub/WALLABY/WALLABY_J133624-165744_NGC_5044_TR3_mom0.fits,https://ws.cadc-ccda.hia-iha.nrc-cnrc.gc.ca/data/pub/WALLABY/WALLABY_J133624-165744_NGC_5044_TR3_mask.fits,252241c99d6763842f194f637b56219953e99af2c0024c2cea8e72cf0182645e,fee101001a227ce1e2f1f29acac648fa7b9bb15a1c91817d02b9174cd4992ca1,17280,118080
WALLABY J133627-171544,NGC 5044 TR3,NGC5044,19,pass,,False,10,0.7726144534044843,60.000000000120004,34x35,75x34x35,146,6.000000000012,48575.7890625,17,https://ws.cadc-ccda.hia-iha.nrc-cnrc.gc.ca/data/pub/WALLABY/WALLABY_J133627-171544_NGC_5044_TR3_mom0.fits,https://ws.cadc-ccda.hia-iha.nrc-cnrc.gc.ca/data/pub/WALLABY/WALLABY_J133627-171544_NGC_5044_TR3_mask.fits,07bed5bf0555a811bde152cd3b6b3a013f37a09623592e5b5fb9e9e08b7567b9,cd3eed65f54bbf8d0c1a0c8dd055c9df6c91e3dee0315721d63b7706deccd59c,17280,100800
WALLABY J133627-224910,NGC 5044 TR3,NGC5044,23,pass,,False,16,0.6503696391050552,96.000000000192,36x40,78x36x40,269,6.000000000012,101439.578125,30,https://ws.cadc-ccda.hia-iha.nrc-cnrc.gc.ca/data/pub/WALLABY/WALLABY_J133627-224910_NGC_5044_TR3_mom0.fits,https://ws.cadc-ccda.hia-iha.nrc-cnrc.gc.ca/data/pub/WALLABY/WALLABY_J133627-224910_NGC_5044_TR3_mask.fits,22600106ec531aa4984f5fd84c10662e341c887ebaffdda1d6aa40b6a8edf6bb,8eae2a1babba80073c3f66385305e3dd1978a33f6adf5633979a44ba1baa4936,17280,123840
WALLABY J133629-163858,NGC 5044 TR3,NGC5044,16,pass,,False,11,0.7345836118911054,66.000000000132,34x37,137x34x37,166,6.000000000012,78709.1875,18,https://ws.cadc-ccda.hia-iha.nrc-cnrc.gc.ca/data/pub/WALLABY/WALLABY_J133629-163858_NGC_5044_TR3_mom0.fits,https://ws.cadc-ccda.hia-iha.nrc-cnrc.gc.ca/data/pub/WALLABY/WALLABY_J133629-163858_NGC_5044_TR3_mask.fits,726553f824fda25f5c5c6168fbae57cbced66fa16cda2dbd9af7ec7ec33c826a,1385961d41d6b1d902ef4847984b4db7d21e6498a44c3d8b23d2e8db135c11c5,17280,184320
WALLABY J133633-224238,NGC 5044 TR3,NGC5044,13,profile_rejected,source radial support contains fewer than 8 pixel-scale annuli,False,,,,30x30,50x30x30,62,6.000000000012,19099.26171875,3,https://ws.cadc-ccda.hia-iha.nrc-cnrc.gc.ca/data/pub/WALLABY/WALLABY_J133633-224238_NGC_5044_TR3_mom0.fits,https://ws.cadc-ccda.hia-iha.nrc-cnrc.gc.ca/data/pub/WALLABY/WALLABY_J133633-224238_NGC_5044_TR3_mask.fits,ba1565fb35c23bec4a6f4de2bf9ee6ee25c4174786b08333c0ca534faad3cc49,f82864f89988bb5ba9160879a35a41e3f0e902466070bf811fb582f7afc49b0d,17280,57600
WALLABY J133636-182418,NGC 5044 TR3,NGC5044,12,profile_rejected,negative source annular moment-0 weight; no clipping is allowed,False,,,,46x40,138x46x40,342,6.000000000012,185574.71875,73,https://ws.cadc-ccda.hia-iha.nrc-cnrc.gc.ca/data/pub/WALLABY/WALLABY_J133636-182418_NGC_5044_TR3_mom0.fits,https://ws.cadc-ccda.hia-iha.nrc-cnrc.gc.ca/data/pub/WALLABY/WALLABY_J133636-182418_NGC_5044_TR3_mask.fits,f286298c5bb15a1da6de9485f1e6facc2b29e08ff943aaf55e4cb042e9b67eb4,4d801cde414cc6d2ae1650280ccad4286651413b2ef0de675fe55716860f3ef2,20160,267840
WALLABY J133637-201456,NGC 5044 TR3,NGC5044,14,profile_rejected,negative source annular moment-0 weight; no clipping is allowed,False,,,,35x38,55x35x38,205,6.000000000012,62901.08203125,50,https://ws.cadc-ccda.hia-iha.nrc-cnrc.gc.ca/data/pub/WALLABY/WALLABY_J133637-201456_NGC_5044_TR3_mom0.fits,https://ws.cadc-ccda.hia-iha.nrc-cnrc.gc.ca/data/pub/WALLABY/WALLABY_J133637-201456_NGC_5044_TR3_mask.fits,3f0523ed3f45e0428ab6664b79e39046c48ae138c463b1eab832a484209c93e8,cc850bc3646fb54b27a14b0b38e402336d1a450f9f24fe1c7a721531ee6fc79c,17280,86400
WALLABY J133639-153513,NGC 5044 TR3,NGC5044,1,profile_rejected,negative source annular moment-0 weight; no clipping is allowed,False,,,,37x42,95x37x42,246,6.000000000012,94260.328125,43,https://ws.cadc-ccda.hia-iha.nrc-cnrc.gc.ca/data/pub/WALLABY/WALLABY_J133639-153513_NGC_5044_TR3_mom0.fits,https://ws.cadc-ccda.hia-iha.nrc-cnrc.gc.ca/data/pub/WALLABY/WALLABY_J133639-153513_NGC_5044_TR3_mask.fits,616ca4b6c82aac8fc9d502ddf65f8acf3e02e226d9e090facc4f0b36c10d7fd7,12cd245ed874cfa312d4159d6d865bca9147bcea31c3bd3f568156ac8235ca8d,20160,161280
WALLABY J133643-201220,NGC 5044 TR3,NGC5044,23,pass,,False,9,0.8669100697610941,54.000000000108,35x35,74x35x35,171,6.000000000012,53527.35546875,15,https://ws.cadc-ccda.hia-iha.nrc-cnrc.gc.ca/data/pub/WALLABY/WALLABY_J133643-201220_NGC_5044_TR3_mom0.fits,https://ws.cadc-ccda.hia-iha.nrc-cnrc.gc.ca/data/pub/WALLABY/WALLABY_J133643-201220_NGC_5044_TR3_mask.fits,47c89eecbcd4f454f9b1a4e0057f13303268f5b0cf2d8d1632dfe4b7566a4b74,89a18883b438a5f1416653595127b6e989e2d33ffe5971ac522771071efd4a64,17280,103680
WALLABY J133646-240632,NGC 5044 TR3,NGC5044,1,profile_rejected,negative source annular moment-0 weight; no clipping is allowed,False,,,,43x39,85x43x39,321,6.000000000012,181273.796875,68,https://ws.cadc-ccda.hia-iha.nrc-cnrc.gc.ca/data/pub/WALLABY/WALLABY_J133646-240632_NGC_5044_TR3_mom0.fits,https://ws.cadc-ccda.hia-iha.nrc-cnrc.gc.ca/data/pub/WALLABY/WALLABY_J133646-240632_NGC_5044_TR3_mask.fits,4814015cd44cc198346931d9efc687c1b9ea53bdd550ddad5c64ba9478de34f1,5fb0d77218c35c43974d0c4061ece153e503103fda35ad065277cf35cc09cf73,20160,155520
WALLABY J133652-205552,NGC 5044 TR3,NGC5044,12,profile_rejected,negative source annular moment-0 weight; no clipping is allowed,False,,,,36x37,82x36x37,212,6.000000000012,104212.6015625,21,https://ws.cadc-ccda.hia-iha.nrc-cnrc.gc.ca/data/pub/WALLABY/WALLABY_J133652-205552_NGC_5044_TR3_mom0.fits,https://ws.cadc-ccda.hia-iha.nrc-cnrc.gc.ca/data/pub/WALLABY/WALLABY_J133652-205552_NGC_5044_TR3_mask.fits,d1c4e65f47f4297476e1125eab1ab4c76c9c7d631bf3343a08a9f51b593dc9ff,6be707b50f8cf929f3d9095d1193a2006554979a467ee8a63ed9fcec2ff07bf2,17280,120960
WALLABY J133658-203244,NGC 5044 TR3,NGC5044,15,profile_rejected,negative source annular moment-0 weight; no clipping is allowed,False,,,,48x42,110x48x42,412,6.000000000012,206867.421875,67,https://ws.cadc-ccda.hia-iha.nrc-cnrc.gc.ca/data/pub/WALLABY/WALLABY_J133658-203244_NGC_5044_TR3_mom0.fits,https://ws.cadc-ccda.hia-iha.nrc-cnrc.gc.ca/data/pub/WALLABY/WALLABY_J133658-203244_NGC_5044_TR3_mask.fits,dc4573d5174d760e2d805e125e25940fbd3e0c6d35ee28fef484f73ad3804830,e6b8b03637dd338ceaf30c0a980fd856e03f71e0b834601824fdb4a26f0a6480,20160,233280
WALLABY J133659-153212,NGC 5044 TR3,NGC5044,0,profile_rejected,negative source annular moment-0 weight; no clipping is allowed,False,,,,36x37,68x36x37,196,6.000000000012,60517.03515625,41,https://ws.cadc-ccda.hia-iha.nrc-cnrc.gc.ca/data/pub/WALLABY/WALLABY_J133659-153212_NGC_5044_TR3_mom0.fits,https://ws.cadc-ccda.hia-iha.nrc-cnrc.gc.ca/data/pub/WALLABY/WALLABY_J133659-153212_NGC_5044_TR3_mask.fits,97cbf113f305a84efc29e7798ff0e7dd450fc0a3110c8659e8a8465d441d974b,06f1c4183c59df070fd3344577fd4456a24e63be6997e55709491c3f22590e85,17280,103680
WALLABY J133659-173451,NGC 5044 TR3,NGC5044,7,profile_rejected,negative source annular moment-0 weight; no clipping is allowed,False,,,,25x34,60x25x34,139,6.000000000012,35286.05859375,22,https://ws.cadc-ccda.hia-iha.nrc-cnrc.gc.ca/data/pub/WALLABY/WALLABY_J133659-173451_NGC_5044_TR3_mom0.fits,https://ws.cadc-ccda.hia-iha.nrc-cnrc.gc.ca/data/pub/WALLABY/WALLABY_J133659-173451_NGC_5044_TR3_mask.fits,5a65cea706ee1c802bc6a6fea197d03debb91c94882171d45ac938cd9bc7889e,3e506fe6d26af774e96c1d14722a7daf54ab2ff3865294374213da69c2cc1d07,17280,63360
WALLABY J133701-244552,NGC 5044 TR3,NGC5044,10,profile_rejected,negative source annular moment-0 weight; no clipping is allowed,False,,,,41x47,87x41x47,390,6.000000000012,189123.9375,78,https://ws.cadc-ccda.hia-iha.nrc-cnrc.gc.ca/data/pub/WALLABY/WALLABY_J133701-244552_NGC_5044_TR3_mom0.fits,https://ws.cadc-ccda.hia-iha.nrc-cnrc.gc.ca/data/pub/WALLABY/WALLABY_J133701-244552_NGC_5044_TR3_mask.fits,12ce5b5f7e6778498017c9bc564bbb3a532624a09a2629d6535751a7991f5a07,4e9c1028fbd29955f91fa123d4d1daced05bb25f7f27cf10faca23d786dcb515,20160,181440
WALLABY J133702-175223,NGC 5044 TR3,NGC5044,1,pass,,False,21,0.4920897544046881,126.000000000252,47x39,96x47x39,308,6.000000000012,114040.484375,44,https://ws.cadc-ccda.hia-iha.nrc-cnrc.gc.ca/data/pub/WALLABY/WALLABY_J133702-175223_NGC_5044_TR3_mom0.fits,https://ws.cadc-ccda.hia-iha.nrc-cnrc.gc.ca/data/pub/WALLABY/WALLABY_J133702-175223_NGC_5044_TR3_mask.fits,e9166e64a5e7937ede61f4dfdb6e9219cd7327d19485fc2c73bf8031b89e8073,0ec8b62709944fa104bfb355a293bd591aeb917a04890bea204691cd9ec20557,20160,190080
WALLABY J133702-205515,NGC 5044 TR3,NGC5044,16,pass,,False,11,0.9392172934621252,66.000000000132,39x40,54x39x40,288,6.000000000012,120281.84375,51,https://ws.cadc-ccda.hia-iha.nrc-cnrc.gc.ca/data/pub/WALLABY/WALLABY_J133702-205515_NGC_5044_TR3_mom0.fits,https://ws.cadc-ccda.hia-iha.nrc-cnrc.gc.ca/data/pub/WALLABY/WALLABY_J133702-205515_NGC_5044_TR3_mask.fits,9496109e5fb1a8ace0d2258d6a1ab1a35f4affe1a51e13028e74de51af4786fe,9a83136fea7b5514806c356b484c12feb4a371b1f51da47d33a152915038e916,20160,97920
WALLABY J133708-171154,NGC 5044 TR3,NGC5044,5,profile_rejected,negative source annular moment-0 weight; no clipping is allowed,False,,,,39x37,86x39x37,255,6.000000000012,127070.4375,38,https://ws.cadc-ccda.hia-iha.nrc-cnrc.gc.ca/data/pub/WALLABY/WALLABY_J133708-171154_NGC_5044_TR3_mom0.fits,https://ws.cadc-ccda.hia-iha.nrc-cnrc.gc.ca/data/pub/WALLABY/WALLABY_J133708-171154_NGC_5044_TR3_mask.fits,a8b787e214c537052499b0157602b57a8021226e4fe68cbefe7a37b49a5bc557,0e73a702e2e281967b972f54f22f14facbb1c9daf82a1e4047f2de13082805c0,20160,138240
WALLABY J133708-203705,NGC 5044 TR3,NGC5044,14,pass,,False,12,0.478998882342989,72.000000000144,36x32,58x36x32,129,6.000000000012,31079.185546875,11,https://ws.cadc-ccda.hia-iha.nrc-cnrc.gc.ca/data/pub/WALLABY/WALLABY_J133708-203705_NGC_5044_TR3_mom0.fits,https://ws.cadc-ccda.hia-iha.nrc-cnrc.gc.ca/data/pub/WALLABY/WALLABY_J133708-203705_NGC_5044_TR3_mask.fits,1feb8c07063ec6c7a845b56bfa43d7f2055035e4ebac2e7c24398bdaa1f30178,6a563cb1ff4e7d96e0120405d58700f5a0264fa3cbfe98d34eed25a0beefe6d5,17280,80640
WALLABY J133711-175505,NGC 5044 TR3,NGC5044,16,profile_rejected,negative source annular moment-0 weight; no clipping is allowed,False,,,,32x34,59x32x34,131,6.000000000012,32285.70703125,36,https://ws.cadc-ccda.hia-iha.nrc-cnrc.gc.ca/data/pub/WALLABY/WALLABY_J133711-175505_NGC_5044_TR3_mom0.fits,https://ws.cadc-ccda.hia-iha.nrc-cnrc.gc.ca/data/pub/WALLABY/WALLABY_J133711-175505_NGC_5044_TR3_mask.fits,4dff0ae9f99a72db718f00c01640c12737e44ffff300b7a8d2a817b3a8d59f24,f59bbeb1e30a66450965f48eaa142becca0e8baa7f5bdfbfba3b60133086b6f4,17280,77760
WALLABY J133711-184457,NGC 5044 TR3,NGC5044,18,profile_rejected,negative source annular moment-0 weight; no clipping is allowed,False,,,,39x38,65x39x38,259,6.000000000012,121460.4453125,53,https://ws.cadc-ccda.hia-iha.nrc-cnrc.gc.ca/data/pub/WALLABY/WALLABY_J133711-184457_NGC_5044_TR3_mom0.fits,https://ws.cadc-ccda.hia-iha.nrc-cnrc.gc.ca/data/pub/WALLABY/WALLABY_J133711-184457_NGC_5044_TR3_mask.fits,45d1d893334c1f1fccc875c351d4da2bd08b3d32f288e9f343472d30862c752d,8fa39102e7ec934cecba6f6608de04d49a5d59c9f79e8f6b2b6ad7961f1d3e92,20160,109440
WALLABY J133713-153712,NGC 5044 TR3,NGC5044,0,profile_rejected,negative source annular moment-0 weight; no clipping is allowed,False,,,,42x35,59x42x35,241,6.000000000012,52148.9296875,59,https://ws.cadc-ccda.hia-iha.nrc-cnrc.gc.ca/data/pub/WALLABY/WALLABY_J133713-153712_NGC_5044_TR3_mom0.fits,https://ws.cadc-ccda.hia-iha.nrc-cnrc.gc.ca/data/pub/WALLABY/WALLABY_J133713-153712_NGC_5044_TR3_mask.fits,6166f0426b600c8ffb6342f45bba42660ca44b440a229ddd59e03a7ebfaad1e3,9b12715b30f8338568f30e6173740f04c54d783f64cbe495195719c229ecece7,20160,100800
WALLABY J133717-174332,NGC 5044 TR3,NGC5044,17,profile_rejected,negative source annular moment-0 weight; no clipping is allowed,False,,,,43x42,81x43x42,199,6.000000000012,45162.296875,22,https://ws.cadc-ccda.hia-iha.nrc-cnrc.gc.ca/data/pub/WALLABY/WALLABY_J133717-174332_NGC_5044_TR3_mom0.fits,https://ws.cadc-ccda.hia-iha.nrc-cnrc.gc.ca/data/pub/WALLABY/WALLABY_J133717-174332_NGC_5044_TR3_mask.fits,dc68449888dc9e6c2941f80d06596d6d760d50b9fdc3ab983a6ccab8ff0ba4f1,42b34d14ab43fadaa931e914ae64b477ba88ea3cc276819df91e3fbcc34abfbc,20160,158400
WALLABY J133717-200343,NGC 5044 TR3,NGC5044,6,pass,,False,12,0.6971804415194681,72.000000000144,34x40,58x34x40,211,6.000000000012,45474.390625,49,https://ws.cadc-ccda.hia-iha.nrc-cnrc.gc.ca/data/pub/WALLABY/WALLABY_J133717-200343_NGC_5044_TR3_mom0.fits,https://ws.cadc-ccda.hia-iha.nrc-cnrc.gc.ca/data/pub/WALLABY/WALLABY_J133717-200343_NGC_5044_TR3_mask.fits,525bb80763d471c89458e87b48e01adeb532519616bf4bddb3b3c3d0289c2b35,582f81e8e521c2b93ae2419016a55b3caece4a8c10763ebcb1b8a933e1601094,17280,92160
WALLABY J133718-194336,NGC 5044 TR3,NGC5044,7,pass,,False,12,0.8166448668993156,72.000000000144,36x38,110x36x38,218,6.000000000012,109520.796875,24,https://ws.cadc-ccda.hia-iha.nrc-cnrc.gc.ca/data/pub/WALLABY/WALLABY_J133718-194336_NGC_5044_TR3_mom0.fits,https://ws.cadc-ccda.hia-iha.nrc-cnrc.gc.ca/data/pub/WALLABY/WALLABY_J133718-194336_NGC_5044_TR3_mask.fits,6b1312a31aaca88ec08187708ed7d7821406798c5191b32e830ff9b5178f0895,51e11fc855d1c06c38159c11619cfaeddf72d6bf26fd8666caff9f239ee57f47,17280,164160
WALLABY J133720-200032,NGC 5044 TR3,NGC5044,18,pass,,False,16,0.5211987075552169,96.000000000192,42x32,93x42x32,186,6.000000000012,49125.2578125,23,https://ws.cadc-ccda.hia-iha.nrc-cnrc.gc.ca/data/pub/WALLABY/WALLABY_J133720-200032_NGC_5044_TR3_mom0.fits,https://ws.cadc-ccda.hia-iha.nrc-cnrc.gc.ca/data/pub/WALLABY/WALLABY_J133720-200032_NGC_5044_TR3_mask.fits,41ce51ea6d33846a3bb3183972a1ae52f9791ac4fb8c853c644423080f64ffcc,87efc8e9fa28ebc6b95fa5cb9d4718402d258c241daefb241d4f8a94bda8e5c6,17280,138240
WALLABY J133722-195652,NGC 5044 TR3,NGC5044,11,profile_rejected,negative source annular moment-0 weight; no clipping is allowed,False,,,,35x36,73x35x36,192,6.000000000012,63674.8671875,23,https://ws.cadc-ccda.hia-iha.nrc-cnrc.gc.ca/data/pub/WALLABY/WALLABY_J133722-195652_NGC_5044_TR3_mom0.fits,https://ws.cadc-ccda.hia-iha.nrc-cnrc.gc.ca/data/pub/WALLABY/WALLABY_J133722-195652_NGC_5044_TR3_mask.fits,75c9b0e55fee9ba32abe40366d1160ffe49fedc8fffb843dcf567eea166b0270,ad16bf690ad678d7e693f0dd1765044d38184d58f29eb8ed4fa29e61023bbba8,17280,103680
WALLABY J133725-155412,NGC 5044 TR3,NGC5044,10,pass,,False,8,0.8919004294364344,48.000000000096,34x32,55x34x32,126,6.000000000012,34811.2578125,9,https://ws.cadc-ccda.hia-iha.nrc-cnrc.gc.ca/data/pub/WALLABY/WALLABY_J133725-155412_NGC_5044_TR3_mom0.fits,https://ws.cadc-ccda.hia-iha.nrc-cnrc.gc.ca/data/pub/WALLABY/WALLABY_J133725-155412_NGC_5044_TR3_mask.fits,0e8612eb13eaade9f831b8536ad9dcee91e5801470a8c214dcfe7119a3ecbd40,f2057f2f4acd15747d755d0bced60c260418ed6e7379b31d578e9da487e6ee67,17280,72000
WALLABY J133727-223204,NGC 5044 TR3,NGC5044,21,pass,,False,29,0.39982038931694064,174.000000000348,47x58,97x47x58,617,6.000000000012,268308.625,103,https://ws.cadc-ccda.hia-iha.nrc-cnrc.gc.ca/data/pub/WALLABY/WALLABY_J133727-223204_NGC_5044_TR3_mom0.fits,https://ws.cadc-ccda.hia-iha.nrc-cnrc.gc.ca/data/pub/WALLABY/WALLABY_J133727-223204_NGC_5044_TR3_mask.fits,98c21f61ee3cc477fcf614b4584f37455e1fb51662a17e847eedd33aa581b855,149b41e742857e2e1623a70422e215c74cd091b81729c6f4e5a8af48dc9768f5,23040,276480
WALLABY J133735-163755,NGC 5044 TR3,NGC5044,18,pass,,False,24,0.716224293863758,144.000000000288,44x46,169x44x46,378,6.000000000012,141031.984375,63,https://ws.cadc-ccda.hia-iha.nrc-cnrc.gc.ca/data/pub/WALLABY/WALLABY_J133735-163755_NGC_5044_TR3_mom0.fits,https://ws.cadc-ccda.hia-iha.nrc-cnrc.gc.ca/data/pub/WALLABY/WALLABY_J133735-163755_NGC_5044_TR3_mask.fits,5afcbde0c71277a901ded4cd9ec14fa016e6a65e3deeac0785dc4702fd2a372e,3d4410a641b339d272d199e377cc81d1f53cdbb0f89d00b2d8cccafe30bd2fb0,20160,354240
WALLABY J133735-232851,NGC 5044 TR3,NGC5044,15,profile_rejected,negative source annular moment-0 weight; no clipping is allowed,False,,,,35x40,49x35x40,195,6.000000000012,40287.77734375,18,https://ws.cadc-ccda.hia-iha.nrc-cnrc.gc.ca/data/pub/WALLABY/WALLABY_J133735-232851_NGC_5044_TR3_mom0.fits,https://ws.cadc-ccda.hia-iha.nrc-cnrc.gc.ca/data/pub/WALLABY/WALLABY_J133735-232851_NGC_5044_TR3_mask.fits,d3e3b9c684915bd39f1719a24c71f281bc791cb96eac28a36e10917a1bc4ba71,4785453ba057fc2c6f7acc45bd41aef0dd98252f8e0ac2f107ab55a8b2a57369,17280,80640
WALLABY J133736-185135,NGC 5044 TR3,NGC5044,20,pass,,False,9,0.7669249347438423,54.000000000108,35x32,53x35x32,139,6.000000000012,51368.3046875,12,https://ws.cadc-ccda.hia-iha.nrc-cnrc.gc.ca/data/pub/WALLABY/WALLABY_J133736-185135_NGC_5044_TR3_mom0.fits,https://ws.cadc-ccda.hia-iha.nrc-cnrc.gc.ca/data/pub/WALLABY/WALLABY_J133736-185135_NGC_5044_TR3_mask.fits,5ea2a4467631601e32f105a4199f48b10c678a2a501653203f34a662b1e67653,55628868e36defcea3fad5fd7dcccad04b50565f9d136193cf3d4f6500e37e5e,17280,72000
WALLABY J133737-234516,NGC 5044 TR3,NGC5044,8,pass,,False,14,0.633799660070611,84.000000000168,38x37,101x38x37,234,6.000000000012,83027.25,52,https://ws.cadc-ccda.hia-iha.nrc-cnrc.gc.ca/data/pub/WALLABY/WALLABY_J133737-234516_NGC_5044_TR3_mom0.fits,https://ws.cadc-ccda.hia-iha.nrc-cnrc.gc.ca/data/pub/WALLABY/WALLABY_J133737-234516_NGC_5044_TR3_mask.fits,bd9e0c47a87a2e70226530354191e36c4a78622b7ec7b2a7d5b1f9537764ee77,b2f6a7807edf54ca45d3d1e9065f32df58b6fc5b09d3b143b4ee6b0f4709f1d5,17280,155520
WALLABY J133739-213902,NGC 5044 TR3,NGC5044,19,pass,,False,13,0.7556898792800945,78.000000000156,37x36,76x37x36,192,6.000000000012,65180.6640625,17,https://ws.cadc-ccda.hia-iha.nrc-cnrc.gc.ca/data/pub/WALLABY/WALLABY_J133739-213902_NGC_5044_TR3_mom0.fits,https://ws.cadc-ccda.hia-iha.nrc-cnrc.gc.ca/data/pub/WALLABY/WALLABY_J133739-213902_NGC_5044_TR3_mask.fits,8a998324c8c2dc3f7970ef2e0651d8b8613697c85abc04d3d9e0bfb78b0da278,9f3a8923b1d33d20808a6cbcb780c6152688b01c4a678a5734d842d0a38590ae,17280,115200
WALLABY J133744-144639,NGC 5044 TR3,NGC5044,22,profile_rejected,negative source annular moment-0 weight; no clipping is allowed,False,,,,37x41,98x37x41,277,6.000000000012,127457.234375,55,https://ws.cadc-ccda.hia-iha.nrc-cnrc.gc.ca/data/pub/WALLABY/WALLABY_J133744-144639_NGC_5044_TR3_mom0.fits,https://ws.cadc-ccda.hia-iha.nrc-cnrc.gc.ca/data/pub/WALLABY/WALLABY_J133744-144639_NGC_5044_TR3_mask.fits,0b703f1379b9258b89447afdcb5ea2a8726d3ded9a80fc126cbdf5d747942161,f794ae73643c13fe5b47e91aec95052d3a0f6a947d45a1786a9a9ccd383ab6ff,20160,161280
WALLABY J133747-175606,NGC 5044 TR3,NGC5044,14,pass,,False,30,0.32515288443357715,180.00000000036002,61x37,40x61x37,356,6.000000000012,60063.78125,32,https://ws.cadc-ccda.hia-iha.nrc-cnrc.gc.ca/data/pub/WALLABY/WALLABY_J133747-175606_NGC_5044_TR3_mom0.fits,https://ws.cadc-ccda.hia-iha.nrc-cnrc.gc.ca/data/pub/WALLABY/WALLABY_J133747-175606_NGC_5044_TR3_mask.fits,d6a6349eb1eec50167ceeab0b20fd244bcb72517c62bfb781b3e6dac95afe36b,363021cd197e3eebeee8b1ff94a23034b9681ad78b297d933d7e5947d15957ca,23040,103680
WALLABY J133752-204640,NGC 5044 TR3,NGC5044,3,profile_rejected,negative source annular moment-0 weight; no clipping is allowed,False,,,,40x39,103x40x39,267,6.000000000012,130871.2109375,32,https://ws.cadc-ccda.hia-iha.nrc-cnrc.gc.ca/data/pub/WALLABY/WALLABY_J133752-204640_NGC_5044_TR3_mom0.fits,https://ws.cadc-ccda.hia-iha.nrc-cnrc.gc.ca/data/pub/WALLABY/WALLABY_J133752-204640_NGC_5044_TR3_mask.fits,afb9f219e3497dacea4cb8ea2e28749ce3f57ffa0a0537a08b7b04a511e9c7e7,546b339a3b87f39852523a124babf33d5f28d8d091da4d1f4bc979f7340a9440,20160,172800
WALLABY J133756-182406,NGC 5044 TR3,NGC5044,21,profile_rejected,negative source annular moment-0 weight; no clipping is allowed,False,,,,36x34,93x36x34,172,6.000000000012,90097.0625,38,https://ws.cadc-ccda.hia-iha.nrc-cnrc.gc.ca/data/pub/WALLABY/WALLABY_J133756-182406_NGC_5044_TR3_mom0.fits,https://ws.cadc-ccda.hia-iha.nrc-cnrc.gc.ca/data/pub/WALLABY/WALLABY_J133756-182406_NGC_5044_TR3_mask.fits,f20675a32076948e527afd1b0993f3693e8968a1843fbec9d5e3093bd6c93450,b00fd60d9ed80787f7e3d1b8ed76053c8062aff5330663dd52004b3021439ed6,17280,126720
WALLABY J133756-240727,NGC 5044 TR3,NGC5044,2,pass,,False,15,0.7766962986914269,90.00000000018001,45x45,87x45x45,471,6.000000000012,220621.625,57,https://ws.cadc-ccda.hia-iha.nrc-cnrc.gc.ca/data/pub/WALLABY/WALLABY_J133756-240727_NGC_5044_TR3_mom0.fits,https://ws.cadc-ccda.hia-iha.nrc-cnrc.gc.ca/data/pub/WALLABY/WALLABY_J133756-240727_NGC_5044_TR3_mask.fits,924aee849f67bbae37eccc293b8d9167dbdab345683e84607e4c5e4acf1bb842,4855cd343780ad23d01ae9ad4c8d18aebd5b7a9ee058859a09276b1374313e04,20160,190080
WALLABY J133801-211734,NGC 5044 TR3,NGC5044,0,profile_rejected,negative source annular moment-0 weight; no clipping is allowed,False,,,,41x43,62x41x43,280,6.000000000012,103741.78125,23,https://ws.cadc-ccda.hia-iha.nrc-cnrc.gc.ca/data/pub/WALLABY/WALLABY_J133801-211734_NGC_5044_TR3_mom0.fits,https://ws.cadc-ccda.hia-iha.nrc-cnrc.gc.ca/data/pub/WALLABY/WALLABY_J133801-211734_NGC_5044_TR3_mask.fits,cead71099f4a2684da07f35bf716040f4ddac9c3a0c2fee16c3a26390e06b68c,bd8007d9f64c1bdfbecd365eaf7621b6b2469667cc887f9b69a2acd8c5f5ae18,20160,120960
WALLABY J133801-225524,NGC 5044 TR3,NGC5044,4,pass,,False,26,0.5024442479484152,156.000000000312,51x56,140x51x56,700,6.000000000012,418196.125,66,https://ws.cadc-ccda.hia-iha.nrc-cnrc.gc.ca/data/pub/WALLABY/WALLABY_J133801-225524_NGC_5044_TR3_mom0.fits,https://ws.cadc-ccda.hia-iha.nrc-cnrc.gc.ca/data/pub/WALLABY/WALLABY_J133801-225524_NGC_5044_TR3_mask.fits,a7d12e671a9dda0b65f4579e67d4f70ef7e84d9d2838318a38e54ecc5d278c15,b9ae6ad42506b2d1551ce51048378b3bedc9126dafff55500aac69dd106887ee,23040,411840
WALLABY J133802-175254,NGC 5044 TR3,NGC5044,6,profile_rejected,negative source annular moment-0 weight; no clipping is allowed,False,,,,132x94,124x132x94,5142,6.000000000012,6229274.5,411,https://ws.cadc-ccda.hia-iha.nrc-cnrc.gc.ca/data/pub/WALLABY/WALLABY_J133802-175254_NGC_5044_TR3_mom0.fits,https://ws.cadc-ccda.hia-iha.nrc-cnrc.gc.ca/data/pub/WALLABY/WALLABY_J133802-175254_NGC_5044_TR3_mask.fits,b2ea32987178e9f58e2b4d6e7af361dbca63723abde83e46220711846e384c6c,15289db71f39b91722c8ec444e9d90e54c8a307044981015c90fb9701554c369,63360,1552320
WALLABY J133809-195322,NGC 5044 TR3,NGC5044,8,profile_rejected,negative source annular moment-0 weight; no clipping is allowed,False,,,,44x43,76x44x43,346,6.000000000012,173485.71875,66,https://ws.cadc-ccda.hia-iha.nrc-cnrc.gc.ca/data/pub/WALLABY/WALLABY_J133809-195322_NGC_5044_TR3_mom0.fits,https://ws.cadc-ccda.hia-iha.nrc-cnrc.gc.ca/data/pub/WALLABY/WALLABY_J133809-195322_NGC_5044_TR3_mask.fits,5c3d486f33978a34ea1a864206f2fee78faa05f85ccc1826baf2c82c56bd6e59,3edccf81ce73902f04705788b66636b5777f548e72f7218bce52bb92eb390e56,20160,155520
WALLABY J133809-241011,NGC 5044 TR3,NGC5044,4,pass,,False,9,0.8850836736524391,54.000000000108,34x34,65x34x34,148,6.000000000012,66867.703125,22,https://ws.cadc-ccda.hia-iha.nrc-cnrc.gc.ca/data/pub/WALLABY/WALLABY_J133809-241011_NGC_5044_TR3_mom0.fits,https://ws.cadc-ccda.hia-iha.nrc-cnrc.gc.ca/data/pub/WALLABY/WALLABY_J133809-241011_NGC_5044_TR3_mask.fits,c762bebdd5133dbfc5e4eff8d306050cca9d85981e1db1ee5d9e32075280da4e,39e6d76edcfb0f84690e19bc60a4dbea0b79abb558182977a4ccd3164d91eca5,17280,89280
WALLABY J133811-204047,NGC 5044 TR3,NGC5044,8,profile_rejected,negative source annular moment-0 weight; no clipping is allowed,False,,,,45x46,106x45x46,497,6.000000000012,382269.9375,57,https://ws.cadc-ccda.hia-iha.nrc-cnrc.gc.ca/data/pub/WALLABY/WALLABY_J133811-204047_NGC_5044_TR3_mom0.fits,https://ws.cadc-ccda.hia-iha.nrc-cnrc.gc.ca/data/pub/WALLABY/WALLABY_J133811-204047_NGC_5044_TR3_mask.fits,71ee5883914837cf2528c543ef822e7223167c4650192bfec2ea5f46312409f3,9ee8a0206ab7ff13128f040b09dd348ba88237a8d0e3a4902be44d0090dbf76d,20160,233280
WALLABY J133815-211811,NGC 5044 TR3,NGC5044,1,profile_rejected,negative source annular moment-0 weight; no clipping is allowed,False,,,,44x45,95x44x45,415,6.000000000012,199021.453125,78,https://ws.cadc-ccda.hia-iha.nrc-cnrc.gc.ca/data/pub/WALLABY/WALLABY_J133815-211811_NGC_5044_TR3_mom0.fits,https://ws.cadc-ccda.hia-iha.nrc-cnrc.gc.ca/data/pub/WALLABY/WALLABY_J133815-211811_NGC_5044_TR3_mask.fits,c18f004dcfbd0122ce8e12da45df6cfcb85be86fe78f6b862f23edba162df1a9,e556a91499c3981303248ffa4bc115ecb94c81c2312347108f8e4047d41192d5,20160,201600
WALLABY J133818-233325,NGC 5044 TR3,NGC5044,18,pass,,False,12,0.7568723561796957,72.000000000144,36x36,86x36x36,186,6.000000000012,70237.890625,30,https://ws.cadc-ccda.hia-iha.nrc-cnrc.gc.ca/data/pub/WALLABY/WALLABY_J133818-233325_NGC_5044_TR3_mom0.fits,https://ws.cadc-ccda.hia-iha.nrc-cnrc.gc.ca/data/pub/WALLABY/WALLABY_J133818-233325_NGC_5044_TR3_mask.fits,5c5bc839a08a153a8b9af918a071b821e2cace5e108a1b92ea4c2b1c25074898,f61b71a57dc6939dcfe5b2a6129df1f5fa8e451f0440bd0a458f5f73d8da5fd5,17280,123840
WALLABY J133819-180033,NGC 5044 TR3,NGC5044,22,profile_rejected,negative source annular moment-0 weight; no clipping is allowed,False,,,,30x34,95x30x34,105,6.000000000012,55003.47265625,6,https://ws.cadc-ccda.hia-iha.nrc-cnrc.gc.ca/data/pub/WALLABY/WALLABY_J133819-180033_NGC_5044_TR3_mom0.fits,https://ws.cadc-ccda.hia-iha.nrc-cnrc.gc.ca/data/pub/WALLABY/WALLABY_J133819-180033_NGC_5044_TR3_mask.fits,2abe5d8881fa54795ed39df7d657109ac543d92f55629b432f90d3028eacc545,85eaa645b5786c869d71028734165f73d5aee8ab171b9613fa2410f5efdeed01,17280,109440
WALLABY J133819-203750,NGC 5044 TR3,NGC5044,10,pass,,False,12,0.5698825882038282,72.000000000144,32x39,74x32x39,170,6.000000000012,82399.1015625,11,https://ws.cadc-ccda.hia-iha.nrc-cnrc.gc.ca/data/pub/WALLABY/WALLABY_J133819-203750_NGC_5044_TR3_mom0.fits,https://ws.cadc-ccda.hia-iha.nrc-cnrc.gc.ca/data/pub/WALLABY/WALLABY_J133819-203750_NGC_5044_TR3_mask.fits,46b553f16bf07f0e81a3584c335f68e9bfe5fcd8e164f95fc660bf4a4089d3e0,01e5d4ce5857936f016c5852a6dec127bf2afc3c5c33215d3975950204cf696d,17280,106560
WALLABY J133821-225200,NGC 5044 TR3,NGC5044,13,profile_rejected,negative source annular moment-0 weight; no clipping is allowed,False,,,,40x34,87x40x34,209,6.000000000012,84735.9765625,30,https://ws.cadc-ccda.hia-iha.nrc-cnrc.gc.ca/data/pub/WALLABY/WALLABY_J133821-225200_NGC_5044_TR3_mom0.fits,https://ws.cadc-ccda.hia-iha.nrc-cnrc.gc.ca/data/pub/WALLABY/WALLABY_J133821-225200_NGC_5044_TR3_mask.fits,3facb28720ee49b6fabe16d34f7884d9fb8ab6c5a73cd6b8d435ba2d38c28a2f,43c0357e1e03fbcd691b261f992a2f62922ac71227321274198620c0b6e898a8,17280,132480
WALLABY J133822-195211,NGC 5044 TR3,NGC5044,22,pass,,False,9,0.6788711524425006,54.000000000108,31x33,87x31x33,118,6.000000000012,41318.09765625,9,https://ws.cadc-ccda.hia-iha.nrc-cnrc.gc.ca/data/pub/WALLABY/WALLABY_J133822-195211_NGC_5044_TR3_mom0.fits,https://ws.cadc-ccda.hia-iha.nrc-cnrc.gc.ca/data/pub/WALLABY/WALLABY_J133822-195211_NGC_5044_TR3_mask.fits,39b80c3973bdaff94c184be41acdc00ab73b24487466b7a65312e2b95b7f28da,966a34ad6e6195ce979f32542b19c0f550a9919a0e3cab71c0c18ad34001ae7c,17280,100800
WALLABY J133825-165250,NGC 5044 TR3,NGC5044,0,profile_rejected,negative source annular moment-0 weight; no clipping is allowed,False,,,,37x35,61x37x35,187,6.000000000012,64190.9765625,47,https://ws.cadc-ccda.hia-iha.nrc-cnrc.gc.ca/data/pub/WALLABY/WALLABY_J133825-165250_NGC_5044_TR3_mom0.fits,https://ws.cadc-ccda.hia-iha.nrc-cnrc.gc.ca/data/pub/WALLABY/WALLABY_J133825-165250_NGC_5044_TR3_mask.fits,0de6b7a2e97896e8b12b41e202836c5acdfa52eea1a57f337759e02bcc59d45f,ccba73e123fdc1fdb04bcfefb47c1222787c57b6652fb0fc84800ad60efc9179,17280,92160
WALLABY J133830-174448,NGC 5044 TR3,NGC5044,10,profile_rejected,source radial support contains fewer than 8 pixel-scale annuli,False,,,,31x31,54x31x31,102,6.000000000012,29518.642578125,21,https://ws.cadc-ccda.hia-iha.nrc-cnrc.gc.ca/data/pub/WALLABY/WALLABY_J133830-174448_NGC_5044_TR3_mom0.fits,https://ws.cadc-ccda.hia-iha.nrc-cnrc.gc.ca/data/pub/WALLABY/WALLABY_J133830-174448_NGC_5044_TR3_mask.fits,d017547f243b6646cfb09f1f550b8ebd514365427f55a7569db44fd2ad9b0591,294e948cd5f4fec849ba1e67287c06f80b7f7f08efc5783ba6fc88d1bb216a0d,17280,66240
WALLABY J133832-200024,NGC 5044 TR3,NGC5044,20,pass,,False,8,0.7469670376564174,48.000000000096,33x32,100x33x32,100,6.000000000012,41147.08984375,7,https://ws.cadc-ccda.hia-iha.nrc-cnrc.gc.ca/data/pub/WALLABY/WALLABY_J133832-200024_NGC_5044_TR3_mom0.fits,https://ws.cadc-ccda.hia-iha.nrc-cnrc.gc.ca/data/pub/WALLABY/WALLABY_J133832-200024_NGC_5044_TR3_mask.fits,90f9b1f33aab8daa79805f1f18bb40585740cd9bc54dd268ee07fa4da62bf8df,51b6f1ad1afa1a536a32d9415c6bf87a3a80d98b1c6f473421b870d131f64717,17280,118080
WALLABY J133834-174954,NGC 5044 TR3,NGC5044,20,pass,,False,22,0.5797238445878297,132.000000000264,51x39,87x51x39,360,6.000000000012,142376.15625,35,https://ws.cadc-ccda.hia-iha.nrc-cnrc.gc.ca/data/pub/WALLABY/WALLABY_J133834-174954_NGC_5044_TR3_mom0.fits,https://ws.cadc-ccda.hia-iha.nrc-cnrc.gc.ca/data/pub/WALLABY/WALLABY_J133834-174954_NGC_5044_TR3_mask.fits,4f50f3686ac37c0ae1c7a4b4f67fa90fad546847a886f75d6dab5eff9e1c4c0b,f1e7fc3b04a58a20032decc0959e7e912450d1e659427e45328c2e7027aff721,20160,187200
WALLABY J133836-202908,NGC 5044 TR3,NGC5044,7,profile_rejected,negative source annular moment-0 weight; no clipping is allowed,False,,,,53x48,60x53x48,586,6.000000000012,228609.984375,98,https://ws.cadc-ccda.hia-iha.nrc-cnrc.gc.ca/data/pub/WALLABY/WALLABY_J133836-202908_NGC_5044_TR3_mom0.fits,https://ws.cadc-ccda.hia-iha.nrc-cnrc.gc.ca/data/pub/WALLABY/WALLABY_J133836-202908_NGC_5044_TR3_mask.fits,e81dc429b09733fee0133f07607fb4ae6d2d62ecb6e1a9ea1640fa39d0912779,cb9ec14384254c5c755908e78d0f3e349e64656fd05131402751c722171021a7,23040,164160
WALLABY J133837-240848,NGC 5044 TR3,NGC5044,19,profile_rejected,negative source annular moment-0 weight; no clipping is allowed,False,,,,37x36,96x37x36,231,6.000000000012,222807.375,57,https://ws.cadc-ccda.hia-iha.nrc-cnrc.gc.ca/data/pub/WALLABY/WALLABY_J133837-240848_NGC_5044_TR3_mom0.fits,https://ws.cadc-ccda.hia-iha.nrc-cnrc.gc.ca/data/pub/WALLABY/WALLABY_J133837-240848_NGC_5044_TR3_mask.fits,b6e6682be127c2554621095764c340da4580dfc714e7abc250fe8a7594a98b73,33de625948b01fa4f5a5459f5defeb73d6f6af9da32ad8654a7ae74591b14894,17280,141120
WALLABY J133840-135814,NGC 5044 TR3,NGC5044,7,pass,,False,11,0.7196907016686817,66.000000000132,34x38,84x34x38,157,6.000000000012,91313.9140625,14,https://ws.cadc-ccda.hia-iha.nrc-cnrc.gc.ca/data/pub/WALLABY/WALLABY_J133840-135814_NGC_5044_TR3_mom0.fits,https://ws.cadc-ccda.hia-iha.nrc-cnrc.gc.ca/data/pub/WALLABY/WALLABY_J133840-135814_NGC_5044_TR3_mask.fits,6444a7af7d549452f4f2f7a0e97ef169b42e5c760fafc44ac52cce875816b392,788ab5b3a10a7495dc1c7f7cbe5189f0568a42e301f599cab03fdbfa74b6e222,17280,120960
WALLABY J133841-182702,NGC 5044 TR3,NGC5044,18,pass,,False,10,0.6593553345846012,60.000000000120004,30x35,79x30x35,97,6.000000000012,39285.59765625,9,https://ws.cadc-ccda.hia-iha.nrc-cnrc.gc.ca/data/pub/WALLABY/WALLABY_J133841-182702_NGC_5044_TR3_mom0.fits,https://ws.cadc-ccda.hia-iha.nrc-cnrc.gc.ca/data/pub/WALLABY/WALLABY_J133841-182702_NGC_5044_TR3_mask.fits,dd22878f916d21d3813ec8c87c1e86f8645c9e63f5545e169db0835687462909,d2f4d5611865d8e871148a38de9e2e4c925bc94b15389ba4dd5f39b2ac6e25c3,17280,95040
WALLABY J133841-202243,NGC 5044 TR3,NGC5044,18,pass,,False,16,0.7158403755695018,96.000000000192,41x42,81x41x42,300,6.000000000012,148252.84375,35,https://ws.cadc-ccda.hia-iha.nrc-cnrc.gc.ca/data/pub/WALLABY/WALLABY_J133841-202243_NGC_5044_TR3_mom0.fits,https://ws.cadc-ccda.hia-iha.nrc-cnrc.gc.ca/data/pub/WALLABY/WALLABY_J133841-202243_NGC_5044_TR3_mask.fits,cc4ecc2ed2b1658592bd9398af01523cd97e0eac7fa82cbd01562079437c8e71,c37a72561f4f6e716eb3e28e8e97c54cb4fc1918cd019b6991d4b6dfbd3061af,20160,152640
WALLABY J133842-222443,NGC 5044 TR3,NGC5044,17,profile_rejected,source radial support contains fewer than 8 pixel-scale annuli,False,,,,33x31,83x33x31,107,6.000000000012,36091.3359375,17,https://ws.cadc-ccda.hia-iha.nrc-cnrc.gc.ca/data/pub/WALLABY/WALLABY_J133842-222443_NGC_5044_TR3_mom0.fits,https://ws.cadc-ccda.hia-iha.nrc-cnrc.gc.ca/data/pub/WALLABY/WALLABY_J133842-222443_NGC_5044_TR3_mask.fits,7dd66740077ec3741fdcb57bb6398998cfb480c44656eb99f2ae809afab2bf76,7c7858f0f5b2474793cb3da9fde9d2cfbddbe53eaafccccb2046946fc9fd231d,17280,97920
WALLABY J133844-153815,NGC 5044 TR3,NGC5044,0,pass,,False,16,0.8838838711189316,96.000000000192,39x44,104x39x44,305,6.000000000012,141771.40625,36,https://ws.cadc-ccda.hia-iha.nrc-cnrc.gc.ca/data/pub/WALLABY/WALLABY_J133844-153815_NGC_5044_TR3_mom0.fits,https://ws.cadc-ccda.hia-iha.nrc-cnrc.gc.ca/data/pub/WALLABY/WALLABY_J133844-153815_NGC_5044_TR3_mask.fits,badb3cfbacc3e2c8defa6d0ff0e5e36f66f9862f9582e29644d8eca68689cba9,e47410e5bb3db41fa2e77266d9f197f5e74998cee6514694ff1e66820a0d2e86,20160,190080
WALLABY J133845-243304,NGC 5044 TR3,NGC5044,6,pass,,False,14,0.4332521568216319,84.000000000168,31x41,110x31x41,172,6.000000000012,63629.75,8,https://ws.cadc-ccda.hia-iha.nrc-cnrc.gc.ca/data/pub/WALLABY/WALLABY_J133845-243304_NGC_5044_TR3_mom0.fits,https://ws.cadc-ccda.hia-iha.nrc-cnrc.gc.ca/data/pub/WALLABY/WALLABY_J133845-243304_NGC_5044_TR3_mask.fits,babfc69f2a306be8e3202eb00dec476ed3470093414b7ca9bc5d9b011d258606,39cf52456e48ea693ceeb4ee711afac5f474d19805013a994204474b13f23cff,17280,152640
WALLABY J133851-165026,NGC 5044 TR3,NGC5044,23,pass,,False,15,0.8778655072618826,90.00000000018001,38x41,66x38x41,225,6.000000000012,62193.8359375,26,https://ws.cadc-ccda.hia-iha.nrc-cnrc.gc.ca/data/pub/WALLABY/WALLABY_J133851-165026_NGC_5044_TR3_mom0.fits,https://ws.cadc-ccda.hia-iha.nrc-cnrc.gc.ca/data/pub/WALLABY/WALLABY_J133851-165026_NGC_5044_TR3_mask.fits,ba1aba4b6bf4687ff83cc140f630fabb9e65284e7f987c9729462293ee05a625,4adca532e4c98eca87763e189851b78c08bdb03dfa052390bf7f7b30a0de774a,20160,115200
WALLABY J133854-190117,NGC 5044 TR3,NGC5044,18,profile_rejected,negative source annular moment-0 weight; no clipping is allowed,False,,,,33x33,76x33x33,131,6.000000000012,56680.640625,10,https://ws.cadc-ccda.hia-iha.nrc-cnrc.gc.ca/data/pub/WALLABY/WALLABY_J133854-190117_NGC_5044_TR3_mom0.fits,https://ws.cadc-ccda.hia-iha.nrc-cnrc.gc.ca/data/pub/WALLABY/WALLABY_J133854-190117_NGC_5044_TR3_mask.fits,2841a850a6a925a252768c4751b15bbed258546a408d44fbc338764f12a55ba6,5adf2c0ca9c2b8ce3f55334d3dfb527a46833f02c5be12288d91ef8c59017627,17280,95040
WALLABY J133900-160039,NGC 5044 TR3,NGC5044,9,pass,,False,14,0.7501808859582595,84.000000000168,42x34,58x42x34,215,6.000000000012,37687.6796875,35,https://ws.cadc-ccda.hia-iha.nrc-cnrc.gc.ca/data/pub/WALLABY/WALLABY_J133900-160039_NGC_5044_TR3_mom0.fits,https://ws.cadc-ccda.hia-iha.nrc-cnrc.gc.ca/data/pub/WALLABY/WALLABY_J133900-160039_NGC_5044_TR3_mask.fits,7b6551148912c8dfb036fc0b040ffa7c5ecbe3f00abb9d403154c29767ab8e91,1fcbeaf7f79c8f9e376e8bb426757f1dfbf7bc47f774bb0589836b610b48c0a5,17280,95040
WALLABY J133902-204211,NGC 5044 TR3,NGC5044,23,pass,,False,12,0.663348830801196,72.000000000144,37x33,76x37x33,171,6.000000000012,43258.296875,22,https://ws.cadc-ccda.hia-iha.nrc-cnrc.gc.ca/data/pub/WALLABY/WALLABY_J133902-204211_NGC_5044_TR3_mom0.fits,https://ws.cadc-ccda.hia-iha.nrc-cnrc.gc.ca/data/pub/WALLABY/WALLABY_J133902-204211_NGC_5044_TR3_mask.fits,a85539cbf98ca7fce33cb0b4cca36e58e29984c17f4435f40c0fbf122725c20d,b208264b101ad267c3a1dce524b5f344f8d82ca20326d91b33e62059f181c078,17280,106560
WALLABY J133904-240956,NGC 5044 TR3,NGC5044,9,pass,,False,17,0.7008558056226986,102.000000000204,46x40,113x46x40,349,6.000000000012,185453.9375,29,https://ws.cadc-ccda.hia-iha.nrc-cnrc.gc.ca/data/pub/WALLABY/WALLABY_J133904-240956_NGC_5044_TR3_mom0.fits,https://ws.cadc-ccda.hia-iha.nrc-cnrc.gc.ca/data/pub/WALLABY/WALLABY_J133904-240956_NGC_5044_TR3_mask.fits,461938596c379096e7a9ffe64a1a79896587a317f07504c9c1d7dd07fd74b454,e82c7569e5a6399840c3199171a844e53849386ce60333e395c4b1cb19feb13d,20160,221760
WALLABY J133905-201720,NGC 5044 TR3,NGC5044,20,profile_rejected,negative source annular moment-0 weight; no clipping is allowed,False,,,,41x35,57x41x35,202,6.000000000012,71909.828125,40,https://ws.cadc-ccda.hia-iha.nrc-cnrc.gc.ca/data/pub/WALLABY/WALLABY_J133905-201720_NGC_5044_TR3_mom0.fits,https://ws.cadc-ccda.hia-iha.nrc-cnrc.gc.ca/data/pub/WALLABY/WALLABY_J133905-201720_NGC_5044_TR3_mask.fits,36680f13eb00cfa25c9d79e8df5fa0a163f293ebdd7ec96bb44347ec15abdc54,d6ef7c217b0924cc40051d87e50e243ddda4f1a0652f39e7668774c2288c5586,17280,95040
WALLABY J133910-174532,NGC 5044 TR3,NGC5044,15,profile_rejected,negative source annular moment-0 weight; no clipping is allowed,False,,,,34x35,80x34x35,144,6.000000000012,42961.50390625,34,https://ws.cadc-ccda.hia-iha.nrc-cnrc.gc.ca/data/pub/WALLABY/WALLABY_J133910-174532_NGC_5044_TR3_mom0.fits,https://ws.cadc-ccda.hia-iha.nrc-cnrc.gc.ca/data/pub/WALLABY/WALLABY_J133910-174532_NGC_5044_TR3_mask.fits,06a751524985f2c7805f945db71e7a28b85757ce1611017b1b1a5f332eaba189,5299a04ee51d401de6cce332f1e6806ec1ba281cadf4d1e7d889fb8d7e14fa47,17280,109440
WALLABY J133912-153835,NGC 5044 TR3,NGC5044,7,profile_rejected,negative source annular moment-0 weight; no clipping is allowed,False,,,,45x38,97x45x38,327,6.000000000012,109996.59375,53,https://ws.cadc-ccda.hia-iha.nrc-cnrc.gc.ca/data/pub/WALLABY/WALLABY_J133912-153835_NGC_5044_TR3_mom0.fits,https://ws.cadc-ccda.hia-iha.nrc-cnrc.gc.ca/data/pub/WALLABY/WALLABY_J133912-153835_NGC_5044_TR3_mask.fits,4dbcc677478e7594117c3f792b22b84c204185b04b9fc8b1eb2854fa99800c73,b8052e84f865ca36fa9124798b343fd89f9b28a4e6443a71db513238c5335269,20160,178560
WALLABY J133916-181515,NGC 5044 TR3,NGC5044,12,pass,,False,11,0.7857504008883438,66.000000000132,39x35,79x39x35,226,6.000000000012,90941.78125,28,https://ws.cadc-ccda.hia-iha.nrc-cnrc.gc.ca/data/pub/WALLABY/WALLABY_J133916-181515_NGC_5044_TR3_mom0.fits,https://ws.cadc-ccda.hia-iha.nrc-cnrc.gc.ca/data/pub/WALLABY/WALLABY_J133916-181515_NGC_5044_TR3_mask.fits,d958d9bcf1d8cea6003fa760c29018f43e234a4d8452017a89ed12dda715a39e,a382e58e4cf8b3dfc6f2f42b03ae59f32957fd3d1e7d58596bc6352e28cbfc50,17280,120960
WALLABY J133917-181144,NGC 5044 TR3,NGC5044,13,profile_rejected,negative source annular moment-0 weight; no clipping is allowed,False,,,,33x33,45x33x33,135,6.000000000012,31433.8046875,17,https://ws.cadc-ccda.hia-iha.nrc-cnrc.gc.ca/data/pub/WALLABY/WALLABY_J133917-181144_NGC_5044_TR3_mom0.fits,https://ws.cadc-ccda.hia-iha.nrc-cnrc.gc.ca/data/pub/WALLABY/WALLABY_J133917-181144_NGC_5044_TR3_mask.fits,fb867306804111250b420638f4c85d2e3f8a88e99d93c4ba084bf829bf97f918,a9eaeba396bf22e35a4a13062262aaf4a8d66ede7748c673d3872c2fe12bf4dd,17280,63360
WALLABY J133925-155322,NGC 5044 TR3,NGC5044,12,profile_rejected,negative source annular moment-0 weight; no clipping is allowed,False,,,,36x35,100x36x35,176,6.000000000012,76072.5,42,https://ws.cadc-ccda.hia-iha.nrc-cnrc.gc.ca/data/pub/WALLABY/WALLABY_J133925-155322_NGC_5044_TR3_mom0.fits,https://ws.cadc-ccda.hia-iha.nrc-cnrc.gc.ca/data/pub/WALLABY/WALLABY_J133925-155322_NGC_5044_TR3_mask.fits,a9c2d82753d3a36da3c3d0f57a5ab04f9e9e3569af4a5bc4b00e8624dfbed209,09062a0be4e53929f155ec0c741dbfa5c18c0f9aa7a338e92b629307cb97bb58,17280,138240
WALLABY J133925-191308,NGC 5044 TR3,NGC5044,12,profile_rejected,negative source annular moment-0 weight; no clipping is allowed,False,,,,38x37,51x38x37,221,6.000000000012,67578.640625,44,https://ws.cadc-ccda.hia-iha.nrc-cnrc.gc.ca/data/pub/WALLABY/WALLABY_J133925-191308_NGC_5044_TR3_mom0.fits,https://ws.cadc-ccda.hia-iha.nrc-cnrc.gc.ca/data/pub/WALLABY/WALLABY_J133925-191308_NGC_5044_TR3_mask.fits,479be8c9c8b986ecbbfc396b5530aba76dc2b30d449866c7b49cfda3380c476a,a800fd8afb3ee92f4a290194d32b4b6c097c9860d6dc7775d3600ce87d13a32e,17280,83520
WALLABY J133929-192931,NGC 5044 TR3,NGC5044,16,profile_rejected,negative source annular moment-0 weight; no clipping is allowed,False,,,,64x49,102x64x49,888,6.000000000012,304976.5625,124,https://ws.cadc-ccda.hia-iha.nrc-cnrc.gc.ca/data/pub/WALLABY/WALLABY_J133929-192931_NGC_5044_TR3_mom0.fits,https://ws.cadc-ccda.hia-iha.nrc-cnrc.gc.ca/data/pub/WALLABY/WALLABY_J133929-192931_NGC_5044_TR3_mask.fits,8455ffd1edc10ce7d34f643e266d0d17b564133e192b5436854710997529af0b,d180c7c0c64e66f05012af9d5e306308f853e68487a71226869593ff62dcf27c,25920,334080
WALLABY J133931-181852,NGC 5044 TR3,NGC5044,12,pass,,False,20,0.5593360412820805,120.00000000024001,40x43,59x40x43,185,6.000000000012,42666.44921875,10,https://ws.cadc-ccda.hia-iha.nrc-cnrc.gc.ca/data/pub/WALLABY/WALLABY_J133931-181852_NGC_5044_TR3_mom0.fits,https://ws.cadc-ccda.hia-iha.nrc-cnrc.gc.ca/data/pub/WALLABY/WALLABY_J133931-181852_NGC_5044_TR3_mask.fits,c7d74a9c2b130a39e5abc2f8b80b4c9d5031c21324ae336e52ee32fcda54f6a2,24ba1ac9b3fb2c00c12d76db4725fb897b8762fcfa063c42c05e620337ea3390,20160,115200
WALLABY J133933-145203,NGC 5044 TR3,NGC5044,10,pass,,False,9,0.7411019690111873,54.000000000108,32x31,97x32x31,104,6.000000000012,55495.1171875,5,https://ws.cadc-ccda.hia-iha.nrc-cnrc.gc.ca/data/pub/WALLABY/WALLABY_J133933-145203_NGC_5044_TR3_mom0.fits,https://ws.cadc-ccda.hia-iha.nrc-cnrc.gc.ca/data/pub/WALLABY/WALLABY_J133933-145203_NGC_5044_TR3_mask.fits,eb809e7dfe52114dad574828a685b5a706a97079360933dc9d813efb68e6aa2e,b5ddf02c86d29fe1aed6c6b59a1cbae478a19d522293927130d42d9430c3af06,17280,109440
WALLABY J133933-222957,NGC 5044 TR3,NGC5044,12,pass,,False,23,0.7458568868006328,138.000000000276,51x47,101x51x47,621,6.000000000012,343853.4375,93,https://ws.cadc-ccda.hia-iha.nrc-cnrc.gc.ca/data/pub/WALLABY/WALLABY_J133933-222957_NGC_5044_TR3_mom0.fits,https://ws.cadc-ccda.hia-iha.nrc-cnrc.gc.ca/data/pub/WALLABY/WALLABY_J133933-222957_NGC_5044_TR3_mask.fits,84d5dfe72da6a8624e02175700aa73c76aadfc26cdd428c1cbf239bc760f8c8d,e97d6556a36bdb08ca91db87aeb04be1b7cf7e34f35bc14a6fb39e64c8face3c,23040,256320
WALLABY J133939-234522,NGC 5044 TR3,NGC5044,17,pass,,False,11,0.8895629436765973,66.000000000132,39x37,70x39x37,224,6.000000000012,78780.46875,29,https://ws.cadc-ccda.hia-iha.nrc-cnrc.gc.ca/data/pub/WALLABY/WALLABY_J133939-234522_NGC_5044_TR3_mom0.fits,https://ws.cadc-ccda.hia-iha.nrc-cnrc.gc.ca/data/pub/WALLABY/WALLABY_J133939-234522_NGC_5044_TR3_mask.fits,c9a96fffe4b19aaf9d5460472c60d5369163d3082f9404e5cc2e0a5a6978ee8f,933818aab09aee00c3c66884eb611d4eecf5d947f08a0a503d5f231d10090235,20160,115200
WALLABY J133942-250143,NGC 5044 TR3,NGC5044,18,pass,,False,15,0.733639841874332,90.00000000018001,42x37,80x42x37,291,6.000000000012,153027.625,24,https://ws.cadc-ccda.hia-iha.nrc-cnrc.gc.ca/data/pub/WALLABY/WALLABY_J133942-250143_NGC_5044_TR3_mom0.fits,https://ws.cadc-ccda.hia-iha.nrc-cnrc.gc.ca/data/pub/WALLABY/WALLABY_J133942-250143_NGC_5044_TR3_mask.fits,b5394d497479f70aa5648275adc8c94a457c775033b9b45d50fc3528992163c2,c65a998ff985b83476fd868036b246bea1bb473fa75d1efb27ae790c3021c491,20160,138240
WALLABY J133944-165003,NGC 5044 TR3,NGC5044,3,profile_rejected,negative source annular moment-0 weight; no clipping is allowed,False,,,,38x39,53x38x39,252,6.000000000012,70850.34375,74,https://ws.cadc-ccda.hia-iha.nrc-cnrc.gc.ca/data/pub/WALLABY/WALLABY_J133944-165003_NGC_5044_TR3_mom0.fits,https://ws.cadc-ccda.hia-iha.nrc-cnrc.gc.ca/data/pub/WALLABY/WALLABY_J133944-165003_NGC_5044_TR3_mask.fits,241469d74042e1896b9855f4d9e40591f059a947d0e564162e4751d1c78279e3,da6857af8d5e6b91f3c436f415cb3301e30a1d196308b7168e76047ec7e6a461,20160,92160
WALLABY J133950-163125,NGC 5044 TR3,NGC5044,14,pass,,False,11,0.6853984873751073,66.000000000132,33x39,83x33x39,200,6.000000000012,64621.42578125,37,https://ws.cadc-ccda.hia-iha.nrc-cnrc.gc.ca/data/pub/WALLABY/WALLABY_J133950-163125_NGC_5044_TR3_mom0.fits,https://ws.cadc-ccda.hia-iha.nrc-cnrc.gc.ca/data/pub/WALLABY/WALLABY_J133950-163125_NGC_5044_TR3_mask.fits,3d43f827c1752a0cdd4fd0dbca90d97167f3fc9e5d3ba1e158a4d16fb8da9fb5,13260035544ddff94932593411912fae1c4e458b824cf85ee2247e34e86b8205,17280,120960
WALLABY J133950-195837,NGC 5044 TR3,NGC5044,19,pass,,False,13,0.6642118871632819,78.000000000156,36x38,86x36x38,235,6.000000000012,117098.21875,24,https://ws.cadc-ccda.hia-iha.nrc-cnrc.gc.ca/data/pub/WALLABY/WALLABY_J133950-195837_NGC_5044_TR3_mom0.fits,https://ws.cadc-ccda.hia-iha.nrc-cnrc.gc.ca/data/pub/WALLABY/WALLABY_J133950-195837_NGC_5044_TR3_mask.fits,fc2f9ba0bdf5d51a3dcde48c26a8b4118042f301a109f9cf561a20420c9bd5ee,3f3815e05a44b44bb11b1d7942f673bb8f3d4c21048d5618d465ec9ee4ea3ada,17280,129600
WALLABY J133951-233716,NGC 5044 TR3,NGC5044,9,pass,,False,9,0.900040219839518,54.000000000108,35x34,78x35x34,162,6.000000000012,78120.484375,32,https://ws.cadc-ccda.hia-iha.nrc-cnrc.gc.ca/data/pub/WALLABY/WALLABY_J133951-233716_NGC_5044_TR3_mom0.fits,https://ws.cadc-ccda.hia-iha.nrc-cnrc.gc.ca/data/pub/WALLABY/WALLABY_J133951-233716_NGC_5044_TR3_mask.fits,a50ab700fd8b40878bc4c318fdd4f614501ea46b1705bffc6e3c5e4a3ce40c3d,1ef090f8495730a97c4677975d002c5debb0a1839b20de33e7a01dc2864cba8a,17280,106560
WALLABY J133953-182902,NGC 5044 TR3,NGC5044,10,profile_rejected,negative source annular moment-0 weight; no clipping is allowed,False,,,,41x38,96x41x38,261,6.000000000012,144718.65625,52,https://ws.cadc-ccda.hia-iha.nrc-cnrc.gc.ca/data/pub/WALLABY/WALLABY_J133953-182902_NGC_5044_TR3_mom0.fits,https://ws.cadc-ccda.hia-iha.nrc-cnrc.gc.ca/data/pub/WALLABY/WALLABY_J133953-182902_NGC_5044_TR3_mask.fits,40ea0e79e9d13599a98c251474696be75c9c36138bed2b0e5491abe9354c1fae,f9b6bbe22f166a5e74c4c986df98e2e5897426652ade7f43f0219fcc7456298e,20160,161280
WALLABY J134002-252831,NGC 5044 TR3,NGC5044,23,pass,,False,24,0.6846292946362005,144.000000000288,45x47,109x45x47,435,6.000000000012,794192.875,29,https://ws.cadc-ccda.hia-iha.nrc-cnrc.gc.ca/data/pub/WALLABY/WALLABY_J134002-252831_NGC_5044_TR3_mom0.fits,https://ws.cadc-ccda.hia-iha.nrc-cnrc.gc.ca/data/pub/WALLABY/WALLABY_J134002-252831_NGC_5044_TR3_mask.fits,a1d1f08c316f130cd8a54106885bff984e0754a5aed9223003237380a08c8be6,b895c86c08c988c9205d4e9bae350c52c9a8a7ee7c7c1ecf93ddf65070d7a1f6,20160,244800
WALLABY J134004-235850,NGC 5044 TR3,NGC5044,22,pass,,False,14,0.6418016410453563,84.000000000168,40x35,104x40x35,218,6.000000000012,79035.125,29,https://ws.cadc-ccda.hia-iha.nrc-cnrc.gc.ca/data/pub/WALLABY/WALLABY_J134004-235850_NGC_5044_TR3_mom0.fits,https://ws.cadc-ccda.hia-iha.nrc-cnrc.gc.ca/data/pub/WALLABY/WALLABY_J134004-235850_NGC_5044_TR3_mask.fits,7cf1f7011ccee30d8c25d61d64b79b38ece0fa8e9a3d9d8638e34f1a311cfed0,79b608796a386fb298eeed7c251894cea272efe5764aae55868230fb7c8cadf7,17280,158400
WALLABY J134006-195923,NGC 5044 TR3,NGC5044,1,profile_rejected,negative source annular moment-0 weight; no clipping is allowed,False,,,,36x32,55x36x32,150,6.000000000012,58907.51953125,26,https://ws.cadc-ccda.hia-iha.nrc-cnrc.gc.ca/data/pub/WALLABY/WALLABY_J134006-195923_NGC_5044_TR3_mom0.fits,https://ws.cadc-ccda.hia-iha.nrc-cnrc.gc.ca/data/pub/WALLABY/WALLABY_J134006-195923_NGC_5044_TR3_mask.fits,25026084e5e9e4401f6887b4d107ebfa64659a005ae4218cba6aecc44ab28652,302f9104464b4600ef7255edf48cfd3995dd00443dadc57a9a3010df27d2a3eb,17280,74880
WALLABY J134008-190909,NGC 5044 TR3,NGC5044,5,profile_rejected,source radial support contains fewer than 8 pixel-scale annuli,False,,,,28x31,57x28x31,65,6.000000000012,20794.59765625,2,https://ws.cadc-ccda.hia-iha.nrc-cnrc.gc.ca/data/pub/WALLABY/WALLABY_J134008-190909_NGC_5044_TR3_mom0.fits,https://ws.cadc-ccda.hia-iha.nrc-cnrc.gc.ca/data/pub/WALLABY/WALLABY_J134008-190909_NGC_5044_TR3_mask.fits,e3e0c9ac849cb3e12d091d9be53def4ab01b3926c354581dfd029382e49b3b3a,4b6c60a5cd1bacdca37cabead1015a6b7363d4fbaef605d0a1482510d1457f59,17280,63360
WALLABY J134015-153211,NGC 5044 TR3,NGC5044,23,pass,,False,10,0.633880669366061,60.000000000120004,36x33,77x36x33,143,6.000000000012,44776.828125,25,https://ws.cadc-ccda.hia-iha.nrc-cnrc.gc.ca/data/pub/WALLABY/WALLABY_J134015-153211_NGC_5044_TR3_mom0.fits,https://ws.cadc-ccda.hia-iha.nrc-cnrc.gc.ca/data/pub/WALLABY/WALLABY_J134015-153211_NGC_5044_TR3_mask.fits,a2c328f14194e3c75d5e17621b12538c5cfdb7e22d83545ead78825365e2ca23,14ebe4c24232de6362645ba4cf9999a58f632c2ce5bd95704594e2e2a65f0a10,17280,103680
WALLABY J134017-200502,NGC 5044 TR3,NGC5044,6,pass,,False,11,0.8911279009016332,66.000000000132,37x37,73x37x37,220,6.000000000012,91909.0,20,https://ws.cadc-ccda.hia-iha.nrc-cnrc.gc.ca/data/pub/WALLABY/WALLABY_J134017-200502_NGC_5044_TR3_mom0.fits,https://ws.cadc-ccda.hia-iha.nrc-cnrc.gc.ca/data/pub/WALLABY/WALLABY_J134017-200502_NGC_5044_TR3_mask.fits,2b100e56a3625175be25e7c15be8bd472dedcac651ffc1fed7893f52ccb8facf,d0da934c092f46c5adb82dab010797b8a079e7909abfc19285b21c67c1238185,17280,112320
WALLABY J134018-200556,NGC 5044 TR3,NGC5044,6,pass,,False,18,0.9173757251329427,108.000000000216,37x44,140x37x44,371,6.000000000012,162478.96875,23,https://ws.cadc-ccda.hia-iha.nrc-cnrc.gc.ca/data/pub/WALLABY/WALLABY_J134018-200556_NGC_5044_TR3_mom0.fits,https://ws.cadc-ccda.hia-iha.nrc-cnrc.gc.ca/data/pub/WALLABY/WALLABY_J134018-200556_NGC_5044_TR3_mask.fits,bad0cdd5678e6e12a7f8179f51eeedee6449eb824ecc203dab66889569143c20,7ee1e4a0ffbb545df09d475068d800797113020e71b588e2ecd59c506e70bf46,20160,241920
WALLABY J134018-211518,NGC 5044 TR3,NGC5044,11,pass,,False,16,0.7659019183044763,96.000000000192,39x38,114x39x38,251,6.000000000012,108883.6875,35,https://ws.cadc-ccda.hia-iha.nrc-cnrc.gc.ca/data/pub/WALLABY/WALLABY_J134018-211518_NGC_5044_TR3_mom0.fits,https://ws.cadc-ccda.hia-iha.nrc-cnrc.gc.ca/data/pub/WALLABY/WALLABY_J134018-211518_NGC_5044_TR3_mask.fits,f7e5d8776ca9b2a228c5728ee859c90b7386930a9d7bdefbf7d635b25cf7a96f,9e9cd1303f6a626d56c1d31bf39abd54ad160753d1db6f6ef8c7bffdfbae6898,20160,181440
WALLABY J134019-235122,NGC 5044 TR3,NGC5044,17,pass,,False,20,0.9288868936576297,120.00000000024001,55x54,119x55x54,793,6.000000000012,600803.0,107,https://ws.cadc-ccda.hia-iha.nrc-cnrc.gc.ca/data/pub/WALLABY/WALLABY_J134019-235122_NGC_5044_TR3_mom0.fits,https://ws.cadc-ccda.hia-iha.nrc-cnrc.gc.ca/data/pub/WALLABY/WALLABY_J134019-235122_NGC_5044_TR3_mask.fits,66b749de73672e9f07ada59494b6d0b5bdef1451d1c493eca0105c0d3486e0fb,5b8e02559dfa8c43c0278382682af627b431119e34d38f6d3624a139de00b992,25920,365760
WALLABY J134024-233429,NGC 5044 TR3,NGC5044,17,pass,,False,8,0.8050472454307904,48.000000000096,33x33,56x33x33,134,6.000000000012,43727.18359375,4,https://ws.cadc-ccda.hia-iha.nrc-cnrc.gc.ca/data/pub/WALLABY/WALLABY_J134024-233429_NGC_5044_TR3_mom0.fits,https://ws.cadc-ccda.hia-iha.nrc-cnrc.gc.ca/data/pub/WALLABY/WALLABY_J134024-233429_NGC_5044_TR3_mask.fits,7fdf03545ba1b6ce6eca508db7fb8715cf597fce575b5cb728f34a084a4b90c3,80239d853949db9d05aab9baccbf74537695b6d65c47f86b2277d7a64bd7f220,17280,74880
WALLABY J134026-235514,NGC 5044 TR3,NGC5044,21,profile_rejected,negative source annular moment-0 weight; no clipping is allowed,False,,,,46x38,179x46x38,337,6.000000000012,267543.875,53,https://ws.cadc-ccda.hia-iha.nrc-cnrc.gc.ca/data/pub/WALLABY/WALLABY_J134026-235514_NGC_5044_TR3_mom0.fits,https://ws.cadc-ccda.hia-iha.nrc-cnrc.gc.ca/data/pub/WALLABY/WALLABY_J134026-235514_NGC_5044_TR3_mask.fits,a3f22f7fe500a8149ff4747e2a14570f748684000fc4bb8afeb013cdd718f2be,cb1a36588877ed72d852276b6f17bfa73761d3a5f08932705de6760fe10f9fff,20160,325440
WALLABY J134027-234458,NGC 5044 TR3,NGC5044,5,profile_rejected,negative source annular moment-0 weight; no clipping is allowed,False,,,,33x33,65x33x33,126,6.000000000012,38048.65625,20,https://ws.cadc-ccda.hia-iha.nrc-cnrc.gc.ca/data/pub/WALLABY/WALLABY_J134027-234458_NGC_5044_TR3_mom0.fits,https://ws.cadc-ccda.hia-iha.nrc-cnrc.gc.ca/data/pub/WALLABY/WALLABY_J134027-234458_NGC_5044_TR3_mask.fits,99fc1be19f060905252fd1a9e9de0629dfbe60438baa68aa3b1a23ee27c16ff2,606aab0a046365c7bf4e8f286757e9cc31e081001ed3c1dceaee8f15a6f20a0f,17280,83520
WALLABY J134028-151237,NGC 5044 TR3,NGC5044,3,profile_rejected,negative source annular moment-0 weight; no clipping is allowed,False,,,,38x39,71x38x39,255,6.000000000012,86288.421875,76,https://ws.cadc-ccda.hia-iha.nrc-cnrc.gc.ca/data/pub/WALLABY/WALLABY_J134028-151237_NGC_5044_TR3_mom0.fits,https://ws.cadc-ccda.hia-iha.nrc-cnrc.gc.ca/data/pub/WALLABY/WALLABY_J134028-151237_NGC_5044_TR3_mask.fits,0379648db41560fdd895f79c93e6d79b9e3413f6de91f3ce1f352c953e2c37e2,b2c4dda1481b2e0732e4ceb46032d2caba3240e39e985c75c389855b84c424e2,20160,118080
WALLABY J134029-234529,NGC 5044 TR3,NGC5044,15,profile_rejected,source radial support contains fewer than 8 pixel-scale annuli,False,,,,33x33,65x33x33,132,6.000000000012,38508.34375,10,https://ws.cadc-ccda.hia-iha.nrc-cnrc.gc.ca/data/pub/WALLABY/WALLABY_J134029-234529_NGC_5044_TR3_mom0.fits,https://ws.cadc-ccda.hia-iha.nrc-cnrc.gc.ca/data/pub/WALLABY/WALLABY_J134029-234529_NGC_5044_TR3_mask.fits,869c81736f997a9986f5ffa357283a781c53b13621369552a46d916ef27fff2f,781902c71b7e54b39fefe8dc64422182bffac6aa92366184def0e402b1b7252e,17280,83520
WALLABY J134030-172613,NGC 5044 TR3,NGC5044,16,pass,,False,12,0.7996562963399151,72.000000000144,41x39,91x41x39,318,6.000000000012,113082.8671875,35,https://ws.cadc-ccda.hia-iha.nrc-cnrc.gc.ca/data/pub/WALLABY/WALLABY_J134030-172613_NGC_5044_TR3_mom0.fits,https://ws.cadc-ccda.hia-iha.nrc-cnrc.gc.ca/data/pub/WALLABY/WALLABY_J134030-172613_NGC_5044_TR3_mask.fits,7c217fc862bcc8fec84ba2040ad644447ba4d98cb6d81e5254e86c9d43e002e7,a6804c9e0f5d09815d7e7072ad31626394003ecdcd99fbcce1f5a608c93e7745,20160,158400
WALLABY J134032-210112,NGC 5044 TR3,NGC5044,5,profile_rejected,negative source annular moment-0 weight; no clipping is allowed,False,,,,33x34,58x33x34,134,6.000000000012,24637.703125,24,https://ws.cadc-ccda.hia-iha.nrc-cnrc.gc.ca/data/pub/WALLABY/WALLABY_J134032-210112_NGC_5044_TR3_mom0.fits,https://ws.cadc-ccda.hia-iha.nrc-cnrc.gc.ca/data/pub/WALLABY/WALLABY_J134032-210112_NGC_5044_TR3_mask.fits,a38ae26519f5b5716a0c756fc2b42cd449664d5f6b323c126548331b33259583,550c76392f61b3d921bb6ccffe34cc935eaf5ff1e4fccd384c7a27d3de605792,17280,77760
WALLABY J134034-183340,NGC 5044 TR3,NGC5044,23,pass,,False,8,0.8891858926147305,48.000000000096,33x32,90x33x32,115,6.000000000012,38149.23828125,17,https://ws.cadc-ccda.hia-iha.nrc-cnrc.gc.ca/data/pub/WALLABY/WALLABY_J134034-183340_NGC_5044_TR3_mom0.fits,https://ws.cadc-ccda.hia-iha.nrc-cnrc.gc.ca/data/pub/WALLABY/WALLABY_J134034-183340_NGC_5044_TR3_mask.fits,1a6691f3de67c58cbcd2902b53c31b7180e0517665dcd4d9077550f9d18e2d23,243694f20b59a6a07110cd62cc42e05c8295c9d0cbb18fd4def44b8514d4d307,17280,106560
WALLABY J134042-173330,NGC 5044 TR3,NGC5044,5,profile_rejected,negative source annular moment-0 weight; no clipping is allowed,False,,,,59x39,132x59x39,424,6.000000000012,189009.9375,91,https://ws.cadc-ccda.hia-iha.nrc-cnrc.gc.ca/data/pub/WALLABY/WALLABY_J134042-173330_NGC_5044_TR3_mom0.fits,https://ws.cadc-ccda.hia-iha.nrc-cnrc.gc.ca/data/pub/WALLABY/WALLABY_J134042-173330_NGC_5044_TR3_mask.fits,bfb77ca218e610c9635d376dcb4c93c2e0df03c9758a908f7b80261efa53c1c3,6a43f4a49b0002d8d5baffbc89e9afbc15795f994eb4134df13a494460cd0dcc,23040,316800
WALLABY J134045-211913,NGC 5044 TR3,NGC5044,1,pass,,False,13,0.7400371139214028,78.000000000156,34x40,80x34x40,223,6.000000000012,77627.7578125,14,https://ws.cadc-ccda.hia-iha.nrc-cnrc.gc.ca/data/pub/WALLABY/WALLABY_J134045-211913_NGC_5044_TR3_mom0.fits,https://ws.cadc-ccda.hia-iha.nrc-cnrc.gc.ca/data/pub/WALLABY/WALLABY_J134045-211913_NGC_5044_TR3_mask.fits,5d05630e20649f40d87e3109334429c256d978828844405762b95e56b04d47ca,523737e99be1d3a78fb262d2b59f4237643a66e856e62cdd35bd30235f3e3b66,17280,120960
WALLABY J134053-184433,NGC 5044 TR3,NGC5044,1,profile_rejected,negative source annular moment-0 weight; no clipping is allowed,False,,,,38x40,79x38x40,241,6.000000000012,94055.953125,63,https://ws.cadc-ccda.hia-iha.nrc-cnrc.gc.ca/data/pub/WALLABY/WALLABY_J134053-184433_NGC_5044_TR3_mom0.fits,https://ws.cadc-ccda.hia-iha.nrc-cnrc.gc.ca/data/pub/WALLABY/WALLABY_J134053-184433_NGC_5044_TR3_mask.fits,c14282218b1ea53f7c12c2c944901c8a998d3baa94e5d06a73ba7b9da91de155,e03553e29d5f8d4654e19463b597beaab540847217650c318e88edfa6a0ec515,20160,132480
WALLABY J134054-194402,NGC 5044 TR3,NGC5044,20,profile_rejected,negative source annular moment-0 weight; no clipping is allowed,False,,,,35x36,106x35x36,191,6.000000000012,90693.9296875,37,https://ws.cadc-ccda.hia-iha.nrc-cnrc.gc.ca/data/pub/WALLABY/WALLABY_J134054-194402_NGC_5044_TR3_mom0.fits,https://ws.cadc-ccda.hia-iha.nrc-cnrc.gc.ca/data/pub/WALLABY/WALLABY_J134054-194402_NGC_5044_TR3_mask.fits,fc5899b23130cd8e315728770d43d328bc96de85914c9b9b1534951605865d6c,6be173785fef552ea947b0fbfaa1f175fbe7f264108508fd290ee13995e24fc1,17280,146880
WALLABY J134056-233626,NGC 5044 TR3,NGC5044,1,pass,,False,14,0.7734377582356141,84.000000000168,39x41,96x39x41,248,6.000000000012,109660.75,40,https://ws.cadc-ccda.hia-iha.nrc-cnrc.gc.ca/data/pub/WALLABY/WALLABY_J134056-233626_NGC_5044_TR3_mom0.fits,https://ws.cadc-ccda.hia-iha.nrc-cnrc.gc.ca/data/pub/WALLABY/WALLABY_J134056-233626_NGC_5044_TR3_mask.fits,5ed8225eaf2c91109c9b932e9083f72134bc5fb198e249431e2daa72881a27f8,bcc77ab0acbd474d66e4cbb5fbf7d181313db5254e4b0acb1280d18b032614be,20160,167040
WALLABY J134059-191452,NGC 5044 TR3,NGC5044,5,pass,,False,14,0.6033200433506313,84.000000000168,39x37,59x39x37,215,6.000000000012,66324.7265625,22,https://ws.cadc-ccda.hia-iha.nrc-cnrc.gc.ca/data/pub/WALLABY/WALLABY_J134059-191452_NGC_5044_TR3_mom0.fits,https://ws.cadc-ccda.hia-iha.nrc-cnrc.gc.ca/data/pub/WALLABY/WALLABY_J134059-191452_NGC_5044_TR3_mask.fits,925a8eedb6e3d0c1bb8e0e5495142849f383829447f270ca4f95b638238f8f3f,04bf0382c804a87dd79427d9879606cdb4e3c6b902fbfd7eca4aa206170c2fd6,20160,97920
WALLABY J134102-231256,NGC 5044 TR3,NGC5044,23,profile_rejected,negative source annular moment-0 weight; no clipping is allowed,False,,,,50x46,102x50x46,547,6.000000000012,510279.96875,107,https://ws.cadc-ccda.hia-iha.nrc-cnrc.gc.ca/data/pub/WALLABY/WALLABY_J134102-231256_NGC_5044_TR3_mom0.fits,https://ws.cadc-ccda.hia-iha.nrc-cnrc.gc.ca/data/pub/WALLABY/WALLABY_J134102-231256_NGC_5044_TR3_mask.fits,1f61897669cc0f726a7bb9de798e580c58bbea644910386318f817853d72eec1,a6fb0f98879f3d8e5983907c4294a1e8f2b059e0ad6f39b30ec60352a259320b,23040,247680
WALLABY J134103-181309,NGC 5044 TR3,NGC5044,13,profile_rejected,negative source annular moment-0 weight; no clipping is allowed,False,,,,37x34,94x37x34,169,6.000000000012,71554.921875,30,https://ws.cadc-ccda.hia-iha.nrc-cnrc.gc.ca/data/pub/WALLABY/WALLABY_J134103-181309_NGC_5044_TR3_mom0.fits,https://ws.cadc-ccda.hia-iha.nrc-cnrc.gc.ca/data/pub/WALLABY/WALLABY_J134103-181309_NGC_5044_TR3_mask.fits,0d29ca79781d047713901e2907aa68a7ec2cd0f2fead87aa98fb85594a2d339a,b70ab0966af15a048b35518619c50445d228b451639db61ec9e136de26d6ed1d,17280,132480
WALLABY J134112-233409,NGC 5044 TR3,NGC5044,4,profile_rejected,negative source annular moment-0 weight; no clipping is allowed,False,,,,34x34,56x34x34,134,6.000000000012,56392.015625,12,https://ws.cadc-ccda.hia-iha.nrc-cnrc.gc.ca/data/pub/WALLABY/WALLABY_J134112-233409_NGC_5044_TR3_mom0.fits,https://ws.cadc-ccda.hia-iha.nrc-cnrc.gc.ca/data/pub/WALLABY/WALLABY_J134112-233409_NGC_5044_TR3_mask.fits,8ba33334b22cf81705c963049aa58d357da8da66eac730895d808968687f73df,5cd9ba65245426b23139b3b36bb98032a179aede204274af7416db3789f7a56f,17280,77760
WALLABY J134115-145751,NGC 5044 TR3,NGC5044,21,pass,,False,18,0.7619742468574274,108.000000000216,42x44,91x42x44,317,6.000000000012,90002.09375,60,https://ws.cadc-ccda.hia-iha.nrc-cnrc.gc.ca/data/pub/WALLABY/WALLABY_J134115-145751_NGC_5044_TR3_mom0.fits,https://ws.cadc-ccda.hia-iha.nrc-cnrc.gc.ca/data/pub/WALLABY/WALLABY_J134115-145751_NGC_5044_TR3_mask.fits,522d5fb6721bb1b443e3b0a307f03045912313ddd3257fedb61f5aee7b8a94cc,4ac0eef5a8a87192052f8ef43144f2d98cfb9dc6000cb028b914bdd4c7e35113,20160,181440
WALLABY J134120-181446,NGC 5044 TR3,NGC5044,0,profile_rejected,source radial support contains fewer than 8 pixel-scale annuli,False,,,,27x31,62x27x31,51,6.000000000012,19508.12109375,0,https://ws.cadc-ccda.hia-iha.nrc-cnrc.gc.ca/data/pub/WALLABY/WALLABY_J134120-181446_NGC_5044_TR3_mom0.fits,https://ws.cadc-ccda.hia-iha.nrc-cnrc.gc.ca/data/pub/WALLABY/WALLABY_J134120-181446_NGC_5044_TR3_mask.fits,19adb296957e90eb25e4bd740acb3fb1581ddcc70a22b6f1c4b0575eedc4bc8d,e39d4917cf7660ad18a8d7e1fe1ddb99f66b80430ffb4602f8e3f3bada18c7b3,17280,66240
WALLABY J134123-164916,NGC 5044 TR3,NGC5044,10,pass,,False,11,0.6753215846130904,66.000000000132,37x35,64x37x35,193,6.000000000012,50473.8828125,14,https://ws.cadc-ccda.hia-iha.nrc-cnrc.gc.ca/data/pub/WALLABY/WALLABY_J134123-164916_NGC_5044_TR3_mom0.fits,https://ws.cadc-ccda.hia-iha.nrc-cnrc.gc.ca/data/pub/WALLABY/WALLABY_J134123-164916_NGC_5044_TR3_mask.fits,434fdc5d45e1831fe9e8cc7b8f156af8ae4d2be9cb25cbccfc15acfc91a55ce6,da0a33f726ee6c99df609e0ab1155cb50dbf3f56814d5ddff408f9de238de225,17280,95040
WALLABY J134123-191204,NGC 5044 TR3,NGC5044,2,profile_rejected,negative source annular moment-0 weight; no clipping is allowed,False,,,,33x33,72x33x33,136,6.000000000012,46765.47265625,28,https://ws.cadc-ccda.hia-iha.nrc-cnrc.gc.ca/data/pub/WALLABY/WALLABY_J134123-191204_NGC_5044_TR3_mom0.fits,https://ws.cadc-ccda.hia-iha.nrc-cnrc.gc.ca/data/pub/WALLABY/WALLABY_J134123-191204_NGC_5044_TR3_mask.fits,27b6015cfe190b6296b1cb9176378db8fd6b6e8e29d749ee01ca95060fb6d1c5,baf583a13e962dfb1ce862bf9a65ca316c41f378e4d93067dca5b483ce000339,17280,92160
WALLABY J134126-174706,NGC 5044 TR3,NGC5044,7,profile_rejected,negative source annular moment-0 weight; no clipping is allowed,False,,,,34x35,64x34x35,155,6.000000000012,43676.890625,37,https://ws.cadc-ccda.hia-iha.nrc-cnrc.gc.ca/data/pub/WALLABY/WALLABY_J134126-174706_NGC_5044_TR3_mom0.fits,https://ws.cadc-ccda.hia-iha.nrc-cnrc.gc.ca/data/pub/WALLABY/WALLABY_J134126-174706_NGC_5044_TR3_mask.fits,454027cc14202a059abd74ef5b24b43098b62a474fdc85fffd055af8171297d7,c62b550951f800ff14e907e75921418c5665d70cbee18f733410518c72825dd1,17280,89280
WALLABY J134126-191407,NGC 5044 TR3,NGC5044,4,profile_rejected,negative source annular moment-0 weight; no clipping is allowed,False,,,,36x35,62x36x35,169,6.000000000012,53517.03125,27,https://ws.cadc-ccda.hia-iha.nrc-cnrc.gc.ca/data/pub/WALLABY/WALLABY_J134126-191407_NGC_5044_TR3_mom0.fits,https://ws.cadc-ccda.hia-iha.nrc-cnrc.gc.ca/data/pub/WALLABY/WALLABY_J134126-191407_NGC_5044_TR3_mask.fits,305b298398dd804434c0688f853b72f228f48fe2af908ac532c3467af8b5efa2,ff63bb2be071e8c5f54fbcabf9c467b1b8556a3b7abf684418ffe1a02ba2a1cb,17280,92160
WALLABY J134126-203030,NGC 5044 TR3,NGC5044,8,profile_rejected,negative source annular moment-0 weight; no clipping is allowed,False,,,,36x35,76x36x35,189,6.000000000012,96222.765625,30,https://ws.cadc-ccda.hia-iha.nrc-cnrc.gc.ca/data/pub/WALLABY/WALLABY_J134126-203030_NGC_5044_TR3_mom0.fits,https://ws.cadc-ccda.hia-iha.nrc-cnrc.gc.ca/data/pub/WALLABY/WALLABY_J134126-203030_NGC_5044_TR3_mask.fits,8940fad8ff5eee053c52dd8ccd4f984d3234922c96f4bb36c05fa716f45ffb50,e85137355787beed6f6f2e7f2bee5f7a63b80dfbc18b8c7dd6da4916428acf5a,17280,109440
WALLABY J134128-192219,NGC 5044 TR3,NGC5044,20,pass,,False,14,0.6883366990941869,84.000000000168,40x42,111x40x42,311,6.000000000012,278422.96875,52,https://ws.cadc-ccda.hia-iha.nrc-cnrc.gc.ca/data/pub/WALLABY/WALLABY_J134128-192219_NGC_5044_TR3_mom0.fits,https://ws.cadc-ccda.hia-iha.nrc-cnrc.gc.ca/data/pub/WALLABY/WALLABY_J134128-192219_NGC_5044_TR3_mask.fits,d93abac89d98d040574f5f1873ca68eed7ab8f403efaa82ea017da9aeb0dd4ca,769d4f80c4f1f7c0fcde4e076a5435aa3983e85f1289fc706b243ac5510a2716,20160,198720
WALLABY J134129-134624,NGC 5044 TR3,NGC5044,20,profile_rejected,negative source annular moment-0 weight; no clipping is allowed,False,,,,33x32,49x33x32,114,6.000000000012,59662.31640625,28,https://ws.cadc-ccda.hia-iha.nrc-cnrc.gc.ca/data/pub/WALLABY/WALLABY_J134129-134624_NGC_5044_TR3_mom0.fits,https://ws.cadc-ccda.hia-iha.nrc-cnrc.gc.ca/data/pub/WALLABY/WALLABY_J134129-134624_NGC_5044_TR3_mask.fits,8edc14b494c581ab1678d65fb7f6ea08b6cacbbb1c4b2eb45fe53484fc2a9b66,79426746bd55ab086ff50a5ed5117aa2356ef60f8857aa5e4f378fdaff9fdff2,17280,63360
WALLABY J134129-155821,NGC 5044 TR3,NGC5044,4,profile_rejected,negative source annular moment-0 weight; no clipping is allowed,False,,,,38x39,76x38x39,252,6.000000000012,83318.515625,42,https://ws.cadc-ccda.hia-iha.nrc-cnrc.gc.ca/data/pub/WALLABY/WALLABY_J134129-155821_NGC_5044_TR3_mom0.fits,https://ws.cadc-ccda.hia-iha.nrc-cnrc.gc.ca/data/pub/WALLABY/WALLABY_J134129-155821_NGC_5044_TR3_mask.fits,07d91119c97da779d937d1b1339f9c6e6b761bfb3f172e1fab34233662d6ca9c,3d6d7e9e6bcc351a246ba425725540b44df43ce5c50669ebeb851526ac6d52c5,20160,126720
WALLABY J134138-155809,NGC 5044 TR3,NGC5044,3,pass,,False,9,0.7776267720947716,54.000000000108,32x33,87x32x33,130,6.000000000012,51876.796875,9,https://ws.cadc-ccda.hia-iha.nrc-cnrc.gc.ca/data/pub/WALLABY/WALLABY_J134138-155809_NGC_5044_TR3_mom0.fits,https://ws.cadc-ccda.hia-iha.nrc-cnrc.gc.ca/data/pub/WALLABY/WALLABY_J134138-155809_NGC_5044_TR3_mask.fits,70d64812530325ef12571657cedfbbf7ad29e4a42779e96761bf53c826f163de,b6a8646133204efb8bbcc9fecce6ada84d8ba07a797802750738710b09132f8c,17280,103680
WALLABY J134143-183508,NGC 5044 TR3,NGC5044,5,pass,,False,11,0.6715250142622845,66.000000000132,36x34,77x36x34,181,6.000000000012,60196.5625,31,https://ws.cadc-ccda.hia-iha.nrc-cnrc.gc.ca/data/pub/WALLABY/WALLABY_J134143-183508_NGC_5044_TR3_mom0.fits,https://ws.cadc-ccda.hia-iha.nrc-cnrc.gc.ca/data/pub/WALLABY/WALLABY_J134143-183508_NGC_5044_TR3_mask.fits,e6b6919e68d95b19320e52c5d5df0cf5e08bcc8971efebb3aa3bb15c50c46f52,72678da483a7a1aa45c5d5d981ee44db9f87fb7d5793aa738224bb6a6ca46f5c,17280,106560
WALLABY J134145-191825,NGC 5044 TR3,NGC5044,19,pass,,False,13,0.6920294168358714,78.000000000156,41x36,103x41x36,227,6.000000000012,101626.90625,30,https://ws.cadc-ccda.hia-iha.nrc-cnrc.gc.ca/data/pub/WALLABY/WALLABY_J134145-191825_NGC_5044_TR3_mom0.fits,https://ws.cadc-ccda.hia-iha.nrc-cnrc.gc.ca/data/pub/WALLABY/WALLABY_J134145-191825_NGC_5044_TR3_mask.fits,789e66e397e2ea10011b782dc270ad87454e5d14ab0e0ec168c3e99e533a75f4,ecf338435252d0eeb04dd43da0187f0e35234567dc5de5ff052ee861d2b7eb67,20160,164160
WALLABY J134146-240828,NGC 5044 TR3,NGC5044,14,profile_rejected,negative source annular moment-0 weight; no clipping is allowed,False,,,,37x38,90x37x38,255,6.000000000012,176063.75,34,https://ws.cadc-ccda.hia-iha.nrc-cnrc.gc.ca/data/pub/WALLABY/WALLABY_J134146-240828_NGC_5044_TR3_mom0.fits,https://ws.cadc-ccda.hia-iha.nrc-cnrc.gc.ca/data/pub/WALLABY/WALLABY_J134146-240828_NGC_5044_TR3_mask.fits,bd35fc717f22c0dc095306693f554ce5e8cd1853ae9fc6c962b9a9c337f7c688,cf8540b33ca436cfbc6bece4500cdaafb78fe3ce9faf4089dfe8d7083b51494d,17280,138240
WALLABY J134147-233627,NGC 5044 TR3,NGC5044,21,profile_rejected,negative source annular moment-0 weight; no clipping is allowed,False,,,,41x48,138x41x48,403,6.000000000012,327687.40625,63,https://ws.cadc-ccda.hia-iha.nrc-cnrc.gc.ca/data/pub/WALLABY/WALLABY_J134147-233627_NGC_5044_TR3_mom0.fits,https://ws.cadc-ccda.hia-iha.nrc-cnrc.gc.ca/data/pub/WALLABY/WALLABY_J134147-233627_NGC_5044_TR3_mask.fits,d1dff64a9b58a2cad3475a7fc1b837203ecc33554b6e07912d91f9c80a898da5,dcd7ca0ae403527d3328edae85b3fb1eb81e2259c1676c12790a84d5a426a4a8,20160,285120
WALLABY J134150-175703,NGC 5044 TR3,NGC5044,2,pass,,False,8,0.6811852941881721,48.000000000096,33x29,85x33x29,85,6.000000000012,36660.65234375,11,https://ws.cadc-ccda.hia-iha.nrc-cnrc.gc.ca/data/pub/WALLABY/WALLABY_J134150-175703_NGC_5044_TR3_mom0.fits,https://ws.cadc-ccda.hia-iha.nrc-cnrc.gc.ca/data/pub/WALLABY/WALLABY_J134150-175703_NGC_5044_TR3_mask.fits,db9b4600a2f97a7c618727a9a5fc8f8fb705f1dedda812cf281baabb149b9391,58eda67198969eb87f8ce9002e58686bc32b8df28e3e9a99ff382cab16c09a89,17280,95040
WALLABY J134152-183716,NGC 5044 TR3,NGC5044,14,profile_rejected,negative source annular moment-0 weight; no clipping is allowed,False,,,,35x33,56x35x33,149,6.000000000012,38643.0,28,https://ws.cadc-ccda.hia-iha.nrc-cnrc.gc.ca/data/pub/WALLABY/WALLABY_J134152-183716_NGC_5044_TR3_mom0.fits,https://ws.cadc-ccda.hia-iha.nrc-cnrc.gc.ca/data/pub/WALLABY/WALLABY_J134152-183716_NGC_5044_TR3_mask.fits,e3924c4423c560a4019ff62b8e63506dfb21ae12a42f48364152227bafa34acc,2ae7eaebed31cb1b81cce0dd79903dff6b0c7596e1a8142d706b043fc33b2c4e,17280,77760
WALLABY J134152-233157,NGC 5044 TR3,NGC5044,10,profile_rejected,negative source annular moment-0 weight; no clipping is allowed,False,,,,38x38,131x38x38,244,6.000000000012,120017.9921875,24,https://ws.cadc-ccda.hia-iha.nrc-cnrc.gc.ca/data/pub/WALLABY/WALLABY_J134152-233157_NGC_5044_TR3_mom0.fits,https://ws.cadc-ccda.hia-iha.nrc-cnrc.gc.ca/data/pub/WALLABY/WALLABY_J134152-233157_NGC_5044_TR3_mask.fits,dbb568b81852dad79d78d4e3d579da051ba77d2469854d8397bf860c8bcc00c7,93abad18823736d59df243987be88a89ebd2ef63a8bf3f81978e676536216067,20160,201600
WALLABY J134155-204254,NGC 5044 TR3,NGC5044,20,profile_rejected,negative source annular moment-0 weight; no clipping is allowed,False,,,,35x31,88x35x31,173,6.000000000012,74175.734375,25,https://ws.cadc-ccda.hia-iha.nrc-cnrc.gc.ca/data/pub/WALLABY/WALLABY_J134155-204254_NGC_5044_TR3_mom0.fits,https://ws.cadc-ccda.hia-iha.nrc-cnrc.gc.ca/data/pub/WALLABY/WALLABY_J134155-204254_NGC_5044_TR3_mask.fits,362d6060a53c3619e5c70e40dfc820ed66194594b076efad87aecab36f26d963,740926d256b5c990570efca25168d8d69bd5a462c01b627848833ce1a8ad8a86,17280,109440
WALLABY J134201-221411,NGC 5044 TR3,NGC5044,22,pass,,False,9,0.8631472567664729,54.000000000108,34x34,57x34x34,153,6.000000000012,71383.703125,16,https://ws.cadc-ccda.hia-iha.nrc-cnrc.gc.ca/data/pub/WALLABY/WALLABY_J134201-221411_NGC_5044_TR3_mom0.fits,https://ws.cadc-ccda.hia-iha.nrc-cnrc.gc.ca/data/pub/WALLABY/WALLABY_J134201-221411_NGC_5044_TR3_mask.fits,92ceefe806d76c18705797ca4254df6ea6e6e7ad94f0bcf3594ec409e7b8fc0a,d040201a6093c3e23a1e30453b25b109175861a62db2828de3f94aa8a63d495c,17280,77760
WALLABY J134207-214746,NGC 5044 TR3,NGC5044,7,profile_rejected,negative source annular moment-0 weight; no clipping is allowed,False,,,,34x34,48x34x34,141,6.000000000012,28674.689453125,20,https://ws.cadc-ccda.hia-iha.nrc-cnrc.gc.ca/data/pub/WALLABY/WALLABY_J134207-214746_NGC_5044_TR3_mom0.fits,https://ws.cadc-ccda.hia-iha.nrc-cnrc.gc.ca/data/pub/WALLABY/WALLABY_J134207-214746_NGC_5044_TR3_mask.fits,54c7aaab65f9044db33c34fc63fd9dc93788ddd8e1db60b73920b03ea876d96c,230600f3de7b75a15e501818a302850cd78edabd7648cb1b9dce1ff6835044ef,17280,69120
WALLABY J134211-151930,NGC 5044 TR3,NGC5044,16,profile_rejected,negative source annular moment-0 weight; no clipping is allowed,False,,,,34x36,68x34x36,151,6.000000000012,47103.7734375,29,https://ws.cadc-ccda.hia-iha.nrc-cnrc.gc.ca/data/pub/WALLABY/WALLABY_J134211-151930_NGC_5044_TR3_mom0.fits,https://ws.cadc-ccda.hia-iha.nrc-cnrc.gc.ca/data/pub/WALLABY/WALLABY_J134211-151930_NGC_5044_TR3_mask.fits,5c65aca81fbd919de5adccc7da3ca40941d7826ce337adce91d5a6a5d0a6c477,737a9daacebd6dc00ba6b0e39b3226ab28c173d836bc989fc64f0dd5042f1b38,17280,95040
WALLABY J134219-211125,NGC 5044 TR3,NGC5044,11,pass,,False,11,0.6958017743959337,66.000000000132,37x35,72x37x35,188,6.000000000012,52082.15625,42,https://ws.cadc-ccda.hia-iha.nrc-cnrc.gc.ca/data/pub/WALLABY/WALLABY_J134219-211125_NGC_5044_TR3_mom0.fits,https://ws.cadc-ccda.hia-iha.nrc-cnrc.gc.ca/data/pub/WALLABY/WALLABY_J134219-211125_NGC_5044_TR3_mask.fits,9220671136921891f07d4e5f41bd14c3cf85103c30daad1fa7bf0a4b35d05e72,532dc681bffdd7339a5684ad4e75cb456e26e8f612d8eba2fe97844e53fa8b29,17280,106560
WALLABY J134221-150432,NGC 5044 TR3,NGC5044,8,pass,,False,13,0.6270584095182992,78.000000000156,34x38,89x34x38,156,6.000000000012,56288.9296875,13,https://ws.cadc-ccda.hia-iha.nrc-cnrc.gc.ca/data/pub/WALLABY/WALLABY_J134221-150432_NGC_5044_TR3_mom0.fits,https://ws.cadc-ccda.hia-iha.nrc-cnrc.gc.ca/data/pub/WALLABY/WALLABY_J134221-150432_NGC_5044_TR3_mask.fits,bb030c84662ce7809201dfcb93d095d916221b5dedbabbc0f2a3b7a6927aa07d,66e0e278029cac8eb2af4aa9e24bfb86cb7d321709eba9fe540d8e1d6b3bd772,17280,126720
WALLABY J134223-203030,NGC 5044 TR3,NGC5044,10,profile_rejected,negative source annular moment-0 weight; no clipping is allowed,False,,,,39x40,64x39x40,256,6.000000000012,71725.9609375,44,https://ws.cadc-ccda.hia-iha.nrc-cnrc.gc.ca/data/pub/WALLABY/WALLABY_J134223-203030_NGC_5044_TR3_mom0.fits,https://ws.cadc-ccda.hia-iha.nrc-cnrc.gc.ca/data/pub/WALLABY/WALLABY_J134223-203030_NGC_5044_TR3_mask.fits,c5a736fc8fd95b73ede7574b3e0c235139c2c03d5afad0009ed15b0799c590d4,5f8cc90f16326ff2e5648f9a9974639bde4f69ae14c0b5ebf04ca1bb952d94a7,20160,112320
WALLABY J134227-152601,NGC 5044 TR3,NGC5044,16,profile_rejected,negative source annular moment-0 weight; no clipping is allowed,False,,,,35x35,76x35x35,175,6.000000000012,80213.984375,32,https://ws.cadc-ccda.hia-iha.nrc-cnrc.gc.ca/data/pub/WALLABY/WALLABY_J134227-152601_NGC_5044_TR3_mom0.fits,https://ws.cadc-ccda.hia-iha.nrc-cnrc.gc.ca/data/pub/WALLABY/WALLABY_J134227-152601_NGC_5044_TR3_mask.fits,3cbc4ba5ae360025e8ea6e76dc3c7388fec4907308baad2a076c9381310dd204,7b4d1e0a272c42519d13e5a6253cfab4719e8d5b5cb78d869912cd0546f534c4,17280,106560
WALLABY J134230-171445,NGC 5044 TR3,NGC5044,15,pass,,False,13,0.7330808727183474,78.000000000156,36x41,71x36x41,237,6.000000000012,75302.90625,39,https://ws.cadc-ccda.hia-iha.nrc-cnrc.gc.ca/data/pub/WALLABY/WALLABY_J134230-171445_NGC_5044_TR3_mom0.fits,https://ws.cadc-ccda.hia-iha.nrc-cnrc.gc.ca/data/pub/WALLABY/WALLABY_J134230-171445_NGC_5044_TR3_mask.fits,c1a4a438124980356cf4e66240c6370183dc0fe95b74c02007e5742f0f56e5a5,9b7ad978da940de91874be543c665d741d802f97164475674aefaef3e9c19892,20160,118080
WALLABY J134233-194620,NGC 5044 TR3,NGC5044,6,profile_rejected,negative source annular moment-0 weight; no clipping is allowed,False,,,,38x38,129x38x38,235,6.000000000012,120604.484375,18,https://ws.cadc-ccda.hia-iha.nrc-cnrc.gc.ca/data/pub/WALLABY/WALLABY_J134233-194620_NGC_5044_TR3_mom0.fits,https://ws.cadc-ccda.hia-iha.nrc-cnrc.gc.ca/data/pub/WALLABY/WALLABY_J134233-194620_NGC_5044_TR3_mask.fits,e51af67c4c5fe3ac394f4ec9faff6acc6cc7b3be922906cf1e0d14c5617581b1,cd3e2f951eb0c40fded76663240c169b16ccba66054f3c72cb11ec586cca04df,20160,198720
WALLABY J134241-233218,NGC 5044 TR3,NGC5044,15,pass,,False,13,0.8955912941622309,78.000000000156,41x38,65x41x38,257,6.000000000012,90711.453125,60,https://ws.cadc-ccda.hia-iha.nrc-cnrc.gc.ca/data/pub/WALLABY/WALLABY_J134241-233218_NGC_5044_TR3_mom0.fits,https://ws.cadc-ccda.hia-iha.nrc-cnrc.gc.ca/data/pub/WALLABY/WALLABY_J134241-233218_NGC_5044_TR3_mask.fits,94c882e0cbfb37f8f19b7a0c63bcd92fc1044ae91824da46a6d3f8a460953fc0,f9a467db57b106df89cef7eef2f0229b8a18c6f10024c276501d246fb534de72,20160,115200
WALLABY J134247-193454,NGC 5044 TR3,NGC5044,10,pass,,False,19,0.8821611874412671,114.000000000228,52x44,63x52x44,520,6.000000000012,327211.9375,88,https://ws.cadc-ccda.hia-iha.nrc-cnrc.gc.ca/data/pub/WALLABY/WALLABY_J134247-193454_NGC_5044_TR3_mom0.fits,https://ws.cadc-ccda.hia-iha.nrc-cnrc.gc.ca/data/pub/WALLABY/WALLABY_J134247-193454_NGC_5044_TR3_mask.fits,ede8e48395c1d6fa9d97cf0596fe1bed08ac0b82765c6a9b033c909564ec0cf2,57dfe7534d2bd17c111d742330b8ad64b41d69f53902d62d3fadd90f22e17304,23040,158400
WALLABY J134248-171356,NGC 5044 TR3,NGC5044,4,pass,,False,13,0.7276205155108646,78.000000000156,39x38,68x39x38,251,6.000000000012,79371.171875,38,https://ws.cadc-ccda.hia-iha.nrc-cnrc.gc.ca/data/pub/WALLABY/WALLABY_J134248-171356_NGC_5044_TR3_mom0.fits,https://ws.cadc-ccda.hia-iha.nrc-cnrc.gc.ca/data/pub/WALLABY/WALLABY_J134248-171356_NGC_5044_TR3_mask.fits,d62082581ea90f6e39681a990439cd2dcfafce37ac783aaddee9ff63d3097c8a,032057d3af657e8543e5e25cb2b7b4a8d1228b9e38de97bda565f8e5954d0f0d,20160,112320
WALLABY J134249-182801,NGC 5044 TR3,NGC5044,4,pass,,False,12,0.8127250262816227,72.000000000144,40x39,95x40x39,275,6.000000000012,137826.1875,21,https://ws.cadc-ccda.hia-iha.nrc-cnrc.gc.ca/data/pub/WALLABY/WALLABY_J134249-182801_NGC_5044_TR3_mom0.fits,https://ws.cadc-ccda.hia-iha.nrc-cnrc.gc.ca/data/pub/WALLABY/WALLABY_J134249-182801_NGC_5044_TR3_mask.fits,c0a6bf431ddcac2e0ef0568f157ce9050897bfa47963f986a0c247893d119aeb,443bc0e90b869cfff0084b4a3d4cdd5f78ea15082e67ffd7c776ced905f5ad2c,20160,161280
WALLABY J134250-184550,NGC 5044 TR3,NGC5044,6,pass,,False,11,0.7467348679560534,66.000000000132,38x33,64x38x33,148,6.000000000012,57381.5859375,23,https://ws.cadc-ccda.hia-iha.nrc-cnrc.gc.ca/data/pub/WALLABY/WALLABY_J134250-184550_NGC_5044_TR3_mom0.fits,https://ws.cadc-ccda.hia-iha.nrc-cnrc.gc.ca/data/pub/WALLABY/WALLABY_J134250-184550_NGC_5044_TR3_mask.fits,b19a2ce80165623c0cbff6c3d323c525623108471e081d3e0771476894b5b85c,4530802fe2277b9f24438f990489418ad4682b06af30dd12f24f7c8f1b01b91f,17280,92160
WALLABY J134250-184928,NGC 5044 TR3,NGC5044,23,pass,,False,10,0.7867750545865282,60.000000000120004,37x36,78x37x36,203,6.000000000012,71732.671875,26,https://ws.cadc-ccda.hia-iha.nrc-cnrc.gc.ca/data/pub/WALLABY/WALLABY_J134250-184928_NGC_5044_TR3_mom0.fits,https://ws.cadc-ccda.hia-iha.nrc-cnrc.gc.ca/data/pub/WALLABY/WALLABY_J134250-184928_NGC_5044_TR3_mask.fits,38179d03ec9dbcd165b663256117e4502f82992ce707e529063fab628d9edb31,8fc37a185d3e2e6e6e430b48d2824696712be8cb15ccc3690813044664310d8d,17280,118080
WALLABY J134251-171732,NGC 5044 TR3,NGC5044,21,profile_rejected,negative source annular moment-0 weight; no clipping is allowed,False,,,,40x41,87x40x41,303,6.000000000012,79725.1484375,71,https://ws.cadc-ccda.hia-iha.nrc-cnrc.gc.ca/data/pub/WALLABY/WALLABY_J134251-171732_NGC_5044_TR3_mom0.fits,https://ws.cadc-ccda.hia-iha.nrc-cnrc.gc.ca/data/pub/WALLABY/WALLABY_J134251-171732_NGC_5044_TR3_mask.fits,9c7a4feba9ffef269f7eb86fa99921ac625c3e1881744dc9d10d803d35114f2b,686e779b33dfed40c60e47e4d323313d4e84ff71c5965d4704c19cfe294489eb,20160,155520
WALLABY J134251-194244,NGC 5044 TR3,NGC5044,0,profile_rejected,negative source annular moment-0 weight; no clipping is allowed,False,,,,39x42,68x39x42,302,6.000000000012,125962.8828125,60,https://ws.cadc-ccda.hia-iha.nrc-cnrc.gc.ca/data/pub/WALLABY/WALLABY_J134251-194244_NGC_5044_TR3_mom0.fits,https://ws.cadc-ccda.hia-iha.nrc-cnrc.gc.ca/data/pub/WALLABY/WALLABY_J134251-194244_NGC_5044_TR3_mask.fits,bb65ba97a771b8259c9e1eb932d122e0fc98b2bdeb5bfd414b0e1597efa5d799,a9be2a3321095a60dc039734eac850c00632b2461fce9579f9becef4011f7b4a,20160,123840
WALLABY J134251-220324,NGC 5044 TR3,NGC5044,2,profile_rejected,negative source annular moment-0 weight; no clipping is allowed,False,,,,38x50,54x38x50,320,6.000000000012,100570.921875,65,https://ws.cadc-ccda.hia-iha.nrc-cnrc.gc.ca/data/pub/WALLABY/WALLABY_J134251-220324_NGC_5044_TR3_mom0.fits,https://ws.cadc-ccda.hia-iha.nrc-cnrc.gc.ca/data/pub/WALLABY/WALLABY_J134251-220324_NGC_5044_TR3_mask.fits,9021590dd3e36ffe057a29a672167e44499ed5e37102e642d19b03a19c0b8629,e3d975a11d2c3ead3cd15ba04fd30072b35f6330da4776c2416048bb36114e1f,20160,115200
WALLABY J134259-182447,NGC 5044 TR3,NGC5044,16,pass,,False,11,0.5973302711945284,66.000000000132,30x36,45x30x36,119,6.000000000012,19769.501953125,7,https://ws.cadc-ccda.hia-iha.nrc-cnrc.gc.ca/data/pub/WALLABY/WALLABY_J134259-182447_NGC_5044_TR3_mom0.fits,https://ws.cadc-ccda.hia-iha.nrc-cnrc.gc.ca/data/pub/WALLABY/WALLABY_J134259-182447_NGC_5044_TR3_mask.fits,3cd2b07c4ff777480649eb3b805145cab47e532b56f74ad4614c137c434c842a,c319cec52df1fae94f86d9c6794b6ba2b79d06c69dd8d9bcf7dfeb07df02e563,17280,60480
WALLABY J134303-195001,NGC 5044 TR3,NGC5044,20,profile_rejected,negative source annular moment-0 weight; no clipping is allowed,False,,,,35x35,48x35x35,149,6.000000000012,37659.0859375,14,https://ws.cadc-ccda.hia-iha.nrc-cnrc.gc.ca/data/pub/WALLABY/WALLABY_J134303-195001_NGC_5044_TR3_mom0.fits,https://ws.cadc-ccda.hia-iha.nrc-cnrc.gc.ca/data/pub/WALLABY/WALLABY_J134303-195001_NGC_5044_TR3_mask.fits,0131eb282b8bc5c7705fac36168b6cfbe35902b48b77732b118f581fe1f25cc4,2a0f21519b6d5e18fe60029004befe85ea45f18b36a7ab04e010d2eb7f7672ac,17280,72000
WALLABY J134306-193556,NGC 5044 TR3,NGC5044,18,pass,,False,11,0.6743123047310055,66.000000000132,39x34,83x39x34,197,6.000000000012,95238.140625,20,https://ws.cadc-ccda.hia-iha.nrc-cnrc.gc.ca/data/pub/WALLABY/WALLABY_J134306-193556_NGC_5044_TR3_mom0.fits,https://ws.cadc-ccda.hia-iha.nrc-cnrc.gc.ca/data/pub/WALLABY/WALLABY_J134306-193556_NGC_5044_TR3_mask.fits,f50e6147f93c0b5f4ab74b4c6f47ba14c24a95a8cc4038ccb145b5fbaec3d0b9,b66c303f9cbf6eae97534aa93b141b808cc0b856d936256a295a0faa36ea555d,17280,123840
WALLABY J134308-201304,NGC 5044 TR3,NGC5044,23,pass,,False,23,0.6314796981148675,138.000000000276,53x41,78x53x41,417,6.000000000012,213866.21875,36,https://ws.cadc-ccda.hia-iha.nrc-cnrc.gc.ca/data/pub/WALLABY/WALLABY_J134308-201304_NGC_5044_TR3_mom0.fits,https://ws.cadc-ccda.hia-iha.nrc-cnrc.gc.ca/data/pub/WALLABY/WALLABY_J134308-201304_NGC_5044_TR3_mask.fits,a78ce35202c100917dab6d53a50c8084eeed219a32b843c76d11a918d81e78c6,cbd39d7f250ef21bdfd067ddc9ec37eb2ca0bb1f8ab0960c6c42cbbd4489d196,23040,181440
WALLABY J134310-185010,NGC 5044 TR3,NGC5044,6,profile_rejected,negative source annular moment-0 weight; no clipping is allowed,False,,,,37x36,60x37x36,184,6.000000000012,52400.3359375,34,https://ws.cadc-ccda.hia-iha.nrc-cnrc.gc.ca/data/pub/WALLABY/WALLABY_J134310-185010_NGC_5044_TR3_mom0.fits,https://ws.cadc-ccda.hia-iha.nrc-cnrc.gc.ca/data/pub/WALLABY/WALLABY_J134310-185010_NGC_5044_TR3_mask.fits,8f3d7e5e228b998ceba9ba92461488477655acf48659d7ac578a63e5b2a004f1,80244e03dad0e5627dc6ae491c95d36a4b55d1543338c4d9f8e502df6fd59cbd,17280,92160
WALLABY J134337-210403,NGC 5044 TR3,NGC5044,8,profile_rejected,negative source annular moment-0 weight; no clipping is allowed,False,,,,39x40,79x39x40,303,6.000000000012,146180.96875,73,https://ws.cadc-ccda.hia-iha.nrc-cnrc.gc.ca/data/pub/WALLABY/WALLABY_J134337-210403_NGC_5044_TR3_mom0.fits,https://ws.cadc-ccda.hia-iha.nrc-cnrc.gc.ca/data/pub/WALLABY/WALLABY_J134337-210403_NGC_5044_TR3_mask.fits,c64388b88ba74bb81ee1dbfca965f82c4332d9b9589755fe7a35e6b5d3afcb10,8e8053ee72451244a5d5701d4520dbce95a1c904777222579db3e4c3591d6f9c,20160,135360
WALLABY J134352-235533,NGC 5044 TR3,NGC5044,5,profile_rejected,negative source annular moment-0 weight; no clipping is allowed,False,,,,36x37,69x36x37,214,6.000000000012,75677.0625,48,https://ws.cadc-ccda.hia-iha.nrc-cnrc.gc.ca/data/pub/WALLABY/WALLABY_J134352-235533_NGC_5044_TR3_mom0.fits,https://ws.cadc-ccda.hia-iha.nrc-cnrc.gc.ca/data/pub/WALLABY/WALLABY_J134352-235533_NGC_5044_TR3_mask.fits,62d33a05bd0e2f5b8a8ba7796525c14a476575a14d7c377465a0e86db89a577c,ad803294dff98b0976a4ccf3c38f0d978f6a0fa6a4756da52967e0e28db9fcee,17280,103680
WALLABY J134414-182804,NGC 5044 TR3,NGC5044,2,profile_rejected,negative source annular moment-0 weight; no clipping is allowed,False,,,,36x36,57x36x36,206,6.000000000012,106805.078125,48,https://ws.cadc-ccda.hia-iha.nrc-cnrc.gc.ca/data/pub/WALLABY/WALLABY_J134414-182804_NGC_5044_TR3_mom0.fits,https://ws.cadc-ccda.hia-iha.nrc-cnrc.gc.ca/data/pub/WALLABY/WALLABY_J134414-182804_NGC_5044_TR3_mask.fits,e696af26fadad1788aaf35fd763d125b48ce028c6533589a9b1c8306437c1aad,75943cb7fae4d78c30621962285d058a65710b2ddd6dfcd22bc49b4d99fb6185,17280,86400
WALLABY J134418-223401,NGC 5044 TR3,NGC5044,19,profile_rejected,negative source annular moment-0 weight; no clipping is allowed,False,,,,36x43,69x36x43,301,6.000000000012,106079.0390625,68,https://ws.cadc-ccda.hia-iha.nrc-cnrc.gc.ca/data/pub/WALLABY/WALLABY_J134418-223401_NGC_5044_TR3_mom0.fits,https://ws.cadc-ccda.hia-iha.nrc-cnrc.gc.ca/data/pub/WALLABY/WALLABY_J134418-223401_NGC_5044_TR3_mask.fits,906ee0de4534b4812ed9bd07fea2059f355763546fd423401f6f0ad838d3cd84,e65d507be30ea44bd3dae4a5a9c48f04c319578c2933de2937f8c4959aab70c0,20160,120960
WALLABY J134437-200614,NGC 5044 TR3,NGC5044,18,profile_rejected,negative source annular moment-0 weight; no clipping is allowed,False,,,,38x38,82x38x38,215,6.000000000012,83415.03125,40,https://ws.cadc-ccda.hia-iha.nrc-cnrc.gc.ca/data/pub/WALLABY/WALLABY_J134437-200614_NGC_5044_TR3_mom0.fits,https://ws.cadc-ccda.hia-iha.nrc-cnrc.gc.ca/data/pub/WALLABY/WALLABY_J134437-200614_NGC_5044_TR3_mask.fits,640445abf3adba616ddde69ef857390156960e0e21adbfbe1ad4bbcaef6a60cf,512d1bbdcb800220d1c6db7afd7f92f79dd6d6fd0cc1a30d2301f787989672fe,20160,132480
WALLABY J134437-235646,NGC 5044 TR3,NGC5044,12,pass,,False,11,0.6686631867048877,66.000000000132,36x33,100x36x33,149,6.000000000012,79530.859375,7,https://ws.cadc-ccda.hia-iha.nrc-cnrc.gc.ca/data/pub/WALLABY/WALLABY_J134437-235646_NGC_5044_TR3_mom0.fits,https://ws.cadc-ccda.hia-iha.nrc-cnrc.gc.ca/data/pub/WALLABY/WALLABY_J134437-235646_NGC_5044_TR3_mask.fits,379568a81d5cbb5104b6e77f6086d90f197b8ec8832cce987834e4f3412279b5,b04731c7594b60325f197cdf975e2ac319ceaf7509123aadede69dfcacc570ee,17280,132480
WALLABY J134447-230014,NGC 5044 TR3,NGC5044,15,pass,,False,13,0.7917963989587714,78.000000000156,41x35,70x41x35,250,6.000000000012,78457.859375,52,https://ws.cadc-ccda.hia-iha.nrc-cnrc.gc.ca/data/pub/WALLABY/WALLABY_J134447-230014_NGC_5044_TR3_mom0.fits,https://ws.cadc-ccda.hia-iha.nrc-cnrc.gc.ca/data/pub/WALLABY/WALLABY_J134447-230014_NGC_5044_TR3_mask.fits,0f777de14179c6e92d72525ea2f6815ee302c77684d2f0a691da9ac5886b2cb8,7097f8ca8ac926ce1b08d6f82fe3b6177d03d72b06d32f6059d5db10bd7d9412,17280,112320
WALLABY J134455-201659,NGC 5044 TR3,NGC5044,19,pass,,False,8,0.9627457156746123,48.000000000096,32x31,47x32x31,106,6.000000000012,29051.162109375,5,https://ws.cadc-ccda.hia-iha.nrc-cnrc.gc.ca/data/pub/WALLABY/WALLABY_J134455-201659_NGC_5044_TR3_mom0.fits,https://ws.cadc-ccda.hia-iha.nrc-cnrc.gc.ca/data/pub/WALLABY/WALLABY_J134455-201659_NGC_5044_TR3_mask.fits,a14bc70545fcbd80277f1734989f837d98637f81d29ce6ed56f2d9522d6e1839,a22dda49a1aec3000e29265426ac264ee55eac308a2bd449ac99e1e537a546a4,17280,60480
WALLABY J134456-151509,NGC 5044 TR3,NGC5044,20,profile_rejected,negative source annular moment-0 weight; no clipping is allowed,False,,,,37x37,91x37x37,196,6.000000000012,169556.46875,20,https://ws.cadc-ccda.hia-iha.nrc-cnrc.gc.ca/data/pub/WALLABY/WALLABY_J134456-151509_NGC_5044_TR3_mom0.fits,https://ws.cadc-ccda.hia-iha.nrc-cnrc.gc.ca/data/pub/WALLABY/WALLABY_J134456-151509_NGC_5044_TR3_mask.fits,136ed545b211e86f3799401d876552fc2e0fee78370807cf6728ef99232c9050,d79237628fc167f9e7fe38ce9f5ae9d3dd7eb75b9a6fb454dd6cea9195e3f6d1,17280,138240
WALLABY J134456-200837,NGC 5044 TR3,NGC5044,4,profile_rejected,negative source annular moment-0 weight; no clipping is allowed,False,,,,41x34,77x41x34,201,6.000000000012,73634.5703125,23,https://ws.cadc-ccda.hia-iha.nrc-cnrc.gc.ca/data/pub/WALLABY/WALLABY_J134456-200837_NGC_5044_TR3_mom0.fits,https://ws.cadc-ccda.hia-iha.nrc-cnrc.gc.ca/data/pub/WALLABY/WALLABY_J134456-200837_NGC_5044_TR3_mask.fits,36d2fa9818d5f47909acec4d08627e4524169db14b5dfb6844b21a89728e5fb6,6f3d27e94cf867a24dc0a70323ebf1a979211e65c42f002fd69a5bb3c2c1294e,17280,120960
WALLABY J134501-155202,NGC 5044 TR3,NGC5044,22,profile_rejected,negative source annular moment-0 weight; no clipping is allowed,False,,,,39x50,133x39x50,380,6.000000000012,314834.625,66,https://ws.cadc-ccda.hia-iha.nrc-cnrc.gc.ca/data/pub/WALLABY/WALLABY_J134501-155202_NGC_5044_TR3_mom0.fits,https://ws.cadc-ccda.hia-iha.nrc-cnrc.gc.ca/data/pub/WALLABY/WALLABY_J134501-155202_NGC_5044_TR3_mask.fits,b03a489c15a8ef77a4178917a765d6d1c7cbc403b90ac7f53324d2e29b066d90,42ddd32f07690e87545e96e4975d7725672ffa986bcc725786f1298442fc5fc8,20160,273600
WALLABY J134510-222447,NGC 5044 TR3,NGC5044,4,pass,,False,11,0.6831948505877257,66.000000000132,34x35,63x34x35,164,6.000000000012,67474.265625,29,https://ws.cadc-ccda.hia-iha.nrc-cnrc.gc.ca/data/pub/WALLABY/WALLABY_J134510-222447_NGC_5044_TR3_mom0.fits,https://ws.cadc-ccda.hia-iha.nrc-cnrc.gc.ca/data/pub/WALLABY/WALLABY_J134510-222447_NGC_5044_TR3_mask.fits,3dc14eab70f1c39874132a80eb8ce6f99d1b71ffe301ba428a5498225c004959,802cf364d498b1be96ebe81df7789a988ccf189d47ab8a3040affb59f060a292,17280,89280
WALLABY J134514-151038,NGC 5044 TR3,NGC5044,2,pass,,False,11,0.6323039812853445,66.000000000132,33x36,73x33x36,146,6.000000000012,125037.515625,18,https://ws.cadc-ccda.hia-iha.nrc-cnrc.gc.ca/data/pub/WALLABY/WALLABY_J134514-151038_NGC_5044_TR3_mom0.fits,https://ws.cadc-ccda.hia-iha.nrc-cnrc.gc.ca/data/pub/WALLABY/WALLABY_J134514-151038_NGC_5044_TR3_mask.fits,1da49684b9db6aa9ad0ae0e1cb228805331d63be52b753bfca1af2469e6ff425,5b23b3c74663b4282f28d766c981ca950719b0a1144c2fc98fa1667e47a0165b,17280,100800
WALLABY J134533-145830,NGC 5044 TR3,NGC5044,0,pass,,False,19,0.5292360261274868,114.000000000228,47x38,161x47x38,360,6.000000000012,440461.46875,30,https://ws.cadc-ccda.hia-iha.nrc-cnrc.gc.ca/data/pub/WALLABY/WALLABY_J134533-145830_NGC_5044_TR3_mom0.fits,https://ws.cadc-ccda.hia-iha.nrc-cnrc.gc.ca/data/pub/WALLABY/WALLABY_J134533-145830_NGC_5044_TR3_mask.fits,9e896d073c400001610b93fb3cbda0d860a3a6feff6e2e6e57b07f89d1548cb9,fbf590d9cc8bce062653b168493785d0abce3a43e541d7f2cb34b0503dbf667d,20160,299520
WALLABY J134600-212228,NGC 5044 TR3,NGC5044,10,profile_rejected,negative source annular moment-0 weight; no clipping is allowed,False,,,,40x36,79x40x36,248,6.000000000012,151724.578125,47,https://ws.cadc-ccda.hia-iha.nrc-cnrc.gc.ca/data/pub/WALLABY/WALLABY_J134600-212228_NGC_5044_TR3_mom0.fits,https://ws.cadc-ccda.hia-iha.nrc-cnrc.gc.ca/data/pub/WALLABY/WALLABY_J134600-212228_NGC_5044_TR3_mask.fits,04080cf4db8373145072a6b15aff44152dfd5b41982780ca831534fa552112f9,6e6596743ce6e079ca00ff8ba2e37b1a96693f02d9648ef795f3dd753093ae38,17280,126720
WALLABY J134603-230141,NGC 5044 TR3,NGC5044,6,profile_rejected,negative source annular moment-0 weight; no clipping is allowed,False,,,,37x36,59x37x36,188,6.000000000012,81506.359375,45,https://ws.cadc-ccda.hia-iha.nrc-cnrc.gc.ca/data/pub/WALLABY/WALLABY_J134603-230141_NGC_5044_TR3_mom0.fits,https://ws.cadc-ccda.hia-iha.nrc-cnrc.gc.ca/data/pub/WALLABY/WALLABY_J134603-230141_NGC_5044_TR3_mask.fits,450822ff8279f384f2704333fb5794ebdd912807388c10c03e4a4dc0c13b13bf,054e4e14ae94e4ed5675a048e8493d73a790825ee77d98ea0f47b9a22c5989ba,17280,92160
WALLABY J134710-205822,NGC 5044 TR3,NGC5044,22,profile_rejected,negative source annular moment-0 weight; no clipping is allowed,False,,,,42x35,90x42x35,237,6.000000000012,274773.46875,18,https://ws.cadc-ccda.hia-iha.nrc-cnrc.gc.ca/data/pub/WALLABY/WALLABY_J134710-205822_NGC_5044_TR3_mom0.fits,https://ws.cadc-ccda.hia-iha.nrc-cnrc.gc.ca/data/pub/WALLABY/WALLABY_J134710-205822_NGC_5044_TR3_mask.fits,39ef66b788f67b52c86244940cae670e7542fabbb515800bf0d4506498184673,38004c47088057d81f1cc98674521993abbb1c457cf698a45277be5e6094651a,20160,144000
WALLABY J134737-201752,NGC 5044 TR3,NGC5044,6,pass,,False,9,0.7932361108104988,54.000000000108,35x34,63x35x34,138,6.000000000012,134236.390625,15,https://ws.cadc-ccda.hia-iha.nrc-cnrc.gc.ca/data/pub/WALLABY/WALLABY_J134737-201752_NGC_5044_TR3_mom0.fits,https://ws.cadc-ccda.hia-iha.nrc-cnrc.gc.ca/data/pub/WALLABY/WALLABY_J134737-201752_NGC_5044_TR3_mask.fits,dd6b45607ab46bf9ee9282e7ffe174eeb71f0073a26edfe5977abcf5c2e8666c,204928d61efe2ea9f5400fcdfa447494ba82373b66a067c1a422dc1f167b626e,17280,89280
WALLABY J094138-433151,Vela TR1,Vela,10,profile_rejected,negative source annular moment-0 weight; no clipping is allowed,False,,,,30x32,42x30x32,87,6.000000000012,72849.25,10,https://ws.cadc-ccda.hia-iha.nrc-cnrc.gc.ca/data/pub/WALLABY/WALLABY_J094138-433151_Vela_TR1_mom0.fits,https://ws.cadc-ccda.hia-iha.nrc-cnrc.gc.ca/data/pub/WALLABY/WALLABY_J094138-433151_Vela_TR1_mask.fits,99aa931a3167a5d691c8f2d8dd70f5fe191399e9f519c713078fac98745b8b98,e286081a7b82d9b81c5b6bca7a249525fd9539c6b475b31b7654c80207a077a3,17280,51840
WALLABY J094234-470424,Vela TR1,Vela,13,pass,,False,11,0.9065130978166559,66.000000000132,38x38,78x38x38,237,6.000000000012,121388.609375,30,https://ws.cadc-ccda.hia-iha.nrc-cnrc.gc.ca/data/pub/WALLABY/WALLABY_J094234-470424_Vela_TR1_mom0.fits,https://ws.cadc-ccda.hia-iha.nrc-cnrc.gc.ca/data/pub/WALLABY/WALLABY_J094234-470424_Vela_TR1_mask.fits,8296f8c4dab281403b68b6b328e643cd011bc479b2ab37e470eac9ea39efc571,57c5fdac67575478df8a2e17d77d5d31647ab4b507e6304efff7510602f18ce9,20160,126720
WALLABY J094254-463705,Vela TR1,Vela,20,pass,,False,16,0.6950377431035696,96.000000000192,42x41,106x42x41,276,6.000000000012,134388.15625,25,https://ws.cadc-ccda.hia-iha.nrc-cnrc.gc.ca/data/pub/WALLABY/WALLABY_J094254-463705_Vela_TR1_mom0.fits,https://ws.cadc-ccda.hia-iha.nrc-cnrc.gc.ca/data/pub/WALLABY/WALLABY_J094254-463705_Vela_TR1_mask.fits,0e5acddccc6c790e55e17c178f7ac27f27af9a0e77c23e95772169746d51b244,4bb81ea9afed813808b61f2b2b836f1e03ce197cf19a5832e30539c418de2c87,20160,195840
WALLABY J094317-452105,Vela TR1,Vela,3,profile_rejected,negative source annular moment-0 weight; no clipping is allowed,False,,,,42x44,98x42x44,387,6.000000000012,309723.4375,74,https://ws.cadc-ccda.hia-iha.nrc-cnrc.gc.ca/data/pub/WALLABY/WALLABY_J094317-452105_Vela_TR1_mom0.fits,https://ws.cadc-ccda.hia-iha.nrc-cnrc.gc.ca/data/pub/WALLABY/WALLABY_J094317-452105_Vela_TR1_mask.fits,77bd191f5cce8507273cc8b11d2ccbf7f09d74dc3f28fa3018ad336cffba1c2b,887544c22ea9062227940c06b54dd284a83e00f1d81d1f2b0eef613fb85dcce2,20160,192960
WALLABY J094325-453019,Vela TR1,Vela,21,pass,,False,14,0.6063329991509465,84.000000000168,37x40,96x37x40,247,6.000000000012,134607.21875,20,https://ws.cadc-ccda.hia-iha.nrc-cnrc.gc.ca/data/pub/WALLABY/WALLABY_J094325-453019_Vela_TR1_mom0.fits,https://ws.cadc-ccda.hia-iha.nrc-cnrc.gc.ca/data/pub/WALLABY/WALLABY_J094325-453019_Vela_TR1_mask.fits,97b62106face7f1d8365df3f44aa575ac08689b6d3b04a3bc50d0a264f997f16,e0ae471cb1bafea5d493e93a75a4d528babb53bcdd076a032e75768a577f06c5,20160,155520
WALLABY J094333-452200,Vela TR1,Vela,3,profile_rejected,negative source annular moment-0 weight; no clipping is allowed,False,,,,40x39,68x40x39,282,6.000000000012,87796.8984375,59,https://ws.cadc-ccda.hia-iha.nrc-cnrc.gc.ca/data/pub/WALLABY/WALLABY_J094333-452200_Vela_TR1_mom0.fits,https://ws.cadc-ccda.hia-iha.nrc-cnrc.gc.ca/data/pub/WALLABY/WALLABY_J094333-452200_Vela_TR1_mask.fits,971bdf55214221f67e44454fae3a21f50cf80f2a027da67a5093c691e10e54a6,4e1d67f46657e03bbdc72c75006021bb8b313ae0f240cde115ab94a6fd9b64d7,20160,118080
WALLABY J094402-445751,Vela TR1,Vela,13,pass,,False,14,0.6021254384041328,84.000000000168,37x41,106x37x41,240,6.000000000012,112590.6953125,13,https://ws.cadc-ccda.hia-iha.nrc-cnrc.gc.ca/data/pub/WALLABY/WALLABY_J094402-445751_Vela_TR1_mom0.fits,https://ws.cadc-ccda.hia-iha.nrc-cnrc.gc.ca/data/pub/WALLABY/WALLABY_J094402-445751_Vela_TR1_mask.fits,3ba1e9dc2cf8209172dc7539a1d5bbc3941f03360fe082768688086872e79747,e49fb7f40126c6358e4a0a351669de05d79dfbe7bd1f18ddc87478f16708c2e0,20160,172800
WALLABY J094404-462300,Vela TR1,Vela,12,profile_rejected,negative source annular moment-0 weight; no clipping is allowed,False,,,,27x41,75x27x41,208,6.000000000012,80107.71875,24,https://ws.cadc-ccda.hia-iha.nrc-cnrc.gc.ca/data/pub/WALLABY/WALLABY_J094404-462300_Vela_TR1_mom0.fits,https://ws.cadc-ccda.hia-iha.nrc-cnrc.gc.ca/data/pub/WALLABY/WALLABY_J094404-462300_Vela_TR1_mask.fits,12b4421dec226ebcb0b1126e7e70cc453285b9394208e5879341f64bcb253f17,e0e951f37e4ac38e48f4de21a62cac9cbf2eea5fb0aaca301a98ba6e0f96fd32,17280,95040
WALLABY J094425-474959,Vela TR1,Vela,16,profile_rejected,negative source annular moment-0 weight; no clipping is allowed,False,,,,42x41,78x42x41,208,6.000000000012,73768.390625,39,https://ws.cadc-ccda.hia-iha.nrc-cnrc.gc.ca/data/pub/WALLABY/WALLABY_J094425-474959_Vela_TR1_mom0.fits,https://ws.cadc-ccda.hia-iha.nrc-cnrc.gc.ca/data/pub/WALLABY/WALLABY_J094425-474959_Vela_TR1_mask.fits,cdfbca302ca8fd748756f26a998e2d4e2500e089bf79c554110d9ef3bfebdffb,0b39c2b8f1251c3367e2ee44bcc3fe6e04e5861fafb80a180a83840bad53e3c5,20160,146880
WALLABY J094429-464515,Vela TR1,Vela,5,profile_rejected,negative source annular moment-0 weight; no clipping is allowed,False,,,,39x32,91x39x32,159,6.000000000012,52246.2421875,26,https://ws.cadc-ccda.hia-iha.nrc-cnrc.gc.ca/data/pub/WALLABY/WALLABY_J094429-464515_Vela_TR1_mom0.fits,https://ws.cadc-ccda.hia-iha.nrc-cnrc.gc.ca/data/pub/WALLABY/WALLABY_J094429-464515_Vela_TR1_mask.fits,60fc962520b28470369d57f5072601820f66033c00e00ef533a2c5487fd75c3a,a19461337ac1f6282829ca64387a301cc287fae6dcee88d0a8dad16a5346fde4,17280,126720
WALLABY J094444-481857,Vela TR1,Vela,19,pass,,False,13,0.6395126764334018,78.000000000156,38x39,60x38x39,223,6.000000000012,110342.6171875,22,https://ws.cadc-ccda.hia-iha.nrc-cnrc.gc.ca/data/pub/WALLABY/WALLABY_J094444-481857_Vela_TR1_mom0.fits,https://ws.cadc-ccda.hia-iha.nrc-cnrc.gc.ca/data/pub/WALLABY/WALLABY_J094444-481857_Vela_TR1_mask.fits,6744facd2187d37cf750d5cf584ea1b3f89a9436b8bc97b9c7117fa0807712d3,33d7c2519ac5d594ac64aa612290a31546e338ac77e5c71241d7ad10bc27a820,20160,100800
WALLABY J094449-463217,Vela TR1,Vela,2,pass,,False,14,0.8394629846343123,84.000000000168,46x42,92x46x42,387,6.000000000012,218233.34375,26,https://ws.cadc-ccda.hia-iha.nrc-cnrc.gc.ca/data/pub/WALLABY/WALLABY_J094449-463217_Vela_TR1_mom0.fits,https://ws.cadc-ccda.hia-iha.nrc-cnrc.gc.ca/data/pub/WALLABY/WALLABY_J094449-463217_Vela_TR1_mask.fits,929421dba08d9e969ce1628945e997c3826e50a364c91dd5839d4f6e084e5541,3a3b9d260871988687bda57054b3dd0b4b9b8d46e2ab5c4028a551a00de5d80e,20160,190080
WALLABY J094524-480828,Vela TR1,Vela,14,pass,,False,38,0.36428736598874134,228.000000000456,66x57,79x66x57,909,6.000000000012,933537.625,119,https://ws.cadc-ccda.hia-iha.nrc-cnrc.gc.ca/data/pub/WALLABY/WALLABY_J094524-480828_Vela_TR1_mom0.fits,https://ws.cadc-ccda.hia-iha.nrc-cnrc.gc.ca/data/pub/WALLABY/WALLABY_J094524-480828_Vela_TR1_mask.fits,ea3ae0f0efe09fb3aa0e4cda3f098b358ba12ee762c35cf9e211827fa627df99,782f0ca02e603c70359cdc5c803a38dcd114fe69c03da91199e6c034fea6adec,28800,311040
WALLABY J094530-470014,Vela TR1,Vela,2,pass,,False,9,0.9222765404934157,54.000000000108,34x33,94x34x33,131,6.000000000012,72770.140625,10,https://ws.cadc-ccda.hia-iha.nrc-cnrc.gc.ca/data/pub/WALLABY/WALLABY_J094530-470014_Vela_TR1_mom0.fits,https://ws.cadc-ccda.hia-iha.nrc-cnrc.gc.ca/data/pub/WALLABY/WALLABY_J094530-470014_Vela_TR1_mask.fits,3fc727804916a40a4015f09c7ed778ec7b0e58bbd260b57431c5cb1975a785c2,cbc128a166b99275be8b17f357ae1c78ba18a4612d766b76af8dc1d964db3566,17280,118080
WALLABY J094533-462130,Vela TR1,Vela,6,profile_rejected,negative source annular moment-0 weight; no clipping is allowed,False,,,,37x36,66x37x36,214,6.000000000012,83656.890625,40,https://ws.cadc-ccda.hia-iha.nrc-cnrc.gc.ca/data/pub/WALLABY/WALLABY_J094533-462130_Vela_TR1_mom0.fits,https://ws.cadc-ccda.hia-iha.nrc-cnrc.gc.ca/data/pub/WALLABY/WALLABY_J094533-462130_Vela_TR1_mask.fits,ddfd963f502b78f7282f50a210179e0885a3c4511337167aaedc554a643fca89,ec85d5bd47ad10f1435df0f955500ff73ebfe5d42efdcc412fba8962a9f82111,17280,100800
WALLABY J094609-453327,Vela TR1,Vela,21,profile_rejected,negative source annular moment-0 weight; no clipping is allowed,False,,,,48x41,124x48x41,359,6.000000000012,98743.671875,59,https://ws.cadc-ccda.hia-iha.nrc-cnrc.gc.ca/data/pub/WALLABY/WALLABY_J094609-453327_Vela_TR1_mom0.fits,https://ws.cadc-ccda.hia-iha.nrc-cnrc.gc.ca/data/pub/WALLABY/WALLABY_J094609-453327_Vela_TR1_mask.fits,12249440a47bb327d821a4747e3e666fd4973e122bcfa539d9810da670077a2b,49829147eb71c3c3383a94e2253edd043b829262a6f2506c142875c09f7efe50,20160,256320
WALLABY J094613-471709,Vela TR1,Vela,18,pass,,False,11,0.8847841292808226,66.000000000132,34x34,80x34x34,150,6.000000000012,73517.78125,15,https://ws.cadc-ccda.hia-iha.nrc-cnrc.gc.ca/data/pub/WALLABY/WALLABY_J094613-471709_Vela_TR1_mom0.fits,https://ws.cadc-ccda.hia-iha.nrc-cnrc.gc.ca/data/pub/WALLABY/WALLABY_J094613-471709_Vela_TR1_mask.fits,3f6099ea15ca0863f01a8f6931ea5f97589cb351605280860c8b746ebdf5232c,d3ec65666894e04bffe73523292fd0aa3995546cde0b09cfbfc02cff2bf78cf6,17280,106560
WALLABY J094622-463856,Vela TR1,Vela,19,profile_rejected,negative source annular moment-0 weight; no clipping is allowed,False,,,,84x42,123x84x42,1126,6.000000000012,1772553.125,286,https://ws.cadc-ccda.hia-iha.nrc-cnrc.gc.ca/data/pub/WALLABY/WALLABY_J094622-463856_Vela_TR1_mom0.fits,https://ws.cadc-ccda.hia-iha.nrc-cnrc.gc.ca/data/pub/WALLABY/WALLABY_J094622-463856_Vela_TR1_mask.fits,3575406f12e621ae6d14325f7e1959c578de95e1946f2c2bdaa2461cf6c29a8c,764d5f6e9ed8ad176b3064d787c22df23f3aaf138dafba26e17ce958cf69f775,25920,446400
WALLABY J094713-444612,Vela TR1,Vela,6,profile_rejected,negative source annular moment-0 weight; no clipping is allowed,False,,,,38x33,59x38x33,188,6.000000000012,52990.19140625,35,https://ws.cadc-ccda.hia-iha.nrc-cnrc.gc.ca/data/pub/WALLABY/WALLABY_J094713-444612_Vela_TR1_mom0.fits,https://ws.cadc-ccda.hia-iha.nrc-cnrc.gc.ca/data/pub/WALLABY/WALLABY_J094713-444612_Vela_TR1_mask.fits,41b0a361bfebc9e3e19baefddd1ce5c64fdb9073c29cf25349cb71b68ccb1065,ace6046fac4cec94fbc5a1b415d8529b2ba8cad2b2cf0383e0d7d1bf80d81f05,17280,86400
WALLABY J094723-431306,Vela TR1,Vela,16,pass,,False,12,0.7033782140575013,72.000000000144,38x36,68x38x36,221,6.000000000012,107896.0,39,https://ws.cadc-ccda.hia-iha.nrc-cnrc.gc.ca/data/pub/WALLABY/WALLABY_J094723-431306_Vela_TR1_mom0.fits,https://ws.cadc-ccda.hia-iha.nrc-cnrc.gc.ca/data/pub/WALLABY/WALLABY_J094723-431306_Vela_TR1_mask.fits,081173e8debcb609604510929497bb3dc890319291df8aded1991d1dec3632d1,3d381d2ba764a111d6fb95d8b96406d8905d62df0b981daf8766c8ef1c3d2e0a,17280,106560
WALLABY J094744-454320,Vela TR1,Vela,15,profile_rejected,negative source annular moment-0 weight; no clipping is allowed,False,,,,57x42,91x57x42,422,6.000000000012,90170.8984375,65,https://ws.cadc-ccda.hia-iha.nrc-cnrc.gc.ca/data/pub/WALLABY/WALLABY_J094744-454320_Vela_TR1_mom0.fits,https://ws.cadc-ccda.hia-iha.nrc-cnrc.gc.ca/data/pub/WALLABY/WALLABY_J094744-454320_Vela_TR1_mask.fits,e24093bab642df656775151fe2d092e3b625c6d860fca2c8947a44aca9f29325,addc0ba75c6bdb6b2c20efcef889289448d773f78d14993a6b3096c5e08256a8,23040,230400
WALLABY J094808-473113,Vela TR1,Vela,0,pass,,False,10,0.6435895612423695,60.000000000120004,33x38,68x33x38,153,6.000000000012,44841.4140625,17,https://ws.cadc-ccda.hia-iha.nrc-cnrc.gc.ca/data/pub/WALLABY/WALLABY_J094808-473113_Vela_TR1_mom0.fits,https://ws.cadc-ccda.hia-iha.nrc-cnrc.gc.ca/data/pub/WALLABY/WALLABY_J094808-473113_Vela_TR1_mask.fits,4b240984c7494a086c7df6fac4b1b16ba06f13d0de754fe8542679fdf3a35873,17df7ab14d6a667c981322d7b27997635ca640571a2a836535b47af9021812ea,17280,97920
WALLABY J094819-442224,Vela TR1,Vela,15,pass,,False,11,0.7069634170201183,66.000000000132,37x33,96x37x33,156,6.000000000012,74321.9296875,14,https://ws.cadc-ccda.hia-iha.nrc-cnrc.gc.ca/data/pub/WALLABY/WALLABY_J094819-442224_Vela_TR1_mom0.fits,https://ws.cadc-ccda.hia-iha.nrc-cnrc.gc.ca/data/pub/WALLABY/WALLABY_J094819-442224_Vela_TR1_mask.fits,fd9a9864946ce6118318f008bb4205c703227c7ef026e1b03058e390413e58f6,e0a2db497781f1364ca05f96626b46ee45bf262548c658421adf1d8fa36bbf4a,17280,129600
WALLABY J094821-452603,Vela TR1,Vela,9,profile_rejected,negative source annular moment-0 weight; no clipping is allowed,False,,,,33x25,83x33x25,103,6.000000000012,41954.71875,8,https://ws.cadc-ccda.hia-iha.nrc-cnrc.gc.ca/data/pub/WALLABY/WALLABY_J094821-452603_Vela_TR1_mom0.fits,https://ws.cadc-ccda.hia-iha.nrc-cnrc.gc.ca/data/pub/WALLABY/WALLABY_J094821-452603_Vela_TR1_mask.fits,edfe617ec80cb3e468e3cab0298e3f7a788b687613df799666074c3ffef42829,a50aa183ed6a72738f27da4aef350fa1b4c9387561f4a3b1d33722890e7eadc6,17280,80640
WALLABY J094828-472216,Vela TR1,Vela,1,pass,,False,12,0.9211619659193712,72.000000000144,38x38,110x38x38,221,6.000000000012,112357.40625,42,https://ws.cadc-ccda.hia-iha.nrc-cnrc.gc.ca/data/pub/WALLABY/WALLABY_J094828-472216_Vela_TR1_mom0.fits,https://ws.cadc-ccda.hia-iha.nrc-cnrc.gc.ca/data/pub/WALLABY/WALLABY_J094828-472216_Vela_TR1_mask.fits,a86dfc571f720d6329344c6ff92c16779b6eecd9110eebce984a0d2d806d4713,4c7ead0f4398c6d2515e619bb853e15d3bbbb36d8a66fcbe8358d6ad0a32debb,20160,172800
WALLABY J094830-464320,Vela TR1,Vela,15,profile_rejected,negative source annular moment-0 weight; no clipping is allowed,False,,,,28x37,86x28x37,198,6.000000000012,90799.3125,46,https://ws.cadc-ccda.hia-iha.nrc-cnrc.gc.ca/data/pub/WALLABY/WALLABY_J094830-464320_Vela_TR1_mom0.fits,https://ws.cadc-ccda.hia-iha.nrc-cnrc.gc.ca/data/pub/WALLABY/WALLABY_J094830-464320_Vela_TR1_mask.fits,1db7eab8ce5c025f917a404d5c09f3ec1b57b8a87e04164cef47b8c1829b0105,1db9823dbaac313bcd24350a0450e437912de41c102815af233be6fbc2f6f65c,17280,100800
WALLABY J094840-452959,Vela TR1,Vela,22,pass,,False,23,0.4475086254269698,138.000000000276,42x53,127x42x53,482,6.000000000012,268421.34375,82,https://ws.cadc-ccda.hia-iha.nrc-cnrc.gc.ca/data/pub/WALLABY/WALLABY_J094840-452959_Vela_TR1_mom0.fits,https://ws.cadc-ccda.hia-iha.nrc-cnrc.gc.ca/data/pub/WALLABY/WALLABY_J094840-452959_Vela_TR1_mask.fits,ec4ad031ce3684f39cf2d53b1c3d0ace38fb3268c64903a82d8db7bc37f574ca,ca6df52a632afedaf7ab5b0cf4b759892dc5d22e19e7d71b87952adf8d355903,23040,296640
WALLABY J094854-462741,Vela TR1,Vela,11,pass,,False,10,0.8972228827527076,60.000000000120004,36x38,95x36x38,207,6.000000000012,101735.390625,12,https://ws.cadc-ccda.hia-iha.nrc-cnrc.gc.ca/data/pub/WALLABY/WALLABY_J094854-462741_Vela_TR1_mom0.fits,https://ws.cadc-ccda.hia-iha.nrc-cnrc.gc.ca/data/pub/WALLABY/WALLABY_J094854-462741_Vela_TR1_mask.fits,526a9bcc694ea02ee78beb0a817923606304e459c1899b6157d500d37536d837,4c8b1318929a1f5c5a86875d5a9ba9552c58d426f8f051c0cc61d63d385d394b,17280,144000
WALLABY J094855-435404,Vela TR1,Vela,4,pass,,False,11,0.6591871384923994,66.000000000132,35x34,112x35x34,151,6.000000000012,85514.421875,10,https://ws.cadc-ccda.hia-iha.nrc-cnrc.gc.ca/data/pub/WALLABY/WALLABY_J094855-435404_Vela_TR1_mom0.fits,https://ws.cadc-ccda.hia-iha.nrc-cnrc.gc.ca/data/pub/WALLABY/WALLABY_J094855-435404_Vela_TR1_mask.fits,34a78c96e89e48cbfe1636558fc8db3a9f11e223ec4fd6a7dc106dc37f9091ea,946bd7b47d955ec15044c14cce30282f6bb64f04b6610b48cb41a62b4c8ec7f8,17280,146880
WALLABY J094855-474548,Vela TR1,Vela,19,pass,,False,9,0.8764808343571066,54.000000000108,33x35,88x33x35,148,6.000000000012,50674.30078125,9,https://ws.cadc-ccda.hia-iha.nrc-cnrc.gc.ca/data/pub/WALLABY/WALLABY_J094855-474548_Vela_TR1_mom0.fits,https://ws.cadc-ccda.hia-iha.nrc-cnrc.gc.ca/data/pub/WALLABY/WALLABY_J094855-474548_Vela_TR1_mask.fits,d0501cb95405ff4338af8d40aa4ad2d25418d7a5bf4d7176feaac6c90547e6e1,1a6783e3827f90af230b62244b393ea7c963bb43ff21a314d9da56dde06eb1eb,17280,115200
WALLABY J094919-475749,Vela TR1,Vela,10,profile_rejected,negative source annular moment-0 weight; no clipping is allowed,False,,,,121x78,118x121x78,2738,6.000000000012,2667451.25,271,https://ws.cadc-ccda.hia-iha.nrc-cnrc.gc.ca/data/pub/WALLABY/WALLABY_J094919-475749_Vela_TR1_mom0.fits,https://ws.cadc-ccda.hia-iha.nrc-cnrc.gc.ca/data/pub/WALLABY/WALLABY_J094919-475749_Vela_TR1_mask.fits,01743b191d3cd6149460379fb5971d48644021aae7ae0e868c7d15f45b96b8d1,dc090a23414a951a64f53e9c7606350e710269f9715afd02c77fd7088f58b133,51840,1126080
WALLABY J094920-474006,Vela TR1,Vela,18,profile_rejected,negative source annular moment-0 weight; no clipping is allowed,False,,,,46x32,79x46x32,206,6.000000000012,53189.6953125,32,https://ws.cadc-ccda.hia-iha.nrc-cnrc.gc.ca/data/pub/WALLABY/WALLABY_J094920-474006_Vela_TR1_mom0.fits,https://ws.cadc-ccda.hia-iha.nrc-cnrc.gc.ca/data/pub/WALLABY/WALLABY_J094920-474006_Vela_TR1_mask.fits,dc21aa8009baca8b09bc30683de01aab16002999a9d6d5855ddf115b3addcf79,e204a59c875c8f6b7ca9235dd4f9678d7a8e0b9aa78cdc78bbb3a63326389ef5,20160,129600
WALLABY J094924-454230,Vela TR1,Vela,9,profile_rejected,negative source annular moment-0 weight; no clipping is allowed,False,,,,52x53,78x52x53,703,6.000000000012,327224.6875,82,https://ws.cadc-ccda.hia-iha.nrc-cnrc.gc.ca/data/pub/WALLABY/WALLABY_J094924-454230_Vela_TR1_mom0.fits,https://ws.cadc-ccda.hia-iha.nrc-cnrc.gc.ca/data/pub/WALLABY/WALLABY_J094924-454230_Vela_TR1_mask.fits,bc835dbd087277358d3949c2ff0807e5f13a58340f691d299c2c97d89e06ac46,cc4804792f86dff77ee4f59cf7187edb7796da8792f6df041df83ab5b3ab27b4,23040,227520
WALLABY J094926-435730,Vela TR1,Vela,6,pass,,False,19,0.6424845384199288,114.000000000228,50x38,91x50x38,385,6.000000000012,132530.265625,33,https://ws.cadc-ccda.hia-iha.nrc-cnrc.gc.ca/data/pub/WALLABY/WALLABY_J094926-435730_Vela_TR1_mom0.fits,https://ws.cadc-ccda.hia-iha.nrc-cnrc.gc.ca/data/pub/WALLABY/WALLABY_J094926-435730_Vela_TR1_mask.fits,a2739058091b0f9d986ac7fb8520e7df849067fc15d8a6a3de2d82e6c356ff6e,f2e8d2d7dcce6f7baa79dd70dc77fac21cb24ddf680cb70789824bb4e35cedc2,20160,187200
WALLABY J094930-475941,Vela TR1,Vela,13,pass,,False,12,0.6883732736901971,72.000000000144,31x38,77x31x38,149,6.000000000012,47209.3203125,9,https://ws.cadc-ccda.hia-iha.nrc-cnrc.gc.ca/data/pub/WALLABY/WALLABY_J094930-475941_Vela_TR1_mom0.fits,https://ws.cadc-ccda.hia-iha.nrc-cnrc.gc.ca/data/pub/WALLABY/WALLABY_J094930-475941_Vela_TR1_mask.fits,f7bdc3e7383b71c12b93eeb020ded40d1e019b0b4b2eaf42e422f1ec5eeb5684,12e4a515b31339cf54188c2e4987305e6caaa00d49c3752f1f94a4a1ebf91ad1,17280,103680
WALLABY J094940-454322,Vela TR1,Vela,18,pass,,False,14,0.8341394383073076,84.000000000168,44x41,145x44x41,360,6.000000000012,226557.171875,42,https://ws.cadc-ccda.hia-iha.nrc-cnrc.gc.ca/data/pub/WALLABY/WALLABY_J094940-454322_Vela_TR1_mom0.fits,https://ws.cadc-ccda.hia-iha.nrc-cnrc.gc.ca/data/pub/WALLABY/WALLABY_J094940-454322_Vela_TR1_mask.fits,c7740125295bcec4e0cdfa26bfce80bc55eca7bb46bdd944d8f24ea71fe81e42,f95809497c2483084f3c362bdcc5de5d3026511c9634fd2cb2bd15f246932452,20160,273600
WALLABY J094944-471059,Vela TR1,Vela,16,pass,,False,25,0.8705473987904032,150.0000000003,60x61,97x60x61,1155,6.000000000012,793846.0625,139,https://ws.cadc-ccda.hia-iha.nrc-cnrc.gc.ca/data/pub/WALLABY/WALLABY_J094944-471059_Vela_TR1_mom0.fits,https://ws.cadc-ccda.hia-iha.nrc-cnrc.gc.ca/data/pub/WALLABY/WALLABY_J094944-471059_Vela_TR1_mask.fits,b774868d80272c3b6c3f8b85a7d2617f0dfc19e368652b64a04789301e8ae9ce,b1385b504428d075e6b55cb3c70462cd369e23e5594c882b91c51a662a763107,28800,368640
WALLABY J094954-485521,Vela TR1,Vela,8,pass,,False,26,0.345741980093706,156.000000000312,45x51,88x45x51,345,6.000000000012,231284.9375,42,https://ws.cadc-ccda.hia-iha.nrc-cnrc.gc.ca/data/pub/WALLABY/WALLABY_J094954-485521_Vela_TR1_mom0.fits,https://ws.cadc-ccda.hia-iha.nrc-cnrc.gc.ca/data/pub/WALLABY/WALLABY_J094954-485521_Vela_TR1_mask.fits,8bcba24465767b430a372b5833bbf1fa4c0bd088a54b970071688498035a277e,b4df3fa5d3c2c7ca15e1da996db0f59c8ffc1879a7d2e7b5ec0c62dcbf7c42f6,23040,216000
WALLABY J094959-481705,Vela TR1,Vela,7,pass,,False,13,0.6713031149867362,78.000000000156,38x41,103x38x41,250,6.000000000012,200206.75,52,https://ws.cadc-ccda.hia-iha.nrc-cnrc.gc.ca/data/pub/WALLABY/WALLABY_J094959-481705_Vela_TR1_mom0.fits,https://ws.cadc-ccda.hia-iha.nrc-cnrc.gc.ca/data/pub/WALLABY/WALLABY_J094959-481705_Vela_TR1_mask.fits,b8319163775e7354ba9ad49931e0264f7c6b0f255a58afb04d6d20a6458b837e,632da2c3dea34291ec2c5022aee67276022c824560ebeae6338961f98d2f92ba,20160,172800
WALLABY J095019-441017,Vela TR1,Vela,3,pass,,False,13,0.9179075492726362,78.000000000156,39x37,70x39x37,244,6.000000000012,45949.16796875,32,https://ws.cadc-ccda.hia-iha.nrc-cnrc.gc.ca/data/pub/WALLABY/WALLABY_J095019-441017_Vela_TR1_mom0.fits,https://ws.cadc-ccda.hia-iha.nrc-cnrc.gc.ca/data/pub/WALLABY/WALLABY_J095019-441017_Vela_TR1_mask.fits,17b14cbfc0cc936dabd5b9cbd05b80c62e7552382e11de969802e86878d1406a,7b2425d3de7ced37a0c29f6b975342d8296ca02cd5617b942b7b5bcca55352f5,20160,115200
WALLABY J095019-452605,Vela TR1,Vela,9,pass,,False,13,0.7678764946417463,78.000000000156,35x41,88x35x41,241,6.000000000012,85607.7734375,27,https://ws.cadc-ccda.hia-iha.nrc-cnrc.gc.ca/data/pub/WALLABY/WALLABY_J095019-452605_Vela_TR1_mom0.fits,https://ws.cadc-ccda.hia-iha.nrc-cnrc.gc.ca/data/pub/WALLABY/WALLABY_J095019-452605_Vela_TR1_mask.fits,ae99710ce6643a17a3ce25a77cc9a3161d45c2be530ffae71015cf0f2c35313e,b2d0c042dffa4ca534a530c8942c1692e8b963e2b80ad7e1473aaa1795d8bfe4,17280,138240
WALLABY J095031-461322,Vela TR1,Vela,9,profile_rejected,negative source annular moment-0 weight; no clipping is allowed,False,,,,42x38,82x42x38,214,6.000000000012,53893.70703125,42,https://ws.cadc-ccda.hia-iha.nrc-cnrc.gc.ca/data/pub/WALLABY/WALLABY_J095031-461322_Vela_TR1_mom0.fits,https://ws.cadc-ccda.hia-iha.nrc-cnrc.gc.ca/data/pub/WALLABY/WALLABY_J095031-461322_Vela_TR1_mask.fits,cb513f5ca3870e3b526e4ba98e392c7e46425a0f4058247698d570297af71ac7,efd98b7c96229c9e9a546cefa6123d7a87a6cb2ca99332ffb529686e77710e12,20160,144000
WALLABY J095053-432902,Vela TR1,Vela,2,profile_rejected,negative source annular moment-0 weight; no clipping is allowed,False,,,,43x36,73x43x36,282,6.000000000012,125080.828125,52,https://ws.cadc-ccda.hia-iha.nrc-cnrc.gc.ca/data/pub/WALLABY/WALLABY_J095053-432902_Vela_TR1_mom0.fits,https://ws.cadc-ccda.hia-iha.nrc-cnrc.gc.ca/data/pub/WALLABY/WALLABY_J095053-432902_Vela_TR1_mask.fits,74fc78f6a5081fe37b37742470bf0af3cb118ba5960f0d1ef7237eaac261b72c,502e7b7918fa0d56f7e2114245fa8020cede25ccd05bba06387d0705bab49b5c,20160,126720
WALLABY J095101-451536,Vela TR1,Vela,8,profile_rejected,source radial support contains fewer than 8 pixel-scale annuli,False,,,,30x32,79x30x32,97,6.000000000012,48518.8828125,16,https://ws.cadc-ccda.hia-iha.nrc-cnrc.gc.ca/data/pub/WALLABY/WALLABY_J095101-451536_Vela_TR1_mom0.fits,https://ws.cadc-ccda.hia-iha.nrc-cnrc.gc.ca/data/pub/WALLABY/WALLABY_J095101-451536_Vela_TR1_mask.fits,c10cffed2eac58db96206e6934ec73593b526d07892948b1e1d914bd5992361d,a191f80a7e4cc1c9a6d7b2ad931771e2b133dbb65a837df233e2292341878bb6,17280,89280
WALLABY J095126-452831,Vela TR1,Vela,18,pass,,False,14,0.6701391873512849,84.000000000168,41x37,104x41x37,262,6.000000000012,151463.140625,44,https://ws.cadc-ccda.hia-iha.nrc-cnrc.gc.ca/data/pub/WALLABY/WALLABY_J095126-452831_Vela_TR1_mom0.fits,https://ws.cadc-ccda.hia-iha.nrc-cnrc.gc.ca/data/pub/WALLABY/WALLABY_J095126-452831_Vela_TR1_mask.fits,24cb576f10a54f6873d41298e6f4d6ed63f7c3cf852c7656e94edba529409641,5a3218dd4adbecd16a08e2d84f16ea270ec02baf744c4d491891eff2f29459f0,20160,169920
WALLABY J095131-440121,Vela TR1,Vela,13,pass,,False,16,0.54949353473408,96.000000000192,39x42,143x39x42,287,6.000000000012,160179.9375,37,https://ws.cadc-ccda.hia-iha.nrc-cnrc.gc.ca/data/pub/WALLABY/WALLABY_J095131-440121_Vela_TR1_mom0.fits,https://ws.cadc-ccda.hia-iha.nrc-cnrc.gc.ca/data/pub/WALLABY/WALLABY_J095131-440121_Vela_TR1_mask.fits,98b61dc757e198541b0a86a6e74437d8c43e160788dd6a1fbb237c9f8c896eab,830e16aa7a40612c0fb07d0748e0a86a1ec91ac26f482f0df51ffee19198877b,20160,247680
WALLABY J095159-443357,Vela TR1,Vela,18,profile_rejected,negative source annular moment-0 weight; no clipping is allowed,False,,,,39x34,59x39x34,185,6.000000000012,33750.56640625,32,https://ws.cadc-ccda.hia-iha.nrc-cnrc.gc.ca/data/pub/WALLABY/WALLABY_J095159-443357_Vela_TR1_mom0.fits,https://ws.cadc-ccda.hia-iha.nrc-cnrc.gc.ca/data/pub/WALLABY/WALLABY_J095159-443357_Vela_TR1_mask.fits,046a45bee7951ce938c7762cddceb7fae877ff6620f225c5af85573dd21fd5e5,cbe0a27bc4331b639fb9f29db66d456dcb4f865f0ac15cbf48b1ba35f829aae4,17280,92160
WALLABY J095205-443809,Vela TR1,Vela,0,pass,,False,16,0.5943166301272551,96.000000000192,40x39,136x40x39,228,6.000000000012,69172.625,33,https://ws.cadc-ccda.hia-iha.nrc-cnrc.gc.ca/data/pub/WALLABY/WALLABY_J095205-443809_Vela_TR1_mom0.fits,https://ws.cadc-ccda.hia-iha.nrc-cnrc.gc.ca/data/pub/WALLABY/WALLABY_J095205-443809_Vela_TR1_mask.fits,3bcb60862cdb6722116034e5eee7a482c94305e02ffe8edc2044ae33cb433a3e,7e2b8ec21c4d81fed71744fbb4c912c1a39c7e2722c27fba2cd54cf86434b93f,20160,224640
WALLABY J095211-464251,Vela TR1,Vela,6,pass,,False,19,0.5542470824674341,114.000000000228,48x44,108x48x44,438,6.000000000012,272900.0625,88,https://ws.cadc-ccda.hia-iha.nrc-cnrc.gc.ca/data/pub/WALLABY/WALLABY_J095211-464251_Vela_TR1_mom0.fits,https://ws.cadc-ccda.hia-iha.nrc-cnrc.gc.ca/data/pub/WALLABY/WALLABY_J095211-464251_Vela_TR1_mask.fits,2907de7b5490efc1d463e0208ad3d0c1b15ba1a4e25438632c160f66c39604b6,7c0d098c3cbbd9e19a13b53a5391bbe4696bf52391814efc1b010dc230b8e335,20160,241920
WALLABY J095234-475517,Vela TR1,Vela,18,profile_rejected,source radial support contains fewer than 8 pixel-scale annuli,False,,,,29x31,67x29x31,81,6.000000000012,40686.80859375,7,https://ws.cadc-ccda.hia-iha.nrc-cnrc.gc.ca/data/pub/WALLABY/WALLABY_J095234-475517_Vela_TR1_mom0.fits,https://ws.cadc-ccda.hia-iha.nrc-cnrc.gc.ca/data/pub/WALLABY/WALLABY_J095234-475517_Vela_TR1_mask.fits,fb173627f34e3a5153fa684cf7606e1df9562b52f47fcc7c382e81ba97f3b86e,c1caf8f13bcd0bcf60e05203345f9ea81aa7cbb32d66fdd79e08c7cd8fbf8354,17280,72000
WALLABY J095237-454134,Vela TR1,Vela,14,profile_rejected,negative source annular moment-0 weight; no clipping is allowed,False,,,,42x39,85x42x39,229,6.000000000012,80864.09375,52,https://ws.cadc-ccda.hia-iha.nrc-cnrc.gc.ca/data/pub/WALLABY/WALLABY_J095237-454134_Vela_TR1_mom0.fits,https://ws.cadc-ccda.hia-iha.nrc-cnrc.gc.ca/data/pub/WALLABY/WALLABY_J095237-454134_Vela_TR1_mask.fits,a7a71e06f56de9248e5bd2ecd9b398bc2d1b629be8c0a18fdc7c040666216031,2444aaf817d76462c2b9080c4794f492a972737496871aa74811b893809b46ee,20160,152640
WALLABY J095238-461131,Vela TR1,Vela,13,profile_rejected,negative source annular moment-0 weight; no clipping is allowed,False,,,,38x48,87x38x48,304,6.000000000012,81843.7265625,45,https://ws.cadc-ccda.hia-iha.nrc-cnrc.gc.ca/data/pub/WALLABY/WALLABY_J095238-461131_Vela_TR1_mom0.fits,https://ws.cadc-ccda.hia-iha.nrc-cnrc.gc.ca/data/pub/WALLABY/WALLABY_J095238-461131_Vela_TR1_mask.fits,b2c588e223894a4dfe92a6c8bd71bdced49155e0aa63b308633077fbd0f8ae47,f6f14ad0389498e1eac722ead2a9f6f84db45a4fe41b919471b4d3e36dd8108a,20160,172800
WALLABY J095239-470647,Vela TR1,Vela,2,pass,,False,17,0.7973599675365741,102.000000000204,48x44,72x48x44,479,6.000000000012,207484.09375,80,https://ws.cadc-ccda.hia-iha.nrc-cnrc.gc.ca/data/pub/WALLABY/WALLABY_J095239-470647_Vela_TR1_mom0.fits,https://ws.cadc-ccda.hia-iha.nrc-cnrc.gc.ca/data/pub/WALLABY/WALLABY_J095239-470647_Vela_TR1_mask.fits,5c34c081229a9cb3a0f9be9f9280f69ce0f0f311c8880d5eb29f8dceebde5aa7,501f52cea42d8514e2154335f606f2af47750d2b653e45fd55f06a57aa36a5a7,20160,164160
WALLABY J095244-474722,Vela TR1,Vela,21,pass,,False,11,0.9197424092575672,66.000000000132,38x39,73x38x39,268,6.000000000012,122807.5,63,https://ws.cadc-ccda.hia-iha.nrc-cnrc.gc.ca/data/pub/WALLABY/WALLABY_J095244-474722_Vela_TR1_mom0.fits,https://ws.cadc-ccda.hia-iha.nrc-cnrc.gc.ca/data/pub/WALLABY/WALLABY_J095244-474722_Vela_TR1_mask.fits,1e00752e33a296d65adad9b66ef3186ceb0bc7a9e77b064be6addfc632d5fbdf,dff151e328ca8a45ff6cedd40b520e5a4428b4d19fa085586848ddd7aaaf7a34,20160,120960
WALLABY J095249-440054,Vela TR1,Vela,6,profile_rejected,negative source annular moment-0 weight; no clipping is allowed,False,,,,35x37,106x35x37,181,6.000000000012,77378.28125,24,https://ws.cadc-ccda.hia-iha.nrc-cnrc.gc.ca/data/pub/WALLABY/WALLABY_J095249-440054_Vela_TR1_mom0.fits,https://ws.cadc-ccda.hia-iha.nrc-cnrc.gc.ca/data/pub/WALLABY/WALLABY_J095249-440054_Vela_TR1_mask.fits,f5fe2886570e4ec740e019bb05aeeed558502ef6f3b97035e674bfd78865749f,b103fc8f9e4f12db10357468b61179172d63444e0700ef882d28f7800def3c85,17280,149760
WALLABY J095311-451624,Vela TR1,Vela,16,profile_rejected,negative source annular moment-0 weight; no clipping is allowed,False,,,,37x36,85x37x36,195,6.000000000012,87463.015625,29,https://ws.cadc-ccda.hia-iha.nrc-cnrc.gc.ca/data/pub/WALLABY/WALLABY_J095311-451624_Vela_TR1_mom0.fits,https://ws.cadc-ccda.hia-iha.nrc-cnrc.gc.ca/data/pub/WALLABY/WALLABY_J095311-451624_Vela_TR1_mask.fits,d65607d45fe608ef9eec62a3c9fed297947dba00515aad7247b5d7d72ea64f92,ab7f1dd840ffe507ff45b761f842557e6bdfe5dbe37c7bb8d8487ef8c58c0017,17280,126720
WALLABY J095313-460846,Vela TR1,Vela,6,profile_rejected,negative source annular moment-0 weight; no clipping is allowed,False,,,,37x36,55x37x36,192,6.000000000012,37025.1640625,61,https://ws.cadc-ccda.hia-iha.nrc-cnrc.gc.ca/data/pub/WALLABY/WALLABY_J095313-460846_Vela_TR1_mom0.fits,https://ws.cadc-ccda.hia-iha.nrc-cnrc.gc.ca/data/pub/WALLABY/WALLABY_J095313-460846_Vela_TR1_mask.fits,74e364db412736f99bff1166efa0ba7e73d09d86c8767550d44230ee94e8a439,c61fb085d2555a9dacc63c3186d7672a796e4284e14605ea0b90b2233782b8b4,17280,86400
WALLABY J095347-455759,Vela TR1,Vela,2,pass,,False,20,0.5949622101395757,120.00000000024001,45x47,131x45x47,495,6.000000000012,407503.0,95,https://ws.cadc-ccda.hia-iha.nrc-cnrc.gc.ca/data/pub/WALLABY/WALLABY_J095347-455759_Vela_TR1_mom0.fits,https://ws.cadc-ccda.hia-iha.nrc-cnrc.gc.ca/data/pub/WALLABY/WALLABY_J095347-455759_Vela_TR1_mask.fits,ebd6c1a15c3a427cdc6f546129d4ccbff50401afec73dafef77771f6d5c60e3a,63fac7104553487fe17ddf1456a7f2f37bd4abe5892b820ceb0ea71cf5bfead4,20160,290880
WALLABY J095354-433845,Vela TR1,Vela,3,pass,,False,16,0.7936897714925498,96.000000000192,44x41,133x44x41,387,6.000000000012,312894.375,68,https://ws.cadc-ccda.hia-iha.nrc-cnrc.gc.ca/data/pub/WALLABY/WALLABY_J095354-433845_Vela_TR1_mom0.fits,https://ws.cadc-ccda.hia-iha.nrc-cnrc.gc.ca/data/pub/WALLABY/WALLABY_J095354-433845_Vela_TR1_mask.fits,ed7a14ffc22389cc0b8831acec2eda676b65a106333dd3cf1b1fde43c7eacea2,0a9bcc8e5353fd848f706dc63c098cf2f075b1ea945b662d24a3492cdb6958f5,20160,253440
WALLABY J095423-443318,Vela TR1,Vela,2,profile_rejected,negative source annular moment-0 weight; no clipping is allowed,False,,,,39x39,81x39x39,263,6.000000000012,121661.875,69,https://ws.cadc-ccda.hia-iha.nrc-cnrc.gc.ca/data/pub/WALLABY/WALLABY_J095423-443318_Vela_TR1_mom0.fits,https://ws.cadc-ccda.hia-iha.nrc-cnrc.gc.ca/data/pub/WALLABY/WALLABY_J095423-443318_Vela_TR1_mask.fits,f5f023c05d0fbf942e92baa29cf23f5903594f58af33fcc14923942ceb5faf7c,c3dd5d354721b1b296c458721664e9cc8d7607417d656792bca80fab9bff33a8,20160,135360
WALLABY J095433-440456,Vela TR1,Vela,4,profile_rejected,negative source annular moment-0 weight; no clipping is allowed,False,,,,37x39,88x37x39,242,6.000000000012,97768.9765625,35,https://ws.cadc-ccda.hia-iha.nrc-cnrc.gc.ca/data/pub/WALLABY/WALLABY_J095433-440456_Vela_TR1_mom0.fits,https://ws.cadc-ccda.hia-iha.nrc-cnrc.gc.ca/data/pub/WALLABY/WALLABY_J095433-440456_Vela_TR1_mask.fits,4c47e1631d98398f365ed20976796f612c50e2eb1a89e953e74fa6652b810146,7ada5e3bf34023a51ea361cdc1fffa5d773a1cbfe000e09bef0208db4b273b98,20160,141120
WALLABY J095441-440640,Vela TR1,Vela,0,profile_rejected,negative source annular moment-0 weight; no clipping is allowed,False,,,,32x36,99x32x36,130,6.000000000012,34452.125,18,https://ws.cadc-ccda.hia-iha.nrc-cnrc.gc.ca/data/pub/WALLABY/WALLABY_J095441-440640_Vela_TR1_mom0.fits,https://ws.cadc-ccda.hia-iha.nrc-cnrc.gc.ca/data/pub/WALLABY/WALLABY_J095441-440640_Vela_TR1_mask.fits,af0751c12762401cc8a75d46f4c2d4a51c21fe81cc4a9fa1bd5b3cbfb5bb07d8,753ce2f7e6ea48ee444e86cb1fc3b0d1878675280a9f84b358a458214aeede8d,17280,126720
WALLABY J095448-462159,Vela TR1,Vela,1,pass,,False,11,0.9393252629118263,66.000000000132,36x36,79x36x36,189,6.000000000012,91404.90625,29,https://ws.cadc-ccda.hia-iha.nrc-cnrc.gc.ca/data/pub/WALLABY/WALLABY_J095448-462159_Vela_TR1_mom0.fits,https://ws.cadc-ccda.hia-iha.nrc-cnrc.gc.ca/data/pub/WALLABY/WALLABY_J095448-462159_Vela_TR1_mask.fits,e5a12ce914508f69c4ea5d120e9e106c0835a6b4ddf92d07b5fcdac294f12f83,87143563a1dbe00b3bbb37e7db066ff9f1a62fcee755320764362a06950108a6,17280,115200
WALLABY J095449-461903,Vela TR1,Vela,1,profile_rejected,negative source annular moment-0 weight; no clipping is allowed,False,,,,40x38,100x40x38,209,6.000000000012,82476.4765625,46,https://ws.cadc-ccda.hia-iha.nrc-cnrc.gc.ca/data/pub/WALLABY/WALLABY_J095449-461903_Vela_TR1_mom0.fits,https://ws.cadc-ccda.hia-iha.nrc-cnrc.gc.ca/data/pub/WALLABY/WALLABY_J095449-461903_Vela_TR1_mask.fits,881afc625aaae5ee5caf82ad26036081ea128647dec312c4e39f0f53700a5160,f2e20a333aaab19c857d25083154ffc5c4f028d74e05a0c0bca6ec079e7ba34f,20160,164160
WALLABY J095454-472801,Vela TR1,Vela,14,pass,,False,12,0.8239711382579838,72.000000000144,35x40,82x35x40,225,6.000000000012,76150.1875,23,https://ws.cadc-ccda.hia-iha.nrc-cnrc.gc.ca/data/pub/WALLABY/WALLABY_J095454-472801_Vela_TR1_mom0.fits,https://ws.cadc-ccda.hia-iha.nrc-cnrc.gc.ca/data/pub/WALLABY/WALLABY_J095454-472801_Vela_TR1_mask.fits,5f1faf2b5dfcfe6ffcdca0850239611d4aa48527e360db4715de54591c5a1bc5,e0592004eb5bfd4c00d1f8be90219846cbef2b713f5fb7c77adba7e10fe60a6d,17280,126720
WALLABY J095457-480416,Vela TR1,Vela,21,profile_rejected,negative source annular moment-0 weight; no clipping is allowed,False,,,,44x42,137x44x42,360,6.000000000012,210713.375,80,https://ws.cadc-ccda.hia-iha.nrc-cnrc.gc.ca/data/pub/WALLABY/WALLABY_J095457-480416_Vela_TR1_mom0.fits,https://ws.cadc-ccda.hia-iha.nrc-cnrc.gc.ca/data/pub/WALLABY/WALLABY_J095457-480416_Vela_TR1_mask.fits,677f19ddbf0a5193725cb82e7e6406135160855e29a40f40a4cb15033378dc77,c95022e07a4fbefd791a76d4b6d534c2e4c1ea6e5eb52ef818314626cfc4fca2,20160,264960
WALLABY J095503-483432,Vela TR1,Vela,12,pass,,False,12,0.8106622833596024,72.000000000144,39x36,85x39x36,212,6.000000000012,131405.109375,23,https://ws.cadc-ccda.hia-iha.nrc-cnrc.gc.ca/data/pub/WALLABY/WALLABY_J095503-483432_Vela_TR1_mom0.fits,https://ws.cadc-ccda.hia-iha.nrc-cnrc.gc.ca/data/pub/WALLABY/WALLABY_J095503-483432_Vela_TR1_mask.fits,fa42cc76d9f3d87312ee0121ce828c6ea57b5307ce5f8734ab95779ee78fa127,dc34010db89ef06c62712e75a875c341b989da1ffeadb5162cf5c56a6dc1523c,17280,132480
WALLABY J095513-455152,Vela TR1,Vela,17,profile_rejected,negative source annular moment-0 weight; no clipping is allowed,False,,,,45x43,149x45x43,427,6.000000000012,190617.59375,60,https://ws.cadc-ccda.hia-iha.nrc-cnrc.gc.ca/data/pub/WALLABY/WALLABY_J095513-455152_Vela_TR1_mom0.fits,https://ws.cadc-ccda.hia-iha.nrc-cnrc.gc.ca/data/pub/WALLABY/WALLABY_J095513-455152_Vela_TR1_mask.fits,0869118ab5aa1d3b2e50d21e28cd2808f9defb8aa27a6a43bb7d5148a5360622,fbef172426302e07774cd7ad5db62279dceff07fe3c27adc8930caca0b5d8df5,20160,302400
WALLABY J095532-443931,Vela TR1,Vela,11,profile_rejected,negative source annular moment-0 weight; no clipping is allowed,False,,,,33x37,115x33x37,166,6.000000000012,71049.6796875,23,https://ws.cadc-ccda.hia-iha.nrc-cnrc.gc.ca/data/pub/WALLABY/WALLABY_J095532-443931_Vela_TR1_mom0.fits,https://ws.cadc-ccda.hia-iha.nrc-cnrc.gc.ca/data/pub/WALLABY/WALLABY_J095532-443931_Vela_TR1_mask.fits,83edad92cd92271ab39f99bf2bee29e565efeb999f612ef5e4aa57cb66328ac4,716e9205c40e3460d9b470396809cd6bbc0579774b4aff5581af58c2a631c33a,17280,152640
WALLABY J095552-455731,Vela TR1,Vela,19,profile_rejected,negative source annular moment-0 weight; no clipping is allowed,False,,,,37x39,78x37x39,238,6.000000000012,57693.99609375,55,https://ws.cadc-ccda.hia-iha.nrc-cnrc.gc.ca/data/pub/WALLABY/WALLABY_J095552-455731_Vela_TR1_mom0.fits,https://ws.cadc-ccda.hia-iha.nrc-cnrc.gc.ca/data/pub/WALLABY/WALLABY_J095552-455731_Vela_TR1_mask.fits,f8188cfea35d0334e169d3b209310846e1811c6d77a526c306288b79426b1004,03a82e2ee1d706379351d8f3f5b3904a65f7c9b69bd3ef6d71afc5d80aef7504,20160,126720
WALLABY J095558-472929,Vela TR1,Vela,17,pass,,False,10,0.8417537172847555,60.000000000120004,37x37,64x37x37,180,6.000000000012,47212.171875,28,https://ws.cadc-ccda.hia-iha.nrc-cnrc.gc.ca/data/pub/WALLABY/WALLABY_J095558-472929_Vela_TR1_mom0.fits,https://ws.cadc-ccda.hia-iha.nrc-cnrc.gc.ca/data/pub/WALLABY/WALLABY_J095558-472929_Vela_TR1_mask.fits,9f78a79c35a1ff95bfebbf6ad6b2233d5e96713e9e7607a2f25d14ad37ab480d,96a489350e08c7249ed27fcb10eeee6bae5483cddf7fc1b0c3d783b24c278434,17280,100800
WALLABY J095635-453219,Vela TR1,Vela,0,profile_rejected,negative source annular moment-0 weight; no clipping is allowed,False,,,,39x29,87x39x29,111,6.000000000012,34615.9765625,25,https://ws.cadc-ccda.hia-iha.nrc-cnrc.gc.ca/data/pub/WALLABY/WALLABY_J095635-453219_Vela_TR1_mom0.fits,https://ws.cadc-ccda.hia-iha.nrc-cnrc.gc.ca/data/pub/WALLABY/WALLABY_J095635-453219_Vela_TR1_mask.fits,b4999aa79ba04c03851650a6153c48fe251680e4b453e5b42c0978165dd66677,1232dd9edb31b68bbe8cbcc7a2b18d9567e0dff42fad45e6e9e49e15a3834107,17280,112320
WALLABY J095648-450253,Vela TR1,Vela,18,pass,,False,9,0.8254440170815388,54.000000000108,24x34,87x24x34,129,6.000000000012,48486.7890625,11,https://ws.cadc-ccda.hia-iha.nrc-cnrc.gc.ca/data/pub/WALLABY/WALLABY_J095648-450253_Vela_TR1_mom0.fits,https://ws.cadc-ccda.hia-iha.nrc-cnrc.gc.ca/data/pub/WALLABY/WALLABY_J095648-450253_Vela_TR1_mask.fits,9816dab5b5d1a1cae1f770016f20c3775ec880d92195486d9d7dcf03288b2c91,3694e98bd3ad6b7c1f871d1569c34d01ef57e5f5ae8ce6ef43ecfad557dac202,17280,83520
WALLABY J095710-485624,Vela TR1,Vela,6,pass,,False,25,0.8152753268486198,150.0000000003,66x57,57x66x57,1307,6.000000000012,937999.4375,107,https://ws.cadc-ccda.hia-iha.nrc-cnrc.gc.ca/data/pub/WALLABY/WALLABY_J095710-485624_Vela_TR1_mom0.fits,https://ws.cadc-ccda.hia-iha.nrc-cnrc.gc.ca/data/pub/WALLABY/WALLABY_J095710-485624_Vela_TR1_mask.fits,2d642416e1a4df5a4b755fe97ff9e842f288359bd3d383db4bb43a32fc50fb1b,8630c1e3dc5106ce657f7b10b912cec0694beb2b1ba511607b0cef552a43caad,28800,227520
WALLABY J095719-465024,Vela TR1,Vela,17,pass,,False,12,0.8815353552390447,72.000000000144,41x42,105x41x42,304,6.000000000012,113978.2421875,38,https://ws.cadc-ccda.hia-iha.nrc-cnrc.gc.ca/data/pub/WALLABY/WALLABY_J095719-465024_Vela_TR1_mom0.fits,https://ws.cadc-ccda.hia-iha.nrc-cnrc.gc.ca/data/pub/WALLABY/WALLABY_J095719-465024_Vela_TR1_mask.fits,a68ea4321bf873b915c221560fdcb8003690a0992970cb698c1ad2abfa992a4a,7d01f22b0231f388e1ece3a6ed5e8de3fcc0cca5b40c9e17e98f76d49b72f5c8,20160,192960
WALLABY J095802-444730,Vela TR1,Vela,1,pass,,False,9,0.7115366761472908,54.000000000108,32x33,95x32x33,121,6.000000000012,42359.1171875,13,https://ws.cadc-ccda.hia-iha.nrc-cnrc.gc.ca/data/pub/WALLABY/WALLABY_J095802-444730_Vela_TR1_mom0.fits,https://ws.cadc-ccda.hia-iha.nrc-cnrc.gc.ca/data/pub/WALLABY/WALLABY_J095802-444730_Vela_TR1_mask.fits,1f214d0f33a5e9306d2866ea360b97503a4825ccfe2e9fbf6fb821d6cf63fb4d,b572fd2a54816d2c9d0fb2cf0e1b49be9a746215eb35ba66a88c7fdd7dcb7870,17280,112320
WALLABY J095809-472057,Vela TR1,Vela,6,pass,,False,21,0.6318873334214625,126.000000000252,49x47,72x49x47,515,6.000000000012,347682.09375,91,https://ws.cadc-ccda.hia-iha.nrc-cnrc.gc.ca/data/pub/WALLABY/WALLABY_J095809-472057_Vela_TR1_mom0.fits,https://ws.cadc-ccda.hia-iha.nrc-cnrc.gc.ca/data/pub/WALLABY/WALLABY_J095809-472057_Vela_TR1_mask.fits,e988e33e5362b1c4fdfe65de116891e3f1d74eeaee44973aee9ba378b2091bbf,3f2510c0bb0f38e159ee5df0b278436d7d7f6317ce0472cf0505dc6e9b893c8d,23040,178560
WALLABY J095813-430817,Vela TR1,Vela,5,profile_rejected,negative source annular moment-0 weight; no clipping is allowed,False,,,,38x39,85x38x39,285,6.000000000012,173625.59375,40,https://ws.cadc-ccda.hia-iha.nrc-cnrc.gc.ca/data/pub/WALLABY/WALLABY_J095813-430817_Vela_TR1_mom0.fits,https://ws.cadc-ccda.hia-iha.nrc-cnrc.gc.ca/data/pub/WALLABY/WALLABY_J095813-430817_Vela_TR1_mask.fits,e731840c4e82c1c8b7f8a0666d92cc778fb567d59a4b359056964299b22624ff,f60331dfe82eea9f79d34b3eea286d8ca236b6df4e439ea00a152ecc5ba3e1bd,20160,138240
WALLABY J095824-433328,Vela TR1,Vela,21,pass,,False,9,0.7696348466637325,54.000000000108,34x34,104x34x34,146,6.000000000012,57300.3359375,22,https://ws.cadc-ccda.hia-iha.nrc-cnrc.gc.ca/data/pub/WALLABY/WALLABY_J095824-433328_Vela_TR1_mom0.fits,https://ws.cadc-ccda.hia-iha.nrc-cnrc.gc.ca/data/pub/WALLABY/WALLABY_J095824-433328_Vela_TR1_mask.fits,7489dbfaa08de82cc4e67e958a2109cd03a15edb45d972eaf887a66f518d4c84,b3c3490640057a748330e6fb4ab19026081587879679cb99e422026e1b861859,17280,132480
WALLABY J095836-470454,Vela TR1,Vela,1,pass,,False,24,0.5885674462863771,144.000000000288,45x51,101x45x51,455,6.000000000012,217542.859375,80,https://ws.cadc-ccda.hia-iha.nrc-cnrc.gc.ca/data/pub/WALLABY/WALLABY_J095836-470454_Vela_TR1_mom0.fits,https://ws.cadc-ccda.hia-iha.nrc-cnrc.gc.ca/data/pub/WALLABY/WALLABY_J095836-470454_Vela_TR1_mask.fits,85639b07b0cc4fd789cae7cb8cf9e337aa3b6e8816688d9c062e27a6e443d766,da4a811e2d85a0c9c6b022fc37777104f6db42abdc86a5d83788020257bacff5,23040,244800
WALLABY J095848-455156,Vela TR1,Vela,10,profile_rejected,negative source annular moment-0 weight; no clipping is allowed,False,,,,45x51,96x45x51,537,6.000000000012,248771.0625,81,https://ws.cadc-ccda.hia-iha.nrc-cnrc.gc.ca/data/pub/WALLABY/WALLABY_J095848-455156_Vela_TR1_mom0.fits,https://ws.cadc-ccda.hia-iha.nrc-cnrc.gc.ca/data/pub/WALLABY/WALLABY_J095848-455156_Vela_TR1_mask.fits,bfb96076ed3603ae641c3cdfd48282619b519aa725a7e3488e3b5163c4ad16c4,857605da2fb7455accffbbba273196aca9e26b5dd63baf8260e98e6491331b34,23040,233280
WALLABY J095901-480714,Vela TR1,Vela,21,profile_rejected,negative source annular moment-0 weight; no clipping is allowed,False,,,,39x39,106x39x39,203,6.000000000012,104763.078125,34,https://ws.cadc-ccda.hia-iha.nrc-cnrc.gc.ca/data/pub/WALLABY/WALLABY_J095901-480714_Vela_TR1_mom0.fits,https://ws.cadc-ccda.hia-iha.nrc-cnrc.gc.ca/data/pub/WALLABY/WALLABY_J095901-480714_Vela_TR1_mask.fits,c536cf920461b468e3a1c1bbd625b78d3708283fbee5fde456b6713f4f81ca7c,4c028a3c5791983d162ebd9a4f035ffd88e83f7b59a3391d6ff0ac1bd1a5cdda,20160,172800
WALLABY J095917-440347,Vela TR1,Vela,13,profile_rejected,negative source annular moment-0 weight; no clipping is allowed,False,,,,34x35,67x34x35,158,6.000000000012,40529.04296875,30,https://ws.cadc-ccda.hia-iha.nrc-cnrc.gc.ca/data/pub/WALLABY/WALLABY_J095917-440347_Vela_TR1_mom0.fits,https://ws.cadc-ccda.hia-iha.nrc-cnrc.gc.ca/data/pub/WALLABY/WALLABY_J095917-440347_Vela_TR1_mask.fits,363228fae1b91950ce9b75460c4ff4d935dfbd04a793a293c74bf4ebb4fd8ce9,13500352bc1fa0f3ee4fc1332488622335f812b3e0fe15901a337f02041aa1e4,17280,92160
WALLABY J095936-452856,Vela TR1,Vela,13,profile_rejected,negative source annular moment-0 weight; no clipping is allowed,False,,,,44x45,80x44x45,418,6.000000000012,317173.375,77,https://ws.cadc-ccda.hia-iha.nrc-cnrc.gc.ca/data/pub/WALLABY/WALLABY_J095936-452856_Vela_TR1_mom0.fits,https://ws.cadc-ccda.hia-iha.nrc-cnrc.gc.ca/data/pub/WALLABY/WALLABY_J095936-452856_Vela_TR1_mask.fits,d16e78763c05be304f2c2cfdbc54be2055a5b5b7d1368b993605de87c49aa76c,4f26ef0cc5fdfbe1921611ffdf51f8afb14dd1b4b1e60deae07613a1cea42b02,20160,169920
WALLABY J095955-464721,Vela TR1,Vela,7,pass,,False,11,0.8323529482058506,66.000000000132,35x38,64x35x38,211,6.000000000012,58403.4765625,30,https://ws.cadc-ccda.hia-iha.nrc-cnrc.gc.ca/data/pub/WALLABY/WALLABY_J095955-464721_Vela_TR1_mom0.fits,https://ws.cadc-ccda.hia-iha.nrc-cnrc.gc.ca/data/pub/WALLABY/WALLABY_J095955-464721_Vela_TR1_mask.fits,2e52a106cfff98ced85cb6e65e42b8d560d1a1b19a84d65a6d4015ee3cb3e1e6,ce01f645b9ad3e56b4e14e052bed2ac4090401cf710325e9efe6628b2a0a931a,17280,97920
WALLABY J100001-443326,Vela TR1,Vela,4,profile_rejected,negative source annular moment-0 weight; no clipping is allowed,False,,,,46x39,135x46x39,308,6.000000000012,223007.8125,51,https://ws.cadc-ccda.hia-iha.nrc-cnrc.gc.ca/data/pub/WALLABY/WALLABY_J100001-443326_Vela_TR1_mom0.fits,https://ws.cadc-ccda.hia-iha.nrc-cnrc.gc.ca/data/pub/WALLABY/WALLABY_J100001-443326_Vela_TR1_mask.fits,4deea6edf47844a5268f39abb2ff6cc6e178550278735d2cba1cade7d3220b90,550d113d39acba3cc2a88fca1ab780c2fe0ca48f4cc3cfda60226e3e200a3a89,20160,256320
WALLABY J100029-454401,Vela TR1,Vela,5,profile_rejected,negative source annular moment-0 weight; no clipping is allowed,False,,,,55x43,86x55x43,522,6.000000000012,156238.359375,97,https://ws.cadc-ccda.hia-iha.nrc-cnrc.gc.ca/data/pub/WALLABY/WALLABY_J100029-454401_Vela_TR1_mom0.fits,https://ws.cadc-ccda.hia-iha.nrc-cnrc.gc.ca/data/pub/WALLABY/WALLABY_J100029-454401_Vela_TR1_mask.fits,06b54c78621b712d88faa0afaa1de89476d0a773f2580a4be54cd2db48d79db2,1983d14fc0eafa80b87ac5a378eae8b9d2d06c7e01c645b9eb1b224a28934670,23040,216000
WALLABY J100033-444604,Vela TR1,Vela,15,profile_rejected,negative source annular moment-0 weight; no clipping is allowed,False,,,,39x32,85x39x32,153,6.000000000012,56181.81640625,33,https://ws.cadc-ccda.hia-iha.nrc-cnrc.gc.ca/data/pub/WALLABY/WALLABY_J100033-444604_Vela_TR1_mom0.fits,https://ws.cadc-ccda.hia-iha.nrc-cnrc.gc.ca/data/pub/WALLABY/WALLABY_J100033-444604_Vela_TR1_mask.fits,55afe00d620fc245c8d80ad7bd499f9d7b3b79b83341bf5bf52c0e70dd1e94ab,47067b6b6552aafaa28002bf689ef388af2d9ccc527844b6e5f609f6c52f0c1a,17280,118080
WALLABY J100036-465940,Vela TR1,Vela,3,pass,,False,21,0.739300187422766,126.000000000252,45x52,76x45x52,696,6.000000000012,337459.65625,70,https://ws.cadc-ccda.hia-iha.nrc-cnrc.gc.ca/data/pub/WALLABY/WALLABY_J100036-465940_Vela_TR1_mom0.fits,https://ws.cadc-ccda.hia-iha.nrc-cnrc.gc.ca/data/pub/WALLABY/WALLABY_J100036-465940_Vela_TR1_mask.fits,e0b13a75fb0f8d99f54425734120f1076eb5b6bfb449998a43c2bfdcbb3e23c9,b60fb5ad7150044cebae9740cdc67fd5c6d7d56c5e68a134622e3259518e9b6d,23040,190080
WALLABY J100050-445210,Vela TR1,Vela,15,profile_rejected,negative source annular moment-0 weight; no clipping is allowed,False,,,,37x38,79x37x38,228,6.000000000012,82057.140625,37,https://ws.cadc-ccda.hia-iha.nrc-cnrc.gc.ca/data/pub/WALLABY/WALLABY_J100050-445210_Vela_TR1_mom0.fits,https://ws.cadc-ccda.hia-iha.nrc-cnrc.gc.ca/data/pub/WALLABY/WALLABY_J100050-445210_Vela_TR1_mask.fits,25bff5dfdf4f0992a4d8dbd34e8d996d8d8ddc6056a3a61225abaa1a3858f2f0,79bd095573bb5fe995affa8706e0dad4a5b2c39cfc2353d9ad85913b01602663,17280,123840
WALLABY J100102-481259,Vela TR1,Vela,9,pass,,False,14,0.7243976410168853,84.000000000168,44x37,72x44x37,322,6.000000000012,110236.375,36,https://ws.cadc-ccda.hia-iha.nrc-cnrc.gc.ca/data/pub/WALLABY/WALLABY_J100102-481259_Vela_TR1_mom0.fits,https://ws.cadc-ccda.hia-iha.nrc-cnrc.gc.ca/data/pub/WALLABY/WALLABY_J100102-481259_Vela_TR1_mask.fits,11380f35cc0cd7187f0f481ca630973f6d54c7a34fb6dfcbf046fccedea5d743,5a73604806756608aff48ac6ca77bf4d2b95671eccbc8a0e537cc74e948216f1,20160,129600
WALLABY J100123-434533,Vela TR1,Vela,20,pass,,False,26,0.8707701093260558,156.000000000312,63x61,83x63x61,1264,6.000000000012,793459.5,61,https://ws.cadc-ccda.hia-iha.nrc-cnrc.gc.ca/data/pub/WALLABY/WALLABY_J100123-434533_Vela_TR1_mom0.fits,https://ws.cadc-ccda.hia-iha.nrc-cnrc.gc.ca/data/pub/WALLABY/WALLABY_J100123-434533_Vela_TR1_mask.fits,fbd83942ea295dd60fee689287eb9466b32234b0dd4a43a68b395a20b50b9d17,b69cf0f7e308b63c4dd772d7e07a312a8ea6ef545cb744a5698cb957762a00d9,28800,331200
WALLABY J100143-441338,Vela TR1,Vela,20,profile_rejected,negative source annular moment-0 weight; no clipping is allowed,False,,,,39x45,73x39x45,229,6.000000000012,70832.09375,56,https://ws.cadc-ccda.hia-iha.nrc-cnrc.gc.ca/data/pub/WALLABY/WALLABY_J100143-441338_Vela_TR1_mom0.fits,https://ws.cadc-ccda.hia-iha.nrc-cnrc.gc.ca/data/pub/WALLABY/WALLABY_J100143-441338_Vela_TR1_mask.fits,5fc95264e8c50afc03d4cca6854b106ca84cc5029eafcd01ed9d7f85c41636ec,35c9c85d16dbc7e2ff677f87901bac944a100f4710df54cd3819b27ab9b517ce,20160,141120
WALLABY J100145-471627,Vela TR1,Vela,21,pass,,False,17,0.6701602938838029,102.000000000204,42x42,62x42x42,301,6.000000000012,85981.140625,36,https://ws.cadc-ccda.hia-iha.nrc-cnrc.gc.ca/data/pub/WALLABY/WALLABY_J100145-471627_Vela_TR1_mom0.fits,https://ws.cadc-ccda.hia-iha.nrc-cnrc.gc.ca/data/pub/WALLABY/WALLABY_J100145-471627_Vela_TR1_mask.fits,d289b2e1a62ec719ce68fe9127b31968f67eb8e2f4d0014e3049a7e677d510d9,720f66a4d6f9aac3546e0e5e5ac1ab5fc4aa230d1d6146cf2737effc1032a83b,20160,120960
WALLABY J100151-454502,Vela TR1,Vela,11,profile_rejected,negative source annular moment-0 weight; no clipping is allowed,False,,,,36x36,78x36x36,207,6.000000000012,62077.99609375,43,https://ws.cadc-ccda.hia-iha.nrc-cnrc.gc.ca/data/pub/WALLABY/WALLABY_J100151-454502_Vela_TR1_mom0.fits,https://ws.cadc-ccda.hia-iha.nrc-cnrc.gc.ca/data/pub/WALLABY/WALLABY_J100151-454502_Vela_TR1_mask.fits,e42077b66d5399fba68fe2a9464c19620c329923601c4025da2528da2ae2a4ba,6876b8450b1f5812b3c0f7702f27a01143a99b63ed3076d231c69540aa81b491,17280,115200
WALLABY J100212-445101,Vela TR1,Vela,18,pass,,False,19,0.4226579749841831,114.000000000228,46x40,58x46x40,203,6.000000000012,58599.4375,11,https://ws.cadc-ccda.hia-iha.nrc-cnrc.gc.ca/data/pub/WALLABY/WALLABY_J100212-445101_Vela_TR1_mom0.fits,https://ws.cadc-ccda.hia-iha.nrc-cnrc.gc.ca/data/pub/WALLABY/WALLABY_J100212-445101_Vela_TR1_mask.fits,c98b7ac8f48d3b62c4a0c79c95032a33b354b865cd687dd672b972ed4354a2e4,f8f2bf0754db1edc3615c39f3badfd5c8caaff95cc4f6e22024008df0f95f0f5,20160,120960
WALLABY J100221-454646,Vela TR1,Vela,12,profile_rejected,negative source annular moment-0 weight; no clipping is allowed,False,,,,51x41,91x51x41,476,6.000000000012,255262.53125,107,https://ws.cadc-ccda.hia-iha.nrc-cnrc.gc.ca/data/pub/WALLABY/WALLABY_J100221-454646_Vela_TR1_mom0.fits,https://ws.cadc-ccda.hia-iha.nrc-cnrc.gc.ca/data/pub/WALLABY/WALLABY_J100221-454646_Vela_TR1_mask.fits,ea23ca8cb2316bdb950a0372211154d0572bb810282bf18d3cdbf3d56dc5c64b,74b7b77ae953ea6729c8815b45e727cfbf442b1bc3fce3432402f642cc23948d,20160,204480
WALLABY J100229-433859,Vela TR1,Vela,11,profile_rejected,negative source annular moment-0 weight; no clipping is allowed,False,,,,42x53,96x42x53,475,6.000000000012,241991.609375,89,https://ws.cadc-ccda.hia-iha.nrc-cnrc.gc.ca/data/pub/WALLABY/WALLABY_J100229-433859_Vela_TR1_mom0.fits,https://ws.cadc-ccda.hia-iha.nrc-cnrc.gc.ca/data/pub/WALLABY/WALLABY_J100229-433859_Vela_TR1_mask.fits,f84baacb03d70f5159a5669f3b3ed11b6480839c9b068c98dc365e1009333182,60ef7d0b539cf2fceebe38f1c1e241ebeafc9b81f85d8cfa5c757df3f80d5862,23040,227520
WALLABY J100239-452950,Vela TR1,Vela,5,profile_rejected,negative source annular moment-0 weight; no clipping is allowed,False,,,,53x50,113x53x50,766,6.000000000012,826657.6875,135,https://ws.cadc-ccda.hia-iha.nrc-cnrc.gc.ca/data/pub/WALLABY/WALLABY_J100239-452950_Vela_TR1_mom0.fits,https://ws.cadc-ccda.hia-iha.nrc-cnrc.gc.ca/data/pub/WALLABY/WALLABY_J100239-452950_Vela_TR1_mask.fits,50c398ec8705a26872eea1c2b4eddf17f39e55ebbc45fc89654487a61af73279,125ee68d9e4f154430380e2ce34538b448b6930ca39b39e7eeb51b66dc9c968d,23040,311040
WALLABY J100246-465217,Vela TR1,Vela,20,profile_rejected,negative source annular moment-0 weight; no clipping is allowed,False,,,,42x37,132x42x37,267,6.000000000012,114270.2265625,26,https://ws.cadc-ccda.hia-iha.nrc-cnrc.gc.ca/data/pub/WALLABY/WALLABY_J100246-465217_Vela_TR1_mom0.fits,https://ws.cadc-ccda.hia-iha.nrc-cnrc.gc.ca/data/pub/WALLABY/WALLABY_J100246-465217_Vela_TR1_mask.fits,e39ace42494092e367adaf6d7c0b896731280b17b2dce36753932cd6b50e2462,695b8b6ee0c9d1c0288e548fb4c833a5eea905002615e5606dadd50c3d4c9ede,20160,218880
WALLABY J100259-472937,Vela TR1,Vela,3,profile_rejected,negative source annular moment-0 weight; no clipping is allowed,False,,,,37x39,70x37x39,207,6.000000000012,40891.47265625,45,https://ws.cadc-ccda.hia-iha.nrc-cnrc.gc.ca/data/pub/WALLABY/WALLABY_J100259-472937_Vela_TR1_mom0.fits,https://ws.cadc-ccda.hia-iha.nrc-cnrc.gc.ca/data/pub/WALLABY/WALLABY_J100259-472937_Vela_TR1_mask.fits,37fec8ea16940db47888a1c9ea3d63c6aff625d70f557d3c5c76d166412440e5,cd72b90b165bc23d7c5186895add3ef52b46ad1af7b464dfaf56e0d92006591c,20160,115200
WALLABY J100307-453140,Vela TR1,Vela,13,pass,,False,12,0.6626914357987886,72.000000000144,39x33,113x39x33,183,6.000000000012,72851.265625,30,https://ws.cadc-ccda.hia-iha.nrc-cnrc.gc.ca/data/pub/WALLABY/WALLABY_J100307-453140_Vela_TR1_mom0.fits,https://ws.cadc-ccda.hia-iha.nrc-cnrc.gc.ca/data/pub/WALLABY/WALLABY_J100307-453140_Vela_TR1_mask.fits,67c95028c33fa67cdac7b0ccd1078f457ae2a8a120385e00ac6554e400811ac0,3ee77811a1b07148d628bd2bf632fe9a6d454226740364cabcf3b59452709d5a,17280,158400
WALLABY J100311-424909,Vela TR1,Vela,3,profile_rejected,negative source annular moment-0 weight; no clipping is allowed,False,,,,41x47,81x41x47,436,6.000000000012,504069.0625,46,https://ws.cadc-ccda.hia-iha.nrc-cnrc.gc.ca/data/pub/WALLABY/WALLABY_J100311-424909_Vela_TR1_mom0.fits,https://ws.cadc-ccda.hia-iha.nrc-cnrc.gc.ca/data/pub/WALLABY/WALLABY_J100311-424909_Vela_TR1_mask.fits,f50a8107b1d033c775fa6ff4107c501d7a6c56877bbd19ca62c910d0729e47b4,856cf4174a69c975e5ddbac32302d2c1dfeb3b3f02e2675643b681d6703bbca7,20160,169920
WALLABY J100317-440128,Vela TR1,Vela,6,pass,,False,9,0.9272480105794434,54.000000000108,36x32,78x36x32,146,6.000000000012,75314.421875,25,https://ws.cadc-ccda.hia-iha.nrc-cnrc.gc.ca/data/pub/WALLABY/WALLABY_J100317-440128_Vela_TR1_mom0.fits,https://ws.cadc-ccda.hia-iha.nrc-cnrc.gc.ca/data/pub/WALLABY/WALLABY_J100317-440128_Vela_TR1_mask.fits,5c57a7048771d39ce9bd52ce79c2ed867ed9a20d2dc126c9d4666f45337d5955,d51aee84f84e8cce58104d44220624377a4ef4c43edc2c46d6a297524a322a04,17280,103680
WALLABY J100319-443142,Vela TR1,Vela,0,pass,,False,13,0.8697525209115426,78.000000000156,43x43,68x43x43,350,6.000000000012,183611.875,56,https://ws.cadc-ccda.hia-iha.nrc-cnrc.gc.ca/data/pub/WALLABY/WALLABY_J100319-443142_Vela_TR1_mom0.fits,https://ws.cadc-ccda.hia-iha.nrc-cnrc.gc.ca/data/pub/WALLABY/WALLABY_J100319-443142_Vela_TR1_mask.fits,bb0f7264d650386f661763f98d3831abd10abaa646cb8b6231e1da7804d390c6,7473d72ee9dc37bd72002b90cbb79fda218ab9c4b97af74c291976aa9a19fa74,20160,138240
WALLABY J100352-443211,Vela TR1,Vela,1,pass,,False,16,0.7569886603473567,96.000000000192,42x46,109x42x46,399,6.000000000012,230072.296875,73,https://ws.cadc-ccda.hia-iha.nrc-cnrc.gc.ca/data/pub/WALLABY/WALLABY_J100352-443211_Vela_TR1_mom0.fits,https://ws.cadc-ccda.hia-iha.nrc-cnrc.gc.ca/data/pub/WALLABY/WALLABY_J100352-443211_Vela_TR1_mask.fits,ddc8cc228ba60f183febedc11b38735256f7aa2647d25cb9743538ccb413c52a,77cb2475153f2db141f4cb230f6b1d1a3061b9dd37a43a758ea90bb8e7310233,20160,224640
WALLABY J100415-445304,Vela TR1,Vela,10,pass,,False,12,0.7409422682523482,72.000000000144,39x37,72x39x37,222,6.000000000012,57418.09375,29,https://ws.cadc-ccda.hia-iha.nrc-cnrc.gc.ca/data/pub/WALLABY/WALLABY_J100415-445304_Vela_TR1_mom0.fits,https://ws.cadc-ccda.hia-iha.nrc-cnrc.gc.ca/data/pub/WALLABY/WALLABY_J100415-445304_Vela_TR1_mask.fits,f062126b260aa98af24052f20d930abc7fff65f4a0477528d0afa60a171d1a7e,f1de1348fb20fc38344c46f702af301c7b28827ba59185db7feca3984880d525,20160,118080
WALLABY J100421-442527,Vela TR1,Vela,23,pass,,False,31,0.739686056745117,186.000000000372,58x55,95x58x55,823,6.000000000012,379430.25,92,https://ws.cadc-ccda.hia-iha.nrc-cnrc.gc.ca/data/pub/WALLABY/WALLABY_J100421-442527_Vela_TR1_mom0.fits,https://ws.cadc-ccda.hia-iha.nrc-cnrc.gc.ca/data/pub/WALLABY/WALLABY_J100421-442527_Vela_TR1_mask.fits,05010ada518cfb7ee91542239f1059a59c2c2f6b272360ac8f007b87c6ffda09,4297c2a21c341f784759d360a1455b85d2d96f01b36191f0bff8f0e94e3fd732,25920,316800
WALLABY J100425-444951,Vela TR1,Vela,13,pass,,False,12,0.6811878121762909,72.000000000144,36x37,87x36x37,212,6.000000000012,108459.15625,4,https://ws.cadc-ccda.hia-iha.nrc-cnrc.gc.ca/data/pub/WALLABY/WALLABY_J100425-444951_Vela_TR1_mom0.fits,https://ws.cadc-ccda.hia-iha.nrc-cnrc.gc.ca/data/pub/WALLABY/WALLABY_J100425-444951_Vela_TR1_mask.fits,fa8eedf90ef323a00acdab973e894f7d70862301d89197cf13420a9c5ad6f827,6ab2632d6614d6eec387343081d68d7756e0af261ccd43f998559ca4cb462a1f,17280,129600
WALLABY J100426-455138,Vela TR1,Vela,1,pass,,False,12,0.7275489594990838,72.000000000144,40x40,124x40x40,253,6.000000000012,121639.09375,22,https://ws.cadc-ccda.hia-iha.nrc-cnrc.gc.ca/data/pub/WALLABY/WALLABY_J100426-455138_Vela_TR1_mom0.fits,https://ws.cadc-ccda.hia-iha.nrc-cnrc.gc.ca/data/pub/WALLABY/WALLABY_J100426-455138_Vela_TR1_mask.fits,dc3da80daaeb38c5f76fd455203244e9553afe61e634e28ea08f3f2bdb36b3fb,6d576dba1aa6a1951db2896ca0fc3ccc12a765c6c8844048d2b0cac6ef0073b2,20160,210240
WALLABY J100437-490338,Vela TR1,Vela,11,profile_rejected,negative source annular moment-0 weight; no clipping is allowed,False,,,,52x38,82x52x38,396,6.000000000012,444025.0625,56,https://ws.cadc-ccda.hia-iha.nrc-cnrc.gc.ca/data/pub/WALLABY/WALLABY_J100437-490338_Vela_TR1_mom0.fits,https://ws.cadc-ccda.hia-iha.nrc-cnrc.gc.ca/data/pub/WALLABY/WALLABY_J100437-490338_Vela_TR1_mask.fits,31083dcbfd3b1600c98fe4cd7ab153f560b60eb2cfe0737c760b2b1cce109486,569b0be7a825a82e88d2f3933308d351569a7c54e46f2b323646419524249be7,20160,175680
WALLABY J100442-444506,Vela TR1,Vela,4,profile_rejected,negative source annular moment-0 weight; no clipping is allowed,False,,,,35x34,70x35x34,151,6.000000000012,43875.6953125,13,https://ws.cadc-ccda.hia-iha.nrc-cnrc.gc.ca/data/pub/WALLABY/WALLABY_J100442-444506_Vela_TR1_mom0.fits,https://ws.cadc-ccda.hia-iha.nrc-cnrc.gc.ca/data/pub/WALLABY/WALLABY_J100442-444506_Vela_TR1_mask.fits,72eecf07970035818ae20038cfc6d9c846f7a57aa34363ade0e98ca93383d015,5f491af5831ccab376fd3dc0f58dbb31b717bc282eb40eddce099b63dc087c48,17280,95040
WALLABY J100444-443016,Vela TR1,Vela,1,pass,,False,11,0.5543374164756185,66.000000000132,34x30,49x34x30,104,6.000000000012,20025.58984375,15,https://ws.cadc-ccda.hia-iha.nrc-cnrc.gc.ca/data/pub/WALLABY/WALLABY_J100444-443016_Vela_TR1_mom0.fits,https://ws.cadc-ccda.hia-iha.nrc-cnrc.gc.ca/data/pub/WALLABY/WALLABY_J100444-443016_Vela_TR1_mask.fits,c314150d0a9da0cc01fc634bd3f17739ec1625eccc7d437567881503756496b4,809330a96cd05ef67345aa5be864f8d95308012c03db9261c5b4da47d9682f8d,17280,63360
WALLABY J100447-484422,Vela TR1,Vela,8,profile_rejected,negative source annular moment-0 weight; no clipping is allowed,False,,,,34x36,82x34x36,172,6.000000000012,150229.0,27,https://ws.cadc-ccda.hia-iha.nrc-cnrc.gc.ca/data/pub/WALLABY/WALLABY_J100447-484422_Vela_TR1_mom0.fits,https://ws.cadc-ccda.hia-iha.nrc-cnrc.gc.ca/data/pub/WALLABY/WALLABY_J100447-484422_Vela_TR1_mask.fits,112addaf3188f0de10e912cf6f96460a20ca5bef20d9c5eb01c72c6a6f80ae4a,29533b75192d0111d5e5d8be90d33f56a286d8a2719cc9592d9b60398f58993e,17280,112320
WALLABY J100451-435701,Vela TR1,Vela,6,pass,,False,10,0.8232773001493253,60.000000000120004,37x37,91x37x37,209,6.000000000012,81434.515625,32,https://ws.cadc-ccda.hia-iha.nrc-cnrc.gc.ca/data/pub/WALLABY/WALLABY_J100451-435701_Vela_TR1_mom0.fits,https://ws.cadc-ccda.hia-iha.nrc-cnrc.gc.ca/data/pub/WALLABY/WALLABY_J100451-435701_Vela_TR1_mask.fits,0796cabac6bbdd1a764992bc5e7931ca2d2a559294d61dcb41b284aabdd2523b,f21a7d686138c256cfdb6daa35a0b0e877079bf6b485ddadbf8e106cfa83b1ec,17280,138240
WALLABY J100452-452932,Vela TR1,Vela,1,profile_rejected,negative source annular moment-0 weight; no clipping is allowed,False,,,,44x34,113x44x34,204,6.000000000012,57202.625,52,https://ws.cadc-ccda.hia-iha.nrc-cnrc.gc.ca/data/pub/WALLABY/WALLABY_J100452-452932_Vela_TR1_mom0.fits,https://ws.cadc-ccda.hia-iha.nrc-cnrc.gc.ca/data/pub/WALLABY/WALLABY_J100452-452932_Vela_TR1_mask.fits,2c154ae7ca50d33e1b253f752d50acc7ee8cd7ed53a7961097cff0dc1137c7d3,1d61a4d0e7eea9af0f01dcf89250cd6f813b53bf307da4f7ffa37829aa05650b,20160,181440
WALLABY J100456-445724,Vela TR1,Vela,19,profile_rejected,negative source annular moment-0 weight; no clipping is allowed,False,,,,47x38,113x47x38,339,6.000000000012,124754.0,60,https://ws.cadc-ccda.hia-iha.nrc-cnrc.gc.ca/data/pub/WALLABY/WALLABY_J100456-445724_Vela_TR1_mom0.fits,https://ws.cadc-ccda.hia-iha.nrc-cnrc.gc.ca/data/pub/WALLABY/WALLABY_J100456-445724_Vela_TR1_mask.fits,24d1b1e5334c31720b9e9c312accef73067bb8fe8ba773e994da16fd20d59f83,dd0a87c198a09084898b673fc6a8a6380fe5774c38de61dd6e1efb4c93c95113,20160,216000
WALLABY J100508-445144,Vela TR1,Vela,10,pass,,False,13,0.7697233320536229,78.000000000156,39x36,60x39x36,251,6.000000000012,103044.546875,36,https://ws.cadc-ccda.hia-iha.nrc-cnrc.gc.ca/data/pub/WALLABY/WALLABY_J100508-445144_Vela_TR1_mom0.fits,https://ws.cadc-ccda.hia-iha.nrc-cnrc.gc.ca/data/pub/WALLABY/WALLABY_J100508-445144_Vela_TR1_mask.fits,12f4078c6052e5567a8f6e3cabebcfd9f36e606a5a49a27f452e8c129fff62e0,d848b94d33c62fa095b8ca4e6a938711817781b9e8889fb8d69b1f84aec4157a,17280,97920
WALLABY J100509-444852,Vela TR1,Vela,19,pass,,False,16,0.8124348784730441,96.000000000192,47x45,75x47x45,501,6.000000000012,382419.78125,52,https://ws.cadc-ccda.hia-iha.nrc-cnrc.gc.ca/data/pub/WALLABY/WALLABY_J100509-444852_Vela_TR1_mom0.fits,https://ws.cadc-ccda.hia-iha.nrc-cnrc.gc.ca/data/pub/WALLABY/WALLABY_J100509-444852_Vela_TR1_mask.fits,5cf74032773a88b874de7b6d6a040a99b994f818414a02a4998a7b4408ad04e1,b21b24c0af8b9175e8d10adc3097e2a4d5725b79b5d069588ef382b96988c5fe,20160,172800
WALLABY J100535-465131,Vela TR1,Vela,11,pass,,False,11,0.699666242927015,66.000000000132,36x36,63x36x36,196,6.000000000012,53293.234375,12,https://ws.cadc-ccda.hia-iha.nrc-cnrc.gc.ca/data/pub/WALLABY/WALLABY_J100535-465131_Vela_TR1_mom0.fits,https://ws.cadc-ccda.hia-iha.nrc-cnrc.gc.ca/data/pub/WALLABY/WALLABY_J100535-465131_Vela_TR1_mask.fits,84600c6457b21b1ee802b977aa0ea41ff89be84abf95d10bf21d3ba17fbfc6ab,f5d917b1c118c3167a4027641514f58d7a3f8847fefca0a96d5fab02c21b1871,17280,95040
WALLABY J100540-455426,Vela TR1,Vela,5,pass,,False,14,0.6331532729983723,84.000000000168,35x40,100x35x40,188,6.000000000012,61982.515625,22,https://ws.cadc-ccda.hia-iha.nrc-cnrc.gc.ca/data/pub/WALLABY/WALLABY_J100540-455426_Vela_TR1_mom0.fits,https://ws.cadc-ccda.hia-iha.nrc-cnrc.gc.ca/data/pub/WALLABY/WALLABY_J100540-455426_Vela_TR1_mask.fits,b13f5a2ac4f67c65e1fa9564183548f42d8e2b229ea75fec990716792dbe99f5,f9c134454f6b624ef49ab188b1fe9c472e2a4a736c676fdfda3ba1db281221fb,17280,152640
WALLABY J100541-471231,Vela TR1,Vela,9,profile_rejected,negative source annular moment-0 weight; no clipping is allowed,False,,,,36x37,116x36x37,202,6.000000000012,84070.453125,33,https://ws.cadc-ccda.hia-iha.nrc-cnrc.gc.ca/data/pub/WALLABY/WALLABY_J100541-471231_Vela_TR1_mom0.fits,https://ws.cadc-ccda.hia-iha.nrc-cnrc.gc.ca/data/pub/WALLABY/WALLABY_J100541-471231_Vela_TR1_mask.fits,5dd729fe24f710db12d3afd6d7c62a258a78ef1a1940fde6a0a4945ab8eb553d,216df6406f9991129c6722438c8d2b110e210e1dff568c2dd0636e98786f6c79,17280,167040
WALLABY J100542-442711,Vela TR1,Vela,12,pass,,False,15,0.7268440570704086,90.00000000018001,40x47,74x40x47,376,6.000000000012,183212.59375,49,https://ws.cadc-ccda.hia-iha.nrc-cnrc.gc.ca/data/pub/WALLABY/WALLABY_J100542-442711_Vela_TR1_mom0.fits,https://ws.cadc-ccda.hia-iha.nrc-cnrc.gc.ca/data/pub/WALLABY/WALLABY_J100542-442711_Vela_TR1_mask.fits,5566e9b1ef53f6acc7e26dde52ac998f921ecb7277865605b8f86e78507f5e41,b2bdd3838eb2413cd27ce80e34a6ee3341e278fe11430020d8cf1de931f8cdd8,20160,152640
WALLABY J100542-480241,Vela TR1,Vela,9,profile_rejected,negative source annular moment-0 weight; no clipping is allowed,False,,,,65x43,104x65x43,694,6.000000000012,427040.71875,142,https://ws.cadc-ccda.hia-iha.nrc-cnrc.gc.ca/data/pub/WALLABY/WALLABY_J100542-480241_Vela_TR1_mom0.fits,https://ws.cadc-ccda.hia-iha.nrc-cnrc.gc.ca/data/pub/WALLABY/WALLABY_J100542-480241_Vela_TR1_mask.fits,26259bce7623cad3a715f67e447c3ca9ee6a11ada49af5beca59bd0649f02e59,81ad7172b9decd392dc047a1d472e4cb674f02f340ee9ca683d6ea635b726de6,23040,302400
WALLABY J100550-433754,Vela TR1,Vela,20,pass,,False,15,0.8382147672693537,90.00000000018001,45x40,81x45x40,359,6.000000000012,188555.375,51,https://ws.cadc-ccda.hia-iha.nrc-cnrc.gc.ca/data/pub/WALLABY/WALLABY_J100550-433754_Vela_TR1_mom0.fits,https://ws.cadc-ccda.hia-iha.nrc-cnrc.gc.ca/data/pub/WALLABY/WALLABY_J100550-433754_Vela_TR1_mask.fits,225969ecdfd86f83a87595702d1c141f6c2b4b0cc478c640defe0d3d28589791,33977361b8d94947ee77b7484060439c281a6af6d6a257c2fd80b2abb5a874cf,20160,158400
WALLABY J100550-441338,Vela TR1,Vela,22,profile_rejected,negative source annular moment-0 weight; no clipping is allowed,False,,,,84x84,150x84x84,2269,6.000000000012,1842737.75,402,https://ws.cadc-ccda.hia-iha.nrc-cnrc.gc.ca/data/pub/WALLABY/WALLABY_J100550-441338_Vela_TR1_mom0.fits,https://ws.cadc-ccda.hia-iha.nrc-cnrc.gc.ca/data/pub/WALLABY/WALLABY_J100550-441338_Vela_TR1_mask.fits,dc1b50bceb0cde4fb8110694a455a6ffe17e4edf3b91df602c4223527e00c454,f824a00501e23ec3446fe5ee2f4b17a685945d2f0e540d845585f7f85a63ce82,40320,1071360
WALLABY J100552-450111,Vela TR1,Vela,8,pass,,False,17,0.8782228243799168,102.000000000204,42x39,87x42x39,247,6.000000000012,85553.203125,18,https://ws.cadc-ccda.hia-iha.nrc-cnrc.gc.ca/data/pub/WALLABY/WALLABY_J100552-450111_Vela_TR1_mom0.fits,https://ws.cadc-ccda.hia-iha.nrc-cnrc.gc.ca/data/pub/WALLABY/WALLABY_J100552-450111_Vela_TR1_mask.fits,d6b4eaa05502363a7289e4a21478155d88f0b2ee704e5adc20338b10e3625e14,352578dd1182460d7b5bbf57aa801abf89e9487c71aca791fc7139e7567b5cdb,20160,155520
WALLABY J100610-464716,Vela TR1,Vela,2,profile_rejected,negative source annular moment-0 weight; no clipping is allowed,False,,,,40x38,103x40x38,272,6.000000000012,116279.0625,55,https://ws.cadc-ccda.hia-iha.nrc-cnrc.gc.ca/data/pub/WALLABY/WALLABY_J100610-464716_Vela_TR1_mom0.fits,https://ws.cadc-ccda.hia-iha.nrc-cnrc.gc.ca/data/pub/WALLABY/WALLABY_J100610-464716_Vela_TR1_mask.fits,98d25976c8d66846c8e5555fec6f9c7f52222a89bcb13f42686c89b721af0755,2b84d1d5eabc5e2f82089368f2958b252a41fb72e6c27261af4475095d1a8243,20160,169920
WALLABY J100619-442643,Vela TR1,Vela,4,pass,,False,21,0.41502492173851396,126.000000000252,39x48,105x39x48,308,6.000000000012,113689.515625,30,https://ws.cadc-ccda.hia-iha.nrc-cnrc.gc.ca/data/pub/WALLABY/WALLABY_J100619-442643_Vela_TR1_mom0.fits,https://ws.cadc-ccda.hia-iha.nrc-cnrc.gc.ca/data/pub/WALLABY/WALLABY_J100619-442643_Vela_TR1_mask.fits,c75b68444b8315d274731e4365c8305580baeba184520577ff04f9dfe281f158,f0e5a5dc876e3a1fb4f98bb8efa6ecacadfd0f2527b3b8f0a901b09468faea50,20160,210240
WALLABY J100629-462816,Vela TR1,Vela,10,pass,,False,13,0.6982320978269816,78.000000000156,37x41,95x37x41,253,6.000000000012,90883.9140625,23,https://ws.cadc-ccda.hia-iha.nrc-cnrc.gc.ca/data/pub/WALLABY/WALLABY_J100629-462816_Vela_TR1_mom0.fits,https://ws.cadc-ccda.hia-iha.nrc-cnrc.gc.ca/data/pub/WALLABY/WALLABY_J100629-462816_Vela_TR1_mask.fits,acb2fb23213935fdce35abaf57fcd10bd5c1730dec2f5942b6e44d1754e3172c,587387623bc668719073a8dadf5a51e207182973fdfe89c1a2b0fa73dad24f34,20160,158400
WALLABY J100633-442552,Vela TR1,Vela,14,pass,,False,11,0.6866291567488411,66.000000000132,36x32,61x36x32,128,6.000000000012,28933.5078125,15,https://ws.cadc-ccda.hia-iha.nrc-cnrc.gc.ca/data/pub/WALLABY/WALLABY_J100633-442552_Vela_TR1_mom0.fits,https://ws.cadc-ccda.hia-iha.nrc-cnrc.gc.ca/data/pub/WALLABY/WALLABY_J100633-442552_Vela_TR1_mask.fits,3ea04fb54c8a7885be4297511c87f6bf4f2919e84b8116054816bff9abfc6e5d,f88f72841ae5d212f08edd91fe02bbfd4adc205e8a8a33676a65ba812190fb8d,17280,83520
WALLABY J100645-474147,Vela TR1,Vela,1,pass,,False,20,0.7203605463649263,120.00000000024001,54x50,116x54x50,675,6.000000000012,345055.1875,68,https://ws.cadc-ccda.hia-iha.nrc-cnrc.gc.ca/data/pub/WALLABY/WALLABY_J100645-474147_Vela_TR1_mom0.fits,https://ws.cadc-ccda.hia-iha.nrc-cnrc.gc.ca/data/pub/WALLABY/WALLABY_J100645-474147_Vela_TR1_mask.fits,875e98600284b1a2a2d9680a5f69d68d5edd54799836e2ea9ac3e49f75cfb3ee,6eb7856d96edca4bc5bb3473ad0266ea4c909dde9c303b6207e6d314f7697edb,23040,325440
WALLABY J100647-473156,Vela TR1,Vela,4,pass,,False,9,0.7738250439725239,54.000000000108,35x32,74x35x32,137,6.000000000012,52294.078125,11,https://ws.cadc-ccda.hia-iha.nrc-cnrc.gc.ca/data/pub/WALLABY/WALLABY_J100647-473156_Vela_TR1_mom0.fits,https://ws.cadc-ccda.hia-iha.nrc-cnrc.gc.ca/data/pub/WALLABY/WALLABY_J100647-473156_Vela_TR1_mask.fits,717b5660d1e46ffe60fc9263cd8e327ed86f887ebe604969856230bc12bb5763,a1f7ac1e875c8584f4e90f4362ee1ab1c8d3eb758e24cb649a76062a8b5851c5,17280,95040
WALLABY J100650-464555,Vela TR1,Vela,21,profile_rejected,source radial support contains fewer than 8 pixel-scale annuli,False,,,,31x31,47x31x31,95,6.000000000012,23715.40625,7,https://ws.cadc-ccda.hia-iha.nrc-cnrc.gc.ca/data/pub/WALLABY/WALLABY_J100650-464555_Vela_TR1_mom0.fits,https://ws.cadc-ccda.hia-iha.nrc-cnrc.gc.ca/data/pub/WALLABY/WALLABY_J100650-464555_Vela_TR1_mask.fits,63105114e81c562080286dfe52cbe8a5364fc576845e2033bda4a297609829d0,4797dd91ab32137da5828d830407fe1c91038da95d02ac2380515b80195d7508,17280,57600
WALLABY J100656-450242,Vela TR1,Vela,12,pass,,False,31,0.5409546288776231,186.000000000372,52x61,144x52x61,933,6.000000000012,1362545.75,132,https://ws.cadc-ccda.hia-iha.nrc-cnrc.gc.ca/data/pub/WALLABY/WALLABY_J100656-450242_Vela_TR1_mom0.fits,https://ws.cadc-ccda.hia-iha.nrc-cnrc.gc.ca/data/pub/WALLABY/WALLABY_J100656-450242_Vela_TR1_mask.fits,caf42ff7e207d9f9330ca2d688186339d1fce9ff752def8e25e305990674673b,5daad84dc79fa77142fc18aad86f30d9187278e40778fffec44287a3d56af12b,25920,469440
WALLABY J100700-430434,Vela TR1,Vela,6,profile_rejected,negative source annular moment-0 weight; no clipping is allowed,False,,,,41x44,191x41x44,323,6.000000000012,438176.03125,50,https://ws.cadc-ccda.hia-iha.nrc-cnrc.gc.ca/data/pub/WALLABY/WALLABY_J100700-430434_Vela_TR1_mom0.fits,https://ws.cadc-ccda.hia-iha.nrc-cnrc.gc.ca/data/pub/WALLABY/WALLABY_J100700-430434_Vela_TR1_mask.fits,3e1862ab22df7441befb373e25bea7d705b2533891fb33b3b06f3f8affef2112,807577ba305461a578b34f7a47906af1f18221bbdc4939f48cbbd7d970c5e95e,20160,357120
WALLABY J100707-460954,Vela TR1,Vela,13,profile_rejected,negative source annular moment-0 weight; no clipping is allowed,False,,,,39x37,60x39x37,233,6.000000000012,58851.94921875,40,https://ws.cadc-ccda.hia-iha.nrc-cnrc.gc.ca/data/pub/WALLABY/WALLABY_J100707-460954_Vela_TR1_mom0.fits,https://ws.cadc-ccda.hia-iha.nrc-cnrc.gc.ca/data/pub/WALLABY/WALLABY_J100707-460954_Vela_TR1_mask.fits,edefc37eb4794de0464c9d1d031810e17eaa5d1549bf38f1418fac7cde099efe,39e332d78852fb5c41e08f0464da1d4d9ab11a835a9b31d4c6ffe8875a04cc5a,20160,100800
WALLABY J100713-445637,Vela TR1,Vela,10,profile_rejected,negative source annular moment-0 weight; no clipping is allowed,False,,,,40x38,92x40x38,259,6.000000000012,156650.5,49,https://ws.cadc-ccda.hia-iha.nrc-cnrc.gc.ca/data/pub/WALLABY/WALLABY_J100713-445637_Vela_TR1_mom0.fits,https://ws.cadc-ccda.hia-iha.nrc-cnrc.gc.ca/data/pub/WALLABY/WALLABY_J100713-445637_Vela_TR1_mask.fits,ef90d68c2429217ed6c75e1a4541e96a74bd0dd6024b86283203426a2bdb7718,530c065c638f1d1078ce86775971159996348c6d9a4e29962fd15afa33dfbfbb,20160,152640
WALLABY J100732-471911,Vela TR1,Vela,8,profile_rejected,negative source annular moment-0 weight; no clipping is allowed,False,,,,39x37,71x39x37,252,6.000000000012,104628.2421875,40,https://ws.cadc-ccda.hia-iha.nrc-cnrc.gc.ca/data/pub/WALLABY/WALLABY_J100732-471911_Vela_TR1_mom0.fits,https://ws.cadc-ccda.hia-iha.nrc-cnrc.gc.ca/data/pub/WALLABY/WALLABY_J100732-471911_Vela_TR1_mask.fits,66f55e03328c107a2074bd720f919555958b8820426c192272970a904222f02b,12d9ce8a7447b1be7d16830f297ab22b3e37ef08625ec8b1aeee10d58b3262f2,20160,115200
WALLABY J100733-460851,Vela TR1,Vela,22,pass,,False,22,0.44778610953921705,132.000000000264,52x38,137x52x38,369,6.000000000012,132449.125,48,https://ws.cadc-ccda.hia-iha.nrc-cnrc.gc.ca/data/pub/WALLABY/WALLABY_J100733-460851_Vela_TR1_mom0.fits,https://ws.cadc-ccda.hia-iha.nrc-cnrc.gc.ca/data/pub/WALLABY/WALLABY_J100733-460851_Vela_TR1_mask.fits,a377183d0557f3852f5ef6251aeedafb03b4563f08aaf82936bba0bd57fdc7f9,8f5a5bc0780e2c1f1e3e3eb25f2ea98e155128ee0ebd885eaea7be6c72652479,20160,282240
WALLABY J100739-471949,Vela TR1,Vela,18,profile_rejected,negative source annular moment-0 weight; no clipping is allowed,False,,,,39x40,114x39x40,275,6.000000000012,131858.53125,65,https://ws.cadc-ccda.hia-iha.nrc-cnrc.gc.ca/data/pub/WALLABY/WALLABY_J100739-471949_Vela_TR1_mom0.fits,https://ws.cadc-ccda.hia-iha.nrc-cnrc.gc.ca/data/pub/WALLABY/WALLABY_J100739-471949_Vela_TR1_mask.fits,68c9d2857c9e9dc8a290b0a46dbe6e496d116927a84ca230b4bd95fb76eb17ec,5f7dc2472149de1f5a7adbe519f13106a30f5574525bf5660807a951f5f8757a,20160,190080
WALLABY J100745-432954,Vela TR1,Vela,5,pass,,False,22,0.5939732738841196,132.000000000264,51x44,91x51x44,524,6.000000000012,402550.9375,80,https://ws.cadc-ccda.hia-iha.nrc-cnrc.gc.ca/data/pub/WALLABY/WALLABY_J100745-432954_Vela_TR1_mom0.fits,https://ws.cadc-ccda.hia-iha.nrc-cnrc.gc.ca/data/pub/WALLABY/WALLABY_J100745-432954_Vela_TR1_mask.fits,0a06e5a42a86662a1925d3228425948a000bf3b6b84590dba5bccde88d12785e,39ad51cf28b27457a0708a331e2cb35d5dd1720cbd1b5767c7b9c67b4369a451,23040,216000
WALLABY J100745-462101,Vela TR1,Vela,11,profile_rejected,negative source annular moment-0 weight; no clipping is allowed,False,,,,35x35,59x35x35,174,6.000000000012,43653.6328125,30,https://ws.cadc-ccda.hia-iha.nrc-cnrc.gc.ca/data/pub/WALLABY/WALLABY_J100745-462101_Vela_TR1_mom0.fits,https://ws.cadc-ccda.hia-iha.nrc-cnrc.gc.ca/data/pub/WALLABY/WALLABY_J100745-462101_Vela_TR1_mask.fits,acceacd87b0a8a405f12b9b1682c51583cd0e162dffa3d01e282e675838fed28,51684c69d3059c07d773e01ce7813b479a99cb5816d3c13db613cd6e2c0df869,17280,86400
WALLABY J100748-430145,Vela TR1,Vela,6,pass,,False,18,0.7297789213833393,108.000000000216,49x41,71x49x41,446,6.000000000012,318062.0625,27,https://ws.cadc-ccda.hia-iha.nrc-cnrc.gc.ca/data/pub/WALLABY/WALLABY_J100748-430145_Vela_TR1_mom0.fits,https://ws.cadc-ccda.hia-iha.nrc-cnrc.gc.ca/data/pub/WALLABY/WALLABY_J100748-430145_Vela_TR1_mask.fits,7f084d85cb022740d0ee23c85b2127047604f354b41a0916d53f1039c27c2699,d9738be74e46e722a0c73c505d058c71666d1f7c4af2ebb81db8b423c40dc716,20160,155520
WALLABY J100801-473847,Vela TR1,Vela,20,profile_rejected,negative source annular moment-0 weight; no clipping is allowed,False,,,,51x47,90x51x47,497,6.000000000012,391833.21875,84,https://ws.cadc-ccda.hia-iha.nrc-cnrc.gc.ca/data/pub/WALLABY/WALLABY_J100801-473847_Vela_TR1_mom0.fits,https://ws.cadc-ccda.hia-iha.nrc-cnrc.gc.ca/data/pub/WALLABY/WALLABY_J100801-473847_Vela_TR1_mask.fits,8a65eb44d35dc3e90b8ca78cddd78154257623f4e22e773e85b1a277a32d9e38,cad5f3dc7cf6fa7f7c36a10d36426c6b1414d9c5e3b5f0a34af437a915a3b1ec,23040,227520
WALLABY J100803-425316,Vela TR1,Vela,2,pass,,False,9,0.7936573383367556,54.000000000108,34x33,47x34x33,135,6.000000000012,69439.203125,12,https://ws.cadc-ccda.hia-iha.nrc-cnrc.gc.ca/data/pub/WALLABY/WALLABY_J100803-425316_Vela_TR1_mom0.fits,https://ws.cadc-ccda.hia-iha.nrc-cnrc.gc.ca/data/pub/WALLABY/WALLABY_J100803-425316_Vela_TR1_mask.fits,0811f583fa7c47a16d0ed08dea005735cccb6f3b1f7571f28030365299333546,4adcaaf24cfbe25fd3a9e1db42a2e3b7d4871890e42f81b22c765369a12c7c1b,17280,66240
WALLABY J100817-475436,Vela TR1,Vela,7,pass,,False,11,0.8792275244385707,66.000000000132,37x37,66x37x37,235,6.000000000012,108882.0,42,https://ws.cadc-ccda.hia-iha.nrc-cnrc.gc.ca/data/pub/WALLABY/WALLABY_J100817-475436_Vela_TR1_mom0.fits,https://ws.cadc-ccda.hia-iha.nrc-cnrc.gc.ca/data/pub/WALLABY/WALLABY_J100817-475436_Vela_TR1_mask.fits,fca3b3e0c043ec7ccce8f4faffcdcc1cd0098586305a22623f78dd73f4b67120,2da207f2693712abe12fbed73d6a806614bd7309ed09ce19d9706f577f551717,17280,103680
WALLABY J100820-483803,Vela TR1,Vela,8,profile_rejected,negative source annular moment-0 weight; no clipping is allowed,False,,,,43x41,74x43x41,339,6.000000000012,193464.15625,46,https://ws.cadc-ccda.hia-iha.nrc-cnrc.gc.ca/data/pub/WALLABY/WALLABY_J100820-483803_Vela_TR1_mom0.fits,https://ws.cadc-ccda.hia-iha.nrc-cnrc.gc.ca/data/pub/WALLABY/WALLABY_J100820-483803_Vela_TR1_mask.fits,b57ca05cf4f4c3c513afbd313568526159c3d256ec9e3ebeccabd99391a4f1da,ee47adbf1dd65422ba2de9c45c1ead81fe38fcea1c3eee60e19c77768bbc6b7d,20160,144000
WALLABY J100824-473333,Vela TR1,Vela,21,profile_rejected,source radial support contains fewer than 8 pixel-scale annuli,False,,,,31x32,54x31x32,97,6.000000000012,28870.353515625,17,https://ws.cadc-ccda.hia-iha.nrc-cnrc.gc.ca/data/pub/WALLABY/WALLABY_J100824-473333_Vela_TR1_mom0.fits,https://ws.cadc-ccda.hia-iha.nrc-cnrc.gc.ca/data/pub/WALLABY/WALLABY_J100824-473333_Vela_TR1_mask.fits,cc0212c5f29bbf437fb8d038184a2df1d0b3571f6799d8174c7e0d9b2d895669,7e4ebb05ec70a9b80da6a9e2db200a38a1d2984ad421061845298a534a1c1681,17280,66240
WALLABY J100846-472728,Vela TR1,Vela,23,pass,,False,14,0.9154996434931099,84.000000000168,39x42,117x39x42,278,6.000000000012,118820.5390625,30,https://ws.cadc-ccda.hia-iha.nrc-cnrc.gc.ca/data/pub/WALLABY/WALLABY_J100846-472728_Vela_TR1_mom0.fits,https://ws.cadc-ccda.hia-iha.nrc-cnrc.gc.ca/data/pub/WALLABY/WALLABY_J100846-472728_Vela_TR1_mask.fits,36ebdc5d93a7da5fc4bc1302cb1639fb866fc867fdd84fedb57c13ae35e7300e,76c220664966b45db34191827c396beecd9c288e52c050af9b9a10bc884117d6,20160,204480
WALLABY J100850-443119,Vela TR1,Vela,10,profile_rejected,negative source annular moment-0 weight; no clipping is allowed,False,,,,37x35,79x37x35,183,6.000000000012,81653.734375,33,https://ws.cadc-ccda.hia-iha.nrc-cnrc.gc.ca/data/pub/WALLABY/WALLABY_J100850-443119_Vela_TR1_mom0.fits,https://ws.cadc-ccda.hia-iha.nrc-cnrc.gc.ca/data/pub/WALLABY/WALLABY_J100850-443119_Vela_TR1_mask.fits,da4c47a539dd50724c3fe0148db3ecadf09250d94b8fd80e917ff239e9f57e3a,4027d91d5aeced9b7ff1c5ef1ecc17516cdee1f6ed16b615c6d3737af0740748,17280,115200
WALLABY J100853-431058,Vela TR1,Vela,13,profile_rejected,negative source annular moment-0 weight; no clipping is allowed,False,,,,32x33,49x32x33,125,6.000000000012,32592.583984375,15,https://ws.cadc-ccda.hia-iha.nrc-cnrc.gc.ca/data/pub/WALLABY/WALLABY_J100853-431058_Vela_TR1_mom0.fits,https://ws.cadc-ccda.hia-iha.nrc-cnrc.gc.ca/data/pub/WALLABY/WALLABY_J100853-431058_Vela_TR1_mask.fits,673c4b058fb854d4806c4f1b5d6f6aee71ec3af04f610b46099d8bf2a64c4bd6,f15307a486b3a1c0b3133ff1469f4b3e6585482b4358d7ec9c18f57933c8ec28,17280,63360
WALLABY J100855-444107,Vela TR1,Vela,20,pass,,False,16,0.6830397195712983,96.000000000192,40x44,68x40x44,308,6.000000000012,109591.2578125,30,https://ws.cadc-ccda.hia-iha.nrc-cnrc.gc.ca/data/pub/WALLABY/WALLABY_J100855-444107_Vela_TR1_mom0.fits,https://ws.cadc-ccda.hia-iha.nrc-cnrc.gc.ca/data/pub/WALLABY/WALLABY_J100855-444107_Vela_TR1_mask.fits,da77f2aaf42ab427042e152be52ddcf7a906fe4b9ba668d3b9fb858feedfa0cc,83fffc3a1804f1102c8c4cd216f495c5012d65b3b0927f74d6f77ea2b3463c92,20160,132480
WALLABY J100859-431530,Vela TR1,Vela,21,profile_rejected,negative source annular moment-0 weight; no clipping is allowed,False,,,,36x36,57x36x36,178,6.000000000012,62358.8984375,14,https://ws.cadc-ccda.hia-iha.nrc-cnrc.gc.ca/data/pub/WALLABY/WALLABY_J100859-431530_Vela_TR1_mom0.fits,https://ws.cadc-ccda.hia-iha.nrc-cnrc.gc.ca/data/pub/WALLABY/WALLABY_J100859-431530_Vela_TR1_mask.fits,df6c47b3636292f7c5a2ee641db26f1cd22efed278686918f3a850a15e9b1962,b3e78afafc651235dd9b5301806fa9698b6c83711e9dd95be67784d27dbc8ee0,17280,86400
WALLABY J100859-445345,Vela TR1,Vela,6,pass,,False,14,0.5626912260435736,84.000000000168,38x37,54x38x37,180,6.000000000012,47007.77734375,1,https://ws.cadc-ccda.hia-iha.nrc-cnrc.gc.ca/data/pub/WALLABY/WALLABY_J100859-445345_Vela_TR1_mom0.fits,https://ws.cadc-ccda.hia-iha.nrc-cnrc.gc.ca/data/pub/WALLABY/WALLABY_J100859-445345_Vela_TR1_mask.fits,211daf54686d00e2e79fe3f00dfeeb15e059a84cbe361e9aa1163f66deab54d3,c83849e27900fc12a2f3d8e09935705307f3fed19797125917e2f95a44b9a073,17280,89280
WALLABY J100913-430010,Vela TR1,Vela,9,pass,,False,9,0.8261785839511966,54.000000000108,34x34,96x34x34,147,6.000000000012,146622.28125,20,https://ws.cadc-ccda.hia-iha.nrc-cnrc.gc.ca/data/pub/WALLABY/WALLABY_J100913-430010_Vela_TR1_mom0.fits,https://ws.cadc-ccda.hia-iha.nrc-cnrc.gc.ca/data/pub/WALLABY/WALLABY_J100913-430010_Vela_TR1_mask.fits,6f17417fbf586a7fd2e1a4a1109e383825e56f9ce457102e1a21bb6e050f319c,f9766f3c4ba9c2310df83fc636c422b1848c79faf09563f849126619c1ff0955,17280,123840
WALLABY J100916-431959,Vela TR1,Vela,2,pass,,False,37,0.659304809493482,222.000000000444,63x72,116x63x72,1512,6.000000000012,1320154.75,126,https://ws.cadc-ccda.hia-iha.nrc-cnrc.gc.ca/data/pub/WALLABY/WALLABY_J100916-431959_Vela_TR1_mom0.fits,https://ws.cadc-ccda.hia-iha.nrc-cnrc.gc.ca/data/pub/WALLABY/WALLABY_J100916-431959_Vela_TR1_mask.fits,6efe7ead53f681e65e3f0585eaf138b57034c7edc35396c8c1dd8e9e5886a7c0,43e659b6d978648afd3093930635b0ed1c6f84b74ee22ccf24902f60805ef923,31680,538560
WALLABY J100936-450306,Vela TR1,Vela,18,profile_rejected,negative source annular moment-0 weight; no clipping is allowed,False,,,,37x38,65x37x38,214,6.000000000012,95955.140625,49,https://ws.cadc-ccda.hia-iha.nrc-cnrc.gc.ca/data/pub/WALLABY/WALLABY_J100936-450306_Vela_TR1_mom0.fits,https://ws.cadc-ccda.hia-iha.nrc-cnrc.gc.ca/data/pub/WALLABY/WALLABY_J100936-450306_Vela_TR1_mask.fits,5712a47065fad5a332e696bef8948a58aa434171e6b83ff83e14984e1415c1c0,dedfe1bacc0271bf7a9471f70317d7405c61c58e4fb043c928aa460d517dba31,17280,103680
WALLABY J100944-434707,Vela TR1,Vela,12,profile_rejected,negative source annular moment-0 weight; no clipping is allowed,False,,,,95x73,203x95x73,1527,6.000000000012,682427.125,156,https://ws.cadc-ccda.hia-iha.nrc-cnrc.gc.ca/data/pub/WALLABY/WALLABY_J100944-434707_Vela_TR1_mom0.fits,https://ws.cadc-ccda.hia-iha.nrc-cnrc.gc.ca/data/pub/WALLABY/WALLABY_J100944-434707_Vela_TR1_mask.fits,e0dbd10fc60b1c0a5e51fbaea843580cce3548bb33260f98211ff8b3333e0dcd,5d7d61704d5404913ee1cf3c52f51ca6e59d501e1d4cfac4e022d5345f0e387e,40320,1419840
WALLABY J101000-462652,Vela TR1,Vela,23,profile_rejected,negative source annular moment-0 weight; no clipping is allowed,False,,,,39x37,97x39x37,234,6.000000000012,79470.1484375,22,https://ws.cadc-ccda.hia-iha.nrc-cnrc.gc.ca/data/pub/WALLABY/WALLABY_J101000-462652_Vela_TR1_mom0.fits,https://ws.cadc-ccda.hia-iha.nrc-cnrc.gc.ca/data/pub/WALLABY/WALLABY_J101000-462652_Vela_TR1_mask.fits,c1b8746833644742c79f3fcdaf21ca303be7c61b1bc37d6b138b77bc398d671e,02a50cc6ccf1e09dc95e3429f5b107c640556dd109385b220fdb2ca4d7543946,20160,152640
WALLABY J101031-470644,Vela TR1,Vela,21,profile_rejected,negative source annular moment-0 weight; no clipping is allowed,False,,,,48x39,76x48x39,373,6.000000000012,188012.9375,86,https://ws.cadc-ccda.hia-iha.nrc-cnrc.gc.ca/data/pub/WALLABY/WALLABY_J101031-470644_Vela_TR1_mom0.fits,https://ws.cadc-ccda.hia-iha.nrc-cnrc.gc.ca/data/pub/WALLABY/WALLABY_J101031-470644_Vela_TR1_mask.fits,fda689ece18595110ed32c56e4c077fa6f4cbc536b6c096c1f96a984bff6fe95,5b246a844bbb63730961e516d990b1e3c6abb88289a771d7242999a8bce48731,20160,155520
WALLABY J101036-433659,Vela TR1,Vela,6,pass,,False,18,0.5394252972047596,108.000000000216,42x40,186x42x40,285,6.000000000012,167392.328125,24,https://ws.cadc-ccda.hia-iha.nrc-cnrc.gc.ca/data/pub/WALLABY/WALLABY_J101036-433659_Vela_TR1_mom0.fits,https://ws.cadc-ccda.hia-iha.nrc-cnrc.gc.ca/data/pub/WALLABY/WALLABY_J101036-433659_Vela_TR1_mask.fits,6cb9fbf04b8db0aad7929f6f5c295a62612d0b16f6947dc2194a735ff4268360,2f1170c3c07ad39dd117a648180520ac4489ad102a4cf42be3f6e12fe016e739,20160,325440
WALLABY J101053-473338,Vela TR1,Vela,0,pass,,False,13,0.7899964246367396,78.000000000156,41x39,54x41x39,305,6.000000000012,87572.5078125,52,https://ws.cadc-ccda.hia-iha.nrc-cnrc.gc.ca/data/pub/WALLABY/WALLABY_J101053-473338_Vela_TR1_mom0.fits,https://ws.cadc-ccda.hia-iha.nrc-cnrc.gc.ca/data/pub/WALLABY/WALLABY_J101053-473338_Vela_TR1_mask.fits,54c1cff28815acf4d260d92e2b1a39c96bc8691b7bc54c65c90df931fb16f985,27bc8e6c7756fccc77920f60638810e41e6a65cfaf0a09db08379044fa17b641,20160,97920
WALLABY J101059-450851,Vela TR1,Vela,5,pass,,False,32,0.5173052220910588,192.000000000384,59x61,122x59x61,838,6.000000000012,605511.0,85,https://ws.cadc-ccda.hia-iha.nrc-cnrc.gc.ca/data/pub/WALLABY/WALLABY_J101059-450851_Vela_TR1_mom0.fits,https://ws.cadc-ccda.hia-iha.nrc-cnrc.gc.ca/data/pub/WALLABY/WALLABY_J101059-450851_Vela_TR1_mask.fits,3f1c8ee6c2deee841b60ece8170059be2c473b88ead72ef78c0380ec71e4f39c,50ecc749b568d07d5514687e84f120119e11c86822e60c0deb11e5ca85b62abe,25920,452160
WALLABY J101102-453912,Vela TR1,Vela,11,pass,,False,12,0.7874084853672835,72.000000000144,38x38,69x38x38,242,6.000000000012,70680.7109375,26,https://ws.cadc-ccda.hia-iha.nrc-cnrc.gc.ca/data/pub/WALLABY/WALLABY_J101102-453912_Vela_TR1_mom0.fits,https://ws.cadc-ccda.hia-iha.nrc-cnrc.gc.ca/data/pub/WALLABY/WALLABY_J101102-453912_Vela_TR1_mask.fits,0b23f3c25ff92ab27a9428ccd1291bc4146466514a6f5b46209cb746c9fd01ee,6ed01c95a4abe8c4ba9b9a9c63c718873bbee526654bfbcd35979afe40797d18,20160,112320
WALLABY J101113-435133,Vela TR1,Vela,16,profile_rejected,negative source annular moment-0 weight; no clipping is allowed,False,,,,39x40,72x39x40,275,6.000000000012,136700.015625,27,https://ws.cadc-ccda.hia-iha.nrc-cnrc.gc.ca/data/pub/WALLABY/WALLABY_J101113-435133_Vela_TR1_mom0.fits,https://ws.cadc-ccda.hia-iha.nrc-cnrc.gc.ca/data/pub/WALLABY/WALLABY_J101113-435133_Vela_TR1_mask.fits,debf86ee059eabf3e4ed5d27ac8e2f62c71b4f6ef38b19082182eec8fa053242,ebae1c07f50ad16d86f1114ea43f28098f867f41d60b41ab19b95035b8ee641f,20160,123840
WALLABY J101115-432421,Vela TR1,Vela,7,pass,,False,12,0.7109719713948172,72.000000000144,33x41,75x33x41,192,6.000000000012,88220.3125,9,https://ws.cadc-ccda.hia-iha.nrc-cnrc.gc.ca/data/pub/WALLABY/WALLABY_J101115-432421_Vela_TR1_mom0.fits,https://ws.cadc-ccda.hia-iha.nrc-cnrc.gc.ca/data/pub/WALLABY/WALLABY_J101115-432421_Vela_TR1_mask.fits,3b193e7747866ed151eefe7393dc3de53782364c8800e4f52ff7231c04a28222,fa32e36613ea79643db67976c79957d80e4bfb7ea86e1c0c617a886d75acb11c,17280,115200
WALLABY J101143-455557,Vela TR1,Vela,5,pass,,False,23,0.7794404204468053,138.000000000276,50x43,64x50x43,499,6.000000000012,283199.1875,52,https://ws.cadc-ccda.hia-iha.nrc-cnrc.gc.ca/data/pub/WALLABY/WALLABY_J101143-455557_Vela_TR1_mom0.fits,https://ws.cadc-ccda.hia-iha.nrc-cnrc.gc.ca/data/pub/WALLABY/WALLABY_J101143-455557_Vela_TR1_mask.fits,7a4f7c862600b2cb76aff31925cb36331da76cb3a0da6e96536bd929cc6beaad,599d3fb0852c8697f6acfe6d655ff948223f18d78d29e87c19c520d89128ccda,20160,149760
WALLABY J101144-430308,Vela TR1,Vela,10,profile_rejected,negative source annular moment-0 weight; no clipping is allowed,False,,,,40x41,54x40x41,317,6.000000000012,99649.421875,37,https://ws.cadc-ccda.hia-iha.nrc-cnrc.gc.ca/data/pub/WALLABY/WALLABY_J101144-430308_Vela_TR1_mom0.fits,https://ws.cadc-ccda.hia-iha.nrc-cnrc.gc.ca/data/pub/WALLABY/WALLABY_J101144-430308_Vela_TR1_mask.fits,1c488fc2a2959d67e18e3940c057dffdf0b1af56eaad5b2fd5afa94da660e03a,848aa30133296220a4a48ce8c1aeec54e24c49e18f3e7a882329ed6b35fb0764,20160,100800
WALLABY J101144-455153,Vela TR1,Vela,4,profile_rejected,negative source annular moment-0 weight; no clipping is allowed,False,,,,40x43,142x40x43,305,6.000000000012,170604.234375,29,https://ws.cadc-ccda.hia-iha.nrc-cnrc.gc.ca/data/pub/WALLABY/WALLABY_J101144-455153_Vela_TR1_mom0.fits,https://ws.cadc-ccda.hia-iha.nrc-cnrc.gc.ca/data/pub/WALLABY/WALLABY_J101144-455153_Vela_TR1_mask.fits,abbd6d91baf9e197d6a2125dfa1868abe821f5365bb79c72713076e7a58db6eb,1b2481df4ca672578ff0a36e2cb972eca3d794a73b2000df99b5f08633a69e44,20160,256320
WALLABY J101146-461636,Vela TR1,Vela,11,pass,,False,10,0.8404506586442845,60.000000000120004,36x35,61x36x35,172,6.000000000012,51552.0703125,16,https://ws.cadc-ccda.hia-iha.nrc-cnrc.gc.ca/data/pub/WALLABY/WALLABY_J101146-461636_Vela_TR1_mom0.fits,https://ws.cadc-ccda.hia-iha.nrc-cnrc.gc.ca/data/pub/WALLABY/WALLABY_J101146-461636_Vela_TR1_mask.fits,ae968bbc6e38e41f57515b7ba748fabae93d90b3bcf327c746c5b95eb4ca3ab2,7477305c5f77ddab4ad3585cb14f0b8a550f83dcf5eb418e8b94fbbbe36f2fb5,17280,89280
WALLABY J101214-430504,Vela TR1,Vela,6,pass,,False,17,0.485890629747055,102.000000000204,34x45,58x34x45,276,6.000000000012,112045.40625,33,https://ws.cadc-ccda.hia-iha.nrc-cnrc.gc.ca/data/pub/WALLABY/WALLABY_J101214-430504_Vela_TR1_mom0.fits,https://ws.cadc-ccda.hia-iha.nrc-cnrc.gc.ca/data/pub/WALLABY/WALLABY_J101214-430504_Vela_TR1_mask.fits,fbec0c0fc18f9ff2361e0deb76aa7a402064a24132d9bc1032e521da8317de70,23b09d441efb186d34aa0d5f971ef85c8487a293d9683fa98588fd3344841804,20160,100800
WALLABY J101219-471739,Vela TR1,Vela,8,profile_rejected,negative source annular moment-0 weight; no clipping is allowed,False,,,,55x74,135x55x74,1152,6.000000000012,2410848.5,256,https://ws.cadc-ccda.hia-iha.nrc-cnrc.gc.ca/data/pub/WALLABY/WALLABY_J101219-471739_Vela_TR1_mom0.fits,https://ws.cadc-ccda.hia-iha.nrc-cnrc.gc.ca/data/pub/WALLABY/WALLABY_J101219-471739_Vela_TR1_mask.fits,3962ecc8cd2efe6f81b92433364c2fdaf041fbbd6bf5a0f287a3b9a2b6868980,e7a6cc503c1c249231eab3248bd908134c76ecd1094a8b428ad32c566d87eb62,28800,561600
WALLABY J101232-451408,Vela TR1,Vela,12,profile_rejected,negative source annular moment-0 weight; no clipping is allowed,False,,,,70x57,104x70x57,1363,6.000000000012,1766300.5,102,https://ws.cadc-ccda.hia-iha.nrc-cnrc.gc.ca/data/pub/WALLABY/WALLABY_J101232-451408_Vela_TR1_mom0.fits,https://ws.cadc-ccda.hia-iha.nrc-cnrc.gc.ca/data/pub/WALLABY/WALLABY_J101232-451408_Vela_TR1_mask.fits,0e9a988b626b97d56d64f482908658bb3813f346c958daccf07d00607121aeed,3a4ab7ec6d3bed81e8eff65a5921f759628ccb5d1e7d88b3a71db955924ee20b,28800,429120
WALLABY J101237-425619,Vela TR1,Vela,6,profile_rejected,negative source annular moment-0 weight; no clipping is allowed,False,,,,40x40,87x40x40,220,6.000000000012,255373.625,31,https://ws.cadc-ccda.hia-iha.nrc-cnrc.gc.ca/data/pub/WALLABY/WALLABY_J101237-425619_Vela_TR1_mom0.fits,https://ws.cadc-ccda.hia-iha.nrc-cnrc.gc.ca/data/pub/WALLABY/WALLABY_J101237-425619_Vela_TR1_mask.fits,3c05e2c1bde80d6aa7bec0a86f5bad55a6701a6827dd8adb089e0b6f5ff58e3f,06c2290ed93693eb5efdd6fc410e7ccaf1351def1749b84aee4c64c2a12a5e63,20160,152640
WALLABY J101239-444058,Vela TR1,Vela,9,profile_rejected,negative source annular moment-0 weight; no clipping is allowed,False,,,,36x41,83x36x41,204,6.000000000012,50540.8671875,29,https://ws.cadc-ccda.hia-iha.nrc-cnrc.gc.ca/data/pub/WALLABY/WALLABY_J101239-444058_Vela_TR1_mom0.fits,https://ws.cadc-ccda.hia-iha.nrc-cnrc.gc.ca/data/pub/WALLABY/WALLABY_J101239-444058_Vela_TR1_mask.fits,33ecb3507c284872e3e5d5506b55864d2dc5a81a8862c531349a5ce8ca98e4c3,578ce9a094f22ee6dd8a07ed68ddadf9e583b31d95497cd68d8afd67efa7d0c5,20160,135360
WALLABY J101303-440332,Vela TR1,Vela,18,pass,,False,24,0.5402718284175829,144.000000000288,42x43,81x42x43,383,6.000000000012,234328.875,51,https://ws.cadc-ccda.hia-iha.nrc-cnrc.gc.ca/data/pub/WALLABY/WALLABY_J101303-440332_Vela_TR1_mom0.fits,https://ws.cadc-ccda.hia-iha.nrc-cnrc.gc.ca/data/pub/WALLABY/WALLABY_J101303-440332_Vela_TR1_mask.fits,4dac4d1ac1aebcf9beb0c2908e069d3ab1f8341a739f63fcc814a806335191c4,0ebed0f56d0124c90fe034379319b041754d7b57bf95442ebcaf40c4cd24ea24,20160,158400
WALLABY J101312-484049,Vela TR1,Vela,22,profile_rejected,negative source annular moment-0 weight; no clipping is allowed,False,,,,35x34,83x35x34,160,6.000000000012,110764.2265625,25,https://ws.cadc-ccda.hia-iha.nrc-cnrc.gc.ca/data/pub/WALLABY/WALLABY_J101312-484049_Vela_TR1_mom0.fits,https://ws.cadc-ccda.hia-iha.nrc-cnrc.gc.ca/data/pub/WALLABY/WALLABY_J101312-484049_Vela_TR1_mask.fits,bb277d78598a414c94914b32008c446338db6b8682d4e084921abaa963aba43f,eb37b1302852ad78928bb48ea151d874364c207d11c25f5fcd38f714f967d136,17280,112320
WALLABY J101329-444504,Vela TR1,Vela,15,pass,,False,25,0.6680933653859814,150.0000000003,47x47,61x47x47,497,6.000000000012,197518.96875,88,https://ws.cadc-ccda.hia-iha.nrc-cnrc.gc.ca/data/pub/WALLABY/WALLABY_J101329-444504_Vela_TR1_mom0.fits,https://ws.cadc-ccda.hia-iha.nrc-cnrc.gc.ca/data/pub/WALLABY/WALLABY_J101329-444504_Vela_TR1_mask.fits,f30f6d5f5802e5027402a897544e9de3266580f617c02a8f0a9810173f067071,18c2cef2eaf72aad27bc611e3e94591458dbb1e6ee3273a0a66a1335e02a6c22,23040,146880
WALLABY J101351-483153,Vela TR1,Vela,6,profile_rejected,negative source annular moment-0 weight; no clipping is allowed,False,,,,38x33,69x38x33,175,6.000000000012,70439.375,19,https://ws.cadc-ccda.hia-iha.nrc-cnrc.gc.ca/data/pub/WALLABY/WALLABY_J101351-483153_Vela_TR1_mom0.fits,https://ws.cadc-ccda.hia-iha.nrc-cnrc.gc.ca/data/pub/WALLABY/WALLABY_J101351-483153_Vela_TR1_mask.fits,887f887a2be2ae0b624f95e685e94341f018a03e40aa8c449e399ac386cc1190,fcc152d88ddfc6e1d6e03b48d97fd8fa8072f82fcb5fc06349220a2b8d364b76,17280,100800
WALLABY J101423-432437,Vela TR1,Vela,16,pass,,False,13,0.6730949587942916,78.000000000156,34x39,69x34x39,212,6.000000000012,134653.0625,10,https://ws.cadc-ccda.hia-iha.nrc-cnrc.gc.ca/data/pub/WALLABY/WALLABY_J101423-432437_Vela_TR1_mom0.fits,https://ws.cadc-ccda.hia-iha.nrc-cnrc.gc.ca/data/pub/WALLABY/WALLABY_J101423-432437_Vela_TR1_mask.fits,280a744393202db77454987a5e3cf58d2dbb63806831007f4cbbdff2b052ccc4,e8a4ad2cd19d6ca1dcdf9bdc8fc6f02e4ba88e3edf4b2c42734e788bf42a76d3,17280,103680
WALLABY J101440-470058,Vela TR1,Vela,0,profile_rejected,negative source annular moment-0 weight; no clipping is allowed,False,,,,37x36,100x37x36,205,6.000000000012,85382.65625,11,https://ws.cadc-ccda.hia-iha.nrc-cnrc.gc.ca/data/pub/WALLABY/WALLABY_J101440-470058_Vela_TR1_mom0.fits,https://ws.cadc-ccda.hia-iha.nrc-cnrc.gc.ca/data/pub/WALLABY/WALLABY_J101440-470058_Vela_TR1_mask.fits,73474b812b5f060e69851e2dc2dc435932e4ee752788c9497d4286942e0b09e3,c410d793180e12d8047bde5c58cc1221e41b7d9ddbbfc983c071ae300dfd5141,17280,146880
WALLABY J101442-445108,Vela TR1,Vela,22,pass,,False,20,0.7721668071080302,120.00000000024001,56x47,79x56x47,724,6.000000000012,805105.5,90,https://ws.cadc-ccda.hia-iha.nrc-cnrc.gc.ca/data/pub/WALLABY/WALLABY_J101442-445108_Vela_TR1_mom0.fits,https://ws.cadc-ccda.hia-iha.nrc-cnrc.gc.ca/data/pub/WALLABY/WALLABY_J101442-445108_Vela_TR1_mask.fits,00097708f547ebe820bd48efad6ea6f3671dcce89641f4259cbc8c5af621b304,b13e3f5679b032ff46d18c40933b79495268e25465f5473f0b0d865b466481cd,23040,221760
WALLABY J101448-433152,Vela TR1,Vela,21,profile_rejected,negative source annular moment-0 weight; no clipping is allowed,False,,,,47x43,74x47x43,409,6.000000000012,220184.453125,54,https://ws.cadc-ccda.hia-iha.nrc-cnrc.gc.ca/data/pub/WALLABY/WALLABY_J101448-433152_Vela_TR1_mom0.fits,https://ws.cadc-ccda.hia-iha.nrc-cnrc.gc.ca/data/pub/WALLABY/WALLABY_J101448-433152_Vela_TR1_mask.fits,3e5cacb46983c463e10b3cbf85aa0a9a6707c178df064e595bc3abbca2b936a4,69cdadbb85e31633146b120c827543f93850b452f4691ab0934fd8dcabca63d6,20160,161280
WALLABY J101451-474402,Vela TR1,Vela,11,profile_rejected,source radial support contains fewer than 8 pixel-scale annuli,False,,,,31x30,80x31x30,84,6.000000000012,45472.1640625,5,https://ws.cadc-ccda.hia-iha.nrc-cnrc.gc.ca/data/pub/WALLABY/WALLABY_J101451-474402_Vela_TR1_mom0.fits,https://ws.cadc-ccda.hia-iha.nrc-cnrc.gc.ca/data/pub/WALLABY/WALLABY_J101451-474402_Vela_TR1_mask.fits,aa7e71901dfebe08734489cd7686b536add9a59e6cf7fc06401a0e15be39ac33,7553152ad6fa1ac8e0f52fe45884d36f030ab5a962ca68a64145c2db827af13c,17280,86400
WALLABY J101455-471852,Vela TR1,Vela,17,pass,,False,10,0.8664099081387723,60.000000000120004,38x34,55x38x34,188,6.000000000012,52949.21484375,27,https://ws.cadc-ccda.hia-iha.nrc-cnrc.gc.ca/data/pub/WALLABY/WALLABY_J101455-471852_Vela_TR1_mom0.fits,https://ws.cadc-ccda.hia-iha.nrc-cnrc.gc.ca/data/pub/WALLABY/WALLABY_J101455-471852_Vela_TR1_mask.fits,ff7dda2c5750841319144988e50d0c9a020f350bdeefaaf028a4e00552f5b6a9,285a34ca17bfdb0decd34a91cfc21b231870df38d9cc049a5d2189f71dad3c00,17280,83520
WALLABY J101457-433710,Vela TR1,Vela,18,profile_rejected,negative source annular moment-0 weight; no clipping is allowed,False,,,,75x120,166x75x120,2321,6.000000000012,3495852.0,249,https://ws.cadc-ccda.hia-iha.nrc-cnrc.gc.ca/data/pub/WALLABY/WALLABY_J101457-433710_Vela_TR1_mom0.fits,https://ws.cadc-ccda.hia-iha.nrc-cnrc.gc.ca/data/pub/WALLABY/WALLABY_J101457-433710_Vela_TR1_mask.fits,4a4e8cfe74a97fc3fa6e99ec0f7dc418a882860f6d7c63241b8dc0b1970fa401,b61f61768bcbf43b338a2911938827b723da883404e1adfecf3c4a145670606a,48960,1506240
WALLABY J101500-464718,Vela TR1,Vela,15,profile_rejected,negative source annular moment-0 weight; no clipping is allowed,False,,,,45x39,96x45x39,310,6.000000000012,179471.5,64,https://ws.cadc-ccda.hia-iha.nrc-cnrc.gc.ca/data/pub/WALLABY/WALLABY_J101500-464718_Vela_TR1_mom0.fits,https://ws.cadc-ccda.hia-iha.nrc-cnrc.gc.ca/data/pub/WALLABY/WALLABY_J101500-464718_Vela_TR1_mask.fits,49d05ecac73a51f44384d52cc7a632f5b46b62a56d3e9cbdb961e3c9b9d8acf4,eb70ab5fcad31e7c314e0b81bb29dfb47b7a7832d1aa5feeb42dd530acef9096,20160,181440
WALLABY J101628-455103,Vela TR1,Vela,23,pass,,False,30,0.4535329558567066,180.00000000036002,61x46,78x61x46,805,6.000000000012,682378.9375,94,https://ws.cadc-ccda.hia-iha.nrc-cnrc.gc.ca/data/pub/WALLABY/WALLABY_J101628-455103_Vela_TR1_mom0.fits,https://ws.cadc-ccda.hia-iha.nrc-cnrc.gc.ca/data/pub/WALLABY/WALLABY_J101628-455103_Vela_TR1_mask.fits,2f62850083060e2d64473ce93e0ffd4fa5a3d1d17749cf3000bf692d4b7160ce,d02779462dda90e64fadd6ac80560141e7258aad43af76777ca39903f9ac4134,23040,230400
WALLABY J101703-442447,Vela TR1,Vela,0,pass,,False,12,0.6381405519395402,72.000000000144,35x33,64x35x33,137,6.000000000012,114978.046875,9,https://ws.cadc-ccda.hia-iha.nrc-cnrc.gc.ca/data/pub/WALLABY/WALLABY_J101703-442447_Vela_TR1_mom0.fits,https://ws.cadc-ccda.hia-iha.nrc-cnrc.gc.ca/data/pub/WALLABY/WALLABY_J101703-442447_Vela_TR1_mask.fits,a995945cde28ffd870fb35c35d049f1e728f49d8c6d9b52e097a4069515d40af,2cd77afe88c2e9d932f7233cdae4b80728802f9349755e06f556d9634e4bebda,17280,86400
