galaxy_id,field_id,team_release,ra,dec,distance_mpc,logMHI,ell_maj_beams,primary_brick,primary_brick_subdir,spatial_shard,hi_status,dr10_optical_field_status
WALLABY J130139+072923,NGC4808,NGC 4808 TR1,195.4128077157483,7.489769360827925,261.8495521421176,10.034219497174195,1.087876598,1954p075,195,0,pass,candidate
WALLABY J130322+073646,NGC4808,NGC 4808 TR1,195.8437730516504,7.612810865814629,43.90823328061028,8.606537088047288,1.72140518797,1957p075,195,0,pass,candidate
WALLABY J130535+041627,NGC4808,NGC 4808 TR1,196.3965978361037,4.27442348052293,187.92677720779724,10.111872158978121,1.41609841485,1963p042,196,0,pass,candidate
WALLABY J130826+064302,NGC4808,NGC 4808 TR1,197.1090262421718,6.71741020570482,211.70720312029178,9.960359609178196,1.32404275833,1972p067,197,0,pass,candidate
WALLABY J125114+052031,NGC4808,NGC 4808 TR1,192.8121418746934,5.342108946184053,107.36059957704644,9.586701255646037,1.49992575181,1929p052,192,1,pass,candidate
WALLABY J130305+070136,NGC4808,NGC 4808 TR1,195.7717524645209,7.026713008827969,235.0914987857051,9.764545447791628,0.90362780822,1957p070,195,1,pass,candidate
WALLABY J130727+044550,NGC4808,NGC 4808 TR1,196.8662930082749,4.763906116445493,200.91096018650617,10.251452672392018,1.66903950171,1969p047,196,1,pass,candidate
WALLABY J130810+044441,NGC4808,NGC 4808 TR1,197.0433511724978,4.74482621452265,83.56740635858404,9.638499431264634,3.66421976814,1969p047,196,1,pass,candidate
WALLABY J125718+045929,NGC4808,NGC 4808 TR1,194.3261254168258,4.991512970564355,12.628493244035244,7.5104984574777625,1.36772417461,1944p050,194,10,pass,candidate
WALLABY J130504+071549,NGC4808,NGC 4808 TR1,196.2699700148136,7.263820372792376,263.39552490945664,10.096576880806909,1.21341140254,1962p072,196,10,pass,candidate
WALLABY J130813+064248,NGC4808,NGC 4808 TR1,197.0572239710904,6.713489201807413,194.39676074746671,9.753556529323285,1.434978961,1969p067,196,10,pass,candidate
WALLABY J131113+065134,NGC4808,NGC 4808 TR1,197.8078868602103,6.859440078610714,88.49738423140224,9.323217985779193,1.69590446773,1977p067,197,10,pass,candidate
WALLABY J124957+040438,NGC4808,NGC 4808 TR1,192.4910961142583,4.077416689639204,145.41677464050812,9.667916752412557,1.08438498273,1923p040,192,11,pass,candidate
WALLABY J125012+073442,NGC4808,NGC 4808 TR1,192.5539661254201,7.578549532314525,163.52956694530005,10.240628946764588,2.71957128164,1924p075,192,11,pass,candidate
WALLABY J125112+045132,NGC4808,NGC 4808 TR1,192.8030686820034,4.858921171442358,107.62385091643337,9.970032958698596,1.79411140746,1929p047,192,11,pass,candidate
WALLABY J125604+034843,NGC4808,NGC 4808 TR1,194.0193267649271,3.812093902197743,8.845517427747259,8.333991227730554,3.21058254573,1938p037,193,11,pass,candidate
WALLABY J125507+040229,NGC4808,NGC 4808 TR1,193.7816442298976,4.041481801338374,206.74757469014799,9.849362835202884,1.35370020277,1938p040,193,11,pass,candidate
WALLABY J130011+065105,NGC4808,NGC 4808 TR1,195.0497447673951,6.851392174905001,139.80927669994924,9.068887711728326,1.11937621304,1949p067,194,11,pass,candidate
WALLABY J130216+063321,NGC4808,NGC 4808 TR1,195.5682380715707,6.555965768662618,49.999389644649,8.701698129336151,1.44410073691,1954p065,195,11,pass,candidate
WALLABY J130330+081941,NGC4808,NGC 4808 TR1,195.878583001016,8.328126639289716,91.8211278519026,9.485337989007895,1.26347480156,1957p082,195,11,pass,candidate
WALLABY J130419+081330,NGC4808,NGC 4808 TR1,196.0796926630499,8.22510452188931,252.2322500745954,9.949055538448482,1.39929013119,1960p082,196,11,pass,candidate
WALLABY J124947+035042,NGC4808,NGC 4808 TR1,192.4493316830977,3.84520595750993,9.934752825343148,8.117000977372637,2.821439538,1923p037,192,12,pass,candidate
WALLABY J125939+045140,NGC4808,NGC 4808 TR1,194.913490687618,4.861166732170974,191.38888054426508,9.667548567791044,1.04993549893,1949p047,194,12,pass,candidate
WALLABY J130209+060100,NGC4808,NGC 4808 TR1,195.538307958686,6.016861538248732,209.37351313889735,9.556704059539749,1.12925502085,1954p060,195,12,pass,candidate
WALLABY J130158+030601,NGC4808,NGC 4808 TR1,195.4920216088625,3.100432383834511,100.10537889761635,9.411727746027093,1.52022291214,1953p030,195,13,pass,candidate
WALLABY J130147+053426,NGC4808,NGC 4808 TR1,195.4487922356312,5.574003644306859,233.09740048611553,9.880608995192441,1.23142494228,1954p055,195,13,pass,candidate
WALLABY J130242+032114,NGC4808,NGC 4808 TR1,195.6790635435889,3.354074528610954,297.5042056929537,9.785285773611527,1.24726948567,1956p032,195,13,pass,candidate
WALLABY J130656+074407,NGC4808,NGC 4808 TR1,196.7359482520617,7.735490442990973,126.19450142324445,9.785161165296078,1.98058233083,1967p077,196,13,pass,candidate
WALLABY J124911+032310,NGC4808,NGC 4808 TR1,192.2960295406077,3.386103078435421,10.378078085105273,9.070780502424217,6.55117370238,1923p035,192,14,pass,candidate
WALLABY J124935+033620,NGC4808,NGC 4808 TR1,192.3982396516564,3.605728214440297,101.36450745470123,9.456857162549015,1.19124738468,1923p035,192,14,pass,candidate
WALLABY J124937+074725,NGC4808,NGC 4808 TR1,192.4049808079233,7.790540029347391,234.9691582459483,10.005996300195132,1.3268911092,1924p077,192,15,pass,candidate
WALLABY J125413+052149,NGC4808,NGC 4808 TR1,193.5565597867674,5.363747328443702,206.7378099863384,10.20890243350081,1.4348180196,1936p052,193,15,pass,candidate
WALLABY J125441+050734,NGC4808,NGC 4808 TR1,193.6741934322853,5.126149963914346,179.82086524821628,9.473987184671877,0.812425027773,1936p052,193,15,pass,candidate
WALLABY J125500+051140,NGC4808,NGC 4808 TR1,193.7512234919725,5.19446279384593,282.000480800024,10.054921043294051,1.04993511265,1936p052,193,15,pass,candidate
WALLABY J130012+054417,NGC4808,NGC 4808 TR1,195.0528538078623,5.7381712416649,207.62919724721712,9.709606521381803,1.18686968327,1949p057,194,15,pass,candidate
WALLABY J130034+052831,NGC4808,NGC 4808 TR1,195.1452486719551,5.475410915383446,230.695776519757,9.843635582076073,1.51153330089,1951p055,195,15,pass,candidate
WALLABY J130216+060128,NGC4808,NGC 4808 TR1,195.5693146161167,6.02465970342411,210.61109288021638,9.89863491051126,1.68666816091,1956p060,195,15,pass,candidate
WALLABY J130241+055729,NGC4808,NGC 4808 TR1,195.6745184032515,5.958274634103169,40.89666851696802,8.924938367024438,1.58130619046,1956p060,195,15,pass,candidate
WALLABY J130228+063639,NGC4808,NGC 4808 TR1,195.6173050777498,6.610869265015239,294.4704872571071,9.951925532095855,1.2365022137,1957p065,195,15,pass,candidate
WALLABY J130906+051433,NGC4808,NGC 4808 TR1,197.2774074671229,5.24273803296036,51.45675094907149,9.399677106286704,3.11721238329,1971p052,197,15,pass,candidate
WALLABY J125515+081543,NGC4808,NGC 4808 TR1,193.8137732655482,8.262030013656128,305.5150819400749,10.4490389997833,2.56964515755,1937p082,193,16,pass,candidate
WALLABY J125646+034002,NGC4808,NGC 4808 TR1,194.1919049685518,3.667352128846241,39.92312021259635,8.309147177228581,2.06044851292,1941p037,194,16,pass,candidate
WALLABY J125938+062651,NGC4808,NGC 4808 TR1,194.9087136518422,6.447752393391579,90.74560581944525,9.422361077036369,1.21501601772,1949p065,194,16,pass,candidate
WALLABY J130055+070243,NGC4808,NGC 4808 TR1,195.232334241294,7.045426790341519,263.2744589651438,10.21097787010454,1.27172101164,1952p070,195,16,pass,candidate
WALLABY J130143+040835,NGC4808,NGC 4808 TR1,195.4314096746711,4.14304955700825,160.1795768933809,9.598808227902694,0.985900184956,1953p042,195,16,pass,candidate
WALLABY J130342+055733,NGC4808,NGC 4808 TR1,195.9275536010416,5.959250139083627,267.3961192761557,9.91735235368122,1.02808132887,1959p060,195,16,pass,candidate
WALLABY J131122+032431,NGC4808,NGC 4808 TR1,197.8437772524444,3.408681450595036,43.59123360106875,9.58990372448638,4.42132734208,1978p035,197,16,pass,candidate
WALLABY J124747+042017,NGC4808,NGC 4808 TR1,191.9459810189541,4.33817561380282,14.096033774125186,9.142746534547376,4.99031270675,1918p042,191,17,pass,candidate
WALLABY J125451+023900,NGC4808,NGC 4808 TR1,193.7142210285405,2.650154335472928,13.301476139383134,8.835505457605873,2.68683579706,1936p027,193,17,pass,candidate
WALLABY J130043+071159,NGC4808,NGC 4808 TR1,195.1828986148411,7.199890515023343,239.79255882130062,9.768386201839903,0.933208634538,1952p072,195,17,pass,candidate
WALLABY J130237+044721,NGC4808,NGC 4808 TR1,195.6574509958324,4.789177195118865,195.3912860149258,9.923846566979387,1.22649272212,1956p047,195,17,pass,candidate
WALLABY J130802+062900,NGC4808,NGC 4808 TR1,197.0107142573469,6.48335110491253,101.90953950170577,9.783971089303845,2.14907994151,1969p065,196,17,pass,candidate
WALLABY J130344+061920,NGC4808,NGC 4808 TR1,195.9370286521116,6.322356686427568,205.55494721175694,10.096746546820228,1.44888191579,1959p062,195,18,pass,candidate
WALLABY J130522+043840,NGC4808,NGC 4808 TR1,196.3421289750555,4.644607819400523,200.98677071637667,10.081584396766385,1.86757381322,1964p047,196,18,pass,candidate
WALLABY J130721+070242,NGC4808,NGC 4808 TR1,196.8416231261257,7.045078765598505,293.83988674230744,9.96668487384731,0.96914982253,1967p070,196,18,pass,candidate
WALLABY J130905+055109,NGC4808,NGC 4808 TR1,197.2747727813376,5.852619893789429,103.29395677937502,9.654941023928687,1.30155570751,1971p057,197,18,pass,candidate
WALLABY J130331+075810,NGC4808,NGC 4808 TR1,195.8828698557512,7.969431959510328,199.31027171822288,10.27045632135034,1.53165405938,1960p080,196,19,pass,candidate
WALLABY J130338+075404,NGC4808,NGC 4808 TR1,195.9097467688156,7.901185902460026,197.51621510092374,9.790423087801566,1.15176850433,1960p080,196,19,pass,candidate
WALLABY J130445+062514,NGC4808,NGC 4808 TR1,196.1879960806795,6.420591216628842,203.90313484196912,9.674210951011244,1.37963359338,1962p065,196,19,pass,candidate
WALLABY J130609+040911,NGC4808,NGC 4808 TR1,196.5405975528755,4.153210932040762,170.3547255879307,9.713745033773202,1.20738759495,1966p042,196,19,pass,candidate
WALLABY J125716+060334,NGC4808,NGC 4808 TR1,194.3202685040085,6.059514278757795,205.28431292809137,9.857503204367182,1.06111574556,1944p060,194,2,pass,candidate
WALLABY J130339+043644,NGC4808,NGC 4808 TR1,195.9129042320901,4.612425929316006,124.4077408043397,9.543490657123755,1.28560192355,1959p045,195,2,pass,candidate
WALLABY J130852+055946,NGC4808,NGC 4808 TR1,197.2193965817479,5.996224289050208,51.13442428389889,8.862651874178006,1.44791832653,1971p060,197,2,pass,candidate
WALLABY J131041+053553,NGC4808,NGC 4808 TR1,197.6748514752886,5.598235483385067,252.0399658777391,10.085116105669025,0.939100465205,1976p055,197,2,pass,candidate
WALLABY J125156+035954,NGC4808,NGC 4808 TR1,192.9869747160136,3.998375801367461,109.83768194320942,9.530017065519814,1.50317024943,1928p040,192,20,pass,candidate
WALLABY J125134+055147,NGC4808,NGC 4808 TR1,192.8942096507674,5.863319171801239,208.61136972267892,9.92575690599399,1.18073983892,1929p057,192,20,pass,candidate
WALLABY J130100+025004,NGC4808,NGC 4808 TR1,195.2508786554781,2.83447750200797,99.69251064665931,9.448904920666052,1.56261412601,1953p027,195,20,pass,candidate
WALLABY J130358+054204,NGC4808,NGC 4808 TR1,195.9919439732283,5.701191368643388,208.81925061001039,10.39994845274108,2.55378185781,1959p057,195,20,pass,candidate
WALLABY J130440+075733,NGC4808,NGC 4808 TR1,196.1671945150835,7.959241906193213,201.7318867557017,9.91819477490936,1.25925770495,1962p080,196,20,pass,candidate
WALLABY J125243+075643,NGC4808,NGC 4808 TR1,193.1796800113196,7.945294777857378,165.42679427847636,9.859221344136813,1.74878737283,1932p080,193,21,pass,candidate
WALLABY J125308+081035,NGC4808,NGC 4808 TR1,193.285961300674,8.176526063521193,212.0102361002386,9.61030554559534,1.31184654898,1932p082,193,21,pass,candidate
WALLABY J125734+035519,NGC4808,NGC 4808 TR1,194.3922581540498,3.922133743602001,100.91534531730885,9.46335713704094,1.51177188915,1943p040,194,21,pass,candidate
WALLABY J125851+052229,NGC4808,NGC 4808 TR1,194.7125833170963,5.374804132420861,181.47506694799324,10.096475200641434,2.05778472871,1946p052,194,21,pass,candidate
WALLABY J130901+072007,NGC4808,NGC 4808 TR1,197.2565860824336,7.335531829861735,91.06661298817339,9.016036865746742,0.981959925547,1972p072,197,21,pass,candidate
WALLABY J125133+080241,NGC4808,NGC 4808 TR1,192.8899593528852,8.04494296914028,51.3775869660559,9.081303856772864,2.02790876281,1929p080,192,22,pass,candidate
WALLABY J125605+053051,NGC4808,NGC 4808 TR1,194.0248919002707,5.514225959749903,101.86071461806917,9.343668013462707,1.39221366376,1939p055,193,22,pass,candidate
WALLABY J125814+061724,NGC4808,NGC 4808 TR1,194.5608884633553,6.290199043742475,50.72090850252904,8.403690580228643,1.15024029522,1944p062,194,22,pass,candidate
WALLABY J130904+081148,NGC4808,NGC 4808 TR1,197.2669371994904,8.196916480601656,101.95615454472694,9.242618217635558,1.08871524484,1972p082,197,22,pass,candidate
WALLABY J125652+045727,NGC4808,NGC 4808 TR1,194.2190818564591,4.957517697984626,104.94184636347359,9.432908898191286,1.10549715204,1941p050,194,23,pass,candidate
WALLABY J130122+042728,NGC4808,NGC 4808 TR1,195.3418198413353,4.457960902657603,209.20864522010638,9.74165026992626,0.944989017849,1954p045,195,23,pass,candidate
WALLABY J130125+042810,NGC4808,NGC 4808 TR1,195.3548696568909,4.469665516933914,101.17391915296824,9.346199116342769,1.28300572447,1954p045,195,23,pass,candidate
WALLABY J131208+025916,NGC4808,NGC 4808 TR1,198.0351325685212,2.988027246026582,43.405871392039224,9.168941015727592,2.02465529302,1981p030,198,23,pass,candidate
WALLABY J125834+054735,NGC4808,NGC 4808 TR1,194.6451961607791,5.793220269142166,165.64947500106237,9.578950789751252,1.67375567183,1946p057,194,3,pass,candidate
WALLABY J130428+043155,NGC4808,NGC 4808 TR1,196.1185647289739,4.532064306218369,101.22780684824907,9.509912344818577,1.81577955327,1961p045,196,3,pass,candidate
WALLABY J131145+075645,NGC4808,NGC 4808 TR1,197.9378037835,7.94608464088534,279.47728120147644,10.40611133171507,1.65965676376,1980p080,198,3,pass,candidate
WALLABY J125603+045202,NGC4808,NGC 4808 TR1,194.0145130641613,4.867470533228871,19.62626665196087,7.7710374877479165,1.1667181685,1939p047,193,4,pass,candidate
WALLABY J125814+033205,NGC4808,NGC 4808 TR1,194.5616729644435,3.534761876642164,262.2578555322415,10.262293225367001,1.54883359013,1946p035,194,4,pass,candidate
WALLABY J130544+073310,NGC4808,NGC 4808 TR1,196.4340725835904,7.552818324762374,265.6854684409026,10.181426185823119,1.31091009857,1964p075,196,4,pass,candidate
WALLABY J130739+075909,NGC4808,NGC 4808 TR1,196.915287541715,7.985940934714646,86.44026402023306,9.099687064482136,1.35140820869,1970p080,197,4,pass,candidate
WALLABY J125121+063829,NGC4808,NGC 4808 TR1,192.8412619534736,6.641503386355568,214.23398297625994,9.857468398871994,0.946875318858,1929p067,192,5,pass,candidate
WALLABY J125523+075436,NGC4808,NGC 4808 TR1,193.8487998157023,7.910181100384291,40.087366445067914,8.776928957775622,1.44746497064,1937p080,193,5,pass,candidate
WALLABY J125636+030211,NGC4808,NGC 4808 TR1,194.1512747026559,3.036499635686831,269.1708636343144,10.005780455912971,1.0540474526,1941p030,194,5,pass,candidate
WALLABY J125937+070246,NGC4808,NGC 4808 TR1,194.9062576940751,7.046358440933668,260.4467478211136,9.796527252846468,1.15136876023,1949p070,194,6,pass,candidate
WALLABY J130116+045403,NGC4808,NGC 4808 TR1,195.3180434743714,4.90094037187806,205.57644636772514,9.82875459879362,1.06988052122,1954p050,195,6,pass,candidate
WALLABY J130148+045931,NGC4808,NGC 4808 TR1,195.4525200888066,4.992044900970917,169.09460367697085,10.156970633783905,1.69405634651,1954p050,195,6,pass,candidate
WALLABY J130535+051140,NGC4808,NGC 4808 TR1,196.397698989546,5.194619989003242,187.44414301107622,9.767620918195492,1.03759437196,1964p052,196,6,pass,candidate
WALLABY J125548+045901,NGC4808,NGC 4808 TR1,193.9516673031105,4.983869814641685,209.46690014413463,10.223297029937642,1.39457138293,1939p050,193,7,pass,candidate
WALLABY J125909+063848,NGC4808,NGC 4808 TR1,194.7878042187332,6.646669017067532,218.68376654037158,9.64787711618068,1.07679650788,1947p067,194,7,pass,candidate
WALLABY J130315+074816,NGC4808,NGC 4808 TR1,195.8130646476565,7.804479670054757,41.77399008543943,9.765643048108023,3.70011151133,1957p077,195,7,pass,candidate
WALLABY J130623+052247,NGC4808,NGC 4808 TR1,196.5998240350766,5.379889762738421,186.70749530694732,9.84987458808726,1.46131414556,1966p055,196,7,pass,candidate
WALLABY J130813+053320,NGC4808,NGC 4808 TR1,197.0545332161709,5.555655545145839,202.53039442326445,9.826499020261622,1.51163212909,1969p055,196,7,pass,candidate
WALLABY J125339+040434,NGC4808,NGC 4808 TR1,193.4163002980719,4.076202169031759,12.669839249570481,7.1300555345454795,0.798391737365,1933p040,193,8,pass,candidate
WALLABY J125604+064914,NGC4808,NGC 4808 TR1,194.016785458323,6.820731629179483,51.60664433457046,8.949214009715627,1.30785478368,1939p067,193,8,pass,candidate
WALLABY J130031+083118,NGC4808,NGC 4808 TR1,195.1306926942061,8.521928821993091,222.85660628586876,10.192653333895798,1.38516686261,1950p085,195,8,pass,candidate
WALLABY J130316+044405,NGC4808,NGC 4808 TR1,195.8192386945843,4.73493743852465,195.9921918985657,10.057799284331484,1.48000450296,1959p047,195,8,pass,candidate
WALLABY J130813+034746,NGC4808,NGC 4808 TR1,197.0565003559996,3.796204925222519,85.22475756064365,9.08084167287132,1.19610605184,1971p037,197,8,pass,candidate
WALLABY J125627+060352,NGC4808,NGC 4808 TR1,194.1159196795489,6.064565763683702,164.38730756772188,10.178946952143832,2.05533356961,1941p060,194,9,pass,candidate
WALLABY J125647+055350,NGC4808,NGC 4808 TR1,194.1974258928433,5.897395101697982,203.72064947660473,9.81550340449677,1.06022496304,1941p060,194,9,pass,candidate
WALLABY J125647+055512,NGC4808,NGC 4808 TR1,194.199239406065,5.920004963127693,135.7815962544929,9.683145767938688,1.83653255301,1941p060,194,9,pass,candidate
WALLABY J130512+034927,NGC4808,NGC 4808 TR1,196.3031694911503,3.824374992120449,206.20563890652357,9.876611539955153,1.27425362315,1963p037,196,9,pass,candidate
WALLABY J130043-185429,NGC5044,NGC 5044 TR3,195.1813806339776,-18.90821102317548,148.71839334231268,9.63097371410426,1.40313253576,1951m190,195,0,pass,candidate
WALLABY J130133-192537,NGC5044,NGC 5044 TR3,195.3884237879195,-19.42708450209177,166.6122765907277,9.672739801268015,1.16806189038,1954m195,195,0,pass,candidate
WALLABY J131025-165550,NGC5044,NGC 5044 TR3,197.6053630962777,-16.93071254582796,34.9371206266864,8.65797241377997,1.68498771602,1976m170,197,0,pass,candidate
WALLABY J131033-170323,NGC5044,NGC 5044 TR3,197.6401967211993,-17.0564824647334,70.02388038815477,8.959945894283535,1.13836051656,1976m170,197,0,pass,candidate
WALLABY J132024-143418,NGC5044,NGC 5044 TR3,200.1015434492149,-14.57176485943598,93.40742174505284,9.222787371918457,0.974163111847,1999m145,199,0,pass,candidate
WALLABY J132040-165353,NGC5044,NGC 5044 TR3,200.1703224150013,-16.89824055777568,23.94073998636923,8.41445362134126,1.55504161625,2002m170,200,0,pass,candidate
WALLABY J132145-154135,NGC5044,NGC 5044 TR3,200.4390665531368,-15.69305629796722,74.02709454253615,9.315043044834734,1.13134905465,2003m157,200,0,pass,candidate
WALLABY J132136-203629,NGC5044,NGC 5044 TR3,200.4020611383117,-20.60813274018308,31.288589053324383,8.37510860590893,1.35904188771,2004m205,200,0,pass,candidate
WALLABY J132803-152028,NGC5044,NGC 5044 TR3,202.0145316350654,-15.34136814914811,346.6773647469866,10.289833633110907,1.06990392811,2021m152,202,0,pass,candidate
WALLABY J133039-214217,NGC5044,NGC 5044 TR3,202.6640028330834,-21.70484280573849,105.71318899013978,9.264819454266656,1.27047451085,2027m217,202,0,pass,candidate
WALLABY J133042-213957,NGC5044,NGC 5044 TR3,202.678744833093,-21.66624246175665,106.00445902121234,9.22495229742579,1.36359144644,2027m217,202,0,pass,candidate
WALLABY J133058-215044,NGC5044,NGC 5044 TR3,202.7428579512032,-21.84576232834223,105.10880252958917,10.171057535654853,2.67252411425,2027m217,202,0,pass,candidate
WALLABY J133138-232047,NGC5044,NGC 5044 TR3,202.9117168903747,-23.34665968442661,107.2822807708172,10.049071007986301,1.66290100029,2029m232,202,0,pass,candidate
WALLABY J133141-231608,NGC5044,NGC 5044 TR3,202.9222759979866,-23.26893052085811,131.41434926897264,9.332853085367402,1.18118164334,2029m232,202,0,pass,candidate
WALLABY J133217-231924,NGC5044,NGC 5044 TR3,203.0710658887626,-23.32337707705301,190.90740979590078,9.91482624164984,1.19120699948,2029m232,202,0,pass,candidate
WALLABY J133543-174712,NGC5044,NGC 5044 TR3,203.9324671486429,-17.78667518638819,209.31833799486216,9.974527239041384,1.19063763109,2039m177,203,0,pass,candidate
WALLABY J133627-171544,NGC5044,NGC 5044 TR3,204.1149138905593,-17.2623860442406,169.40760174314983,9.561682343910938,1.08201837917,2041m172,204,0,pass,candidate
WALLABY J133841-182702,NGC5044,NGC 5044 TR3,204.671896422436,-18.45062492703252,145.18165669767183,9.33698766386161,0.897456100073,2046m185,204,0,pass,candidate
WALLABY J130235-113803,NGC5044,NGC 5044 TR3,195.6498798271122,-11.63425482626171,49.790764641362465,9.517796295922604,3.0502408858,1956m117,195,1,pass,candidate
WALLABY J130357-112956,NGC5044,NGC 5044 TR3,195.9878894664428,-11.49888196804582,45.40372420375908,9.177743238364227,3.2975594439,1959m115,195,1,pass,candidate
WALLABY J130401-170100,NGC5044,NGC 5044 TR3,196.0048882532951,-17.01688869012441,196.57486306236035,10.425379154391702,2.10220679214,1960m170,196,1,pass,candidate
WALLABY J130422-170313,NGC5044,NGC 5044 TR3,196.092044341364,-17.05385627985771,195.2311929500984,9.625602886015368,1.00947810229,1960m170,196,1,pass,candidate
WALLABY J130647-162241,NGC5044,NGC 5044 TR3,196.6975734868424,-16.37808297364895,156.17895590837466,9.59222041439519,1.25508425413,1968m165,196,1,pass,candidate
WALLABY J131248-173738,NGC5044,NGC 5044 TR3,198.2011545683351,-17.62723698613601,197.02824373066065,10.16435351861182,1.35252619338,1982m177,198,1,pass,candidate
WALLABY J131346-144345,NGC5044,NGC 5044 TR3,198.4457679576642,-14.72919539029046,34.49239039672085,8.617148550623929,1.48353087619,1984m147,198,1,pass,candidate
WALLABY J131420-122736,NGC5044,NGC 5044 TR3,198.5869879436015,-12.46009253917626,275.5712897488474,10.340522464717603,1.48483345458,1985m125,198,1,pass,candidate
WALLABY J131524-154106,NGC5044,NGC 5044 TR3,198.8536813092381,-15.6851753279442,40.923281679922084,8.335251085648911,1.06802186544,1988m157,198,1,pass,candidate
WALLABY J131742-141341,NGC5044,NGC 5044 TR3,199.4270690778312,-14.22825627132551,172.12661223308876,9.834543054398145,1.24759985554,1994m142,199,1,pass,candidate
WALLABY J131934-124159,NGC5044,NGC 5044 TR3,199.8946245362015,-12.69982579428789,41.975186023851286,8.764826230198391,3.58162109051,1998m127,199,1,pass,candidate
WALLABY J131938-124148,NGC5044,NGC 5044 TR3,199.9094157315559,-12.69683596009949,31.776703651046592,8.953430053589912,1.65402013558,1998m127,199,1,pass,candidate
WALLABY J132018-163208,NGC5044,NGC 5044 TR3,200.078147775586,-16.53567405654125,32.48463933863032,8.53011807620195,1.2734927037,2001m165,200,1,pass,candidate
WALLABY J132229-214334,NGC5044,NGC 5044 TR3,200.6232034092806,-21.72606743595332,23.469591989799962,7.929301305687322,0.98026586756,2005m217,200,1,pass,candidate
WALLABY J132825-253528,NGC5044,NGC 5044 TR3,202.1066852027902,-25.59123599388925,254.6380016457277,10.314972849402144,1.16372628675,2019m255,201,1,pass,candidate
WALLABY J133841-202243,NGC5044,NGC 5044 TR3,204.6727272415774,-20.37819067231012,183.91752319284214,10.084904362690182,1.50977234539,2046m205,204,1,pass,candidate
WALLABY J133933-222957,NGC5044,NGC 5044 TR3,204.8909435518751,-22.49930605045906,99.97102865101009,9.901283665112304,2.12162555836,2050m225,205,1,pass,candidate
WALLABY J134002-252831,NGC5044,NGC 5044 TR3,205.0124543312774,-25.47524904711673,73.47555811624738,9.979686303904312,2.03544479644,2050m255,205,1,pass,candidate
WALLABY J134455-201659,NGC5044,NGC 5044 TR3,206.2305030914163,-20.28311089296437,338.38219575943356,9.94929662646614,0.905712482973,2061m202,206,1,pass,candidate
WALLABY J134447-230014,NGC5044,NGC 5044 TR3,206.1971380530454,-23.00411810404794,84.53204551662803,9.149222612494505,1.32005871392,2061m230,206,1,pass,candidate
WALLABY J125931-140755,NGC5044,NGC 5044 TR3,194.879868281827,-14.13200118184042,92.19604809620024,9.857906151749308,1.82144805665,1948m142,194,10,pass,candidate
WALLABY J125912-182326,NGC5044,NGC 5044 TR3,194.8009602364077,-18.39074532697991,218.60220878686974,9.889980565067885,0.98567677498,1948m185,194,10,pass,candidate
WALLABY J130029-133942,NGC5044,NGC 5044 TR3,195.1230545042441,-13.66191782834417,91.49325624635613,9.019082271334751,1.04901857325,1950m137,195,10,pass,candidate
WALLABY J130203-145302,NGC5044,NGC 5044 TR3,195.5149418546055,-14.88408311636801,19.200008826423883,8.865599874205119,3.94662320891,1953m150,195,10,pass,candidate
WALLABY J130252-113001,NGC5044,NGC 5044 TR3,195.716969972835,-11.50039328421804,160.57333478736865,9.884307005135827,1.2549520516,1956m115,195,10,pass,candidate
WALLABY J130321-134144,NGC5044,NGC 5044 TR3,195.8406584450456,-13.69555148865209,199.07263789536867,9.964943378179512,1.82502032804,1958m137,195,10,pass,candidate
WALLABY J130425-204308,NGC5044,NGC 5044 TR3,196.1068241380077,-20.71902924139554,187.25277329327673,10.193243704036249,1.96543461875,1961m207,196,10,pass,candidate
WALLABY J130545-193817,NGC5044,NGC 5044 TR3,196.4403386735816,-19.63814904532346,192.27811884126845,10.227547919923207,2.32859074,1965m197,196,10,pass,candidate
WALLABY J130733-120657,NGC5044,NGC 5044 TR3,196.8908697202871,-12.11601931494597,92.62191137195067,9.104305854341074,0.946176193486,1969m120,196,10,pass,candidate
WALLABY J130813-120248,NGC5044,NGC 5044 TR3,197.0582619578008,-12.04677668523579,90.71736019429507,9.285924384092176,1.11056293038,1969m120,196,10,pass,candidate
WALLABY J130846-175751,NGC5044,NGC 5044 TR3,197.1921190634235,-17.96420543040498,195.12158942625942,10.229611232065219,1.18840559883,1971m180,197,10,pass,candidate
WALLABY J131448-163249,NGC5044,NGC 5044 TR3,198.7022203520411,-16.54712288181058,312.84221177514416,9.950144810434173,1.2993355984,1986m165,198,10,pass,candidate
WALLABY J131600-185222,NGC5044,NGC 5044 TR3,199.0017438266887,-18.87293471300055,251.72430168236195,9.888144656185704,1.23925870391,1991m187,199,10,pass,candidate
WALLABY J131650-184634,NGC5044,NGC 5044 TR3,199.210465582407,-18.77629881959891,111.21654344780775,9.026076849877473,1.29285158135,1991m187,199,10,pass,candidate
WALLABY J131624-192614,NGC5044,NGC 5044 TR3,199.1002059444695,-19.43734044291001,107.20894812159031,9.567009284384259,1.42584477744,1991m195,199,10,pass,candidate
WALLABY J132749-180135,NGC5044,NGC 5044 TR3,201.9575026255272,-18.02650815543403,104.15417785383723,9.056289319872356,1.12554748725,2019m180,201,10,pass,candidate
WALLABY J133300-224718,NGC5044,NGC 5044 TR3,203.2522739522627,-22.78857214419596,179.90351931944934,9.589718818444137,0.98635133797,2031m227,203,10,pass,candidate
WALLABY J133523-230609,NGC5044,NGC 5044 TR3,203.8487579576939,-23.10248706435084,113.12272101714889,9.48537761548331,1.26764803185,2037m230,203,10,pass,candidate
WALLABY J133822-195211,NGC5044,NGC 5044 TR3,204.5925232199686,-19.8697292799374,235.4763453061309,9.77758547646103,1.06531421106,2045m197,204,10,pass,candidate
WALLABY J134201-221411,NGC5044,NGC 5044 TR3,205.5072721636919,-22.2363770771911,211.4449806828276,9.906980471314114,1.14033005417,2055m222,205,10,pass,candidate
WALLABY J134514-151038,NGC5044,NGC 5044 TR3,206.3121530026291,-15.17739940435436,126.10914204530054,9.69160031695313,1.2234200864,2062m152,206,10,pass,candidate
WALLABY J130254-135530,NGC5044,NGC 5044 TR3,195.7278482852703,-13.9252163803222,308.9554147969699,10.091306538883915,1.14088951761,1958m140,195,11,pass,candidate
WALLABY J130315-140627,NGC5044,NGC 5044 TR3,195.8164769716052,-14.10755420854743,103.54246246132357,9.351825971437542,1.14472548327,1958m140,195,11,pass,candidate
WALLABY J130654-154854,NGC5044,NGC 5044 TR3,196.7252928746578,-15.81524622040997,162.1331661706802,9.942412001060525,1.38487297545,1967m157,196,11,pass,candidate
WALLABY J131049-182530,NGC5044,NGC 5044 TR3,197.7045968280324,-18.42512378792835,191.3634646214382,9.662954993227478,1.12180068773,1977m185,197,11,pass,candidate
WALLABY J131049-182903,NGC5044,NGC 5044 TR3,197.7058386612394,-18.48416064188153,193.81108426676428,9.980398730630565,1.36287389153,1977m185,197,11,pass,candidate
WALLABY J131132-144033,NGC5044,NGC 5044 TR3,197.8842002425692,-14.67600800467636,35.10377447195056,8.846802178557189,1.65920853051,1979m147,197,11,pass,candidate
WALLABY J131327-204640,NGC5044,NGC 5044 TR3,198.3643547110788,-20.77803025079113,192.0927602862111,10.137201322806877,1.22733857838,1982m207,198,11,pass,candidate
WALLABY J131732-121430,NGC5044,NGC 5044 TR3,199.3860851731896,-12.2418364113707,91.43282660907069,9.624552205262335,1.45555214026,1993m122,199,11,pass,candidate
WALLABY J132353-184841,NGC5044,NGC 5044 TR3,200.9730072170092,-18.81159195856872,101.31445052865448,9.417580719335547,1.20884874522,2009m187,200,11,pass,candidate
WALLABY J132542-164457,NGC5044,NGC 5044 TR3,201.4249888237653,-16.74930541843242,77.23102146110043,9.53390034295109,2.26005308067,2015m167,201,11,pass,candidate
WALLABY J132749-240921,NGC5044,NGC 5044 TR3,201.9549805141728,-24.15594341162857,133.901892755967,9.466414031960012,1.04892579712,2020m242,202,11,pass,candidate
WALLABY J132814-212253,NGC5044,NGC 5044 TR3,202.0621431087751,-21.38155866961242,76.09836695247493,9.416843037273159,1.29518036018,2021m215,202,11,pass,candidate
WALLABY J132906-151215,NGC5044,NGC 5044 TR3,202.2783859666355,-15.20436989740212,287.06090769728434,9.873718423507178,1.61008950263,2023m152,202,11,pass,candidate
WALLABY J133033-193217,NGC5044,NGC 5044 TR3,202.6396523250638,-19.53827793205698,80.76462700418698,8.817365506376106,0.862793826935,2026m195,202,11,pass,candidate
WALLABY J133117-152046,NGC5044,NGC 5044 TR3,202.8209953290672,-15.346367264738,147.2157066306073,9.662343470140005,1.38412378166,2028m152,202,11,pass,candidate
WALLABY J133107-190909,NGC5044,NGC 5044 TR3,202.780993704968,-19.15249608707152,232.33708764704727,10.14833625777632,1.63057447026,2028m192,202,11,pass,candidate
WALLABY J133255-154459,NGC5044,NGC 5044 TR3,203.2301280355483,-15.74983983748732,235.1730237539921,9.675934675927225,1.41289917684,2032m157,203,11,pass,candidate
WALLABY J130132-190935,NGC5044,NGC 5044 TR3,195.3840466774423,-19.15983550341603,187.86535872217215,10.145058569362575,1.28541216235,1954m192,195,12,pass,candidate
WALLABY J130153-191443,NGC5044,NGC 5044 TR3,195.4736204845551,-19.24551970320087,164.48944139291493,9.84303235998506,1.56376134284,1954m192,195,12,pass,candidate
WALLABY J130216-145410,NGC5044,NGC 5044 TR3,195.5693467423081,-14.90295409348231,69.50486716272555,9.26178858679491,3.75101606995,1956m150,195,12,pass,candidate
WALLABY J130358-143526,NGC5044,NGC 5044 TR3,195.9947569161434,-14.59077408240786,201.90600151229486,9.736511477404388,1.18295443493,1961m145,196,12,pass,candidate
WALLABY J130408-142339,NGC5044,NGC 5044 TR3,196.0354130751795,-14.39422535248967,103.08174235109476,9.527926739330118,1.69065642732,1961m145,196,12,pass,candidate
WALLABY J130554-121523,NGC5044,NGC 5044 TR3,196.4757590688532,-12.25651057631063,161.7303301583132,9.58321671050514,1.06523732179,1964m122,196,12,pass,candidate
WALLABY J130607-124509,NGC5044,NGC 5044 TR3,196.532143232309,-12.75255901482691,162.48417500607982,9.393226210560242,1.08668461136,1965m127,196,12,pass,candidate
WALLABY J130643-155855,NGC5044,NGC 5044 TR3,196.6805164857174,-15.9820745893096,162.03719977783115,9.719356379682461,1.36691148518,1967m160,196,12,pass,candidate
WALLABY J131159-134336,NGC5044,NGC 5044 TR3,197.9958770426962,-13.72684772302685,100.33957550286823,9.435137369217262,1.25881048181,1978m137,197,12,pass,candidate
WALLABY J131535-142104,NGC5044,NGC 5044 TR3,198.8973986368676,-14.3511434652729,99.58840245893559,9.295436407713071,1.05886484432,1989m142,198,12,pass,candidate
WALLABY J131618-190711,NGC5044,NGC 5044 TR3,199.076912411234,-19.11988372002299,91.21833251596837,9.03976506753679,1.16953180129,1991m190,199,12,pass,candidate
WALLABY J131806-181910,NGC5044,NGC 5044 TR3,199.5264879545949,-18.31965951853257,76.83709131233475,8.880429588199217,0.905449710931,1995m182,199,12,pass,candidate
WALLABY J131855-170333,NGC5044,NGC 5044 TR3,199.7322777622092,-17.05934297047196,283.4556065115852,10.318363787986282,1.80264661658,1997m170,199,12,pass,candidate
WALLABY J131919-170339,NGC5044,NGC 5044 TR3,199.8296459312354,-17.0610191473605,282.61601526125395,10.035989541175947,1.08885136707,1997m170,199,12,pass,candidate
WALLABY J131920-170105,NGC5044,NGC 5044 TR3,199.8338640072811,-17.01804449876221,146.84718080287857,9.50614359869594,1.5237281785,1997m170,199,12,pass,candidate
WALLABY J132059-173347,NGC5044,NGC 5044 TR3,200.2464278168946,-17.56325401165413,33.113856140734306,8.080168426029422,0.933726986367,2002m175,200,12,pass,candidate
WALLABY J132329-163056,NGC5044,NGC 5044 TR3,200.8745164409881,-16.51563277639544,73.75883854916691,9.23930393621938,1.36901273224,2009m165,200,12,pass,candidate
WALLABY J132422-162744,NGC5044,NGC 5044 TR3,201.0939346487607,-16.46230570084084,312.29220298937616,9.84653179954402,1.06399955306,2009m165,200,12,pass,candidate
WALLABY J132358-151422,NGC5044,NGC 5044 TR3,200.9955630396745,-15.23946197313126,204.77697793516114,10.055063867449563,1.64037593445,2010m152,201,12,pass,candidate
WALLABY J132347-193322,NGC5044,NGC 5044 TR3,200.9477103392023,-19.55625300170945,76.23303153439224,8.742003003797274,0.9511550587,2010m195,201,12,pass,candidate
WALLABY J132427-201307,NGC5044,NGC 5044 TR3,201.1166427523968,-20.21916881575829,101.33987611518151,9.790506108171536,1.50023577451,2011m202,201,12,pass,candidate
WALLABY J132454-201759,NGC5044,NGC 5044 TR3,201.2278759129651,-20.29981239138882,24.902192867439556,8.331245904205145,1.5174324009,2011m202,201,12,pass,candidate
WALLABY J132552-203408,NGC5044,NGC 5044 TR3,201.4670625621053,-20.56915141334312,103.12084005392053,9.631809156162111,1.80347371543,2014m205,201,12,pass,candidate
WALLABY J133325-220257,NGC5044,NGC 5044 TR3,203.3580011063873,-22.04940803380708,100.19275409138656,9.437608143974355,1.49950465048,2032m220,203,12,pass,candidate
WALLABY J133600-205437,NGC5044,NGC 5044 TR3,204.0021409286826,-20.9103459150554,194.60946367235664,10.387075947509556,1.61285273374,2039m210,203,12,pass,candidate
WALLABY J133702-175223,NGC5044,NGC 5044 TR3,204.2613647610197,-17.87312452097598,183.10175875032814,9.973530488757595,2.12101775536,2042m177,204,12,pass,candidate
WALLABY J133844-153815,NGC5044,NGC 5044 TR3,204.6859413905051,-15.63752630119929,212.0816054006549,10.194593093078064,1.39120349901,2047m157,204,12,pass,candidate
WALLABY J133834-174954,NGC5044,NGC 5044 TR3,204.6424928336768,-17.83166546164334,181.38204781980028,10.056261521085624,2.02486947973,2047m177,204,12,pass,candidate
WALLABY J134034-183340,NGC5044,NGC 5044 TR3,205.1434330780191,-18.56112805999475,185.08005272848604,9.535941940156468,0.867460615929,2051m185,205,12,pass,candidate
WALLABY J125859-135141,NGC5044,NGC 5044 TR3,194.7491421413461,-13.86139762025943,69.74627161952594,8.993047467935394,1.24623706419,1947m137,194,13,pass,candidate
WALLABY J125930-135159,NGC5044,NGC 5044 TR3,194.8757342390907,-13.86648646475514,199.9970055320237,9.828042939496765,1.1421690211,1947m137,194,13,pass,candidate
WALLABY J130527-142801,NGC5044,NGC 5044 TR3,196.36613698946,-14.46698452153477,36.22617173780913,8.405221258425115,1.20180178802,1963m145,196,13,pass,candidate
WALLABY J130546-133400,NGC5044,NGC 5044 TR3,196.4448594975306,-13.56668846276973,18.526914591532158,7.645389682122517,0.929293114877,1965m135,196,13,pass,candidate
WALLABY J130629-133413,NGC5044,NGC 5044 TR3,196.6218391513807,-13.57052642779894,35.19782151889389,9.316220611356057,2.05837231271,1965m135,196,13,pass,candidate
WALLABY J130622-161408,NGC5044,NGC 5044 TR3,196.592874903122,-16.23570153425173,159.27661541050279,9.457480532376977,1.08437195729,1965m162,196,13,pass,candidate
WALLABY J130718-130903,NGC5044,NGC 5044 TR3,196.8279067481465,-13.15083078699333,21.77265798296513,7.77903028730011,0.995821637828,1967m132,196,13,pass,candidate
WALLABY J130732-132154,NGC5044,NGC 5044 TR3,196.8860636562393,-13.36509251472262,69.9435539146288,9.210648746630474,1.21691407247,1967m132,196,13,pass,candidate
WALLABY J131017-171323,NGC5044,NGC 5044 TR3,197.5721537932745,-17.22329900788115,237.46985317943654,9.762945959401153,1.32022349579,1976m172,197,13,pass,candidate
WALLABY J131434-145005,NGC5044,NGC 5044 TR3,198.6457679520595,-14.83483833727789,76.64926749534284,9.217910407137959,2.83333284754,1987m147,198,13,pass,candidate
WALLABY J131451-143740,NGC5044,NGC 5044 TR3,198.7160032826288,-14.62794470308484,169.28317909844878,9.65676507333962,1.19318099694,1987m147,198,13,pass,candidate
WALLABY J131649-133623,NGC5044,NGC 5044 TR3,199.2054044048268,-13.60653419636822,95.9444593063983,9.907194123376708,1.84343643369,1991m135,199,13,pass,candidate
WALLABY J132046-124531,NGC5044,NGC 5044 TR3,200.195072601996,-12.75864481760356,76.11032138556985,9.086482386034756,1.24561737318,2000m127,200,13,pass,candidate
WALLABY J132042-173916,NGC5044,NGC 5044 TR3,200.178382847752,-17.65458987559917,74.01554419334519,9.015170737151037,1.75065579506,2003m177,200,13,pass,candidate
WALLABY J132331-235339,NGC5044,NGC 5044 TR3,200.8799080469495,-23.89412682697595,179.4357809251482,10.272132459771406,1.43417447719,2008m240,200,13,pass,candidate
WALLABY J132359-235510,NGC5044,NGC 5044 TR3,200.9982322979386,-23.91966438106944,267.9416304271622,9.949112527668285,1.41677674833,2008m240,200,13,pass,candidate
WALLABY J132358-190341,NGC5044,NGC 5044 TR3,200.9926487324703,-19.06152300549203,98.7737255226776,9.638721443574694,1.27839153956,2009m190,200,13,pass,candidate
WALLABY J132419-185912,NGC5044,NGC 5044 TR3,201.0822306190693,-18.98667025343429,71.4601138549041,8.812195259523254,1.01909169141,2009m190,200,13,pass,candidate
WALLABY J132552-241252,NGC5044,NGC 5044 TR3,201.4697867299596,-24.2153053491788,177.67308436871156,9.814356445736264,1.43316197768,2014m242,201,13,pass,candidate
WALLABY J132558-242128,NGC5044,NGC 5044 TR3,201.4950267312549,-24.35797695854149,177.7578764255307,9.68792042841408,1.61242427307,2014m242,201,13,pass,candidate
WALLABY J132713-202729,NGC5044,NGC 5044 TR3,201.8074836446877,-20.45819837713485,96.7002612556317,9.62494569530268,1.71117193602,2017m205,201,13,pass,candidate
WALLABY J133039-241626,NGC5044,NGC 5044 TR3,202.6657223665214,-24.27405377621292,109.78791853254614,9.111011429736347,1.12185008274,2025m242,202,13,pass,candidate
WALLABY J133506-233309,NGC5044,NGC 5044 TR3,203.775293154395,-23.5523803490717,147.422886503573,9.294798040028157,1.15915759188,2038m235,203,13,pass,candidate
WALLABY J133708-203705,NGC5044,NGC 5044 TR3,204.2866962656135,-20.61831856029339,320.8357024086551,9.930458558297559,1.37434811374,2044m205,204,13,pass,candidate
WALLABY J133851-165026,NGC5044,NGC 5044 TR3,204.7163642030499,-16.84081837349538,194.16475975451257,9.780915609027943,1.29208396373,2046m167,204,13,pass,candidate
WALLABY J133818-233325,NGC5044,NGC 5044 TR3,204.5765918042904,-23.5571663430436,165.46834296150058,9.687408519009765,1.18392521186,2046m235,204,13,pass,candidate
WALLABY J133950-195837,NGC5044,NGC 5044 TR3,204.9615240487306,-19.97729910412098,172.6572709947759,9.933350274697126,1.48252895503,2050m200,205,13,pass,candidate
WALLABY J134017-200502,NGC5044,NGC 5044 TR3,205.0707656756805,-20.08470467576307,167.5316348465526,9.80805232991308,1.32097570785,2050m200,205,13,pass,candidate
WALLABY J134018-200556,NGC5044,NGC 5044 TR3,205.075636422848,-20.09881071379293,172.88733535991727,10.068771993002768,1.76390981565,2050m200,205,13,pass,candidate
WALLABY J125932-151419,NGC5044,NGC 5044 TR3,194.8866824966066,-15.23881391440914,20.28347851631015,8.141622739521514,1.43221021768,1948m152,194,14,pass,candidate
WALLABY J125943-150804,NGC5044,NGC 5044 TR3,194.9311902867851,-15.13446673877278,191.62028033744699,9.793170004802697,1.28013889609,1948m152,194,14,pass,candidate
WALLABY J125956-192430,NGC5044,NGC 5044 TR3,194.9833370349134,-19.40843429410134,11.822187201840713,8.253953654297579,3.0312403596,1949m195,194,14,pass,candidate
WALLABY J130010-130042,NGC5044,NGC 5044 TR3,195.0439359194091,-13.01183146020194,67.77856252219776,8.758850495545797,1.10614897757,1950m130,195,14,pass,candidate
WALLABY J130121-133904,NGC5044,NGC 5044 TR3,195.3413509115298,-13.65130019477887,130.94381091356993,9.743202903021873,1.17510942369,1953m137,195,14,pass,candidate
WALLABY J130221-154600,NGC5044,NGC 5044 TR3,195.590275974464,-15.76689407031091,69.28458002795942,10.12923822249869,3.98219110884,1956m157,195,14,pass,candidate
WALLABY J130224-155038,NGC5044,NGC 5044 TR3,195.6017505409316,-15.84401044556966,194.76936585680582,9.715740514038387,1.38579067252,1956m157,195,14,pass,candidate
WALLABY J130759-180456,NGC5044,NGC 5044 TR3,196.9989657799867,-18.08222731451413,153.7927986534279,10.010976523481583,1.40974649588,1969m180,196,14,pass,candidate
WALLABY J130939-135908,NGC5044,NGC 5044 TR3,197.4152779437082,-13.98557532871264,161.44245662953148,9.473340568700493,0.843690426877,1973m140,197,14,pass,candidate
WALLABY J131001-162607,NGC5044,NGC 5044 TR3,197.5047260139062,-16.4353525220682,186.91067658276611,9.78312155129202,1.233618919,1975m165,197,14,pass,candidate
WALLABY J131321-185558,NGC5044,NGC 5044 TR3,198.339349303448,-18.93288961256165,87.69308514281454,9.857859582517666,1.8012152577,1983m190,198,14,pass,candidate
WALLABY J131413-125346,NGC5044,NGC 5044 TR3,198.5546505950913,-12.89633516174442,198.89980739979313,9.635237509951736,1.15324288122,1985m130,198,14,pass,candidate
WALLABY J131532-161726,NGC5044,NGC 5044 TR3,198.8843663419285,-16.29064234419109,46.3799999215541,8.53470226339382,1.49775141889,1988m162,198,14,pass,candidate
WALLABY J131551-161220,NGC5044,NGC 5044 TR3,198.9626237908921,-16.20575391511587,129.64573915114644,9.582814803685372,1.16267939695,1988m162,198,14,pass,candidate
WALLABY J131739-213708,NGC5044,NGC 5044 TR3,199.4153093665174,-21.61913840175578,41.88026713971815,9.208469340010923,2.45523729925,1994m215,199,14,pass,candidate
WALLABY J133041-233009,NGC5044,NGC 5044 TR3,202.6741234209146,-23.50271564864846,184.38408343337525,10.429214507481513,2.12744460212,2027m235,202,14,pass,candidate
WALLABY J133128-212511,NGC5044,NGC 5044 TR3,202.8685954823805,-21.41967994960323,36.579316887561966,8.507920095603085,1.49101156791,2029m215,202,14,pass,candidate
WALLABY J133521-145344,NGC5044,NGC 5044 TR3,203.841199964328,-14.89557474621204,207.76073739174075,9.71509606397356,0.869106257215,2039m150,203,14,pass,candidate
WALLABY J133624-165744,NGC5044,NGC 5044 TR3,204.0999869676198,-16.96240576622585,181.74152420352115,9.49076517475936,1.00239851846,2041m170,204,14,pass,candidate
WALLABY J133832-200024,NGC5044,NGC 5044 TR3,204.6369251640051,-20.00678801417477,234.58724111860326,9.772611729319475,0.907261157916,2045m200,204,14,pass,candidate
WALLABY J134308-201304,NGC5044,NGC 5044 TR3,205.7834506899119,-20.21733973571709,137.3843634796373,9.981969931423254,2.16106404403,2056m202,205,14,pass,candidate
WALLABY J134533-145830,NGC5044,NGC 5044 TR3,206.3876984403641,-14.97513224664495,167.8262171278096,10.457668218695247,2.05580748021,2065m150,206,14,pass,candidate
WALLABY J125907-121329,NGC5044,NGC 5044 TR3,194.7792844114985,-12.22481782798696,18.692699415857778,9.014019827334417,3.46519639675,1947m122,194,15,pass,candidate
WALLABY J130347-180311,NGC5044,NGC 5044 TR3,195.9464995234696,-18.05323432875276,252.848723477805,9.88827060614634,1.27085759309,1958m180,195,15,pass,candidate
WALLABY J130355-163807,NGC5044,NGC 5044 TR3,195.9794978765012,-16.6353485480516,192.20967529966651,9.814427991625243,1.35676655902,1960m167,196,15,pass,candidate
WALLABY J130358-164910,NGC5044,NGC 5044 TR3,195.995555165237,-16.81948791260171,157.51669706543385,9.533048571305313,1.14011799721,1960m167,196,15,pass,candidate
WALLABY J130703-185253,NGC5044,NGC 5044 TR3,196.7624841106888,-18.88159266657526,197.78760341703958,9.865948676667502,1.4989976081,1967m190,196,15,pass,candidate
WALLABY J131051-190753,NGC5044,NGC 5044 TR3,197.7131212333096,-19.13147011309578,285.00808464433834,9.962761485996765,1.00883218755,1978m192,197,15,pass,candidate
WALLABY J131145-191544,NGC5044,NGC 5044 TR3,197.941392387059,-19.26221189715345,39.706800663172125,8.756675343135207,2.16161048607,1978m192,197,15,pass,candidate
WALLABY J131251-183142,NGC5044,NGC 5044 TR3,198.2135433607558,-18.52859263184482,87.97537937584089,9.212275324676414,1.04294350251,1982m185,198,15,pass,candidate
WALLABY J131312-182434,NGC5044,NGC 5044 TR3,198.3017183057716,-18.40952036190312,285.3314552998047,10.043315986682005,1.03500447962,1982m185,198,15,pass,candidate
WALLABY J131352-204405,NGC5044,NGC 5044 TR3,198.4670012295117,-20.73477589493805,41.48315558353832,8.711505233612408,1.69520552021,1985m207,198,15,pass,candidate
WALLABY J131528-131929,NGC5044,NGC 5044 TR3,198.8706875429479,-13.32490250651892,194.17323661871126,9.9905226090976,1.34327177597,1988m132,198,15,pass,candidate
WALLABY J131807-154958,NGC5044,NGC 5044 TR3,199.5293327439417,-15.83279707408289,248.2545475760653,10.290345172255474,1.30346487561,1995m157,199,15,pass,candidate
WALLABY J131845-153954,NGC5044,NGC 5044 TR3,199.6895509086783,-15.66504385501177,92.59538389225807,9.404702310584119,1.20548404446,1995m157,199,15,pass,candidate
WALLABY J132202-174134,NGC5044,NGC 5044 TR3,200.5124197840595,-17.69294491555679,198.5666770803539,9.962666004258967,1.1759238458,2005m177,200,15,pass,candidate
WALLABY J132540-155525,NGC5044,NGC 5044 TR3,201.4205779666336,-15.92362914231312,165.44349090591717,9.709751829172824,2.03992032131,2014m160,201,15,pass,candidate
WALLABY J133113-220341,NGC5044,NGC 5044 TR3,202.8045130524556,-22.06165023990638,132.37071531448345,9.873817999159684,1.49113961905,2027m220,202,15,pass,candidate
WALLABY J133611-234050,NGC5044,NGC 5044 TR3,204.0472298178287,-23.68090425175009,166.1859200569923,10.117969354852645,1.74366226127,2041m237,204,15,pass,candidate
WALLABY J133702-205515,NGC5044,NGC 5044 TR3,204.261621333705,-20.92095005625085,110.19705237862722,9.55430675601966,1.24418306714,2042m210,204,15,pass,candidate
WALLABY J134138-155809,NGC5044,NGC 5044 TR3,205.4119812728546,-15.96936592886104,231.40738089769533,9.859362070096974,0.998602103177,2053m160,205,15,pass,candidate
WALLABY J134145-191825,NGC5044,NGC 5044 TR3,205.4378272897482,-19.30719359091336,232.63489090820062,10.13432271892294,1.45827210335,2055m192,205,15,pass,candidate
WALLABY J134249-182801,NGC5044,NGC 5044 TR3,205.7064844672425,-18.4669385544139,167.37484381637987,9.977396640777723,1.41670920011,2056m185,205,15,pass,candidate
WALLABY J134259-182447,NGC5044,NGC 5044 TR3,205.7469609154332,-18.41312615759503,217.5198845151311,9.413540214209466,1.35588450518,2056m185,205,15,pass,candidate
WALLABY J130121-194538,NGC5044,NGC 5044 TR3,195.3411281481512,-19.76080906124349,173.67158828418061,9.64938155059605,1.14872804108,1952m197,195,16,pass,candidate
WALLABY J130108-181149,NGC5044,NGC 5044 TR3,195.2873718269972,-18.1971102998253,69.0440362435323,9.51286442003276,1.99216909223,1953m182,195,16,pass,candidate
WALLABY J130158-164401,NGC5044,NGC 5044 TR3,195.4945407775092,-16.73375119950919,185.70942038042128,9.541065636639193,1.33214611478,1955m167,195,16,pass,candidate
WALLABY J130201-164147,NGC5044,NGC 5044 TR3,195.5047133185787,-16.69651881999078,198.16046579874987,9.44582734325539,1.04778819387,1955m167,195,16,pass,candidate
WALLABY J130334-163733,NGC5044,NGC 5044 TR3,195.891782347522,-16.62594151735318,198.96909018986048,10.050083463489047,1.39689170544,1957m167,195,16,pass,candidate
WALLABY J130414-191227,NGC5044,NGC 5044 TR3,196.0596487913186,-19.20753620012172,200.1979856344975,9.875481287647172,1.17851298306,1959m192,195,16,pass,candidate
WALLABY J130545-130604,NGC5044,NGC 5044 TR3,196.4379053253799,-13.10124298515618,212.66614932985243,9.759569420513387,1.61629646589,1965m130,196,16,pass,candidate
WALLABY J130547-130037,NGC5044,NGC 5044 TR3,196.4459618831968,-13.01033417515941,263.08369671219486,9.997152552302309,1.14815389259,1965m130,196,16,pass,candidate
WALLABY J130932-145705,NGC5044,NGC 5044 TR3,197.3834144617694,-14.95155538999999,199.03902273337746,9.567803362878257,1.68351521537,1974m150,197,16,pass,candidate
WALLABY J130934-145427,NGC5044,NGC 5044 TR3,197.3926746833904,-14.90767577980139,83.27717310807905,8.873380379112662,1.02545088925,1974m150,197,16,pass,candidate
WALLABY J130937-150616,NGC5044,NGC 5044 TR3,197.4060986641377,-15.10455920579173,198.3044722936738,9.654406215208951,1.24629551281,1974m150,197,16,pass,candidate
WALLABY J130941-145553,NGC5044,NGC 5044 TR3,197.4229132534506,-14.93143426311882,35.595664889448265,7.969953770035343,1.12949074837,1974m150,197,16,pass,candidate
WALLABY J131037-144407,NGC5044,NGC 5044 TR3,197.6573223547578,-14.73553502421977,203.15963817681933,9.828654948721436,1.21447454568,1976m147,197,16,pass,candidate
WALLABY J131038-144004,NGC5044,NGC 5044 TR3,197.6593126665803,-14.66787552159157,47.854772126292374,8.691284402998281,1.26574988734,1976m147,197,16,pass,candidate
WALLABY J131103-144149,NGC5044,NGC 5044 TR3,197.7652960186345,-14.69704730030897,44.968076988376325,8.521986891120248,0.962486360485,1976m147,197,16,pass,candidate
WALLABY J131150-141025,NGC5044,NGC 5044 TR3,197.9594883231726,-14.17368267980236,204.64629803007992,9.750439708775748,1.50021927181,1978m142,197,16,pass,candidate
WALLABY J131403-120644,NGC5044,NGC 5044 TR3,198.5163537955872,-12.112270916266,94.23135569987373,9.088561385308761,1.05745678989,1985m120,198,16,pass,candidate
WALLABY J131441-184647,NGC5044,NGC 5044 TR3,198.6737385077159,-18.77974470656728,98.67013170958538,9.547123045492201,1.44142051228,1985m187,198,16,pass,candidate
WALLABY J131805-191823,NGC5044,NGC 5044 TR3,199.5246093520433,-19.3064179324061,197.28819765067104,9.948173519228398,1.15508336895,1994m192,199,16,pass,candidate
WALLABY J132415-164212,NGC5044,NGC 5044 TR3,201.0648131159837,-16.70347268629918,21.34705374184001,8.574697690835865,1.95888866491,2010m167,201,16,pass,candidate
WALLABY J133222-200358,NGC5044,NGC 5044 TR3,203.0941200502041,-20.06610098024544,24.444516627541915,7.9549892268218345,1.1369002725,2029m200,202,16,pass,candidate
WALLABY J133301-161437,NGC5044,NGC 5044 TR3,203.2568968135815,-16.24360358004118,103.65929523496679,9.587236149643305,1.46619215009,2032m162,203,16,pass,candidate
WALLABY J133950-163125,NGC5044,NGC 5044 TR3,204.959249093565,-16.5237844931894,192.87793531223718,9.790764575688414,1.20727933176,2048m165,204,16,pass,candidate
WALLABY J134230-171445,NGC5044,NGC 5044 TR3,205.6262547177035,-17.24606102305934,92.05247248903241,9.21072798237848,1.3949889235,2057m172,205,16,pass,candidate
WALLABY J134248-171356,NGC5044,NGC 5044 TR3,205.7003820939981,-17.23232648728719,237.9989376300022,10.057303152172613,1.31282246689,2057m172,205,16,pass,candidate
WALLABY J130342-123045,NGC5044,NGC 5044 TR3,195.9289980190082,-12.51271340525349,216.2132756799333,9.987720241782956,1.35216586479,1959m125,195,17,pass,candidate
WALLABY J130417-202952,NGC5044,NGC 5044 TR3,196.0749789550001,-20.49795255135566,67.84102759721777,8.985997266212648,1.07979214008,1961m205,196,17,pass,candidate
WALLABY J130528-111138,NGC5044,NGC 5044 TR3,196.3704012877983,-11.19409179163113,46.46680012338159,8.852193794775276,1.47807139938,1964m112,196,17,pass,candidate
WALLABY J130718-162004,NGC5044,NGC 5044 TR3,196.8285582459177,-16.33469846608205,35.30669072599853,8.886147189005461,1.64770535604,1967m162,196,17,pass,candidate
WALLABY J130659-211444,NGC5044,NGC 5044 TR3,196.7491557880394,-21.24558771934768,225.1643809250726,10.139107326521405,1.14236162538,1967m212,196,17,pass,candidate
WALLABY J130914-183640,NGC5044,NGC 5044 TR3,197.3112990665205,-18.61124344881285,249.35825245030833,9.805069329521876,1.17719079027,1972m185,197,17,pass,candidate
WALLABY J130924-183226,NGC5044,NGC 5044 TR3,197.3519624816343,-18.54073772913111,189.6297256461424,9.680357404762802,1.44422104966,1972m185,197,17,pass,candidate
WALLABY J131124-104927,NGC5044,NGC 5044 TR3,197.8512831890288,-10.82439949135646,87.48930544209273,9.157056641682551,0.987598814978,1979m107,197,17,pass,candidate
WALLABY J131142-103858,NGC5044,NGC 5044 TR3,197.9259237011891,-10.64954287130421,157.55642744314716,9.828651973576706,1.24686713246,1979m107,197,17,pass,candidate
WALLABY J131835-183814,NGC5044,NGC 5044 TR3,199.6459882247256,-18.63745748433701,110.28988896067901,9.555051165242585,1.08969566443,1996m187,199,17,pass,candidate
WALLABY J132208-164023,NGC5044,NGC 5044 TR3,200.5358542092067,-16.67327757127942,72.15780018306633,8.864615347218441,1.65609139725,2004m167,200,17,pass,candidate
WALLABY J132219-164225,NGC5044,NGC 5044 TR3,200.5801690791438,-16.70713853900251,98.25258598970125,9.962935713314247,1.95947932007,2004m167,200,17,pass,candidate
WALLABY J132207-172410,NGC5044,NGC 5044 TR3,200.5317928545499,-17.40289125396496,104.42331959960234,9.260985203465513,1.01847854166,2005m175,200,17,pass,candidate
WALLABY J132529-174924,NGC5044,NGC 5044 TR3,201.3718313170248,-17.82343493073927,76.2505028877606,9.03931212090666,1.48972545712,2013m177,201,17,pass,candidate
WALLABY J132508-194605,NGC5044,NGC 5044 TR3,201.2858945508958,-19.7686615883645,74.21606802923392,9.689849616175211,1.59913948164,2013m197,201,17,pass,candidate
WALLABY J133031-231420,NGC5044,NGC 5044 TR3,202.6289733612403,-23.23915794755333,132.63566272145627,9.75503998227042,1.88377577919,2026m232,202,17,pass,candidate
WALLABY J133058-231656,NGC5044,NGC 5044 TR3,202.7417276844867,-23.28242328843061,132.74065095829616,9.463016892872437,1.09181682006,2026m232,202,17,pass,candidate
WALLABY J133629-163858,NGC5044,NGC 5044 TR3,204.1210381943245,-16.64953545141569,204.51566555842643,9.92218414835546,1.05679940706,2041m167,204,17,pass,candidate
WALLABY J133916-181515,NGC5044,NGC 5044 TR3,204.8177970327112,-18.25427956363206,145.40683834103197,9.680702103886222,1.23347829413,2048m182,204,17,pass,candidate
WALLABY J133931-181852,NGC5044,NGC 5044 TR3,204.8817322960799,-18.31452101229711,183.41208171599905,9.573617518716008,1.70082537132,2048m182,204,17,pass,candidate
WALLABY J134150-175703,NGC5044,NGC 5044 TR3,205.4614568150503,-17.95104211223377,238.36226341039568,9.74373340741968,0.843323353155,2055m180,205,17,pass,candidate
WALLABY J134247-193454,NGC5044,NGC 5044 TR3,205.6985504884107,-19.58040548945518,20.155061231095903,8.489860974352451,1.67155675446,2058m195,205,17,pass,candidate
WALLABY J134306-193556,NGC5044,NGC 5044 TR3,205.7753761451923,-19.59910264630044,146.92501580037364,9.70860236846115,1.32418815135,2058m195,205,17,pass,candidate
WALLABY J125700-171910,NGC5044,NGC 5044 TR3,194.2517977610215,-17.31949605719287,56.83160804358685,9.817026695396642,2.08182523771,1942m172,194,18,pass,candidate
WALLABY J130130-151321,NGC5044,NGC 5044 TR3,195.3751196957897,-15.2227197687042,69.24481322864897,9.066635939846918,1.22924788727,1953m152,195,18,pass,candidate
WALLABY J130320-112144,NGC5044,NGC 5044 TR3,195.8357831028413,-11.3622438941235,302.76508543344704,10.227212282281542,1.47009607215,1959m112,195,18,pass,candidate
WALLABY J130337-155652,NGC5044,NGC 5044 TR3,195.9073183575748,-15.94793888341468,196.48294688587282,9.559393680420401,1.05715689767,1959m160,195,18,pass,candidate
WALLABY J130353-192550,NGC5044,NGC 5044 TR3,195.9743806681757,-19.43063577266795,195.82958036474034,9.568046510036654,0.884872251562,1960m195,196,18,pass,candidate
WALLABY J130444-160813,NGC5044,NGC 5044 TR3,196.183408821254,-16.13710390400569,257.24705831584566,10.1133921809973,1.4230595134,1962m162,196,18,pass,candidate
WALLABY J130510-161645,NGC5044,NGC 5044 TR3,196.2951064248291,-16.27931541718403,195.0540637130754,9.756126145527356,1.32135105316,1962m162,196,18,pass,candidate
WALLABY J130525-161217,NGC5044,NGC 5044 TR3,196.3550942579678,-16.20487410905504,175.1750848692974,9.58165226527611,0.853181774239,1962m162,196,18,pass,candidate
WALLABY J130630-112046,NGC5044,NGC 5044 TR3,196.6290708578276,-11.34621999038667,222.44513165206823,9.911770825348814,1.10382041391,1966m112,196,18,pass,candidate
WALLABY J130756-164123,NGC5044,NGC 5044 TR3,196.9853926461551,-16.68982837443717,13.570406295601845,8.047006199578124,1.52314342665,1970m167,197,18,pass,candidate
WALLABY J131054-185747,NGC5044,NGC 5044 TR3,197.7262068890493,-18.96310867099542,231.28257974772293,9.819536986821907,0.921135806154,1978m190,197,18,pass,candidate
WALLABY J131104-185724,NGC5044,NGC 5044 TR3,197.768809181148,-18.95685105308462,230.6526499084508,9.798915024251972,1.13661805382,1978m190,197,18,pass,candidate
WALLABY J131547-173827,NGC5044,NGC 5044 TR3,198.9493682923758,-17.64090646996521,192.83010096903345,9.906720983074136,2.60855161206,1989m177,198,18,pass,candidate
WALLABY J132151-144210,NGC5044,NGC 5044 TR3,200.4654845470004,-14.70276812519585,94.14804409441352,9.169742333758993,1.11423139083,2005m147,200,18,pass,candidate
WALLABY J133019-220858,NGC5044,NGC 5044 TR3,202.579548517484,-22.14935413391487,78.39283333541798,9.577120641609348,2.01838403201,2025m222,202,18,pass,candidate
WALLABY J133020-221958,NGC5044,NGC 5044 TR3,202.5858175274202,-22.33397733880687,78.87711426924902,9.219900553117997,2.24149299913,2025m222,202,18,pass,candidate
WALLABY J133224-192120,NGC5044,NGC 5044 TR3,203.1024496461387,-19.35564028407533,226.01755642344284,9.753930998990587,0.878664629587,2031m192,203,18,pass,candidate
WALLABY J133158-205217,NGC5044,NGC 5044 TR3,202.9935060777838,-20.87151825487449,92.6993692170358,9.289184913751768,1.17897271101,2031m207,203,18,pass,candidate
WALLABY J133212-211202,NGC5044,NGC 5044 TR3,203.0540912602214,-21.20054973337722,85.72815229308263,9.739940623162179,1.69984041142,2031m212,203,18,pass,candidate
WALLABY J133217-210813,NGC5044,NGC 5044 TR3,203.0757344965955,-21.13610866203625,85.70554110661192,8.960222146886945,1.34864009823,2031m212,203,18,pass,candidate
WALLABY J134004-235850,NGC5044,NGC 5044 TR3,205.0169543901854,-23.9806869707751,281.7383785468995,10.197866994842622,1.38096013987,2049m240,204,18,pass,candidate
WALLABY J134219-211125,NGC5044,NGC 5044 TR3,205.5805472651251,-21.19152701616603,235.172198588489,9.87075582453458,1.27609171368,2055m212,205,18,pass,candidate
WALLABY J125832-161038,NGC5044,NGC 5044 TR3,194.6349102022364,-16.17739797309239,76.15927716978376,9.24820192318853,1.20490790254,1946m162,194,19,pass,candidate
WALLABY J125836-161333,NGC5044,NGC 5044 TR3,194.6515359926302,-16.22605449895057,75.14000375449228,9.1712153112067,1.19551517563,1946m162,194,19,pass,candidate
WALLABY J125910-161749,NGC5044,NGC 5044 TR3,194.7918007214858,-16.29706721083766,184.62882710552955,10.020438939609386,1.15787008459,1946m162,194,19,pass,candidate
WALLABY J125912-124101,NGC5044,NGC 5044 TR3,194.8039476995968,-12.68384524870303,55.33969119982663,8.990958376163317,1.26872306286,1947m127,194,19,pass,candidate
WALLABY J130004-152151,NGC5044,NGC 5044 TR3,195.0205923791294,-15.36438736750759,22.64060823768946,8.500209985835296,1.6166414542,1951m152,195,19,pass,candidate
WALLABY J130026-151708,NGC5044,NGC 5044 TR3,195.1094561939788,-15.2855506030729,70.23420664162036,10.240804123585269,5.04264635312,1951m152,195,19,pass,candidate
WALLABY J130320-193543,NGC5044,NGC 5044 TR3,195.8336720361903,-19.59542013033915,166.74061264951894,9.66487411443862,1.06760145053,1957m195,195,19,pass,candidate
WALLABY J130659-151041,NGC5044,NGC 5044 TR3,196.7473793782272,-15.17824228528932,69.18719274623156,8.666570140784176,0.876462490205,1966m152,196,19,pass,candidate
WALLABY J130812-145720,NGC5044,NGC 5044 TR3,197.0508411002928,-14.955555618409,165.21159864623547,9.544757453344406,1.52946834758,1969m150,196,19,pass,candidate
WALLABY J130757-193648,NGC5044,NGC 5044 TR3,196.9898903618053,-19.6135949601063,198.45398693223356,10.055587044273835,1.41155870608,1970m195,197,19,pass,candidate
WALLABY J130941-132855,NGC5044,NGC 5044 TR3,197.4240890159487,-13.48199929032021,203.84488889882374,9.713536253335603,1.18284303683,1973m135,197,19,pass,candidate
WALLABY J131049-105237,NGC5044,NGC 5044 TR3,197.707501257653,-10.87702200609282,157.30547143266736,9.968535555543482,1.33379166169,1976m110,197,19,pass,candidate
WALLABY J131247-132906,NGC5044,NGC 5044 TR3,198.1978351945882,-13.48503161268088,56.19337728779849,8.479923315501727,1.25246318547,1981m135,198,19,pass,candidate
WALLABY J131415-141108,NGC5044,NGC 5044 TR3,198.5648728019934,-14.18571020147203,90.63722733705474,9.516751321503964,1.74231845382,1986m142,198,19,pass,candidate
WALLABY J131915-155513,NGC5044,NGC 5044 TR3,199.8135361965542,-15.92051322792393,96.76090297870755,9.378238277772853,1.40794807769,1998m160,199,19,pass,candidate
WALLABY J132329-232337,NGC5044,NGC 5044 TR3,200.8719757826079,-23.39387575124684,22.61883883581642,8.120750961169746,1.38306627904,2008m235,200,19,pass,candidate
WALLABY J133141-173508,NGC5044,NGC 5044 TR3,202.9215237819835,-17.58572556471705,103.56066843951308,9.16272651755082,0.994139829653,2028m175,202,19,pass,candidate
WALLABY J133151-173014,NGC5044,NGC 5044 TR3,202.9627407833339,-17.50405230166597,199.07813806219286,9.815873646007256,2.02718342297,2028m175,202,19,pass,candidate
WALLABY J133413-225449,NGC5044,NGC 5044 TR3,203.5550697671939,-22.9138658431124,184.42584801732528,9.878166688699043,1.19222584029,2034m230,203,19,pass,candidate
WALLABY J133422-234348,NGC5044,NGC 5044 TR3,203.5937368466121,-23.72934122247191,145.8121872528499,9.548364354067061,1.12567653087,2035m237,203,19,pass,candidate
WALLABY J133440-234722,NGC5044,NGC 5044 TR3,203.6672049819966,-23.78948427016499,111.4226978068618,10.022037827848465,2.43899942304,2035m237,203,19,pass,candidate
WALLABY J133643-201220,NGC5044,NGC 5044 TR3,204.1816757504557,-20.20510280174689,197.2287316692734,9.729080151202952,1.14579085859,2040m202,204,19,pass,candidate
WALLABY J133809-241011,NGC5044,NGC 5044 TR3,204.5400185528948,-24.16988513141204,98.25792630255326,9.21464071424808,0.988081023199,2044m242,204,19,pass,candidate
WALLABY J133840-135814,NGC5044,NGC 5044 TR3,204.6685519972923,-13.97054456128081,212.46844007135627,10.016039401735473,1.35476711089,2045m140,204,19,pass,candidate
WALLABY J133747-175606,NGC5044,NGC 5044 TR3,204.4485375641008,-17.93518703199466,19.783546634867157,7.782965776722223,3.69457879153,2045m180,204,19,pass,candidate
WALLABY J133939-234522,NGC5044,NGC 5044 TR3,204.9152996308132,-23.7564146140077,167.49780367654307,9.744874596101193,1.22560742397,2049m237,204,19,pass,candidate
WALLABY J134019-235122,NGC5044,NGC 5044 TR3,205.082692315635,-23.85631890730078,92.99213648933171,10.068805937830746,2.27665539393,2049m237,204,19,pass,candidate
WALLABY J130223-122031,NGC5044,NGC 5044 TR3,195.5990001350209,-12.34198841911243,73.32659211813623,9.819181626737173,2.14807829035,1957m122,195,2,pass,candidate
WALLABY J130401-200110,NGC5044,NGC 5044 TR3,196.0054683962454,-20.01959323895771,165.69819703475082,9.592479974138275,1.03215254176,1960m200,196,2,pass,candidate
WALLABY J130639-135036,NGC5044,NGC 5044 TR3,196.6646233836538,-13.84332817425331,91.91714566693086,9.322615581219944,1.29023373913,1965m137,196,2,pass,candidate
WALLABY J130947-101916,NGC5044,NGC 5044 TR3,197.4481698050118,-10.32117640611391,17.22918992794034,8.845619731154851,3.52752602193,1973m102,197,2,pass,candidate
WALLABY J131344-175928,NGC5044,NGC 5044 TR3,198.4351207142344,-17.99121970409895,101.6076793565878,9.595846806837832,1.42739567482,1984m180,198,2,pass,candidate
WALLABY J131554-145828,NGC5044,NGC 5044 TR3,198.9762571174392,-14.97467929674697,210.5977039578124,9.725845992294454,1.41305778651,1990m150,199,2,pass,candidate
WALLABY J131655-134334,NGC5044,NGC 5044 TR3,199.2297083312919,-13.72610613190946,94.98557213185462,9.637820059820822,1.4404589271,1991m137,199,2,pass,candidate
WALLABY J131854-183512,NGC5044,NGC 5044 TR3,199.7270130960243,-18.58667961500534,34.86941413547334,8.48246603215305,1.90217874325,1996m185,199,2,pass,candidate
WALLABY J131858-150054,NGC5044,NGC 5044 TR3,199.7430782810686,-15.01509658021431,157.43480512459044,9.625616330773104,1.11927669675,1997m150,199,2,pass,candidate
WALLABY J131905-175622,NGC5044,NGC 5044 TR3,199.7738857661113,-17.93967103605084,97.16202656076564,9.402286096298175,1.19130799103,1998m180,199,2,pass,candidate
WALLABY J132151-171211,NGC5044,NGC 5044 TR3,200.4638696670302,-17.20325930147789,103.92422929027612,9.766795809144519,1.76083966347,2005m172,200,2,pass,candidate
WALLABY J132532-161724,NGC5044,NGC 5044 TR3,201.3844693874367,-16.29020860106268,96.7329996515089,8.935052690390824,1.80585625121,2014m162,201,2,pass,candidate
WALLABY J132635-221419,NGC5044,NGC 5044 TR3,201.6494655242224,-22.23866903704058,20.369713182443807,9.0070034336205,2.86775564195,2017m222,201,2,pass,candidate
WALLABY J132747-155109,NGC5044,NGC 5044 TR3,201.9486619357335,-15.85251933245931,77.64595174961354,8.77996010677663,1.13723126161,2019m157,201,2,pass,candidate
WALLABY J133008-203319,NGC5044,NGC 5044 TR3,202.5333700985624,-20.555339196014,83.30940957055682,9.048158369791635,1.73349767504,2025m205,202,2,pass,candidate
WALLABY J133604-195904,NGC5044,NGC 5044 TR3,204.019731214371,-19.98468452620788,95.41179432618985,8.984390083837203,1.30792106984,2040m200,204,2,pass,candidate
WALLABY J133609-200251,NGC5044,NGC 5044 TR3,204.0379139850679,-20.04770444411881,194.87572805331172,9.592436616786749,1.11788186208,2040m200,204,2,pass,candidate
WALLABY J134241-233218,NGC5044,NGC 5044 TR3,205.6709182533575,-23.53830848098768,100.41116176793865,9.358059474626288,1.24989399514,2057m235,205,2,pass,candidate
WALLABY J134437-235646,NGC5044,NGC 5044 TR3,206.1572947687354,-23.94613101035721,95.97545177765022,9.265049968140621,1.25523013699,2060m240,206,2,pass,candidate
WALLABY J134510-222447,NGC5044,NGC 5044 TR3,206.2955105018935,-22.41330168387397,97.91665431439962,9.21530463000514,1.19039903239,2063m225,206,2,pass,candidate
WALLABY J125724-153912,NGC5044,NGC 5044 TR3,194.3521602318497,-15.65339410603507,79.90943427792978,9.233721077326171,1.03684204356,1943m157,194,20,pass,candidate
WALLABY J130003-183028,NGC5044,NGC 5044 TR3,195.0130207018906,-18.50790904054714,196.6419392200717,9.94212162358858,2.11315038164,1951m185,195,20,pass,candidate
WALLABY J130328-120420,NGC5044,NGC 5044 TR3,195.8673265750892,-12.07248141691271,76.1974454843875,9.202376014709282,1.20874276344,1959m120,195,20,pass,candidate
WALLABY J130501-131601,NGC5044,NGC 5044 TR3,196.2573754649507,-13.2670503090413,77.15732876064143,9.007407341815567,1.30044126812,1962m132,196,20,pass,candidate
WALLABY J130502-201243,NGC5044,NGC 5044 TR3,196.2591419894638,-20.2121300018348,101.52673454858848,9.488488893405117,1.92925898807,1963m202,196,20,pass,candidate
WALLABY J130829-204924,NGC5044,NGC 5044 TR3,197.1231419662178,-20.82340565167733,20.720590664139678,8.08547971112962,1.27607458965,1972m207,197,20,pass,candidate
WALLABY J131109-163337,NGC5044,NGC 5044 TR3,197.7885659012166,-16.56047567772121,42.153829697102026,8.234467824071045,1.04179063786,1978m165,197,20,pass,candidate
WALLABY J131548-170147,NGC5044,NGC 5044 TR3,198.9520184928121,-17.02973453084115,200.6776324728402,9.776163963785839,1.52538583874,1989m170,198,20,pass,candidate
WALLABY J131608-165949,NGC5044,NGC 5044 TR3,199.0341156361665,-16.99698445441332,76.6055541244801,9.011360037759932,0.996950432065,1989m170,198,20,pass,candidate
WALLABY J131650-214015,NGC5044,NGC 5044 TR3,199.2087751121115,-21.67105584689086,27.568901461711526,8.623045643960738,1.48148838938,1992m217,199,20,pass,candidate
WALLABY J132329-175427,NGC5044,NGC 5044 TR3,200.8749086250515,-17.90753920239722,103.38438679347739,9.460682440484677,1.08525214852,2008m180,200,20,pass,candidate
WALLABY J132751-240335,NGC5044,NGC 5044 TR3,201.9652142604467,-24.05982434960843,133.86460082270403,9.56512945139962,1.37729308047,2019m240,201,20,pass,candidate
WALLABY J132811-240540,NGC5044,NGC 5044 TR3,202.04844465164,-24.0945719635059,161.7771705775711,10.070502284735342,1.27007977312,2019m240,201,20,pass,candidate
WALLABY J133011-210731,NGC5044,NGC 5044 TR3,202.5467780880669,-21.12550285108131,77.36272131017546,8.956518004209823,1.76526197514,2026m212,202,20,pass,candidate
WALLABY J133057-211755,NGC5044,NGC 5044 TR3,202.7377432533065,-21.2987956872996,77.06142735580586,8.732308669069818,1.22405078822,2026m212,202,20,pass,candidate
WALLABY J133059-160809,NGC5044,NGC 5044 TR3,202.7490441562356,-16.13605903732318,234.61076092464236,9.83962365581754,1.29939085156,2027m162,202,20,pass,candidate
WALLABY J133522-223319,NGC5044,NGC 5044 TR3,203.843716040719,-22.55537996516891,183.7122573849841,9.572943051590721,1.12749986667,2039m225,203,20,pass,candidate
WALLABY J133607-222504,NGC5044,NGC 5044 TR3,204.0327322057806,-22.41759156619483,126.59485798263972,9.575225755039465,1.22440424325,2039m225,203,20,pass,candidate
WALLABY J134737-201752,NGC5044,NGC 5044 TR3,206.9068939061416,-20.29801546109473,235.2546386106671,10.258016644377845,1.13022743911,2069m202,206,20,pass,candidate
WALLABY J125848-114647,NGC5044,NGC 5044 TR3,194.7029004710199,-11.77985046216893,68.81506421782457,9.037662005795296,1.78141739228,1946m117,194,21,pass,candidate
WALLABY J125855-142319,NGC5044,NGC 5044 TR3,194.731314773987,-14.38868559500547,276.72690216291085,10.117921677066407,1.35264030951,1948m145,194,21,pass,candidate
WALLABY J130016-170140,NGC5044,NGC 5044 TR3,195.0689267568787,-17.02799322937134,70.17644253326247,9.549462395825058,1.2477654337,1950m170,195,21,pass,candidate
WALLABY J130244-125326,NGC5044,NGC 5044 TR3,195.6869496475261,-12.8906649267186,201.46622959522094,10.020488583917608,1.31526803663,1957m130,195,21,pass,candidate
WALLABY J130340-211340,NGC5044,NGC 5044 TR3,195.9175386825828,-21.22791908206629,99.05828386324733,9.488470882367826,1.30671969593,1959m212,195,21,pass,candidate
WALLABY J130857-153100,NGC5044,NGC 5044 TR3,197.2411251344144,-15.51681511333676,17.898138619128186,8.285652390059433,2.98565672132,1972m155,197,21,pass,candidate
WALLABY J131324-124234,NGC5044,NGC 5044 TR3,198.3528156008235,-12.70946501825881,217.95081698027963,10.030517151357238,1.30996316272,1983m127,198,21,pass,candidate
WALLABY J131516-145919,NGC5044,NGC 5044 TR3,198.817852417643,-14.98864897198021,33.25403568886677,8.158872921516672,1.25807656027,1987m150,198,21,pass,candidate
WALLABY J131824-152926,NGC5044,NGC 5044 TR3,199.6002836123367,-15.49054387371102,248.8269605597437,9.960816049623183,1.24064444727,1995m155,199,21,pass,candidate
WALLABY J131830-134228,NGC5044,NGC 5044 TR3,199.6291417206509,-13.70785065717905,148.65832876456412,9.779678524033637,1.28360123413,1996m137,199,21,pass,candidate
WALLABY J131954-163715,NGC5044,NGC 5044 TR3,199.9755420298507,-16.62085746913579,32.79880743817813,8.769327288338035,1.57348244241,1999m165,199,21,pass,candidate
WALLABY J132243-172410,NGC5044,NGC 5044 TR3,200.6817005393772,-17.40290303277874,104.57650599644086,9.144755622221423,1.0672075435,2007m175,200,21,pass,candidate
WALLABY J132255-173325,NGC5044,NGC 5044 TR3,200.7303626449162,-17.55707464570761,73.44742160935593,9.376067505580714,1.57013978716,2007m175,200,21,pass,candidate
WALLABY J132259-172513,NGC5044,NGC 5044 TR3,200.7475880114091,-17.42041852463825,190.1760292695244,9.496168579767787,1.02187810626,2007m175,200,21,pass,candidate
WALLABY J132328-172821,NGC5044,NGC 5044 TR3,200.8706178686954,-17.47261112042787,53.82135419669738,8.510777999908798,1.21477126341,2007m175,200,21,pass,candidate
WALLABY J132607-171123,NGC5044,NGC 5044 TR3,201.5326382738662,-17.18989096249473,231.71106042745686,10.019142614786109,1.21533261306,2015m172,201,21,pass,candidate
WALLABY J132614-195933,NGC5044,NGC 5044 TR3,201.5578199150031,-19.99174245584216,109.40069727075877,9.175835328778502,1.23702313485,2016m200,201,21,pass,candidate
WALLABY J132648-250524,NGC5044,NGC 5044 TR3,201.7009475707277,-25.09053712504445,159.94320886643587,9.67061515896345,0.959279380926,2016m250,201,21,pass,candidate
WALLABY J132807-162439,NGC5044,NGC 5044 TR3,202.0303223893037,-16.41097070052135,26.2689382777685,7.945483986450219,1.2110495402,2020m165,202,21,pass,candidate
WALLABY J133756-240727,NGC5044,NGC 5044 TR3,204.4868996317963,-24.12435097478599,130.46683080193915,9.949877962251096,2.07641108782,2044m240,204,21,pass,candidate
WALLABY J133933-145203,NGC5044,NGC 5044 TR3,204.8888709097802,-14.86771912533518,155.94029111692748,9.544009757139403,0.941105274546,2049m147,204,21,pass,candidate
WALLABY J134059-191452,NGC5044,NGC 5044 TR3,205.2470811563002,-19.24778127817493,111.40281262179938,9.320370063639519,1.56394935718,2052m192,205,21,pass,candidate
WALLABY J134128-192219,NGC5044,NGC 5044 TR3,205.3703430962706,-19.37212452070501,110.48220687887472,9.901180560656544,1.49630351049,2052m192,205,21,pass,candidate
WALLABY J134045-211913,NGC5044,NGC 5044 TR3,205.1899012453326,-21.32042441264961,138.705959087898,9.575024623800935,1.37866484836,2053m212,205,21,pass,candidate
WALLABY J130254-155621,NGC5044,NGC 5044 TR3,195.7288872462572,-15.93930163215684,77.50256580092606,8.88072286062085,0.903421790627,1957m160,195,22,pass,candidate
WALLABY J130559-145906,NGC5044,NGC 5044 TR3,196.4970013115414,-14.98511965353696,80.30929952831359,9.263819580967983,1.49858328504,1964m150,196,22,pass,candidate
WALLABY J130623-145631,NGC5044,NGC 5044 TR3,196.5965581874457,-14.94208994491243,85.69783900811474,9.453828090957291,1.92163792574,1966m150,196,22,pass,candidate
WALLABY J130733-140834,NGC5044,NGC 5044 TR3,196.8890529695692,-14.14287973826689,265.5131097710233,9.77238670824537,0.908002499778,1968m142,196,22,pass,candidate
WALLABY J131139-165121,NGC5044,NGC 5044 TR3,197.9147615420256,-16.85596490039466,18.379540205543954,7.352150797487162,1.11799697509,1978m167,197,22,pass,candidate
WALLABY J131526-132732,NGC5044,NGC 5044 TR3,198.8591870321082,-13.45893590228304,209.29728125625252,9.691419515755243,1.82172757085,1988m135,198,22,pass,candidate
WALLABY J131753-193408,NGC5044,NGC 5044 TR3,199.4719763386612,-19.56890263981284,224.96727830797616,10.035666632012662,1.18991392163,1994m195,199,22,pass,candidate
WALLABY J132001-195929,NGC5044,NGC 5044 TR3,200.0045830764715,-19.99142710004077,87.53683651499189,9.668325399656396,1.86742244705,2000m200,200,22,pass,candidate
WALLABY J132121-151214,NGC5044,NGC 5044 TR3,200.3403423933912,-15.20397795713184,100.27235561033133,9.30344558766049,1.08096161989,2003m152,200,22,pass,candidate
WALLABY J132247-175705,NGC5044,NGC 5044 TR3,200.6977515752,-17.9514097059096,229.3379641472135,9.826101988229553,1.45159055241,2005m180,200,22,pass,candidate
WALLABY J132228-185728,NGC5044,NGC 5044 TR3,200.6186339289287,-18.95787470655139,110.36813024928416,9.164984404959679,1.11120277242,2007m190,200,22,pass,candidate
WALLABY J132415-232043,NGC5044,NGC 5044 TR3,201.0635646152559,-23.34536668763781,68.17346475367867,9.507383561593905,2.20805996118,2010m232,201,22,pass,candidate
WALLABY J132538-163436,NGC5044,NGC 5044 TR3,201.4098158931727,-16.5767427068688,97.70525379818012,9.116028561364406,1.11182679716,2014m165,201,22,pass,candidate
WALLABY J132551-162706,NGC5044,NGC 5044 TR3,201.4658679645865,-16.4518513702751,96.3212383149648,9.153709461592603,1.04331924521,2014m165,201,22,pass,candidate
WALLABY J132612-162649,NGC5044,NGC 5044 TR3,201.5541132905561,-16.44702088543814,345.11671087842245,10.17056378425089,1.0873630867,2014m165,201,22,pass,candidate
WALLABY J132620-223750,NGC5044,NGC 5044 TR3,201.5847726572546,-22.63049319548307,129.88720928296337,9.855766310818222,1.76194380207,2015m227,201,22,pass,candidate
WALLABY J132812-245827,NGC5044,NGC 5044 TR3,202.0524572730972,-24.97516363237248,197.76577668284972,10.155609193532117,1.70055143735,2021m250,202,22,pass,candidate
WALLABY J133540-251206,NGC5044,NGC 5044 TR3,203.9179450896778,-25.20170540319367,145.50869570972247,10.0477669771786,1.45400605369,2038m252,203,22,pass,candidate
WALLABY J133904-240956,NGC5044,NGC 5044 TR3,204.7674646745861,-24.16565853557432,134.5457982468069,9.905275772486922,1.55830397582,2047m242,204,22,pass,candidate
WALLABY J134250-184550,NGC5044,NGC 5044 TR3,205.7111496991973,-18.76388373272117,137.85683502347558,9.446344514065933,1.12216946039,2056m187,205,22,pass,candidate
WALLABY J134250-184928,NGC5044,NGC 5044 TR3,205.7111078228832,-18.82446698598593,171.5294660758203,9.72725447998206,1.2446233836,2056m187,205,22,pass,candidate
WALLABY J130152-133135,NGC5044,NGC 5044 TR3,195.4690411011469,-13.5264635010645,202.21322019846886,9.595658987509834,1.27235697336,1955m135,195,23,pass,candidate
WALLABY J131431-105651,NGC5044,NGC 5044 TR3,198.6324116190438,-10.94775314896868,28.796781504676044,8.570451096994807,1.48672322973,1986m110,198,23,pass,candidate
WALLABY J131830-143635,NGC5044,NGC 5044 TR3,199.6280088690722,-14.60998329484377,41.531841017659104,9.52245466888144,3.09922258445,1997m145,199,23,pass,candidate
WALLABY J132025-164032,NGC5044,NGC 5044 TR3,200.1058020250172,-16.67573972210188,89.07428632321123,9.497026196572243,1.54214426952,2002m167,200,23,pass,candidate
WALLABY J132113-131115,NGC5044,NGC 5044 TR3,200.3048217414045,-13.18761259046795,279.5331829048677,9.81325123340612,1.32988304416,2003m132,200,23,pass,candidate
WALLABY J132148-131222,NGC5044,NGC 5044 TR3,200.4535705676634,-13.20614993439617,41.4451355611504,9.704267648162563,2.71596455497,2003m132,200,23,pass,candidate
WALLABY J132132-152931,NGC5044,NGC 5044 TR3,200.3864085581115,-15.49211121499582,74.78404426191292,9.413628078510008,1.28253219981,2003m155,200,23,pass,candidate
WALLABY J132157-165559,NGC5044,NGC 5044 TR3,200.4908948952882,-16.93325656775316,89.39534181929078,8.828189549486527,0.855878492529,2005m170,200,23,pass,candidate
WALLABY J132158-170021,NGC5044,NGC 5044 TR3,200.4940233675733,-17.00602675034161,74.3209810859014,8.834813279185457,1.05378236012,2005m170,200,23,pass,candidate
WALLABY J132318-182146,NGC5044,NGC 5044 TR3,200.825912249799,-18.36298531148867,106.82846061250942,9.277520293579448,1.309281104,2008m182,200,23,pass,candidate
WALLABY J132353-180755,NGC5044,NGC 5044 TR3,200.9730417923531,-18.1319552332149,230.95339264046976,10.112563215531539,1.27487179122,2008m182,200,23,pass,candidate
WALLABY J132759-152532,NGC5044,NGC 5044 TR3,201.9967814478032,-15.42565432660683,293.2636009491146,9.954995390884362,0.932441124999,2018m155,201,23,pass,candidate
WALLABY J133006-205341,NGC5044,NGC 5044 TR3,202.526555843207,-20.89472008883713,74.5677472977972,8.959455549082257,1.79146410387,2026m210,202,23,pass,candidate
WALLABY J133140-190616,NGC5044,NGC 5044 TR3,202.9183962962785,-19.10456748126571,82.35741476205139,8.835343494991383,1.39650877831,2028m190,202,23,pass,candidate
WALLABY J133134-240142,NGC5044,NGC 5044 TR3,202.8952624545263,-24.02844145115752,110.23474485751784,9.393289640990721,1.36550066055,2028m240,202,23,pass,candidate
WALLABY J133207-220728,NGC5044,NGC 5044 TR3,203.0315589649437,-22.12468723805969,135.89568941687259,9.327450015591602,0.880746870026,2030m220,203,23,pass,candidate
WALLABY J133351-224126,NGC5044,NGC 5044 TR3,203.4629076072475,-22.6906983233394,189.6242861898531,9.760518784155828,1.061003034,2034m227,203,23,pass,candidate
WALLABY J133727-223204,NGC5044,NGC 5044 TR3,204.3670028231241,-22.53493996875881,130.25803539906056,10.028974672139826,3.24461990034,2044m225,204,23,pass,candidate
WALLABY J133845-243304,NGC5044,NGC 5044 TR3,204.6881099353609,-24.5514307486082,239.963157945208,9.969938513829227,1.59465520734,2045m245,204,23,pass,candidate
WALLABY J134143-183508,NGC5044,NGC 5044 TR3,205.4291704655748,-18.58568226567353,211.67567636217245,9.838362540257954,1.25597728521,2053m185,205,23,pass,candidate
WALLABY J130430-174819,NGC5044,NGC 5044 TR3,196.1268697927014,-17.80542178291862,156.82132122458987,9.564007349940647,1.00682465804,1961m177,196,3,pass,candidate
WALLABY J130618-173039,NGC5044,NGC 5044 TR3,196.5768410869774,-17.51096062271869,20.990122420998897,9.117039838998918,2.92479961861,1966m175,196,3,pass,candidate
WALLABY J130645-122324,NGC5044,NGC 5044 TR3,196.6905057616328,-12.39024104159168,47.25861538620113,8.35750140926266,0.937288618084,1967m125,196,3,pass,candidate
WALLABY J131029-213510,NGC5044,NGC 5044 TR3,197.6235699874821,-21.58614748039779,100.42254131743388,10.055595643771378,2.10310073724,1975m215,197,3,pass,candidate
WALLABY J131222-143329,NGC5044,NGC 5044 TR3,198.0939447833318,-14.55813397034322,99.66844280383432,9.118752506037648,0.957414943973,1981m145,198,3,pass,candidate
WALLABY J131652-175359,NGC5044,NGC 5044 TR3,199.2204167002904,-17.89995036556701,40.17522413917211,8.516400056730188,1.50798659339,1992m180,199,3,pass,candidate
WALLABY J131836-145740,NGC5044,NGC 5044 TR3,199.6503808470867,-14.96126878268048,30.334447889638074,8.289877497556226,1.25025233995,1995m150,199,3,pass,candidate
WALLABY J131844-113805,NGC5044,NGC 5044 TR3,199.6844423571446,-11.63484158887445,127.683133886063,9.414643703568824,1.82348515696,1997m117,199,3,pass,candidate
WALLABY J131851-123625,NGC5044,NGC 5044 TR3,199.7127706609342,-12.60716070697107,42.735023725975715,9.152650715976005,1.868460864,1998m125,199,3,pass,candidate
WALLABY J132202-201335,NGC5044,NGC 5044 TR3,200.5119056392954,-20.22631744384862,26.93476179243172,8.739460482700977,2.14108813537,2006m202,200,3,pass,candidate
WALLABY J132259-204701,NGC5044,NGC 5044 TR3,200.747032391989,-20.78392713835893,103.34962175485111,9.532015904389622,1.35222772324,2006m207,200,3,pass,candidate
WALLABY J132256-170904,NGC5044,NGC 5044 TR3,200.7363069306648,-17.15120211274913,233.62694724198903,10.051487355947748,1.37701931328,2007m172,200,3,pass,candidate
WALLABY J132531-220703,NGC5044,NGC 5044 TR3,201.3803810665879,-22.11785928955874,132.79599628965929,9.576059354250694,1.25438397331,2013m220,201,3,pass,candidate
WALLABY J132625-215123,NGC5044,NGC 5044 TR3,201.6072884818515,-21.85646403837498,127.6245466446576,9.531896582944187,0.989438232501,2016m217,201,3,pass,candidate
WALLABY J132630-214027,NGC5044,NGC 5044 TR3,201.626084752462,-21.6742267668885,103.35014623613586,9.579348261583382,1.25652868373,2016m217,201,3,pass,candidate
WALLABY J132859-234535,NGC5044,NGC 5044 TR3,202.2494241806449,-23.75991596776123,134.70377193307723,9.263125503584595,1.52014921027,2022m237,202,3,pass,candidate
WALLABY J133108-164842,NGC5044,NGC 5044 TR3,202.7840605376777,-16.81187375495683,103.73842888500118,9.089257478432353,1.08073325626,2028m167,202,3,pass,candidate
WALLABY J133242-233015,NGC5044,NGC 5044 TR3,203.1771639577617,-23.50443831867114,144.6833006481411,9.388347333897771,0.928443260754,2032m235,203,3,pass,candidate
WALLABY J133256-233558,NGC5044,NGC 5044 TR3,203.2354691339235,-23.59943806544223,109.35475190042598,9.493351111677224,1.42895928277,2032m235,203,3,pass,candidate
WALLABY J133308-233234,NGC5044,NGC 5044 TR3,203.2867437073674,-23.54342910460805,146.6502195603129,10.047229957280335,1.34974996831,2032m235,203,3,pass,candidate
WALLABY J133522-232056,NGC5044,NGC 5044 TR3,203.8418082203819,-23.34893100407197,113.3220435914611,9.506719206079824,1.20393362969,2037m232,203,3,pass,candidate
WALLABY J133725-155412,NGC5044,NGC 5044 TR3,204.3561899382262,-15.90357705260516,210.53048053941492,9.61483813639455,0.994155181171,2042m160,204,3,pass,candidate
WALLABY J133735-163755,NGC5044,NGC 5044 TR3,204.3958654076802,-16.63206331918533,203.98004584695911,10.158618395618147,1.61037866216,2043m167,204,3,pass,candidate
WALLABY J134015-153211,NGC5044,NGC 5044 TR3,205.0655419129359,-15.53650858397524,166.07965893502765,9.511280083822154,1.11594353517,2049m155,204,3,pass,candidate
WALLABY J134024-233429,NGC5044,NGC 5044 TR3,205.1009848387204,-23.57472289549575,160.5498322371442,9.467978506313308,1.06890179499,2051m235,205,3,pass,candidate
WALLABY J134056-233626,NGC5044,NGC 5044 TR3,205.2359644654354,-23.60753523366808,160.44027288272719,9.842738781811791,1.31722242702,2051m235,205,3,pass,candidate
WALLABY J130430-180121,NGC5044,NGC 5044 TR3,196.1261460880446,-18.02263353666683,200.33903397321046,9.92676595652454,1.32539235915,1961m180,196,4,pass,candidate
WALLABY J130612-201622,NGC5044,NGC 5044 TR3,196.5513877956607,-20.27282500667344,216.63361615657547,10.163527064785606,1.739353328,1966m202,196,4,pass,candidate
WALLABY J130614-202212,NGC5044,NGC 5044 TR3,196.5608013691367,-20.37024111013451,217.10226507697516,10.422917353805508,1.68581978936,1966m202,196,4,pass,candidate
WALLABY J130825-194130,NGC5044,NGC 5044 TR3,197.1065369797604,-19.69178571578461,99.43844257361134,9.686192816373422,2.01692759954,1970m197,197,4,pass,candidate
WALLABY J131009-121223,NGC5044,NGC 5044 TR3,197.5378703379064,-12.20649633724647,56.90143025821228,8.593098813466057,1.08769528669,1975m122,197,4,pass,candidate
WALLABY J131620-164013,NGC5044,NGC 5044 TR3,199.0835712409507,-16.67040752001989,77.82638910379816,9.551742905767249,1.67156349848,1991m167,199,4,pass,candidate
WALLABY J131658-163757,NGC5044,NGC 5044 TR3,199.2447804061402,-16.632747000155,24.883284340502403,9.486665379880327,5.11021628532,1991m167,199,4,pass,candidate
WALLABY J131738-151033,NGC5044,NGC 5044 TR3,199.4091401914278,-15.17587160007737,40.11150903597412,8.214784884997702,1.50315365309,1995m152,199,4,pass,candidate
WALLABY J131745-150812,NGC5044,NGC 5044 TR3,199.4380834073546,-15.1369094441861,186.61994056709,9.54027373170728,1.449867427,1995m152,199,4,pass,candidate
WALLABY J131749-150807,NGC5044,NGC 5044 TR3,199.4553174696306,-15.13538109265806,195.94346090666775,9.570408422388192,1.41004229865,1995m152,199,4,pass,candidate
WALLABY J131758-151541,NGC5044,NGC 5044 TR3,199.4949152718503,-15.26153497506285,190.59711133811413,10.354623504645023,2.23750579117,1995m152,199,4,pass,candidate
WALLABY J131802-151824,NGC5044,NGC 5044 TR3,199.5105287343084,-15.30681006128866,160.65962180549448,10.38541481086417,2.10843769683,1995m152,199,4,pass,candidate
WALLABY J132531-212650,NGC5044,NGC 5044 TR3,201.380622379915,-21.44740115883765,69.62946631383974,9.085396923933784,1.13668153734,2013m215,201,4,pass,candidate
WALLABY J132536-213356,NGC5044,NGC 5044 TR3,201.4011309427162,-21.56544358838694,127.06660022012147,9.744736149438246,2.01835724519,2013m215,201,4,pass,candidate
WALLABY J132911-224640,NGC5044,NGC 5044 TR3,202.3000752970802,-22.77790682333577,127.4971701126712,9.775222601141376,1.52436875199,2023m227,202,4,pass,candidate
WALLABY J133321-231451,NGC5044,NGC 5044 TR3,203.3405200826457,-23.2474924137301,184.83640377345986,10.047480558360325,1.24690630816,2032m232,203,4,pass,candidate
WALLABY J133556-241859,NGC5044,NGC 5044 TR3,203.9859411959417,-24.31666876550621,277.4136477031555,10.125802116386863,1.62850783789,2039m242,203,4,pass,candidate
WALLABY J133627-224910,NGC5044,NGC 5044 TR3,204.1142944354842,-22.81950462384765,100.69819464101376,9.406261469231774,1.56859956957,2042m227,204,4,pass,candidate
WALLABY J134221-150432,NGC5044,NGC 5044 TR3,205.5906401272297,-15.07557781343579,290.61584533920995,10.090522920822407,1.24029793238,2054m150,205,4,pass,candidate
WALLABY J130018-115758,NGC5044,NGC 5044 TR3,195.075721846821,-11.96620086397146,218.26330311199595,10.160976563348171,1.69910588639,1951m120,195,5,pass,candidate
WALLABY J130215-170254,NGC5044,NGC 5044 TR3,195.566461419854,-17.04859686880727,84.6634039436935,9.090081843159426,1.10093302353,1955m170,195,5,pass,candidate
WALLABY J130854-171416,NGC5044,NGC 5044 TR3,197.2254506725511,-17.23803352480999,140.01739720429367,9.829666564754753,1.51241995817,1971m172,197,5,pass,candidate
WALLABY J130901-172115,NGC5044,NGC 5044 TR3,197.2572636283498,-17.35430252890258,71.41852635643806,8.672915644199827,1.37879983936,1973m172,197,5,pass,candidate
WALLABY J130947-171234,NGC5044,NGC 5044 TR3,197.4475316267733,-17.2094556336776,72.10685677462675,9.143066788419178,1.21975910198,1973m172,197,5,pass,candidate
WALLABY J130958-171937,NGC5044,NGC 5044 TR3,197.4946875367091,-17.32698335796782,36.29983916064432,8.347488143029613,1.1356089909,1973m172,197,5,pass,candidate
WALLABY J131253-105339,NGC5044,NGC 5044 TR3,198.2240859683092,-10.89416369222547,88.99884493882877,9.635055992626942,1.63383260179,1981m110,198,5,pass,candidate
WALLABY J131409-171242,NGC5044,NGC 5044 TR3,198.5381902130896,-17.2118357693435,326.0331811338756,10.115998130838385,1.25227997292,1984m172,198,5,pass,candidate
WALLABY J131512-175802,NGC5044,NGC 5044 TR3,198.8038055795827,-17.96731624552884,39.615135946190115,9.213520917487891,2.24921700987,1987m180,198,5,pass,candidate
WALLABY J131638-174225,NGC5044,NGC 5044 TR3,199.1619404461908,-17.70718383974848,195.2427948283414,9.762342894831246,1.91788251197,1992m177,199,5,pass,candidate
WALLABY J131721-175129,NGC5044,NGC 5044 TR3,199.337707236126,-17.85813521688259,34.204214452668644,8.287435956243547,1.22024872519,1992m177,199,5,pass,candidate
WALLABY J132455-192622,NGC5044,NGC 5044 TR3,201.2321164442082,-19.43948714548396,114.2924810079016,9.697091214616542,1.42158550299,2013m195,201,5,pass,candidate
WALLABY J132637-192904,NGC5044,NGC 5044 TR3,201.6581766763866,-19.48453332209215,111.67661071028884,9.008130837062211,1.04211033395,2015m195,201,5,pass,candidate
WALLABY J132732-142623,NGC5044,NGC 5044 TR3,201.8869440877339,-14.43987927326835,147.43063228016848,9.78589515585428,1.82873960531,2017m145,201,5,pass,candidate
WALLABY J132709-163509,NGC5044,NGC 5044 TR3,201.7899659485157,-16.58607750266128,119.98154240662859,9.191792589264224,1.8341928583,2017m165,201,5,pass,candidate
WALLABY J132746-161514,NGC5044,NGC 5044 TR3,201.9422180203214,-16.25395675024872,99.99740804515454,9.301010272491151,3.28744609436,2019m162,201,5,pass,candidate
WALLABY J132938-154327,NGC5044,NGC 5044 TR3,202.4108823405583,-15.72434138101208,209.25073418675296,10.104132790623753,2.16640022464,2024m157,202,5,pass,candidate
WALLABY J133247-222656,NGC5044,NGC 5044 TR3,203.197040098721,-22.44900728223053,101.19730972702587,9.667092813550155,1.25415017858,2031m225,203,5,pass,candidate
WALLABY J133402-144915,NGC5044,NGC 5044 TR3,203.5099229470626,-14.82102660544575,294.68464009089985,10.311945732973602,1.46167095549,2036m147,203,5,pass,candidate
WALLABY J133452-175929,NGC5044,NGC 5044 TR3,203.7185168606598,-17.99159493138324,294.53532543864634,10.053959954109928,1.11918967964,2037m180,203,5,pass,candidate
WALLABY J133437-211108,NGC5044,NGC 5044 TR3,203.6566856150425,-21.18578619862959,223.64294658100889,9.763286332954936,1.28366550583,2037m212,203,5,pass,candidate
WALLABY J133801-225524,NGC5044,NGC 5044 TR3,204.5061192555524,-22.92373544526665,99.5520049609908,9.978353592173994,2.85476688229,2045m230,204,5,pass,candidate
WALLABY J130415-102023,NGC5044,NGC 5044 TR3,196.0625609865608,-10.33984214631051,44.400693453694934,10.267410991282361,7.39081502996,1961m102,196,6,pass,candidate
WALLABY J130534-154506,NGC5044,NGC 5044 TR3,196.3927152519412,-15.75171556056694,41.50747952690279,9.354371757076756,1.89655309927,1964m157,196,6,pass,candidate
WALLABY J130602-155021,NGC5044,NGC 5044 TR3,196.509868627366,-15.83932260839759,96.20005399392727,9.264359095104787,1.26256200997,1964m157,196,6,pass,candidate
WALLABY J130645-164412,NGC5044,NGC 5044 TR3,196.6913706571744,-16.73689441230137,267.6746155881592,9.991238341982154,1.17594972372,1965m167,196,6,pass,candidate
WALLABY J130922-201247,NGC5044,NGC 5044 TR3,197.3419136857588,-20.21330464493339,239.93441876387516,10.290252370951137,1.42953493169,1974m202,197,6,pass,candidate
WALLABY J131655-163531,NGC5044,NGC 5044 TR3,199.2325057410368,-16.59194021248359,30.272283825580054,8.582568847003243,1.70414752956,1991m165,199,6,pass,candidate
WALLABY J131738-201111,NGC5044,NGC 5044 TR3,199.4114637739498,-20.18659310267962,299.7796064756604,10.500804999231969,1.41870704184,1995m202,199,6,pass,candidate
WALLABY J132119-130231,NGC5044,NGC 5044 TR3,200.3315871791042,-13.0419805039468,18.73168160587699,8.576999860701001,1.76742836709,2003m130,200,6,pass,candidate
WALLABY J132558-233802,NGC5044,NGC 5044 TR3,201.4998980734568,-23.63170509166678,194.18021850188794,10.115937059571667,1.65200421165,2014m237,201,6,pass,candidate
WALLABY J132634-222458,NGC5044,NGC 5044 TR3,201.6446580382134,-22.41634424683108,103.05675255064996,9.352021372109627,1.14484387006,2017m225,201,6,pass,candidate
WALLABY J132821-193108,NGC5044,NGC 5044 TR3,202.0902290721848,-19.51903737473445,105.16699154625572,9.589583737619437,1.45149817718,2021m195,202,6,pass,candidate
WALLABY J133304-241753,NGC5044,NGC 5044 TR3,203.2697258999285,-24.29812222155546,268.62216035131047,9.887418035296756,1.20628175242,2033m242,203,6,pass,candidate
WALLABY J133424-141834,NGC5044,NGC 5044 TR3,203.6013149745849,-14.30964281314393,94.92103271232027,9.134740524769434,1.33572922326,2035m142,203,6,pass,candidate
WALLABY J133718-194336,NGC5044,NGC 5044 TR3,204.3273428899168,-19.72696518943379,185.650088569165,9.968979514652432,1.28367326116,2042m197,204,6,pass,candidate
WALLABY J133736-185135,NGC5044,NGC 5044 TR3,204.4030317532213,-18.85976605195324,110.52601765407458,9.20928842101946,1.13821630348,2043m187,204,6,pass,candidate
WALLABY J133900-160039,NGC5044,NGC 5044 TR3,204.7514847941214,-16.0109758906131,30.611549748665247,7.972267568267406,1.30636380885,2048m160,204,6,pass,candidate
WALLABY J133951-233716,NGC5044,NGC 5044 TR3,204.9662212800156,-23.62100506255063,169.85718274759947,9.753587134500185,0.940813049611,2049m235,204,6,pass,candidate
WALLABY J134018-211518,NGC5044,NGC 5044 TR3,205.0754551252988,-21.25532320266421,181.21220770147852,9.94557581705498,1.3417790107,2050m212,205,6,pass,candidate
WALLABY J134123-164916,NGC5044,NGC 5044 TR3,205.3482637616825,-16.82110427231695,368.4261153525661,10.252135551026509,1.4633387681,2054m167,205,6,pass,candidate
WALLABY J130449-171802,NGC5044,NGC 5044 TR3,196.207385163593,-17.300594008451,156.23879360755004,9.93967679155904,2.01376164587,1963m172,196,7,pass,candidate
WALLABY J130503-171522,NGC5044,NGC 5044 TR3,196.2643974600362,-17.25611744036375,10.35029095730446,7.652538802827776,1.594472267,1963m172,196,7,pass,candidate
WALLABY J130516-171618,NGC5044,NGC 5044 TR3,196.3207488310438,-17.27185106120759,195.6538453052183,9.6787233656806,1.18762310779,1963m172,196,7,pass,candidate
WALLABY J131210-131509,NGC5044,NGC 5044 TR3,198.0457639914533,-13.2527388159035,206.85123672615237,10.15044065108042,1.52059821592,1980m132,198,7,pass,candidate
WALLABY J131618-204147,NGC5044,NGC 5044 TR3,199.0767147035013,-20.69660704301662,41.393100769718984,9.179118532905802,1.98329730738,1990m207,199,7,pass,candidate
WALLABY J131744-185121,NGC5044,NGC 5044 TR3,199.4348368796828,-18.85596928772706,103.62492348957802,9.309909513119052,1.17651859259,1993m187,199,7,pass,candidate
WALLABY J131745-185133,NGC5044,NGC 5044 TR3,199.4412552968485,-18.85924856181272,103.42899583910906,9.484039933938453,2.85012837052,1993m187,199,7,pass,candidate
WALLABY J131843-172044,NGC5044,NGC 5044 TR3,199.6810571374335,-17.34566047449268,234.39379304421658,10.00053351928599,1.40355546525,1997m172,199,7,pass,candidate
WALLABY J132014-141744,NGC5044,NGC 5044 TR3,200.0590420094937,-14.29573489621601,99.025224377909,9.787342832351891,1.91433405426,1999m142,199,7,pass,candidate
WALLABY J132314-165544,NGC5044,NGC 5044 TR3,200.8114587199044,-16.92909518220915,97.63165567865768,9.456361617023047,1.94828392255,2007m170,200,7,pass,candidate
WALLABY J132621-155739,NGC5044,NGC 5044 TR3,201.5888589598058,-15.96106904795916,295.54512873071303,9.813912623541512,1.15316470222,2016m160,201,7,pass,candidate
WALLABY J132948-180438,NGC5044,NGC 5044 TR3,202.4532446255795,-18.07731361455164,19.18947735668251,7.8263508659089585,1.7294777479,2024m180,202,7,pass,candidate
WALLABY J133314-160715,NGC5044,NGC 5044 TR3,203.3085043975418,-16.12108730840259,87.8021034421503,10.274757579616274,3.99132272543,2032m160,203,7,pass,candidate
WALLABY J133319-183129,NGC5044,NGC 5044 TR3,203.3322149845796,-18.52477938445923,352.26910676278743,10.116015478196044,0.943324819604,2032m185,203,7,pass,candidate
WALLABY J133545-231543,NGC5044,NGC 5044 TR3,203.9414849903706,-23.26204981414257,75.14984291956267,9.43069311280568,1.60202670393,2040m232,204,7,pass,candidate
WALLABY J133737-234516,NGC5044,NGC 5044 TR3,204.4063976879202,-23.75480607985792,132.47993775873863,9.56261109080374,1.32237493723,2044m237,204,7,pass,candidate
WALLABY J134030-172613,NGC5044,NGC 5044 TR3,205.1273308022336,-17.43697772267664,259.05270138000884,10.275722590001333,1.54092358581,2052m175,205,7,pass,candidate
WALLABY J125757-130339,NGC5044,NGC 5044 TR3,194.4887689633614,-13.06086978532367,71.7414541984267,10.049119819638019,3.78941302735,1944m130,194,8,pass,candidate
WALLABY J125942-164952,NGC5044,NGC 5044 TR3,194.9284674948142,-16.83132796389312,19.49936591691593,7.611029425722946,1.02862349263,1950m167,195,8,pass,candidate
WALLABY J130148-114530,NGC5044,NGC 5044 TR3,195.4534648419815,-11.75856299082241,84.78191649482166,9.932877513266307,2.21392602928,1954m117,195,8,pass,candidate
WALLABY J130213-171416,NGC5044,NGC 5044 TR3,195.5578293379022,-17.23782374438331,10.30454894016438,8.049348894670542,2.52401689623,1955m172,195,8,pass,candidate
WALLABY J130445-190601,NGC5044,NGC 5044 TR3,196.1881121852649,-19.10027273997742,191.4057211691984,9.663158601171663,0.952770133423,1962m190,196,8,pass,candidate
WALLABY J130730-164622,NGC5044,NGC 5044 TR3,196.8790392023593,-16.77303402058861,196.6958291547934,9.76480934580498,1.03679032188,1968m167,196,8,pass,candidate
WALLABY J130753-205916,NGC5044,NGC 5044 TR3,196.9726424322203,-20.98793717684868,178.331542071359,10.323285297315248,1.78551144138,1969m210,196,8,pass,candidate
WALLABY J130815-210002,NGC5044,NGC 5044 TR3,197.0634083200353,-21.00073247125524,23.527355600534023,8.737310376951768,2.70699969432,1969m210,196,8,pass,candidate
WALLABY J130954-104332,NGC5044,NGC 5044 TR3,197.4782410943885,-10.7258072620533,86.35487654639992,9.751279235777583,2.05682397983,1974m107,197,8,pass,candidate
WALLABY J131021-214424,NGC5044,NGC 5044 TR3,197.5879636585477,-21.7401481911884,99.83683857744447,9.646675398213866,1.33909953869,1975m217,197,8,pass,candidate
WALLABY J131157-120351,NGC5044,NGC 5044 TR3,197.9910817158778,-12.06427242760317,30.22886138822061,9.23466193815063,2.4582218179,1980m120,198,8,pass,candidate
WALLABY J131244-155218,NGC5044,NGC 5044 TR3,198.1869315196725,-15.87190942938233,42.57851027654347,8.947030157930554,2.61302196843,1982m157,198,8,pass,candidate
WALLABY J131410-132513,NGC5044,NGC 5044 TR3,198.542828251958,-13.42054023131539,209.64681500078086,9.809444562322781,1.45333758233,1986m135,198,8,pass,candidate
WALLABY J131713-130921,NGC5044,NGC 5044 TR3,199.3049043117126,-13.15582872517125,98.64080261911565,9.821165907551782,1.56196233948,1993m132,199,8,pass,candidate
WALLABY J131835-211758,NGC5044,NGC 5044 TR3,199.6465884855385,-21.29967019922753,27.944788914029708,8.86525020395848,2.45266570569,1996m212,199,8,pass,candidate
WALLABY J131847-210939,NGC5044,NGC 5044 TR3,199.6990188406545,-21.16082906086593,285.70000887253786,10.454289711129228,1.08480451646,1996m212,199,8,pass,candidate
WALLABY J132004-165233,NGC5044,NGC 5044 TR3,200.0204514722881,-16.8760713287385,78.96013485941755,9.777805528138702,2.57857462597,1999m170,199,8,pass,candidate
WALLABY J132037-142743,NGC5044,NGC 5044 TR3,200.1568186152438,-14.46202157734555,154.0657092841158,9.756049678310589,1.19707765544,2002m145,200,8,pass,candidate
WALLABY J132205-130816,NGC5044,NGC 5044 TR3,200.5249208281183,-13.13776513549086,74.19639121224773,9.236407569689913,1.2112327061,2006m132,200,8,pass,candidate
WALLABY J132211-160558,NGC5044,NGC 5044 TR3,200.5496693012093,-16.09952177562725,108.07273012320562,9.489987219120222,2.21513411551,2006m160,200,8,pass,candidate
WALLABY J132313-152804,NGC5044,NGC 5044 TR3,200.8053760830163,-15.46798025173516,95.3628461220084,9.334022135986105,1.44474278148,2008m155,200,8,pass,candidate
WALLABY J132919-162832,NGC5044,NGC 5044 TR3,202.3293518516909,-16.47570244277138,84.30558720879716,9.112646984999705,1.32473295132,2022m165,202,8,pass,candidate
WALLABY J133043-234430,NGC5044,NGC 5044 TR3,202.681974293522,-23.74171765294105,108.79026729300334,9.35331439485054,1.31829905457,2027m237,202,8,pass,candidate
WALLABY J133152-235603,NGC5044,NGC 5044 TR3,202.9681230098364,-23.93424030321746,106.67277857277726,9.211880857127008,1.3400772806,2030m240,203,8,pass,candidate
WALLABY J133439-154115,NGC5044,NGC 5044 TR3,203.663965627673,-15.68754959648735,217.90957833426847,9.798958799170565,1.47622119732,2037m157,203,8,pass,candidate
WALLABY J133819-203750,NGC5044,NGC 5044 TR3,204.5816357981822,-20.63120524566293,227.33246832274153,10.028530088654414,1.32188598003,2047m207,204,8,pass,candidate
WALLABY J133902-204211,NGC5044,NGC 5044 TR3,204.7613222046876,-20.7030470420111,326.78967493024584,10.080906366397615,1.26254992482,2047m207,204,8,pass,candidate
WALLABY J134115-145751,NGC5044,NGC 5044 TR3,205.3157526128213,-14.9643304083977,233.8385755943171,10.093365552966878,1.56291882116,2052m150,205,8,pass,candidate
WALLABY J130043-154253,NGC5044,NGC 5044 TR3,195.1823353636783,-15.7149500773964,19.76404479063971,8.578225188988437,2.69598521029,1951m157,195,9,pass,candidate
WALLABY J130057-172247,NGC5044,NGC 5044 TR3,195.2389016557584,-17.37990455316413,69.86872164106647,9.337507722987638,1.5193699916,1953m175,195,9,pass,candidate
WALLABY J130737-151812,NGC5044,NGC 5044 TR3,196.9066253836829,-15.30342252446824,169.09937188262057,10.081687986248095,1.52998596374,1969m152,196,9,pass,candidate
WALLABY J130821-185647,NGC5044,NGC 5044 TR3,197.0900918634908,-18.94647539830084,195.36924787373988,9.883057890173422,2.47742806256,1970m190,197,9,pass,candidate
WALLABY J131032-172527,NGC5044,NGC 5044 TR3,197.6354207863164,-17.42416454384981,189.30797175356736,9.933271433793536,1.66478776661,1976m175,197,9,pass,candidate
WALLABY J131727-161741,NGC5044,NGC 5044 TR3,199.3650872775431,-16.29474117027479,91.11777171057972,9.54019404408685,1.26566322831,1993m162,199,9,pass,candidate
WALLABY J131734-161058,NGC5044,NGC 5044 TR3,199.3920098936671,-16.18286981582153,198.64579240265286,9.890680651732012,1.18920874179,1993m162,199,9,pass,candidate
WALLABY J131743-181822,NGC5044,NGC 5044 TR3,199.4294314940345,-18.30626544369093,70.17688669515594,8.745838509086898,1.34421928059,1993m182,199,9,pass,candidate
WALLABY J131739-164913,NGC5044,NGC 5044 TR3,199.4149389320205,-16.82034320469304,102.37163796844958,9.419744545292286,1.38098623774,1994m167,199,9,pass,candidate
WALLABY J132017-144841,NGC5044,NGC 5044 TR3,200.0726600586841,-14.81156518387092,41.53834323256658,9.148331486973866,2.58714295871,2000m147,200,9,pass,candidate
WALLABY J132009-174141,NGC5044,NGC 5044 TR3,200.0383083530957,-17.69478504670975,104.3400644303452,9.363243719429907,1.16387686462,2000m177,200,9,pass,candidate
WALLABY J132036-173846,NGC5044,NGC 5044 TR3,200.1515612727701,-17.64635854832564,70.18006128506413,8.992241522883713,1.81451430128,2000m177,200,9,pass,candidate
WALLABY J132059-122814,NGC5044,NGC 5044 TR3,200.249215155124,-12.47070385026127,34.274448975918624,9.376135828225292,3.29189478147,2003m125,200,9,pass,candidate
WALLABY J132124-160619,NGC5044,NGC 5044 TR3,200.3537142254434,-16.10549034618702,73.23422299451424,8.835554915256468,1.04139096234,2003m160,200,9,pass,candidate
WALLABY J132805-150633,NGC5044,NGC 5044 TR3,202.0240712454206,-15.10926460713658,337.71561893812714,10.08185146291099,0.937350392672,2021m150,202,9,pass,candidate
WALLABY J132947-170153,NGC5044,NGC 5044 TR3,202.4461835419404,-17.03159507210092,226.4046219788429,9.97198797983431,1.81156974904,2023m170,202,9,pass,candidate
WALLABY J133048-251954,NGC5044,NGC 5044 TR3,202.7042342809551,-25.33179803419538,113.6103394781881,9.853086628028015,1.5287209522,2027m252,202,9,pass,candidate
WALLABY J133115-250859,NGC5044,NGC 5044 TR3,202.8139286361248,-25.14960684470872,113.85772575178652,10.199405541756581,2.64688866066,2027m252,202,9,pass,candidate
WALLABY J133108-202916,NGC5044,NGC 5044 TR3,202.7855610984893,-20.48795680547344,96.43753703168974,9.809280329205643,3.31791397304,2028m205,202,9,pass,candidate
WALLABY J133210-252901,NGC5044,NGC 5044 TR3,203.0453148447343,-25.48367411039664,145.56040968466337,10.137287803079479,1.54739452581,2030m255,203,9,pass,candidate
WALLABY J133245-241711,NGC5044,NGC 5044 TR3,203.1889062331366,-24.28657750667531,199.66106947574943,10.193908234176206,1.31930719672,2031m242,203,9,pass,candidate
WALLABY J133253-241226,NGC5044,NGC 5044 TR3,203.2233017092307,-24.20729406619552,69.54263748620647,9.633093973991484,1.75847375242,2031m242,203,9,pass,candidate
WALLABY J133328-205305,NGC5044,NGC 5044 TR3,203.3682255020388,-20.88482012524489,128.1589359576503,9.610082731130992,1.69429354742,2034m210,203,9,pass,candidate
WALLABY J133458-235846,NGC5044,NGC 5044 TR3,203.7422914645235,-23.97952785560494,160.93174074276888,9.481749955488183,1.30010845431,2036m240,203,9,pass,candidate
WALLABY J133556-153510,NGC5044,NGC 5044 TR3,203.9868684779352,-15.58611269711359,333.6576250752948,9.801777836459248,1.20005457053,2039m155,203,9,pass,candidate
WALLABY J133717-200343,NGC5044,NGC 5044 TR3,204.3212138984355,-20.06199852973848,198.95432440643103,9.6702185785805,1.25130741928,2042m200,204,9,pass,candidate
WALLABY J133720-200032,NGC5044,NGC 5044 TR3,204.334689182288,-20.0090045971241,198.94439345340913,9.701630149344952,1.53903331597,2042m200,204,9,pass,candidate
WALLABY J133739-213902,NGC5044,NGC 5044 TR3,204.4159498450209,-21.65061998269065,180.07940577656683,9.730404560930399,1.29918172428,2043m217,204,9,pass,candidate
WALLABY J133942-250143,NGC5044,NGC 5044 TR3,204.9262021451449,-25.02812018310723,185.30000078901222,10.104410143567522,1.65396536176,2049m250,204,9,pass,candidate
WALLABY J094234-470424,Vela,Vela TR1,145.645289432793,-47.07356393035629,241.9588344371806,10.246375591961957,1.29167409537,,,,pass,no_dr10_field_coverage
WALLABY J094254-463705,Vela,Vela TR1,145.7260825954704,-46.61808045228427,166.37247631151877,9.962743580687794,1.55905388023,,,,pass,no_dr10_field_coverage
WALLABY J094325-453019,Vela,Vela TR1,145.8582894444432,-45.50538451248961,172.52985621364712,9.994976721545317,1.67114023796,,,,pass,no_dr10_field_coverage
WALLABY J094402-445751,Vela,Vela TR1,146.0086997669729,-44.96420339568142,244.53079064341557,10.22474572620654,1.70642785866,,,,pass,no_dr10_field_coverage
WALLABY J094444-481857,Vela,Vela TR1,146.1833661551046,-48.31597963721633,292.54199322961193,10.372197163219159,1.59020907488,,,,pass,no_dr10_field_coverage
WALLABY J094449-463217,Vela,Vela TR1,146.2061289146907,-46.53809458593947,162.82663639122666,10.143046749327326,1.71162831325,,,,pass,no_dr10_field_coverage
WALLABY J094524-480828,Vela,Vela TR1,146.3525983751377,-48.1411600342557,12.618986431650834,8.521672836713119,3.42371913378,,,,pass,no_dr10_field_coverage
WALLABY J094530-470014,Vela,Vela TR1,146.3764538480128,-47.00397154744917,244.2580488737564,10.045296876547553,0.897737472808,,,,pass,no_dr10_field_coverage
WALLABY J094613-471709,Vela,Vela TR1,146.5569056761999,-47.2859867811384,201.23297577763753,9.881172037686593,1.02348936834,,,,pass,no_dr10_field_coverage
WALLABY J094723-431306,Vela,Vela TR1,146.8494367453696,-43.21851203175993,75.85626180332335,9.19062421342049,1.36896954749,,,,pass,no_dr10_field_coverage
WALLABY J094808-473113,Vela,Vela TR1,147.037466277839,-47.52034933008797,276.5552978894623,9.955711385864733,1.1643907967,,,,pass,no_dr10_field_coverage
WALLABY J094819-442224,Vela,Vela TR1,147.0812049051537,-44.37339081016088,258.9575360463258,10.10467415293024,1.07653149359,,,,pass,no_dr10_field_coverage
WALLABY J094828-472216,Vela,Vela TR1,147.1184038344637,-47.37132820417796,244.0430062611554,10.22216210206271,1.11947518622,,,,pass,no_dr10_field_coverage
WALLABY J094840-452959,Vela,Vela TR1,147.1672705781327,-45.49979709712386,192.1300904614795,10.371927787141377,2.14499571703,,,,pass,no_dr10_field_coverage
WALLABY J094854-462741,Vela,Vela TR1,147.2250438582097,-46.46153535547793,246.00909715126068,10.188480634409677,1.20755793413,,,,pass,no_dr10_field_coverage
WALLABY J094855-435404,Vela,Vela TR1,147.2309957193618,-43.90133377934267,277.9745578131565,10.223548326348908,1.17335127628,,,,pass,no_dr10_field_coverage
WALLABY J094855-474548,Vela,Vela TR1,147.2332840780384,-47.76334152028348,200.60129399002065,9.726631026769883,1.07580706289,,,,pass,no_dr10_field_coverage
WALLABY J094926-435730,Vela,Vela TR1,147.3619471291863,-43.95849299194068,277.77939868630693,10.402274668644676,2.04700333594,,,,pass,no_dr10_field_coverage
WALLABY J094930-475941,Vela,Vela TR1,147.3770442561318,-47.99494069856052,244.2937608781619,9.868930780139197,1.22260542074,,,,pass,no_dr10_field_coverage
WALLABY J094940-454322,Vela,Vela TR1,147.4198354328571,-45.72292326706182,233.54364390099389,10.471721105038917,1.56316318659,,,,pass,no_dr10_field_coverage
WALLABY J094944-471059,Vela,Vela TR1,147.4335267815356,-47.1830618949566,76.68423339551839,10.021863604182158,3.0390754403,,,,pass,no_dr10_field_coverage
WALLABY J094954-485521,Vela,Vela TR1,147.4780061470003,-48.92255910239989,24.595789803923285,8.525198848363088,3.51048342494,,,,pass,no_dr10_field_coverage
WALLABY J094959-481705,Vela,Vela TR1,147.4963252870312,-48.2849071270005,74.3145734553682,9.426312546550786,1.30797828424,,,,pass,no_dr10_field_coverage
WALLABY J095019-441017,Vela,Vela TR1,147.5824773999348,-44.17142082231437,276.8681971615815,9.966632016791182,1.4324886997,,,,pass,no_dr10_field_coverage
WALLABY J095019-452605,Vela,Vela TR1,147.5795913974806,-45.43482340449476,173.39496432802747,9.814057195735458,1.3090980083,,,,pass,no_dr10_field_coverage
WALLABY J095126-452831,Vela,Vela TR1,147.8585151340134,-45.47532310448405,173.1042936742638,10.046240908774758,1.34029078592,,,,pass,no_dr10_field_coverage
WALLABY J095131-440121,Vela,Vela TR1,147.8805032684681,-44.02255440292009,186.8902789270424,10.135754518644656,1.74055897307,,,,pass,no_dr10_field_coverage
WALLABY J095205-443809,Vela,Vela TR1,148.0234811954695,-44.63590951789838,257.9389560381958,10.07193001891723,1.50582729892,,,,pass,no_dr10_field_coverage
WALLABY J095211-464251,Vela,Vela TR1,148.0486005641718,-46.71440334988169,194.40471162059063,10.38896157277521,1.93075812774,,,,pass,no_dr10_field_coverage
WALLABY J095239-470647,Vela,Vela TR1,148.1666110994539,-47.11310020150388,25.98612991518004,8.528318832813902,1.78618234617,,,,pass,no_dr10_field_coverage
WALLABY J095244-474722,Vela,Vela TR1,148.1833909815024,-47.78953135441223,76.93797670379827,9.25593482969277,1.21467681526,,,,pass,no_dr10_field_coverage
WALLABY J095347-455759,Vela,Vela TR1,148.4479200419347,-45.96660869553719,101.2896314655033,9.987907832405927,1.86386798012,,,,pass,no_dr10_field_coverage
WALLABY J095354-433845,Vela,Vela TR1,148.4774674308413,-43.64591854476444,110.68523582420015,9.956042733809117,1.51379810545,,,,pass,no_dr10_field_coverage
WALLABY J095448-462159,Vela,Vela TR1,148.700768313564,-46.36653898173842,101.0303528712959,9.371678766122093,1.03275214253,,,,pass,no_dr10_field_coverage
WALLABY J095454-472801,Vela,Vela TR1,148.7282592152625,-47.46706090821601,273.3185253774778,10.161481956295793,1.31539357859,,,,pass,no_dr10_field_coverage
WALLABY J095503-483432,Vela,Vela TR1,148.7632586885955,-48.5756343847744,244.5101940142764,10.287974151877362,1.29463951742,,,,pass,no_dr10_field_coverage
WALLABY J095558-472929,Vela,Vela TR1,148.9947684475066,-47.49156502592491,273.46873619799976,9.966945953720906,1.04458024417,,,,pass,no_dr10_field_coverage
WALLABY J095648-450253,Vela,Vela TR1,149.2021867151426,-45.04816771137753,274.0510241493287,9.979645943243135,0.909216258616,,,,pass,no_dr10_field_coverage
WALLABY J095710-485624,Vela,Vela TR1,149.2946729781148,-48.94016897211922,53.235110071761035,9.77399712590062,3.66930928055,,,,pass,no_dr10_field_coverage
WALLABY J095719-465024,Vela,Vela TR1,149.3294057466773,-46.84003820327256,185.7684841158162,9.991038194118389,1.41296305215,,,,pass,no_dr10_field_coverage
WALLABY J095802-444730,Vela,Vela TR1,149.5106035225426,-44.79172681385906,339.6142701688206,10.110932541018125,0.982962705694,,,,pass,no_dr10_field_coverage
WALLABY J095809-472057,Vela,Vela TR1,149.540309424494,-47.34937048719868,52.00967607519994,9.343473947479872,1.96228601534,,,,pass,no_dr10_field_coverage
WALLABY J095824-433328,Vela,Vela TR1,149.6001746272064,-43.55785582233826,260.5578846293075,10.003869587271131,1.10548752243,,,,pass,no_dr10_field_coverage
WALLABY J095836-470454,Vela,Vela TR1,149.6535068896348,-47.08191210614665,51.82495646416709,9.14737105885136,1.96831084545,,,,pass,no_dr10_field_coverage
WALLABY J095955-464721,Vela,Vela TR1,149.9822014740147,-46.78924050337198,183.56183764960593,9.707403086626629,1.2306360649,,,,pass,no_dr10_field_coverage
WALLABY J100036-465940,Vela,Vela TR1,150.1527269322858,-46.99455281779643,52.74551129294465,9.343376462735327,2.21985264909,,,,pass,no_dr10_field_coverage
WALLABY J100102-481259,Vela,Vela TR1,150.2618762910696,-48.21656753997796,181.02096230320217,9.954884110366526,1.66019404004,,,,pass,no_dr10_field_coverage
WALLABY J100123-434533,Vela,Vela TR1,150.3485208613377,-43.75939165205764,50.696977942887955,9.662213809556405,2.97497135562,,,,pass,no_dr10_field_coverage
WALLABY J100145-471627,Vela,Vela TR1,150.4386150610816,-47.2743896640544,79.35896181800395,9.136955277250392,1.57124160674,,,,pass,no_dr10_field_coverage
WALLABY J100212-445101,Vela,Vela TR1,150.551853589939,-44.8505241785813,49.04758762505001,8.562439824563924,1.95335838011,,,,pass,no_dr10_field_coverage
WALLABY J100307-453140,Vela,Vela TR1,150.7797434634091,-45.52789075759671,184.05391165185534,9.799944237496282,1.29520387269,,,,pass,no_dr10_field_coverage
WALLABY J100317-440128,Vela,Vela TR1,150.8234917521114,-44.02465843431757,49.791413769093744,8.677944553410471,0.914517489844,,,,pass,no_dr10_field_coverage
WALLABY J100319-443142,Vela,Vela TR1,150.8309823309149,-44.52832970636892,47.739539397563995,9.006379714094255,1.43598578634,,,,pass,no_dr10_field_coverage
WALLABY J100352-443211,Vela,Vela TR1,150.970172219439,-44.53648490642918,49.30696532439756,9.127132190576472,1.5555888213,,,,pass,no_dr10_field_coverage
WALLABY J100415-445304,Vela,Vela TR1,151.0656495164489,-44.88450590539931,336.3565382223931,10.226498179783464,1.33699744246,,,,pass,no_dr10_field_coverage
WALLABY J100421-442527,Vela,Vela TR1,151.0876816123107,-44.42442951657097,54.32744677285246,9.417372916129896,2.67396417704,,,,pass,no_dr10_field_coverage
WALLABY J100425-444951,Vela,Vela TR1,151.1065705574669,-44.8310633660558,340.2571000056415,10.496386849240787,1.50830159539,,,,pass,no_dr10_field_coverage
WALLABY J100426-455138,Vela,Vela TR1,151.1115088131064,-45.86070693093258,258.6253153780589,10.305079143283464,1.48427551609,,,,pass,no_dr10_field_coverage
WALLABY J100444-443016,Vela,Vela TR1,151.1858370173332,-44.50465047354498,336.54859895931787,9.798762271484222,1.16251914696,,,,pass,no_dr10_field_coverage
WALLABY J100451-435701,Vela,Vela TR1,151.2126281553552,-43.95051319431841,258.18008470413525,10.139402441471825,1.18896810871,,,,pass,no_dr10_field_coverage
WALLABY J100508-445144,Vela,Vela TR1,151.2874477362579,-44.86229630890521,54.54530618421196,8.885325532664327,1.35549500229,,,,pass,no_dr10_field_coverage
WALLABY J100509-444852,Vela,Vela TR1,151.2913825261832,-44.81457386520116,54.72423998867314,9.426930570282527,1.89743581864,,,,pass,no_dr10_field_coverage
WALLABY J100535-465131,Vela,Vela TR1,151.3969788831425,-46.85884420958143,158.8564735138804,9.54451167449323,1.41613584748,,,,pass,no_dr10_field_coverage
WALLABY J100540-455426,Vela,Vela TR1,151.4175056659561,-45.9072684465154,254.65339936906472,10.016000151300545,1.23672546919,,,,pass,no_dr10_field_coverage
WALLABY J100542-442711,Vela,Vela TR1,151.4265554230806,-44.45321945362031,47.78642212962297,9.006338348527112,1.53868670381,,,,pass,no_dr10_field_coverage
WALLABY J100550-433754,Vela,Vela TR1,151.4584387414393,-43.63186516106186,51.059467341121156,9.075686730829785,1.50276379544,,,,pass,no_dr10_field_coverage
WALLABY J100552-450111,Vela,Vela TR1,151.4700259080632,-45.01976327266539,57.246471329447196,8.851221047857958,1.38968262273,,,,pass,no_dr10_field_coverage
WALLABY J100619-442643,Vela,Vela TR1,151.5811102632294,-44.44527938260619,266.84142191274225,10.304561971726374,2.4194281507,,,,pass,no_dr10_field_coverage
WALLABY J100629-462816,Vela,Vela TR1,151.6248212042405,-46.47111912634531,168.31505464352742,9.812683336272386,1.43913668845,,,,pass,no_dr10_field_coverage
WALLABY J100633-442552,Vela,Vela TR1,151.6413533482273,-44.43117209336817,240.27391130148192,9.6553768433009,1.02166557306,,,,pass,no_dr10_field_coverage
WALLABY J100645-474147,Vela,Vela TR1,151.6909691134493,-47.69657413263839,57.75438664935244,9.431349418290937,2.49135126252,,,,pass,no_dr10_field_coverage
WALLABY J100647-473156,Vela,Vela TR1,151.696545891082,-47.53226628795957,185.44221723464875,9.671204328670173,1.11297510641,,,,pass,no_dr10_field_coverage
WALLABY J100656-450242,Vela,Vela TR1,151.7347815011327,-45.04507462855512,55.740823279771824,9.968919568875581,2.66942851364,,,,pass,no_dr10_field_coverage
WALLABY J100733-460851,Vela,Vela TR1,151.8914568395624,-46.14756140713568,256.3538059497541,10.332303171951107,2.12106431542,,,,pass,no_dr10_field_coverage
WALLABY J100745-432954,Vela,Vela TR1,151.9403938875982,-43.49844999871028,45.47982677611362,9.287371008731359,1.98358698412,,,,pass,no_dr10_field_coverage
WALLABY J100748-430145,Vela,Vela TR1,151.9515847040315,-43.02939541636121,89.32148147283692,9.776523591978597,2.0410957609,,,,pass,no_dr10_field_coverage
WALLABY J100803-425316,Vela,Vela TR1,152.0129234197753,-42.88795566400505,142.56539767576314,9.558494814778921,1.1545378915,,,,pass,no_dr10_field_coverage
WALLABY J100817-475436,Vela,Vela TR1,152.0713023272671,-47.91020142900997,38.083993214169986,8.595850266353022,1.14124832507,,,,pass,no_dr10_field_coverage
WALLABY J100846-472728,Vela,Vela TR1,152.1940616883978,-47.45778067119444,231.9505318967846,10.200924580116588,1.27026588259,,,,pass,no_dr10_field_coverage
WALLABY J100855-444107,Vela,Vela TR1,152.2316720244014,-44.68527783653338,91.20750020262943,9.357084541753684,1.5683134623,,,,pass,no_dr10_field_coverage
WALLABY J100859-445345,Vela,Vela TR1,152.2484120213618,-44.89583845603952,149.93272768950246,9.44315616484328,1.6897860388,,,,pass,no_dr10_field_coverage
WALLABY J100913-430010,Vela,Vela TR1,152.3049233608324,-43.0029926474409,65.02883157834172,9.18251467056386,1.04179046727,,,,pass,no_dr10_field_coverage
WALLABY J100916-431959,Vela,Vela TR1,152.3183582804295,-43.33309955638129,65.69942184930298,10.098564019575427,4.02787205302,,,,pass,no_dr10_field_coverage
WALLABY J101036-433659,Vela,Vela TR1,152.6516257210581,-43.61654482481744,261.08295454122015,10.444212015755395,1.70449094572,,,,pass,no_dr10_field_coverage
WALLABY J101053-473338,Vela,Vela TR1,152.7246624856384,-47.5605656440212,91.05437943390699,9.263862529657562,1.48296899541,,,,pass,no_dr10_field_coverage
WALLABY J101059-450851,Vela,Vela TR1,152.7469634341318,-45.14753735862972,57.728445486330834,9.663144438947818,3.07299675852,,,,pass,no_dr10_field_coverage
WALLABY J101102-453912,Vela,Vela TR1,152.7592382824686,-45.65336609082453,260.4209086609066,10.089053926031836,1.46757386561,,,,pass,no_dr10_field_coverage
WALLABY J101115-432421,Vela,Vela TR1,152.8158267065103,-43.40585167946444,275.48010711543674,10.228454714685796,1.35679744584,,,,pass,no_dr10_field_coverage
WALLABY J101143-455557,Vela,Vela TR1,152.9297687934684,-45.932570433567,27.354822736588797,8.70086568547971,1.91945418237,,,,pass,no_dr10_field_coverage
WALLABY J101146-461636,Vela,Vela TR1,152.9448129064159,-46.27666279288285,264.54485466880845,9.973961133327869,1.11179868019,,,,pass,no_dr10_field_coverage
WALLABY J101214-430504,Vela,Vela TR1,153.0588595908845,-43.08451305061018,214.84571035888385,10.110344158540663,2.02145735912,,,,pass,no_dr10_field_coverage
WALLABY J101303-440332,Vela,Vela TR1,153.2626097098727,-44.05901730609428,89.4895604583289,9.652398925432237,1.84068835258,,,,pass,no_dr10_field_coverage
WALLABY J101329-444504,Vela,Vela TR1,153.3715676899386,-44.75116104166244,52.485429001507285,9.118689112601121,2.06874219946,,,,pass,no_dr10_field_coverage
WALLABY J101423-432437,Vela,Vela TR1,153.5984316720505,-43.41048827216974,41.753419769058894,8.762771906392816,1.55250691612,,,,pass,no_dr10_field_coverage
WALLABY J101442-445108,Vela,Vela TR1,153.6759889734361,-44.85238050340688,15.77405682565925,8.654172139160544,2.09201353529,,,,pass,no_dr10_field_coverage
WALLABY J101455-471852,Vela,Vela TR1,153.7316594152349,-47.31454144795975,158.02751716573388,9.537327355527845,1.15505811859,,,,pass,no_dr10_field_coverage
WALLABY J101628-455103,Vela,Vela TR1,154.1188859446588,-45.85088194573986,27.34227616561063,9.06347629831358,3.48555299717,,,,pass,no_dr10_field_coverage
WALLABY J101703-442447,Vela,Vela TR1,154.2644377764308,-44.41310831239891,70.80232953109171,9.156765673909577,1.22605497279,,,,pass,no_dr10_field_coverage
